2026-08-06 10:19:32 INFO     strategy        Discarding stale state from 2026-08-04 (state=COMPLETED) — starting fresh
2026-08-06 10:19:32 INFO     strategy        Strategy starting: SENSEX expiry=2026-08-06
2026-08-06 10:19:33 INFO     strategy        Position entered: ATM=78700 SELL CE=79400 SELL PE=78000 MTM=0.00 Margin=648328.09
2026-08-06 10:19:33 INFO     strategy        Monitoring started
2026-08-06 10:19:33 INFO     strategy        PnL: 10:19:33 MTM=0.00 Profit=0.00%
2026-08-06 10:19:34 INFO     strategy        PnL: 10:19:34 MTM=-25.00 Loss=0.00%
2026-08-06 10:19:35 INFO     strategy        PnL: 10:19:35 MTM=-70.00 Loss=0.01%
2026-08-06 10:19:36 INFO     strategy        PnL: 10:19:36 MTM=-91.00 Loss=0.01%
2026-08-06 10:19:37 INFO     strategy        PnL: 10:19:37 MTM=-58.00 Loss=0.01%
2026-08-06 10:19:38 INFO     strategy        PnL: 10:19:38 MTM=-34.00 Loss=0.01%
2026-08-06 10:19:39 INFO     strategy        PnL: 10:19:39 MTM=-17.00 Loss=0.00%
2026-08-06 10:19:40 INFO     strategy        PnL: 10:19:40 MTM=-38.00 Loss=0.01%
2026-08-06 10:19:41 INFO     strategy        PnL: 10:19:41 MTM=-91.00 Loss=0.01%
2026-08-06 10:19:42 INFO     strategy        PnL: 10:19:42 MTM=-63.00 Loss=0.01%
2026-08-06 10:19:43 INFO     strategy        PnL: 10:19:43 MTM=-108.00 Loss=0.02%
2026-08-06 10:19:44 INFO     strategy        PnL: 10:19:44 MTM=-103.00 Loss=0.02%
2026-08-06 10:19:45 INFO     strategy        PnL: 10:19:45 MTM=-73.00 Loss=0.01%
2026-08-06 10:19:46 INFO     strategy        PnL: 10:19:46 MTM=-106.00 Loss=0.02%
2026-08-06 10:19:47 INFO     strategy        PnL: 10:19:47 MTM=-54.00 Loss=0.01%
2026-08-06 10:19:48 INFO     strategy        PnL: 10:19:48 MTM=-108.00 Loss=0.02%
2026-08-06 10:19:49 INFO     strategy        PnL: 10:19:49 MTM=-32.00 Loss=0.00%
2026-08-06 10:19:50 INFO     strategy        PnL: 10:19:50 MTM=-14.00 Loss=0.00%
2026-08-06 10:19:51 INFO     strategy        PnL: 10:19:51 MTM=-144.00 Loss=0.02%
2026-08-06 10:19:52 INFO     strategy        PnL: 10:19:52 MTM=-154.00 Loss=0.02%
2026-08-06 10:19:53 INFO     strategy        PnL: 10:19:53 MTM=-124.00 Loss=0.02%
2026-08-06 10:19:54 INFO     strategy        PnL: 10:19:54 MTM=-81.00 Loss=0.01%
2026-08-06 10:19:55 INFO     strategy        PnL: 10:19:55 MTM=-111.00 Loss=0.02%
2026-08-06 10:19:56 INFO     strategy        PnL: 10:19:56 MTM=-131.00 Loss=0.02%
2026-08-06 10:19:57 INFO     strategy        PnL: 10:19:57 MTM=-160.00 Loss=0.02%
2026-08-06 10:19:58 INFO     strategy        PnL: 10:19:58 MTM=-244.00 Loss=0.04%
2026-08-06 10:19:59 INFO     strategy        PnL: 10:19:59 MTM=-97.00 Loss=0.01%
2026-08-06 10:20:00 INFO     strategy        PnL: 10:20:00 MTM=-67.00 Loss=0.01%
2026-08-06 10:20:01 INFO     strategy        PnL: 10:20:01 MTM=-69.00 Loss=0.01%
2026-08-06 10:20:02 INFO     strategy        PnL: 10:20:02 MTM=-44.00 Loss=0.01%
2026-08-06 10:20:03 INFO     strategy        PnL: 10:20:03 MTM=-63.00 Loss=0.01%
2026-08-06 10:20:04 INFO     strategy        PnL: 10:20:04 MTM=-65.00 Loss=0.01%
2026-08-06 10:20:05 INFO     strategy        PnL: 10:20:05 MTM=-94.00 Loss=0.01%
2026-08-06 10:20:06 INFO     strategy        PnL: 10:20:06 MTM=-101.00 Loss=0.02%
2026-08-06 10:20:07 INFO     strategy        PnL: 10:20:07 MTM=-109.00 Loss=0.02%
2026-08-06 10:20:08 INFO     strategy        PnL: 10:20:08 MTM=-67.00 Loss=0.01%
2026-08-06 10:20:09 INFO     strategy        PnL: 10:20:09 MTM=-59.00 Loss=0.01%
2026-08-06 10:20:10 INFO     strategy        PnL: 10:20:10 MTM=-79.00 Loss=0.01%
2026-08-06 10:20:11 INFO     strategy        PnL: 10:20:11 MTM=-83.00 Loss=0.01%
2026-08-06 10:20:12 INFO     strategy        PnL: 10:20:12 MTM=-80.00 Loss=0.01%
2026-08-06 10:20:13 INFO     strategy        PnL: 10:20:13 MTM=-79.00 Loss=0.01%
2026-08-06 10:20:14 INFO     strategy        PnL: 10:20:14 MTM=-113.00 Loss=0.02%
2026-08-06 10:20:16 INFO     strategy        PnL: 10:20:16 MTM=-110.00 Loss=0.02%
2026-08-06 10:20:17 INFO     strategy        PnL: 10:20:17 MTM=-89.00 Loss=0.01%
2026-08-06 10:20:18 INFO     strategy        PnL: 10:20:18 MTM=-150.00 Loss=0.02%
2026-08-06 10:20:19 INFO     strategy        PnL: 10:20:19 MTM=-82.00 Loss=0.01%
2026-08-06 10:20:20 INFO     strategy        PnL: 10:20:20 MTM=-174.00 Loss=0.03%
2026-08-06 10:20:21 INFO     strategy        PnL: 10:20:21 MTM=-147.00 Loss=0.02%
2026-08-06 10:20:22 INFO     strategy        PnL: 10:20:22 MTM=-104.00 Loss=0.02%
2026-08-06 10:20:23 INFO     strategy        PnL: 10:20:23 MTM=-120.00 Loss=0.02%
2026-08-06 10:20:24 INFO     strategy        PnL: 10:20:24 MTM=-82.00 Loss=0.01%
2026-08-06 10:20:25 INFO     strategy        PnL: 10:20:25 MTM=-82.00 Loss=0.01%
2026-08-06 10:20:26 INFO     strategy        PnL: 10:20:26 MTM=-84.00 Loss=0.01%
2026-08-06 10:20:27 INFO     strategy        PnL: 10:20:27 MTM=-52.00 Loss=0.01%
2026-08-06 10:20:28 INFO     strategy        PnL: 10:20:28 MTM=-107.00 Loss=0.02%
2026-08-06 10:20:29 INFO     strategy        PnL: 10:20:29 MTM=-78.00 Loss=0.01%
2026-08-06 10:20:30 INFO     strategy        PnL: 10:20:30 MTM=-60.00 Loss=0.01%
2026-08-06 10:20:31 INFO     strategy        PnL: 10:20:31 MTM=-76.00 Loss=0.01%
2026-08-06 10:20:32 INFO     strategy        PnL: 10:20:32 MTM=-47.00 Loss=0.01%
2026-08-06 10:20:33 INFO     strategy        PnL: 10:20:33 MTM=-60.00 Loss=0.01%
2026-08-06 10:20:34 INFO     strategy        PnL: 10:20:34 MTM=-39.00 Loss=0.01%
2026-08-06 10:20:35 INFO     strategy        PnL: 10:20:35 MTM=-95.00 Loss=0.01%
2026-08-06 10:20:36 INFO     strategy        PnL: 10:20:36 MTM=-82.00 Loss=0.01%
2026-08-06 10:20:37 INFO     strategy        PnL: 10:20:37 MTM=-68.00 Loss=0.01%
2026-08-06 10:20:38 INFO     strategy        PnL: 10:20:38 MTM=-113.00 Loss=0.02%
2026-08-06 10:20:39 INFO     strategy        PnL: 10:20:39 MTM=-92.00 Loss=0.01%
2026-08-06 10:20:40 INFO     strategy        PnL: 10:20:40 MTM=-75.00 Loss=0.01%
2026-08-06 10:20:41 INFO     strategy        PnL: 10:20:41 MTM=-73.00 Loss=0.01%
2026-08-06 10:20:42 INFO     strategy        PnL: 10:20:42 MTM=-106.00 Loss=0.02%
2026-08-06 10:20:43 INFO     strategy        PnL: 10:20:43 MTM=-99.00 Loss=0.02%
2026-08-06 10:20:44 INFO     strategy        PnL: 10:20:44 MTM=-102.00 Loss=0.02%
2026-08-06 10:20:45 INFO     strategy        PnL: 10:20:45 MTM=-15.00 Loss=0.00%
2026-08-06 10:20:46 INFO     strategy        PnL: 10:20:46 MTM=-16.00 Loss=0.00%
2026-08-06 10:20:47 INFO     strategy        PnL: 10:20:47 MTM=-93.00 Loss=0.01%
2026-08-06 10:20:48 INFO     strategy        PnL: 10:20:48 MTM=-57.00 Loss=0.01%
2026-08-06 10:20:49 INFO     strategy        PnL: 10:20:49 MTM=-80.00 Loss=0.01%
2026-08-06 10:20:50 INFO     strategy        PnL: 10:20:50 MTM=-46.00 Loss=0.01%
2026-08-06 10:20:51 INFO     strategy        PnL: 10:20:51 MTM=-34.00 Loss=0.01%
2026-08-06 10:20:52 INFO     strategy        PnL: 10:20:52 MTM=6.00 Profit=0.00%
2026-08-06 10:20:53 INFO     strategy        PnL: 10:20:53 MTM=-55.00 Loss=0.01%
2026-08-06 10:20:54 INFO     strategy        PnL: 10:20:54 MTM=-79.00 Loss=0.01%
2026-08-06 10:20:55 INFO     strategy        PnL: 10:20:55 MTM=-110.00 Loss=0.02%
2026-08-06 10:20:56 INFO     strategy        PnL: 10:20:56 MTM=-73.00 Loss=0.01%
2026-08-06 10:20:57 INFO     strategy        PnL: 10:20:57 MTM=-156.00 Loss=0.02%
2026-08-06 10:20:58 INFO     strategy        PnL: 10:20:58 MTM=-96.00 Loss=0.01%
2026-08-06 10:20:59 INFO     strategy        PnL: 10:20:59 MTM=-61.00 Loss=0.01%
2026-08-06 10:21:00 INFO     strategy        PnL: 10:21:00 MTM=-80.00 Loss=0.01%
2026-08-06 10:21:01 INFO     strategy        PnL: 10:21:01 MTM=11.00 Profit=0.00%
2026-08-06 10:21:02 INFO     strategy        PnL: 10:21:02 MTM=-45.00 Loss=0.01%
2026-08-06 10:21:03 INFO     strategy        PnL: 10:21:03 MTM=-53.00 Loss=0.01%
2026-08-06 10:21:04 INFO     strategy        PnL: 10:21:04 MTM=-73.00 Loss=0.01%
2026-08-06 10:21:05 INFO     strategy        PnL: 10:21:05 MTM=-112.00 Loss=0.02%
2026-08-06 10:21:06 INFO     strategy        PnL: 10:21:06 MTM=-89.00 Loss=0.01%
2026-08-06 10:21:07 INFO     strategy        PnL: 10:21:07 MTM=-67.00 Loss=0.01%
2026-08-06 10:21:08 INFO     strategy        PnL: 10:21:08 MTM=-48.00 Loss=0.01%
2026-08-06 10:21:09 INFO     strategy        PnL: 10:21:09 MTM=-25.00 Loss=0.00%
2026-08-06 10:21:10 INFO     strategy        PnL: 10:21:10 MTM=-36.00 Loss=0.01%
2026-08-06 10:21:11 INFO     strategy        PnL: 10:21:11 MTM=-30.00 Loss=0.00%
2026-08-06 10:21:12 INFO     strategy        PnL: 10:21:12 MTM=-53.00 Loss=0.01%
2026-08-06 10:21:13 INFO     strategy        PnL: 10:21:13 MTM=-43.00 Loss=0.01%
2026-08-06 10:21:14 INFO     strategy        PnL: 10:21:14 MTM=-56.00 Loss=0.01%
2026-08-06 10:21:15 INFO     strategy        PnL: 10:21:15 MTM=-72.00 Loss=0.01%
2026-08-06 10:21:16 INFO     strategy        PnL: 10:21:16 MTM=-72.00 Loss=0.01%
2026-08-06 10:21:17 INFO     strategy        PnL: 10:21:17 MTM=-70.00 Loss=0.01%
2026-08-06 10:21:18 INFO     strategy        PnL: 10:21:18 MTM=-72.00 Loss=0.01%
2026-08-06 10:21:19 INFO     strategy        PnL: 10:21:19 MTM=-73.00 Loss=0.01%
2026-08-06 10:21:20 INFO     strategy        PnL: 10:21:20 MTM=-70.00 Loss=0.01%
2026-08-06 10:21:21 INFO     strategy        PnL: 10:21:21 MTM=-58.00 Loss=0.01%
2026-08-06 10:21:22 INFO     strategy        PnL: 10:21:22 MTM=-65.00 Loss=0.01%
2026-08-06 10:21:23 INFO     strategy        PnL: 10:21:23 MTM=-71.00 Loss=0.01%
2026-08-06 10:21:24 INFO     strategy        PnL: 10:21:24 MTM=-47.00 Loss=0.01%
2026-08-06 10:21:25 INFO     strategy        PnL: 10:21:25 MTM=-38.00 Loss=0.01%
2026-08-06 10:21:26 INFO     strategy        PnL: 10:21:26 MTM=7.00 Profit=0.00%
2026-08-06 10:21:27 INFO     strategy        PnL: 10:21:27 MTM=-38.00 Loss=0.01%
2026-08-06 10:21:28 INFO     strategy        PnL: 10:21:28 MTM=-34.00 Loss=0.01%
2026-08-06 10:21:29 INFO     strategy        PnL: 10:21:29 MTM=-54.00 Loss=0.01%
2026-08-06 10:21:30 INFO     strategy        PnL: 10:21:30 MTM=-44.00 Loss=0.01%
2026-08-06 10:21:31 INFO     strategy        PnL: 10:21:31 MTM=1.00 Profit=0.00%
2026-08-06 10:21:32 INFO     strategy        PnL: 10:21:32 MTM=-76.00 Loss=0.01%
2026-08-06 10:21:33 INFO     strategy        PnL: 10:21:33 MTM=-11.00 Loss=0.00%
2026-08-06 10:21:34 INFO     strategy        PnL: 10:21:34 MTM=-57.00 Loss=0.01%
2026-08-06 10:21:35 INFO     strategy        PnL: 10:21:35 MTM=-51.00 Loss=0.01%
2026-08-06 10:21:36 INFO     strategy        PnL: 10:21:36 MTM=-50.00 Loss=0.01%
2026-08-06 10:21:37 INFO     strategy        PnL: 10:21:37 MTM=-72.00 Loss=0.01%
2026-08-06 10:21:38 INFO     strategy        PnL: 10:21:38 MTM=-51.00 Loss=0.01%
2026-08-06 10:21:39 INFO     strategy        PnL: 10:21:39 MTM=-54.00 Loss=0.01%
2026-08-06 10:21:40 INFO     strategy        PnL: 10:21:40 MTM=-59.00 Loss=0.01%
2026-08-06 10:21:41 INFO     strategy        PnL: 10:21:41 MTM=-42.00 Loss=0.01%
2026-08-06 10:21:42 INFO     strategy        PnL: 10:21:42 MTM=-55.00 Loss=0.01%
2026-08-06 10:21:43 INFO     strategy        PnL: 10:21:43 MTM=-42.00 Loss=0.01%
2026-08-06 10:21:44 INFO     strategy        PnL: 10:21:44 MTM=-47.00 Loss=0.01%
2026-08-06 10:21:45 INFO     strategy        PnL: 10:21:45 MTM=-139.00 Loss=0.02%
2026-08-06 10:21:46 INFO     strategy        PnL: 10:21:46 MTM=-28.00 Loss=0.00%
2026-08-06 10:21:47 INFO     strategy        PnL: 10:21:47 MTM=-54.00 Loss=0.01%
2026-08-06 10:21:48 INFO     strategy        PnL: 10:21:48 MTM=-65.00 Loss=0.01%
2026-08-06 10:21:49 INFO     strategy        PnL: 10:21:49 MTM=24.00 Profit=0.00%
2026-08-06 10:21:50 INFO     strategy        PnL: 10:21:50 MTM=9.00 Profit=0.00%
2026-08-06 10:21:51 INFO     strategy        PnL: 10:21:51 MTM=2.00 Profit=0.00%
2026-08-06 10:21:52 INFO     strategy        PnL: 10:21:52 MTM=-5.00 Loss=0.00%
2026-08-06 10:21:53 INFO     strategy        PnL: 10:21:53 MTM=-50.00 Loss=0.01%
2026-08-06 10:21:54 INFO     strategy        PnL: 10:21:54 MTM=-51.00 Loss=0.01%
2026-08-06 10:21:55 INFO     strategy        PnL: 10:21:55 MTM=-51.00 Loss=0.01%
2026-08-06 10:21:56 INFO     strategy        PnL: 10:21:56 MTM=-52.00 Loss=0.01%
2026-08-06 10:21:57 INFO     strategy        PnL: 10:21:57 MTM=-97.00 Loss=0.01%
2026-08-06 10:21:59 INFO     strategy        PnL: 10:21:59 MTM=-53.00 Loss=0.01%
2026-08-06 10:22:00 INFO     strategy        PnL: 10:22:00 MTM=-108.00 Loss=0.02%
2026-08-06 10:22:01 INFO     strategy        PnL: 10:22:01 MTM=-34.00 Loss=0.01%
2026-08-06 10:22:02 INFO     strategy        PnL: 10:22:02 MTM=-64.00 Loss=0.01%
2026-08-06 10:22:03 INFO     strategy        PnL: 10:22:03 MTM=-90.00 Loss=0.01%
2026-08-06 10:22:04 INFO     strategy        PnL: 10:22:04 MTM=-58.00 Loss=0.01%
2026-08-06 10:22:05 INFO     strategy        PnL: 10:22:05 MTM=-52.00 Loss=0.01%
2026-08-06 10:22:06 INFO     strategy        PnL: 10:22:06 MTM=-23.00 Loss=0.00%
2026-08-06 10:22:07 INFO     strategy        PnL: 10:22:07 MTM=-65.00 Loss=0.01%
2026-08-06 10:22:08 INFO     strategy        PnL: 10:22:08 MTM=-34.00 Loss=0.01%
2026-08-06 10:22:09 INFO     strategy        PnL: 10:22:09 MTM=-35.00 Loss=0.01%
2026-08-06 10:22:10 INFO     strategy        PnL: 10:22:10 MTM=-66.00 Loss=0.01%
2026-08-06 10:22:11 INFO     strategy        PnL: 10:22:11 MTM=-78.00 Loss=0.01%
2026-08-06 10:22:12 INFO     strategy        PnL: 10:22:12 MTM=-43.00 Loss=0.01%
2026-08-06 10:22:13 INFO     strategy        PnL: 10:22:13 MTM=-53.00 Loss=0.01%
2026-08-06 10:22:14 INFO     strategy        PnL: 10:22:14 MTM=-56.00 Loss=0.01%
2026-08-06 10:22:15 INFO     strategy        PnL: 10:22:15 MTM=-100.00 Loss=0.02%
2026-08-06 10:22:16 INFO     strategy        PnL: 10:22:16 MTM=-83.00 Loss=0.01%
2026-08-06 10:22:17 INFO     strategy        PnL: 10:22:17 MTM=-40.00 Loss=0.01%
2026-08-06 10:22:18 INFO     strategy        PnL: 10:22:18 MTM=-29.00 Loss=0.00%
2026-08-06 10:22:19 INFO     strategy        PnL: 10:22:19 MTM=-69.00 Loss=0.01%
2026-08-06 10:22:20 INFO     strategy        PnL: 10:22:20 MTM=-90.00 Loss=0.01%
2026-08-06 10:22:21 INFO     strategy        PnL: 10:22:21 MTM=-52.00 Loss=0.01%
2026-08-06 10:22:22 INFO     strategy        PnL: 10:22:22 MTM=-54.00 Loss=0.01%
2026-08-06 10:22:23 INFO     strategy        PnL: 10:22:23 MTM=-63.00 Loss=0.01%
2026-08-06 10:22:24 INFO     strategy        PnL: 10:22:24 MTM=-74.00 Loss=0.01%
2026-08-06 10:22:25 INFO     strategy        PnL: 10:22:25 MTM=-39.00 Loss=0.01%
2026-08-06 10:22:26 INFO     strategy        PnL: 10:22:26 MTM=-58.00 Loss=0.01%
2026-08-06 10:22:27 INFO     strategy        PnL: 10:22:27 MTM=-59.00 Loss=0.01%
2026-08-06 10:22:28 INFO     strategy        PnL: 10:22:28 MTM=-52.00 Loss=0.01%
2026-08-06 10:22:29 INFO     strategy        PnL: 10:22:29 MTM=-18.00 Loss=0.00%
2026-08-06 10:22:30 INFO     strategy        PnL: 10:22:30 MTM=-36.00 Loss=0.01%
2026-08-06 10:22:31 INFO     strategy        PnL: 10:22:31 MTM=-37.00 Loss=0.01%
2026-08-06 10:22:32 INFO     strategy        PnL: 10:22:32 MTM=-47.00 Loss=0.01%
2026-08-06 10:22:33 INFO     strategy        PnL: 10:22:33 MTM=-43.00 Loss=0.01%
2026-08-06 10:22:34 INFO     strategy        PnL: 10:22:34 MTM=-8.00 Loss=0.00%
2026-08-06 10:22:35 INFO     strategy        PnL: 10:22:35 MTM=-24.00 Loss=0.00%
2026-08-06 10:22:36 INFO     strategy        PnL: 10:22:36 MTM=24.00 Profit=0.00%
2026-08-06 10:22:37 INFO     strategy        PnL: 10:22:37 MTM=7.00 Profit=0.00%
2026-08-06 10:22:38 INFO     strategy        PnL: 10:22:38 MTM=31.00 Profit=0.00%
2026-08-06 10:22:39 INFO     strategy        PnL: 10:22:39 MTM=44.00 Profit=0.01%
2026-08-06 10:22:40 INFO     strategy        PnL: 10:22:40 MTM=-3.00 Loss=0.00%
2026-08-06 10:22:41 INFO     strategy        PnL: 10:22:41 MTM=29.00 Profit=0.00%
2026-08-06 10:22:42 INFO     strategy        PnL: 10:22:42 MTM=-11.00 Loss=0.00%
2026-08-06 10:22:43 INFO     strategy        PnL: 10:22:43 MTM=11.00 Profit=0.00%
2026-08-06 10:22:44 INFO     strategy        PnL: 10:22:44 MTM=-16.00 Loss=0.00%
2026-08-06 10:22:45 INFO     strategy        PnL: 10:22:45 MTM=10.00 Profit=0.00%
2026-08-06 10:22:46 INFO     strategy        PnL: 10:22:46 MTM=17.00 Profit=0.00%
2026-08-06 10:22:47 INFO     strategy        PnL: 10:22:47 MTM=-5.00 Loss=0.00%
2026-08-06 10:22:48 INFO     strategy        PnL: 10:22:48 MTM=86.00 Profit=0.01%
2026-08-06 10:22:49 INFO     strategy        PnL: 10:22:49 MTM=37.00 Profit=0.01%
2026-08-06 10:22:50 INFO     strategy        PnL: 10:22:50 MTM=54.00 Profit=0.01%
2026-08-06 10:22:51 INFO     strategy        PnL: 10:22:51 MTM=49.00 Profit=0.01%
2026-08-06 10:22:52 INFO     strategy        PnL: 10:22:52 MTM=26.00 Profit=0.00%
2026-08-06 10:22:53 INFO     strategy        PnL: 10:22:53 MTM=7.00 Profit=0.00%
2026-08-06 10:22:54 INFO     strategy        PnL: 10:22:54 MTM=41.00 Profit=0.01%
2026-08-06 10:22:55 INFO     strategy        PnL: 10:22:55 MTM=13.00 Profit=0.00%
2026-08-06 10:22:56 INFO     strategy        PnL: 10:22:56 MTM=66.00 Profit=0.01%
2026-08-06 10:22:57 INFO     strategy        PnL: 10:22:57 MTM=19.00 Profit=0.00%
2026-08-06 10:22:58 INFO     strategy        PnL: 10:22:58 MTM=37.00 Profit=0.01%
2026-08-06 10:22:59 INFO     strategy        PnL: 10:22:59 MTM=54.00 Profit=0.01%
2026-08-06 10:23:00 INFO     strategy        PnL: 10:23:00 MTM=31.00 Profit=0.00%
2026-08-06 10:23:01 INFO     strategy        PnL: 10:23:01 MTM=19.00 Profit=0.00%
2026-08-06 10:23:02 INFO     strategy        PnL: 10:23:02 MTM=29.00 Profit=0.00%
2026-08-06 10:23:03 INFO     strategy        PnL: 10:23:03 MTM=30.00 Profit=0.00%
2026-08-06 10:23:04 INFO     strategy        PnL: 10:23:04 MTM=6.00 Profit=0.00%
2026-08-06 10:23:05 INFO     strategy        PnL: 10:23:05 MTM=-20.00 Loss=0.00%
2026-08-06 10:23:06 INFO     strategy        PnL: 10:23:06 MTM=13.00 Profit=0.00%
2026-08-06 10:23:07 INFO     strategy        PnL: 10:23:07 MTM=30.00 Profit=0.00%
2026-08-06 10:23:08 INFO     strategy        PnL: 10:23:08 MTM=35.00 Profit=0.01%
2026-08-06 10:23:09 INFO     strategy        PnL: 10:23:09 MTM=50.00 Profit=0.01%
2026-08-06 10:23:10 INFO     strategy        PnL: 10:23:10 MTM=34.00 Profit=0.01%
2026-08-06 10:23:11 INFO     strategy        PnL: 10:23:11 MTM=49.00 Profit=0.01%
2026-08-06 10:23:12 INFO     strategy        PnL: 10:23:12 MTM=-6.00 Loss=0.00%
2026-08-06 10:23:13 INFO     strategy        PnL: 10:23:13 MTM=-1.00 Loss=0.00%
2026-08-06 10:23:14 INFO     strategy        PnL: 10:23:14 MTM=33.00 Profit=0.01%
2026-08-06 10:23:15 INFO     strategy        PnL: 10:23:15 MTM=-1.00 Loss=0.00%
2026-08-06 10:23:16 INFO     strategy        PnL: 10:23:16 MTM=-7.00 Loss=0.00%
2026-08-06 10:23:17 INFO     strategy        PnL: 10:23:17 MTM=12.00 Profit=0.00%
2026-08-06 10:23:18 INFO     strategy        PnL: 10:23:18 MTM=35.00 Profit=0.01%
2026-08-06 10:23:19 INFO     strategy        PnL: 10:23:19 MTM=-34.00 Loss=0.01%
2026-08-06 10:23:20 INFO     strategy        PnL: 10:23:20 MTM=11.00 Profit=0.00%
2026-08-06 10:23:21 INFO     strategy        PnL: 10:23:21 MTM=48.00 Profit=0.01%
2026-08-06 10:23:22 INFO     strategy        PnL: 10:23:22 MTM=3.00 Profit=0.00%
2026-08-06 10:23:23 INFO     strategy        PnL: 10:23:23 MTM=-11.00 Loss=0.00%
2026-08-06 10:23:24 INFO     strategy        PnL: 10:23:24 MTM=33.00 Profit=0.01%
2026-08-06 10:23:25 INFO     strategy        PnL: 10:23:25 MTM=33.00 Profit=0.01%
2026-08-06 10:23:26 INFO     strategy        PnL: 10:23:26 MTM=-31.00 Loss=0.00%
2026-08-06 10:23:27 INFO     strategy        PnL: 10:23:27 MTM=-17.00 Loss=0.00%
2026-08-06 10:23:28 INFO     strategy        PnL: 10:23:28 MTM=5.00 Profit=0.00%
2026-08-06 10:23:29 INFO     strategy        PnL: 10:23:29 MTM=11.00 Profit=0.00%
2026-08-06 10:23:30 INFO     strategy        PnL: 10:23:30 MTM=-5.00 Loss=0.00%
2026-08-06 10:23:31 INFO     strategy        PnL: 10:23:31 MTM=29.00 Profit=0.00%
2026-08-06 10:23:32 INFO     strategy        PnL: 10:23:32 MTM=7.00 Profit=0.00%
2026-08-06 10:23:33 INFO     strategy        PnL: 10:23:33 MTM=2.00 Profit=0.00%
2026-08-06 10:23:34 INFO     strategy        PnL: 10:23:34 MTM=-19.00 Loss=0.00%
2026-08-06 10:23:35 INFO     strategy        PnL: 10:23:35 MTM=25.00 Profit=0.00%
2026-08-06 10:23:36 INFO     strategy        PnL: 10:23:36 MTM=19.00 Profit=0.00%
2026-08-06 10:23:37 INFO     strategy        PnL: 10:23:37 MTM=58.00 Profit=0.01%
2026-08-06 10:23:38 INFO     strategy        PnL: 10:23:38 MTM=61.00 Profit=0.01%
2026-08-06 10:23:39 INFO     strategy        PnL: 10:23:39 MTM=50.00 Profit=0.01%
2026-08-06 10:23:40 INFO     strategy        PnL: 10:23:40 MTM=30.00 Profit=0.00%
2026-08-06 10:23:41 INFO     strategy        PnL: 10:23:41 MTM=53.00 Profit=0.01%
2026-08-06 10:23:41 INFO     strategy        PnL: 10:23:41 MTM=-10.00 Loss=0.00%
2026-08-06 10:23:42 INFO     strategy        PnL: 10:23:42 MTM=-23.00 Loss=0.00%
2026-08-06 10:23:43 INFO     strategy        PnL: 10:23:43 MTM=54.00 Profit=0.01%
2026-08-06 10:23:44 INFO     strategy        PnL: 10:23:44 MTM=30.00 Profit=0.00%
2026-08-06 10:23:45 INFO     strategy        PnL: 10:23:45 MTM=9.00 Profit=0.00%
2026-08-06 10:23:46 INFO     strategy        PnL: 10:23:46 MTM=-49.00 Loss=0.01%
2026-08-06 10:23:47 INFO     strategy        PnL: 10:23:47 MTM=-2.00 Loss=0.00%
2026-08-06 10:23:48 INFO     strategy        PnL: 10:23:48 MTM=16.00 Profit=0.00%
2026-08-06 10:23:49 INFO     strategy        PnL: 10:23:49 MTM=-3.00 Loss=0.00%
2026-08-06 10:23:50 INFO     strategy        PnL: 10:23:50 MTM=19.00 Profit=0.00%
2026-08-06 10:23:51 INFO     strategy        PnL: 10:23:51 MTM=-6.00 Loss=0.00%
2026-08-06 10:23:52 INFO     strategy        PnL: 10:23:52 MTM=28.00 Profit=0.00%
2026-08-06 10:23:53 INFO     strategy        PnL: 10:23:53 MTM=17.00 Profit=0.00%
2026-08-06 10:23:54 INFO     strategy        PnL: 10:23:54 MTM=62.00 Profit=0.01%
2026-08-06 10:23:55 INFO     strategy        PnL: 10:23:55 MTM=-15.00 Loss=0.00%
2026-08-06 10:23:56 INFO     strategy        PnL: 10:23:56 MTM=38.00 Profit=0.01%
2026-08-06 10:23:57 INFO     strategy        PnL: 10:23:57 MTM=22.00 Profit=0.00%
2026-08-06 10:23:58 INFO     strategy        PnL: 10:23:58 MTM=35.00 Profit=0.01%
2026-08-06 10:23:59 INFO     strategy        PnL: 10:23:59 MTM=51.00 Profit=0.01%
2026-08-06 10:24:00 INFO     strategy        PnL: 10:24:00 MTM=68.00 Profit=0.01%
2026-08-06 10:24:01 INFO     strategy        PnL: 10:24:01 MTM=65.00 Profit=0.01%
2026-08-06 10:24:02 INFO     strategy        PnL: 10:24:02 MTM=22.00 Profit=0.00%
2026-08-06 10:24:03 INFO     strategy        PnL: 10:24:03 MTM=16.00 Profit=0.00%
2026-08-06 10:24:04 INFO     strategy        PnL: 10:24:04 MTM=1.00 Profit=0.00%
2026-08-06 10:24:05 INFO     strategy        PnL: 10:24:05 MTM=55.00 Profit=0.01%
2026-08-06 10:24:06 INFO     strategy        PnL: 10:24:06 MTM=61.00 Profit=0.01%
2026-08-06 10:24:07 INFO     strategy        PnL: 10:24:07 MTM=47.00 Profit=0.01%
2026-08-06 10:24:08 INFO     strategy        PnL: 10:24:08 MTM=33.00 Profit=0.01%
2026-08-06 10:24:09 INFO     strategy        PnL: 10:24:09 MTM=110.00 Profit=0.02%
2026-08-06 10:24:10 INFO     strategy        PnL: 10:24:10 MTM=46.00 Profit=0.01%
2026-08-06 10:24:11 INFO     strategy        PnL: 10:24:11 MTM=44.00 Profit=0.01%
2026-08-06 10:24:12 INFO     strategy        PnL: 10:24:12 MTM=71.00 Profit=0.01%
2026-08-06 10:24:13 INFO     strategy        PnL: 10:24:13 MTM=118.00 Profit=0.02%
2026-08-06 10:24:14 INFO     strategy        PnL: 10:24:14 MTM=79.00 Profit=0.01%
2026-08-06 10:24:16 INFO     strategy        PnL: 10:24:16 MTM=118.00 Profit=0.02%
2026-08-06 10:24:17 INFO     strategy        PnL: 10:24:17 MTM=85.00 Profit=0.01%
2026-08-06 10:24:18 INFO     strategy        PnL: 10:24:18 MTM=56.00 Profit=0.01%
2026-08-06 10:24:19 INFO     strategy        PnL: 10:24:19 MTM=99.00 Profit=0.02%
2026-08-06 10:24:20 INFO     strategy        PnL: 10:24:20 MTM=96.00 Profit=0.01%
2026-08-06 10:24:21 INFO     strategy        PnL: 10:24:21 MTM=85.00 Profit=0.01%
2026-08-06 10:24:22 INFO     strategy        PnL: 10:24:22 MTM=122.00 Profit=0.02%
2026-08-06 10:24:23 INFO     strategy        PnL: 10:24:23 MTM=108.00 Profit=0.02%
2026-08-06 10:24:24 INFO     strategy        PnL: 10:24:24 MTM=83.00 Profit=0.01%
2026-08-06 10:24:25 INFO     strategy        PnL: 10:24:25 MTM=102.00 Profit=0.02%
2026-08-06 10:24:26 INFO     strategy        PnL: 10:24:26 MTM=145.00 Profit=0.02%
2026-08-06 10:24:27 INFO     strategy        PnL: 10:24:27 MTM=140.00 Profit=0.02%
2026-08-06 10:24:28 INFO     strategy        PnL: 10:24:28 MTM=147.00 Profit=0.02%
2026-08-06 10:24:29 INFO     strategy        PnL: 10:24:29 MTM=133.00 Profit=0.02%
2026-08-06 10:24:30 INFO     strategy        PnL: 10:24:30 MTM=135.00 Profit=0.02%
2026-08-06 10:24:31 INFO     strategy        PnL: 10:24:31 MTM=129.00 Profit=0.02%
2026-08-06 10:24:32 INFO     strategy        PnL: 10:24:32 MTM=126.00 Profit=0.02%
2026-08-06 10:24:33 INFO     strategy        PnL: 10:24:33 MTM=96.00 Profit=0.01%
2026-08-06 10:24:34 INFO     strategy        PnL: 10:24:34 MTM=88.00 Profit=0.01%
2026-08-06 10:24:35 INFO     strategy        PnL: 10:24:35 MTM=108.00 Profit=0.02%
2026-08-06 10:24:36 INFO     strategy        PnL: 10:24:36 MTM=122.00 Profit=0.02%
2026-08-06 10:24:37 INFO     strategy        PnL: 10:24:37 MTM=100.00 Profit=0.02%
2026-08-06 10:24:38 INFO     strategy        PnL: 10:24:38 MTM=98.00 Profit=0.02%
2026-08-06 10:24:39 INFO     strategy        PnL: 10:24:39 MTM=107.00 Profit=0.02%
2026-08-06 10:24:40 INFO     strategy        PnL: 10:24:40 MTM=117.00 Profit=0.02%
2026-08-06 10:24:41 INFO     strategy        PnL: 10:24:41 MTM=69.00 Profit=0.01%
2026-08-06 10:24:42 INFO     strategy        PnL: 10:24:42 MTM=83.00 Profit=0.01%
2026-08-06 10:24:43 INFO     strategy        PnL: 10:24:43 MTM=106.00 Profit=0.02%
2026-08-06 10:24:44 INFO     strategy        PnL: 10:24:44 MTM=85.00 Profit=0.01%
2026-08-06 10:24:45 INFO     strategy        PnL: 10:24:45 MTM=58.00 Profit=0.01%
2026-08-06 10:24:46 INFO     strategy        PnL: 10:24:46 MTM=59.00 Profit=0.01%
2026-08-06 10:24:47 INFO     strategy        PnL: 10:24:47 MTM=49.00 Profit=0.01%
2026-08-06 10:24:48 INFO     strategy        PnL: 10:24:48 MTM=72.00 Profit=0.01%
2026-08-06 10:24:49 INFO     strategy        PnL: 10:24:49 MTM=71.00 Profit=0.01%
2026-08-06 10:24:50 INFO     strategy        PnL: 10:24:50 MTM=64.00 Profit=0.01%
2026-08-06 10:24:51 INFO     strategy        PnL: 10:24:51 MTM=46.00 Profit=0.01%
2026-08-06 10:24:52 INFO     strategy        PnL: 10:24:52 MTM=24.00 Profit=0.00%
2026-08-06 10:24:53 INFO     strategy        PnL: 10:24:53 MTM=-16.00 Loss=0.00%
2026-08-06 10:24:54 INFO     strategy        PnL: 10:24:54 MTM=-6.00 Loss=0.00%
2026-08-06 10:24:55 INFO     strategy        PnL: 10:24:55 MTM=-13.00 Loss=0.00%
2026-08-06 10:24:56 INFO     strategy        PnL: 10:24:56 MTM=-8.00 Loss=0.00%
2026-08-06 10:24:57 INFO     strategy        PnL: 10:24:57 MTM=12.00 Profit=0.00%
2026-08-06 10:24:58 INFO     strategy        PnL: 10:24:58 MTM=26.00 Profit=0.00%
2026-08-06 10:24:59 INFO     strategy        PnL: 10:24:59 MTM=27.00 Profit=0.00%
2026-08-06 10:25:00 INFO     strategy        PnL: 10:25:00 MTM=13.00 Profit=0.00%
2026-08-06 10:25:01 INFO     strategy        PnL: 10:25:01 MTM=33.00 Profit=0.01%
2026-08-06 10:25:02 INFO     strategy        PnL: 10:25:02 MTM=-18.00 Loss=0.00%
2026-08-06 10:25:03 INFO     strategy        PnL: 10:25:03 MTM=-45.00 Loss=0.01%
2026-08-06 10:25:04 INFO     strategy        PnL: 10:25:04 MTM=37.00 Profit=0.01%
2026-08-06 10:25:05 INFO     strategy        PnL: 10:25:05 MTM=18.00 Profit=0.00%
2026-08-06 10:25:06 INFO     strategy        PnL: 10:25:06 MTM=82.00 Profit=0.01%
2026-08-06 10:25:07 INFO     strategy        PnL: 10:25:07 MTM=67.00 Profit=0.01%
2026-08-06 10:25:08 INFO     strategy        PnL: 10:25:08 MTM=-15.00 Loss=0.00%
2026-08-06 10:25:09 INFO     strategy        PnL: 10:25:09 MTM=31.00 Profit=0.00%
2026-08-06 10:25:10 INFO     strategy        PnL: 10:25:10 MTM=51.00 Profit=0.01%
2026-08-06 10:25:11 INFO     strategy        PnL: 10:25:11 MTM=83.00 Profit=0.01%
2026-08-06 10:25:12 INFO     strategy        PnL: 10:25:12 MTM=-39.00 Loss=0.01%
2026-08-06 10:25:13 INFO     strategy        PnL: 10:25:13 MTM=15.00 Profit=0.00%
2026-08-06 10:25:14 INFO     strategy        PnL: 10:25:14 MTM=11.00 Profit=0.00%
2026-08-06 10:25:15 INFO     strategy        PnL: 10:25:15 MTM=3.00 Profit=0.00%
2026-08-06 10:25:16 INFO     strategy        PnL: 10:25:16 MTM=12.00 Profit=0.00%
2026-08-06 10:25:17 INFO     strategy        PnL: 10:25:17 MTM=47.00 Profit=0.01%
2026-08-06 10:25:18 INFO     strategy        PnL: 10:25:18 MTM=4.00 Profit=0.00%
2026-08-06 10:25:19 INFO     strategy        PnL: 10:25:19 MTM=5.00 Profit=0.00%
2026-08-06 10:25:20 INFO     strategy        PnL: 10:25:20 MTM=-26.00 Loss=0.00%
2026-08-06 10:25:21 INFO     strategy        PnL: 10:25:21 MTM=4.00 Profit=0.00%
2026-08-06 10:25:22 INFO     strategy        PnL: 10:25:22 MTM=14.00 Profit=0.00%
2026-08-06 10:25:23 INFO     strategy        PnL: 10:25:23 MTM=-16.00 Loss=0.00%
2026-08-06 10:25:24 INFO     strategy        PnL: 10:25:24 MTM=29.00 Profit=0.00%
2026-08-06 10:25:25 INFO     strategy        PnL: 10:25:25 MTM=5.00 Profit=0.00%
2026-08-06 10:25:26 INFO     strategy        PnL: 10:25:26 MTM=4.00 Profit=0.00%
2026-08-06 10:25:27 INFO     strategy        PnL: 10:25:27 MTM=-4.00 Loss=0.00%
2026-08-06 10:25:28 INFO     strategy        PnL: 10:25:28 MTM=-4.00 Loss=0.00%
2026-08-06 10:25:29 INFO     strategy        PnL: 10:25:29 MTM=6.00 Profit=0.00%
2026-08-06 10:25:30 INFO     strategy        PnL: 10:25:30 MTM=63.00 Profit=0.01%
2026-08-06 10:25:31 INFO     strategy        PnL: 10:25:31 MTM=32.00 Profit=0.00%
2026-08-06 10:25:32 INFO     strategy        PnL: 10:25:32 MTM=41.00 Profit=0.01%
2026-08-06 10:25:33 INFO     strategy        PnL: 10:25:33 MTM=55.00 Profit=0.01%
2026-08-06 10:25:34 INFO     strategy        PnL: 10:25:34 MTM=46.00 Profit=0.01%
2026-08-06 10:25:35 INFO     strategy        PnL: 10:25:35 MTM=31.00 Profit=0.00%
2026-08-06 10:25:36 INFO     strategy        PnL: 10:25:36 MTM=54.00 Profit=0.01%
2026-08-06 10:25:37 INFO     strategy        PnL: 10:25:37 MTM=30.00 Profit=0.00%
2026-08-06 10:25:38 INFO     strategy        PnL: 10:25:38 MTM=49.00 Profit=0.01%
2026-08-06 10:25:39 INFO     strategy        PnL: 10:25:39 MTM=73.00 Profit=0.01%
2026-08-06 10:25:40 INFO     strategy        PnL: 10:25:40 MTM=80.00 Profit=0.01%
2026-08-06 10:25:41 INFO     strategy        PnL: 10:25:41 MTM=66.00 Profit=0.01%
2026-08-06 10:25:42 INFO     strategy        PnL: 10:25:42 MTM=35.00 Profit=0.01%
2026-08-06 10:25:43 INFO     strategy        PnL: 10:25:43 MTM=2.00 Profit=0.00%
2026-08-06 10:25:44 INFO     strategy        PnL: 10:25:44 MTM=39.00 Profit=0.01%
2026-08-06 10:25:46 INFO     strategy        PnL: 10:25:45 MTM=48.00 Profit=0.01%
2026-08-06 10:25:47 INFO     strategy        PnL: 10:25:47 MTM=26.00 Profit=0.00%
2026-08-06 10:25:48 INFO     strategy        PnL: 10:25:48 MTM=48.00 Profit=0.01%
2026-08-06 10:25:49 INFO     strategy        PnL: 10:25:49 MTM=50.00 Profit=0.01%
2026-08-06 10:25:50 INFO     strategy        PnL: 10:25:50 MTM=2.00 Profit=0.00%
2026-08-06 10:25:51 INFO     strategy        PnL: 10:25:51 MTM=59.00 Profit=0.01%
2026-08-06 10:25:52 INFO     strategy        PnL: 10:25:52 MTM=18.00 Profit=0.00%
2026-08-06 10:25:53 INFO     strategy        PnL: 10:25:53 MTM=24.00 Profit=0.00%
2026-08-06 10:25:54 INFO     strategy        PnL: 10:25:54 MTM=-15.00 Loss=0.00%
2026-08-06 10:25:55 INFO     strategy        PnL: 10:25:55 MTM=67.00 Profit=0.01%
2026-08-06 10:25:56 INFO     strategy        PnL: 10:25:56 MTM=27.00 Profit=0.00%
2026-08-06 10:25:57 INFO     strategy        PnL: 10:25:57 MTM=19.00 Profit=0.00%
2026-08-06 10:25:58 INFO     strategy        PnL: 10:25:58 MTM=16.00 Profit=0.00%
2026-08-06 10:25:59 INFO     strategy        PnL: 10:25:59 MTM=19.00 Profit=0.00%
2026-08-06 10:26:00 INFO     strategy        PnL: 10:26:00 MTM=-14.00 Loss=0.00%
2026-08-06 10:26:01 INFO     strategy        PnL: 10:26:01 MTM=42.00 Profit=0.01%
2026-08-06 10:26:02 INFO     strategy        PnL: 10:26:02 MTM=-25.00 Loss=0.00%
2026-08-06 10:26:03 INFO     strategy        PnL: 10:26:03 MTM=13.00 Profit=0.00%
2026-08-06 10:26:04 INFO     strategy        PnL: 10:26:04 MTM=-26.00 Loss=0.00%
2026-08-06 10:26:05 INFO     strategy        PnL: 10:26:05 MTM=11.00 Profit=0.00%
2026-08-06 10:26:06 INFO     strategy        PnL: 10:26:06 MTM=69.00 Profit=0.01%
2026-08-06 10:26:07 INFO     strategy        PnL: 10:26:07 MTM=42.00 Profit=0.01%
2026-08-06 10:26:08 INFO     strategy        PnL: 10:26:08 MTM=28.00 Profit=0.00%
2026-08-06 10:26:09 INFO     strategy        PnL: 10:26:09 MTM=36.00 Profit=0.01%
2026-08-06 10:26:10 INFO     strategy        PnL: 10:26:10 MTM=11.00 Profit=0.00%
2026-08-06 10:26:11 INFO     strategy        PnL: 10:26:11 MTM=8.00 Profit=0.00%
2026-08-06 10:26:12 INFO     strategy        PnL: 10:26:12 MTM=15.00 Profit=0.00%
2026-08-06 10:26:13 INFO     strategy        PnL: 10:26:13 MTM=32.00 Profit=0.00%
2026-08-06 10:26:14 INFO     strategy        PnL: 10:26:14 MTM=30.00 Profit=0.00%
2026-08-06 10:26:15 INFO     strategy        PnL: 10:26:15 MTM=41.00 Profit=0.01%
2026-08-06 10:26:16 INFO     strategy        PnL: 10:26:16 MTM=0.00 Profit=0.00%
2026-08-06 10:26:17 INFO     strategy        PnL: 10:26:17 MTM=34.00 Profit=0.01%
2026-08-06 10:26:18 INFO     strategy        PnL: 10:26:18 MTM=90.00 Profit=0.01%
2026-08-06 10:26:19 INFO     strategy        PnL: 10:26:19 MTM=37.00 Profit=0.01%
2026-08-06 10:26:20 INFO     strategy        PnL: 10:26:20 MTM=12.00 Profit=0.00%
2026-08-06 10:26:21 INFO     strategy        PnL: 10:26:21 MTM=-10.00 Loss=0.00%
2026-08-06 10:26:22 INFO     strategy        PnL: 10:26:22 MTM=-0.00 Loss=0.00%
2026-08-06 10:26:23 INFO     strategy        PnL: 10:26:23 MTM=-47.00 Loss=0.01%
2026-08-06 10:26:24 INFO     strategy        PnL: 10:26:24 MTM=-36.00 Loss=0.01%
2026-08-06 10:26:25 INFO     strategy        PnL: 10:26:25 MTM=31.00 Profit=0.00%
2026-08-06 10:26:26 INFO     strategy        PnL: 10:26:26 MTM=109.00 Profit=0.02%
2026-08-06 10:26:27 INFO     strategy        PnL: 10:26:27 MTM=86.00 Profit=0.01%
2026-08-06 10:26:28 INFO     strategy        PnL: 10:26:28 MTM=28.00 Profit=0.00%
2026-08-06 10:26:29 INFO     strategy        PnL: 10:26:29 MTM=7.00 Profit=0.00%
2026-08-06 10:26:30 INFO     strategy        PnL: 10:26:30 MTM=61.00 Profit=0.01%
2026-08-06 10:26:31 INFO     strategy        PnL: 10:26:31 MTM=130.00 Profit=0.02%
2026-08-06 10:26:32 INFO     strategy        PnL: 10:26:32 MTM=89.00 Profit=0.01%
2026-08-06 10:26:33 INFO     strategy        PnL: 10:26:33 MTM=88.00 Profit=0.01%
2026-08-06 10:26:34 INFO     strategy        PnL: 10:26:34 MTM=88.00 Profit=0.01%
2026-08-06 10:26:35 INFO     strategy        PnL: 10:26:35 MTM=75.00 Profit=0.01%
2026-08-06 10:26:36 INFO     strategy        PnL: 10:26:36 MTM=70.00 Profit=0.01%
2026-08-06 10:26:37 INFO     strategy        PnL: 10:26:37 MTM=83.00 Profit=0.01%
2026-08-06 10:26:38 INFO     strategy        PnL: 10:26:38 MTM=79.00 Profit=0.01%
2026-08-06 10:26:39 INFO     strategy        PnL: 10:26:39 MTM=63.00 Profit=0.01%
2026-08-06 10:26:40 INFO     strategy        PnL: 10:26:40 MTM=15.00 Profit=0.00%
2026-08-06 10:26:41 INFO     strategy        PnL: 10:26:41 MTM=86.00 Profit=0.01%
2026-08-06 10:26:42 INFO     strategy        PnL: 10:26:42 MTM=96.00 Profit=0.01%
2026-08-06 10:26:43 INFO     strategy        PnL: 10:26:43 MTM=36.00 Profit=0.01%
2026-08-06 10:26:44 INFO     strategy        PnL: 10:26:44 MTM=6.00 Profit=0.00%
2026-08-06 10:26:45 INFO     strategy        PnL: 10:26:45 MTM=73.00 Profit=0.01%
2026-08-06 10:26:46 INFO     strategy        PnL: 10:26:46 MTM=97.00 Profit=0.01%
2026-08-06 10:26:47 INFO     strategy        PnL: 10:26:47 MTM=54.00 Profit=0.01%
2026-08-06 10:26:49 INFO     strategy        PnL: 10:26:49 MTM=60.00 Profit=0.01%
2026-08-06 10:26:50 INFO     strategy        PnL: 10:26:50 MTM=94.00 Profit=0.01%
2026-08-06 10:26:51 INFO     strategy        PnL: 10:26:51 MTM=64.00 Profit=0.01%
2026-08-06 10:26:51 INFO     strategy        PnL: 10:26:51 MTM=73.00 Profit=0.01%
2026-08-06 10:26:53 INFO     strategy        PnL: 10:26:53 MTM=40.00 Profit=0.01%
2026-08-06 10:26:54 INFO     strategy        PnL: 10:26:54 MTM=84.00 Profit=0.01%
2026-08-06 10:26:55 INFO     strategy        PnL: 10:26:55 MTM=106.00 Profit=0.02%
2026-08-06 10:26:56 INFO     strategy        PnL: 10:26:56 MTM=89.00 Profit=0.01%
2026-08-06 10:26:57 INFO     strategy        PnL: 10:26:57 MTM=126.00 Profit=0.02%
2026-08-06 10:26:58 INFO     strategy        PnL: 10:26:58 MTM=48.00 Profit=0.01%
2026-08-06 10:26:59 INFO     strategy        PnL: 10:26:59 MTM=81.00 Profit=0.01%
2026-08-06 10:27:00 INFO     strategy        PnL: 10:27:00 MTM=110.00 Profit=0.02%
2026-08-06 10:27:01 INFO     strategy        PnL: 10:27:01 MTM=155.00 Profit=0.02%
2026-08-06 10:27:02 INFO     strategy        PnL: 10:27:02 MTM=67.00 Profit=0.01%
2026-08-06 10:27:03 INFO     strategy        PnL: 10:27:03 MTM=108.00 Profit=0.02%
2026-08-06 10:27:04 INFO     strategy        PnL: 10:27:04 MTM=103.00 Profit=0.02%
2026-08-06 10:27:05 INFO     strategy        PnL: 10:27:05 MTM=70.00 Profit=0.01%
2026-08-06 10:27:06 INFO     strategy        PnL: 10:27:06 MTM=64.00 Profit=0.01%
2026-08-06 10:27:07 INFO     strategy        PnL: 10:27:07 MTM=47.00 Profit=0.01%
2026-08-06 10:27:08 INFO     strategy        PnL: 10:27:08 MTM=45.00 Profit=0.01%
2026-08-06 10:27:09 INFO     strategy        PnL: 10:27:09 MTM=80.00 Profit=0.01%
2026-08-06 10:27:10 INFO     strategy        PnL: 10:27:10 MTM=55.00 Profit=0.01%
2026-08-06 10:27:11 INFO     strategy        PnL: 10:27:11 MTM=83.00 Profit=0.01%
2026-08-06 10:27:12 INFO     strategy        PnL: 10:27:12 MTM=69.00 Profit=0.01%
2026-08-06 10:27:13 INFO     strategy        PnL: 10:27:13 MTM=59.00 Profit=0.01%
2026-08-06 10:27:14 INFO     strategy        PnL: 10:27:14 MTM=64.00 Profit=0.01%
2026-08-06 10:27:15 INFO     strategy        PnL: 10:27:15 MTM=78.00 Profit=0.01%
2026-08-06 10:27:16 INFO     strategy        PnL: 10:27:16 MTM=105.00 Profit=0.02%
2026-08-06 10:27:17 INFO     strategy        PnL: 10:27:17 MTM=83.00 Profit=0.01%
2026-08-06 10:27:18 INFO     strategy        PnL: 10:27:18 MTM=68.00 Profit=0.01%
2026-08-06 10:27:19 INFO     strategy        PnL: 10:27:19 MTM=64.00 Profit=0.01%
2026-08-06 10:27:20 INFO     strategy        PnL: 10:27:20 MTM=101.00 Profit=0.02%
2026-08-06 10:27:21 INFO     strategy        PnL: 10:27:21 MTM=99.00 Profit=0.02%
2026-08-06 10:27:22 INFO     strategy        PnL: 10:27:22 MTM=52.00 Profit=0.01%
2026-08-06 10:27:23 INFO     strategy        PnL: 10:27:23 MTM=30.00 Profit=0.00%
2026-08-06 10:27:24 INFO     strategy        PnL: 10:27:24 MTM=101.00 Profit=0.02%
2026-08-06 10:27:25 INFO     strategy        PnL: 10:27:25 MTM=43.00 Profit=0.01%
2026-08-06 10:27:26 INFO     strategy        PnL: 10:27:26 MTM=71.00 Profit=0.01%
2026-08-06 10:27:27 INFO     strategy        PnL: 10:27:27 MTM=53.00 Profit=0.01%
2026-08-06 10:27:28 INFO     strategy        PnL: 10:27:28 MTM=91.00 Profit=0.01%
2026-08-06 10:27:29 INFO     strategy        PnL: 10:27:29 MTM=116.00 Profit=0.02%
2026-08-06 10:27:30 INFO     strategy        PnL: 10:27:30 MTM=57.00 Profit=0.01%
2026-08-06 10:27:31 INFO     strategy        PnL: 10:27:31 MTM=85.00 Profit=0.01%
2026-08-06 10:27:32 INFO     strategy        PnL: 10:27:32 MTM=56.00 Profit=0.01%
2026-08-06 10:27:33 INFO     strategy        PnL: 10:27:33 MTM=73.00 Profit=0.01%
2026-08-06 10:27:34 INFO     strategy        PnL: 10:27:34 MTM=44.00 Profit=0.01%
2026-08-06 10:27:35 INFO     strategy        PnL: 10:27:35 MTM=62.00 Profit=0.01%
2026-08-06 10:27:36 INFO     strategy        PnL: 10:27:36 MTM=102.00 Profit=0.02%
2026-08-06 10:27:37 INFO     strategy        PnL: 10:27:37 MTM=93.00 Profit=0.01%
2026-08-06 10:27:38 INFO     strategy        PnL: 10:27:38 MTM=79.00 Profit=0.01%
2026-08-06 10:27:39 INFO     strategy        PnL: 10:27:39 MTM=62.00 Profit=0.01%
2026-08-06 10:27:40 INFO     strategy        PnL: 10:27:40 MTM=68.00 Profit=0.01%
2026-08-06 10:27:41 INFO     strategy        PnL: 10:27:41 MTM=104.00 Profit=0.02%
2026-08-06 10:27:42 INFO     strategy        PnL: 10:27:42 MTM=63.00 Profit=0.01%
2026-08-06 10:27:43 INFO     strategy        PnL: 10:27:43 MTM=98.00 Profit=0.02%
2026-08-06 10:27:44 INFO     strategy        PnL: 10:27:44 MTM=69.00 Profit=0.01%
2026-08-06 10:27:45 INFO     strategy        PnL: 10:27:45 MTM=22.00 Profit=0.00%
2026-08-06 10:27:46 INFO     strategy        PnL: 10:27:46 MTM=51.00 Profit=0.01%
2026-08-06 10:27:47 INFO     strategy        PnL: 10:27:47 MTM=24.00 Profit=0.00%
2026-08-06 10:27:48 INFO     strategy        PnL: 10:27:48 MTM=67.00 Profit=0.01%
2026-08-06 10:27:49 INFO     strategy        PnL: 10:27:49 MTM=82.00 Profit=0.01%
2026-08-06 10:27:50 INFO     strategy        PnL: 10:27:50 MTM=1.00 Profit=0.00%
2026-08-06 10:27:51 INFO     strategy        PnL: 10:27:51 MTM=27.00 Profit=0.00%
2026-08-06 10:27:52 INFO     strategy        PnL: 10:27:52 MTM=-2.00 Loss=0.00%
2026-08-06 10:27:53 INFO     strategy        PnL: 10:27:53 MTM=103.00 Profit=0.02%
2026-08-06 10:27:54 INFO     strategy        PnL: 10:27:54 MTM=7.00 Profit=0.00%
2026-08-06 10:27:55 INFO     strategy        PnL: 10:27:55 MTM=12.00 Profit=0.00%
2026-08-06 10:27:56 INFO     strategy        PnL: 10:27:56 MTM=43.00 Profit=0.01%
2026-08-06 10:27:57 INFO     strategy        PnL: 10:27:57 MTM=32.00 Profit=0.00%
2026-08-06 10:27:58 INFO     strategy        PnL: 10:27:58 MTM=-85.00 Loss=0.01%
2026-08-06 10:27:59 INFO     strategy        PnL: 10:27:59 MTM=63.00 Profit=0.01%
2026-08-06 10:28:00 INFO     strategy        PnL: 10:28:00 MTM=73.00 Profit=0.01%
2026-08-06 10:28:01 INFO     strategy        PnL: 10:28:01 MTM=56.00 Profit=0.01%
2026-08-06 10:28:02 INFO     strategy        PnL: 10:28:02 MTM=12.00 Profit=0.00%
2026-08-06 10:28:03 INFO     strategy        PnL: 10:28:03 MTM=0.00 Profit=0.00%
2026-08-06 10:28:04 INFO     strategy        PnL: 10:28:04 MTM=-2.00 Loss=0.00%
2026-08-06 10:28:05 INFO     strategy        PnL: 10:28:05 MTM=-4.00 Loss=0.00%
2026-08-06 10:28:06 INFO     strategy        PnL: 10:28:06 MTM=42.00 Profit=0.01%
2026-08-06 10:28:07 INFO     strategy        PnL: 10:28:07 MTM=19.00 Profit=0.00%
2026-08-06 10:28:08 INFO     strategy        PnL: 10:28:08 MTM=27.00 Profit=0.00%
2026-08-06 10:28:09 INFO     strategy        PnL: 10:28:09 MTM=49.00 Profit=0.01%
2026-08-06 10:28:10 INFO     strategy        PnL: 10:28:10 MTM=58.00 Profit=0.01%
2026-08-06 10:28:11 INFO     strategy        PnL: 10:28:11 MTM=24.00 Profit=0.00%
2026-08-06 10:28:12 INFO     strategy        PnL: 10:28:12 MTM=29.00 Profit=0.00%
2026-08-06 10:28:13 INFO     strategy        PnL: 10:28:13 MTM=31.00 Profit=0.00%
2026-08-06 10:28:14 INFO     strategy        PnL: 10:28:14 MTM=13.00 Profit=0.00%
2026-08-06 10:28:15 INFO     strategy        PnL: 10:28:15 MTM=22.00 Profit=0.00%
2026-08-06 10:28:16 INFO     strategy        PnL: 10:28:16 MTM=27.00 Profit=0.00%
2026-08-06 10:28:17 INFO     strategy        PnL: 10:28:17 MTM=16.00 Profit=0.00%
2026-08-06 10:28:18 INFO     strategy        PnL: 10:28:18 MTM=54.00 Profit=0.01%
2026-08-06 10:28:19 INFO     strategy        PnL: 10:28:19 MTM=66.00 Profit=0.01%
2026-08-06 10:28:20 INFO     strategy        PnL: 10:28:20 MTM=63.00 Profit=0.01%
2026-08-06 10:28:21 INFO     strategy        PnL: 10:28:21 MTM=28.00 Profit=0.00%
2026-08-06 10:28:22 INFO     strategy        PnL: 10:28:22 MTM=46.00 Profit=0.01%
2026-08-06 10:28:23 INFO     strategy        PnL: 10:28:23 MTM=24.00 Profit=0.00%
2026-08-06 10:28:24 INFO     strategy        PnL: 10:28:24 MTM=13.00 Profit=0.00%
2026-08-06 10:28:25 INFO     strategy        PnL: 10:28:25 MTM=16.00 Profit=0.00%
2026-08-06 10:28:26 INFO     strategy        PnL: 10:28:26 MTM=29.00 Profit=0.00%
2026-08-06 10:28:27 INFO     strategy        PnL: 10:28:27 MTM=-8.00 Loss=0.00%
2026-08-06 10:28:28 INFO     strategy        PnL: 10:28:28 MTM=22.00 Profit=0.00%
2026-08-06 10:28:29 INFO     strategy        PnL: 10:28:29 MTM=28.00 Profit=0.00%
2026-08-06 10:28:30 INFO     strategy        PnL: 10:28:30 MTM=12.00 Profit=0.00%
2026-08-06 10:28:31 INFO     strategy        PnL: 10:28:31 MTM=12.00 Profit=0.00%
2026-08-06 10:28:32 INFO     strategy        PnL: 10:28:32 MTM=-17.00 Loss=0.00%
2026-08-06 10:28:33 INFO     strategy        PnL: 10:28:33 MTM=37.00 Profit=0.01%
2026-08-06 10:28:34 INFO     strategy        PnL: 10:28:34 MTM=18.00 Profit=0.00%
2026-08-06 10:28:35 INFO     strategy        PnL: 10:28:35 MTM=-8.00 Loss=0.00%
2026-08-06 10:28:36 INFO     strategy        PnL: 10:28:36 MTM=44.00 Profit=0.01%
2026-08-06 10:28:37 INFO     strategy        PnL: 10:28:37 MTM=2.00 Profit=0.00%
2026-08-06 10:28:38 INFO     strategy        PnL: 10:28:38 MTM=28.00 Profit=0.00%
2026-08-06 10:28:39 INFO     strategy        PnL: 10:28:39 MTM=34.00 Profit=0.01%
2026-08-06 10:28:40 INFO     strategy        PnL: 10:28:40 MTM=41.00 Profit=0.01%
2026-08-06 10:28:41 INFO     strategy        PnL: 10:28:41 MTM=49.00 Profit=0.01%
2026-08-06 10:28:42 INFO     strategy        PnL: 10:28:42 MTM=24.00 Profit=0.00%
2026-08-06 10:28:43 INFO     strategy        PnL: 10:28:43 MTM=-11.00 Loss=0.00%
2026-08-06 10:28:44 INFO     strategy        PnL: 10:28:44 MTM=-37.00 Loss=0.01%
2026-08-06 10:28:45 INFO     strategy        PnL: 10:28:45 MTM=104.00 Profit=0.02%
2026-08-06 10:28:46 INFO     strategy        PnL: 10:28:46 MTM=-28.00 Loss=0.00%
2026-08-06 10:28:47 INFO     strategy        PnL: 10:28:47 MTM=17.00 Profit=0.00%
2026-08-06 10:28:49 INFO     strategy        PnL: 10:28:49 MTM=74.00 Profit=0.01%
2026-08-06 10:28:50 INFO     strategy        PnL: 10:28:50 MTM=53.00 Profit=0.01%
2026-08-06 10:28:51 INFO     strategy        PnL: 10:28:51 MTM=37.00 Profit=0.01%
2026-08-06 10:28:52 INFO     strategy        PnL: 10:28:52 MTM=7.00 Profit=0.00%
2026-08-06 10:28:53 INFO     strategy        PnL: 10:28:53 MTM=70.00 Profit=0.01%
2026-08-06 10:28:54 INFO     strategy        PnL: 10:28:54 MTM=0.00 Profit=0.00%
2026-08-06 10:28:55 INFO     strategy        PnL: 10:28:55 MTM=46.00 Profit=0.01%
2026-08-06 10:28:56 INFO     strategy        PnL: 10:28:56 MTM=41.00 Profit=0.01%
2026-08-06 10:28:57 INFO     strategy        PnL: 10:28:57 MTM=55.00 Profit=0.01%
2026-08-06 10:28:58 INFO     strategy        PnL: 10:28:58 MTM=14.00 Profit=0.00%
2026-08-06 10:28:59 INFO     strategy        PnL: 10:28:59 MTM=72.00 Profit=0.01%
2026-08-06 10:29:00 INFO     strategy        PnL: 10:29:00 MTM=73.00 Profit=0.01%
2026-08-06 10:29:01 INFO     strategy        PnL: 10:29:01 MTM=15.00 Profit=0.00%
2026-08-06 10:29:02 INFO     strategy        PnL: 10:29:02 MTM=-3.00 Loss=0.00%
2026-08-06 10:29:03 INFO     strategy        PnL: 10:29:03 MTM=36.00 Profit=0.01%
2026-08-06 10:29:04 INFO     strategy        PnL: 10:29:04 MTM=22.00 Profit=0.00%
2026-08-06 10:29:05 INFO     strategy        PnL: 10:29:05 MTM=78.00 Profit=0.01%
2026-08-06 10:29:06 INFO     strategy        PnL: 10:29:06 MTM=41.00 Profit=0.01%
2026-08-06 10:29:07 INFO     strategy        PnL: 10:29:07 MTM=54.00 Profit=0.01%
2026-08-06 10:29:08 INFO     strategy        PnL: 10:29:08 MTM=30.00 Profit=0.00%
2026-08-06 10:29:09 INFO     strategy        PnL: 10:29:09 MTM=73.00 Profit=0.01%
2026-08-06 10:29:10 INFO     strategy        PnL: 10:29:10 MTM=64.00 Profit=0.01%
2026-08-06 10:29:11 INFO     strategy        PnL: 10:29:11 MTM=19.00 Profit=0.00%
2026-08-06 10:29:12 INFO     strategy        PnL: 10:29:12 MTM=69.00 Profit=0.01%
2026-08-06 10:29:13 INFO     strategy        PnL: 10:29:13 MTM=56.00 Profit=0.01%
2026-08-06 10:29:14 INFO     strategy        PnL: 10:29:14 MTM=43.00 Profit=0.01%
2026-08-06 10:29:15 INFO     strategy        PnL: 10:29:15 MTM=55.00 Profit=0.01%
2026-08-06 10:29:16 INFO     strategy        PnL: 10:29:16 MTM=68.00 Profit=0.01%
2026-08-06 10:29:17 INFO     strategy        PnL: 10:29:17 MTM=48.00 Profit=0.01%
2026-08-06 10:29:18 INFO     strategy        PnL: 10:29:18 MTM=54.00 Profit=0.01%
2026-08-06 10:29:19 INFO     strategy        PnL: 10:29:19 MTM=72.00 Profit=0.01%
2026-08-06 10:29:20 INFO     strategy        PnL: 10:29:20 MTM=38.00 Profit=0.01%
2026-08-06 10:29:21 INFO     strategy        PnL: 10:29:21 MTM=72.00 Profit=0.01%
2026-08-06 10:29:22 INFO     strategy        PnL: 10:29:22 MTM=96.00 Profit=0.01%
2026-08-06 10:29:23 INFO     strategy        PnL: 10:29:23 MTM=116.00 Profit=0.02%
2026-08-06 10:29:24 INFO     strategy        PnL: 10:29:24 MTM=92.00 Profit=0.01%
2026-08-06 10:29:25 INFO     strategy        PnL: 10:29:25 MTM=104.00 Profit=0.02%
2026-08-06 10:29:26 INFO     strategy        PnL: 10:29:26 MTM=94.00 Profit=0.01%
2026-08-06 10:29:27 INFO     strategy        PnL: 10:29:27 MTM=106.00 Profit=0.02%
2026-08-06 10:29:28 INFO     strategy        PnL: 10:29:28 MTM=119.00 Profit=0.02%
2026-08-06 10:29:29 INFO     strategy        PnL: 10:29:29 MTM=85.00 Profit=0.01%
2026-08-06 10:29:30 INFO     strategy        PnL: 10:29:30 MTM=57.00 Profit=0.01%
2026-08-06 10:29:31 INFO     strategy        PnL: 10:29:31 MTM=76.00 Profit=0.01%
2026-08-06 10:29:32 INFO     strategy        PnL: 10:29:32 MTM=87.00 Profit=0.01%
2026-08-06 10:29:33 INFO     strategy        PnL: 10:29:33 MTM=104.00 Profit=0.02%
2026-08-06 10:29:34 INFO     strategy        PnL: 10:29:34 MTM=97.00 Profit=0.01%
2026-08-06 10:29:35 INFO     strategy        PnL: 10:29:35 MTM=89.00 Profit=0.01%
2026-08-06 10:29:36 INFO     strategy        PnL: 10:29:36 MTM=35.00 Profit=0.01%
2026-08-06 10:29:37 INFO     strategy        PnL: 10:29:37 MTM=66.00 Profit=0.01%
2026-08-06 10:29:38 INFO     strategy        PnL: 10:29:38 MTM=79.00 Profit=0.01%
2026-08-06 10:29:39 INFO     strategy        PnL: 10:29:39 MTM=38.00 Profit=0.01%
2026-08-06 10:29:40 INFO     strategy        PnL: 10:29:40 MTM=42.00 Profit=0.01%
2026-08-06 10:29:41 INFO     strategy        PnL: 10:29:41 MTM=74.00 Profit=0.01%
2026-08-06 10:29:42 INFO     strategy        PnL: 10:29:42 MTM=83.00 Profit=0.01%
2026-08-06 10:29:43 INFO     strategy        PnL: 10:29:43 MTM=57.00 Profit=0.01%
2026-08-06 10:29:44 INFO     strategy        PnL: 10:29:44 MTM=76.00 Profit=0.01%
2026-08-06 10:29:45 INFO     strategy        PnL: 10:29:45 MTM=47.00 Profit=0.01%
2026-08-06 10:29:46 INFO     strategy        PnL: 10:29:46 MTM=40.00 Profit=0.01%
2026-08-06 10:29:47 INFO     strategy        PnL: 10:29:47 MTM=84.00 Profit=0.01%
2026-08-06 10:29:48 INFO     strategy        PnL: 10:29:48 MTM=76.00 Profit=0.01%
2026-08-06 10:29:49 INFO     strategy        PnL: 10:29:49 MTM=37.00 Profit=0.01%
2026-08-06 10:29:50 INFO     strategy        PnL: 10:29:50 MTM=61.00 Profit=0.01%
2026-08-06 10:29:51 INFO     strategy        PnL: 10:29:51 MTM=55.00 Profit=0.01%
2026-08-06 10:29:52 INFO     strategy        PnL: 10:29:52 MTM=34.00 Profit=0.01%
2026-08-06 10:29:53 INFO     strategy        PnL: 10:29:53 MTM=36.00 Profit=0.01%
2026-08-06 10:29:54 INFO     strategy        PnL: 10:29:54 MTM=46.00 Profit=0.01%
2026-08-06 10:29:55 INFO     strategy        PnL: 10:29:55 MTM=33.00 Profit=0.01%
2026-08-06 10:29:56 INFO     strategy        PnL: 10:29:56 MTM=39.00 Profit=0.01%
2026-08-06 10:29:57 INFO     strategy        PnL: 10:29:57 MTM=38.00 Profit=0.01%
2026-08-06 10:29:58 INFO     strategy        PnL: 10:29:58 MTM=30.00 Profit=0.00%
2026-08-06 10:29:59 INFO     strategy        PnL: 10:29:59 MTM=-71.00 Loss=0.01%
2026-08-06 10:30:00 INFO     strategy        PnL: 10:30:00 MTM=-1.00 Loss=0.00%
2026-08-06 10:30:01 INFO     strategy        PnL: 10:30:01 MTM=-7.00 Loss=0.00%
2026-08-06 10:30:02 INFO     strategy        PnL: 10:30:02 MTM=4.00 Profit=0.00%
2026-08-06 10:30:03 INFO     strategy        PnL: 10:30:03 MTM=71.00 Profit=0.01%
2026-08-06 10:30:04 INFO     strategy        PnL: 10:30:04 MTM=5.00 Profit=0.00%
2026-08-06 10:30:05 INFO     strategy        PnL: 10:30:05 MTM=52.00 Profit=0.01%
2026-08-06 10:30:06 INFO     strategy        PnL: 10:30:06 MTM=50.00 Profit=0.01%
2026-08-06 10:30:07 INFO     strategy        PnL: 10:30:07 MTM=16.00 Profit=0.00%
2026-08-06 10:30:08 INFO     strategy        PnL: 10:30:08 MTM=20.00 Profit=0.00%
2026-08-06 10:30:09 INFO     strategy        PnL: 10:30:09 MTM=19.00 Profit=0.00%
2026-08-06 10:30:10 INFO     strategy        PnL: 10:30:10 MTM=37.00 Profit=0.01%
2026-08-06 10:30:11 INFO     strategy        PnL: 10:30:11 MTM=49.00 Profit=0.01%
2026-08-06 10:30:12 INFO     strategy        PnL: 10:30:12 MTM=-19.00 Loss=0.00%
2026-08-06 10:30:13 INFO     strategy        PnL: 10:30:13 MTM=14.00 Profit=0.00%
2026-08-06 10:30:14 INFO     strategy        PnL: 10:30:14 MTM=-17.00 Loss=0.00%
2026-08-06 10:30:15 INFO     strategy        PnL: 10:30:15 MTM=13.00 Profit=0.00%
2026-08-06 10:30:16 INFO     strategy        PnL: 10:30:16 MTM=21.00 Profit=0.00%
2026-08-06 10:30:17 INFO     strategy        PnL: 10:30:17 MTM=-26.00 Loss=0.00%
2026-08-06 10:30:18 INFO     strategy        PnL: 10:30:18 MTM=-15.00 Loss=0.00%
2026-08-06 10:30:19 INFO     strategy        PnL: 10:30:19 MTM=4.00 Profit=0.00%
2026-08-06 10:30:20 INFO     strategy        PnL: 10:30:20 MTM=0.00 Profit=0.00%
2026-08-06 10:30:21 INFO     strategy        PnL: 10:30:21 MTM=-3.00 Loss=0.00%
2026-08-06 10:30:22 INFO     strategy        PnL: 10:30:22 MTM=-27.00 Loss=0.00%
2026-08-06 10:30:23 INFO     strategy        PnL: 10:30:23 MTM=-2.00 Loss=0.00%
2026-08-06 10:30:24 INFO     strategy        PnL: 10:30:24 MTM=-16.00 Loss=0.00%
2026-08-06 10:30:25 INFO     strategy        PnL: 10:30:25 MTM=4.00 Profit=0.00%
2026-08-06 10:30:26 INFO     strategy        PnL: 10:30:26 MTM=14.00 Profit=0.00%
2026-08-06 10:30:27 INFO     strategy        PnL: 10:30:27 MTM=46.00 Profit=0.01%
2026-08-06 10:30:28 INFO     strategy        PnL: 10:30:28 MTM=-25.00 Loss=0.00%
2026-08-06 10:30:29 INFO     strategy        PnL: 10:30:29 MTM=-16.00 Loss=0.00%
2026-08-06 10:30:30 INFO     strategy        PnL: 10:30:30 MTM=18.00 Profit=0.00%
2026-08-06 10:30:31 INFO     strategy        PnL: 10:30:31 MTM=3.00 Profit=0.00%
2026-08-06 10:30:32 INFO     strategy        PnL: 10:30:32 MTM=-50.00 Loss=0.01%
2026-08-06 10:30:33 INFO     strategy        PnL: 10:30:33 MTM=-11.00 Loss=0.00%
2026-08-06 10:30:34 INFO     strategy        PnL: 10:30:34 MTM=18.00 Profit=0.00%
2026-08-06 10:30:36 INFO     strategy        PnL: 10:30:35 MTM=-12.00 Loss=0.00%
2026-08-06 10:30:37 INFO     strategy        PnL: 10:30:37 MTM=44.00 Profit=0.01%
2026-08-06 10:30:37 INFO     strategy        PnL: 10:30:37 MTM=27.00 Profit=0.00%
2026-08-06 10:30:39 INFO     strategy        PnL: 10:30:39 MTM=17.00 Profit=0.00%
2026-08-06 10:30:39 INFO     strategy        PnL: 10:30:39 MTM=19.00 Profit=0.00%
2026-08-06 10:30:41 INFO     strategy        PnL: 10:30:41 MTM=11.00 Profit=0.00%
2026-08-06 10:30:42 INFO     strategy        PnL: 10:30:42 MTM=3.00 Profit=0.00%
2026-08-06 10:30:43 INFO     strategy        PnL: 10:30:43 MTM=13.00 Profit=0.00%
2026-08-06 10:30:44 INFO     strategy        PnL: 10:30:44 MTM=-9.00 Loss=0.00%
2026-08-06 10:30:45 INFO     strategy        PnL: 10:30:45 MTM=-4.00 Loss=0.00%
2026-08-06 10:30:46 INFO     strategy        PnL: 10:30:46 MTM=-22.00 Loss=0.00%
2026-08-06 10:30:47 INFO     strategy        PnL: 10:30:47 MTM=38.00 Profit=0.01%
2026-08-06 10:30:48 INFO     strategy        PnL: 10:30:48 MTM=64.00 Profit=0.01%
2026-08-06 10:30:49 INFO     strategy        PnL: 10:30:49 MTM=55.00 Profit=0.01%
2026-08-06 10:30:50 INFO     strategy        PnL: 10:30:50 MTM=31.00 Profit=0.00%
2026-08-06 10:30:51 INFO     strategy        PnL: 10:30:51 MTM=31.00 Profit=0.00%
2026-08-06 10:30:52 INFO     strategy        PnL: 10:30:52 MTM=39.00 Profit=0.01%
2026-08-06 10:30:53 INFO     strategy        PnL: 10:30:53 MTM=65.00 Profit=0.01%
2026-08-06 10:30:54 INFO     strategy        PnL: 10:30:54 MTM=45.00 Profit=0.01%
2026-08-06 10:30:55 INFO     strategy        PnL: 10:30:55 MTM=54.00 Profit=0.01%
2026-08-06 10:30:56 INFO     strategy        PnL: 10:30:56 MTM=55.00 Profit=0.01%
2026-08-06 10:30:57 INFO     strategy        PnL: 10:30:57 MTM=35.00 Profit=0.01%
2026-08-06 10:30:58 INFO     strategy        PnL: 10:30:58 MTM=32.00 Profit=0.00%
2026-08-06 10:30:59 INFO     strategy        PnL: 10:30:59 MTM=-4.00 Loss=0.00%
2026-08-06 10:31:00 INFO     strategy        PnL: 10:31:00 MTM=11.00 Profit=0.00%
2026-08-06 10:31:01 INFO     strategy        PnL: 10:31:01 MTM=38.00 Profit=0.01%
2026-08-06 10:31:02 INFO     strategy        PnL: 10:31:02 MTM=26.00 Profit=0.00%
2026-08-06 10:31:03 INFO     strategy        PnL: 10:31:03 MTM=35.00 Profit=0.01%
2026-08-06 10:31:04 INFO     strategy        PnL: 10:31:04 MTM=14.00 Profit=0.00%
2026-08-06 10:31:05 INFO     strategy        PnL: 10:31:05 MTM=32.00 Profit=0.00%
2026-08-06 10:31:06 INFO     strategy        PnL: 10:31:06 MTM=1.00 Profit=0.00%
2026-08-06 10:31:07 INFO     strategy        PnL: 10:31:07 MTM=21.00 Profit=0.00%
2026-08-06 10:31:08 INFO     strategy        PnL: 10:31:08 MTM=22.00 Profit=0.00%
2026-08-06 10:31:09 INFO     strategy        PnL: 10:31:09 MTM=27.00 Profit=0.00%
2026-08-06 10:31:10 INFO     strategy        PnL: 10:31:10 MTM=48.00 Profit=0.01%
2026-08-06 10:31:11 INFO     strategy        PnL: 10:31:11 MTM=59.00 Profit=0.01%
2026-08-06 10:31:12 INFO     strategy        PnL: 10:31:12 MTM=17.00 Profit=0.00%
2026-08-06 10:31:13 INFO     strategy        PnL: 10:31:13 MTM=-14.00 Loss=0.00%
2026-08-06 10:31:14 INFO     strategy        PnL: 10:31:14 MTM=-3.00 Loss=0.00%
2026-08-06 10:31:15 INFO     strategy        PnL: 10:31:15 MTM=7.00 Profit=0.00%
2026-08-06 10:31:16 INFO     strategy        PnL: 10:31:16 MTM=-1.00 Loss=0.00%
2026-08-06 10:31:17 INFO     strategy        PnL: 10:31:17 MTM=-6.00 Loss=0.00%
2026-08-06 10:31:18 INFO     strategy        PnL: 10:31:18 MTM=6.00 Profit=0.00%
2026-08-06 10:31:19 INFO     strategy        PnL: 10:31:19 MTM=-25.00 Loss=0.00%
2026-08-06 10:31:20 INFO     strategy        PnL: 10:31:20 MTM=31.00 Profit=0.00%
2026-08-06 10:31:21 INFO     strategy        PnL: 10:31:21 MTM=6.00 Profit=0.00%
2026-08-06 10:31:22 INFO     strategy        PnL: 10:31:22 MTM=-1.00 Loss=0.00%
2026-08-06 10:31:23 INFO     strategy        PnL: 10:31:23 MTM=6.00 Profit=0.00%
2026-08-06 10:31:24 INFO     strategy        PnL: 10:31:24 MTM=89.00 Profit=0.01%
2026-08-06 10:31:25 INFO     strategy        PnL: 10:31:25 MTM=10.00 Profit=0.00%
2026-08-06 10:31:26 INFO     strategy        PnL: 10:31:26 MTM=7.00 Profit=0.00%
2026-08-06 10:31:27 INFO     strategy        PnL: 10:31:27 MTM=21.00 Profit=0.00%
2026-08-06 10:31:28 INFO     strategy        PnL: 10:31:28 MTM=19.00 Profit=0.00%
2026-08-06 10:31:29 INFO     strategy        PnL: 10:31:29 MTM=23.00 Profit=0.00%
2026-08-06 10:31:30 INFO     strategy        PnL: 10:31:30 MTM=42.00 Profit=0.01%
2026-08-06 10:31:31 INFO     strategy        PnL: 10:31:31 MTM=34.00 Profit=0.01%
2026-08-06 10:31:32 INFO     strategy        PnL: 10:31:32 MTM=82.00 Profit=0.01%
2026-08-06 10:31:33 INFO     strategy        PnL: 10:31:33 MTM=61.00 Profit=0.01%
2026-08-06 10:31:34 INFO     strategy        PnL: 10:31:34 MTM=87.00 Profit=0.01%
2026-08-06 10:31:35 INFO     strategy        PnL: 10:31:35 MTM=81.00 Profit=0.01%
2026-08-06 10:31:36 INFO     strategy        PnL: 10:31:36 MTM=45.00 Profit=0.01%
2026-08-06 10:31:37 INFO     strategy        PnL: 10:31:37 MTM=35.00 Profit=0.01%
2026-08-06 10:31:38 INFO     strategy        PnL: 10:31:38 MTM=71.00 Profit=0.01%
2026-08-06 10:31:39 INFO     strategy        PnL: 10:31:39 MTM=58.00 Profit=0.01%
2026-08-06 10:31:40 INFO     strategy        PnL: 10:31:40 MTM=55.00 Profit=0.01%
2026-08-06 10:31:41 INFO     strategy        PnL: 10:31:41 MTM=89.00 Profit=0.01%
2026-08-06 10:31:42 INFO     strategy        PnL: 10:31:42 MTM=97.00 Profit=0.01%
2026-08-06 10:31:43 INFO     strategy        PnL: 10:31:43 MTM=50.00 Profit=0.01%
2026-08-06 10:31:44 INFO     strategy        PnL: 10:31:44 MTM=79.00 Profit=0.01%
2026-08-06 10:31:45 INFO     strategy        PnL: 10:31:45 MTM=38.00 Profit=0.01%
2026-08-06 10:31:46 INFO     strategy        PnL: 10:31:46 MTM=31.00 Profit=0.00%
2026-08-06 10:31:47 INFO     strategy        PnL: 10:31:47 MTM=26.00 Profit=0.00%
2026-08-06 10:31:48 INFO     strategy        PnL: 10:31:48 MTM=71.00 Profit=0.01%
2026-08-06 10:31:49 INFO     strategy        PnL: 10:31:49 MTM=11.00 Profit=0.00%
2026-08-06 10:31:50 INFO     strategy        PnL: 10:31:50 MTM=49.00 Profit=0.01%
2026-08-06 10:31:51 INFO     strategy        PnL: 10:31:51 MTM=-76.00 Loss=0.01%
2026-08-06 10:31:52 INFO     strategy        PnL: 10:31:52 MTM=-7.00 Loss=0.00%
2026-08-06 10:31:53 INFO     strategy        PnL: 10:31:53 MTM=13.00 Profit=0.00%
2026-08-06 10:31:54 INFO     strategy        PnL: 10:31:54 MTM=16.00 Profit=0.00%
2026-08-06 10:31:55 INFO     strategy        PnL: 10:31:55 MTM=4.00 Profit=0.00%
2026-08-06 10:31:56 INFO     strategy        PnL: 10:31:56 MTM=9.00 Profit=0.00%
2026-08-06 10:31:57 INFO     strategy        PnL: 10:31:57 MTM=33.00 Profit=0.01%
2026-08-06 10:31:58 INFO     strategy        PnL: 10:31:58 MTM=23.00 Profit=0.00%
2026-08-06 10:31:59 INFO     strategy        PnL: 10:31:59 MTM=-1.00 Loss=0.00%
2026-08-06 10:32:00 INFO     strategy        PnL: 10:32:00 MTM=25.00 Profit=0.00%
2026-08-06 10:32:01 INFO     strategy        PnL: 10:32:01 MTM=-11.00 Loss=0.00%
2026-08-06 10:32:02 INFO     strategy        PnL: 10:32:02 MTM=22.00 Profit=0.00%
2026-08-06 10:32:03 INFO     strategy        PnL: 10:32:03 MTM=42.00 Profit=0.01%
2026-08-06 10:32:04 INFO     strategy        PnL: 10:32:04 MTM=-9.00 Loss=0.00%
2026-08-06 10:32:05 INFO     strategy        PnL: 10:32:05 MTM=-8.00 Loss=0.00%
2026-08-06 10:32:06 INFO     strategy        PnL: 10:32:06 MTM=-19.00 Loss=0.00%
2026-08-06 10:32:07 INFO     strategy        PnL: 10:32:07 MTM=16.00 Profit=0.00%
2026-08-06 10:32:08 INFO     strategy        PnL: 10:32:08 MTM=-1.00 Loss=0.00%
2026-08-06 10:32:09 INFO     strategy        PnL: 10:32:09 MTM=30.00 Profit=0.00%
2026-08-06 10:32:10 INFO     strategy        PnL: 10:32:10 MTM=18.00 Profit=0.00%
2026-08-06 10:32:11 INFO     strategy        PnL: 10:32:11 MTM=25.00 Profit=0.00%
2026-08-06 10:32:12 INFO     strategy        PnL: 10:32:12 MTM=13.00 Profit=0.00%
2026-08-06 10:32:13 INFO     strategy        PnL: 10:32:13 MTM=-17.00 Loss=0.00%
2026-08-06 10:32:14 INFO     strategy        PnL: 10:32:14 MTM=6.00 Profit=0.00%
2026-08-06 10:32:15 INFO     strategy        PnL: 10:32:15 MTM=23.00 Profit=0.00%
2026-08-06 10:32:16 INFO     strategy        PnL: 10:32:16 MTM=46.00 Profit=0.01%
2026-08-06 10:32:17 INFO     strategy        PnL: 10:32:17 MTM=-20.00 Loss=0.00%
2026-08-06 10:32:18 INFO     strategy        PnL: 10:32:18 MTM=27.00 Profit=0.00%
2026-08-06 10:32:19 INFO     strategy        PnL: 10:32:19 MTM=-2.00 Loss=0.00%
2026-08-06 10:32:20 INFO     strategy        PnL: 10:32:20 MTM=38.00 Profit=0.01%
2026-08-06 10:32:21 INFO     strategy        PnL: 10:32:21 MTM=66.00 Profit=0.01%
2026-08-06 10:32:22 INFO     strategy        PnL: 10:32:22 MTM=13.00 Profit=0.00%
2026-08-06 10:32:23 INFO     strategy        PnL: 10:32:23 MTM=29.00 Profit=0.00%
2026-08-06 10:32:24 INFO     strategy        PnL: 10:32:24 MTM=56.00 Profit=0.01%
2026-08-06 10:32:25 INFO     strategy        PnL: 10:32:25 MTM=-22.00 Loss=0.00%
2026-08-06 10:32:26 INFO     strategy        PnL: 10:32:26 MTM=42.00 Profit=0.01%
2026-08-06 10:32:27 INFO     strategy        PnL: 10:32:27 MTM=62.00 Profit=0.01%
2026-08-06 10:32:29 INFO     strategy        PnL: 10:32:29 MTM=44.00 Profit=0.01%
2026-08-06 10:32:30 INFO     strategy        PnL: 10:32:30 MTM=47.00 Profit=0.01%
2026-08-06 10:32:31 INFO     strategy        PnL: 10:32:31 MTM=23.00 Profit=0.00%
2026-08-06 10:32:32 INFO     strategy        PnL: 10:32:32 MTM=42.00 Profit=0.01%
2026-08-06 10:32:33 INFO     strategy        PnL: 10:32:33 MTM=3.00 Profit=0.00%
2026-08-06 10:32:34 INFO     strategy        PnL: 10:32:34 MTM=63.00 Profit=0.01%
2026-08-06 10:32:35 INFO     strategy        PnL: 10:32:35 MTM=33.00 Profit=0.01%
2026-08-06 10:32:36 INFO     strategy        PnL: 10:32:36 MTM=13.00 Profit=0.00%
2026-08-06 10:32:37 INFO     strategy        PnL: 10:32:37 MTM=-5.00 Loss=0.00%
2026-08-06 10:32:38 INFO     strategy        PnL: 10:32:38 MTM=18.00 Profit=0.00%
2026-08-06 10:32:39 INFO     strategy        PnL: 10:32:39 MTM=27.00 Profit=0.00%
2026-08-06 10:32:40 INFO     strategy        PnL: 10:32:40 MTM=25.00 Profit=0.00%
2026-08-06 10:32:41 INFO     strategy        PnL: 10:32:41 MTM=1.00 Profit=0.00%
2026-08-06 10:32:42 INFO     strategy        PnL: 10:32:42 MTM=10.00 Profit=0.00%
2026-08-06 10:32:43 INFO     strategy        PnL: 10:32:43 MTM=32.00 Profit=0.00%
2026-08-06 10:32:44 INFO     strategy        PnL: 10:32:44 MTM=19.00 Profit=0.00%
2026-08-06 10:32:45 INFO     strategy        PnL: 10:32:45 MTM=17.00 Profit=0.00%
2026-08-06 10:32:46 INFO     strategy        PnL: 10:32:46 MTM=7.00 Profit=0.00%
2026-08-06 10:32:47 INFO     strategy        PnL: 10:32:47 MTM=2.00 Profit=0.00%
2026-08-06 10:32:48 INFO     strategy        PnL: 10:32:48 MTM=33.00 Profit=0.01%
2026-08-06 10:32:49 INFO     strategy        PnL: 10:32:49 MTM=37.00 Profit=0.01%
2026-08-06 10:32:50 INFO     strategy        PnL: 10:32:50 MTM=15.00 Profit=0.00%
2026-08-06 10:32:51 INFO     strategy        PnL: 10:32:51 MTM=-5.00 Loss=0.00%
2026-08-06 10:32:52 INFO     strategy        PnL: 10:32:52 MTM=-41.00 Loss=0.01%
2026-08-06 10:32:53 INFO     strategy        PnL: 10:32:53 MTM=32.00 Profit=0.00%
2026-08-06 10:32:54 INFO     strategy        PnL: 10:32:54 MTM=60.00 Profit=0.01%
2026-08-06 10:32:55 INFO     strategy        PnL: 10:32:55 MTM=-32.00 Loss=0.00%
2026-08-06 10:32:56 INFO     strategy        PnL: 10:32:56 MTM=38.00 Profit=0.01%
2026-08-06 10:32:57 INFO     strategy        PnL: 10:32:57 MTM=3.00 Profit=0.00%
2026-08-06 10:32:58 INFO     strategy        PnL: 10:32:58 MTM=4.00 Profit=0.00%
2026-08-06 10:32:59 INFO     strategy        PnL: 10:32:59 MTM=25.00 Profit=0.00%
2026-08-06 10:33:00 INFO     strategy        PnL: 10:33:00 MTM=8.00 Profit=0.00%
2026-08-06 10:33:01 INFO     strategy        PnL: 10:33:01 MTM=38.00 Profit=0.01%
2026-08-06 10:33:02 INFO     strategy        PnL: 10:33:02 MTM=-9.00 Loss=0.00%
2026-08-06 10:33:03 INFO     strategy        PnL: 10:33:03 MTM=-9.00 Loss=0.00%
2026-08-06 10:33:04 INFO     strategy        PnL: 10:33:04 MTM=-18.00 Loss=0.00%
2026-08-06 10:33:05 INFO     strategy        PnL: 10:33:05 MTM=-72.00 Loss=0.01%
2026-08-06 10:33:06 INFO     strategy        PnL: 10:33:06 MTM=-16.00 Loss=0.00%
2026-08-06 10:33:07 INFO     strategy        PnL: 10:33:07 MTM=-24.00 Loss=0.00%
2026-08-06 10:33:08 INFO     strategy        PnL: 10:33:08 MTM=-82.00 Loss=0.01%
2026-08-06 10:33:09 INFO     strategy        PnL: 10:33:09 MTM=-43.00 Loss=0.01%
2026-08-06 10:33:10 INFO     strategy        PnL: 10:33:10 MTM=-21.00 Loss=0.00%
2026-08-06 10:33:11 INFO     strategy        PnL: 10:33:11 MTM=-118.00 Loss=0.02%
2026-08-06 10:33:12 INFO     strategy        PnL: 10:33:12 MTM=-43.00 Loss=0.01%
2026-08-06 10:33:13 INFO     strategy        PnL: 10:33:13 MTM=-97.00 Loss=0.01%
2026-08-06 10:33:14 INFO     strategy        PnL: 10:33:14 MTM=-49.00 Loss=0.01%
2026-08-06 10:33:15 INFO     strategy        PnL: 10:33:15 MTM=-80.00 Loss=0.01%
2026-08-06 10:33:16 INFO     strategy        PnL: 10:33:16 MTM=-11.00 Loss=0.00%
2026-08-06 10:33:17 INFO     strategy        PnL: 10:33:17 MTM=-37.00 Loss=0.01%
2026-08-06 10:33:18 INFO     strategy        PnL: 10:33:18 MTM=-59.00 Loss=0.01%
2026-08-06 10:33:19 INFO     strategy        PnL: 10:33:19 MTM=-69.00 Loss=0.01%
2026-08-06 10:33:20 INFO     strategy        PnL: 10:33:20 MTM=-69.00 Loss=0.01%
2026-08-06 10:33:21 INFO     strategy        PnL: 10:33:21 MTM=-54.00 Loss=0.01%
2026-08-06 10:33:22 INFO     strategy        PnL: 10:33:22 MTM=-58.00 Loss=0.01%
2026-08-06 10:33:23 INFO     strategy        PnL: 10:33:23 MTM=-104.00 Loss=0.02%
2026-08-06 10:33:24 INFO     strategy        PnL: 10:33:24 MTM=-81.00 Loss=0.01%
2026-08-06 10:33:25 INFO     strategy        PnL: 10:33:25 MTM=-88.00 Loss=0.01%
2026-08-06 10:33:26 INFO     strategy        PnL: 10:33:26 MTM=-49.00 Loss=0.01%
2026-08-06 10:33:27 INFO     strategy        PnL: 10:33:27 MTM=-56.00 Loss=0.01%
2026-08-06 10:33:28 INFO     strategy        PnL: 10:33:28 MTM=-50.00 Loss=0.01%
2026-08-06 10:33:29 INFO     strategy        PnL: 10:33:29 MTM=-102.00 Loss=0.02%
2026-08-06 10:33:30 INFO     strategy        PnL: 10:33:30 MTM=-70.00 Loss=0.01%
2026-08-06 10:33:31 INFO     strategy        PnL: 10:33:31 MTM=-141.00 Loss=0.02%
2026-08-06 10:33:32 INFO     strategy        PnL: 10:33:32 MTM=-93.00 Loss=0.01%
2026-08-06 10:33:33 INFO     strategy        PnL: 10:33:33 MTM=-123.00 Loss=0.02%
2026-08-06 10:33:34 INFO     strategy        PnL: 10:33:34 MTM=-74.00 Loss=0.01%
2026-08-06 10:33:35 INFO     strategy        PnL: 10:33:35 MTM=-97.00 Loss=0.01%
2026-08-06 10:33:36 INFO     strategy        PnL: 10:33:36 MTM=-109.00 Loss=0.02%
2026-08-06 10:33:37 INFO     strategy        PnL: 10:33:37 MTM=-150.00 Loss=0.02%
2026-08-06 10:33:38 INFO     strategy        PnL: 10:33:38 MTM=-129.00 Loss=0.02%
2026-08-06 10:33:39 INFO     strategy        PnL: 10:33:39 MTM=-105.00 Loss=0.02%
2026-08-06 10:33:40 INFO     strategy        PnL: 10:33:40 MTM=-98.00 Loss=0.02%
2026-08-06 10:33:41 INFO     strategy        PnL: 10:33:41 MTM=-65.00 Loss=0.01%
2026-08-06 10:33:42 INFO     strategy        PnL: 10:33:42 MTM=-111.00 Loss=0.02%
2026-08-06 10:33:43 INFO     strategy        PnL: 10:33:43 MTM=-94.00 Loss=0.01%
2026-08-06 10:33:44 INFO     strategy        PnL: 10:33:44 MTM=-75.00 Loss=0.01%
2026-08-06 10:33:45 INFO     strategy        PnL: 10:33:45 MTM=-125.00 Loss=0.02%
2026-08-06 10:33:46 INFO     strategy        PnL: 10:33:46 MTM=-83.00 Loss=0.01%
2026-08-06 10:33:47 INFO     strategy        PnL: 10:33:47 MTM=-121.00 Loss=0.02%
2026-08-06 10:33:48 INFO     strategy        PnL: 10:33:48 MTM=-94.00 Loss=0.01%
2026-08-06 10:33:49 INFO     strategy        PnL: 10:33:49 MTM=-14.00 Loss=0.00%
2026-08-06 10:33:50 INFO     strategy        PnL: 10:33:50 MTM=-114.00 Loss=0.02%
2026-08-06 10:33:51 INFO     strategy        PnL: 10:33:51 MTM=-52.00 Loss=0.01%
2026-08-06 10:33:52 INFO     strategy        PnL: 10:33:52 MTM=-81.00 Loss=0.01%
2026-08-06 10:33:53 INFO     strategy        PnL: 10:33:53 MTM=-65.00 Loss=0.01%
2026-08-06 10:33:54 INFO     strategy        PnL: 10:33:54 MTM=-91.00 Loss=0.01%
2026-08-06 10:33:55 INFO     strategy        PnL: 10:33:55 MTM=-64.00 Loss=0.01%
2026-08-06 10:33:56 INFO     strategy        PnL: 10:33:56 MTM=-35.00 Loss=0.01%
2026-08-06 10:33:57 INFO     strategy        PnL: 10:33:57 MTM=-40.00 Loss=0.01%
2026-08-06 10:33:58 INFO     strategy        PnL: 10:33:58 MTM=24.00 Profit=0.00%
2026-08-06 10:33:59 INFO     strategy        PnL: 10:33:59 MTM=-79.00 Loss=0.01%
2026-08-06 10:34:00 INFO     strategy        PnL: 10:34:00 MTM=-72.00 Loss=0.01%
2026-08-06 10:34:01 INFO     strategy        PnL: 10:34:01 MTM=-68.00 Loss=0.01%
2026-08-06 10:34:02 INFO     strategy        PnL: 10:34:02 MTM=-62.00 Loss=0.01%
2026-08-06 10:34:03 INFO     strategy        PnL: 10:34:03 MTM=-85.00 Loss=0.01%
2026-08-06 10:34:04 INFO     strategy        PnL: 10:34:04 MTM=-97.00 Loss=0.01%
2026-08-06 10:34:05 INFO     strategy        PnL: 10:34:05 MTM=-77.00 Loss=0.01%
2026-08-06 10:34:06 INFO     strategy        PnL: 10:34:06 MTM=-135.00 Loss=0.02%
2026-08-06 10:34:07 INFO     strategy        PnL: 10:34:07 MTM=-151.00 Loss=0.02%
2026-08-06 10:34:08 INFO     strategy        PnL: 10:34:08 MTM=-112.00 Loss=0.02%
2026-08-06 10:34:09 INFO     strategy        PnL: 10:34:09 MTM=-111.00 Loss=0.02%
2026-08-06 10:34:10 INFO     strategy        PnL: 10:34:10 MTM=-99.00 Loss=0.02%
2026-08-06 10:34:11 INFO     strategy        PnL: 10:34:11 MTM=-202.00 Loss=0.03%
2026-08-06 10:34:12 INFO     strategy        PnL: 10:34:12 MTM=-111.00 Loss=0.02%
2026-08-06 10:34:13 INFO     strategy        PnL: 10:34:13 MTM=-151.00 Loss=0.02%
2026-08-06 10:34:14 INFO     strategy        PnL: 10:34:14 MTM=-56.00 Loss=0.01%
2026-08-06 10:34:15 INFO     strategy        PnL: 10:34:15 MTM=-154.00 Loss=0.02%
2026-08-06 10:34:16 INFO     strategy        PnL: 10:34:16 MTM=-166.00 Loss=0.03%
2026-08-06 10:34:17 INFO     strategy        PnL: 10:34:17 MTM=-92.00 Loss=0.01%
2026-08-06 10:34:18 INFO     strategy        PnL: 10:34:18 MTM=-120.00 Loss=0.02%
2026-08-06 10:34:19 INFO     strategy        PnL: 10:34:19 MTM=-175.00 Loss=0.03%
2026-08-06 10:34:20 INFO     strategy        PnL: 10:34:20 MTM=-132.00 Loss=0.02%
2026-08-06 10:34:22 INFO     strategy        PnL: 10:34:22 MTM=-125.00 Loss=0.02%
2026-08-06 10:34:23 INFO     strategy        PnL: 10:34:23 MTM=-154.00 Loss=0.02%
2026-08-06 10:34:24 INFO     strategy        PnL: 10:34:24 MTM=-104.00 Loss=0.02%
2026-08-06 10:34:25 INFO     strategy        PnL: 10:34:25 MTM=-126.00 Loss=0.02%
2026-08-06 10:34:26 INFO     strategy        PnL: 10:34:26 MTM=-77.00 Loss=0.01%
2026-08-06 10:34:27 INFO     strategy        PnL: 10:34:27 MTM=-163.00 Loss=0.03%
2026-08-06 10:34:28 INFO     strategy        PnL: 10:34:28 MTM=-150.00 Loss=0.02%
2026-08-06 10:34:29 INFO     strategy        PnL: 10:34:29 MTM=-73.00 Loss=0.01%
2026-08-06 10:34:30 INFO     strategy        PnL: 10:34:30 MTM=-124.00 Loss=0.02%
2026-08-06 10:34:31 INFO     strategy        PnL: 10:34:31 MTM=-132.00 Loss=0.02%
2026-08-06 10:34:32 INFO     strategy        PnL: 10:34:32 MTM=-83.00 Loss=0.01%
2026-08-06 10:34:33 INFO     strategy        PnL: 10:34:33 MTM=-107.00 Loss=0.02%
2026-08-06 10:34:34 INFO     strategy        PnL: 10:34:34 MTM=-117.00 Loss=0.02%
2026-08-06 10:34:35 INFO     strategy        PnL: 10:34:35 MTM=-125.00 Loss=0.02%
2026-08-06 10:34:36 INFO     strategy        PnL: 10:34:36 MTM=-97.00 Loss=0.01%
2026-08-06 10:34:37 INFO     strategy        PnL: 10:34:37 MTM=-132.00 Loss=0.02%
2026-08-06 10:34:38 INFO     strategy        PnL: 10:34:38 MTM=-150.00 Loss=0.02%
2026-08-06 10:34:39 INFO     strategy        PnL: 10:34:39 MTM=-132.00 Loss=0.02%
2026-08-06 10:34:40 INFO     strategy        PnL: 10:34:40 MTM=-153.00 Loss=0.02%
2026-08-06 10:34:41 INFO     strategy        PnL: 10:34:41 MTM=-140.00 Loss=0.02%
2026-08-06 10:34:42 INFO     strategy        PnL: 10:34:42 MTM=-133.00 Loss=0.02%
2026-08-06 10:34:43 INFO     strategy        PnL: 10:34:43 MTM=-126.00 Loss=0.02%
2026-08-06 10:34:44 INFO     strategy        PnL: 10:34:44 MTM=-143.00 Loss=0.02%
2026-08-06 10:34:45 INFO     strategy        PnL: 10:34:45 MTM=-95.00 Loss=0.01%
2026-08-06 10:34:46 INFO     strategy        PnL: 10:34:46 MTM=-69.00 Loss=0.01%
2026-08-06 10:34:47 INFO     strategy        PnL: 10:34:47 MTM=-77.00 Loss=0.01%
2026-08-06 10:34:48 INFO     strategy        PnL: 10:34:48 MTM=-143.00 Loss=0.02%
2026-08-06 10:34:49 INFO     strategy        PnL: 10:34:49 MTM=-139.00 Loss=0.02%
2026-08-06 10:34:50 INFO     strategy        PnL: 10:34:50 MTM=-47.00 Loss=0.01%
2026-08-06 10:34:51 INFO     strategy        PnL: 10:34:51 MTM=-63.00 Loss=0.01%
2026-08-06 10:34:52 INFO     strategy        PnL: 10:34:52 MTM=-80.00 Loss=0.01%
2026-08-06 10:34:53 INFO     strategy        PnL: 10:34:53 MTM=-76.00 Loss=0.01%
2026-08-06 10:34:54 INFO     strategy        PnL: 10:34:54 MTM=-112.00 Loss=0.02%
2026-08-06 10:34:55 INFO     strategy        PnL: 10:34:55 MTM=-85.00 Loss=0.01%
2026-08-06 10:34:56 INFO     strategy        PnL: 10:34:56 MTM=-93.00 Loss=0.01%
2026-08-06 10:34:57 INFO     strategy        PnL: 10:34:57 MTM=-90.00 Loss=0.01%
2026-08-06 10:34:58 INFO     strategy        PnL: 10:34:58 MTM=-89.00 Loss=0.01%
2026-08-06 10:34:59 INFO     strategy        PnL: 10:34:59 MTM=-100.00 Loss=0.02%
2026-08-06 10:35:00 INFO     strategy        PnL: 10:35:00 MTM=-54.00 Loss=0.01%
2026-08-06 10:35:01 INFO     strategy        PnL: 10:35:01 MTM=-36.00 Loss=0.01%
2026-08-06 10:35:02 INFO     strategy        PnL: 10:35:02 MTM=-28.00 Loss=0.00%
2026-08-06 10:35:03 INFO     strategy        PnL: 10:35:03 MTM=-75.00 Loss=0.01%
2026-08-06 10:35:04 INFO     strategy        PnL: 10:35:04 MTM=-23.00 Loss=0.00%
2026-08-06 10:35:05 INFO     strategy        PnL: 10:35:05 MTM=-9.00 Loss=0.00%
2026-08-06 10:35:06 INFO     strategy        PnL: 10:35:06 MTM=-73.00 Loss=0.01%
2026-08-06 10:35:07 INFO     strategy        PnL: 10:35:07 MTM=-76.00 Loss=0.01%
2026-08-06 10:35:08 INFO     strategy        PnL: 10:35:08 MTM=13.00 Profit=0.00%
2026-08-06 10:35:09 INFO     strategy        PnL: 10:35:09 MTM=-119.00 Loss=0.02%
2026-08-06 10:35:10 INFO     strategy        PnL: 10:35:10 MTM=-139.00 Loss=0.02%
2026-08-06 10:35:11 INFO     strategy        PnL: 10:35:11 MTM=-27.00 Loss=0.00%
2026-08-06 10:35:12 INFO     strategy        PnL: 10:35:12 MTM=-49.00 Loss=0.01%
2026-08-06 10:35:13 INFO     strategy        PnL: 10:35:13 MTM=-41.00 Loss=0.01%
2026-08-06 10:35:14 INFO     strategy        PnL: 10:35:14 MTM=-92.00 Loss=0.01%
2026-08-06 10:35:15 INFO     strategy        PnL: 10:35:15 MTM=-48.00 Loss=0.01%
2026-08-06 10:35:16 INFO     strategy        PnL: 10:35:16 MTM=-77.00 Loss=0.01%
2026-08-06 10:35:17 INFO     strategy        PnL: 10:35:17 MTM=-81.00 Loss=0.01%
2026-08-06 10:35:18 INFO     strategy        PnL: 10:35:18 MTM=-67.00 Loss=0.01%
2026-08-06 10:35:19 INFO     strategy        PnL: 10:35:19 MTM=-17.00 Loss=0.00%
2026-08-06 10:35:20 INFO     strategy        PnL: 10:35:20 MTM=-47.00 Loss=0.01%
2026-08-06 10:35:21 INFO     strategy        PnL: 10:35:21 MTM=-122.00 Loss=0.02%
2026-08-06 10:35:22 INFO     strategy        PnL: 10:35:22 MTM=-59.00 Loss=0.01%
2026-08-06 10:35:23 INFO     strategy        PnL: 10:35:23 MTM=-60.00 Loss=0.01%
2026-08-06 10:35:24 INFO     strategy        PnL: 10:35:24 MTM=-93.00 Loss=0.01%
2026-08-06 10:35:25 INFO     strategy        PnL: 10:35:25 MTM=-87.00 Loss=0.01%
2026-08-06 10:35:26 INFO     strategy        PnL: 10:35:26 MTM=-53.00 Loss=0.01%
2026-08-06 10:35:27 INFO     strategy        PnL: 10:35:27 MTM=-25.00 Loss=0.00%
2026-08-06 10:35:28 INFO     strategy        PnL: 10:35:28 MTM=-52.00 Loss=0.01%
2026-08-06 10:35:29 INFO     strategy        PnL: 10:35:29 MTM=-61.00 Loss=0.01%
2026-08-06 10:35:30 INFO     strategy        PnL: 10:35:30 MTM=-139.00 Loss=0.02%
2026-08-06 10:35:31 INFO     strategy        PnL: 10:35:31 MTM=-111.00 Loss=0.02%
2026-08-06 10:35:32 INFO     strategy        PnL: 10:35:32 MTM=-118.00 Loss=0.02%
2026-08-06 10:35:33 INFO     strategy        PnL: 10:35:33 MTM=-60.00 Loss=0.01%
2026-08-06 10:35:34 INFO     strategy        PnL: 10:35:34 MTM=-99.00 Loss=0.02%
2026-08-06 10:35:35 INFO     strategy        PnL: 10:35:35 MTM=-129.00 Loss=0.02%
2026-08-06 10:35:36 INFO     strategy        PnL: 10:35:36 MTM=-149.00 Loss=0.02%
2026-08-06 10:35:37 INFO     strategy        PnL: 10:35:37 MTM=-132.00 Loss=0.02%
2026-08-06 10:35:38 INFO     strategy        PnL: 10:35:38 MTM=-102.00 Loss=0.02%
2026-08-06 10:35:39 INFO     strategy        PnL: 10:35:39 MTM=-117.00 Loss=0.02%
2026-08-06 10:35:40 INFO     strategy        PnL: 10:35:40 MTM=-98.00 Loss=0.02%
2026-08-06 10:35:41 INFO     strategy        PnL: 10:35:41 MTM=-126.00 Loss=0.02%
2026-08-06 10:35:42 INFO     strategy        PnL: 10:35:42 MTM=-109.00 Loss=0.02%
2026-08-06 10:35:43 INFO     strategy        PnL: 10:35:43 MTM=-75.00 Loss=0.01%
2026-08-06 10:35:44 INFO     strategy        PnL: 10:35:44 MTM=-71.00 Loss=0.01%
2026-08-06 10:35:45 INFO     strategy        PnL: 10:35:45 MTM=-60.00 Loss=0.01%
2026-08-06 10:35:46 INFO     strategy        PnL: 10:35:46 MTM=-76.00 Loss=0.01%
2026-08-06 10:35:47 INFO     strategy        PnL: 10:35:47 MTM=-97.00 Loss=0.01%
2026-08-06 10:35:48 INFO     strategy        PnL: 10:35:48 MTM=-98.00 Loss=0.02%
2026-08-06 10:35:49 INFO     strategy        PnL: 10:35:49 MTM=-80.00 Loss=0.01%
2026-08-06 10:35:50 INFO     strategy        PnL: 10:35:50 MTM=-80.00 Loss=0.01%
2026-08-06 10:35:51 INFO     strategy        PnL: 10:35:51 MTM=-103.00 Loss=0.02%
2026-08-06 10:35:52 INFO     strategy        PnL: 10:35:52 MTM=-126.00 Loss=0.02%
2026-08-06 10:35:53 INFO     strategy        PnL: 10:35:53 MTM=-74.00 Loss=0.01%
2026-08-06 10:35:54 INFO     strategy        PnL: 10:35:54 MTM=-104.00 Loss=0.02%
2026-08-06 10:35:55 INFO     strategy        PnL: 10:35:55 MTM=-115.00 Loss=0.02%
2026-08-06 10:35:57 INFO     strategy        PnL: 10:35:57 MTM=-90.00 Loss=0.01%
2026-08-06 10:35:58 INFO     strategy        PnL: 10:35:58 MTM=-106.00 Loss=0.02%
2026-08-06 10:35:59 INFO     strategy        PnL: 10:35:59 MTM=-139.00 Loss=0.02%
2026-08-06 10:36:00 INFO     strategy        PnL: 10:36:00 MTM=-96.00 Loss=0.01%
2026-08-06 10:36:01 INFO     strategy        PnL: 10:36:01 MTM=-112.00 Loss=0.02%
2026-08-06 10:36:02 INFO     strategy        PnL: 10:36:02 MTM=-94.00 Loss=0.01%
2026-08-06 10:36:03 INFO     strategy        PnL: 10:36:03 MTM=-98.00 Loss=0.02%
2026-08-06 10:36:04 INFO     strategy        PnL: 10:36:04 MTM=-75.00 Loss=0.01%
2026-08-06 10:36:05 INFO     strategy        PnL: 10:36:05 MTM=-119.00 Loss=0.02%
2026-08-06 10:36:06 INFO     strategy        PnL: 10:36:06 MTM=-100.00 Loss=0.02%
2026-08-06 10:36:07 INFO     strategy        PnL: 10:36:07 MTM=-107.00 Loss=0.02%
2026-08-06 10:36:08 INFO     strategy        PnL: 10:36:08 MTM=-96.00 Loss=0.01%
2026-08-06 10:36:09 INFO     strategy        PnL: 10:36:09 MTM=-55.00 Loss=0.01%
2026-08-06 10:36:10 INFO     strategy        PnL: 10:36:10 MTM=-100.00 Loss=0.02%
2026-08-06 10:36:11 INFO     strategy        PnL: 10:36:11 MTM=-109.00 Loss=0.02%
2026-08-06 10:36:12 INFO     strategy        PnL: 10:36:12 MTM=-115.00 Loss=0.02%
2026-08-06 10:36:13 INFO     strategy        PnL: 10:36:13 MTM=-110.00 Loss=0.02%
2026-08-06 10:36:14 INFO     strategy        PnL: 10:36:14 MTM=-171.00 Loss=0.03%
2026-08-06 10:36:15 INFO     strategy        PnL: 10:36:15 MTM=-133.00 Loss=0.02%
2026-08-06 10:36:16 INFO     strategy        PnL: 10:36:16 MTM=-125.00 Loss=0.02%
2026-08-06 10:36:17 INFO     strategy        PnL: 10:36:17 MTM=-109.00 Loss=0.02%
2026-08-06 10:36:18 INFO     strategy        PnL: 10:36:18 MTM=-154.00 Loss=0.02%
2026-08-06 10:36:19 INFO     strategy        PnL: 10:36:19 MTM=-112.00 Loss=0.02%
2026-08-06 10:36:20 INFO     strategy        PnL: 10:36:20 MTM=-123.00 Loss=0.02%
2026-08-06 10:36:21 INFO     strategy        PnL: 10:36:21 MTM=-148.00 Loss=0.02%
2026-08-06 10:36:22 INFO     strategy        PnL: 10:36:22 MTM=-120.00 Loss=0.02%
2026-08-06 10:36:23 INFO     strategy        PnL: 10:36:23 MTM=-154.00 Loss=0.02%
2026-08-06 10:36:24 INFO     strategy        PnL: 10:36:24 MTM=-145.00 Loss=0.02%
2026-08-06 10:36:25 INFO     strategy        PnL: 10:36:25 MTM=-153.00 Loss=0.02%
2026-08-06 10:36:26 INFO     strategy        PnL: 10:36:26 MTM=-126.00 Loss=0.02%
2026-08-06 10:36:27 INFO     strategy        PnL: 10:36:27 MTM=-106.00 Loss=0.02%
2026-08-06 10:36:28 INFO     strategy        PnL: 10:36:28 MTM=-135.00 Loss=0.02%
2026-08-06 10:36:29 INFO     strategy        PnL: 10:36:29 MTM=-122.00 Loss=0.02%
2026-08-06 10:36:30 INFO     strategy        PnL: 10:36:30 MTM=-118.00 Loss=0.02%
2026-08-06 10:36:31 INFO     strategy        PnL: 10:36:31 MTM=-127.00 Loss=0.02%
2026-08-06 10:36:32 INFO     strategy        PnL: 10:36:32 MTM=-107.00 Loss=0.02%
2026-08-06 10:36:33 INFO     strategy        PnL: 10:36:33 MTM=-45.00 Loss=0.01%
2026-08-06 10:36:34 INFO     strategy        PnL: 10:36:34 MTM=-57.00 Loss=0.01%
2026-08-06 10:36:35 INFO     strategy        PnL: 10:36:35 MTM=-117.00 Loss=0.02%
2026-08-06 10:36:36 INFO     strategy        PnL: 10:36:36 MTM=-92.00 Loss=0.01%
2026-08-06 10:36:37 INFO     strategy        PnL: 10:36:37 MTM=-120.00 Loss=0.02%
2026-08-06 10:36:38 INFO     strategy        PnL: 10:36:38 MTM=-118.00 Loss=0.02%
2026-08-06 10:36:39 INFO     strategy        PnL: 10:36:39 MTM=-137.00 Loss=0.02%
2026-08-06 10:36:40 INFO     strategy        PnL: 10:36:40 MTM=-123.00 Loss=0.02%
2026-08-06 10:36:41 INFO     strategy        PnL: 10:36:41 MTM=-137.00 Loss=0.02%
2026-08-06 10:36:42 INFO     strategy        PnL: 10:36:42 MTM=-114.00 Loss=0.02%
2026-08-06 10:36:43 INFO     strategy        PnL: 10:36:43 MTM=-65.00 Loss=0.01%
2026-08-06 10:36:44 INFO     strategy        PnL: 10:36:44 MTM=-117.00 Loss=0.02%
2026-08-06 10:36:45 INFO     strategy        PnL: 10:36:45 MTM=-142.00 Loss=0.02%
2026-08-06 10:36:46 INFO     strategy        PnL: 10:36:46 MTM=-124.00 Loss=0.02%
2026-08-06 10:36:47 INFO     strategy        PnL: 10:36:47 MTM=-76.00 Loss=0.01%
2026-08-06 10:36:48 INFO     strategy        PnL: 10:36:48 MTM=-89.00 Loss=0.01%
2026-08-06 10:36:49 INFO     strategy        PnL: 10:36:49 MTM=-134.00 Loss=0.02%
2026-08-06 10:36:50 INFO     strategy        PnL: 10:36:50 MTM=-165.00 Loss=0.03%
2026-08-06 10:36:51 INFO     strategy        PnL: 10:36:51 MTM=-124.00 Loss=0.02%
2026-08-06 10:36:52 INFO     strategy        PnL: 10:36:52 MTM=-115.00 Loss=0.02%
2026-08-06 10:36:53 INFO     strategy        PnL: 10:36:53 MTM=-142.00 Loss=0.02%
2026-08-06 10:36:54 INFO     strategy        PnL: 10:36:54 MTM=-162.00 Loss=0.02%
2026-08-06 10:36:55 INFO     strategy        PnL: 10:36:55 MTM=-95.00 Loss=0.01%
2026-08-06 10:36:56 INFO     strategy        PnL: 10:36:56 MTM=-89.00 Loss=0.01%
2026-08-06 10:36:57 INFO     strategy        PnL: 10:36:57 MTM=-193.00 Loss=0.03%
2026-08-06 10:36:58 INFO     strategy        PnL: 10:36:58 MTM=-191.00 Loss=0.03%
2026-08-06 10:36:59 INFO     strategy        PnL: 10:36:59 MTM=-148.00 Loss=0.02%
2026-08-06 10:37:00 INFO     strategy        PnL: 10:37:00 MTM=-127.00 Loss=0.02%
2026-08-06 10:37:01 INFO     strategy        PnL: 10:37:01 MTM=-155.00 Loss=0.02%
2026-08-06 10:37:02 INFO     strategy        PnL: 10:37:02 MTM=-112.00 Loss=0.02%
2026-08-06 10:37:03 INFO     strategy        PnL: 10:37:03 MTM=-100.00 Loss=0.02%
2026-08-06 10:37:04 INFO     strategy        PnL: 10:37:04 MTM=-143.00 Loss=0.02%
2026-08-06 10:37:05 INFO     strategy        PnL: 10:37:05 MTM=-160.00 Loss=0.02%
2026-08-06 10:37:06 INFO     strategy        PnL: 10:37:06 MTM=-127.00 Loss=0.02%
2026-08-06 10:37:07 INFO     strategy        PnL: 10:37:07 MTM=-142.00 Loss=0.02%
2026-08-06 10:37:08 INFO     strategy        PnL: 10:37:08 MTM=-138.00 Loss=0.02%
2026-08-06 10:37:09 INFO     strategy        PnL: 10:37:09 MTM=-90.00 Loss=0.01%
2026-08-06 10:37:10 INFO     strategy        PnL: 10:37:10 MTM=-98.00 Loss=0.02%
2026-08-06 10:37:11 INFO     strategy        PnL: 10:37:11 MTM=-124.00 Loss=0.02%
2026-08-06 10:37:12 INFO     strategy        PnL: 10:37:12 MTM=-121.00 Loss=0.02%
2026-08-06 10:37:13 INFO     strategy        PnL: 10:37:13 MTM=-120.00 Loss=0.02%
2026-08-06 10:37:14 INFO     strategy        PnL: 10:37:14 MTM=-133.00 Loss=0.02%
2026-08-06 10:37:15 INFO     strategy        PnL: 10:37:15 MTM=-120.00 Loss=0.02%
2026-08-06 10:37:16 INFO     strategy        PnL: 10:37:16 MTM=-160.00 Loss=0.02%
2026-08-06 10:37:17 INFO     strategy        PnL: 10:37:17 MTM=-115.00 Loss=0.02%
2026-08-06 10:37:18 INFO     strategy        PnL: 10:37:18 MTM=-139.00 Loss=0.02%
2026-08-06 10:37:19 INFO     strategy        PnL: 10:37:19 MTM=-122.00 Loss=0.02%
2026-08-06 10:37:20 INFO     strategy        PnL: 10:37:20 MTM=-141.00 Loss=0.02%
2026-08-06 10:37:21 INFO     strategy        PnL: 10:37:21 MTM=-136.00 Loss=0.02%
2026-08-06 10:37:22 INFO     strategy        PnL: 10:37:22 MTM=-137.00 Loss=0.02%
2026-08-06 10:37:23 INFO     strategy        PnL: 10:37:23 MTM=-113.00 Loss=0.02%
2026-08-06 10:37:24 INFO     strategy        PnL: 10:37:24 MTM=-148.00 Loss=0.02%
2026-08-06 10:37:25 INFO     strategy        PnL: 10:37:25 MTM=-107.00 Loss=0.02%
2026-08-06 10:37:26 INFO     strategy        PnL: 10:37:26 MTM=-82.00 Loss=0.01%
2026-08-06 10:37:27 INFO     strategy        PnL: 10:37:27 MTM=-98.00 Loss=0.02%
2026-08-06 10:37:28 INFO     strategy        PnL: 10:37:28 MTM=-95.00 Loss=0.01%
2026-08-06 10:37:29 INFO     strategy        PnL: 10:37:29 MTM=-137.00 Loss=0.02%
2026-08-06 10:37:30 INFO     strategy        PnL: 10:37:30 MTM=-167.00 Loss=0.03%
2026-08-06 10:37:31 INFO     strategy        PnL: 10:37:31 MTM=-102.00 Loss=0.02%
2026-08-06 10:37:32 INFO     strategy        PnL: 10:37:32 MTM=-131.00 Loss=0.02%
2026-08-06 10:37:33 INFO     strategy        PnL: 10:37:33 MTM=-182.00 Loss=0.03%
2026-08-06 10:37:34 INFO     strategy        PnL: 10:37:34 MTM=-102.00 Loss=0.02%
2026-08-06 10:37:35 INFO     strategy        PnL: 10:37:35 MTM=-145.00 Loss=0.02%
2026-08-06 10:37:36 INFO     strategy        PnL: 10:37:36 MTM=-147.00 Loss=0.02%
2026-08-06 10:37:37 INFO     strategy        PnL: 10:37:37 MTM=-116.00 Loss=0.02%
2026-08-06 10:37:38 INFO     strategy        PnL: 10:37:38 MTM=-123.00 Loss=0.02%
2026-08-06 10:37:39 INFO     strategy        PnL: 10:37:39 MTM=-127.00 Loss=0.02%
2026-08-06 10:37:40 INFO     strategy        PnL: 10:37:40 MTM=-144.00 Loss=0.02%
2026-08-06 10:37:41 INFO     strategy        PnL: 10:37:41 MTM=-130.00 Loss=0.02%
2026-08-06 10:37:42 INFO     strategy        PnL: 10:37:42 MTM=-96.00 Loss=0.01%
2026-08-06 10:37:44 INFO     strategy        PnL: 10:37:44 MTM=-113.00 Loss=0.02%
2026-08-06 10:37:45 INFO     strategy        PnL: 10:37:45 MTM=-100.00 Loss=0.02%
2026-08-06 10:37:46 INFO     strategy        PnL: 10:37:46 MTM=-130.00 Loss=0.02%
2026-08-06 10:37:47 INFO     strategy        PnL: 10:37:47 MTM=-102.00 Loss=0.02%
2026-08-06 10:37:48 INFO     strategy        PnL: 10:37:48 MTM=-111.00 Loss=0.02%
2026-08-06 10:37:49 INFO     strategy        PnL: 10:37:49 MTM=-148.00 Loss=0.02%
2026-08-06 10:37:50 INFO     strategy        PnL: 10:37:50 MTM=-151.00 Loss=0.02%
2026-08-06 10:37:51 INFO     strategy        PnL: 10:37:51 MTM=-133.00 Loss=0.02%
2026-08-06 10:37:52 INFO     strategy        PnL: 10:37:52 MTM=-145.00 Loss=0.02%
2026-08-06 10:37:53 INFO     strategy        PnL: 10:37:53 MTM=-4.00 Loss=0.00%
2026-08-06 10:37:54 INFO     strategy        PnL: 10:37:54 MTM=-94.00 Loss=0.01%
2026-08-06 10:37:55 INFO     strategy        PnL: 10:37:55 MTM=-42.00 Loss=0.01%
2026-08-06 10:37:56 INFO     strategy        PnL: 10:37:56 MTM=-19.00 Loss=0.00%
2026-08-06 10:37:57 INFO     strategy        PnL: 10:37:57 MTM=3.00 Profit=0.00%
2026-08-06 10:37:58 INFO     strategy        PnL: 10:37:58 MTM=-57.00 Loss=0.01%
2026-08-06 10:37:59 INFO     strategy        PnL: 10:37:59 MTM=-80.00 Loss=0.01%
2026-08-06 10:38:00 INFO     strategy        PnL: 10:38:00 MTM=-5.00 Loss=0.00%
2026-08-06 10:38:01 INFO     strategy        PnL: 10:38:01 MTM=-59.00 Loss=0.01%
2026-08-06 10:38:02 INFO     strategy        PnL: 10:38:02 MTM=7.00 Profit=0.00%
2026-08-06 10:38:03 INFO     strategy        PnL: 10:38:03 MTM=40.00 Profit=0.01%
2026-08-06 10:38:04 INFO     strategy        PnL: 10:38:04 MTM=-54.00 Loss=0.01%
2026-08-06 10:38:05 INFO     strategy        PnL: 10:38:05 MTM=-79.00 Loss=0.01%
2026-08-06 10:38:06 INFO     strategy        PnL: 10:38:06 MTM=-63.00 Loss=0.01%
2026-08-06 10:38:07 INFO     strategy        PnL: 10:38:07 MTM=-91.00 Loss=0.01%
2026-08-06 10:38:08 INFO     strategy        PnL: 10:38:08 MTM=-83.00 Loss=0.01%
2026-08-06 10:38:09 INFO     strategy        PnL: 10:38:09 MTM=-66.00 Loss=0.01%
2026-08-06 10:38:10 INFO     strategy        PnL: 10:38:10 MTM=11.00 Profit=0.00%
2026-08-06 10:38:11 INFO     strategy        PnL: 10:38:11 MTM=-84.00 Loss=0.01%
2026-08-06 10:38:12 INFO     strategy        PnL: 10:38:12 MTM=-70.00 Loss=0.01%
2026-08-06 10:38:13 INFO     strategy        PnL: 10:38:13 MTM=-41.00 Loss=0.01%
2026-08-06 10:38:14 INFO     strategy        PnL: 10:38:14 MTM=-45.00 Loss=0.01%
2026-08-06 10:38:15 INFO     strategy        PnL: 10:38:15 MTM=-61.00 Loss=0.01%
2026-08-06 10:38:16 INFO     strategy        PnL: 10:38:16 MTM=-23.00 Loss=0.00%
2026-08-06 10:38:17 INFO     strategy        PnL: 10:38:17 MTM=-73.00 Loss=0.01%
2026-08-06 10:38:18 INFO     strategy        PnL: 10:38:18 MTM=-46.00 Loss=0.01%
2026-08-06 10:38:19 INFO     strategy        PnL: 10:38:19 MTM=-44.00 Loss=0.01%
2026-08-06 10:38:20 INFO     strategy        PnL: 10:38:20 MTM=-94.00 Loss=0.01%
2026-08-06 10:38:21 INFO     strategy        PnL: 10:38:21 MTM=-59.00 Loss=0.01%
2026-08-06 10:38:22 INFO     strategy        PnL: 10:38:22 MTM=-82.00 Loss=0.01%
2026-08-06 10:38:23 INFO     strategy        PnL: 10:38:23 MTM=-61.00 Loss=0.01%
2026-08-06 10:38:24 INFO     strategy        PnL: 10:38:24 MTM=-63.00 Loss=0.01%
2026-08-06 10:38:25 INFO     strategy        PnL: 10:38:25 MTM=-78.00 Loss=0.01%
2026-08-06 10:38:26 INFO     strategy        PnL: 10:38:26 MTM=-92.00 Loss=0.01%
2026-08-06 10:38:27 INFO     strategy        PnL: 10:38:27 MTM=-73.00 Loss=0.01%
2026-08-06 10:38:28 INFO     strategy        PnL: 10:38:28 MTM=-99.00 Loss=0.02%
2026-08-06 10:38:29 INFO     strategy        PnL: 10:38:29 MTM=-68.00 Loss=0.01%
2026-08-06 10:38:30 INFO     strategy        PnL: 10:38:30 MTM=-90.00 Loss=0.01%
2026-08-06 10:38:31 INFO     strategy        PnL: 10:38:31 MTM=-108.00 Loss=0.02%
2026-08-06 10:38:32 INFO     strategy        PnL: 10:38:32 MTM=-75.00 Loss=0.01%
2026-08-06 10:38:33 INFO     strategy        PnL: 10:38:33 MTM=-101.00 Loss=0.02%
2026-08-06 10:38:34 INFO     strategy        PnL: 10:38:34 MTM=-82.00 Loss=0.01%
2026-08-06 10:38:35 INFO     strategy        PnL: 10:38:35 MTM=-54.00 Loss=0.01%
2026-08-06 10:38:36 INFO     strategy        PnL: 10:38:36 MTM=-71.00 Loss=0.01%
2026-08-06 10:38:37 INFO     strategy        PnL: 10:38:37 MTM=-92.00 Loss=0.01%
2026-08-06 10:38:38 INFO     strategy        PnL: 10:38:38 MTM=-70.00 Loss=0.01%
2026-08-06 10:38:39 INFO     strategy        PnL: 10:38:39 MTM=-90.00 Loss=0.01%
2026-08-06 10:38:40 INFO     strategy        PnL: 10:38:40 MTM=-79.00 Loss=0.01%
2026-08-06 10:38:41 INFO     strategy        PnL: 10:38:41 MTM=-41.00 Loss=0.01%
2026-08-06 10:38:42 INFO     strategy        PnL: 10:38:42 MTM=-30.00 Loss=0.00%
2026-08-06 10:38:43 INFO     strategy        PnL: 10:38:43 MTM=-65.00 Loss=0.01%
2026-08-06 10:38:44 INFO     strategy        PnL: 10:38:44 MTM=-24.00 Loss=0.00%
2026-08-06 10:38:45 INFO     strategy        PnL: 10:38:45 MTM=-101.00 Loss=0.02%
2026-08-06 10:38:46 INFO     strategy        PnL: 10:38:46 MTM=-60.00 Loss=0.01%
2026-08-06 10:38:47 INFO     strategy        PnL: 10:38:47 MTM=-75.00 Loss=0.01%
2026-08-06 10:38:48 INFO     strategy        PnL: 10:38:48 MTM=-75.00 Loss=0.01%
2026-08-06 10:38:49 INFO     strategy        PnL: 10:38:49 MTM=31.00 Profit=0.00%
2026-08-06 10:38:50 INFO     strategy        PnL: 10:38:50 MTM=-80.00 Loss=0.01%
2026-08-06 10:38:51 INFO     strategy        PnL: 10:38:51 MTM=-87.00 Loss=0.01%
2026-08-06 10:38:52 INFO     strategy        PnL: 10:38:52 MTM=-95.00 Loss=0.01%
2026-08-06 10:38:53 INFO     strategy        PnL: 10:38:53 MTM=-84.00 Loss=0.01%
2026-08-06 10:38:54 INFO     strategy        PnL: 10:38:54 MTM=-33.00 Loss=0.01%
2026-08-06 10:38:55 INFO     strategy        PnL: 10:38:55 MTM=-73.00 Loss=0.01%
2026-08-06 10:38:56 INFO     strategy        PnL: 10:38:56 MTM=-44.00 Loss=0.01%
2026-08-06 10:38:57 INFO     strategy        PnL: 10:38:57 MTM=-47.00 Loss=0.01%
2026-08-06 10:38:58 INFO     strategy        PnL: 10:38:58 MTM=-47.00 Loss=0.01%
2026-08-06 10:38:59 INFO     strategy        PnL: 10:38:59 MTM=-63.00 Loss=0.01%
2026-08-06 10:39:00 INFO     strategy        PnL: 10:39:00 MTM=-85.00 Loss=0.01%
2026-08-06 10:39:01 INFO     strategy        PnL: 10:39:01 MTM=-118.00 Loss=0.02%
2026-08-06 10:39:02 INFO     strategy        PnL: 10:39:02 MTM=-94.00 Loss=0.01%
2026-08-06 10:39:03 INFO     strategy        PnL: 10:39:03 MTM=-65.00 Loss=0.01%
2026-08-06 10:39:04 INFO     strategy        PnL: 10:39:04 MTM=-116.00 Loss=0.02%
2026-08-06 10:39:05 INFO     strategy        PnL: 10:39:05 MTM=-73.00 Loss=0.01%
2026-08-06 10:39:06 INFO     strategy        PnL: 10:39:06 MTM=-105.00 Loss=0.02%
2026-08-06 10:39:07 INFO     strategy        PnL: 10:39:07 MTM=-110.00 Loss=0.02%
2026-08-06 10:39:08 INFO     strategy        PnL: 10:39:08 MTM=-119.00 Loss=0.02%
2026-08-06 10:39:09 INFO     strategy        PnL: 10:39:09 MTM=-118.00 Loss=0.02%
2026-08-06 10:39:10 INFO     strategy        PnL: 10:39:10 MTM=-97.00 Loss=0.01%
2026-08-06 10:39:11 INFO     strategy        PnL: 10:39:11 MTM=-108.00 Loss=0.02%
2026-08-06 10:39:12 INFO     strategy        PnL: 10:39:12 MTM=-92.00 Loss=0.01%
2026-08-06 10:39:13 INFO     strategy        PnL: 10:39:13 MTM=-110.00 Loss=0.02%
2026-08-06 10:39:14 INFO     strategy        PnL: 10:39:14 MTM=-126.00 Loss=0.02%
2026-08-06 10:39:15 INFO     strategy        PnL: 10:39:15 MTM=-140.00 Loss=0.02%
2026-08-06 10:39:16 INFO     strategy        PnL: 10:39:16 MTM=-103.00 Loss=0.02%
2026-08-06 10:39:17 INFO     strategy        PnL: 10:39:17 MTM=-108.00 Loss=0.02%
2026-08-06 10:39:18 INFO     strategy        PnL: 10:39:18 MTM=-110.00 Loss=0.02%
2026-08-06 10:39:19 INFO     strategy        PnL: 10:39:19 MTM=-92.00 Loss=0.01%
2026-08-06 10:39:20 INFO     strategy        PnL: 10:39:20 MTM=-97.00 Loss=0.01%
2026-08-06 10:39:21 INFO     strategy        PnL: 10:39:21 MTM=-111.00 Loss=0.02%
2026-08-06 10:39:22 INFO     strategy        PnL: 10:39:22 MTM=-139.00 Loss=0.02%
2026-08-06 10:39:23 INFO     strategy        PnL: 10:39:23 MTM=-99.00 Loss=0.02%
2026-08-06 10:39:24 INFO     strategy        PnL: 10:39:24 MTM=-113.00 Loss=0.02%
2026-08-06 10:39:25 INFO     strategy        PnL: 10:39:25 MTM=-141.00 Loss=0.02%
2026-08-06 10:39:26 INFO     strategy        PnL: 10:39:26 MTM=-67.00 Loss=0.01%
2026-08-06 10:39:27 INFO     strategy        PnL: 10:39:27 MTM=-116.00 Loss=0.02%
2026-08-06 10:39:28 INFO     strategy        PnL: 10:39:28 MTM=-90.00 Loss=0.01%
2026-08-06 10:39:29 INFO     strategy        PnL: 10:39:29 MTM=-85.00 Loss=0.01%
2026-08-06 10:39:30 INFO     strategy        PnL: 10:39:30 MTM=-78.00 Loss=0.01%
2026-08-06 10:39:32 INFO     strategy        PnL: 10:39:31 MTM=-112.00 Loss=0.02%
2026-08-06 10:39:33 INFO     strategy        PnL: 10:39:33 MTM=-77.00 Loss=0.01%
2026-08-06 10:39:34 INFO     strategy        PnL: 10:39:34 MTM=-91.00 Loss=0.01%
2026-08-06 10:39:35 INFO     strategy        PnL: 10:39:35 MTM=-122.00 Loss=0.02%
2026-08-06 10:39:36 INFO     strategy        PnL: 10:39:36 MTM=-73.00 Loss=0.01%
2026-08-06 10:39:37 INFO     strategy        PnL: 10:39:37 MTM=-85.00 Loss=0.01%
2026-08-06 10:39:38 INFO     strategy        PnL: 10:39:38 MTM=-75.00 Loss=0.01%
2026-08-06 10:39:39 INFO     strategy        PnL: 10:39:39 MTM=-98.00 Loss=0.02%
2026-08-06 10:39:40 INFO     strategy        PnL: 10:39:40 MTM=-72.00 Loss=0.01%
2026-08-06 10:39:41 INFO     strategy        PnL: 10:39:41 MTM=-80.00 Loss=0.01%
2026-08-06 10:39:42 INFO     strategy        PnL: 10:39:42 MTM=-83.00 Loss=0.01%
2026-08-06 10:39:43 INFO     strategy        PnL: 10:39:43 MTM=-112.00 Loss=0.02%
2026-08-06 10:39:44 INFO     strategy        PnL: 10:39:44 MTM=-138.00 Loss=0.02%
2026-08-06 10:39:45 INFO     strategy        PnL: 10:39:45 MTM=-112.00 Loss=0.02%
2026-08-06 10:39:46 INFO     strategy        PnL: 10:39:46 MTM=-112.00 Loss=0.02%
2026-08-06 10:39:47 INFO     strategy        PnL: 10:39:47 MTM=-73.00 Loss=0.01%
2026-08-06 10:39:48 INFO     strategy        PnL: 10:39:48 MTM=-95.00 Loss=0.01%
2026-08-06 10:39:49 INFO     strategy        PnL: 10:39:49 MTM=-77.00 Loss=0.01%
2026-08-06 10:39:50 INFO     strategy        PnL: 10:39:50 MTM=-82.00 Loss=0.01%
2026-08-06 10:39:51 INFO     strategy        PnL: 10:39:51 MTM=-93.00 Loss=0.01%
2026-08-06 10:39:52 INFO     strategy        PnL: 10:39:52 MTM=-82.00 Loss=0.01%
2026-08-06 10:39:53 INFO     strategy        PnL: 10:39:53 MTM=-99.00 Loss=0.02%
2026-08-06 10:39:54 INFO     strategy        PnL: 10:39:54 MTM=-108.00 Loss=0.02%
2026-08-06 10:39:55 INFO     strategy        PnL: 10:39:55 MTM=-131.00 Loss=0.02%
2026-08-06 10:39:56 INFO     strategy        PnL: 10:39:56 MTM=-138.00 Loss=0.02%
2026-08-06 10:39:57 INFO     strategy        PnL: 10:39:57 MTM=-109.00 Loss=0.02%
2026-08-06 10:39:58 INFO     strategy        PnL: 10:39:58 MTM=-85.00 Loss=0.01%
2026-08-06 10:39:59 INFO     strategy        PnL: 10:39:59 MTM=-94.00 Loss=0.01%
2026-08-06 10:40:00 INFO     strategy        PnL: 10:40:00 MTM=-97.00 Loss=0.01%
2026-08-06 10:40:01 INFO     strategy        PnL: 10:40:01 MTM=-118.00 Loss=0.02%
2026-08-06 10:40:02 INFO     strategy        PnL: 10:40:02 MTM=-93.00 Loss=0.01%
2026-08-06 10:40:03 INFO     strategy        PnL: 10:40:03 MTM=-103.00 Loss=0.02%
2026-08-06 10:40:04 INFO     strategy        PnL: 10:40:04 MTM=-152.00 Loss=0.02%
2026-08-06 10:40:05 INFO     strategy        PnL: 10:40:05 MTM=-92.00 Loss=0.01%
2026-08-06 10:40:06 INFO     strategy        PnL: 10:40:06 MTM=-95.00 Loss=0.01%
2026-08-06 10:40:07 INFO     strategy        PnL: 10:40:07 MTM=-43.00 Loss=0.01%
2026-08-06 10:40:08 INFO     strategy        PnL: 10:40:08 MTM=-65.00 Loss=0.01%
2026-08-06 10:40:09 INFO     strategy        PnL: 10:40:09 MTM=-122.00 Loss=0.02%
2026-08-06 10:40:10 INFO     strategy        PnL: 10:40:10 MTM=-85.00 Loss=0.01%
2026-08-06 10:40:11 INFO     strategy        PnL: 10:40:11 MTM=-57.00 Loss=0.01%
2026-08-06 10:40:12 INFO     strategy        PnL: 10:40:12 MTM=-55.00 Loss=0.01%
2026-08-06 10:40:13 INFO     strategy        PnL: 10:40:13 MTM=-61.00 Loss=0.01%
2026-08-06 10:40:14 INFO     strategy        PnL: 10:40:14 MTM=-112.00 Loss=0.02%
2026-08-06 10:40:15 INFO     strategy        PnL: 10:40:15 MTM=-54.00 Loss=0.01%
2026-08-06 10:40:16 INFO     strategy        PnL: 10:40:16 MTM=-109.00 Loss=0.02%
2026-08-06 10:40:17 INFO     strategy        PnL: 10:40:17 MTM=-4.00 Loss=0.00%
2026-08-06 10:40:18 INFO     strategy        PnL: 10:40:18 MTM=-63.00 Loss=0.01%
2026-08-06 10:40:19 INFO     strategy        PnL: 10:40:19 MTM=-149.00 Loss=0.02%
2026-08-06 10:40:20 INFO     strategy        PnL: 10:40:20 MTM=-110.00 Loss=0.02%
2026-08-06 10:40:21 INFO     strategy        PnL: 10:40:21 MTM=-113.00 Loss=0.02%
2026-08-06 10:40:22 INFO     strategy        PnL: 10:40:22 MTM=-122.00 Loss=0.02%
2026-08-06 10:40:23 INFO     strategy        PnL: 10:40:23 MTM=-95.00 Loss=0.01%
2026-08-06 10:40:24 INFO     strategy        PnL: 10:40:24 MTM=-113.00 Loss=0.02%
2026-08-06 10:40:25 INFO     strategy        PnL: 10:40:25 MTM=-82.00 Loss=0.01%
2026-08-06 10:40:26 INFO     strategy        PnL: 10:40:26 MTM=-96.00 Loss=0.01%
2026-08-06 10:40:27 INFO     strategy        PnL: 10:40:27 MTM=-99.00 Loss=0.02%
2026-08-06 10:40:28 INFO     strategy        PnL: 10:40:28 MTM=-77.00 Loss=0.01%
2026-08-06 10:40:29 INFO     strategy        PnL: 10:40:29 MTM=-112.00 Loss=0.02%
2026-08-06 10:40:30 INFO     strategy        PnL: 10:40:30 MTM=-71.00 Loss=0.01%
2026-08-06 10:40:31 INFO     strategy        PnL: 10:40:31 MTM=-84.00 Loss=0.01%
2026-08-06 10:40:32 INFO     strategy        PnL: 10:40:32 MTM=-37.00 Loss=0.01%
2026-08-06 10:40:33 INFO     strategy        PnL: 10:40:33 MTM=-123.00 Loss=0.02%
2026-08-06 10:40:34 INFO     strategy        PnL: 10:40:34 MTM=-73.00 Loss=0.01%
2026-08-06 10:40:35 INFO     strategy        PnL: 10:40:35 MTM=-52.00 Loss=0.01%
2026-08-06 10:40:36 INFO     strategy        PnL: 10:40:36 MTM=-111.00 Loss=0.02%
2026-08-06 10:40:37 INFO     strategy        PnL: 10:40:37 MTM=-111.00 Loss=0.02%
2026-08-06 10:40:38 INFO     strategy        PnL: 10:40:38 MTM=-58.00 Loss=0.01%
2026-08-06 10:40:39 INFO     strategy        PnL: 10:40:39 MTM=-65.00 Loss=0.01%
2026-08-06 10:40:40 INFO     strategy        PnL: 10:40:40 MTM=-77.00 Loss=0.01%
2026-08-06 10:40:41 INFO     strategy        PnL: 10:40:41 MTM=-88.00 Loss=0.01%
2026-08-06 10:40:42 INFO     strategy        PnL: 10:40:42 MTM=-39.00 Loss=0.01%
2026-08-06 10:40:43 INFO     strategy        PnL: 10:40:43 MTM=-66.00 Loss=0.01%
2026-08-06 10:40:44 INFO     strategy        PnL: 10:40:44 MTM=-46.00 Loss=0.01%
2026-08-06 10:40:45 INFO     strategy        PnL: 10:40:45 MTM=-33.00 Loss=0.01%
2026-08-06 10:40:46 INFO     strategy        PnL: 10:40:46 MTM=-61.00 Loss=0.01%
2026-08-06 10:40:47 INFO     strategy        PnL: 10:40:47 MTM=-41.00 Loss=0.01%
2026-08-06 10:40:48 INFO     strategy        PnL: 10:40:48 MTM=-79.00 Loss=0.01%
2026-08-06 10:40:49 INFO     strategy        PnL: 10:40:49 MTM=-52.00 Loss=0.01%
2026-08-06 10:40:50 INFO     strategy        PnL: 10:40:50 MTM=-97.00 Loss=0.01%
2026-08-06 10:40:51 INFO     strategy        PnL: 10:40:51 MTM=-127.00 Loss=0.02%
2026-08-06 10:40:52 INFO     strategy        PnL: 10:40:52 MTM=-109.00 Loss=0.02%
2026-08-06 10:40:53 INFO     strategy        PnL: 10:40:53 MTM=-70.00 Loss=0.01%
2026-08-06 10:40:54 INFO     strategy        PnL: 10:40:54 MTM=-73.00 Loss=0.01%
2026-08-06 10:40:55 INFO     strategy        PnL: 10:40:55 MTM=-96.00 Loss=0.01%
2026-08-06 10:40:56 INFO     strategy        PnL: 10:40:56 MTM=-104.00 Loss=0.02%
2026-08-06 10:40:57 INFO     strategy        PnL: 10:40:57 MTM=-102.00 Loss=0.02%
2026-08-06 10:40:58 INFO     strategy        PnL: 10:40:58 MTM=-84.00 Loss=0.01%
2026-08-06 10:40:59 INFO     strategy        PnL: 10:40:59 MTM=-127.00 Loss=0.02%
2026-08-06 10:41:00 INFO     strategy        PnL: 10:41:00 MTM=-122.00 Loss=0.02%
2026-08-06 10:41:01 INFO     strategy        PnL: 10:41:01 MTM=-76.00 Loss=0.01%
2026-08-06 10:41:02 INFO     strategy        PnL: 10:41:02 MTM=-94.00 Loss=0.01%
2026-08-06 10:41:03 INFO     strategy        PnL: 10:41:03 MTM=-69.00 Loss=0.01%
2026-08-06 10:41:04 INFO     strategy        PnL: 10:41:04 MTM=-45.00 Loss=0.01%
2026-08-06 10:41:05 INFO     strategy        PnL: 10:41:05 MTM=-83.00 Loss=0.01%
2026-08-06 10:41:06 INFO     strategy        PnL: 10:41:06 MTM=-87.00 Loss=0.01%
2026-08-06 10:41:07 INFO     strategy        PnL: 10:41:07 MTM=-96.00 Loss=0.01%
2026-08-06 10:41:08 INFO     strategy        PnL: 10:41:08 MTM=-75.00 Loss=0.01%
2026-08-06 10:41:09 INFO     strategy        PnL: 10:41:09 MTM=-37.00 Loss=0.01%
2026-08-06 10:41:10 INFO     strategy        PnL: 10:41:10 MTM=-41.00 Loss=0.01%
2026-08-06 10:41:11 INFO     strategy        PnL: 10:41:11 MTM=-106.00 Loss=0.02%
2026-08-06 10:41:12 INFO     strategy        PnL: 10:41:12 MTM=-100.00 Loss=0.02%
2026-08-06 10:41:14 INFO     strategy        PnL: 10:41:14 MTM=-112.00 Loss=0.02%
2026-08-06 10:41:15 INFO     strategy        PnL: 10:41:15 MTM=-101.00 Loss=0.02%
2026-08-06 10:41:16 INFO     strategy        PnL: 10:41:16 MTM=-60.00 Loss=0.01%
2026-08-06 10:41:17 INFO     strategy        PnL: 10:41:17 MTM=-60.00 Loss=0.01%
2026-08-06 10:41:18 INFO     strategy        PnL: 10:41:18 MTM=-68.00 Loss=0.01%
2026-08-06 10:41:19 INFO     strategy        PnL: 10:41:19 MTM=-69.00 Loss=0.01%
2026-08-06 10:41:20 INFO     strategy        PnL: 10:41:20 MTM=-58.00 Loss=0.01%
2026-08-06 10:41:21 INFO     strategy        PnL: 10:41:21 MTM=-81.00 Loss=0.01%
2026-08-06 10:41:22 INFO     strategy        PnL: 10:41:22 MTM=-59.00 Loss=0.01%
2026-08-06 10:41:23 INFO     strategy        PnL: 10:41:23 MTM=-86.00 Loss=0.01%
2026-08-06 10:41:24 INFO     strategy        PnL: 10:41:24 MTM=-90.00 Loss=0.01%
2026-08-06 10:41:25 INFO     strategy        PnL: 10:41:25 MTM=-85.00 Loss=0.01%
2026-08-06 10:41:26 INFO     strategy        PnL: 10:41:26 MTM=-89.00 Loss=0.01%
2026-08-06 10:41:27 INFO     strategy        PnL: 10:41:27 MTM=4.00 Profit=0.00%
2026-08-06 10:41:28 INFO     strategy        PnL: 10:41:28 MTM=30.00 Profit=0.00%
2026-08-06 10:41:29 INFO     strategy        PnL: 10:41:29 MTM=-46.00 Loss=0.01%
2026-08-06 10:41:30 INFO     strategy        PnL: 10:41:30 MTM=-80.00 Loss=0.01%
2026-08-06 10:41:31 INFO     strategy        PnL: 10:41:31 MTM=-49.00 Loss=0.01%
2026-08-06 10:41:32 INFO     strategy        PnL: 10:41:32 MTM=-39.00 Loss=0.01%
2026-08-06 10:41:33 INFO     strategy        PnL: 10:41:33 MTM=-18.00 Loss=0.00%
2026-08-06 10:41:34 INFO     strategy        PnL: 10:41:34 MTM=-55.00 Loss=0.01%
2026-08-06 10:41:35 INFO     strategy        PnL: 10:41:35 MTM=-48.00 Loss=0.01%
2026-08-06 10:41:36 INFO     strategy        PnL: 10:41:36 MTM=-63.00 Loss=0.01%
2026-08-06 10:41:37 INFO     strategy        PnL: 10:41:37 MTM=-142.00 Loss=0.02%
2026-08-06 10:41:38 INFO     strategy        PnL: 10:41:38 MTM=-98.00 Loss=0.02%
2026-08-06 10:41:39 INFO     strategy        PnL: 10:41:39 MTM=-174.00 Loss=0.03%
2026-08-06 10:41:40 INFO     strategy        PnL: 10:41:40 MTM=-71.00 Loss=0.01%
2026-08-06 10:41:41 INFO     strategy        PnL: 10:41:41 MTM=-94.00 Loss=0.01%
2026-08-06 10:41:42 INFO     strategy        PnL: 10:41:42 MTM=-69.00 Loss=0.01%
2026-08-06 10:41:43 INFO     strategy        PnL: 10:41:43 MTM=-96.00 Loss=0.01%
2026-08-06 10:41:44 INFO     strategy        PnL: 10:41:44 MTM=-55.00 Loss=0.01%
2026-08-06 10:41:45 INFO     strategy        PnL: 10:41:45 MTM=-62.00 Loss=0.01%
2026-08-06 10:41:46 INFO     strategy        PnL: 10:41:46 MTM=-44.00 Loss=0.01%
2026-08-06 10:41:47 INFO     strategy        PnL: 10:41:47 MTM=-39.00 Loss=0.01%
2026-08-06 10:41:48 INFO     strategy        PnL: 10:41:48 MTM=-14.00 Loss=0.00%
2026-08-06 10:41:49 INFO     strategy        PnL: 10:41:49 MTM=-93.00 Loss=0.01%
2026-08-06 10:41:50 INFO     strategy        PnL: 10:41:50 MTM=-97.00 Loss=0.01%
2026-08-06 10:41:51 INFO     strategy        PnL: 10:41:51 MTM=-34.00 Loss=0.01%
2026-08-06 10:41:52 INFO     strategy        PnL: 10:41:52 MTM=-89.00 Loss=0.01%
2026-08-06 10:41:53 INFO     strategy        PnL: 10:41:53 MTM=-2.00 Loss=0.00%
2026-08-06 10:41:54 INFO     strategy        PnL: 10:41:54 MTM=-35.00 Loss=0.01%
2026-08-06 10:41:55 INFO     strategy        PnL: 10:41:55 MTM=14.00 Profit=0.00%
2026-08-06 10:41:56 INFO     strategy        PnL: 10:41:56 MTM=-8.00 Loss=0.00%
2026-08-06 10:41:57 INFO     strategy        PnL: 10:41:57 MTM=19.00 Profit=0.00%
2026-08-06 10:41:58 INFO     strategy        PnL: 10:41:58 MTM=-31.00 Loss=0.00%
2026-08-06 10:41:59 INFO     strategy        PnL: 10:41:59 MTM=-42.00 Loss=0.01%
2026-08-06 10:42:00 INFO     strategy        PnL: 10:42:00 MTM=20.00 Profit=0.00%
2026-08-06 10:42:01 INFO     strategy        PnL: 10:42:01 MTM=-7.00 Loss=0.00%
2026-08-06 10:42:02 INFO     strategy        PnL: 10:42:02 MTM=-33.00 Loss=0.01%
2026-08-06 10:42:03 INFO     strategy        PnL: 10:42:03 MTM=-28.00 Loss=0.00%
2026-08-06 10:42:04 INFO     strategy        PnL: 10:42:04 MTM=-81.00 Loss=0.01%
2026-08-06 10:42:05 INFO     strategy        PnL: 10:42:05 MTM=-27.00 Loss=0.00%
2026-08-06 10:42:06 INFO     strategy        PnL: 10:42:06 MTM=-85.00 Loss=0.01%
2026-08-06 10:42:07 INFO     strategy        PnL: 10:42:07 MTM=-17.00 Loss=0.00%
2026-08-06 10:42:08 INFO     strategy        PnL: 10:42:08 MTM=-32.00 Loss=0.00%
2026-08-06 10:42:09 INFO     strategy        PnL: 10:42:09 MTM=-19.00 Loss=0.00%
2026-08-06 10:42:10 INFO     strategy        PnL: 10:42:10 MTM=11.00 Profit=0.00%
2026-08-06 10:42:11 INFO     strategy        PnL: 10:42:11 MTM=-31.00 Loss=0.00%
2026-08-06 10:42:12 INFO     strategy        PnL: 10:42:12 MTM=25.00 Profit=0.00%
2026-08-06 10:42:13 INFO     strategy        PnL: 10:42:13 MTM=-18.00 Loss=0.00%
2026-08-06 10:42:14 INFO     strategy        PnL: 10:42:14 MTM=-25.00 Loss=0.00%
2026-08-06 10:42:15 INFO     strategy        PnL: 10:42:15 MTM=14.00 Profit=0.00%
2026-08-06 10:42:16 INFO     strategy        PnL: 10:42:16 MTM=-10.00 Loss=0.00%
2026-08-06 10:42:17 INFO     strategy        PnL: 10:42:17 MTM=-25.00 Loss=0.00%
2026-08-06 10:42:18 INFO     strategy        PnL: 10:42:18 MTM=-7.00 Loss=0.00%
2026-08-06 10:42:19 INFO     strategy        PnL: 10:42:19 MTM=-24.00 Loss=0.00%
2026-08-06 10:42:20 INFO     strategy        PnL: 10:42:20 MTM=-45.00 Loss=0.01%
2026-08-06 10:42:21 INFO     strategy        PnL: 10:42:21 MTM=-51.00 Loss=0.01%
2026-08-06 10:42:22 INFO     strategy        PnL: 10:42:22 MTM=-47.00 Loss=0.01%
2026-08-06 10:42:23 INFO     strategy        PnL: 10:42:23 MTM=-75.00 Loss=0.01%
2026-08-06 10:42:24 INFO     strategy        PnL: 10:42:24 MTM=-20.00 Loss=0.00%
2026-08-06 10:42:25 INFO     strategy        PnL: 10:42:25 MTM=-22.00 Loss=0.00%
2026-08-06 10:42:26 INFO     strategy        PnL: 10:42:26 MTM=-36.00 Loss=0.01%
2026-08-06 10:42:27 INFO     strategy        PnL: 10:42:27 MTM=-11.00 Loss=0.00%
2026-08-06 10:42:28 INFO     strategy        PnL: 10:42:28 MTM=-17.00 Loss=0.00%
2026-08-06 10:42:29 INFO     strategy        PnL: 10:42:29 MTM=-47.00 Loss=0.01%
2026-08-06 10:42:30 INFO     strategy        PnL: 10:42:30 MTM=-7.00 Loss=0.00%
2026-08-06 10:42:31 INFO     strategy        PnL: 10:42:31 MTM=-17.00 Loss=0.00%
2026-08-06 10:42:32 INFO     strategy        PnL: 10:42:32 MTM=-14.00 Loss=0.00%
2026-08-06 10:42:33 INFO     strategy        PnL: 10:42:33 MTM=0.00 Profit=0.00%
2026-08-06 10:42:34 INFO     strategy        PnL: 10:42:34 MTM=23.00 Profit=0.00%
2026-08-06 10:42:35 INFO     strategy        PnL: 10:42:35 MTM=26.00 Profit=0.00%
2026-08-06 10:42:36 INFO     strategy        PnL: 10:42:36 MTM=33.00 Profit=0.01%
2026-08-06 10:42:37 INFO     strategy        PnL: 10:42:37 MTM=8.00 Profit=0.00%
2026-08-06 10:42:38 INFO     strategy        PnL: 10:42:38 MTM=3.00 Profit=0.00%
2026-08-06 10:42:39 INFO     strategy        PnL: 10:42:39 MTM=-2.00 Loss=0.00%
2026-08-06 10:42:40 INFO     strategy        PnL: 10:42:40 MTM=-67.00 Loss=0.01%
2026-08-06 10:42:41 INFO     strategy        PnL: 10:42:41 MTM=-28.00 Loss=0.00%
2026-08-06 10:42:42 INFO     strategy        PnL: 10:42:42 MTM=-30.00 Loss=0.00%
2026-08-06 10:42:43 INFO     strategy        PnL: 10:42:43 MTM=-4.00 Loss=0.00%
2026-08-06 10:42:44 INFO     strategy        PnL: 10:42:44 MTM=-2.00 Loss=0.00%
2026-08-06 10:42:45 INFO     strategy        PnL: 10:42:45 MTM=13.00 Profit=0.00%
2026-08-06 10:42:46 INFO     strategy        PnL: 10:42:46 MTM=3.00 Profit=0.00%
2026-08-06 10:42:47 INFO     strategy        PnL: 10:42:47 MTM=8.00 Profit=0.00%
2026-08-06 10:42:48 INFO     strategy        PnL: 10:42:48 MTM=-9.00 Loss=0.00%
2026-08-06 10:42:49 INFO     strategy        PnL: 10:42:49 MTM=11.00 Profit=0.00%
2026-08-06 10:42:50 INFO     strategy        PnL: 10:42:50 MTM=-19.00 Loss=0.00%
2026-08-06 10:42:51 INFO     strategy        PnL: 10:42:51 MTM=28.00 Profit=0.00%
2026-08-06 10:42:52 INFO     strategy        PnL: 10:42:52 MTM=38.00 Profit=0.01%
2026-08-06 10:42:53 INFO     strategy        PnL: 10:42:53 MTM=24.00 Profit=0.00%
2026-08-06 10:42:54 INFO     strategy        PnL: 10:42:54 MTM=14.00 Profit=0.00%
2026-08-06 10:42:55 INFO     strategy        PnL: 10:42:55 MTM=-24.00 Loss=0.00%
2026-08-06 10:42:56 INFO     strategy        PnL: 10:42:56 MTM=-2.00 Loss=0.00%
2026-08-06 10:42:57 INFO     strategy        PnL: 10:42:57 MTM=14.00 Profit=0.00%
2026-08-06 10:42:58 INFO     strategy        PnL: 10:42:58 MTM=-9.00 Loss=0.00%
2026-08-06 10:42:59 INFO     strategy        PnL: 10:42:59 MTM=-24.00 Loss=0.00%
2026-08-06 10:43:00 INFO     strategy        PnL: 10:43:00 MTM=-52.00 Loss=0.01%
2026-08-06 10:43:01 INFO     strategy        PnL: 10:43:01 MTM=16.00 Profit=0.00%
2026-08-06 10:43:02 INFO     strategy        PnL: 10:43:02 MTM=-38.00 Loss=0.01%
2026-08-06 10:43:03 INFO     strategy        PnL: 10:43:03 MTM=-60.00 Loss=0.01%
2026-08-06 10:43:04 INFO     strategy        PnL: 10:43:04 MTM=11.00 Profit=0.00%
2026-08-06 10:43:05 INFO     strategy        PnL: 10:43:05 MTM=1.00 Profit=0.00%
2026-08-06 10:43:06 INFO     strategy        PnL: 10:43:06 MTM=57.00 Profit=0.01%
2026-08-06 10:43:07 INFO     strategy        PnL: 10:43:07 MTM=-8.00 Loss=0.00%
2026-08-06 10:43:08 INFO     strategy        PnL: 10:43:08 MTM=-7.00 Loss=0.00%
2026-08-06 10:43:09 INFO     strategy        PnL: 10:43:09 MTM=32.00 Profit=0.00%
2026-08-06 10:43:10 INFO     strategy        PnL: 10:43:10 MTM=4.00 Profit=0.00%
2026-08-06 10:43:11 INFO     strategy        PnL: 10:43:11 MTM=2.00 Profit=0.00%
2026-08-06 10:43:12 INFO     strategy        PnL: 10:43:12 MTM=32.00 Profit=0.00%
2026-08-06 10:43:14 INFO     strategy        PnL: 10:43:14 MTM=8.00 Profit=0.00%
2026-08-06 10:43:15 INFO     strategy        PnL: 10:43:15 MTM=16.00 Profit=0.00%
2026-08-06 10:43:16 INFO     strategy        PnL: 10:43:16 MTM=15.00 Profit=0.00%
2026-08-06 10:43:17 INFO     strategy        PnL: 10:43:17 MTM=-46.00 Loss=0.01%
2026-08-06 10:43:18 INFO     strategy        PnL: 10:43:18 MTM=-14.00 Loss=0.00%
2026-08-06 10:43:19 INFO     strategy        PnL: 10:43:19 MTM=-58.00 Loss=0.01%
2026-08-06 10:43:20 INFO     strategy        PnL: 10:43:20 MTM=-10.00 Loss=0.00%
2026-08-06 10:43:21 INFO     strategy        PnL: 10:43:21 MTM=-28.00 Loss=0.00%
2026-08-06 10:43:22 INFO     strategy        PnL: 10:43:22 MTM=-17.00 Loss=0.00%
2026-08-06 10:43:23 INFO     strategy        PnL: 10:43:23 MTM=-146.00 Loss=0.02%
2026-08-06 10:43:24 INFO     strategy        PnL: 10:43:24 MTM=-20.00 Loss=0.00%
2026-08-06 10:43:25 INFO     strategy        PnL: 10:43:25 MTM=6.00 Profit=0.00%
2026-08-06 10:43:26 INFO     strategy        PnL: 10:43:26 MTM=52.00 Profit=0.01%
2026-08-06 10:43:27 INFO     strategy        PnL: 10:43:27 MTM=-24.00 Loss=0.00%
2026-08-06 10:43:28 INFO     strategy        PnL: 10:43:28 MTM=-15.00 Loss=0.00%
2026-08-06 10:43:29 INFO     strategy        PnL: 10:43:29 MTM=-82.00 Loss=0.01%
2026-08-06 10:43:30 INFO     strategy        PnL: 10:43:30 MTM=28.00 Profit=0.00%
2026-08-06 10:43:31 INFO     strategy        PnL: 10:43:31 MTM=29.00 Profit=0.00%
2026-08-06 10:43:32 INFO     strategy        PnL: 10:43:32 MTM=-27.00 Loss=0.00%
2026-08-06 10:43:33 INFO     strategy        PnL: 10:43:33 MTM=-23.00 Loss=0.00%
2026-08-06 10:43:34 INFO     strategy        PnL: 10:43:34 MTM=-36.00 Loss=0.01%
2026-08-06 10:43:35 INFO     strategy        PnL: 10:43:35 MTM=-5.00 Loss=0.00%
2026-08-06 10:43:36 INFO     strategy        PnL: 10:43:36 MTM=14.00 Profit=0.00%
2026-08-06 10:43:37 INFO     strategy        PnL: 10:43:37 MTM=-4.00 Loss=0.00%
2026-08-06 10:43:38 INFO     strategy        PnL: 10:43:38 MTM=-3.00 Loss=0.00%
2026-08-06 10:43:39 INFO     strategy        PnL: 10:43:39 MTM=-2.00 Loss=0.00%
2026-08-06 10:43:40 INFO     strategy        PnL: 10:43:40 MTM=-18.00 Loss=0.00%
2026-08-06 10:43:41 INFO     strategy        PnL: 10:43:41 MTM=-34.00 Loss=0.01%
2026-08-06 10:43:42 INFO     strategy        PnL: 10:43:42 MTM=-4.00 Loss=0.00%
2026-08-06 10:43:43 INFO     strategy        PnL: 10:43:43 MTM=-25.00 Loss=0.00%
2026-08-06 10:43:44 INFO     strategy        PnL: 10:43:44 MTM=-56.00 Loss=0.01%
2026-08-06 10:43:45 INFO     strategy        PnL: 10:43:45 MTM=-19.00 Loss=0.00%
2026-08-06 10:43:46 INFO     strategy        PnL: 10:43:46 MTM=-58.00 Loss=0.01%
2026-08-06 10:43:47 INFO     strategy        PnL: 10:43:47 MTM=-42.00 Loss=0.01%
2026-08-06 10:43:48 INFO     strategy        PnL: 10:43:48 MTM=-33.00 Loss=0.01%
2026-08-06 10:43:49 INFO     strategy        PnL: 10:43:49 MTM=-3.00 Loss=0.00%
2026-08-06 10:43:50 INFO     strategy        PnL: 10:43:50 MTM=2.00 Profit=0.00%
2026-08-06 10:43:51 INFO     strategy        PnL: 10:43:51 MTM=-26.00 Loss=0.00%
2026-08-06 10:43:52 INFO     strategy        PnL: 10:43:52 MTM=-5.00 Loss=0.00%
2026-08-06 10:43:53 INFO     strategy        PnL: 10:43:53 MTM=-6.00 Loss=0.00%
2026-08-06 10:43:54 INFO     strategy        PnL: 10:43:54 MTM=-55.00 Loss=0.01%
2026-08-06 10:43:55 INFO     strategy        PnL: 10:43:55 MTM=-44.00 Loss=0.01%
2026-08-06 10:43:56 INFO     strategy        PnL: 10:43:56 MTM=-30.00 Loss=0.00%
2026-08-06 10:43:57 INFO     strategy        PnL: 10:43:57 MTM=-32.00 Loss=0.00%
2026-08-06 10:43:58 INFO     strategy        PnL: 10:43:58 MTM=-22.00 Loss=0.00%
2026-08-06 10:43:59 INFO     strategy        PnL: 10:43:59 MTM=-15.00 Loss=0.00%
2026-08-06 10:44:00 INFO     strategy        PnL: 10:44:00 MTM=-11.00 Loss=0.00%
2026-08-06 10:44:01 INFO     strategy        PnL: 10:44:01 MTM=-10.00 Loss=0.00%
2026-08-06 10:44:02 INFO     strategy        PnL: 10:44:02 MTM=-3.00 Loss=0.00%
2026-08-06 10:44:03 INFO     strategy        PnL: 10:44:03 MTM=-21.00 Loss=0.00%
2026-08-06 10:44:04 INFO     strategy        PnL: 10:44:04 MTM=-33.00 Loss=0.01%
2026-08-06 10:44:05 INFO     strategy        PnL: 10:44:05 MTM=5.00 Profit=0.00%
2026-08-06 10:44:06 INFO     strategy        PnL: 10:44:06 MTM=-37.00 Loss=0.01%
2026-08-06 10:44:07 INFO     strategy        PnL: 10:44:07 MTM=-6.00 Loss=0.00%
2026-08-06 10:44:08 INFO     strategy        PnL: 10:44:08 MTM=21.00 Profit=0.00%
2026-08-06 10:44:09 INFO     strategy        PnL: 10:44:09 MTM=-39.00 Loss=0.01%
2026-08-06 10:44:10 INFO     strategy        PnL: 10:44:10 MTM=1.00 Profit=0.00%
2026-08-06 10:44:11 INFO     strategy        PnL: 10:44:11 MTM=-2.00 Loss=0.00%
2026-08-06 10:44:12 INFO     strategy        PnL: 10:44:12 MTM=-14.00 Loss=0.00%
2026-08-06 10:44:13 INFO     strategy        PnL: 10:44:13 MTM=31.00 Profit=0.00%
2026-08-06 10:44:14 INFO     strategy        PnL: 10:44:14 MTM=14.00 Profit=0.00%
2026-08-06 10:44:15 INFO     strategy        PnL: 10:44:15 MTM=-3.00 Loss=0.00%
2026-08-06 10:44:16 INFO     strategy        PnL: 10:44:16 MTM=32.00 Profit=0.00%
2026-08-06 10:44:17 INFO     strategy        PnL: 10:44:17 MTM=41.00 Profit=0.01%
2026-08-06 10:44:18 INFO     strategy        PnL: 10:44:18 MTM=-19.00 Loss=0.00%
2026-08-06 10:44:19 INFO     strategy        PnL: 10:44:19 MTM=-12.00 Loss=0.00%
2026-08-06 10:44:20 INFO     strategy        PnL: 10:44:20 MTM=18.00 Profit=0.00%
2026-08-06 10:44:21 INFO     strategy        PnL: 10:44:21 MTM=110.00 Profit=0.02%
2026-08-06 10:44:22 INFO     strategy        PnL: 10:44:22 MTM=19.00 Profit=0.00%
2026-08-06 10:44:23 INFO     strategy        PnL: 10:44:23 MTM=-12.00 Loss=0.00%
2026-08-06 10:44:24 INFO     strategy        PnL: 10:44:24 MTM=27.00 Profit=0.00%
2026-08-06 10:44:25 INFO     strategy        PnL: 10:44:25 MTM=21.00 Profit=0.00%
2026-08-06 10:44:26 INFO     strategy        PnL: 10:44:26 MTM=16.00 Profit=0.00%
2026-08-06 10:44:27 INFO     strategy        PnL: 10:44:27 MTM=28.00 Profit=0.00%
2026-08-06 10:44:28 INFO     strategy        PnL: 10:44:28 MTM=30.00 Profit=0.00%
2026-08-06 10:44:29 INFO     strategy        PnL: 10:44:29 MTM=32.00 Profit=0.00%
2026-08-06 10:44:30 INFO     strategy        PnL: 10:44:30 MTM=-42.00 Loss=0.01%
2026-08-06 10:44:31 INFO     strategy        PnL: 10:44:31 MTM=-24.00 Loss=0.00%
2026-08-06 10:44:32 INFO     strategy        PnL: 10:44:32 MTM=0.00 Profit=0.00%
2026-08-06 10:44:33 INFO     strategy        PnL: 10:44:33 MTM=28.00 Profit=0.00%
2026-08-06 10:44:34 INFO     strategy        PnL: 10:44:34 MTM=-34.00 Loss=0.01%
2026-08-06 10:44:35 INFO     strategy        PnL: 10:44:35 MTM=31.00 Profit=0.00%
2026-08-06 10:44:36 INFO     strategy        PnL: 10:44:36 MTM=-8.00 Loss=0.00%
2026-08-06 10:44:37 INFO     strategy        PnL: 10:44:37 MTM=46.00 Profit=0.01%
2026-08-06 10:44:38 INFO     strategy        PnL: 10:44:38 MTM=10.00 Profit=0.00%
2026-08-06 10:44:39 INFO     strategy        PnL: 10:44:39 MTM=-4.00 Loss=0.00%
2026-08-06 10:44:40 INFO     strategy        PnL: 10:44:40 MTM=6.00 Profit=0.00%
2026-08-06 10:44:41 INFO     strategy        PnL: 10:44:41 MTM=20.00 Profit=0.00%
2026-08-06 10:44:42 INFO     strategy        PnL: 10:44:42 MTM=10.00 Profit=0.00%
2026-08-06 10:44:43 INFO     strategy        PnL: 10:44:43 MTM=6.00 Profit=0.00%
2026-08-06 10:44:44 INFO     strategy        PnL: 10:44:44 MTM=27.00 Profit=0.00%
2026-08-06 10:44:45 INFO     strategy        PnL: 10:44:45 MTM=33.00 Profit=0.01%
2026-08-06 10:44:46 INFO     strategy        PnL: 10:44:46 MTM=2.00 Profit=0.00%
2026-08-06 10:44:47 INFO     strategy        PnL: 10:44:47 MTM=19.00 Profit=0.00%
2026-08-06 10:44:48 INFO     strategy        PnL: 10:44:48 MTM=14.00 Profit=0.00%
2026-08-06 10:44:49 INFO     strategy        PnL: 10:44:49 MTM=25.00 Profit=0.00%
2026-08-06 10:44:50 INFO     strategy        PnL: 10:44:50 MTM=22.00 Profit=0.00%
2026-08-06 10:44:51 INFO     strategy        PnL: 10:44:51 MTM=13.00 Profit=0.00%
2026-08-06 10:44:52 INFO     strategy        PnL: 10:44:52 MTM=58.00 Profit=0.01%
2026-08-06 10:44:53 INFO     strategy        PnL: 10:44:53 MTM=-3.00 Loss=0.00%
2026-08-06 10:44:54 INFO     strategy        PnL: 10:44:54 MTM=42.00 Profit=0.01%
2026-08-06 10:44:56 INFO     strategy        PnL: 10:44:56 MTM=4.00 Profit=0.00%
2026-08-06 10:44:57 INFO     strategy        PnL: 10:44:57 MTM=20.00 Profit=0.00%
2026-08-06 10:44:58 INFO     strategy        PnL: 10:44:58 MTM=-48.00 Loss=0.01%
2026-08-06 10:44:59 INFO     strategy        PnL: 10:44:59 MTM=41.00 Profit=0.01%
2026-08-06 10:45:00 INFO     strategy        PnL: 10:45:00 MTM=16.00 Profit=0.00%
2026-08-06 10:45:01 INFO     strategy        PnL: 10:45:01 MTM=22.00 Profit=0.00%
2026-08-06 10:45:02 INFO     strategy        PnL: 10:45:02 MTM=41.00 Profit=0.01%
2026-08-06 10:45:03 INFO     strategy        PnL: 10:45:03 MTM=13.00 Profit=0.00%
2026-08-06 10:45:04 INFO     strategy        PnL: 10:45:04 MTM=55.00 Profit=0.01%
2026-08-06 10:45:05 INFO     strategy        PnL: 10:45:05 MTM=57.00 Profit=0.01%
2026-08-06 10:45:06 INFO     strategy        PnL: 10:45:06 MTM=50.00 Profit=0.01%
2026-08-06 10:45:07 INFO     strategy        PnL: 10:45:07 MTM=18.00 Profit=0.00%
2026-08-06 10:45:08 INFO     strategy        PnL: 10:45:08 MTM=53.00 Profit=0.01%
2026-08-06 10:45:09 INFO     strategy        PnL: 10:45:09 MTM=35.00 Profit=0.01%
2026-08-06 10:45:10 INFO     strategy        PnL: 10:45:10 MTM=45.00 Profit=0.01%
2026-08-06 10:45:11 INFO     strategy        PnL: 10:45:11 MTM=14.00 Profit=0.00%
2026-08-06 10:45:12 INFO     strategy        PnL: 10:45:12 MTM=14.00 Profit=0.00%
2026-08-06 10:45:13 INFO     strategy        PnL: 10:45:13 MTM=52.00 Profit=0.01%
2026-08-06 10:45:14 INFO     strategy        PnL: 10:45:14 MTM=24.00 Profit=0.00%
2026-08-06 10:45:15 INFO     strategy        PnL: 10:45:15 MTM=32.00 Profit=0.00%
2026-08-06 10:45:16 INFO     strategy        PnL: 10:45:16 MTM=23.00 Profit=0.00%
2026-08-06 10:45:17 INFO     strategy        PnL: 10:45:17 MTM=77.00 Profit=0.01%
2026-08-06 10:45:18 INFO     strategy        PnL: 10:45:18 MTM=49.00 Profit=0.01%
2026-08-06 10:45:19 INFO     strategy        PnL: 10:45:19 MTM=82.00 Profit=0.01%
2026-08-06 10:45:20 INFO     strategy        PnL: 10:45:20 MTM=73.00 Profit=0.01%
2026-08-06 10:45:21 INFO     strategy        PnL: 10:45:21 MTM=53.00 Profit=0.01%
2026-08-06 10:45:22 INFO     strategy        PnL: 10:45:22 MTM=90.00 Profit=0.01%
2026-08-06 10:45:23 INFO     strategy        PnL: 10:45:23 MTM=67.00 Profit=0.01%
2026-08-06 10:45:24 INFO     strategy        PnL: 10:45:24 MTM=59.00 Profit=0.01%
2026-08-06 10:45:25 INFO     strategy        PnL: 10:45:25 MTM=71.00 Profit=0.01%
2026-08-06 10:45:26 INFO     strategy        PnL: 10:45:26 MTM=127.00 Profit=0.02%
2026-08-06 10:45:27 INFO     strategy        PnL: 10:45:27 MTM=108.00 Profit=0.02%
2026-08-06 10:45:28 INFO     strategy        PnL: 10:45:28 MTM=65.00 Profit=0.01%
2026-08-06 10:45:29 INFO     strategy        PnL: 10:45:29 MTM=99.00 Profit=0.02%
2026-08-06 10:45:30 INFO     strategy        PnL: 10:45:30 MTM=126.00 Profit=0.02%
2026-08-06 10:45:31 INFO     strategy        PnL: 10:45:31 MTM=123.00 Profit=0.02%
2026-08-06 10:45:32 INFO     strategy        PnL: 10:45:32 MTM=98.00 Profit=0.02%
2026-08-06 10:45:33 INFO     strategy        PnL: 10:45:33 MTM=102.00 Profit=0.02%
2026-08-06 10:45:34 INFO     strategy        PnL: 10:45:34 MTM=86.00 Profit=0.01%
2026-08-06 10:45:35 INFO     strategy        PnL: 10:45:35 MTM=177.00 Profit=0.03%
2026-08-06 10:45:36 INFO     strategy        PnL: 10:45:36 MTM=99.00 Profit=0.02%
2026-08-06 10:45:37 INFO     strategy        PnL: 10:45:37 MTM=94.00 Profit=0.01%
2026-08-06 10:45:38 INFO     strategy        PnL: 10:45:38 MTM=70.00 Profit=0.01%
2026-08-06 10:45:39 INFO     strategy        PnL: 10:45:39 MTM=90.00 Profit=0.01%
2026-08-06 10:45:40 INFO     strategy        PnL: 10:45:40 MTM=90.00 Profit=0.01%
2026-08-06 10:45:41 INFO     strategy        PnL: 10:45:41 MTM=73.00 Profit=0.01%
2026-08-06 10:45:42 INFO     strategy        PnL: 10:45:42 MTM=120.00 Profit=0.02%
2026-08-06 10:45:43 INFO     strategy        PnL: 10:45:43 MTM=71.00 Profit=0.01%
2026-08-06 10:45:44 INFO     strategy        PnL: 10:45:44 MTM=42.00 Profit=0.01%
2026-08-06 10:45:45 INFO     strategy        PnL: 10:45:45 MTM=45.00 Profit=0.01%
2026-08-06 10:45:46 INFO     strategy        PnL: 10:45:46 MTM=3.00 Profit=0.00%
2026-08-06 10:45:47 INFO     strategy        PnL: 10:45:47 MTM=73.00 Profit=0.01%
2026-08-06 10:45:48 INFO     strategy        PnL: 10:45:48 MTM=46.00 Profit=0.01%
2026-08-06 10:45:49 INFO     strategy        PnL: 10:45:49 MTM=115.00 Profit=0.02%
2026-08-06 10:45:50 INFO     strategy        PnL: 10:45:50 MTM=84.00 Profit=0.01%
2026-08-06 10:45:51 INFO     strategy        PnL: 10:45:51 MTM=96.00 Profit=0.01%
2026-08-06 10:45:52 INFO     strategy        PnL: 10:45:52 MTM=58.00 Profit=0.01%
2026-08-06 10:45:53 INFO     strategy        PnL: 10:45:53 MTM=111.00 Profit=0.02%
2026-08-06 10:45:54 INFO     strategy        PnL: 10:45:54 MTM=57.00 Profit=0.01%
2026-08-06 10:45:55 INFO     strategy        PnL: 10:45:55 MTM=56.00 Profit=0.01%
2026-08-06 10:45:56 INFO     strategy        PnL: 10:45:56 MTM=115.00 Profit=0.02%
2026-08-06 10:45:57 INFO     strategy        PnL: 10:45:57 MTM=101.00 Profit=0.02%
2026-08-06 10:45:58 INFO     strategy        PnL: 10:45:58 MTM=94.00 Profit=0.01%
2026-08-06 10:45:59 INFO     strategy        PnL: 10:45:59 MTM=103.00 Profit=0.02%
2026-08-06 10:46:00 INFO     strategy        PnL: 10:46:00 MTM=68.00 Profit=0.01%
2026-08-06 10:46:01 INFO     strategy        PnL: 10:46:01 MTM=112.00 Profit=0.02%
2026-08-06 10:46:02 INFO     strategy        PnL: 10:46:02 MTM=95.00 Profit=0.01%
2026-08-06 10:46:03 INFO     strategy        PnL: 10:46:03 MTM=78.00 Profit=0.01%
2026-08-06 10:46:04 INFO     strategy        PnL: 10:46:04 MTM=117.00 Profit=0.02%
2026-08-06 10:46:05 INFO     strategy        PnL: 10:46:05 MTM=57.00 Profit=0.01%
2026-08-06 10:46:06 INFO     strategy        PnL: 10:46:06 MTM=78.00 Profit=0.01%
2026-08-06 10:46:07 INFO     strategy        PnL: 10:46:07 MTM=88.00 Profit=0.01%
2026-08-06 10:46:08 INFO     strategy        PnL: 10:46:08 MTM=92.00 Profit=0.01%
2026-08-06 10:46:09 INFO     strategy        PnL: 10:46:09 MTM=86.00 Profit=0.01%
2026-08-06 10:46:10 INFO     strategy        PnL: 10:46:10 MTM=63.00 Profit=0.01%
2026-08-06 10:46:11 INFO     strategy        PnL: 10:46:11 MTM=73.00 Profit=0.01%
2026-08-06 10:46:12 INFO     strategy        PnL: 10:46:12 MTM=137.00 Profit=0.02%
2026-08-06 10:46:13 INFO     strategy        PnL: 10:46:13 MTM=61.00 Profit=0.01%
2026-08-06 10:46:14 INFO     strategy        PnL: 10:46:14 MTM=66.00 Profit=0.01%
2026-08-06 10:46:15 INFO     strategy        PnL: 10:46:15 MTM=66.00 Profit=0.01%
2026-08-06 10:46:16 INFO     strategy        PnL: 10:46:16 MTM=54.00 Profit=0.01%
2026-08-06 10:46:17 INFO     strategy        PnL: 10:46:17 MTM=48.00 Profit=0.01%
2026-08-06 10:46:18 INFO     strategy        PnL: 10:46:18 MTM=77.00 Profit=0.01%
2026-08-06 10:46:19 INFO     strategy        PnL: 10:46:19 MTM=86.00 Profit=0.01%
2026-08-06 10:46:20 INFO     strategy        PnL: 10:46:20 MTM=22.00 Profit=0.00%
2026-08-06 10:46:21 INFO     strategy        PnL: 10:46:21 MTM=51.00 Profit=0.01%
2026-08-06 10:46:22 INFO     strategy        PnL: 10:46:22 MTM=51.00 Profit=0.01%
2026-08-06 10:46:23 INFO     strategy        PnL: 10:46:23 MTM=-25.00 Loss=0.00%
2026-08-06 10:46:24 INFO     strategy        PnL: 10:46:24 MTM=-5.00 Loss=0.00%
2026-08-06 10:46:25 INFO     strategy        PnL: 10:46:25 MTM=25.00 Profit=0.00%
2026-08-06 10:46:26 INFO     strategy        PnL: 10:46:26 MTM=9.00 Profit=0.00%
2026-08-06 10:46:27 INFO     strategy        PnL: 10:46:27 MTM=-21.00 Loss=0.00%
2026-08-06 10:46:28 INFO     strategy        PnL: 10:46:28 MTM=17.00 Profit=0.00%
2026-08-06 10:46:29 INFO     strategy        PnL: 10:46:29 MTM=43.00 Profit=0.01%
2026-08-06 10:46:30 INFO     strategy        PnL: 10:46:30 MTM=6.00 Profit=0.00%
2026-08-06 10:46:31 INFO     strategy        PnL: 10:46:31 MTM=22.00 Profit=0.00%
2026-08-06 10:46:32 INFO     strategy        PnL: 10:46:32 MTM=39.00 Profit=0.01%
2026-08-06 10:46:33 INFO     strategy        PnL: 10:46:33 MTM=-6.00 Loss=0.00%
2026-08-06 10:46:34 INFO     strategy        PnL: 10:46:34 MTM=9.00 Profit=0.00%
2026-08-06 10:46:35 INFO     strategy        PnL: 10:46:35 MTM=48.00 Profit=0.01%
2026-08-06 10:46:36 INFO     strategy        PnL: 10:46:36 MTM=39.00 Profit=0.01%
2026-08-06 10:46:37 INFO     strategy        PnL: 10:46:37 MTM=84.00 Profit=0.01%
2026-08-06 10:46:38 INFO     strategy        PnL: 10:46:38 MTM=27.00 Profit=0.00%
2026-08-06 10:46:39 INFO     strategy        PnL: 10:46:39 MTM=14.00 Profit=0.00%
2026-08-06 10:46:40 INFO     strategy        PnL: 10:46:40 MTM=63.00 Profit=0.01%
2026-08-06 10:46:41 INFO     strategy        PnL: 10:46:41 MTM=-10.00 Loss=0.00%
2026-08-06 10:46:42 INFO     strategy        PnL: 10:46:42 MTM=75.00 Profit=0.01%
2026-08-06 10:46:43 INFO     strategy        PnL: 10:46:43 MTM=70.00 Profit=0.01%
2026-08-06 10:46:44 INFO     strategy        PnL: 10:46:44 MTM=33.00 Profit=0.01%
2026-08-06 10:46:46 INFO     strategy        PnL: 10:46:46 MTM=57.00 Profit=0.01%
2026-08-06 10:46:47 INFO     strategy        PnL: 10:46:47 MTM=24.00 Profit=0.00%
2026-08-06 10:46:48 INFO     strategy        PnL: 10:46:48 MTM=32.00 Profit=0.00%
2026-08-06 10:46:49 INFO     strategy        PnL: 10:46:49 MTM=44.00 Profit=0.01%
2026-08-06 10:46:50 INFO     strategy        PnL: 10:46:50 MTM=57.00 Profit=0.01%
2026-08-06 10:46:51 INFO     strategy        PnL: 10:46:51 MTM=58.00 Profit=0.01%
2026-08-06 10:46:52 INFO     strategy        PnL: 10:46:52 MTM=63.00 Profit=0.01%
2026-08-06 10:46:53 INFO     strategy        PnL: 10:46:53 MTM=73.00 Profit=0.01%
2026-08-06 10:46:54 INFO     strategy        PnL: 10:46:54 MTM=68.00 Profit=0.01%
2026-08-06 10:46:55 INFO     strategy        PnL: 10:46:55 MTM=-2.00 Loss=0.00%
2026-08-06 10:46:56 INFO     strategy        PnL: 10:46:56 MTM=72.00 Profit=0.01%
2026-08-06 10:46:57 INFO     strategy        PnL: 10:46:57 MTM=17.00 Profit=0.00%
2026-08-06 10:46:58 INFO     strategy        PnL: 10:46:58 MTM=-10.00 Loss=0.00%
2026-08-06 10:46:59 INFO     strategy        PnL: 10:46:59 MTM=12.00 Profit=0.00%
2026-08-06 10:47:00 INFO     strategy        PnL: 10:47:00 MTM=26.00 Profit=0.00%
2026-08-06 10:47:01 INFO     strategy        PnL: 10:47:01 MTM=58.00 Profit=0.01%
2026-08-06 10:47:02 INFO     strategy        PnL: 10:47:02 MTM=43.00 Profit=0.01%
2026-08-06 10:47:03 INFO     strategy        PnL: 10:47:03 MTM=1.00 Profit=0.00%
2026-08-06 10:47:04 INFO     strategy        PnL: 10:47:04 MTM=-2.00 Loss=0.00%
2026-08-06 10:47:05 INFO     strategy        PnL: 10:47:05 MTM=22.00 Profit=0.00%
2026-08-06 10:47:06 INFO     strategy        PnL: 10:47:06 MTM=17.00 Profit=0.00%
2026-08-06 10:47:07 INFO     strategy        PnL: 10:47:07 MTM=21.00 Profit=0.00%
2026-08-06 10:47:08 INFO     strategy        PnL: 10:47:08 MTM=31.00 Profit=0.00%
2026-08-06 10:47:09 INFO     strategy        PnL: 10:47:09 MTM=62.00 Profit=0.01%
2026-08-06 10:47:10 INFO     strategy        PnL: 10:47:10 MTM=32.00 Profit=0.00%
2026-08-06 10:47:11 INFO     strategy        PnL: 10:47:11 MTM=-19.00 Loss=0.00%
2026-08-06 10:47:12 INFO     strategy        PnL: 10:47:12 MTM=17.00 Profit=0.00%
2026-08-06 10:47:13 INFO     strategy        PnL: 10:47:13 MTM=53.00 Profit=0.01%
2026-08-06 10:47:14 INFO     strategy        PnL: 10:47:14 MTM=105.00 Profit=0.02%
2026-08-06 10:47:15 INFO     strategy        PnL: 10:47:15 MTM=60.00 Profit=0.01%
2026-08-06 10:47:16 INFO     strategy        PnL: 10:47:16 MTM=25.00 Profit=0.00%
2026-08-06 10:47:17 INFO     strategy        PnL: 10:47:17 MTM=-21.00 Loss=0.00%
2026-08-06 10:47:18 INFO     strategy        PnL: 10:47:18 MTM=-11.00 Loss=0.00%
2026-08-06 10:47:19 INFO     strategy        PnL: 10:47:19 MTM=19.00 Profit=0.00%
2026-08-06 10:47:20 INFO     strategy        PnL: 10:47:20 MTM=49.00 Profit=0.01%
2026-08-06 10:47:21 INFO     strategy        PnL: 10:47:21 MTM=37.00 Profit=0.01%
2026-08-06 10:47:22 INFO     strategy        PnL: 10:47:22 MTM=55.00 Profit=0.01%
2026-08-06 10:47:23 INFO     strategy        PnL: 10:47:23 MTM=143.00 Profit=0.02%
2026-08-06 10:47:24 INFO     strategy        PnL: 10:47:24 MTM=-13.00 Loss=0.00%
2026-08-06 10:47:25 INFO     strategy        PnL: 10:47:25 MTM=13.00 Profit=0.00%
2026-08-06 10:47:26 INFO     strategy        PnL: 10:47:26 MTM=-33.00 Loss=0.01%
2026-08-06 10:47:27 INFO     strategy        PnL: 10:47:27 MTM=34.00 Profit=0.01%
2026-08-06 10:47:28 INFO     strategy        PnL: 10:47:28 MTM=-9.00 Loss=0.00%
2026-08-06 10:47:29 INFO     strategy        PnL: 10:47:29 MTM=-10.00 Loss=0.00%
2026-08-06 10:47:30 INFO     strategy        PnL: 10:47:30 MTM=20.00 Profit=0.00%
2026-08-06 10:47:31 INFO     strategy        PnL: 10:47:31 MTM=133.00 Profit=0.02%
2026-08-06 10:47:32 INFO     strategy        PnL: 10:47:32 MTM=20.00 Profit=0.00%
2026-08-06 10:47:33 INFO     strategy        PnL: 10:47:33 MTM=18.00 Profit=0.00%
2026-08-06 10:47:34 INFO     strategy        PnL: 10:47:34 MTM=-3.00 Loss=0.00%
2026-08-06 10:47:35 INFO     strategy        PnL: 10:47:35 MTM=5.00 Profit=0.00%
2026-08-06 10:47:36 INFO     strategy        PnL: 10:47:36 MTM=16.00 Profit=0.00%
2026-08-06 10:47:37 INFO     strategy        PnL: 10:47:37 MTM=0.00 Profit=0.00%
2026-08-06 10:47:38 INFO     strategy        PnL: 10:47:38 MTM=-7.00 Loss=0.00%
2026-08-06 10:47:39 INFO     strategy        PnL: 10:47:39 MTM=-17.00 Loss=0.00%
2026-08-06 10:47:40 INFO     strategy        PnL: 10:47:40 MTM=10.00 Profit=0.00%
2026-08-06 10:47:41 INFO     strategy        PnL: 10:47:41 MTM=-23.00 Loss=0.00%
2026-08-06 10:47:42 INFO     strategy        PnL: 10:47:42 MTM=-20.00 Loss=0.00%
2026-08-06 10:47:43 INFO     strategy        PnL: 10:47:43 MTM=-22.00 Loss=0.00%
2026-08-06 10:47:44 INFO     strategy        PnL: 10:47:44 MTM=5.00 Profit=0.00%
2026-08-06 10:47:45 INFO     strategy        PnL: 10:47:45 MTM=23.00 Profit=0.00%
2026-08-06 10:47:46 INFO     strategy        PnL: 10:47:46 MTM=13.00 Profit=0.00%
2026-08-06 10:47:47 INFO     strategy        PnL: 10:47:47 MTM=-9.00 Loss=0.00%
2026-08-06 10:47:48 INFO     strategy        PnL: 10:47:48 MTM=10.00 Profit=0.00%
2026-08-06 10:47:49 INFO     strategy        PnL: 10:47:49 MTM=52.00 Profit=0.01%
2026-08-06 10:47:50 INFO     strategy        PnL: 10:47:50 MTM=46.00 Profit=0.01%
2026-08-06 10:47:51 INFO     strategy        PnL: 10:47:51 MTM=33.00 Profit=0.01%
2026-08-06 10:47:52 INFO     strategy        PnL: 10:47:52 MTM=73.00 Profit=0.01%
2026-08-06 10:47:53 INFO     strategy        PnL: 10:47:53 MTM=39.00 Profit=0.01%
2026-08-06 10:47:54 INFO     strategy        PnL: 10:47:54 MTM=86.00 Profit=0.01%
2026-08-06 10:47:55 INFO     strategy        PnL: 10:47:55 MTM=58.00 Profit=0.01%
2026-08-06 10:47:56 INFO     strategy        PnL: 10:47:56 MTM=78.00 Profit=0.01%
2026-08-06 10:47:57 INFO     strategy        PnL: 10:47:57 MTM=36.00 Profit=0.01%
2026-08-06 10:47:58 INFO     strategy        PnL: 10:47:58 MTM=52.00 Profit=0.01%
2026-08-06 10:47:59 INFO     strategy        PnL: 10:47:59 MTM=35.00 Profit=0.01%
2026-08-06 10:48:00 INFO     strategy        PnL: 10:48:00 MTM=100.00 Profit=0.02%
2026-08-06 10:48:01 INFO     strategy        PnL: 10:48:01 MTM=12.00 Profit=0.00%
2026-08-06 10:48:02 INFO     strategy        PnL: 10:48:02 MTM=73.00 Profit=0.01%
2026-08-06 10:48:03 INFO     strategy        PnL: 10:48:03 MTM=81.00 Profit=0.01%
2026-08-06 10:48:04 INFO     strategy        PnL: 10:48:04 MTM=100.00 Profit=0.02%
2026-08-06 10:48:05 INFO     strategy        PnL: 10:48:05 MTM=104.00 Profit=0.02%
2026-08-06 10:48:06 INFO     strategy        PnL: 10:48:06 MTM=94.00 Profit=0.01%
2026-08-06 10:48:07 INFO     strategy        PnL: 10:48:07 MTM=71.00 Profit=0.01%
2026-08-06 10:48:08 INFO     strategy        PnL: 10:48:08 MTM=85.00 Profit=0.01%
2026-08-06 10:48:09 INFO     strategy        PnL: 10:48:09 MTM=16.00 Profit=0.00%
2026-08-06 10:48:10 INFO     strategy        PnL: 10:48:10 MTM=44.00 Profit=0.01%
2026-08-06 10:48:11 INFO     strategy        PnL: 10:48:11 MTM=63.00 Profit=0.01%
2026-08-06 10:48:12 INFO     strategy        PnL: 10:48:12 MTM=55.00 Profit=0.01%
2026-08-06 10:48:13 INFO     strategy        PnL: 10:48:13 MTM=77.00 Profit=0.01%
2026-08-06 10:48:14 INFO     strategy        PnL: 10:48:14 MTM=76.00 Profit=0.01%
2026-08-06 10:48:15 INFO     strategy        PnL: 10:48:15 MTM=65.00 Profit=0.01%
2026-08-06 10:48:16 INFO     strategy        PnL: 10:48:16 MTM=92.00 Profit=0.01%
2026-08-06 10:48:17 INFO     strategy        PnL: 10:48:17 MTM=72.00 Profit=0.01%
2026-08-06 10:48:18 INFO     strategy        PnL: 10:48:18 MTM=68.00 Profit=0.01%
2026-08-06 10:48:19 INFO     strategy        PnL: 10:48:19 MTM=100.00 Profit=0.02%
2026-08-06 10:48:20 INFO     strategy        PnL: 10:48:20 MTM=78.00 Profit=0.01%
2026-08-06 10:48:21 INFO     strategy        PnL: 10:48:21 MTM=184.00 Profit=0.03%
2026-08-06 10:48:22 INFO     strategy        PnL: 10:48:22 MTM=124.00 Profit=0.02%
2026-08-06 10:48:23 INFO     strategy        PnL: 10:48:23 MTM=48.00 Profit=0.01%
2026-08-06 10:48:24 INFO     strategy        PnL: 10:48:24 MTM=91.00 Profit=0.01%
2026-08-06 10:48:25 INFO     strategy        PnL: 10:48:25 MTM=-59.00 Loss=0.01%
2026-08-06 10:48:26 INFO     strategy        PnL: 10:48:26 MTM=52.00 Profit=0.01%
2026-08-06 10:48:27 INFO     strategy        PnL: 10:48:27 MTM=-11.00 Loss=0.00%
2026-08-06 10:48:28 INFO     strategy        PnL: 10:48:28 MTM=21.00 Profit=0.00%
2026-08-06 10:48:29 INFO     strategy        PnL: 10:48:29 MTM=47.00 Profit=0.01%
2026-08-06 10:48:30 INFO     strategy        PnL: 10:48:30 MTM=53.00 Profit=0.01%
2026-08-06 10:48:31 INFO     strategy        PnL: 10:48:31 MTM=47.00 Profit=0.01%
2026-08-06 10:48:32 INFO     strategy        PnL: 10:48:32 MTM=104.00 Profit=0.02%
2026-08-06 10:48:33 INFO     strategy        PnL: 10:48:33 MTM=-14.00 Loss=0.00%
2026-08-06 10:48:34 INFO     strategy        PnL: 10:48:34 MTM=26.00 Profit=0.00%
2026-08-06 10:48:35 INFO     strategy        PnL: 10:48:35 MTM=51.00 Profit=0.01%
2026-08-06 10:48:36 INFO     strategy        PnL: 10:48:36 MTM=48.00 Profit=0.01%
2026-08-06 10:48:37 INFO     strategy        PnL: 10:48:37 MTM=6.00 Profit=0.00%
2026-08-06 10:48:38 INFO     strategy        PnL: 10:48:38 MTM=32.00 Profit=0.00%
2026-08-06 10:48:39 INFO     strategy        PnL: 10:48:39 MTM=67.00 Profit=0.01%
2026-08-06 10:48:41 INFO     strategy        PnL: 10:48:41 MTM=23.00 Profit=0.00%
2026-08-06 10:48:42 INFO     strategy        PnL: 10:48:42 MTM=41.00 Profit=0.01%
2026-08-06 10:48:43 INFO     strategy        PnL: 10:48:43 MTM=72.00 Profit=0.01%
2026-08-06 10:48:44 INFO     strategy        PnL: 10:48:44 MTM=90.00 Profit=0.01%
2026-08-06 10:48:45 INFO     strategy        PnL: 10:48:45 MTM=97.00 Profit=0.01%
2026-08-06 10:48:46 INFO     strategy        PnL: 10:48:46 MTM=74.00 Profit=0.01%
2026-08-06 10:48:47 INFO     strategy        PnL: 10:48:47 MTM=52.00 Profit=0.01%
2026-08-06 10:48:48 INFO     strategy        PnL: 10:48:48 MTM=60.00 Profit=0.01%
2026-08-06 10:48:49 INFO     strategy        PnL: 10:48:49 MTM=67.00 Profit=0.01%
2026-08-06 10:48:50 INFO     strategy        PnL: 10:48:50 MTM=70.00 Profit=0.01%
2026-08-06 10:48:51 INFO     strategy        PnL: 10:48:51 MTM=75.00 Profit=0.01%
2026-08-06 10:48:52 INFO     strategy        PnL: 10:48:52 MTM=45.00 Profit=0.01%
2026-08-06 10:48:53 INFO     strategy        PnL: 10:48:53 MTM=55.00 Profit=0.01%
2026-08-06 10:48:54 INFO     strategy        PnL: 10:48:54 MTM=57.00 Profit=0.01%
2026-08-06 10:48:55 INFO     strategy        PnL: 10:48:55 MTM=22.00 Profit=0.00%
2026-08-06 10:48:56 INFO     strategy        PnL: 10:48:56 MTM=77.00 Profit=0.01%
2026-08-06 10:48:57 INFO     strategy        PnL: 10:48:57 MTM=59.00 Profit=0.01%
2026-08-06 10:48:58 INFO     strategy        PnL: 10:48:58 MTM=53.00 Profit=0.01%
2026-08-06 10:48:59 INFO     strategy        PnL: 10:48:59 MTM=27.00 Profit=0.00%
2026-08-06 10:49:00 INFO     strategy        PnL: 10:49:00 MTM=42.00 Profit=0.01%
2026-08-06 10:49:01 INFO     strategy        PnL: 10:49:01 MTM=55.00 Profit=0.01%
2026-08-06 10:49:02 INFO     strategy        PnL: 10:49:02 MTM=14.00 Profit=0.00%
2026-08-06 10:49:03 INFO     strategy        PnL: 10:49:03 MTM=40.00 Profit=0.01%
2026-08-06 10:49:04 INFO     strategy        PnL: 10:49:04 MTM=68.00 Profit=0.01%
2026-08-06 10:49:05 INFO     strategy        PnL: 10:49:05 MTM=39.00 Profit=0.01%
2026-08-06 10:49:06 INFO     strategy        PnL: 10:49:06 MTM=10.00 Profit=0.00%
2026-08-06 10:49:07 INFO     strategy        PnL: 10:49:07 MTM=39.00 Profit=0.01%
2026-08-06 10:49:08 INFO     strategy        PnL: 10:49:08 MTM=32.00 Profit=0.00%
2026-08-06 10:49:09 INFO     strategy        PnL: 10:49:09 MTM=19.00 Profit=0.00%
2026-08-06 10:49:10 INFO     strategy        PnL: 10:49:10 MTM=92.00 Profit=0.01%
2026-08-06 10:49:11 INFO     strategy        PnL: 10:49:11 MTM=46.00 Profit=0.01%
2026-08-06 10:49:12 INFO     strategy        PnL: 10:49:12 MTM=69.00 Profit=0.01%
2026-08-06 10:49:13 INFO     strategy        PnL: 10:49:13 MTM=80.00 Profit=0.01%
2026-08-06 10:49:14 INFO     strategy        PnL: 10:49:14 MTM=36.00 Profit=0.01%
2026-08-06 10:49:15 INFO     strategy        PnL: 10:49:15 MTM=40.00 Profit=0.01%
2026-08-06 10:49:16 INFO     strategy        PnL: 10:49:16 MTM=35.00 Profit=0.01%
2026-08-06 10:49:17 INFO     strategy        PnL: 10:49:17 MTM=12.00 Profit=0.00%
2026-08-06 10:49:18 INFO     strategy        PnL: 10:49:18 MTM=24.00 Profit=0.00%
2026-08-06 10:49:19 INFO     strategy        PnL: 10:49:19 MTM=24.00 Profit=0.00%
2026-08-06 10:49:20 INFO     strategy        PnL: 10:49:20 MTM=54.00 Profit=0.01%
2026-08-06 10:49:21 INFO     strategy        PnL: 10:49:21 MTM=71.00 Profit=0.01%
2026-08-06 10:49:22 INFO     strategy        PnL: 10:49:22 MTM=75.00 Profit=0.01%
2026-08-06 10:49:23 INFO     strategy        PnL: 10:49:23 MTM=98.00 Profit=0.02%
2026-08-06 10:49:24 INFO     strategy        PnL: 10:49:24 MTM=85.00 Profit=0.01%
2026-08-06 10:49:25 INFO     strategy        PnL: 10:49:25 MTM=54.00 Profit=0.01%
2026-08-06 10:49:26 INFO     strategy        PnL: 10:49:26 MTM=49.00 Profit=0.01%
2026-08-06 10:49:27 INFO     strategy        PnL: 10:49:27 MTM=54.00 Profit=0.01%
2026-08-06 10:49:28 INFO     strategy        PnL: 10:49:28 MTM=55.00 Profit=0.01%
2026-08-06 10:49:29 INFO     strategy        PnL: 10:49:29 MTM=87.00 Profit=0.01%
2026-08-06 10:49:30 INFO     strategy        PnL: 10:49:30 MTM=65.00 Profit=0.01%
2026-08-06 10:49:31 INFO     strategy        PnL: 10:49:31 MTM=13.00 Profit=0.00%
2026-08-06 10:49:32 INFO     strategy        PnL: 10:49:32 MTM=68.00 Profit=0.01%
2026-08-06 10:49:33 INFO     strategy        PnL: 10:49:33 MTM=76.00 Profit=0.01%
2026-08-06 10:49:34 INFO     strategy        PnL: 10:49:34 MTM=45.00 Profit=0.01%
2026-08-06 10:49:35 INFO     strategy        PnL: 10:49:35 MTM=70.00 Profit=0.01%
2026-08-06 10:49:36 INFO     strategy        PnL: 10:49:36 MTM=103.00 Profit=0.02%
2026-08-06 10:49:37 INFO     strategy        PnL: 10:49:37 MTM=33.00 Profit=0.01%
2026-08-06 10:49:38 INFO     strategy        PnL: 10:49:38 MTM=24.00 Profit=0.00%
2026-08-06 10:49:39 INFO     strategy        PnL: 10:49:39 MTM=26.00 Profit=0.00%
2026-08-06 10:49:40 INFO     strategy        PnL: 10:49:40 MTM=122.00 Profit=0.02%
2026-08-06 10:49:41 INFO     strategy        PnL: 10:49:41 MTM=37.00 Profit=0.01%
2026-08-06 10:49:42 INFO     strategy        PnL: 10:49:42 MTM=82.00 Profit=0.01%
2026-08-06 10:49:43 INFO     strategy        PnL: 10:49:43 MTM=31.00 Profit=0.00%
2026-08-06 10:49:44 INFO     strategy        PnL: 10:49:44 MTM=64.00 Profit=0.01%
2026-08-06 10:49:45 INFO     strategy        PnL: 10:49:45 MTM=108.00 Profit=0.02%
2026-08-06 10:49:46 INFO     strategy        PnL: 10:49:46 MTM=74.00 Profit=0.01%
2026-08-06 10:49:47 INFO     strategy        PnL: 10:49:47 MTM=106.00 Profit=0.02%
2026-08-06 10:49:48 INFO     strategy        PnL: 10:49:48 MTM=103.00 Profit=0.02%
2026-08-06 10:49:49 INFO     strategy        PnL: 10:49:49 MTM=-123.00 Loss=0.02%
2026-08-06 10:49:50 INFO     strategy        PnL: 10:49:50 MTM=33.00 Profit=0.01%
2026-08-06 10:49:51 INFO     strategy        PnL: 10:49:51 MTM=69.00 Profit=0.01%
2026-08-06 10:49:52 INFO     strategy        PnL: 10:49:52 MTM=88.00 Profit=0.01%
2026-08-06 10:49:53 INFO     strategy        PnL: 10:49:53 MTM=44.00 Profit=0.01%
2026-08-06 10:49:54 INFO     strategy        PnL: 10:49:54 MTM=13.00 Profit=0.00%
2026-08-06 10:49:55 INFO     strategy        PnL: 10:49:55 MTM=58.00 Profit=0.01%
2026-08-06 10:49:56 INFO     strategy        PnL: 10:49:56 MTM=68.00 Profit=0.01%
2026-08-06 10:49:57 INFO     strategy        PnL: 10:49:57 MTM=27.00 Profit=0.00%
2026-08-06 10:49:58 INFO     strategy        PnL: 10:49:58 MTM=79.00 Profit=0.01%
2026-08-06 10:49:59 INFO     strategy        PnL: 10:49:59 MTM=92.00 Profit=0.01%
2026-08-06 10:50:00 INFO     strategy        PnL: 10:50:00 MTM=23.00 Profit=0.00%
2026-08-06 10:50:01 INFO     strategy        PnL: 10:50:01 MTM=33.00 Profit=0.01%
2026-08-06 10:50:02 INFO     strategy        PnL: 10:50:02 MTM=28.00 Profit=0.00%
2026-08-06 10:50:03 INFO     strategy        PnL: 10:50:03 MTM=12.00 Profit=0.00%
2026-08-06 10:50:04 INFO     strategy        PnL: 10:50:04 MTM=-12.00 Loss=0.00%
2026-08-06 10:50:05 INFO     strategy        PnL: 10:50:05 MTM=79.00 Profit=0.01%
2026-08-06 10:50:06 INFO     strategy        PnL: 10:50:06 MTM=57.00 Profit=0.01%
2026-08-06 10:50:07 INFO     strategy        PnL: 10:50:07 MTM=74.00 Profit=0.01%
2026-08-06 10:50:08 INFO     strategy        PnL: 10:50:08 MTM=25.00 Profit=0.00%
2026-08-06 10:50:09 INFO     strategy        PnL: 10:50:09 MTM=23.00 Profit=0.00%
2026-08-06 10:50:10 INFO     strategy        PnL: 10:50:10 MTM=47.00 Profit=0.01%
2026-08-06 10:50:11 INFO     strategy        PnL: 10:50:11 MTM=51.00 Profit=0.01%
2026-08-06 10:50:12 INFO     strategy        PnL: 10:50:12 MTM=30.00 Profit=0.00%
2026-08-06 10:50:13 INFO     strategy        PnL: 10:50:13 MTM=34.00 Profit=0.01%
2026-08-06 10:50:14 INFO     strategy        PnL: 10:50:14 MTM=35.00 Profit=0.01%
2026-08-06 10:50:15 INFO     strategy        PnL: 10:50:15 MTM=45.00 Profit=0.01%
2026-08-06 10:50:16 INFO     strategy        PnL: 10:50:16 MTM=50.00 Profit=0.01%
2026-08-06 10:50:17 INFO     strategy        PnL: 10:50:17 MTM=56.00 Profit=0.01%
2026-08-06 10:50:18 INFO     strategy        PnL: 10:50:18 MTM=44.00 Profit=0.01%
2026-08-06 10:50:19 INFO     strategy        PnL: 10:50:19 MTM=63.00 Profit=0.01%
2026-08-06 10:50:20 INFO     strategy        PnL: 10:50:20 MTM=29.00 Profit=0.00%
2026-08-06 10:50:21 INFO     strategy        PnL: 10:50:21 MTM=57.00 Profit=0.01%
2026-08-06 10:50:22 INFO     strategy        PnL: 10:50:22 MTM=28.00 Profit=0.00%
2026-08-06 10:50:23 INFO     strategy        PnL: 10:50:23 MTM=67.00 Profit=0.01%
2026-08-06 10:50:24 INFO     strategy        PnL: 10:50:24 MTM=55.00 Profit=0.01%
2026-08-06 10:50:25 INFO     strategy        PnL: 10:50:25 MTM=34.00 Profit=0.01%
2026-08-06 10:50:27 INFO     strategy        PnL: 10:50:27 MTM=28.00 Profit=0.00%
2026-08-06 10:50:28 INFO     strategy        PnL: 10:50:28 MTM=48.00 Profit=0.01%
2026-08-06 10:50:29 INFO     strategy        PnL: 10:50:29 MTM=90.00 Profit=0.01%
2026-08-06 10:50:30 INFO     strategy        PnL: 10:50:30 MTM=25.00 Profit=0.00%
2026-08-06 10:50:31 INFO     strategy        PnL: 10:50:31 MTM=76.00 Profit=0.01%
2026-08-06 10:50:32 INFO     strategy        PnL: 10:50:32 MTM=46.00 Profit=0.01%
2026-08-06 10:50:33 INFO     strategy        PnL: 10:50:33 MTM=18.00 Profit=0.00%
2026-08-06 10:50:34 INFO     strategy        PnL: 10:50:34 MTM=89.00 Profit=0.01%
2026-08-06 10:50:35 INFO     strategy        PnL: 10:50:35 MTM=70.00 Profit=0.01%
2026-08-06 10:50:36 INFO     strategy        PnL: 10:50:36 MTM=74.00 Profit=0.01%
2026-08-06 10:50:37 INFO     strategy        PnL: 10:50:37 MTM=63.00 Profit=0.01%
2026-08-06 10:50:38 INFO     strategy        PnL: 10:50:38 MTM=41.00 Profit=0.01%
2026-08-06 10:50:39 INFO     strategy        PnL: 10:50:39 MTM=36.00 Profit=0.01%
2026-08-06 10:50:40 INFO     strategy        PnL: 10:50:40 MTM=56.00 Profit=0.01%
2026-08-06 10:50:41 INFO     strategy        PnL: 10:50:41 MTM=57.00 Profit=0.01%
2026-08-06 10:50:42 INFO     strategy        PnL: 10:50:42 MTM=78.00 Profit=0.01%
2026-08-06 10:50:43 INFO     strategy        PnL: 10:50:43 MTM=51.00 Profit=0.01%
2026-08-06 10:50:44 INFO     strategy        PnL: 10:50:44 MTM=23.00 Profit=0.00%
2026-08-06 10:50:45 INFO     strategy        PnL: 10:50:45 MTM=8.00 Profit=0.00%
2026-08-06 10:50:46 INFO     strategy        PnL: 10:50:46 MTM=21.00 Profit=0.00%
2026-08-06 10:50:47 INFO     strategy        PnL: 10:50:47 MTM=8.00 Profit=0.00%
2026-08-06 10:50:48 INFO     strategy        PnL: 10:50:48 MTM=-19.00 Loss=0.00%
2026-08-06 10:50:49 INFO     strategy        PnL: 10:50:49 MTM=21.00 Profit=0.00%
2026-08-06 10:50:50 INFO     strategy        PnL: 10:50:50 MTM=-3.00 Loss=0.00%
2026-08-06 10:50:51 INFO     strategy        PnL: 10:50:51 MTM=10.00 Profit=0.00%
2026-08-06 10:50:52 INFO     strategy        PnL: 10:50:52 MTM=5.00 Profit=0.00%
2026-08-06 10:50:53 INFO     strategy        PnL: 10:50:53 MTM=6.00 Profit=0.00%
2026-08-06 10:50:54 INFO     strategy        PnL: 10:50:54 MTM=-0.00 Loss=0.00%
2026-08-06 10:50:55 INFO     strategy        PnL: 10:50:55 MTM=-8.00 Loss=0.00%
2026-08-06 10:50:56 INFO     strategy        PnL: 10:50:56 MTM=-8.00 Loss=0.00%
2026-08-06 10:50:57 INFO     strategy        PnL: 10:50:57 MTM=34.00 Profit=0.01%
2026-08-06 10:50:58 INFO     strategy        PnL: 10:50:58 MTM=24.00 Profit=0.00%
2026-08-06 10:50:59 INFO     strategy        PnL: 10:50:59 MTM=-28.00 Loss=0.00%
2026-08-06 10:51:00 INFO     strategy        PnL: 10:51:00 MTM=-44.00 Loss=0.01%
2026-08-06 10:51:01 INFO     strategy        PnL: 10:51:01 MTM=-12.00 Loss=0.00%
2026-08-06 10:51:02 INFO     strategy        PnL: 10:51:02 MTM=-10.00 Loss=0.00%
2026-08-06 10:51:03 INFO     strategy        PnL: 10:51:03 MTM=-1.00 Loss=0.00%
2026-08-06 10:51:04 INFO     strategy        PnL: 10:51:04 MTM=23.00 Profit=0.00%
2026-08-06 10:51:05 INFO     strategy        PnL: 10:51:05 MTM=8.00 Profit=0.00%
2026-08-06 10:51:06 INFO     strategy        PnL: 10:51:06 MTM=4.00 Profit=0.00%
2026-08-06 10:51:07 INFO     strategy        PnL: 10:51:07 MTM=19.00 Profit=0.00%
2026-08-06 10:51:08 INFO     strategy        PnL: 10:51:08 MTM=-3.00 Loss=0.00%
2026-08-06 10:51:09 INFO     strategy        PnL: 10:51:09 MTM=-33.00 Loss=0.01%
2026-08-06 10:51:10 INFO     strategy        PnL: 10:51:10 MTM=46.00 Profit=0.01%
2026-08-06 10:51:11 INFO     strategy        PnL: 10:51:11 MTM=1.00 Profit=0.00%
2026-08-06 10:51:12 INFO     strategy        PnL: 10:51:12 MTM=40.00 Profit=0.01%
2026-08-06 10:51:13 INFO     strategy        PnL: 10:51:13 MTM=-10.00 Loss=0.00%
2026-08-06 10:51:14 INFO     strategy        PnL: 10:51:14 MTM=3.00 Profit=0.00%
2026-08-06 10:51:15 INFO     strategy        PnL: 10:51:15 MTM=-58.00 Loss=0.01%
2026-08-06 10:51:16 INFO     strategy        PnL: 10:51:16 MTM=16.00 Profit=0.00%
2026-08-06 10:51:17 INFO     strategy        PnL: 10:51:17 MTM=-25.00 Loss=0.00%
2026-08-06 10:51:18 INFO     strategy        PnL: 10:51:18 MTM=-54.00 Loss=0.01%
2026-08-06 10:51:19 INFO     strategy        PnL: 10:51:19 MTM=-22.00 Loss=0.00%
2026-08-06 10:51:20 INFO     strategy        PnL: 10:51:20 MTM=-3.00 Loss=0.00%
2026-08-06 10:51:21 INFO     strategy        PnL: 10:51:21 MTM=-51.00 Loss=0.01%
2026-08-06 10:51:22 INFO     strategy        PnL: 10:51:22 MTM=-76.00 Loss=0.01%
2026-08-06 10:51:23 INFO     strategy        PnL: 10:51:23 MTM=-66.00 Loss=0.01%
2026-08-06 10:51:24 INFO     strategy        PnL: 10:51:24 MTM=-28.00 Loss=0.00%
2026-08-06 10:51:25 INFO     strategy        PnL: 10:51:25 MTM=-98.00 Loss=0.02%
2026-08-06 10:51:26 INFO     strategy        PnL: 10:51:26 MTM=-69.00 Loss=0.01%
2026-08-06 10:51:27 INFO     strategy        PnL: 10:51:27 MTM=-47.00 Loss=0.01%
2026-08-06 10:51:28 INFO     strategy        PnL: 10:51:28 MTM=-53.00 Loss=0.01%
2026-08-06 10:51:29 INFO     strategy        PnL: 10:51:29 MTM=-46.00 Loss=0.01%
2026-08-06 10:51:30 INFO     strategy        PnL: 10:51:30 MTM=-79.00 Loss=0.01%
2026-08-06 10:51:31 INFO     strategy        PnL: 10:51:31 MTM=-53.00 Loss=0.01%
2026-08-06 10:51:32 INFO     strategy        PnL: 10:51:32 MTM=-114.00 Loss=0.02%
2026-08-06 10:51:33 INFO     strategy        PnL: 10:51:33 MTM=-132.00 Loss=0.02%
2026-08-06 10:51:34 INFO     strategy        PnL: 10:51:34 MTM=-147.00 Loss=0.02%
2026-08-06 10:51:35 INFO     strategy        PnL: 10:51:35 MTM=-103.00 Loss=0.02%
2026-08-06 10:51:36 INFO     strategy        PnL: 10:51:36 MTM=-119.00 Loss=0.02%
2026-08-06 10:51:37 INFO     strategy        PnL: 10:51:37 MTM=-114.00 Loss=0.02%
2026-08-06 10:51:38 INFO     strategy        PnL: 10:51:38 MTM=-108.00 Loss=0.02%
2026-08-06 10:51:39 INFO     strategy        PnL: 10:51:39 MTM=-115.00 Loss=0.02%
2026-08-06 10:51:40 INFO     strategy        PnL: 10:51:40 MTM=-98.00 Loss=0.02%
2026-08-06 10:51:41 INFO     strategy        PnL: 10:51:41 MTM=-106.00 Loss=0.02%
2026-08-06 10:51:42 INFO     strategy        PnL: 10:51:42 MTM=-69.00 Loss=0.01%
2026-08-06 10:51:43 INFO     strategy        PnL: 10:51:43 MTM=-111.00 Loss=0.02%
2026-08-06 10:51:44 INFO     strategy        PnL: 10:51:44 MTM=-109.00 Loss=0.02%
2026-08-06 10:51:45 INFO     strategy        PnL: 10:51:45 MTM=-144.00 Loss=0.02%
2026-08-06 10:51:46 INFO     strategy        PnL: 10:51:46 MTM=-106.00 Loss=0.02%
2026-08-06 10:51:47 INFO     strategy        PnL: 10:51:47 MTM=-79.00 Loss=0.01%
2026-08-06 10:51:48 INFO     strategy        PnL: 10:51:48 MTM=-124.00 Loss=0.02%
2026-08-06 10:51:49 INFO     strategy        PnL: 10:51:49 MTM=-123.00 Loss=0.02%
2026-08-06 10:51:50 INFO     strategy        PnL: 10:51:50 MTM=-152.00 Loss=0.02%
2026-08-06 10:51:51 INFO     strategy        PnL: 10:51:51 MTM=-153.00 Loss=0.02%
2026-08-06 10:51:53 INFO     strategy        PnL: 10:51:52 MTM=-194.00 Loss=0.03%
2026-08-06 10:51:54 INFO     strategy        PnL: 10:51:54 MTM=-213.00 Loss=0.03%
2026-08-06 10:51:55 INFO     strategy        PnL: 10:51:55 MTM=-133.00 Loss=0.02%
2026-08-06 10:51:56 INFO     strategy        PnL: 10:51:56 MTM=-138.00 Loss=0.02%
2026-08-06 10:51:57 INFO     strategy        PnL: 10:51:57 MTM=-198.00 Loss=0.03%
2026-08-06 10:51:58 INFO     strategy        PnL: 10:51:58 MTM=-193.00 Loss=0.03%
2026-08-06 10:51:59 INFO     strategy        PnL: 10:51:59 MTM=-197.00 Loss=0.03%
2026-08-06 10:52:00 INFO     strategy        PnL: 10:52:00 MTM=-167.00 Loss=0.03%
2026-08-06 10:52:01 INFO     strategy        PnL: 10:52:01 MTM=-193.00 Loss=0.03%
2026-08-06 10:52:02 INFO     strategy        PnL: 10:52:02 MTM=-137.00 Loss=0.02%
2026-08-06 10:52:03 INFO     strategy        PnL: 10:52:03 MTM=-147.00 Loss=0.02%
2026-08-06 10:52:04 INFO     strategy        PnL: 10:52:04 MTM=-133.00 Loss=0.02%
2026-08-06 10:52:05 INFO     strategy        PnL: 10:52:05 MTM=-181.00 Loss=0.03%
2026-08-06 10:52:06 INFO     strategy        PnL: 10:52:06 MTM=-155.00 Loss=0.02%
2026-08-06 10:52:07 INFO     strategy        PnL: 10:52:07 MTM=-84.00 Loss=0.01%
2026-08-06 10:52:08 INFO     strategy        PnL: 10:52:08 MTM=-110.00 Loss=0.02%
2026-08-06 10:52:09 INFO     strategy        PnL: 10:52:09 MTM=-138.00 Loss=0.02%
2026-08-06 10:52:10 INFO     strategy        PnL: 10:52:10 MTM=-152.00 Loss=0.02%
2026-08-06 10:52:11 INFO     strategy        PnL: 10:52:11 MTM=-145.00 Loss=0.02%
2026-08-06 10:52:12 INFO     strategy        PnL: 10:52:12 MTM=-140.00 Loss=0.02%
2026-08-06 10:52:13 INFO     strategy        PnL: 10:52:13 MTM=-173.00 Loss=0.03%
2026-08-06 10:52:14 INFO     strategy        PnL: 10:52:14 MTM=-159.00 Loss=0.02%
2026-08-06 10:52:15 INFO     strategy        PnL: 10:52:15 MTM=-130.00 Loss=0.02%
2026-08-06 10:52:16 INFO     strategy        PnL: 10:52:16 MTM=-159.00 Loss=0.02%
2026-08-06 10:52:17 INFO     strategy        PnL: 10:52:17 MTM=-123.00 Loss=0.02%
2026-08-06 10:52:18 INFO     strategy        PnL: 10:52:18 MTM=-100.00 Loss=0.02%
2026-08-06 10:52:19 INFO     strategy        PnL: 10:52:19 MTM=-76.00 Loss=0.01%
2026-08-06 10:52:20 INFO     strategy        PnL: 10:52:20 MTM=-179.00 Loss=0.03%
2026-08-06 10:52:21 INFO     strategy        PnL: 10:52:21 MTM=-62.00 Loss=0.01%
2026-08-06 10:52:22 INFO     strategy        PnL: 10:52:22 MTM=-91.00 Loss=0.01%
2026-08-06 10:52:23 INFO     strategy        PnL: 10:52:23 MTM=-111.00 Loss=0.02%
2026-08-06 10:52:24 INFO     strategy        PnL: 10:52:24 MTM=-57.00 Loss=0.01%
2026-08-06 10:52:25 INFO     strategy        PnL: 10:52:25 MTM=-158.00 Loss=0.02%
2026-08-06 10:52:26 INFO     strategy        PnL: 10:52:26 MTM=-96.00 Loss=0.01%
2026-08-06 10:52:27 INFO     strategy        PnL: 10:52:27 MTM=-215.00 Loss=0.03%
2026-08-06 10:52:28 INFO     strategy        PnL: 10:52:28 MTM=-102.00 Loss=0.02%
2026-08-06 10:52:29 INFO     strategy        PnL: 10:52:29 MTM=-128.00 Loss=0.02%
2026-08-06 10:52:30 INFO     strategy        PnL: 10:52:30 MTM=-146.00 Loss=0.02%
2026-08-06 10:52:31 INFO     strategy        PnL: 10:52:31 MTM=-158.00 Loss=0.02%
2026-08-06 10:52:32 INFO     strategy        PnL: 10:52:32 MTM=-170.00 Loss=0.03%
2026-08-06 10:52:33 INFO     strategy        PnL: 10:52:33 MTM=-180.00 Loss=0.03%
2026-08-06 10:52:34 INFO     strategy        PnL: 10:52:34 MTM=-192.00 Loss=0.03%
2026-08-06 10:52:35 INFO     strategy        PnL: 10:52:35 MTM=-202.00 Loss=0.03%
2026-08-06 10:52:36 INFO     strategy        PnL: 10:52:36 MTM=-155.00 Loss=0.02%
2026-08-06 10:52:37 INFO     strategy        PnL: 10:52:37 MTM=-220.00 Loss=0.03%
2026-08-06 10:52:38 INFO     strategy        PnL: 10:52:38 MTM=-194.00 Loss=0.03%
2026-08-06 10:52:39 INFO     strategy        PnL: 10:52:39 MTM=-176.00 Loss=0.03%
2026-08-06 10:52:40 INFO     strategy        PnL: 10:52:40 MTM=-153.00 Loss=0.02%
2026-08-06 10:52:41 INFO     strategy        PnL: 10:52:41 MTM=-177.00 Loss=0.03%
2026-08-06 10:52:42 INFO     strategy        PnL: 10:52:42 MTM=-178.00 Loss=0.03%
2026-08-06 10:52:43 INFO     strategy        PnL: 10:52:43 MTM=-150.00 Loss=0.02%
2026-08-06 10:52:44 INFO     strategy        PnL: 10:52:44 MTM=-176.00 Loss=0.03%
2026-08-06 10:52:45 INFO     strategy        PnL: 10:52:45 MTM=-228.00 Loss=0.04%
2026-08-06 10:52:46 INFO     strategy        PnL: 10:52:46 MTM=-152.00 Loss=0.02%
2026-08-06 10:52:47 INFO     strategy        PnL: 10:52:47 MTM=-215.00 Loss=0.03%
2026-08-06 10:52:48 INFO     strategy        PnL: 10:52:48 MTM=-254.00 Loss=0.04%
2026-08-06 10:52:49 INFO     strategy        PnL: 10:52:49 MTM=-209.00 Loss=0.03%
2026-08-06 10:52:50 INFO     strategy        PnL: 10:52:50 MTM=-249.00 Loss=0.04%
2026-08-06 10:52:51 INFO     strategy        PnL: 10:52:51 MTM=-250.00 Loss=0.04%
2026-08-06 10:52:52 INFO     strategy        PnL: 10:52:52 MTM=-272.00 Loss=0.04%
2026-08-06 10:52:53 INFO     strategy        PnL: 10:52:53 MTM=-200.00 Loss=0.03%
2026-08-06 10:52:54 INFO     strategy        PnL: 10:52:54 MTM=-192.00 Loss=0.03%
2026-08-06 10:52:55 INFO     strategy        PnL: 10:52:55 MTM=-247.00 Loss=0.04%
2026-08-06 10:52:56 INFO     strategy        PnL: 10:52:56 MTM=-188.00 Loss=0.03%
2026-08-06 10:52:57 INFO     strategy        PnL: 10:52:57 MTM=-204.00 Loss=0.03%
2026-08-06 10:52:58 INFO     strategy        PnL: 10:52:58 MTM=-215.00 Loss=0.03%
2026-08-06 10:52:59 INFO     strategy        PnL: 10:52:59 MTM=-266.00 Loss=0.04%
2026-08-06 10:53:00 INFO     strategy        PnL: 10:53:00 MTM=-221.00 Loss=0.03%
2026-08-06 10:53:01 INFO     strategy        PnL: 10:53:01 MTM=-225.00 Loss=0.03%
2026-08-06 10:53:02 INFO     strategy        PnL: 10:53:02 MTM=-191.00 Loss=0.03%
2026-08-06 10:53:03 INFO     strategy        PnL: 10:53:03 MTM=-244.00 Loss=0.04%
2026-08-06 10:53:04 INFO     strategy        PnL: 10:53:04 MTM=-214.00 Loss=0.03%
2026-08-06 10:53:05 INFO     strategy        PnL: 10:53:05 MTM=-248.00 Loss=0.04%
2026-08-06 10:53:06 INFO     strategy        PnL: 10:53:06 MTM=-188.00 Loss=0.03%
2026-08-06 10:53:07 INFO     strategy        PnL: 10:53:07 MTM=-135.00 Loss=0.02%
2026-08-06 10:53:08 INFO     strategy        PnL: 10:53:08 MTM=-213.00 Loss=0.03%
2026-08-06 10:53:09 INFO     strategy        PnL: 10:53:09 MTM=-173.00 Loss=0.03%
2026-08-06 10:53:10 INFO     strategy        PnL: 10:53:10 MTM=-147.00 Loss=0.02%
2026-08-06 10:53:11 INFO     strategy        PnL: 10:53:11 MTM=-231.00 Loss=0.04%
2026-08-06 10:53:12 INFO     strategy        PnL: 10:53:12 MTM=-212.00 Loss=0.03%
2026-08-06 10:53:13 INFO     strategy        PnL: 10:53:13 MTM=-217.00 Loss=0.03%
2026-08-06 10:53:14 INFO     strategy        PnL: 10:53:14 MTM=-199.00 Loss=0.03%
2026-08-06 10:53:15 INFO     strategy        PnL: 10:53:15 MTM=-198.00 Loss=0.03%
2026-08-06 10:53:16 INFO     strategy        PnL: 10:53:16 MTM=-184.00 Loss=0.03%
2026-08-06 10:53:17 INFO     strategy        PnL: 10:53:17 MTM=-180.00 Loss=0.03%
2026-08-06 10:53:18 INFO     strategy        PnL: 10:53:18 MTM=-161.00 Loss=0.02%
2026-08-06 10:53:19 INFO     strategy        PnL: 10:53:19 MTM=-172.00 Loss=0.03%
2026-08-06 10:53:20 INFO     strategy        PnL: 10:53:20 MTM=-160.00 Loss=0.02%
2026-08-06 10:53:21 INFO     strategy        PnL: 10:53:21 MTM=-123.00 Loss=0.02%
2026-08-06 10:53:22 INFO     strategy        PnL: 10:53:22 MTM=-85.00 Loss=0.01%
2026-08-06 10:53:23 INFO     strategy        PnL: 10:53:23 MTM=-141.00 Loss=0.02%
2026-08-06 10:53:24 INFO     strategy        PnL: 10:53:24 MTM=-159.00 Loss=0.02%
2026-08-06 10:53:25 INFO     strategy        PnL: 10:53:25 MTM=-155.00 Loss=0.02%
2026-08-06 10:53:26 INFO     strategy        PnL: 10:53:26 MTM=-121.00 Loss=0.02%
2026-08-06 10:53:27 INFO     strategy        PnL: 10:53:27 MTM=-149.00 Loss=0.02%
2026-08-06 10:53:28 INFO     strategy        PnL: 10:53:28 MTM=-38.00 Loss=0.01%
2026-08-06 10:53:30 INFO     strategy        PnL: 10:53:30 MTM=-105.00 Loss=0.02%
2026-08-06 10:53:31 INFO     strategy        PnL: 10:53:31 MTM=-144.00 Loss=0.02%
2026-08-06 10:53:32 INFO     strategy        PnL: 10:53:32 MTM=-94.00 Loss=0.01%
2026-08-06 10:53:33 INFO     strategy        PnL: 10:53:33 MTM=-7.00 Loss=0.00%
2026-08-06 10:53:34 INFO     strategy        PnL: 10:53:34 MTM=-124.00 Loss=0.02%
2026-08-06 10:53:35 INFO     strategy        PnL: 10:53:35 MTM=-136.00 Loss=0.02%
2026-08-06 10:53:36 INFO     strategy        PnL: 10:53:36 MTM=-125.00 Loss=0.02%
2026-08-06 10:53:37 INFO     strategy        PnL: 10:53:37 MTM=-109.00 Loss=0.02%
2026-08-06 10:53:38 INFO     strategy        PnL: 10:53:38 MTM=-123.00 Loss=0.02%
2026-08-06 10:53:39 INFO     strategy        PnL: 10:53:39 MTM=-117.00 Loss=0.02%
2026-08-06 10:53:40 INFO     strategy        PnL: 10:53:40 MTM=-96.00 Loss=0.01%
2026-08-06 10:53:41 INFO     strategy        PnL: 10:53:41 MTM=-99.00 Loss=0.02%
2026-08-06 10:53:42 INFO     strategy        PnL: 10:53:42 MTM=-61.00 Loss=0.01%
2026-08-06 10:53:43 INFO     strategy        PnL: 10:53:43 MTM=-90.00 Loss=0.01%
2026-08-06 10:53:44 INFO     strategy        PnL: 10:53:44 MTM=-59.00 Loss=0.01%
2026-08-06 10:53:45 INFO     strategy        PnL: 10:53:45 MTM=-71.00 Loss=0.01%
2026-08-06 10:53:46 INFO     strategy        PnL: 10:53:46 MTM=23.00 Profit=0.00%
2026-08-06 10:53:47 INFO     strategy        PnL: 10:53:47 MTM=-34.00 Loss=0.01%
2026-08-06 10:53:48 INFO     strategy        PnL: 10:53:48 MTM=89.00 Profit=0.01%
2026-08-06 10:53:49 INFO     strategy        PnL: 10:53:49 MTM=-110.00 Loss=0.02%
2026-08-06 10:53:50 INFO     strategy        PnL: 10:53:50 MTM=-95.00 Loss=0.01%
2026-08-06 10:53:51 INFO     strategy        PnL: 10:53:51 MTM=-195.00 Loss=0.03%
2026-08-06 10:53:52 INFO     strategy        PnL: 10:53:52 MTM=-88.00 Loss=0.01%
2026-08-06 10:53:53 INFO     strategy        PnL: 10:53:53 MTM=-116.00 Loss=0.02%
2026-08-06 10:53:54 INFO     strategy        PnL: 10:53:54 MTM=-113.00 Loss=0.02%
2026-08-06 10:53:55 INFO     strategy        PnL: 10:53:55 MTM=-124.00 Loss=0.02%
2026-08-06 10:53:56 INFO     strategy        PnL: 10:53:56 MTM=-131.00 Loss=0.02%
2026-08-06 10:53:57 INFO     strategy        PnL: 10:53:57 MTM=-134.00 Loss=0.02%
2026-08-06 10:53:58 INFO     strategy        PnL: 10:53:58 MTM=-142.00 Loss=0.02%
2026-08-06 10:53:59 INFO     strategy        PnL: 10:53:59 MTM=-190.00 Loss=0.03%
2026-08-06 10:54:00 INFO     strategy        PnL: 10:54:00 MTM=-123.00 Loss=0.02%
2026-08-06 10:54:01 INFO     strategy        PnL: 10:54:01 MTM=-134.00 Loss=0.02%
2026-08-06 10:54:02 INFO     strategy        PnL: 10:54:02 MTM=-164.00 Loss=0.03%
2026-08-06 10:54:03 INFO     strategy        PnL: 10:54:03 MTM=-137.00 Loss=0.02%
2026-08-06 10:54:04 INFO     strategy        PnL: 10:54:04 MTM=-137.00 Loss=0.02%
2026-08-06 10:54:05 INFO     strategy        PnL: 10:54:05 MTM=-77.00 Loss=0.01%
2026-08-06 10:54:06 INFO     strategy        PnL: 10:54:06 MTM=-113.00 Loss=0.02%
2026-08-06 10:54:07 INFO     strategy        PnL: 10:54:07 MTM=-113.00 Loss=0.02%
2026-08-06 10:54:08 INFO     strategy        PnL: 10:54:08 MTM=-51.00 Loss=0.01%
2026-08-06 10:54:09 INFO     strategy        PnL: 10:54:09 MTM=-86.00 Loss=0.01%
2026-08-06 10:54:10 INFO     strategy        PnL: 10:54:10 MTM=-75.00 Loss=0.01%
2026-08-06 10:54:11 INFO     strategy        PnL: 10:54:11 MTM=-50.00 Loss=0.01%
2026-08-06 10:54:12 INFO     strategy        PnL: 10:54:12 MTM=-20.00 Loss=0.00%
2026-08-06 10:54:13 INFO     strategy        PnL: 10:54:13 MTM=20.00 Profit=0.00%
2026-08-06 10:54:14 INFO     strategy        PnL: 10:54:14 MTM=-22.00 Loss=0.00%
2026-08-06 10:54:15 INFO     strategy        PnL: 10:54:15 MTM=-40.00 Loss=0.01%
2026-08-06 10:54:16 INFO     strategy        PnL: 10:54:16 MTM=-45.00 Loss=0.01%
2026-08-06 10:54:17 INFO     strategy        PnL: 10:54:17 MTM=-41.00 Loss=0.01%
2026-08-06 10:54:18 INFO     strategy        PnL: 10:54:18 MTM=-76.00 Loss=0.01%
2026-08-06 10:54:19 INFO     strategy        PnL: 10:54:19 MTM=-37.00 Loss=0.01%
2026-08-06 10:54:20 INFO     strategy        PnL: 10:54:20 MTM=-54.00 Loss=0.01%
2026-08-06 10:54:21 INFO     strategy        PnL: 10:54:21 MTM=-5.00 Loss=0.00%
2026-08-06 10:54:22 INFO     strategy        PnL: 10:54:22 MTM=-55.00 Loss=0.01%
2026-08-06 10:54:23 INFO     strategy        PnL: 10:54:23 MTM=-32.00 Loss=0.00%
2026-08-06 10:54:24 INFO     strategy        PnL: 10:54:24 MTM=-60.00 Loss=0.01%
2026-08-06 10:54:25 INFO     strategy        PnL: 10:54:25 MTM=-12.00 Loss=0.00%
2026-08-06 10:54:26 INFO     strategy        PnL: 10:54:26 MTM=-49.00 Loss=0.01%
2026-08-06 10:54:27 INFO     strategy        PnL: 10:54:27 MTM=-47.00 Loss=0.01%
2026-08-06 10:54:28 INFO     strategy        PnL: 10:54:28 MTM=-39.00 Loss=0.01%
2026-08-06 10:54:29 INFO     strategy        PnL: 10:54:29 MTM=-52.00 Loss=0.01%
2026-08-06 10:54:30 INFO     strategy        PnL: 10:54:30 MTM=-32.00 Loss=0.00%
2026-08-06 10:54:31 INFO     strategy        PnL: 10:54:31 MTM=-89.00 Loss=0.01%
2026-08-06 10:54:32 INFO     strategy        PnL: 10:54:32 MTM=-96.00 Loss=0.01%
2026-08-06 10:54:33 INFO     strategy        PnL: 10:54:33 MTM=-14.00 Loss=0.00%
2026-08-06 10:54:34 INFO     strategy        PnL: 10:54:34 MTM=5.00 Profit=0.00%
2026-08-06 10:54:35 INFO     strategy        PnL: 10:54:35 MTM=-10.00 Loss=0.00%
2026-08-06 10:54:36 INFO     strategy        PnL: 10:54:36 MTM=4.00 Profit=0.00%
2026-08-06 10:54:37 INFO     strategy        PnL: 10:54:37 MTM=-15.00 Loss=0.00%
2026-08-06 10:54:38 INFO     strategy        PnL: 10:54:38 MTM=2.00 Profit=0.00%
2026-08-06 10:54:39 INFO     strategy        PnL: 10:54:39 MTM=0.00 Profit=0.00%
2026-08-06 10:54:40 INFO     strategy        PnL: 10:54:40 MTM=-32.00 Loss=0.00%
2026-08-06 10:54:41 INFO     strategy        PnL: 10:54:41 MTM=-15.00 Loss=0.00%
2026-08-06 10:54:42 INFO     strategy        PnL: 10:54:42 MTM=-39.00 Loss=0.01%
2026-08-06 10:54:43 INFO     strategy        PnL: 10:54:43 MTM=-44.00 Loss=0.01%
2026-08-06 10:54:44 INFO     strategy        PnL: 10:54:44 MTM=0.00 Profit=0.00%
2026-08-06 10:54:45 INFO     strategy        PnL: 10:54:45 MTM=57.00 Profit=0.01%
2026-08-06 10:54:46 INFO     strategy        PnL: 10:54:46 MTM=20.00 Profit=0.00%
2026-08-06 10:54:47 INFO     strategy        PnL: 10:54:47 MTM=44.00 Profit=0.01%
2026-08-06 10:54:48 INFO     strategy        PnL: 10:54:48 MTM=5.00 Profit=0.00%
2026-08-06 10:54:49 INFO     strategy        PnL: 10:54:49 MTM=19.00 Profit=0.00%
2026-08-06 10:54:50 INFO     strategy        PnL: 10:54:50 MTM=4.00 Profit=0.00%
2026-08-06 10:54:51 INFO     strategy        PnL: 10:54:51 MTM=-1.00 Loss=0.00%
2026-08-06 10:54:52 INFO     strategy        PnL: 10:54:52 MTM=40.00 Profit=0.01%
2026-08-06 10:54:53 INFO     strategy        PnL: 10:54:53 MTM=33.00 Profit=0.01%
2026-08-06 10:54:54 INFO     strategy        PnL: 10:54:54 MTM=-5.00 Loss=0.00%
2026-08-06 10:54:55 INFO     strategy        PnL: 10:54:55 MTM=39.00 Profit=0.01%
2026-08-06 10:54:56 INFO     strategy        PnL: 10:54:56 MTM=42.00 Profit=0.01%
2026-08-06 10:54:57 INFO     strategy        PnL: 10:54:57 MTM=6.00 Profit=0.00%
2026-08-06 10:54:58 INFO     strategy        PnL: 10:54:58 MTM=23.00 Profit=0.00%
2026-08-06 10:54:59 INFO     strategy        PnL: 10:54:59 MTM=-5.00 Loss=0.00%
2026-08-06 10:55:00 INFO     strategy        PnL: 10:55:00 MTM=8.00 Profit=0.00%
2026-08-06 10:55:01 INFO     strategy        PnL: 10:55:01 MTM=42.00 Profit=0.01%
2026-08-06 10:55:02 INFO     strategy        PnL: 10:55:02 MTM=-19.00 Loss=0.00%
2026-08-06 10:55:03 INFO     strategy        PnL: 10:55:03 MTM=-15.00 Loss=0.00%
2026-08-06 10:55:04 INFO     strategy        PnL: 10:55:04 MTM=14.00 Profit=0.00%
2026-08-06 10:55:05 INFO     strategy        PnL: 10:55:05 MTM=21.00 Profit=0.00%
2026-08-06 10:55:06 INFO     strategy        PnL: 10:55:06 MTM=-3.00 Loss=0.00%
2026-08-06 10:55:07 INFO     strategy        PnL: 10:55:07 MTM=29.00 Profit=0.00%
2026-08-06 10:55:08 INFO     strategy        PnL: 10:55:08 MTM=-39.00 Loss=0.01%
2026-08-06 10:55:10 INFO     strategy        PnL: 10:55:10 MTM=-12.00 Loss=0.00%
2026-08-06 10:55:11 INFO     strategy        PnL: 10:55:11 MTM=-4.00 Loss=0.00%
2026-08-06 10:55:12 INFO     strategy        PnL: 10:55:12 MTM=-42.00 Loss=0.01%
2026-08-06 10:55:13 INFO     strategy        PnL: 10:55:13 MTM=-56.00 Loss=0.01%
2026-08-06 10:55:14 INFO     strategy        PnL: 10:55:14 MTM=-42.00 Loss=0.01%
2026-08-06 10:55:15 INFO     strategy        PnL: 10:55:15 MTM=-54.00 Loss=0.01%
2026-08-06 10:55:16 INFO     strategy        PnL: 10:55:16 MTM=-42.00 Loss=0.01%
2026-08-06 10:55:17 INFO     strategy        PnL: 10:55:17 MTM=-25.00 Loss=0.00%
2026-08-06 10:55:18 INFO     strategy        PnL: 10:55:18 MTM=12.00 Profit=0.00%
2026-08-06 10:55:19 INFO     strategy        PnL: 10:55:19 MTM=5.00 Profit=0.00%
2026-08-06 10:55:20 INFO     strategy        PnL: 10:55:20 MTM=-1.00 Loss=0.00%
2026-08-06 10:55:21 INFO     strategy        PnL: 10:55:21 MTM=-6.00 Loss=0.00%
2026-08-06 10:55:22 INFO     strategy        PnL: 10:55:22 MTM=8.00 Profit=0.00%
2026-08-06 10:55:23 INFO     strategy        PnL: 10:55:23 MTM=-36.00 Loss=0.01%
2026-08-06 10:55:24 INFO     strategy        PnL: 10:55:24 MTM=4.00 Profit=0.00%
2026-08-06 10:55:25 INFO     strategy        PnL: 10:55:25 MTM=-37.00 Loss=0.01%
2026-08-06 10:55:26 INFO     strategy        PnL: 10:55:26 MTM=-61.00 Loss=0.01%
2026-08-06 10:55:27 INFO     strategy        PnL: 10:55:27 MTM=10.00 Profit=0.00%
2026-08-06 10:55:28 INFO     strategy        PnL: 10:55:28 MTM=7.00 Profit=0.00%
2026-08-06 10:55:29 INFO     strategy        PnL: 10:55:29 MTM=-22.00 Loss=0.00%
2026-08-06 10:55:30 INFO     strategy        PnL: 10:55:30 MTM=9.00 Profit=0.00%
2026-08-06 10:55:31 INFO     strategy        PnL: 10:55:31 MTM=1.00 Profit=0.00%
2026-08-06 10:55:32 INFO     strategy        PnL: 10:55:32 MTM=13.00 Profit=0.00%
2026-08-06 10:55:33 INFO     strategy        PnL: 10:55:33 MTM=12.00 Profit=0.00%
2026-08-06 10:55:34 INFO     strategy        PnL: 10:55:34 MTM=-37.00 Loss=0.01%
2026-08-06 10:55:35 INFO     strategy        PnL: 10:55:35 MTM=12.00 Profit=0.00%
2026-08-06 10:55:36 INFO     strategy        PnL: 10:55:36 MTM=-25.00 Loss=0.00%
2026-08-06 10:55:37 INFO     strategy        PnL: 10:55:37 MTM=24.00 Profit=0.00%
2026-08-06 10:55:38 INFO     strategy        PnL: 10:55:38 MTM=17.00 Profit=0.00%
2026-08-06 10:55:39 INFO     strategy        PnL: 10:55:39 MTM=16.00 Profit=0.00%
2026-08-06 10:55:40 INFO     strategy        PnL: 10:55:40 MTM=-12.00 Loss=0.00%
2026-08-06 10:55:41 INFO     strategy        PnL: 10:55:41 MTM=16.00 Profit=0.00%
2026-08-06 10:55:42 INFO     strategy        PnL: 10:55:42 MTM=18.00 Profit=0.00%
2026-08-06 10:55:43 INFO     strategy        PnL: 10:55:43 MTM=18.00 Profit=0.00%
2026-08-06 10:55:44 INFO     strategy        PnL: 10:55:44 MTM=15.00 Profit=0.00%
2026-08-06 10:55:45 INFO     strategy        PnL: 10:55:45 MTM=35.00 Profit=0.01%
2026-08-06 10:55:46 INFO     strategy        PnL: 10:55:46 MTM=53.00 Profit=0.01%
2026-08-06 10:55:47 INFO     strategy        PnL: 10:55:47 MTM=47.00 Profit=0.01%
2026-08-06 10:55:48 INFO     strategy        PnL: 10:55:48 MTM=20.00 Profit=0.00%
2026-08-06 10:55:49 INFO     strategy        PnL: 10:55:49 MTM=39.00 Profit=0.01%
2026-08-06 10:55:50 INFO     strategy        PnL: 10:55:50 MTM=30.00 Profit=0.00%
2026-08-06 10:55:51 INFO     strategy        PnL: 10:55:51 MTM=-8.00 Loss=0.00%
2026-08-06 10:55:52 INFO     strategy        PnL: 10:55:52 MTM=40.00 Profit=0.01%
2026-08-06 10:55:53 INFO     strategy        PnL: 10:55:53 MTM=63.00 Profit=0.01%
2026-08-06 10:55:54 INFO     strategy        PnL: 10:55:54 MTM=18.00 Profit=0.00%
2026-08-06 10:55:55 INFO     strategy        PnL: 10:55:55 MTM=16.00 Profit=0.00%
2026-08-06 10:55:56 INFO     strategy        PnL: 10:55:56 MTM=38.00 Profit=0.01%
2026-08-06 10:55:57 INFO     strategy        PnL: 10:55:57 MTM=74.00 Profit=0.01%
2026-08-06 10:55:58 INFO     strategy        PnL: 10:55:58 MTM=50.00 Profit=0.01%
2026-08-06 10:55:59 INFO     strategy        PnL: 10:55:59 MTM=102.00 Profit=0.02%
2026-08-06 10:56:00 INFO     strategy        PnL: 10:56:00 MTM=47.00 Profit=0.01%
2026-08-06 10:56:01 INFO     strategy        PnL: 10:56:01 MTM=37.00 Profit=0.01%
2026-08-06 10:56:02 INFO     strategy        PnL: 10:56:02 MTM=54.00 Profit=0.01%
2026-08-06 10:56:03 INFO     strategy        PnL: 10:56:03 MTM=-11.00 Loss=0.00%
2026-08-06 10:56:04 INFO     strategy        PnL: 10:56:04 MTM=64.00 Profit=0.01%
2026-08-06 10:56:05 INFO     strategy        PnL: 10:56:05 MTM=-24.00 Loss=0.00%
2026-08-06 10:56:06 INFO     strategy        PnL: 10:56:06 MTM=-30.00 Loss=0.00%
2026-08-06 10:56:07 INFO     strategy        PnL: 10:56:07 MTM=-68.00 Loss=0.01%
2026-08-06 10:56:08 INFO     strategy        PnL: 10:56:08 MTM=-20.00 Loss=0.00%
2026-08-06 10:56:09 INFO     strategy        PnL: 10:56:09 MTM=-12.00 Loss=0.00%
2026-08-06 10:56:10 INFO     strategy        PnL: 10:56:10 MTM=-20.00 Loss=0.00%
2026-08-06 10:56:11 INFO     strategy        PnL: 10:56:11 MTM=-13.00 Loss=0.00%
2026-08-06 10:56:12 INFO     strategy        PnL: 10:56:12 MTM=-29.00 Loss=0.00%
2026-08-06 10:56:13 INFO     strategy        PnL: 10:56:13 MTM=-41.00 Loss=0.01%
2026-08-06 10:56:14 INFO     strategy        PnL: 10:56:14 MTM=-88.00 Loss=0.01%
2026-08-06 10:56:15 INFO     strategy        PnL: 10:56:15 MTM=-19.00 Loss=0.00%
2026-08-06 10:56:16 INFO     strategy        PnL: 10:56:16 MTM=16.00 Profit=0.00%
2026-08-06 10:56:17 INFO     strategy        PnL: 10:56:17 MTM=-48.00 Loss=0.01%
2026-08-06 10:56:18 INFO     strategy        PnL: 10:56:18 MTM=6.00 Profit=0.00%
2026-08-06 10:56:19 INFO     strategy        PnL: 10:56:19 MTM=17.00 Profit=0.00%
2026-08-06 10:56:20 INFO     strategy        PnL: 10:56:20 MTM=-4.00 Loss=0.00%
2026-08-06 10:56:21 INFO     strategy        PnL: 10:56:21 MTM=7.00 Profit=0.00%
2026-08-06 10:56:22 INFO     strategy        PnL: 10:56:22 MTM=-61.00 Loss=0.01%
2026-08-06 10:56:23 INFO     strategy        PnL: 10:56:23 MTM=-35.00 Loss=0.01%
2026-08-06 10:56:24 INFO     strategy        PnL: 10:56:24 MTM=-23.00 Loss=0.00%
2026-08-06 10:56:25 INFO     strategy        PnL: 10:56:25 MTM=-28.00 Loss=0.00%
2026-08-06 10:56:26 INFO     strategy        PnL: 10:56:26 MTM=-48.00 Loss=0.01%
2026-08-06 10:56:27 INFO     strategy        PnL: 10:56:27 MTM=-64.00 Loss=0.01%
2026-08-06 10:56:28 INFO     strategy        PnL: 10:56:28 MTM=-34.00 Loss=0.01%
2026-08-06 10:56:29 INFO     strategy        PnL: 10:56:29 MTM=-20.00 Loss=0.00%
2026-08-06 10:56:30 INFO     strategy        PnL: 10:56:30 MTM=-28.00 Loss=0.00%
2026-08-06 10:56:31 INFO     strategy        PnL: 10:56:31 MTM=-42.00 Loss=0.01%
2026-08-06 10:56:32 INFO     strategy        PnL: 10:56:32 MTM=-34.00 Loss=0.01%
2026-08-06 10:56:33 INFO     strategy        PnL: 10:56:33 MTM=-67.00 Loss=0.01%
2026-08-06 10:56:34 INFO     strategy        PnL: 10:56:34 MTM=8.00 Profit=0.00%
2026-08-06 10:56:35 INFO     strategy        PnL: 10:56:35 MTM=-13.00 Loss=0.00%
2026-08-06 10:56:36 INFO     strategy        PnL: 10:56:36 MTM=-42.00 Loss=0.01%
2026-08-06 10:56:37 INFO     strategy        PnL: 10:56:37 MTM=-94.00 Loss=0.01%
2026-08-06 10:56:38 INFO     strategy        PnL: 10:56:38 MTM=-31.00 Loss=0.00%
2026-08-06 10:56:39 INFO     strategy        PnL: 10:56:39 MTM=-7.00 Loss=0.00%
2026-08-06 10:56:40 INFO     strategy        PnL: 10:56:40 MTM=42.00 Profit=0.01%
2026-08-06 10:56:41 INFO     strategy        PnL: 10:56:41 MTM=19.00 Profit=0.00%
2026-08-06 10:56:42 INFO     strategy        PnL: 10:56:42 MTM=-18.00 Loss=0.00%
2026-08-06 10:56:43 INFO     strategy        PnL: 10:56:43 MTM=-58.00 Loss=0.01%
2026-08-06 10:56:44 INFO     strategy        PnL: 10:56:44 MTM=-3.00 Loss=0.00%
2026-08-06 10:56:45 INFO     strategy        PnL: 10:56:45 MTM=-1.00 Loss=0.00%
2026-08-06 10:56:46 INFO     strategy        PnL: 10:56:46 MTM=-58.00 Loss=0.01%
2026-08-06 10:56:47 INFO     strategy        PnL: 10:56:47 MTM=-39.00 Loss=0.01%
2026-08-06 10:56:48 INFO     strategy        PnL: 10:56:48 MTM=-44.00 Loss=0.01%
2026-08-06 10:56:49 INFO     strategy        PnL: 10:56:49 MTM=-34.00 Loss=0.01%
2026-08-06 10:56:51 INFO     strategy        PnL: 10:56:51 MTM=-34.00 Loss=0.01%
2026-08-06 10:56:52 INFO     strategy        PnL: 10:56:52 MTM=-36.00 Loss=0.01%
2026-08-06 10:56:53 INFO     strategy        PnL: 10:56:53 MTM=45.00 Profit=0.01%
2026-08-06 10:56:54 INFO     strategy        PnL: 10:56:54 MTM=24.00 Profit=0.00%
2026-08-06 10:56:55 INFO     strategy        PnL: 10:56:55 MTM=37.00 Profit=0.01%
2026-08-06 10:56:56 INFO     strategy        PnL: 10:56:56 MTM=85.00 Profit=0.01%
2026-08-06 10:56:57 INFO     strategy        PnL: 10:56:57 MTM=68.00 Profit=0.01%
2026-08-06 10:56:58 INFO     strategy        PnL: 10:56:58 MTM=80.00 Profit=0.01%
2026-08-06 10:56:59 INFO     strategy        PnL: 10:56:59 MTM=21.00 Profit=0.00%
2026-08-06 10:57:00 INFO     strategy        PnL: 10:57:00 MTM=42.00 Profit=0.01%
2026-08-06 10:57:01 INFO     strategy        PnL: 10:57:01 MTM=131.00 Profit=0.02%
2026-08-06 10:57:02 INFO     strategy        PnL: 10:57:02 MTM=28.00 Profit=0.00%
2026-08-06 10:57:03 INFO     strategy        PnL: 10:57:03 MTM=3.00 Profit=0.00%
2026-08-06 10:57:04 INFO     strategy        PnL: 10:57:04 MTM=1.00 Profit=0.00%
2026-08-06 10:57:05 INFO     strategy        PnL: 10:57:05 MTM=32.00 Profit=0.00%
2026-08-06 10:57:06 INFO     strategy        PnL: 10:57:06 MTM=43.00 Profit=0.01%
2026-08-06 10:57:07 INFO     strategy        PnL: 10:57:07 MTM=24.00 Profit=0.00%
2026-08-06 10:57:08 INFO     strategy        PnL: 10:57:08 MTM=17.00 Profit=0.00%
2026-08-06 10:57:09 INFO     strategy        PnL: 10:57:09 MTM=56.00 Profit=0.01%
2026-08-06 10:57:10 INFO     strategy        PnL: 10:57:10 MTM=32.00 Profit=0.00%
2026-08-06 10:57:11 INFO     strategy        PnL: 10:57:11 MTM=-4.00 Loss=0.00%
2026-08-06 10:57:12 INFO     strategy        PnL: 10:57:12 MTM=66.00 Profit=0.01%
2026-08-06 10:57:13 INFO     strategy        PnL: 10:57:13 MTM=70.00 Profit=0.01%
2026-08-06 10:57:14 INFO     strategy        PnL: 10:57:14 MTM=113.00 Profit=0.02%
2026-08-06 10:57:15 INFO     strategy        PnL: 10:57:15 MTM=59.00 Profit=0.01%
2026-08-06 10:57:16 INFO     strategy        PnL: 10:57:16 MTM=99.00 Profit=0.02%
2026-08-06 10:57:17 INFO     strategy        PnL: 10:57:17 MTM=43.00 Profit=0.01%
2026-08-06 10:57:18 INFO     strategy        PnL: 10:57:18 MTM=50.00 Profit=0.01%
2026-08-06 10:57:19 INFO     strategy        PnL: 10:57:19 MTM=39.00 Profit=0.01%
2026-08-06 10:57:20 INFO     strategy        PnL: 10:57:20 MTM=48.00 Profit=0.01%
2026-08-06 10:57:21 INFO     strategy        PnL: 10:57:21 MTM=13.00 Profit=0.00%
2026-08-06 10:57:22 INFO     strategy        PnL: 10:57:22 MTM=66.00 Profit=0.01%
2026-08-06 10:57:23 INFO     strategy        PnL: 10:57:23 MTM=26.00 Profit=0.00%
2026-08-06 10:57:24 INFO     strategy        PnL: 10:57:24 MTM=42.00 Profit=0.01%
2026-08-06 10:57:25 INFO     strategy        PnL: 10:57:25 MTM=49.00 Profit=0.01%
2026-08-06 10:57:26 INFO     strategy        PnL: 10:57:26 MTM=49.00 Profit=0.01%
2026-08-06 10:57:27 INFO     strategy        PnL: 10:57:27 MTM=133.00 Profit=0.02%
2026-08-06 10:57:28 INFO     strategy        PnL: 10:57:28 MTM=40.00 Profit=0.01%
2026-08-06 10:57:29 INFO     strategy        PnL: 10:57:29 MTM=39.00 Profit=0.01%
2026-08-06 10:57:30 INFO     strategy        PnL: 10:57:30 MTM=49.00 Profit=0.01%
2026-08-06 10:57:31 INFO     strategy        PnL: 10:57:31 MTM=6.00 Profit=0.00%
2026-08-06 10:57:32 INFO     strategy        PnL: 10:57:32 MTM=26.00 Profit=0.00%
2026-08-06 10:57:33 INFO     strategy        PnL: 10:57:33 MTM=61.00 Profit=0.01%
2026-08-06 10:57:34 INFO     strategy        PnL: 10:57:34 MTM=100.00 Profit=0.02%
2026-08-06 10:57:35 INFO     strategy        PnL: 10:57:35 MTM=-20.00 Loss=0.00%
2026-08-06 10:57:36 INFO     strategy        PnL: 10:57:36 MTM=63.00 Profit=0.01%
2026-08-06 10:57:37 INFO     strategy        PnL: 10:57:37 MTM=57.00 Profit=0.01%
2026-08-06 10:57:38 INFO     strategy        PnL: 10:57:38 MTM=58.00 Profit=0.01%
2026-08-06 10:57:39 INFO     strategy        PnL: 10:57:39 MTM=12.00 Profit=0.00%
2026-08-06 10:57:40 INFO     strategy        PnL: 10:57:40 MTM=48.00 Profit=0.01%
2026-08-06 10:57:41 INFO     strategy        PnL: 10:57:41 MTM=12.00 Profit=0.00%
2026-08-06 10:57:42 INFO     strategy        PnL: 10:57:42 MTM=31.00 Profit=0.00%
2026-08-06 10:57:43 INFO     strategy        PnL: 10:57:43 MTM=41.00 Profit=0.01%
2026-08-06 10:57:44 INFO     strategy        PnL: 10:57:44 MTM=34.00 Profit=0.01%
2026-08-06 10:57:45 INFO     strategy        PnL: 10:57:45 MTM=79.00 Profit=0.01%
2026-08-06 10:57:46 INFO     strategy        PnL: 10:57:46 MTM=97.00 Profit=0.01%
2026-08-06 10:57:47 INFO     strategy        PnL: 10:57:47 MTM=54.00 Profit=0.01%
2026-08-06 10:57:48 INFO     strategy        PnL: 10:57:48 MTM=101.00 Profit=0.02%
2026-08-06 10:57:49 INFO     strategy        PnL: 10:57:49 MTM=-30.00 Loss=0.00%
2026-08-06 10:57:50 INFO     strategy        PnL: 10:57:50 MTM=31.00 Profit=0.00%
2026-08-06 10:57:51 INFO     strategy        PnL: 10:57:51 MTM=26.00 Profit=0.00%
2026-08-06 10:57:52 INFO     strategy        PnL: 10:57:52 MTM=89.00 Profit=0.01%
2026-08-06 10:57:53 INFO     strategy        PnL: 10:57:53 MTM=36.00 Profit=0.01%
2026-08-06 10:57:54 INFO     strategy        PnL: 10:57:54 MTM=41.00 Profit=0.01%
2026-08-06 10:57:55 INFO     strategy        PnL: 10:57:55 MTM=66.00 Profit=0.01%
2026-08-06 10:57:56 INFO     strategy        PnL: 10:57:56 MTM=46.00 Profit=0.01%
2026-08-06 10:57:57 INFO     strategy        PnL: 10:57:57 MTM=23.00 Profit=0.00%
2026-08-06 10:57:58 INFO     strategy        PnL: 10:57:58 MTM=78.00 Profit=0.01%
2026-08-06 10:57:59 INFO     strategy        PnL: 10:57:59 MTM=29.00 Profit=0.00%
2026-08-06 10:58:00 INFO     strategy        PnL: 10:58:00 MTM=15.00 Profit=0.00%
2026-08-06 10:58:01 INFO     strategy        PnL: 10:58:01 MTM=69.00 Profit=0.01%
2026-08-06 10:58:02 INFO     strategy        PnL: 10:58:02 MTM=32.00 Profit=0.00%
2026-08-06 10:58:03 INFO     strategy        PnL: 10:58:03 MTM=5.00 Profit=0.00%
2026-08-06 10:58:04 INFO     strategy        PnL: 10:58:04 MTM=-15.00 Loss=0.00%
2026-08-06 10:58:05 INFO     strategy        PnL: 10:58:05 MTM=25.00 Profit=0.00%
2026-08-06 10:58:06 INFO     strategy        PnL: 10:58:06 MTM=14.00 Profit=0.00%
2026-08-06 10:58:07 INFO     strategy        PnL: 10:58:07 MTM=14.00 Profit=0.00%
2026-08-06 10:58:08 INFO     strategy        PnL: 10:58:08 MTM=-37.00 Loss=0.01%
2026-08-06 10:58:09 INFO     strategy        PnL: 10:58:09 MTM=-50.00 Loss=0.01%
2026-08-06 10:58:10 INFO     strategy        PnL: 10:58:10 MTM=4.00 Profit=0.00%
2026-08-06 10:58:11 INFO     strategy        PnL: 10:58:11 MTM=-11.00 Loss=0.00%
2026-08-06 10:58:12 INFO     strategy        PnL: 10:58:12 MTM=-43.00 Loss=0.01%
2026-08-06 10:58:13 INFO     strategy        PnL: 10:58:13 MTM=3.00 Profit=0.00%
2026-08-06 10:58:14 INFO     strategy        PnL: 10:58:14 MTM=36.00 Profit=0.01%
2026-08-06 10:58:15 INFO     strategy        PnL: 10:58:15 MTM=-1.00 Loss=0.00%
2026-08-06 10:58:16 INFO     strategy        PnL: 10:58:16 MTM=5.00 Profit=0.00%
2026-08-06 10:58:17 INFO     strategy        PnL: 10:58:17 MTM=6.00 Profit=0.00%
2026-08-06 10:58:18 INFO     strategy        PnL: 10:58:18 MTM=24.00 Profit=0.00%
2026-08-06 10:58:20 INFO     strategy        PnL: 10:58:20 MTM=15.00 Profit=0.00%
2026-08-06 10:58:21 INFO     strategy        PnL: 10:58:21 MTM=11.00 Profit=0.00%
2026-08-06 10:58:22 INFO     strategy        PnL: 10:58:22 MTM=45.00 Profit=0.01%
2026-08-06 10:58:23 INFO     strategy        PnL: 10:58:23 MTM=-13.00 Loss=0.00%
2026-08-06 10:58:24 INFO     strategy        PnL: 10:58:24 MTM=-36.00 Loss=0.01%
2026-08-06 10:58:25 INFO     strategy        PnL: 10:58:25 MTM=-11.00 Loss=0.00%
2026-08-06 10:58:26 INFO     strategy        PnL: 10:58:26 MTM=-3.00 Loss=0.00%
2026-08-06 10:58:27 INFO     strategy        PnL: 10:58:27 MTM=27.00 Profit=0.00%
2026-08-06 10:58:28 INFO     strategy        PnL: 10:58:28 MTM=-19.00 Loss=0.00%
2026-08-06 10:58:29 INFO     strategy        PnL: 10:58:29 MTM=47.00 Profit=0.01%
2026-08-06 10:58:30 INFO     strategy        PnL: 10:58:30 MTM=-3.00 Loss=0.00%
2026-08-06 10:58:31 INFO     strategy        PnL: 10:58:31 MTM=11.00 Profit=0.00%
2026-08-06 10:58:32 INFO     strategy        PnL: 10:58:32 MTM=-64.00 Loss=0.01%
2026-08-06 10:58:33 INFO     strategy        PnL: 10:58:33 MTM=-12.00 Loss=0.00%
2026-08-06 10:58:34 INFO     strategy        PnL: 10:58:34 MTM=29.00 Profit=0.00%
2026-08-06 10:58:35 INFO     strategy        PnL: 10:58:35 MTM=17.00 Profit=0.00%
2026-08-06 10:58:36 INFO     strategy        PnL: 10:58:36 MTM=8.00 Profit=0.00%
2026-08-06 10:58:37 INFO     strategy        PnL: 10:58:37 MTM=7.00 Profit=0.00%
2026-08-06 10:58:38 INFO     strategy        PnL: 10:58:38 MTM=-3.00 Loss=0.00%
2026-08-06 10:58:39 INFO     strategy        PnL: 10:58:39 MTM=-13.00 Loss=0.00%
2026-08-06 10:58:40 INFO     strategy        PnL: 10:58:40 MTM=-19.00 Loss=0.00%
2026-08-06 10:58:41 INFO     strategy        PnL: 10:58:41 MTM=-31.00 Loss=0.00%
2026-08-06 10:58:42 INFO     strategy        PnL: 10:58:42 MTM=-15.00 Loss=0.00%
2026-08-06 10:58:43 INFO     strategy        PnL: 10:58:43 MTM=21.00 Profit=0.00%
2026-08-06 10:58:44 INFO     strategy        PnL: 10:58:44 MTM=-19.00 Loss=0.00%
2026-08-06 10:58:45 INFO     strategy        PnL: 10:58:45 MTM=-10.00 Loss=0.00%
2026-08-06 10:58:46 INFO     strategy        PnL: 10:58:46 MTM=-25.00 Loss=0.00%
2026-08-06 10:58:47 INFO     strategy        PnL: 10:58:47 MTM=-37.00 Loss=0.01%
2026-08-06 10:58:48 INFO     strategy        PnL: 10:58:48 MTM=-42.00 Loss=0.01%
2026-08-06 10:58:49 INFO     strategy        PnL: 10:58:49 MTM=-41.00 Loss=0.01%
2026-08-06 10:58:50 INFO     strategy        PnL: 10:58:50 MTM=34.00 Profit=0.01%
2026-08-06 10:58:51 INFO     strategy        PnL: 10:58:51 MTM=-26.00 Loss=0.00%
2026-08-06 10:58:52 INFO     strategy        PnL: 10:58:52 MTM=5.00 Profit=0.00%
2026-08-06 10:58:53 INFO     strategy        PnL: 10:58:53 MTM=39.00 Profit=0.01%
2026-08-06 10:58:54 INFO     strategy        PnL: 10:58:54 MTM=-14.00 Loss=0.00%
2026-08-06 10:58:55 INFO     strategy        PnL: 10:58:55 MTM=82.00 Profit=0.01%
2026-08-06 10:58:56 INFO     strategy        PnL: 10:58:56 MTM=-4.00 Loss=0.00%
2026-08-06 10:58:57 INFO     strategy        PnL: 10:58:57 MTM=41.00 Profit=0.01%
2026-08-06 10:58:58 INFO     strategy        PnL: 10:58:58 MTM=-4.00 Loss=0.00%
2026-08-06 10:58:59 INFO     strategy        PnL: 10:58:59 MTM=-42.00 Loss=0.01%
2026-08-06 10:59:00 INFO     strategy        PnL: 10:59:00 MTM=15.00 Profit=0.00%
2026-08-06 10:59:01 INFO     strategy        PnL: 10:59:01 MTM=6.00 Profit=0.00%
2026-08-06 10:59:02 INFO     strategy        PnL: 10:59:02 MTM=88.00 Profit=0.01%
2026-08-06 10:59:03 INFO     strategy        PnL: 10:59:03 MTM=-6.00 Loss=0.00%
2026-08-06 10:59:04 INFO     strategy        PnL: 10:59:04 MTM=-6.00 Loss=0.00%
2026-08-06 10:59:05 INFO     strategy        PnL: 10:59:05 MTM=23.00 Profit=0.00%
2026-08-06 10:59:06 INFO     strategy        PnL: 10:59:06 MTM=33.00 Profit=0.01%
2026-08-06 10:59:07 INFO     strategy        PnL: 10:59:07 MTM=-62.00 Loss=0.01%
2026-08-06 10:59:08 INFO     strategy        PnL: 10:59:08 MTM=-1.00 Loss=0.00%
2026-08-06 10:59:09 INFO     strategy        PnL: 10:59:09 MTM=22.00 Profit=0.00%
2026-08-06 10:59:10 INFO     strategy        PnL: 10:59:10 MTM=-7.00 Loss=0.00%
2026-08-06 10:59:11 INFO     strategy        PnL: 10:59:11 MTM=5.00 Profit=0.00%
2026-08-06 10:59:12 INFO     strategy        PnL: 10:59:12 MTM=-6.00 Loss=0.00%
2026-08-06 10:59:13 INFO     strategy        PnL: 10:59:13 MTM=9.00 Profit=0.00%
2026-08-06 10:59:14 INFO     strategy        PnL: 10:59:14 MTM=-24.00 Loss=0.00%
2026-08-06 10:59:15 INFO     strategy        PnL: 10:59:15 MTM=-27.00 Loss=0.00%
2026-08-06 10:59:16 INFO     strategy        PnL: 10:59:16 MTM=1.00 Profit=0.00%
2026-08-06 10:59:17 INFO     strategy        PnL: 10:59:17 MTM=-9.00 Loss=0.00%
2026-08-06 10:59:18 INFO     strategy        PnL: 10:59:18 MTM=-64.00 Loss=0.01%
2026-08-06 10:59:19 INFO     strategy        PnL: 10:59:19 MTM=-8.00 Loss=0.00%
2026-08-06 10:59:20 INFO     strategy        PnL: 10:59:20 MTM=-70.00 Loss=0.01%
2026-08-06 10:59:21 INFO     strategy        PnL: 10:59:21 MTM=6.00 Profit=0.00%
2026-08-06 10:59:22 INFO     strategy        PnL: 10:59:22 MTM=-41.00 Loss=0.01%
2026-08-06 10:59:23 INFO     strategy        PnL: 10:59:23 MTM=-21.00 Loss=0.00%
2026-08-06 10:59:24 INFO     strategy        PnL: 10:59:24 MTM=11.00 Profit=0.00%
2026-08-06 10:59:25 INFO     strategy        PnL: 10:59:25 MTM=32.00 Profit=0.00%
2026-08-06 10:59:26 INFO     strategy        PnL: 10:59:26 MTM=-6.00 Loss=0.00%
2026-08-06 10:59:27 INFO     strategy        PnL: 10:59:27 MTM=18.00 Profit=0.00%
2026-08-06 10:59:28 INFO     strategy        PnL: 10:59:28 MTM=-25.00 Loss=0.00%
2026-08-06 10:59:29 INFO     strategy        PnL: 10:59:29 MTM=-17.00 Loss=0.00%
2026-08-06 10:59:30 INFO     strategy        PnL: 10:59:30 MTM=18.00 Profit=0.00%
2026-08-06 10:59:31 INFO     strategy        PnL: 10:59:31 MTM=14.00 Profit=0.00%
2026-08-06 10:59:32 INFO     strategy        PnL: 10:59:32 MTM=21.00 Profit=0.00%
2026-08-06 10:59:33 INFO     strategy        PnL: 10:59:33 MTM=7.00 Profit=0.00%
2026-08-06 10:59:34 INFO     strategy        PnL: 10:59:34 MTM=48.00 Profit=0.01%
2026-08-06 10:59:35 INFO     strategy        PnL: 10:59:35 MTM=27.00 Profit=0.00%
2026-08-06 10:59:36 INFO     strategy        PnL: 10:59:36 MTM=88.00 Profit=0.01%
2026-08-06 10:59:37 INFO     strategy        PnL: 10:59:37 MTM=16.00 Profit=0.00%
2026-08-06 10:59:38 INFO     strategy        PnL: 10:59:38 MTM=21.00 Profit=0.00%
2026-08-06 10:59:39 INFO     strategy        PnL: 10:59:39 MTM=-14.00 Loss=0.00%
2026-08-06 10:59:40 INFO     strategy        PnL: 10:59:40 MTM=-30.00 Loss=0.00%
2026-08-06 10:59:41 INFO     strategy        PnL: 10:59:41 MTM=7.00 Profit=0.00%
2026-08-06 10:59:42 INFO     strategy        PnL: 10:59:42 MTM=64.00 Profit=0.01%
2026-08-06 10:59:43 INFO     strategy        PnL: 10:59:43 MTM=26.00 Profit=0.00%
2026-08-06 10:59:44 INFO     strategy        PnL: 10:59:44 MTM=-1.00 Loss=0.00%
2026-08-06 10:59:45 INFO     strategy        PnL: 10:59:45 MTM=-2.00 Loss=0.00%
2026-08-06 10:59:46 INFO     strategy        PnL: 10:59:46 MTM=-24.00 Loss=0.00%
2026-08-06 10:59:47 INFO     strategy        PnL: 10:59:47 MTM=1.00 Profit=0.00%
2026-08-06 10:59:48 INFO     strategy        PnL: 10:59:48 MTM=0.00 Profit=0.00%
2026-08-06 10:59:49 INFO     strategy        PnL: 10:59:49 MTM=22.00 Profit=0.00%
2026-08-06 10:59:50 INFO     strategy        PnL: 10:59:50 MTM=-25.00 Loss=0.00%
2026-08-06 10:59:51 INFO     strategy        PnL: 10:59:51 MTM=-0.00 Loss=0.00%
2026-08-06 10:59:52 INFO     strategy        PnL: 10:59:52 MTM=-30.00 Loss=0.00%
2026-08-06 10:59:53 INFO     strategy        PnL: 10:59:53 MTM=25.00 Profit=0.00%
2026-08-06 10:59:54 INFO     strategy        PnL: 10:59:54 MTM=-16.00 Loss=0.00%
2026-08-06 10:59:55 INFO     strategy        PnL: 10:59:55 MTM=14.00 Profit=0.00%
2026-08-06 10:59:56 INFO     strategy        PnL: 10:59:56 MTM=3.00 Profit=0.00%
2026-08-06 10:59:57 INFO     strategy        PnL: 10:59:57 MTM=-31.00 Loss=0.00%
2026-08-06 10:59:58 INFO     strategy        PnL: 10:59:58 MTM=-52.00 Loss=0.01%
2026-08-06 10:59:59 INFO     strategy        PnL: 10:59:59 MTM=84.00 Profit=0.01%
2026-08-06 11:00:00 INFO     strategy        PnL: 11:00:00 MTM=26.00 Profit=0.00%
2026-08-06 11:00:01 INFO     strategy        PnL: 11:00:01 MTM=42.00 Profit=0.01%
2026-08-06 11:00:02 INFO     strategy        PnL: 11:00:02 MTM=44.00 Profit=0.01%
2026-08-06 11:00:03 INFO     strategy        PnL: 11:00:03 MTM=44.00 Profit=0.01%
2026-08-06 11:00:04 INFO     strategy        PnL: 11:00:04 MTM=18.00 Profit=0.00%
2026-08-06 11:00:05 INFO     strategy        PnL: 11:00:05 MTM=29.00 Profit=0.00%
2026-08-06 11:00:06 INFO     strategy        PnL: 11:00:06 MTM=48.00 Profit=0.01%
2026-08-06 11:00:07 INFO     strategy        PnL: 11:00:07 MTM=68.00 Profit=0.01%
2026-08-06 11:00:09 INFO     strategy        PnL: 11:00:09 MTM=60.00 Profit=0.01%
2026-08-06 11:00:10 INFO     strategy        PnL: 11:00:10 MTM=29.00 Profit=0.00%
2026-08-06 11:00:11 INFO     strategy        PnL: 11:00:11 MTM=86.00 Profit=0.01%
2026-08-06 11:00:12 INFO     strategy        PnL: 11:00:12 MTM=101.00 Profit=0.02%
2026-08-06 11:00:13 INFO     strategy        PnL: 11:00:13 MTM=111.00 Profit=0.02%
2026-08-06 11:00:14 INFO     strategy        PnL: 11:00:14 MTM=36.00 Profit=0.01%
2026-08-06 11:00:15 INFO     strategy        PnL: 11:00:15 MTM=19.00 Profit=0.00%
2026-08-06 11:00:16 INFO     strategy        PnL: 11:00:16 MTM=53.00 Profit=0.01%
2026-08-06 11:00:17 INFO     strategy        PnL: 11:00:17 MTM=77.00 Profit=0.01%
2026-08-06 11:00:18 INFO     strategy        PnL: 11:00:18 MTM=69.00 Profit=0.01%
2026-08-06 11:00:19 INFO     strategy        PnL: 11:00:19 MTM=75.00 Profit=0.01%
2026-08-06 11:00:20 INFO     strategy        PnL: 11:00:20 MTM=45.00 Profit=0.01%
2026-08-06 11:00:21 INFO     strategy        PnL: 11:00:21 MTM=34.00 Profit=0.01%
2026-08-06 11:00:22 INFO     strategy        PnL: 11:00:22 MTM=35.00 Profit=0.01%
2026-08-06 11:00:23 INFO     strategy        PnL: 11:00:23 MTM=72.00 Profit=0.01%
2026-08-06 11:00:24 INFO     strategy        PnL: 11:00:24 MTM=89.00 Profit=0.01%
2026-08-06 11:00:25 INFO     strategy        PnL: 11:00:25 MTM=79.00 Profit=0.01%
2026-08-06 11:00:26 INFO     strategy        PnL: 11:00:26 MTM=78.00 Profit=0.01%
2026-08-06 11:00:27 INFO     strategy        PnL: 11:00:27 MTM=114.00 Profit=0.02%
2026-08-06 11:00:28 INFO     strategy        PnL: 11:00:28 MTM=43.00 Profit=0.01%
2026-08-06 11:00:29 INFO     strategy        PnL: 11:00:29 MTM=101.00 Profit=0.02%
2026-08-06 11:00:30 INFO     strategy        PnL: 11:00:30 MTM=76.00 Profit=0.01%
2026-08-06 11:00:31 INFO     strategy        PnL: 11:00:31 MTM=102.00 Profit=0.02%
2026-08-06 11:00:32 INFO     strategy        PnL: 11:00:32 MTM=48.00 Profit=0.01%
2026-08-06 11:00:33 INFO     strategy        PnL: 11:00:33 MTM=96.00 Profit=0.01%
2026-08-06 11:00:34 INFO     strategy        PnL: 11:00:34 MTM=73.00 Profit=0.01%
2026-08-06 11:00:35 INFO     strategy        PnL: 11:00:35 MTM=40.00 Profit=0.01%
2026-08-06 11:00:36 INFO     strategy        PnL: 11:00:36 MTM=40.00 Profit=0.01%
2026-08-06 11:00:37 INFO     strategy        PnL: 11:00:37 MTM=46.00 Profit=0.01%
2026-08-06 11:00:38 INFO     strategy        PnL: 11:00:38 MTM=17.00 Profit=0.00%
2026-08-06 11:00:39 INFO     strategy        PnL: 11:00:39 MTM=61.00 Profit=0.01%
2026-08-06 11:00:40 INFO     strategy        PnL: 11:00:40 MTM=69.00 Profit=0.01%
2026-08-06 11:00:41 INFO     strategy        PnL: 11:00:41 MTM=54.00 Profit=0.01%
2026-08-06 11:00:42 INFO     strategy        PnL: 11:00:42 MTM=84.00 Profit=0.01%
2026-08-06 11:00:43 INFO     strategy        PnL: 11:00:43 MTM=62.00 Profit=0.01%
2026-08-06 11:00:44 INFO     strategy        PnL: 11:00:44 MTM=26.00 Profit=0.00%
2026-08-06 11:00:45 INFO     strategy        PnL: 11:00:45 MTM=60.00 Profit=0.01%
2026-08-06 11:00:46 INFO     strategy        PnL: 11:00:46 MTM=41.00 Profit=0.01%
2026-08-06 11:00:47 INFO     strategy        PnL: 11:00:47 MTM=31.00 Profit=0.00%
2026-08-06 11:00:48 INFO     strategy        PnL: 11:00:48 MTM=55.00 Profit=0.01%
2026-08-06 11:00:49 INFO     strategy        PnL: 11:00:49 MTM=69.00 Profit=0.01%
2026-08-06 11:00:50 INFO     strategy        PnL: 11:00:50 MTM=-8.00 Loss=0.00%
2026-08-06 11:00:51 INFO     strategy        PnL: 11:00:51 MTM=28.00 Profit=0.00%
2026-08-06 11:00:52 INFO     strategy        PnL: 11:00:52 MTM=-15.00 Loss=0.00%
2026-08-06 11:00:53 INFO     strategy        PnL: 11:00:53 MTM=39.00 Profit=0.01%
2026-08-06 11:00:54 INFO     strategy        PnL: 11:00:54 MTM=52.00 Profit=0.01%
2026-08-06 11:00:55 INFO     strategy        PnL: 11:00:55 MTM=59.00 Profit=0.01%
2026-08-06 11:00:56 INFO     strategy        PnL: 11:00:56 MTM=90.00 Profit=0.01%
2026-08-06 11:00:57 INFO     strategy        PnL: 11:00:57 MTM=59.00 Profit=0.01%
2026-08-06 11:00:58 INFO     strategy        PnL: 11:00:58 MTM=42.00 Profit=0.01%
2026-08-06 11:00:59 INFO     strategy        PnL: 11:00:59 MTM=3.00 Profit=0.00%
2026-08-06 11:01:00 INFO     strategy        PnL: 11:01:00 MTM=6.00 Profit=0.00%
2026-08-06 11:01:01 INFO     strategy        PnL: 11:01:01 MTM=27.00 Profit=0.00%
2026-08-06 11:01:02 INFO     strategy        PnL: 11:01:02 MTM=-16.00 Loss=0.00%
2026-08-06 11:01:03 INFO     strategy        PnL: 11:01:03 MTM=-11.00 Loss=0.00%
2026-08-06 11:01:04 INFO     strategy        PnL: 11:01:04 MTM=23.00 Profit=0.00%
2026-08-06 11:01:05 INFO     strategy        PnL: 11:01:05 MTM=50.00 Profit=0.01%
2026-08-06 11:01:06 INFO     strategy        PnL: 11:01:06 MTM=45.00 Profit=0.01%
2026-08-06 11:01:07 INFO     strategy        PnL: 11:01:07 MTM=21.00 Profit=0.00%
2026-08-06 11:01:08 INFO     strategy        PnL: 11:01:08 MTM=40.00 Profit=0.01%
2026-08-06 11:01:09 INFO     strategy        PnL: 11:01:09 MTM=30.00 Profit=0.00%
2026-08-06 11:01:10 INFO     strategy        PnL: 11:01:10 MTM=43.00 Profit=0.01%
2026-08-06 11:01:11 INFO     strategy        PnL: 11:01:11 MTM=36.00 Profit=0.01%
2026-08-06 11:01:12 INFO     strategy        PnL: 11:01:12 MTM=7.00 Profit=0.00%
2026-08-06 11:01:13 INFO     strategy        PnL: 11:01:13 MTM=-30.00 Loss=0.00%
2026-08-06 11:01:14 INFO     strategy        PnL: 11:01:14 MTM=14.00 Profit=0.00%
2026-08-06 11:01:15 INFO     strategy        PnL: 11:01:15 MTM=39.00 Profit=0.01%
2026-08-06 11:01:16 INFO     strategy        PnL: 11:01:16 MTM=34.00 Profit=0.01%
2026-08-06 11:01:17 INFO     strategy        PnL: 11:01:17 MTM=19.00 Profit=0.00%
2026-08-06 11:01:18 INFO     strategy        PnL: 11:01:18 MTM=-5.00 Loss=0.00%
2026-08-06 11:01:19 INFO     strategy        PnL: 11:01:19 MTM=8.00 Profit=0.00%
2026-08-06 11:01:20 INFO     strategy        PnL: 11:01:20 MTM=49.00 Profit=0.01%
2026-08-06 11:01:21 INFO     strategy        PnL: 11:01:21 MTM=-3.00 Loss=0.00%
2026-08-06 11:01:22 INFO     strategy        PnL: 11:01:22 MTM=7.00 Profit=0.00%
2026-08-06 11:01:23 INFO     strategy        PnL: 11:01:23 MTM=24.00 Profit=0.00%
2026-08-06 11:01:24 INFO     strategy        PnL: 11:01:24 MTM=64.00 Profit=0.01%
2026-08-06 11:01:25 INFO     strategy        PnL: 11:01:25 MTM=44.00 Profit=0.01%
2026-08-06 11:01:26 INFO     strategy        PnL: 11:01:26 MTM=5.00 Profit=0.00%
2026-08-06 11:01:27 INFO     strategy        PnL: 11:01:27 MTM=13.00 Profit=0.00%
2026-08-06 11:01:28 INFO     strategy        PnL: 11:01:28 MTM=15.00 Profit=0.00%
2026-08-06 11:01:29 INFO     strategy        PnL: 11:01:29 MTM=-10.00 Loss=0.00%
2026-08-06 11:01:30 INFO     strategy        PnL: 11:01:30 MTM=13.00 Profit=0.00%
2026-08-06 11:01:31 INFO     strategy        PnL: 11:01:31 MTM=13.00 Profit=0.00%
2026-08-06 11:01:32 INFO     strategy        PnL: 11:01:32 MTM=5.00 Profit=0.00%
2026-08-06 11:01:33 INFO     strategy        PnL: 11:01:33 MTM=-31.00 Loss=0.00%
2026-08-06 11:01:34 INFO     strategy        PnL: 11:01:34 MTM=-14.00 Loss=0.00%
2026-08-06 11:01:35 INFO     strategy        PnL: 11:01:35 MTM=5.00 Profit=0.00%
2026-08-06 11:01:36 INFO     strategy        PnL: 11:01:36 MTM=-33.00 Loss=0.01%
2026-08-06 11:01:37 INFO     strategy        PnL: 11:01:37 MTM=-52.00 Loss=0.01%
2026-08-06 11:01:38 INFO     strategy        PnL: 11:01:38 MTM=-23.00 Loss=0.00%
2026-08-06 11:01:39 INFO     strategy        PnL: 11:01:39 MTM=-28.00 Loss=0.00%
2026-08-06 11:01:40 INFO     strategy        PnL: 11:01:40 MTM=-23.00 Loss=0.00%
2026-08-06 11:01:41 INFO     strategy        PnL: 11:01:41 MTM=-45.00 Loss=0.01%
2026-08-06 11:01:42 INFO     strategy        PnL: 11:01:42 MTM=-10.00 Loss=0.00%
2026-08-06 11:01:43 INFO     strategy        PnL: 11:01:43 MTM=7.00 Profit=0.00%
2026-08-06 11:01:44 INFO     strategy        PnL: 11:01:44 MTM=-31.00 Loss=0.00%
2026-08-06 11:01:45 INFO     strategy        PnL: 11:01:45 MTM=-1.00 Loss=0.00%
2026-08-06 11:01:46 INFO     strategy        PnL: 11:01:46 MTM=-37.00 Loss=0.01%
2026-08-06 11:01:47 INFO     strategy        PnL: 11:01:47 MTM=17.00 Profit=0.00%
2026-08-06 11:01:48 INFO     strategy        PnL: 11:01:48 MTM=25.00 Profit=0.00%
2026-08-06 11:01:49 INFO     strategy        PnL: 11:01:49 MTM=23.00 Profit=0.00%
2026-08-06 11:01:50 INFO     strategy        PnL: 11:01:50 MTM=-5.00 Loss=0.00%
2026-08-06 11:01:51 INFO     strategy        PnL: 11:01:51 MTM=7.00 Profit=0.00%
2026-08-06 11:01:52 INFO     strategy        PnL: 11:01:52 MTM=-7.00 Loss=0.00%
2026-08-06 11:01:53 INFO     strategy        PnL: 11:01:53 MTM=20.00 Profit=0.00%
2026-08-06 11:01:54 INFO     strategy        PnL: 11:01:54 MTM=43.00 Profit=0.01%
2026-08-06 11:01:55 INFO     strategy        PnL: 11:01:55 MTM=-0.00 Loss=0.00%
2026-08-06 11:01:56 INFO     strategy        PnL: 11:01:56 MTM=16.00 Profit=0.00%
2026-08-06 11:01:58 INFO     strategy        PnL: 11:01:58 MTM=9.00 Profit=0.00%
2026-08-06 11:01:59 INFO     strategy        PnL: 11:01:59 MTM=-6.00 Loss=0.00%
2026-08-06 11:02:00 INFO     strategy        PnL: 11:02:00 MTM=-7.00 Loss=0.00%
2026-08-06 11:02:01 INFO     strategy        PnL: 11:02:01 MTM=12.00 Profit=0.00%
2026-08-06 11:02:02 INFO     strategy        PnL: 11:02:02 MTM=15.00 Profit=0.00%
2026-08-06 11:02:03 INFO     strategy        PnL: 11:02:03 MTM=13.00 Profit=0.00%
2026-08-06 11:02:04 INFO     strategy        PnL: 11:02:04 MTM=-9.00 Loss=0.00%
2026-08-06 11:02:05 INFO     strategy        PnL: 11:02:05 MTM=30.00 Profit=0.00%
2026-08-06 11:02:06 INFO     strategy        PnL: 11:02:06 MTM=3.00 Profit=0.00%
2026-08-06 11:02:07 INFO     strategy        PnL: 11:02:07 MTM=62.00 Profit=0.01%
2026-08-06 11:02:08 INFO     strategy        PnL: 11:02:08 MTM=-1.00 Loss=0.00%
2026-08-06 11:02:09 INFO     strategy        PnL: 11:02:09 MTM=34.00 Profit=0.01%
2026-08-06 11:02:10 INFO     strategy        PnL: 11:02:10 MTM=45.00 Profit=0.01%
2026-08-06 11:02:11 INFO     strategy        PnL: 11:02:11 MTM=-7.00 Loss=0.00%
2026-08-06 11:02:12 INFO     strategy        PnL: 11:02:12 MTM=-13.00 Loss=0.00%
2026-08-06 11:02:13 INFO     strategy        PnL: 11:02:13 MTM=24.00 Profit=0.00%
2026-08-06 11:02:14 INFO     strategy        PnL: 11:02:14 MTM=26.00 Profit=0.00%
2026-08-06 11:02:15 INFO     strategy        PnL: 11:02:15 MTM=55.00 Profit=0.01%
2026-08-06 11:02:16 INFO     strategy        PnL: 11:02:16 MTM=10.00 Profit=0.00%
2026-08-06 11:02:17 INFO     strategy        PnL: 11:02:17 MTM=29.00 Profit=0.00%
2026-08-06 11:02:18 INFO     strategy        PnL: 11:02:18 MTM=14.00 Profit=0.00%
2026-08-06 11:02:19 INFO     strategy        PnL: 11:02:19 MTM=-4.00 Loss=0.00%
2026-08-06 11:02:20 INFO     strategy        PnL: 11:02:20 MTM=5.00 Profit=0.00%
2026-08-06 11:02:21 INFO     strategy        PnL: 11:02:21 MTM=-13.00 Loss=0.00%
2026-08-06 11:02:22 INFO     strategy        PnL: 11:02:22 MTM=21.00 Profit=0.00%
2026-08-06 11:02:23 INFO     strategy        PnL: 11:02:23 MTM=63.00 Profit=0.01%
2026-08-06 11:02:24 INFO     strategy        PnL: 11:02:24 MTM=20.00 Profit=0.00%
2026-08-06 11:02:25 INFO     strategy        PnL: 11:02:25 MTM=-4.00 Loss=0.00%
2026-08-06 11:02:26 INFO     strategy        PnL: 11:02:26 MTM=15.00 Profit=0.00%
2026-08-06 11:02:27 INFO     strategy        PnL: 11:02:27 MTM=-11.00 Loss=0.00%
2026-08-06 11:02:28 INFO     strategy        PnL: 11:02:28 MTM=-14.00 Loss=0.00%
2026-08-06 11:02:29 INFO     strategy        PnL: 11:02:29 MTM=-10.00 Loss=0.00%
2026-08-06 11:02:30 INFO     strategy        PnL: 11:02:30 MTM=10.00 Profit=0.00%
2026-08-06 11:02:31 INFO     strategy        PnL: 11:02:31 MTM=-50.00 Loss=0.01%
2026-08-06 11:02:32 INFO     strategy        PnL: 11:02:32 MTM=-9.00 Loss=0.00%
2026-08-06 11:02:33 INFO     strategy        PnL: 11:02:33 MTM=-102.00 Loss=0.02%
2026-08-06 11:02:34 INFO     strategy        PnL: 11:02:34 MTM=-29.00 Loss=0.00%
2026-08-06 11:02:35 INFO     strategy        PnL: 11:02:35 MTM=-2.00 Loss=0.00%
2026-08-06 11:02:36 INFO     strategy        PnL: 11:02:36 MTM=2.00 Profit=0.00%
2026-08-06 11:02:37 INFO     strategy        PnL: 11:02:37 MTM=-31.00 Loss=0.00%
2026-08-06 11:02:38 INFO     strategy        PnL: 11:02:38 MTM=18.00 Profit=0.00%
2026-08-06 11:02:39 INFO     strategy        PnL: 11:02:39 MTM=4.00 Profit=0.00%
2026-08-06 11:02:40 INFO     strategy        PnL: 11:02:40 MTM=3.00 Profit=0.00%
2026-08-06 11:02:41 INFO     strategy        PnL: 11:02:41 MTM=53.00 Profit=0.01%
2026-08-06 11:02:42 INFO     strategy        PnL: 11:02:42 MTM=14.00 Profit=0.00%
2026-08-06 11:02:43 INFO     strategy        PnL: 11:02:43 MTM=-13.00 Loss=0.00%
2026-08-06 11:02:44 INFO     strategy        PnL: 11:02:44 MTM=34.00 Profit=0.01%
2026-08-06 11:02:45 INFO     strategy        PnL: 11:02:45 MTM=0.00 Profit=0.00%
2026-08-06 11:02:46 INFO     strategy        PnL: 11:02:46 MTM=11.00 Profit=0.00%
2026-08-06 11:02:47 INFO     strategy        PnL: 11:02:47 MTM=5.00 Profit=0.00%
2026-08-06 11:02:48 INFO     strategy        PnL: 11:02:48 MTM=-19.00 Loss=0.00%
2026-08-06 11:02:49 INFO     strategy        PnL: 11:02:49 MTM=7.00 Profit=0.00%
2026-08-06 11:02:50 INFO     strategy        PnL: 11:02:50 MTM=-73.00 Loss=0.01%
2026-08-06 11:02:51 INFO     strategy        PnL: 11:02:51 MTM=35.00 Profit=0.01%
2026-08-06 11:02:52 INFO     strategy        PnL: 11:02:52 MTM=-9.00 Loss=0.00%
2026-08-06 11:02:53 INFO     strategy        PnL: 11:02:53 MTM=-27.00 Loss=0.00%
2026-08-06 11:02:54 INFO     strategy        PnL: 11:02:54 MTM=5.00 Profit=0.00%
2026-08-06 11:02:55 INFO     strategy        PnL: 11:02:55 MTM=39.00 Profit=0.01%
2026-08-06 11:02:56 INFO     strategy        PnL: 11:02:56 MTM=-40.00 Loss=0.01%
2026-08-06 11:02:57 INFO     strategy        PnL: 11:02:57 MTM=21.00 Profit=0.00%
2026-08-06 11:02:58 INFO     strategy        PnL: 11:02:58 MTM=13.00 Profit=0.00%
2026-08-06 11:02:59 INFO     strategy        PnL: 11:02:59 MTM=10.00 Profit=0.00%
2026-08-06 11:03:00 INFO     strategy        PnL: 11:03:00 MTM=11.00 Profit=0.00%
2026-08-06 11:03:01 INFO     strategy        PnL: 11:03:01 MTM=10.00 Profit=0.00%
2026-08-06 11:03:02 INFO     strategy        PnL: 11:03:02 MTM=-21.00 Loss=0.00%
2026-08-06 11:03:03 INFO     strategy        PnL: 11:03:03 MTM=27.00 Profit=0.00%
2026-08-06 11:03:04 INFO     strategy        PnL: 11:03:04 MTM=35.00 Profit=0.01%
2026-08-06 11:03:05 INFO     strategy        PnL: 11:03:05 MTM=28.00 Profit=0.00%
2026-08-06 11:03:06 INFO     strategy        PnL: 11:03:06 MTM=-1.00 Loss=0.00%
2026-08-06 11:03:07 INFO     strategy        PnL: 11:03:07 MTM=-13.00 Loss=0.00%
2026-08-06 11:03:08 INFO     strategy        PnL: 11:03:08 MTM=37.00 Profit=0.01%
2026-08-06 11:03:09 INFO     strategy        PnL: 11:03:09 MTM=35.00 Profit=0.01%
2026-08-06 11:03:10 INFO     strategy        PnL: 11:03:10 MTM=23.00 Profit=0.00%
2026-08-06 11:03:11 INFO     strategy        PnL: 11:03:11 MTM=31.00 Profit=0.00%
2026-08-06 11:03:12 INFO     strategy        PnL: 11:03:12 MTM=37.00 Profit=0.01%
2026-08-06 11:03:13 INFO     strategy        PnL: 11:03:13 MTM=55.00 Profit=0.01%
2026-08-06 11:03:14 INFO     strategy        PnL: 11:03:14 MTM=47.00 Profit=0.01%
2026-08-06 11:03:15 INFO     strategy        PnL: 11:03:15 MTM=55.00 Profit=0.01%
2026-08-06 11:03:16 INFO     strategy        PnL: 11:03:16 MTM=87.00 Profit=0.01%
2026-08-06 11:03:17 INFO     strategy        PnL: 11:03:17 MTM=112.00 Profit=0.02%
2026-08-06 11:03:18 INFO     strategy        PnL: 11:03:18 MTM=92.00 Profit=0.01%
2026-08-06 11:03:19 INFO     strategy        PnL: 11:03:19 MTM=84.00 Profit=0.01%
2026-08-06 11:03:20 INFO     strategy        PnL: 11:03:20 MTM=68.00 Profit=0.01%
2026-08-06 11:03:21 INFO     strategy        PnL: 11:03:21 MTM=49.00 Profit=0.01%
2026-08-06 11:03:22 INFO     strategy        PnL: 11:03:22 MTM=44.00 Profit=0.01%
2026-08-06 11:03:23 INFO     strategy        PnL: 11:03:23 MTM=52.00 Profit=0.01%
2026-08-06 11:03:25 INFO     strategy        PnL: 11:03:25 MTM=20.00 Profit=0.00%
2026-08-06 11:03:26 INFO     strategy        PnL: 11:03:26 MTM=50.00 Profit=0.01%
2026-08-06 11:03:27 INFO     strategy        PnL: 11:03:27 MTM=26.00 Profit=0.00%
2026-08-06 11:03:28 INFO     strategy        PnL: 11:03:28 MTM=11.00 Profit=0.00%
2026-08-06 11:03:29 INFO     strategy        PnL: 11:03:29 MTM=115.00 Profit=0.02%
2026-08-06 11:03:30 INFO     strategy        PnL: 11:03:30 MTM=54.00 Profit=0.01%
2026-08-06 11:03:31 INFO     strategy        PnL: 11:03:31 MTM=48.00 Profit=0.01%
2026-08-06 11:03:32 INFO     strategy        PnL: 11:03:32 MTM=93.00 Profit=0.01%
2026-08-06 11:03:33 INFO     strategy        PnL: 11:03:33 MTM=96.00 Profit=0.01%
2026-08-06 11:03:34 INFO     strategy        PnL: 11:03:34 MTM=97.00 Profit=0.01%
2026-08-06 11:03:35 INFO     strategy        PnL: 11:03:35 MTM=84.00 Profit=0.01%
2026-08-06 11:03:36 INFO     strategy        PnL: 11:03:36 MTM=70.00 Profit=0.01%
2026-08-06 11:03:37 INFO     strategy        PnL: 11:03:37 MTM=79.00 Profit=0.01%
2026-08-06 11:03:38 INFO     strategy        PnL: 11:03:38 MTM=116.00 Profit=0.02%
2026-08-06 11:03:39 INFO     strategy        PnL: 11:03:39 MTM=97.00 Profit=0.01%
2026-08-06 11:03:40 INFO     strategy        PnL: 11:03:40 MTM=92.00 Profit=0.01%
2026-08-06 11:03:41 INFO     strategy        PnL: 11:03:41 MTM=86.00 Profit=0.01%
2026-08-06 11:03:42 INFO     strategy        PnL: 11:03:42 MTM=81.00 Profit=0.01%
2026-08-06 11:03:43 INFO     strategy        PnL: 11:03:43 MTM=130.00 Profit=0.02%
2026-08-06 11:03:44 INFO     strategy        PnL: 11:03:44 MTM=126.00 Profit=0.02%
2026-08-06 11:03:45 INFO     strategy        PnL: 11:03:45 MTM=153.00 Profit=0.02%
2026-08-06 11:03:46 INFO     strategy        PnL: 11:03:46 MTM=116.00 Profit=0.02%
2026-08-06 11:03:47 INFO     strategy        PnL: 11:03:47 MTM=150.00 Profit=0.02%
2026-08-06 11:03:48 INFO     strategy        PnL: 11:03:48 MTM=98.00 Profit=0.02%
2026-08-06 11:03:49 INFO     strategy        PnL: 11:03:49 MTM=124.00 Profit=0.02%
2026-08-06 11:03:50 INFO     strategy        PnL: 11:03:50 MTM=122.00 Profit=0.02%
2026-08-06 11:03:51 INFO     strategy        PnL: 11:03:51 MTM=129.00 Profit=0.02%
2026-08-06 11:03:52 INFO     strategy        PnL: 11:03:52 MTM=129.00 Profit=0.02%
2026-08-06 11:03:53 INFO     strategy        PnL: 11:03:53 MTM=134.00 Profit=0.02%
2026-08-06 11:03:54 INFO     strategy        PnL: 11:03:54 MTM=108.00 Profit=0.02%
2026-08-06 11:03:55 INFO     strategy        PnL: 11:03:55 MTM=150.00 Profit=0.02%
2026-08-06 11:03:56 INFO     strategy        PnL: 11:03:56 MTM=178.00 Profit=0.03%
2026-08-06 11:03:57 INFO     strategy        PnL: 11:03:57 MTM=112.00 Profit=0.02%
2026-08-06 11:03:58 INFO     strategy        PnL: 11:03:58 MTM=102.00 Profit=0.02%
2026-08-06 11:03:59 INFO     strategy        PnL: 11:03:59 MTM=91.00 Profit=0.01%
2026-08-06 11:04:00 INFO     strategy        PnL: 11:04:00 MTM=78.00 Profit=0.01%
2026-08-06 11:04:01 INFO     strategy        PnL: 11:04:01 MTM=118.00 Profit=0.02%
2026-08-06 11:04:02 INFO     strategy        PnL: 11:04:02 MTM=88.00 Profit=0.01%
2026-08-06 11:04:03 INFO     strategy        PnL: 11:04:03 MTM=149.00 Profit=0.02%
2026-08-06 11:04:04 INFO     strategy        PnL: 11:04:04 MTM=63.00 Profit=0.01%
2026-08-06 11:04:05 INFO     strategy        PnL: 11:04:05 MTM=101.00 Profit=0.02%
2026-08-06 11:04:06 INFO     strategy        PnL: 11:04:06 MTM=102.00 Profit=0.02%
2026-08-06 11:04:07 INFO     strategy        PnL: 11:04:07 MTM=151.00 Profit=0.02%
2026-08-06 11:04:08 INFO     strategy        PnL: 11:04:08 MTM=153.00 Profit=0.02%
2026-08-06 11:04:09 INFO     strategy        PnL: 11:04:09 MTM=149.00 Profit=0.02%
2026-08-06 11:04:10 INFO     strategy        PnL: 11:04:10 MTM=149.00 Profit=0.02%
2026-08-06 11:04:11 INFO     strategy        PnL: 11:04:11 MTM=142.00 Profit=0.02%
2026-08-06 11:04:12 INFO     strategy        PnL: 11:04:12 MTM=110.00 Profit=0.02%
2026-08-06 11:04:13 INFO     strategy        PnL: 11:04:13 MTM=129.00 Profit=0.02%
2026-08-06 11:04:14 INFO     strategy        PnL: 11:04:14 MTM=161.00 Profit=0.02%
2026-08-06 11:04:15 INFO     strategy        PnL: 11:04:15 MTM=135.00 Profit=0.02%
2026-08-06 11:04:16 INFO     strategy        PnL: 11:04:16 MTM=117.00 Profit=0.02%
2026-08-06 11:04:17 INFO     strategy        PnL: 11:04:17 MTM=75.00 Profit=0.01%
2026-08-06 11:04:18 INFO     strategy        PnL: 11:04:18 MTM=105.00 Profit=0.02%
2026-08-06 11:04:19 INFO     strategy        PnL: 11:04:19 MTM=122.00 Profit=0.02%
2026-08-06 11:04:20 INFO     strategy        PnL: 11:04:20 MTM=76.00 Profit=0.01%
2026-08-06 11:04:21 INFO     strategy        PnL: 11:04:21 MTM=88.00 Profit=0.01%
2026-08-06 11:04:22 INFO     strategy        PnL: 11:04:22 MTM=84.00 Profit=0.01%
2026-08-06 11:04:23 INFO     strategy        PnL: 11:04:23 MTM=105.00 Profit=0.02%
2026-08-06 11:04:24 INFO     strategy        PnL: 11:04:24 MTM=100.00 Profit=0.02%
2026-08-06 11:04:25 INFO     strategy        PnL: 11:04:25 MTM=98.00 Profit=0.02%
2026-08-06 11:04:26 INFO     strategy        PnL: 11:04:26 MTM=111.00 Profit=0.02%
2026-08-06 11:04:27 INFO     strategy        PnL: 11:04:27 MTM=111.00 Profit=0.02%
2026-08-06 11:04:28 INFO     strategy        PnL: 11:04:28 MTM=124.00 Profit=0.02%
2026-08-06 11:04:29 INFO     strategy        PnL: 11:04:29 MTM=112.00 Profit=0.02%
2026-08-06 11:04:30 INFO     strategy        PnL: 11:04:30 MTM=105.00 Profit=0.02%
2026-08-06 11:04:31 INFO     strategy        PnL: 11:04:31 MTM=87.00 Profit=0.01%
2026-08-06 11:04:32 INFO     strategy        PnL: 11:04:32 MTM=89.00 Profit=0.01%
2026-08-06 11:04:33 INFO     strategy        PnL: 11:04:33 MTM=130.00 Profit=0.02%
2026-08-06 11:04:34 INFO     strategy        PnL: 11:04:34 MTM=128.00 Profit=0.02%
2026-08-06 11:04:35 INFO     strategy        PnL: 11:04:35 MTM=89.00 Profit=0.01%
2026-08-06 11:04:36 INFO     strategy        PnL: 11:04:36 MTM=118.00 Profit=0.02%
2026-08-06 11:04:37 INFO     strategy        PnL: 11:04:37 MTM=101.00 Profit=0.02%
2026-08-06 11:04:38 INFO     strategy        PnL: 11:04:38 MTM=127.00 Profit=0.02%
2026-08-06 11:04:39 INFO     strategy        PnL: 11:04:39 MTM=116.00 Profit=0.02%
2026-08-06 11:04:40 INFO     strategy        PnL: 11:04:40 MTM=119.00 Profit=0.02%
2026-08-06 11:04:41 INFO     strategy        PnL: 11:04:41 MTM=131.00 Profit=0.02%
2026-08-06 11:04:42 INFO     strategy        PnL: 11:04:42 MTM=119.00 Profit=0.02%
2026-08-06 11:04:43 INFO     strategy        PnL: 11:04:43 MTM=66.00 Profit=0.01%
2026-08-06 11:04:44 INFO     strategy        PnL: 11:04:44 MTM=118.00 Profit=0.02%
2026-08-06 11:04:45 INFO     strategy        PnL: 11:04:45 MTM=126.00 Profit=0.02%
2026-08-06 11:04:46 INFO     strategy        PnL: 11:04:46 MTM=115.00 Profit=0.02%
2026-08-06 11:04:47 INFO     strategy        PnL: 11:04:47 MTM=127.00 Profit=0.02%
2026-08-06 11:04:48 INFO     strategy        PnL: 11:04:48 MTM=118.00 Profit=0.02%
2026-08-06 11:04:49 INFO     strategy        PnL: 11:04:49 MTM=92.00 Profit=0.01%
2026-08-06 11:04:50 INFO     strategy        PnL: 11:04:50 MTM=72.00 Profit=0.01%
2026-08-06 11:04:51 INFO     strategy        PnL: 11:04:51 MTM=67.00 Profit=0.01%
2026-08-06 11:04:52 INFO     strategy        PnL: 11:04:52 MTM=42.00 Profit=0.01%
2026-08-06 11:04:53 INFO     strategy        PnL: 11:04:53 MTM=68.00 Profit=0.01%
2026-08-06 11:04:54 INFO     strategy        PnL: 11:04:54 MTM=45.00 Profit=0.01%
2026-08-06 11:04:55 INFO     strategy        PnL: 11:04:55 MTM=86.00 Profit=0.01%
2026-08-06 11:04:56 INFO     strategy        PnL: 11:04:56 MTM=62.00 Profit=0.01%
2026-08-06 11:04:57 INFO     strategy        PnL: 11:04:57 MTM=93.00 Profit=0.01%
2026-08-06 11:04:58 INFO     strategy        PnL: 11:04:58 MTM=40.00 Profit=0.01%
2026-08-06 11:05:00 INFO     strategy        PnL: 11:04:59 MTM=38.00 Profit=0.01%
2026-08-06 11:05:01 INFO     strategy        PnL: 11:05:01 MTM=44.00 Profit=0.01%
2026-08-06 11:05:02 INFO     strategy        PnL: 11:05:02 MTM=8.00 Profit=0.00%
2026-08-06 11:05:03 INFO     strategy        PnL: 11:05:03 MTM=-1.00 Loss=0.00%
2026-08-06 11:05:04 INFO     strategy        PnL: 11:05:04 MTM=-11.00 Loss=0.00%
2026-08-06 11:05:05 INFO     strategy        PnL: 11:05:05 MTM=42.00 Profit=0.01%
2026-08-06 11:05:06 INFO     strategy        PnL: 11:05:06 MTM=22.00 Profit=0.00%
2026-08-06 11:05:07 INFO     strategy        PnL: 11:05:07 MTM=38.00 Profit=0.01%
2026-08-06 11:05:08 INFO     strategy        PnL: 11:05:08 MTM=61.00 Profit=0.01%
2026-08-06 11:05:09 INFO     strategy        PnL: 11:05:09 MTM=69.00 Profit=0.01%
2026-08-06 11:05:10 INFO     strategy        PnL: 11:05:10 MTM=35.00 Profit=0.01%
2026-08-06 11:05:11 INFO     strategy        PnL: 11:05:11 MTM=51.00 Profit=0.01%
2026-08-06 11:05:12 INFO     strategy        PnL: 11:05:12 MTM=54.00 Profit=0.01%
2026-08-06 11:05:13 INFO     strategy        PnL: 11:05:13 MTM=51.00 Profit=0.01%
2026-08-06 11:05:14 INFO     strategy        PnL: 11:05:14 MTM=3.00 Profit=0.00%
2026-08-06 11:05:15 INFO     strategy        PnL: 11:05:15 MTM=37.00 Profit=0.01%
2026-08-06 11:05:16 INFO     strategy        PnL: 11:05:16 MTM=18.00 Profit=0.00%
2026-08-06 11:05:17 INFO     strategy        PnL: 11:05:17 MTM=8.00 Profit=0.00%
2026-08-06 11:05:18 INFO     strategy        PnL: 11:05:18 MTM=58.00 Profit=0.01%
2026-08-06 11:05:19 INFO     strategy        PnL: 11:05:19 MTM=41.00 Profit=0.01%
2026-08-06 11:05:20 INFO     strategy        PnL: 11:05:20 MTM=11.00 Profit=0.00%
2026-08-06 11:05:21 INFO     strategy        PnL: 11:05:21 MTM=66.00 Profit=0.01%
2026-08-06 11:05:22 INFO     strategy        PnL: 11:05:22 MTM=88.00 Profit=0.01%
2026-08-06 11:05:23 INFO     strategy        PnL: 11:05:23 MTM=34.00 Profit=0.01%
2026-08-06 11:05:24 INFO     strategy        PnL: 11:05:24 MTM=39.00 Profit=0.01%
2026-08-06 11:05:25 INFO     strategy        PnL: 11:05:25 MTM=44.00 Profit=0.01%
2026-08-06 11:05:26 INFO     strategy        PnL: 11:05:26 MTM=32.00 Profit=0.00%
2026-08-06 11:05:27 INFO     strategy        PnL: 11:05:27 MTM=16.00 Profit=0.00%
2026-08-06 11:05:28 INFO     strategy        PnL: 11:05:28 MTM=-14.00 Loss=0.00%
2026-08-06 11:05:29 INFO     strategy        PnL: 11:05:29 MTM=15.00 Profit=0.00%
2026-08-06 11:05:30 INFO     strategy        PnL: 11:05:30 MTM=3.00 Profit=0.00%
2026-08-06 11:05:31 INFO     strategy        PnL: 11:05:31 MTM=95.00 Profit=0.01%
2026-08-06 11:05:32 INFO     strategy        PnL: 11:05:32 MTM=6.00 Profit=0.00%
2026-08-06 11:05:33 INFO     strategy        PnL: 11:05:33 MTM=17.00 Profit=0.00%
2026-08-06 11:05:34 INFO     strategy        PnL: 11:05:34 MTM=-23.00 Loss=0.00%
2026-08-06 11:05:35 INFO     strategy        PnL: 11:05:35 MTM=-15.00 Loss=0.00%
2026-08-06 11:05:36 INFO     strategy        PnL: 11:05:36 MTM=-21.00 Loss=0.00%
2026-08-06 11:05:37 INFO     strategy        PnL: 11:05:37 MTM=32.00 Profit=0.00%
2026-08-06 11:05:38 INFO     strategy        PnL: 11:05:38 MTM=-30.00 Loss=0.00%
2026-08-06 11:05:39 INFO     strategy        PnL: 11:05:39 MTM=-29.00 Loss=0.00%
2026-08-06 11:05:40 INFO     strategy        PnL: 11:05:40 MTM=7.00 Profit=0.00%
2026-08-06 11:05:41 INFO     strategy        PnL: 11:05:41 MTM=-18.00 Loss=0.00%
2026-08-06 11:05:42 INFO     strategy        PnL: 11:05:42 MTM=2.00 Profit=0.00%
2026-08-06 11:05:43 INFO     strategy        PnL: 11:05:43 MTM=-7.00 Loss=0.00%
2026-08-06 11:05:44 INFO     strategy        PnL: 11:05:44 MTM=24.00 Profit=0.00%
2026-08-06 11:05:45 INFO     strategy        PnL: 11:05:45 MTM=48.00 Profit=0.01%
2026-08-06 11:05:46 INFO     strategy        PnL: 11:05:46 MTM=6.00 Profit=0.00%
2026-08-06 11:05:47 INFO     strategy        PnL: 11:05:47 MTM=-10.00 Loss=0.00%
2026-08-06 11:05:48 INFO     strategy        PnL: 11:05:48 MTM=-38.00 Loss=0.01%
2026-08-06 11:05:49 INFO     strategy        PnL: 11:05:49 MTM=14.00 Profit=0.00%
2026-08-06 11:05:50 INFO     strategy        PnL: 11:05:50 MTM=-18.00 Loss=0.00%
2026-08-06 11:05:51 INFO     strategy        PnL: 11:05:51 MTM=-12.00 Loss=0.00%
2026-08-06 11:05:52 INFO     strategy        PnL: 11:05:52 MTM=23.00 Profit=0.00%
2026-08-06 11:05:53 INFO     strategy        PnL: 11:05:53 MTM=44.00 Profit=0.01%
2026-08-06 11:05:54 INFO     strategy        PnL: 11:05:54 MTM=15.00 Profit=0.00%
2026-08-06 11:05:55 INFO     strategy        PnL: 11:05:55 MTM=-2.00 Loss=0.00%
2026-08-06 11:05:56 INFO     strategy        PnL: 11:05:56 MTM=85.00 Profit=0.01%
2026-08-06 11:05:57 INFO     strategy        PnL: 11:05:57 MTM=63.00 Profit=0.01%
2026-08-06 11:05:58 INFO     strategy        PnL: 11:05:58 MTM=64.00 Profit=0.01%
2026-08-06 11:05:59 INFO     strategy        PnL: 11:05:59 MTM=63.00 Profit=0.01%
2026-08-06 11:06:00 INFO     strategy        PnL: 11:06:00 MTM=52.00 Profit=0.01%
2026-08-06 11:06:01 INFO     strategy        PnL: 11:06:01 MTM=46.00 Profit=0.01%
2026-08-06 11:06:02 INFO     strategy        PnL: 11:06:02 MTM=28.00 Profit=0.00%
2026-08-06 11:06:03 INFO     strategy        PnL: 11:06:03 MTM=54.00 Profit=0.01%
2026-08-06 11:06:04 INFO     strategy        PnL: 11:06:04 MTM=41.00 Profit=0.01%
2026-08-06 11:06:05 INFO     strategy        PnL: 11:06:05 MTM=88.00 Profit=0.01%
2026-08-06 11:06:06 INFO     strategy        PnL: 11:06:06 MTM=20.00 Profit=0.00%
2026-08-06 11:06:07 INFO     strategy        PnL: 11:06:07 MTM=49.00 Profit=0.01%
2026-08-06 11:06:08 INFO     strategy        PnL: 11:06:08 MTM=20.00 Profit=0.00%
2026-08-06 11:06:09 INFO     strategy        PnL: 11:06:09 MTM=64.00 Profit=0.01%
2026-08-06 11:06:10 INFO     strategy        PnL: 11:06:10 MTM=52.00 Profit=0.01%
2026-08-06 11:06:11 INFO     strategy        PnL: 11:06:11 MTM=40.00 Profit=0.01%
2026-08-06 11:06:12 INFO     strategy        PnL: 11:06:12 MTM=16.00 Profit=0.00%
2026-08-06 11:06:13 INFO     strategy        PnL: 11:06:13 MTM=8.00 Profit=0.00%
2026-08-06 11:06:14 INFO     strategy        PnL: 11:06:14 MTM=12.00 Profit=0.00%
2026-08-06 11:06:15 INFO     strategy        PnL: 11:06:15 MTM=8.00 Profit=0.00%
2026-08-06 11:06:16 INFO     strategy        PnL: 11:06:16 MTM=20.00 Profit=0.00%
2026-08-06 11:06:17 INFO     strategy        PnL: 11:06:17 MTM=-5.00 Loss=0.00%
2026-08-06 11:06:18 INFO     strategy        PnL: 11:06:18 MTM=30.00 Profit=0.00%
2026-08-06 11:06:19 INFO     strategy        PnL: 11:06:19 MTM=23.00 Profit=0.00%
2026-08-06 11:06:20 INFO     strategy        PnL: 11:06:20 MTM=-16.00 Loss=0.00%
2026-08-06 11:06:21 INFO     strategy        PnL: 11:06:21 MTM=22.00 Profit=0.00%
2026-08-06 11:06:22 INFO     strategy        PnL: 11:06:22 MTM=12.00 Profit=0.00%
2026-08-06 11:06:23 INFO     strategy        PnL: 11:06:23 MTM=27.00 Profit=0.00%
2026-08-06 11:06:24 INFO     strategy        PnL: 11:06:24 MTM=12.00 Profit=0.00%
2026-08-06 11:06:25 INFO     strategy        PnL: 11:06:25 MTM=25.00 Profit=0.00%
2026-08-06 11:06:26 INFO     strategy        PnL: 11:06:26 MTM=13.00 Profit=0.00%
2026-08-06 11:06:27 INFO     strategy        PnL: 11:06:27 MTM=3.00 Profit=0.00%
2026-08-06 11:06:28 INFO     strategy        PnL: 11:06:28 MTM=-12.00 Loss=0.00%
2026-08-06 11:06:29 INFO     strategy        PnL: 11:06:29 MTM=47.00 Profit=0.01%
2026-08-06 11:06:30 INFO     strategy        PnL: 11:06:30 MTM=87.00 Profit=0.01%
2026-08-06 11:06:31 INFO     strategy        PnL: 11:06:31 MTM=38.00 Profit=0.01%
2026-08-06 11:06:32 INFO     strategy        PnL: 11:06:32 MTM=-9.00 Loss=0.00%
2026-08-06 11:06:33 INFO     strategy        PnL: 11:06:33 MTM=38.00 Profit=0.01%
2026-08-06 11:06:34 INFO     strategy        PnL: 11:06:34 MTM=42.00 Profit=0.01%
2026-08-06 11:06:36 INFO     strategy        PnL: 11:06:36 MTM=72.00 Profit=0.01%
2026-08-06 11:06:37 INFO     strategy        PnL: 11:06:37 MTM=5.00 Profit=0.00%
2026-08-06 11:06:38 INFO     strategy        PnL: 11:06:38 MTM=14.00 Profit=0.00%
2026-08-06 11:06:39 INFO     strategy        PnL: 11:06:39 MTM=11.00 Profit=0.00%
2026-08-06 11:06:40 INFO     strategy        PnL: 11:06:40 MTM=7.00 Profit=0.00%
2026-08-06 11:06:41 INFO     strategy        PnL: 11:06:41 MTM=3.00 Profit=0.00%
2026-08-06 11:06:42 INFO     strategy        PnL: 11:06:42 MTM=-72.00 Loss=0.01%
2026-08-06 11:06:43 INFO     strategy        PnL: 11:06:43 MTM=24.00 Profit=0.00%
2026-08-06 11:06:44 INFO     strategy        PnL: 11:06:44 MTM=70.00 Profit=0.01%
2026-08-06 11:06:45 INFO     strategy        PnL: 11:06:45 MTM=40.00 Profit=0.01%
2026-08-06 11:06:46 INFO     strategy        PnL: 11:06:46 MTM=30.00 Profit=0.00%
2026-08-06 11:06:47 INFO     strategy        PnL: 11:06:47 MTM=42.00 Profit=0.01%
2026-08-06 11:06:48 INFO     strategy        PnL: 11:06:48 MTM=34.00 Profit=0.01%
2026-08-06 11:06:49 INFO     strategy        PnL: 11:06:49 MTM=23.00 Profit=0.00%
2026-08-06 11:06:50 INFO     strategy        PnL: 11:06:50 MTM=16.00 Profit=0.00%
2026-08-06 11:06:51 INFO     strategy        PnL: 11:06:51 MTM=30.00 Profit=0.00%
2026-08-06 11:06:52 INFO     strategy        PnL: 11:06:52 MTM=40.00 Profit=0.01%
2026-08-06 11:06:53 INFO     strategy        PnL: 11:06:53 MTM=47.00 Profit=0.01%
2026-08-06 11:06:54 INFO     strategy        PnL: 11:06:54 MTM=19.00 Profit=0.00%
2026-08-06 11:06:55 INFO     strategy        PnL: 11:06:55 MTM=34.00 Profit=0.01%
2026-08-06 11:06:56 INFO     strategy        PnL: 11:06:56 MTM=73.00 Profit=0.01%
2026-08-06 11:06:57 INFO     strategy        PnL: 11:06:57 MTM=70.00 Profit=0.01%
2026-08-06 11:06:58 INFO     strategy        PnL: 11:06:58 MTM=33.00 Profit=0.01%
2026-08-06 11:06:59 INFO     strategy        PnL: 11:06:59 MTM=70.00 Profit=0.01%
2026-08-06 11:07:00 INFO     strategy        PnL: 11:07:00 MTM=43.00 Profit=0.01%
2026-08-06 11:07:01 INFO     strategy        PnL: 11:07:01 MTM=29.00 Profit=0.00%
2026-08-06 11:07:02 INFO     strategy        PnL: 11:07:02 MTM=34.00 Profit=0.01%
2026-08-06 11:07:03 INFO     strategy        PnL: 11:07:03 MTM=22.00 Profit=0.00%
2026-08-06 11:07:04 INFO     strategy        PnL: 11:07:04 MTM=14.00 Profit=0.00%
2026-08-06 11:07:05 INFO     strategy        PnL: 11:07:05 MTM=29.00 Profit=0.00%
2026-08-06 11:07:06 INFO     strategy        PnL: 11:07:06 MTM=41.00 Profit=0.01%
2026-08-06 11:07:07 INFO     strategy        PnL: 11:07:07 MTM=-4.00 Loss=0.00%
2026-08-06 11:07:08 INFO     strategy        PnL: 11:07:08 MTM=12.00 Profit=0.00%
2026-08-06 11:07:09 INFO     strategy        PnL: 11:07:09 MTM=1.00 Profit=0.00%
2026-08-06 11:07:10 INFO     strategy        PnL: 11:07:10 MTM=15.00 Profit=0.00%
2026-08-06 11:07:11 INFO     strategy        PnL: 11:07:11 MTM=20.00 Profit=0.00%
2026-08-06 11:07:12 INFO     strategy        PnL: 11:07:12 MTM=32.00 Profit=0.00%
2026-08-06 11:07:13 INFO     strategy        PnL: 11:07:13 MTM=6.00 Profit=0.00%
2026-08-06 11:07:14 INFO     strategy        PnL: 11:07:14 MTM=2.00 Profit=0.00%
2026-08-06 11:07:15 INFO     strategy        PnL: 11:07:15 MTM=-12.00 Loss=0.00%
2026-08-06 11:07:16 INFO     strategy        PnL: 11:07:16 MTM=-42.00 Loss=0.01%
2026-08-06 11:07:17 INFO     strategy        PnL: 11:07:17 MTM=5.00 Profit=0.00%
2026-08-06 11:07:18 INFO     strategy        PnL: 11:07:18 MTM=16.00 Profit=0.00%
2026-08-06 11:07:19 INFO     strategy        PnL: 11:07:19 MTM=1.00 Profit=0.00%
2026-08-06 11:07:20 INFO     strategy        PnL: 11:07:20 MTM=-7.00 Loss=0.00%
2026-08-06 11:07:21 INFO     strategy        PnL: 11:07:21 MTM=-22.00 Loss=0.00%
2026-08-06 11:07:22 INFO     strategy        PnL: 11:07:22 MTM=-30.00 Loss=0.00%
2026-08-06 11:07:23 INFO     strategy        PnL: 11:07:23 MTM=3.00 Profit=0.00%
2026-08-06 11:07:24 INFO     strategy        PnL: 11:07:24 MTM=-1.00 Loss=0.00%
2026-08-06 11:07:25 INFO     strategy        PnL: 11:07:25 MTM=16.00 Profit=0.00%
2026-08-06 11:07:26 INFO     strategy        PnL: 11:07:26 MTM=12.00 Profit=0.00%
2026-08-06 11:07:27 INFO     strategy        PnL: 11:07:27 MTM=14.00 Profit=0.00%
2026-08-06 11:07:28 INFO     strategy        PnL: 11:07:28 MTM=24.00 Profit=0.00%
2026-08-06 11:07:29 INFO     strategy        PnL: 11:07:29 MTM=-14.00 Loss=0.00%
2026-08-06 11:07:30 INFO     strategy        PnL: 11:07:30 MTM=-10.00 Loss=0.00%
2026-08-06 11:07:31 INFO     strategy        PnL: 11:07:31 MTM=-3.00 Loss=0.00%
2026-08-06 11:07:32 INFO     strategy        PnL: 11:07:32 MTM=-31.00 Loss=0.00%
2026-08-06 11:07:33 INFO     strategy        PnL: 11:07:33 MTM=-26.00 Loss=0.00%
2026-08-06 11:07:34 INFO     strategy        PnL: 11:07:34 MTM=-48.00 Loss=0.01%
2026-08-06 11:07:35 INFO     strategy        PnL: 11:07:35 MTM=-7.00 Loss=0.00%
2026-08-06 11:07:36 INFO     strategy        PnL: 11:07:36 MTM=-57.00 Loss=0.01%
2026-08-06 11:07:37 INFO     strategy        PnL: 11:07:37 MTM=-66.00 Loss=0.01%
2026-08-06 11:07:38 INFO     strategy        PnL: 11:07:38 MTM=-44.00 Loss=0.01%
2026-08-06 11:07:39 INFO     strategy        PnL: 11:07:39 MTM=-36.00 Loss=0.01%
2026-08-06 11:07:40 INFO     strategy        PnL: 11:07:40 MTM=13.00 Profit=0.00%
2026-08-06 11:07:41 INFO     strategy        PnL: 11:07:41 MTM=0.00 Profit=0.00%
2026-08-06 11:07:42 INFO     strategy        PnL: 11:07:42 MTM=68.00 Profit=0.01%
2026-08-06 11:07:43 INFO     strategy        PnL: 11:07:43 MTM=36.00 Profit=0.01%
2026-08-06 11:07:44 INFO     strategy        PnL: 11:07:44 MTM=50.00 Profit=0.01%
2026-08-06 11:07:45 INFO     strategy        PnL: 11:07:45 MTM=-1.00 Loss=0.00%
2026-08-06 11:07:46 INFO     strategy        PnL: 11:07:46 MTM=1.00 Profit=0.00%
2026-08-06 11:07:47 INFO     strategy        PnL: 11:07:47 MTM=20.00 Profit=0.00%
2026-08-06 11:07:48 INFO     strategy        PnL: 11:07:48 MTM=33.00 Profit=0.01%
2026-08-06 11:07:49 INFO     strategy        PnL: 11:07:49 MTM=17.00 Profit=0.00%
2026-08-06 11:07:50 INFO     strategy        PnL: 11:07:50 MTM=-5.00 Loss=0.00%
2026-08-06 11:07:51 INFO     strategy        PnL: 11:07:51 MTM=50.00 Profit=0.01%
2026-08-06 11:07:52 INFO     strategy        PnL: 11:07:52 MTM=17.00 Profit=0.00%
2026-08-06 11:07:53 INFO     strategy        PnL: 11:07:53 MTM=-19.00 Loss=0.00%
2026-08-06 11:07:54 INFO     strategy        PnL: 11:07:54 MTM=4.00 Profit=0.00%
2026-08-06 11:07:55 INFO     strategy        PnL: 11:07:55 MTM=1.00 Profit=0.00%
2026-08-06 11:07:56 INFO     strategy        PnL: 11:07:56 MTM=25.00 Profit=0.00%
2026-08-06 11:07:57 INFO     strategy        PnL: 11:07:57 MTM=1.00 Profit=0.00%
2026-08-06 11:07:58 INFO     strategy        PnL: 11:07:58 MTM=17.00 Profit=0.00%
2026-08-06 11:07:59 INFO     strategy        PnL: 11:07:59 MTM=-37.00 Loss=0.01%
2026-08-06 11:08:00 INFO     strategy        PnL: 11:08:00 MTM=-7.00 Loss=0.00%
2026-08-06 11:08:01 INFO     strategy        PnL: 11:08:01 MTM=-13.00 Loss=0.00%
2026-08-06 11:08:02 INFO     strategy        PnL: 11:08:02 MTM=5.00 Profit=0.00%
2026-08-06 11:08:03 INFO     strategy        PnL: 11:08:03 MTM=5.00 Profit=0.00%
2026-08-06 11:08:04 INFO     strategy        PnL: 11:08:04 MTM=-20.00 Loss=0.00%
2026-08-06 11:08:05 INFO     strategy        PnL: 11:08:05 MTM=-36.00 Loss=0.01%
2026-08-06 11:08:06 INFO     strategy        PnL: 11:08:06 MTM=-16.00 Loss=0.00%
2026-08-06 11:08:07 INFO     strategy        PnL: 11:08:07 MTM=-1.00 Loss=0.00%
2026-08-06 11:08:08 INFO     strategy        PnL: 11:08:08 MTM=-25.00 Loss=0.00%
2026-08-06 11:08:09 INFO     strategy        PnL: 11:08:09 MTM=-3.00 Loss=0.00%
2026-08-06 11:08:10 INFO     strategy        PnL: 11:08:10 MTM=-21.00 Loss=0.00%
2026-08-06 11:08:11 INFO     strategy        PnL: 11:08:11 MTM=15.00 Profit=0.00%
2026-08-06 11:08:12 INFO     strategy        PnL: 11:08:12 MTM=17.00 Profit=0.00%
2026-08-06 11:08:13 INFO     strategy        PnL: 11:08:13 MTM=2.00 Profit=0.00%
2026-08-06 11:08:14 INFO     strategy        PnL: 11:08:14 MTM=-25.00 Loss=0.00%
2026-08-06 11:08:15 INFO     strategy        PnL: 11:08:15 MTM=-3.00 Loss=0.00%
2026-08-06 11:08:16 INFO     strategy        PnL: 11:08:16 MTM=56.00 Profit=0.01%
2026-08-06 11:08:17 INFO     strategy        PnL: 11:08:17 MTM=34.00 Profit=0.01%
2026-08-06 11:08:18 INFO     strategy        PnL: 11:08:18 MTM=52.00 Profit=0.01%
2026-08-06 11:08:19 INFO     strategy        PnL: 11:08:19 MTM=38.00 Profit=0.01%
2026-08-06 11:08:20 INFO     strategy        PnL: 11:08:20 MTM=78.00 Profit=0.01%
2026-08-06 11:08:21 INFO     strategy        PnL: 11:08:21 MTM=40.00 Profit=0.01%
2026-08-06 11:08:22 INFO     strategy        PnL: 11:08:22 MTM=21.00 Profit=0.00%
2026-08-06 11:08:23 INFO     strategy        PnL: 11:08:23 MTM=36.00 Profit=0.01%
2026-08-06 11:08:24 INFO     strategy        PnL: 11:08:24 MTM=51.00 Profit=0.01%
2026-08-06 11:08:25 INFO     strategy        PnL: 11:08:25 MTM=68.00 Profit=0.01%
2026-08-06 11:08:27 INFO     strategy        PnL: 11:08:27 MTM=66.00 Profit=0.01%
2026-08-06 11:08:28 INFO     strategy        PnL: 11:08:28 MTM=84.00 Profit=0.01%
2026-08-06 11:08:29 INFO     strategy        PnL: 11:08:29 MTM=48.00 Profit=0.01%
2026-08-06 11:08:30 INFO     strategy        PnL: 11:08:30 MTM=54.00 Profit=0.01%
2026-08-06 11:08:31 INFO     strategy        PnL: 11:08:31 MTM=44.00 Profit=0.01%
2026-08-06 11:08:32 INFO     strategy        PnL: 11:08:32 MTM=47.00 Profit=0.01%
2026-08-06 11:08:33 INFO     strategy        PnL: 11:08:33 MTM=70.00 Profit=0.01%
2026-08-06 11:08:34 INFO     strategy        PnL: 11:08:34 MTM=64.00 Profit=0.01%
2026-08-06 11:08:35 INFO     strategy        PnL: 11:08:35 MTM=103.00 Profit=0.02%
2026-08-06 11:08:36 INFO     strategy        PnL: 11:08:36 MTM=61.00 Profit=0.01%
2026-08-06 11:08:37 INFO     strategy        PnL: 11:08:37 MTM=50.00 Profit=0.01%
2026-08-06 11:08:38 INFO     strategy        PnL: 11:08:38 MTM=47.00 Profit=0.01%
2026-08-06 11:08:39 INFO     strategy        PnL: 11:08:39 MTM=106.00 Profit=0.02%
2026-08-06 11:08:40 INFO     strategy        PnL: 11:08:40 MTM=45.00 Profit=0.01%
2026-08-06 11:08:41 INFO     strategy        PnL: 11:08:41 MTM=70.00 Profit=0.01%
2026-08-06 11:08:42 INFO     strategy        PnL: 11:08:42 MTM=67.00 Profit=0.01%
2026-08-06 11:08:43 INFO     strategy        PnL: 11:08:43 MTM=69.00 Profit=0.01%
2026-08-06 11:08:44 INFO     strategy        PnL: 11:08:44 MTM=82.00 Profit=0.01%
2026-08-06 11:08:45 INFO     strategy        PnL: 11:08:45 MTM=48.00 Profit=0.01%
2026-08-06 11:08:46 INFO     strategy        PnL: 11:08:46 MTM=65.00 Profit=0.01%
2026-08-06 11:08:47 INFO     strategy        PnL: 11:08:47 MTM=74.00 Profit=0.01%
2026-08-06 11:08:48 INFO     strategy        PnL: 11:08:48 MTM=62.00 Profit=0.01%
2026-08-06 11:08:49 INFO     strategy        PnL: 11:08:49 MTM=68.00 Profit=0.01%
2026-08-06 11:08:50 INFO     strategy        PnL: 11:08:50 MTM=43.00 Profit=0.01%
2026-08-06 11:08:51 INFO     strategy        PnL: 11:08:51 MTM=66.00 Profit=0.01%
2026-08-06 11:08:52 INFO     strategy        PnL: 11:08:52 MTM=70.00 Profit=0.01%
2026-08-06 11:08:53 INFO     strategy        PnL: 11:08:53 MTM=44.00 Profit=0.01%
2026-08-06 11:08:54 INFO     strategy        PnL: 11:08:54 MTM=40.00 Profit=0.01%
2026-08-06 11:08:55 INFO     strategy        PnL: 11:08:55 MTM=58.00 Profit=0.01%
2026-08-06 11:08:56 INFO     strategy        PnL: 11:08:56 MTM=-3.00 Loss=0.00%
2026-08-06 11:08:57 INFO     strategy        PnL: 11:08:57 MTM=-22.00 Loss=0.00%
2026-08-06 11:08:58 INFO     strategy        PnL: 11:08:58 MTM=17.00 Profit=0.00%
2026-08-06 11:08:59 INFO     strategy        PnL: 11:08:59 MTM=71.00 Profit=0.01%
2026-08-06 11:09:00 INFO     strategy        PnL: 11:09:00 MTM=32.00 Profit=0.00%
2026-08-06 11:09:01 INFO     strategy        PnL: 11:09:01 MTM=-21.00 Loss=0.00%
2026-08-06 11:09:02 INFO     strategy        PnL: 11:09:02 MTM=-35.00 Loss=0.01%
2026-08-06 11:09:03 INFO     strategy        PnL: 11:09:03 MTM=32.00 Profit=0.00%
2026-08-06 11:09:04 INFO     strategy        PnL: 11:09:04 MTM=30.00 Profit=0.00%
2026-08-06 11:09:05 INFO     strategy        PnL: 11:09:05 MTM=55.00 Profit=0.01%
2026-08-06 11:09:06 INFO     strategy        PnL: 11:09:06 MTM=34.00 Profit=0.01%
2026-08-06 11:09:07 INFO     strategy        PnL: 11:09:07 MTM=47.00 Profit=0.01%
2026-08-06 11:09:08 INFO     strategy        PnL: 11:09:08 MTM=-2.00 Loss=0.00%
2026-08-06 11:09:09 INFO     strategy        PnL: 11:09:09 MTM=69.00 Profit=0.01%
2026-08-06 11:09:10 INFO     strategy        PnL: 11:09:10 MTM=21.00 Profit=0.00%
2026-08-06 11:09:11 INFO     strategy        PnL: 11:09:11 MTM=46.00 Profit=0.01%
2026-08-06 11:09:12 INFO     strategy        PnL: 11:09:12 MTM=-9.00 Loss=0.00%
2026-08-06 11:09:13 INFO     strategy        PnL: 11:09:13 MTM=-3.00 Loss=0.00%
2026-08-06 11:09:14 INFO     strategy        PnL: 11:09:14 MTM=11.00 Profit=0.00%
2026-08-06 11:09:15 INFO     strategy        PnL: 11:09:15 MTM=48.00 Profit=0.01%
2026-08-06 11:09:16 INFO     strategy        PnL: 11:09:16 MTM=14.00 Profit=0.00%
2026-08-06 11:09:17 INFO     strategy        PnL: 11:09:17 MTM=23.00 Profit=0.00%
2026-08-06 11:09:18 INFO     strategy        PnL: 11:09:18 MTM=20.00 Profit=0.00%
2026-08-06 11:09:19 INFO     strategy        PnL: 11:09:19 MTM=21.00 Profit=0.00%
2026-08-06 11:09:20 INFO     strategy        PnL: 11:09:20 MTM=53.00 Profit=0.01%
2026-08-06 11:09:21 INFO     strategy        PnL: 11:09:21 MTM=4.00 Profit=0.00%
2026-08-06 11:09:22 INFO     strategy        PnL: 11:09:22 MTM=12.00 Profit=0.00%
2026-08-06 11:09:23 INFO     strategy        PnL: 11:09:23 MTM=49.00 Profit=0.01%
2026-08-06 11:09:24 INFO     strategy        PnL: 11:09:24 MTM=52.00 Profit=0.01%
2026-08-06 11:09:25 INFO     strategy        PnL: 11:09:25 MTM=17.00 Profit=0.00%
2026-08-06 11:09:26 INFO     strategy        PnL: 11:09:26 MTM=47.00 Profit=0.01%
2026-08-06 11:09:27 INFO     strategy        PnL: 11:09:27 MTM=-5.00 Loss=0.00%
2026-08-06 11:09:28 INFO     strategy        PnL: 11:09:28 MTM=47.00 Profit=0.01%
2026-08-06 11:09:29 INFO     strategy        PnL: 11:09:29 MTM=17.00 Profit=0.00%
2026-08-06 11:09:30 INFO     strategy        PnL: 11:09:30 MTM=25.00 Profit=0.00%
2026-08-06 11:09:31 INFO     strategy        PnL: 11:09:31 MTM=-7.00 Loss=0.00%
2026-08-06 11:09:32 INFO     strategy        PnL: 11:09:32 MTM=37.00 Profit=0.01%
2026-08-06 11:09:33 INFO     strategy        PnL: 11:09:33 MTM=47.00 Profit=0.01%
2026-08-06 11:09:34 INFO     strategy        PnL: 11:09:34 MTM=39.00 Profit=0.01%
2026-08-06 11:09:35 INFO     strategy        PnL: 11:09:35 MTM=52.00 Profit=0.01%
2026-08-06 11:09:36 INFO     strategy        PnL: 11:09:36 MTM=67.00 Profit=0.01%
2026-08-06 11:09:37 INFO     strategy        PnL: 11:09:37 MTM=70.00 Profit=0.01%
2026-08-06 11:09:38 INFO     strategy        PnL: 11:09:38 MTM=42.00 Profit=0.01%
2026-08-06 11:09:39 INFO     strategy        PnL: 11:09:39 MTM=0.00 Profit=0.00%
2026-08-06 11:09:40 INFO     strategy        PnL: 11:09:40 MTM=20.00 Profit=0.00%
2026-08-06 11:09:41 INFO     strategy        PnL: 11:09:41 MTM=6.00 Profit=0.00%
2026-08-06 11:09:42 INFO     strategy        PnL: 11:09:42 MTM=37.00 Profit=0.01%
2026-08-06 11:09:43 INFO     strategy        PnL: 11:09:43 MTM=22.00 Profit=0.00%
2026-08-06 11:09:44 INFO     strategy        PnL: 11:09:44 MTM=17.00 Profit=0.00%
2026-08-06 11:09:45 INFO     strategy        PnL: 11:09:45 MTM=47.00 Profit=0.01%
2026-08-06 11:09:46 INFO     strategy        PnL: 11:09:46 MTM=56.00 Profit=0.01%
2026-08-06 11:09:47 INFO     strategy        PnL: 11:09:47 MTM=-4.00 Loss=0.00%
2026-08-06 11:09:48 INFO     strategy        PnL: 11:09:48 MTM=28.00 Profit=0.00%
2026-08-06 11:09:49 INFO     strategy        PnL: 11:09:49 MTM=-12.00 Loss=0.00%
2026-08-06 11:09:50 INFO     strategy        PnL: 11:09:50 MTM=18.00 Profit=0.00%
2026-08-06 11:09:51 INFO     strategy        PnL: 11:09:51 MTM=43.00 Profit=0.01%
2026-08-06 11:09:52 INFO     strategy        PnL: 11:09:52 MTM=21.00 Profit=0.00%
2026-08-06 11:09:53 INFO     strategy        PnL: 11:09:53 MTM=-27.00 Loss=0.00%
2026-08-06 11:09:54 INFO     strategy        PnL: 11:09:54 MTM=-7.00 Loss=0.00%
2026-08-06 11:09:55 INFO     strategy        PnL: 11:09:55 MTM=8.00 Profit=0.00%
2026-08-06 11:09:56 INFO     strategy        PnL: 11:09:56 MTM=13.00 Profit=0.00%
2026-08-06 11:09:57 INFO     strategy        PnL: 11:09:57 MTM=-10.00 Loss=0.00%
2026-08-06 11:09:58 INFO     strategy        PnL: 11:09:58 MTM=-5.00 Loss=0.00%
2026-08-06 11:09:59 INFO     strategy        PnL: 11:09:59 MTM=4.00 Profit=0.00%
2026-08-06 11:10:00 INFO     strategy        PnL: 11:10:00 MTM=11.00 Profit=0.00%
2026-08-06 11:10:01 INFO     strategy        PnL: 11:10:01 MTM=13.00 Profit=0.00%
2026-08-06 11:10:02 INFO     strategy        PnL: 11:10:02 MTM=7.00 Profit=0.00%
2026-08-06 11:10:03 INFO     strategy        PnL: 11:10:03 MTM=15.00 Profit=0.00%
2026-08-06 11:10:04 INFO     strategy        PnL: 11:10:04 MTM=12.00 Profit=0.00%
2026-08-06 11:10:05 INFO     strategy        PnL: 11:10:05 MTM=-33.00 Loss=0.01%
2026-08-06 11:10:06 INFO     strategy        PnL: 11:10:06 MTM=7.00 Profit=0.00%
2026-08-06 11:10:07 INFO     strategy        PnL: 11:10:07 MTM=-6.00 Loss=0.00%
2026-08-06 11:10:08 INFO     strategy        PnL: 11:10:08 MTM=-4.00 Loss=0.00%
2026-08-06 11:10:09 INFO     strategy        PnL: 11:10:09 MTM=-5.00 Loss=0.00%
2026-08-06 11:10:10 INFO     strategy        PnL: 11:10:10 MTM=-39.00 Loss=0.01%
2026-08-06 11:10:11 INFO     strategy        PnL: 11:10:11 MTM=26.00 Profit=0.00%
2026-08-06 11:10:12 INFO     strategy        PnL: 11:10:12 MTM=-14.00 Loss=0.00%
2026-08-06 11:10:13 INFO     strategy        PnL: 11:10:13 MTM=-38.00 Loss=0.01%
2026-08-06 11:10:14 INFO     strategy        PnL: 11:10:14 MTM=-22.00 Loss=0.00%
2026-08-06 11:10:16 INFO     strategy        PnL: 11:10:16 MTM=-12.00 Loss=0.00%
2026-08-06 11:10:17 INFO     strategy        PnL: 11:10:17 MTM=-68.00 Loss=0.01%
2026-08-06 11:10:18 INFO     strategy        PnL: 11:10:18 MTM=-26.00 Loss=0.00%
2026-08-06 11:10:19 INFO     strategy        PnL: 11:10:19 MTM=-44.00 Loss=0.01%
2026-08-06 11:10:20 INFO     strategy        PnL: 11:10:20 MTM=-37.00 Loss=0.01%
2026-08-06 11:10:21 INFO     strategy        PnL: 11:10:21 MTM=-13.00 Loss=0.00%
2026-08-06 11:10:22 INFO     strategy        PnL: 11:10:22 MTM=-64.00 Loss=0.01%
2026-08-06 11:10:23 INFO     strategy        PnL: 11:10:23 MTM=-15.00 Loss=0.00%
2026-08-06 11:10:24 INFO     strategy        PnL: 11:10:24 MTM=-38.00 Loss=0.01%
2026-08-06 11:10:25 INFO     strategy        PnL: 11:10:25 MTM=-33.00 Loss=0.01%
2026-08-06 11:10:26 INFO     strategy        PnL: 11:10:26 MTM=9.00 Profit=0.00%
2026-08-06 11:10:27 INFO     strategy        PnL: 11:10:27 MTM=-52.00 Loss=0.01%
2026-08-06 11:10:28 INFO     strategy        PnL: 11:10:28 MTM=0.00 Profit=0.00%
2026-08-06 11:10:29 INFO     strategy        PnL: 11:10:29 MTM=24.00 Profit=0.00%
2026-08-06 11:10:30 INFO     strategy        PnL: 11:10:30 MTM=-51.00 Loss=0.01%
2026-08-06 11:10:31 INFO     strategy        PnL: 11:10:31 MTM=-65.00 Loss=0.01%
2026-08-06 11:10:32 INFO     strategy        PnL: 11:10:32 MTM=-32.00 Loss=0.00%
2026-08-06 11:10:33 INFO     strategy        PnL: 11:10:33 MTM=-34.00 Loss=0.01%
2026-08-06 11:10:34 INFO     strategy        PnL: 11:10:34 MTM=13.00 Profit=0.00%
2026-08-06 11:10:35 INFO     strategy        PnL: 11:10:35 MTM=31.00 Profit=0.00%
2026-08-06 11:10:36 INFO     strategy        PnL: 11:10:36 MTM=-37.00 Loss=0.01%
2026-08-06 11:10:37 INFO     strategy        PnL: 11:10:37 MTM=6.00 Profit=0.00%
2026-08-06 11:10:38 INFO     strategy        PnL: 11:10:38 MTM=14.00 Profit=0.00%
2026-08-06 11:10:39 INFO     strategy        PnL: 11:10:39 MTM=-27.00 Loss=0.00%
2026-08-06 11:10:40 INFO     strategy        PnL: 11:10:40 MTM=-9.00 Loss=0.00%
2026-08-06 11:10:41 INFO     strategy        PnL: 11:10:41 MTM=-14.00 Loss=0.00%
2026-08-06 11:10:42 INFO     strategy        PnL: 11:10:42 MTM=9.00 Profit=0.00%
2026-08-06 11:10:43 INFO     strategy        PnL: 11:10:43 MTM=28.00 Profit=0.00%
2026-08-06 11:10:44 INFO     strategy        PnL: 11:10:44 MTM=39.00 Profit=0.01%
2026-08-06 11:10:45 INFO     strategy        PnL: 11:10:45 MTM=39.00 Profit=0.01%
2026-08-06 11:10:46 INFO     strategy        PnL: 11:10:46 MTM=33.00 Profit=0.01%
2026-08-06 11:10:47 INFO     strategy        PnL: 11:10:47 MTM=-17.00 Loss=0.00%
2026-08-06 11:10:48 INFO     strategy        PnL: 11:10:48 MTM=10.00 Profit=0.00%
2026-08-06 11:10:49 INFO     strategy        PnL: 11:10:49 MTM=14.00 Profit=0.00%
2026-08-06 11:10:50 INFO     strategy        PnL: 11:10:50 MTM=-22.00 Loss=0.00%
2026-08-06 11:10:51 INFO     strategy        PnL: 11:10:51 MTM=-14.00 Loss=0.00%
2026-08-06 11:10:52 INFO     strategy        PnL: 11:10:52 MTM=-10.00 Loss=0.00%
2026-08-06 11:10:53 INFO     strategy        PnL: 11:10:53 MTM=25.00 Profit=0.00%
2026-08-06 11:10:54 INFO     strategy        PnL: 11:10:54 MTM=-23.00 Loss=0.00%
2026-08-06 11:10:55 INFO     strategy        PnL: 11:10:55 MTM=-1.00 Loss=0.00%
2026-08-06 11:10:56 INFO     strategy        PnL: 11:10:56 MTM=-27.00 Loss=0.00%
2026-08-06 11:10:57 INFO     strategy        PnL: 11:10:57 MTM=-69.00 Loss=0.01%
2026-08-06 11:10:58 INFO     strategy        PnL: 11:10:58 MTM=14.00 Profit=0.00%
2026-08-06 11:10:59 INFO     strategy        PnL: 11:10:59 MTM=-36.00 Loss=0.01%
2026-08-06 11:11:00 INFO     strategy        PnL: 11:11:00 MTM=-34.00 Loss=0.01%
2026-08-06 11:11:01 INFO     strategy        PnL: 11:11:01 MTM=-5.00 Loss=0.00%
2026-08-06 11:11:02 INFO     strategy        PnL: 11:11:02 MTM=-18.00 Loss=0.00%
2026-08-06 11:11:03 INFO     strategy        PnL: 11:11:03 MTM=-66.00 Loss=0.01%
2026-08-06 11:11:04 INFO     strategy        PnL: 11:11:04 MTM=-8.00 Loss=0.00%
2026-08-06 11:11:05 INFO     strategy        PnL: 11:11:05 MTM=-45.00 Loss=0.01%
2026-08-06 11:11:06 INFO     strategy        PnL: 11:11:06 MTM=-49.00 Loss=0.01%
2026-08-06 11:11:07 INFO     strategy        PnL: 11:11:07 MTM=-55.00 Loss=0.01%
2026-08-06 11:11:08 INFO     strategy        PnL: 11:11:08 MTM=-65.00 Loss=0.01%
2026-08-06 11:11:09 INFO     strategy        PnL: 11:11:09 MTM=-31.00 Loss=0.00%
2026-08-06 11:11:10 INFO     strategy        PnL: 11:11:10 MTM=2.00 Profit=0.00%
2026-08-06 11:11:11 INFO     strategy        PnL: 11:11:11 MTM=-18.00 Loss=0.00%
2026-08-06 11:11:12 INFO     strategy        PnL: 11:11:12 MTM=-48.00 Loss=0.01%
2026-08-06 11:11:13 INFO     strategy        PnL: 11:11:13 MTM=-15.00 Loss=0.00%
2026-08-06 11:11:14 INFO     strategy        PnL: 11:11:14 MTM=-5.00 Loss=0.00%
2026-08-06 11:11:15 INFO     strategy        PnL: 11:11:15 MTM=-33.00 Loss=0.01%
2026-08-06 11:11:16 INFO     strategy        PnL: 11:11:16 MTM=-17.00 Loss=0.00%
2026-08-06 11:11:17 INFO     strategy        PnL: 11:11:17 MTM=9.00 Profit=0.00%
2026-08-06 11:11:18 INFO     strategy        PnL: 11:11:18 MTM=5.00 Profit=0.00%
2026-08-06 11:11:19 INFO     strategy        PnL: 11:11:19 MTM=10.00 Profit=0.00%
2026-08-06 11:11:20 INFO     strategy        PnL: 11:11:20 MTM=-44.00 Loss=0.01%
2026-08-06 11:11:21 INFO     strategy        PnL: 11:11:21 MTM=0.00 Profit=0.00%
2026-08-06 11:11:22 INFO     strategy        PnL: 11:11:22 MTM=-33.00 Loss=0.01%
2026-08-06 11:11:23 INFO     strategy        PnL: 11:11:23 MTM=-9.00 Loss=0.00%
2026-08-06 11:11:24 INFO     strategy        PnL: 11:11:24 MTM=16.00 Profit=0.00%
2026-08-06 11:11:25 INFO     strategy        PnL: 11:11:25 MTM=-15.00 Loss=0.00%
2026-08-06 11:11:26 INFO     strategy        PnL: 11:11:26 MTM=43.00 Profit=0.01%
2026-08-06 11:11:27 INFO     strategy        PnL: 11:11:27 MTM=17.00 Profit=0.00%
2026-08-06 11:11:28 INFO     strategy        PnL: 11:11:28 MTM=4.00 Profit=0.00%
2026-08-06 11:11:29 INFO     strategy        PnL: 11:11:29 MTM=-87.00 Loss=0.01%
2026-08-06 11:11:30 INFO     strategy        PnL: 11:11:30 MTM=17.00 Profit=0.00%
2026-08-06 11:11:31 INFO     strategy        PnL: 11:11:31 MTM=-7.00 Loss=0.00%
2026-08-06 11:11:32 INFO     strategy        PnL: 11:11:32 MTM=-69.00 Loss=0.01%
2026-08-06 11:11:33 INFO     strategy        PnL: 11:11:33 MTM=-55.00 Loss=0.01%
2026-08-06 11:11:34 INFO     strategy        PnL: 11:11:34 MTM=-46.00 Loss=0.01%
2026-08-06 11:11:35 INFO     strategy        PnL: 11:11:35 MTM=8.00 Profit=0.00%
2026-08-06 11:11:36 INFO     strategy        PnL: 11:11:36 MTM=35.00 Profit=0.01%
2026-08-06 11:11:37 INFO     strategy        PnL: 11:11:37 MTM=-7.00 Loss=0.00%
2026-08-06 11:11:39 INFO     strategy        PnL: 11:11:39 MTM=3.00 Profit=0.00%
2026-08-06 11:11:40 INFO     strategy        PnL: 11:11:40 MTM=-35.00 Loss=0.01%
2026-08-06 11:11:41 INFO     strategy        PnL: 11:11:41 MTM=25.00 Profit=0.00%
2026-08-06 11:11:42 INFO     strategy        PnL: 11:11:42 MTM=-32.00 Loss=0.00%
2026-08-06 11:11:43 INFO     strategy        PnL: 11:11:43 MTM=17.00 Profit=0.00%
2026-08-06 11:11:44 INFO     strategy        PnL: 11:11:44 MTM=5.00 Profit=0.00%
2026-08-06 11:11:45 INFO     strategy        PnL: 11:11:45 MTM=4.00 Profit=0.00%
2026-08-06 11:11:46 INFO     strategy        PnL: 11:11:46 MTM=-19.00 Loss=0.00%
2026-08-06 11:11:47 INFO     strategy        PnL: 11:11:47 MTM=2.00 Profit=0.00%
2026-08-06 11:11:48 INFO     strategy        PnL: 11:11:48 MTM=-40.00 Loss=0.01%
2026-08-06 11:11:49 INFO     strategy        PnL: 11:11:49 MTM=-22.00 Loss=0.00%
2026-08-06 11:11:50 INFO     strategy        PnL: 11:11:50 MTM=0.00 Profit=0.00%
2026-08-06 11:11:51 INFO     strategy        PnL: 11:11:51 MTM=-44.00 Loss=0.01%
2026-08-06 11:11:52 INFO     strategy        PnL: 11:11:52 MTM=39.00 Profit=0.01%
2026-08-06 11:11:53 INFO     strategy        PnL: 11:11:53 MTM=-33.00 Loss=0.01%
2026-08-06 11:11:54 INFO     strategy        PnL: 11:11:54 MTM=7.00 Profit=0.00%
2026-08-06 11:11:55 INFO     strategy        PnL: 11:11:55 MTM=-12.00 Loss=0.00%
2026-08-06 11:11:56 INFO     strategy        PnL: 11:11:56 MTM=-4.00 Loss=0.00%
2026-08-06 11:11:57 INFO     strategy        PnL: 11:11:57 MTM=-24.00 Loss=0.00%
2026-08-06 11:11:58 INFO     strategy        PnL: 11:11:58 MTM=-15.00 Loss=0.00%
2026-08-06 11:11:59 INFO     strategy        PnL: 11:11:59 MTM=-41.00 Loss=0.01%
2026-08-06 11:12:00 INFO     strategy        PnL: 11:12:00 MTM=-4.00 Loss=0.00%
2026-08-06 11:12:01 INFO     strategy        PnL: 11:12:01 MTM=-62.00 Loss=0.01%
2026-08-06 11:12:02 INFO     strategy        PnL: 11:12:02 MTM=-36.00 Loss=0.01%
2026-08-06 11:12:03 INFO     strategy        PnL: 11:12:03 MTM=-72.00 Loss=0.01%
2026-08-06 11:12:04 INFO     strategy        PnL: 11:12:04 MTM=-4.00 Loss=0.00%
2026-08-06 11:12:05 INFO     strategy        PnL: 11:12:05 MTM=-44.00 Loss=0.01%
2026-08-06 11:12:06 INFO     strategy        PnL: 11:12:06 MTM=-27.00 Loss=0.00%
2026-08-06 11:12:07 INFO     strategy        PnL: 11:12:07 MTM=-59.00 Loss=0.01%
2026-08-06 11:12:08 INFO     strategy        PnL: 11:12:08 MTM=-51.00 Loss=0.01%
2026-08-06 11:12:09 INFO     strategy        PnL: 11:12:09 MTM=-48.00 Loss=0.01%
2026-08-06 11:12:10 INFO     strategy        PnL: 11:12:10 MTM=-48.00 Loss=0.01%
2026-08-06 11:12:11 INFO     strategy        PnL: 11:12:11 MTM=-53.00 Loss=0.01%
2026-08-06 11:12:12 INFO     strategy        PnL: 11:12:12 MTM=-58.00 Loss=0.01%
2026-08-06 11:12:13 INFO     strategy        PnL: 11:12:13 MTM=-24.00 Loss=0.00%
2026-08-06 11:12:14 INFO     strategy        PnL: 11:12:14 MTM=-36.00 Loss=0.01%
2026-08-06 11:12:15 INFO     strategy        PnL: 11:12:15 MTM=-54.00 Loss=0.01%
2026-08-06 11:12:16 INFO     strategy        PnL: 11:12:16 MTM=-68.00 Loss=0.01%
2026-08-06 11:12:17 INFO     strategy        PnL: 11:12:17 MTM=-24.00 Loss=0.00%
2026-08-06 11:12:18 INFO     strategy        PnL: 11:12:18 MTM=-72.00 Loss=0.01%
2026-08-06 11:12:19 INFO     strategy        PnL: 11:12:19 MTM=-106.00 Loss=0.02%
2026-08-06 11:12:20 INFO     strategy        PnL: 11:12:20 MTM=-101.00 Loss=0.02%
2026-08-06 11:12:21 INFO     strategy        PnL: 11:12:21 MTM=-120.00 Loss=0.02%
2026-08-06 11:12:22 INFO     strategy        PnL: 11:12:22 MTM=-120.00 Loss=0.02%
2026-08-06 11:12:23 INFO     strategy        PnL: 11:12:23 MTM=-187.00 Loss=0.03%
2026-08-06 11:12:24 INFO     strategy        PnL: 11:12:24 MTM=-148.00 Loss=0.02%
2026-08-06 11:12:25 INFO     strategy        PnL: 11:12:25 MTM=-112.00 Loss=0.02%
2026-08-06 11:12:26 INFO     strategy        PnL: 11:12:26 MTM=-139.00 Loss=0.02%
2026-08-06 11:12:27 INFO     strategy        PnL: 11:12:27 MTM=-73.00 Loss=0.01%
2026-08-06 11:12:28 INFO     strategy        PnL: 11:12:28 MTM=-57.00 Loss=0.01%
2026-08-06 11:12:29 INFO     strategy        PnL: 11:12:29 MTM=-113.00 Loss=0.02%
2026-08-06 11:12:30 INFO     strategy        PnL: 11:12:30 MTM=-202.00 Loss=0.03%
2026-08-06 11:12:31 INFO     strategy        PnL: 11:12:31 MTM=-134.00 Loss=0.02%
2026-08-06 11:12:32 INFO     strategy        PnL: 11:12:32 MTM=-76.00 Loss=0.01%
2026-08-06 11:12:33 INFO     strategy        PnL: 11:12:33 MTM=-61.00 Loss=0.01%
2026-08-06 11:12:34 INFO     strategy        PnL: 11:12:34 MTM=-98.00 Loss=0.02%
2026-08-06 11:12:35 INFO     strategy        PnL: 11:12:35 MTM=-126.00 Loss=0.02%
2026-08-06 11:12:36 INFO     strategy        PnL: 11:12:36 MTM=-95.00 Loss=0.01%
2026-08-06 11:12:37 INFO     strategy        PnL: 11:12:37 MTM=-82.00 Loss=0.01%
2026-08-06 11:12:38 INFO     strategy        PnL: 11:12:38 MTM=-67.00 Loss=0.01%
2026-08-06 11:12:39 INFO     strategy        PnL: 11:12:39 MTM=-80.00 Loss=0.01%
2026-08-06 11:12:40 INFO     strategy        PnL: 11:12:40 MTM=-78.00 Loss=0.01%
2026-08-06 11:12:41 INFO     strategy        PnL: 11:12:41 MTM=-154.00 Loss=0.02%
2026-08-06 11:12:42 INFO     strategy        PnL: 11:12:42 MTM=-99.00 Loss=0.02%
2026-08-06 11:12:43 INFO     strategy        PnL: 11:12:43 MTM=-109.00 Loss=0.02%
2026-08-06 11:12:44 INFO     strategy        PnL: 11:12:44 MTM=-68.00 Loss=0.01%
2026-08-06 11:12:45 INFO     strategy        PnL: 11:12:45 MTM=-88.00 Loss=0.01%
2026-08-06 11:12:46 INFO     strategy        PnL: 11:12:46 MTM=-91.00 Loss=0.01%
2026-08-06 11:12:47 INFO     strategy        PnL: 11:12:47 MTM=-74.00 Loss=0.01%
2026-08-06 11:12:48 INFO     strategy        PnL: 11:12:48 MTM=-58.00 Loss=0.01%
2026-08-06 11:12:49 INFO     strategy        PnL: 11:12:49 MTM=-51.00 Loss=0.01%
2026-08-06 11:12:50 INFO     strategy        PnL: 11:12:50 MTM=-94.00 Loss=0.01%
2026-08-06 11:12:51 INFO     strategy        PnL: 11:12:51 MTM=-46.00 Loss=0.01%
2026-08-06 11:12:52 INFO     strategy        PnL: 11:12:52 MTM=-100.00 Loss=0.02%
2026-08-06 11:12:53 INFO     strategy        PnL: 11:12:53 MTM=-114.00 Loss=0.02%
2026-08-06 11:12:54 INFO     strategy        PnL: 11:12:54 MTM=-96.00 Loss=0.01%
2026-08-06 11:12:55 INFO     strategy        PnL: 11:12:55 MTM=-121.00 Loss=0.02%
2026-08-06 11:12:56 INFO     strategy        PnL: 11:12:56 MTM=-44.00 Loss=0.01%
2026-08-06 11:12:57 INFO     strategy        PnL: 11:12:57 MTM=-93.00 Loss=0.01%
2026-08-06 11:12:58 INFO     strategy        PnL: 11:12:58 MTM=-81.00 Loss=0.01%
2026-08-06 11:12:59 INFO     strategy        PnL: 11:12:59 MTM=-64.00 Loss=0.01%
2026-08-06 11:13:00 INFO     strategy        PnL: 11:13:00 MTM=-47.00 Loss=0.01%
2026-08-06 11:13:01 INFO     strategy        PnL: 11:13:01 MTM=-52.00 Loss=0.01%
2026-08-06 11:13:02 INFO     strategy        PnL: 11:13:02 MTM=-80.00 Loss=0.01%
2026-08-06 11:13:03 INFO     strategy        PnL: 11:13:03 MTM=-68.00 Loss=0.01%
2026-08-06 11:13:04 INFO     strategy        PnL: 11:13:04 MTM=-95.00 Loss=0.01%
2026-08-06 11:13:05 INFO     strategy        PnL: 11:13:05 MTM=-67.00 Loss=0.01%
2026-08-06 11:13:06 INFO     strategy        PnL: 11:13:06 MTM=-117.00 Loss=0.02%
2026-08-06 11:13:07 INFO     strategy        PnL: 11:13:07 MTM=-131.00 Loss=0.02%
2026-08-06 11:13:08 INFO     strategy        PnL: 11:13:08 MTM=-72.00 Loss=0.01%
2026-08-06 11:13:09 INFO     strategy        PnL: 11:13:09 MTM=-138.00 Loss=0.02%
2026-08-06 11:13:10 INFO     strategy        PnL: 11:13:10 MTM=-105.00 Loss=0.02%
2026-08-06 11:13:11 INFO     strategy        PnL: 11:13:11 MTM=-158.00 Loss=0.02%
2026-08-06 11:13:12 INFO     strategy        PnL: 11:13:12 MTM=-82.00 Loss=0.01%
2026-08-06 11:13:13 INFO     strategy        PnL: 11:13:13 MTM=-109.00 Loss=0.02%
2026-08-06 11:13:14 INFO     strategy        PnL: 11:13:14 MTM=-135.00 Loss=0.02%
2026-08-06 11:13:15 INFO     strategy        PnL: 11:13:15 MTM=-119.00 Loss=0.02%
2026-08-06 11:13:16 INFO     strategy        PnL: 11:13:16 MTM=-103.00 Loss=0.02%
2026-08-06 11:13:18 INFO     strategy        PnL: 11:13:17 MTM=-87.00 Loss=0.01%
2026-08-06 11:13:19 INFO     strategy        PnL: 11:13:19 MTM=-86.00 Loss=0.01%
2026-08-06 11:13:20 INFO     strategy        PnL: 11:13:20 MTM=-116.00 Loss=0.02%
2026-08-06 11:13:21 INFO     strategy        PnL: 11:13:21 MTM=-153.00 Loss=0.02%
2026-08-06 11:13:22 INFO     strategy        PnL: 11:13:22 MTM=-162.00 Loss=0.02%
2026-08-06 11:13:23 INFO     strategy        PnL: 11:13:23 MTM=-146.00 Loss=0.02%
2026-08-06 11:13:24 INFO     strategy        PnL: 11:13:24 MTM=-114.00 Loss=0.02%
2026-08-06 11:13:25 INFO     strategy        PnL: 11:13:25 MTM=-131.00 Loss=0.02%
2026-08-06 11:13:26 INFO     strategy        PnL: 11:13:26 MTM=-154.00 Loss=0.02%
2026-08-06 11:13:27 INFO     strategy        PnL: 11:13:27 MTM=-132.00 Loss=0.02%
2026-08-06 11:13:28 INFO     strategy        PnL: 11:13:28 MTM=-75.00 Loss=0.01%
2026-08-06 11:13:29 INFO     strategy        PnL: 11:13:29 MTM=-92.00 Loss=0.01%
2026-08-06 11:13:30 INFO     strategy        PnL: 11:13:30 MTM=-72.00 Loss=0.01%
2026-08-06 11:13:31 INFO     strategy        PnL: 11:13:31 MTM=-134.00 Loss=0.02%
2026-08-06 11:13:32 INFO     strategy        PnL: 11:13:32 MTM=-119.00 Loss=0.02%
2026-08-06 11:13:33 INFO     strategy        PnL: 11:13:33 MTM=-113.00 Loss=0.02%
2026-08-06 11:13:34 INFO     strategy        PnL: 11:13:34 MTM=-102.00 Loss=0.02%
2026-08-06 11:13:35 INFO     strategy        PnL: 11:13:35 MTM=-86.00 Loss=0.01%
2026-08-06 11:13:36 INFO     strategy        PnL: 11:13:36 MTM=-62.00 Loss=0.01%
2026-08-06 11:13:37 INFO     strategy        PnL: 11:13:37 MTM=-61.00 Loss=0.01%
2026-08-06 11:13:38 INFO     strategy        PnL: 11:13:38 MTM=-144.00 Loss=0.02%
2026-08-06 11:13:39 INFO     strategy        PnL: 11:13:39 MTM=-124.00 Loss=0.02%
2026-08-06 11:13:40 INFO     strategy        PnL: 11:13:40 MTM=-154.00 Loss=0.02%
2026-08-06 11:13:41 INFO     strategy        PnL: 11:13:41 MTM=-156.00 Loss=0.02%
2026-08-06 11:13:42 INFO     strategy        PnL: 11:13:42 MTM=-109.00 Loss=0.02%
2026-08-06 11:13:43 INFO     strategy        PnL: 11:13:43 MTM=-128.00 Loss=0.02%
2026-08-06 11:13:44 INFO     strategy        PnL: 11:13:44 MTM=-132.00 Loss=0.02%
2026-08-06 11:13:45 INFO     strategy        PnL: 11:13:45 MTM=-151.00 Loss=0.02%
2026-08-06 11:13:46 INFO     strategy        PnL: 11:13:46 MTM=-109.00 Loss=0.02%
2026-08-06 11:13:47 INFO     strategy        PnL: 11:13:47 MTM=-122.00 Loss=0.02%
2026-08-06 11:13:48 INFO     strategy        PnL: 11:13:48 MTM=-140.00 Loss=0.02%
2026-08-06 11:13:49 INFO     strategy        PnL: 11:13:49 MTM=-149.00 Loss=0.02%
2026-08-06 11:13:50 INFO     strategy        PnL: 11:13:50 MTM=-160.00 Loss=0.02%
2026-08-06 11:13:51 INFO     strategy        PnL: 11:13:51 MTM=-189.00 Loss=0.03%
2026-08-06 11:13:52 INFO     strategy        PnL: 11:13:52 MTM=-192.00 Loss=0.03%
2026-08-06 11:13:53 INFO     strategy        PnL: 11:13:53 MTM=-169.00 Loss=0.03%
2026-08-06 11:13:54 INFO     strategy        PnL: 11:13:54 MTM=-169.00 Loss=0.03%
2026-08-06 11:13:55 INFO     strategy        PnL: 11:13:55 MTM=-155.00 Loss=0.02%
2026-08-06 11:13:56 INFO     strategy        PnL: 11:13:56 MTM=-203.00 Loss=0.03%
2026-08-06 11:13:57 INFO     strategy        PnL: 11:13:57 MTM=-154.00 Loss=0.02%
2026-08-06 11:13:58 INFO     strategy        PnL: 11:13:58 MTM=-144.00 Loss=0.02%
2026-08-06 11:13:59 INFO     strategy        PnL: 11:13:59 MTM=-232.00 Loss=0.04%
2026-08-06 11:14:00 INFO     strategy        PnL: 11:14:00 MTM=-166.00 Loss=0.03%
2026-08-06 11:14:01 INFO     strategy        PnL: 11:14:01 MTM=-133.00 Loss=0.02%
2026-08-06 11:14:02 INFO     strategy        PnL: 11:14:02 MTM=-116.00 Loss=0.02%
2026-08-06 11:14:03 INFO     strategy        PnL: 11:14:03 MTM=-197.00 Loss=0.03%
2026-08-06 11:14:04 INFO     strategy        PnL: 11:14:04 MTM=-173.00 Loss=0.03%
2026-08-06 11:14:05 INFO     strategy        PnL: 11:14:05 MTM=-138.00 Loss=0.02%
2026-08-06 11:14:06 INFO     strategy        PnL: 11:14:06 MTM=-155.00 Loss=0.02%
2026-08-06 11:14:07 INFO     strategy        PnL: 11:14:07 MTM=-126.00 Loss=0.02%
2026-08-06 11:14:08 INFO     strategy        PnL: 11:14:08 MTM=-126.00 Loss=0.02%
2026-08-06 11:14:09 INFO     strategy        PnL: 11:14:09 MTM=-138.00 Loss=0.02%
2026-08-06 11:14:10 INFO     strategy        PnL: 11:14:10 MTM=-110.00 Loss=0.02%
2026-08-06 11:14:11 INFO     strategy        PnL: 11:14:11 MTM=-104.00 Loss=0.02%
2026-08-06 11:14:12 INFO     strategy        PnL: 11:14:12 MTM=-125.00 Loss=0.02%
2026-08-06 11:14:13 INFO     strategy        PnL: 11:14:13 MTM=-155.00 Loss=0.02%
2026-08-06 11:14:14 INFO     strategy        PnL: 11:14:14 MTM=-114.00 Loss=0.02%
2026-08-06 11:14:15 INFO     strategy        PnL: 11:14:15 MTM=-116.00 Loss=0.02%
2026-08-06 11:14:16 INFO     strategy        PnL: 11:14:16 MTM=-108.00 Loss=0.02%
2026-08-06 11:14:17 INFO     strategy        PnL: 11:14:17 MTM=-129.00 Loss=0.02%
2026-08-06 11:14:18 INFO     strategy        PnL: 11:14:18 MTM=-104.00 Loss=0.02%
2026-08-06 11:14:19 INFO     strategy        PnL: 11:14:19 MTM=-112.00 Loss=0.02%
2026-08-06 11:14:20 INFO     strategy        PnL: 11:14:20 MTM=-86.00 Loss=0.01%
2026-08-06 11:14:21 INFO     strategy        PnL: 11:14:21 MTM=-77.00 Loss=0.01%
2026-08-06 11:14:22 INFO     strategy        PnL: 11:14:22 MTM=-77.00 Loss=0.01%
2026-08-06 11:14:23 INFO     strategy        PnL: 11:14:23 MTM=-110.00 Loss=0.02%
2026-08-06 11:14:24 INFO     strategy        PnL: 11:14:24 MTM=-81.00 Loss=0.01%
2026-08-06 11:14:25 INFO     strategy        PnL: 11:14:25 MTM=-97.00 Loss=0.01%
2026-08-06 11:14:26 INFO     strategy        PnL: 11:14:26 MTM=-130.00 Loss=0.02%
2026-08-06 11:14:27 INFO     strategy        PnL: 11:14:27 MTM=-163.00 Loss=0.03%
2026-08-06 11:14:28 INFO     strategy        PnL: 11:14:28 MTM=-193.00 Loss=0.03%
2026-08-06 11:14:29 INFO     strategy        PnL: 11:14:29 MTM=-119.00 Loss=0.02%
2026-08-06 11:14:30 INFO     strategy        PnL: 11:14:30 MTM=-146.00 Loss=0.02%
2026-08-06 11:14:31 INFO     strategy        PnL: 11:14:31 MTM=-184.00 Loss=0.03%
2026-08-06 11:14:32 INFO     strategy        PnL: 11:14:32 MTM=-169.00 Loss=0.03%
2026-08-06 11:14:33 INFO     strategy        PnL: 11:14:33 MTM=-141.00 Loss=0.02%
2026-08-06 11:14:34 INFO     strategy        PnL: 11:14:34 MTM=-163.00 Loss=0.03%
2026-08-06 11:14:35 INFO     strategy        PnL: 11:14:35 MTM=-155.00 Loss=0.02%
2026-08-06 11:14:36 INFO     strategy        PnL: 11:14:36 MTM=-124.00 Loss=0.02%
2026-08-06 11:14:37 INFO     strategy        PnL: 11:14:37 MTM=-133.00 Loss=0.02%
2026-08-06 11:14:38 INFO     strategy        PnL: 11:14:38 MTM=-187.00 Loss=0.03%
2026-08-06 11:14:39 INFO     strategy        PnL: 11:14:39 MTM=-193.00 Loss=0.03%
2026-08-06 11:14:40 INFO     strategy        PnL: 11:14:40 MTM=-177.00 Loss=0.03%
2026-08-06 11:14:41 INFO     strategy        PnL: 11:14:41 MTM=-210.00 Loss=0.03%
2026-08-06 11:14:42 INFO     strategy        PnL: 11:14:42 MTM=-165.00 Loss=0.03%
2026-08-06 11:14:43 INFO     strategy        PnL: 11:14:43 MTM=-131.00 Loss=0.02%
2026-08-06 11:14:44 INFO     strategy        PnL: 11:14:44 MTM=-141.00 Loss=0.02%
2026-08-06 11:14:45 INFO     strategy        PnL: 11:14:45 MTM=-114.00 Loss=0.02%
2026-08-06 11:14:46 INFO     strategy        PnL: 11:14:46 MTM=-106.00 Loss=0.02%
2026-08-06 11:14:47 INFO     strategy        PnL: 11:14:47 MTM=-72.00 Loss=0.01%
2026-08-06 11:14:48 INFO     strategy        PnL: 11:14:48 MTM=-132.00 Loss=0.02%
2026-08-06 11:14:49 INFO     strategy        PnL: 11:14:49 MTM=-122.00 Loss=0.02%
2026-08-06 11:14:50 INFO     strategy        PnL: 11:14:50 MTM=-111.00 Loss=0.02%
2026-08-06 11:14:51 INFO     strategy        PnL: 11:14:51 MTM=-96.00 Loss=0.01%
2026-08-06 11:14:52 INFO     strategy        PnL: 11:14:52 MTM=-92.00 Loss=0.01%
2026-08-06 11:14:53 INFO     strategy        PnL: 11:14:53 MTM=-113.00 Loss=0.02%
2026-08-06 11:14:54 INFO     strategy        PnL: 11:14:54 MTM=-89.00 Loss=0.01%
2026-08-06 11:14:55 INFO     strategy        PnL: 11:14:55 MTM=-125.00 Loss=0.02%
2026-08-06 11:14:56 INFO     strategy        PnL: 11:14:56 MTM=-79.00 Loss=0.01%
2026-08-06 11:14:57 INFO     strategy        PnL: 11:14:57 MTM=-84.00 Loss=0.01%
2026-08-06 11:14:58 INFO     strategy        PnL: 11:14:58 MTM=-73.00 Loss=0.01%
2026-08-06 11:14:59 INFO     strategy        PnL: 11:14:59 MTM=-95.00 Loss=0.01%
2026-08-06 11:15:01 INFO     strategy        PnL: 11:15:01 MTM=-132.00 Loss=0.02%
2026-08-06 11:15:02 INFO     strategy        PnL: 11:15:02 MTM=-148.00 Loss=0.02%
2026-08-06 11:15:03 INFO     strategy        PnL: 11:15:03 MTM=-137.00 Loss=0.02%
2026-08-06 11:15:04 INFO     strategy        PnL: 11:15:04 MTM=-122.00 Loss=0.02%
2026-08-06 11:15:05 INFO     strategy        PnL: 11:15:05 MTM=-117.00 Loss=0.02%
2026-08-06 11:15:06 INFO     strategy        PnL: 11:15:06 MTM=-147.00 Loss=0.02%
2026-08-06 11:15:07 INFO     strategy        PnL: 11:15:07 MTM=-145.00 Loss=0.02%
2026-08-06 11:15:08 INFO     strategy        PnL: 11:15:08 MTM=-144.00 Loss=0.02%
2026-08-06 11:15:09 INFO     strategy        PnL: 11:15:09 MTM=-91.00 Loss=0.01%
2026-08-06 11:15:10 INFO     strategy        PnL: 11:15:10 MTM=-107.00 Loss=0.02%
2026-08-06 11:15:11 INFO     strategy        PnL: 11:15:11 MTM=-140.00 Loss=0.02%
2026-08-06 11:15:12 INFO     strategy        PnL: 11:15:12 MTM=-111.00 Loss=0.02%
2026-08-06 11:15:13 INFO     strategy        PnL: 11:15:13 MTM=-108.00 Loss=0.02%
2026-08-06 11:15:14 INFO     strategy        PnL: 11:15:14 MTM=-115.00 Loss=0.02%
2026-08-06 11:15:15 INFO     strategy        PnL: 11:15:15 MTM=-120.00 Loss=0.02%
2026-08-06 11:15:16 INFO     strategy        PnL: 11:15:16 MTM=-86.00 Loss=0.01%
2026-08-06 11:15:17 INFO     strategy        PnL: 11:15:17 MTM=-136.00 Loss=0.02%
2026-08-06 11:15:18 INFO     strategy        PnL: 11:15:18 MTM=-163.00 Loss=0.03%
2026-08-06 11:15:19 INFO     strategy        PnL: 11:15:19 MTM=-93.00 Loss=0.01%
2026-08-06 11:15:20 INFO     strategy        PnL: 11:15:20 MTM=-176.00 Loss=0.03%
2026-08-06 11:15:21 INFO     strategy        PnL: 11:15:21 MTM=-175.00 Loss=0.03%
2026-08-06 11:15:22 INFO     strategy        PnL: 11:15:22 MTM=-165.00 Loss=0.03%
2026-08-06 11:15:23 INFO     strategy        PnL: 11:15:23 MTM=-170.00 Loss=0.03%
2026-08-06 11:15:24 INFO     strategy        PnL: 11:15:24 MTM=-151.00 Loss=0.02%
2026-08-06 11:15:25 INFO     strategy        PnL: 11:15:25 MTM=-187.00 Loss=0.03%
2026-08-06 11:15:26 INFO     strategy        PnL: 11:15:26 MTM=-162.00 Loss=0.02%
2026-08-06 11:15:27 INFO     strategy        PnL: 11:15:27 MTM=-153.00 Loss=0.02%
2026-08-06 11:15:28 INFO     strategy        PnL: 11:15:28 MTM=-251.00 Loss=0.04%
2026-08-06 11:15:29 INFO     strategy        PnL: 11:15:29 MTM=-202.00 Loss=0.03%
2026-08-06 11:15:30 INFO     strategy        PnL: 11:15:30 MTM=-203.00 Loss=0.03%
2026-08-06 11:15:31 INFO     strategy        PnL: 11:15:31 MTM=-163.00 Loss=0.03%
2026-08-06 11:15:32 INFO     strategy        PnL: 11:15:32 MTM=-248.00 Loss=0.04%
2026-08-06 11:15:33 INFO     strategy        PnL: 11:15:33 MTM=-290.00 Loss=0.04%
2026-08-06 11:15:34 INFO     strategy        PnL: 11:15:34 MTM=-206.00 Loss=0.03%
2026-08-06 11:15:35 INFO     strategy        PnL: 11:15:35 MTM=-243.00 Loss=0.04%
2026-08-06 11:15:36 INFO     strategy        PnL: 11:15:36 MTM=-209.00 Loss=0.03%
2026-08-06 11:15:37 INFO     strategy        PnL: 11:15:37 MTM=-146.00 Loss=0.02%
2026-08-06 11:15:38 INFO     strategy        PnL: 11:15:38 MTM=-233.00 Loss=0.04%
2026-08-06 11:15:39 INFO     strategy        PnL: 11:15:39 MTM=-210.00 Loss=0.03%
2026-08-06 11:15:40 INFO     strategy        PnL: 11:15:40 MTM=-240.00 Loss=0.04%
2026-08-06 11:15:41 INFO     strategy        PnL: 11:15:41 MTM=-211.00 Loss=0.03%
2026-08-06 11:15:42 INFO     strategy        PnL: 11:15:42 MTM=-237.00 Loss=0.04%
2026-08-06 11:15:43 INFO     strategy        PnL: 11:15:43 MTM=-212.00 Loss=0.03%
2026-08-06 11:15:44 INFO     strategy        PnL: 11:15:44 MTM=-233.00 Loss=0.04%
2026-08-06 11:15:45 INFO     strategy        PnL: 11:15:45 MTM=-212.00 Loss=0.03%
2026-08-06 11:15:46 INFO     strategy        PnL: 11:15:46 MTM=-192.00 Loss=0.03%
2026-08-06 11:15:47 INFO     strategy        PnL: 11:15:47 MTM=-274.00 Loss=0.04%
2026-08-06 11:15:48 INFO     strategy        PnL: 11:15:48 MTM=-200.00 Loss=0.03%
2026-08-06 11:15:49 INFO     strategy        PnL: 11:15:49 MTM=-252.00 Loss=0.04%
2026-08-06 11:15:50 INFO     strategy        PnL: 11:15:50 MTM=-190.00 Loss=0.03%
2026-08-06 11:15:51 INFO     strategy        PnL: 11:15:51 MTM=-239.00 Loss=0.04%
2026-08-06 11:15:52 INFO     strategy        PnL: 11:15:52 MTM=-253.00 Loss=0.04%
2026-08-06 11:15:53 INFO     strategy        PnL: 11:15:53 MTM=-292.00 Loss=0.05%
2026-08-06 11:15:54 INFO     strategy        PnL: 11:15:54 MTM=-245.00 Loss=0.04%
2026-08-06 11:15:55 INFO     strategy        PnL: 11:15:55 MTM=-216.00 Loss=0.03%
2026-08-06 11:15:56 INFO     strategy        PnL: 11:15:56 MTM=-239.00 Loss=0.04%
2026-08-06 11:15:57 INFO     strategy        PnL: 11:15:57 MTM=-237.00 Loss=0.04%
2026-08-06 11:15:58 INFO     strategy        PnL: 11:15:58 MTM=-177.00 Loss=0.03%
2026-08-06 11:15:59 INFO     strategy        PnL: 11:15:59 MTM=-169.00 Loss=0.03%
2026-08-06 11:16:00 INFO     strategy        PnL: 11:16:00 MTM=-201.00 Loss=0.03%
2026-08-06 11:16:01 INFO     strategy        PnL: 11:16:01 MTM=-195.00 Loss=0.03%
2026-08-06 11:16:02 INFO     strategy        PnL: 11:16:02 MTM=-205.00 Loss=0.03%
2026-08-06 11:16:03 INFO     strategy        PnL: 11:16:03 MTM=-177.00 Loss=0.03%
2026-08-06 11:16:04 INFO     strategy        PnL: 11:16:04 MTM=-169.00 Loss=0.03%
2026-08-06 11:16:05 INFO     strategy        PnL: 11:16:05 MTM=-146.00 Loss=0.02%
2026-08-06 11:16:06 INFO     strategy        PnL: 11:16:06 MTM=-212.00 Loss=0.03%
2026-08-06 11:16:07 INFO     strategy        PnL: 11:16:07 MTM=-161.00 Loss=0.02%
2026-08-06 11:16:08 INFO     strategy        PnL: 11:16:08 MTM=-186.00 Loss=0.03%
2026-08-06 11:16:09 INFO     strategy        PnL: 11:16:09 MTM=-185.00 Loss=0.03%
2026-08-06 11:16:10 INFO     strategy        PnL: 11:16:10 MTM=-193.00 Loss=0.03%
2026-08-06 11:16:11 INFO     strategy        PnL: 11:16:11 MTM=-171.00 Loss=0.03%
2026-08-06 11:16:12 INFO     strategy        PnL: 11:16:12 MTM=-193.00 Loss=0.03%
2026-08-06 11:16:13 INFO     strategy        PnL: 11:16:13 MTM=-190.00 Loss=0.03%
2026-08-06 11:16:14 INFO     strategy        PnL: 11:16:14 MTM=-200.00 Loss=0.03%
2026-08-06 11:16:15 INFO     strategy        PnL: 11:16:15 MTM=-181.00 Loss=0.03%
2026-08-06 11:16:16 INFO     strategy        PnL: 11:16:16 MTM=-185.00 Loss=0.03%
2026-08-06 11:16:17 INFO     strategy        PnL: 11:16:17 MTM=-112.00 Loss=0.02%
2026-08-06 11:16:18 INFO     strategy        PnL: 11:16:18 MTM=-153.00 Loss=0.02%
2026-08-06 11:16:19 INFO     strategy        PnL: 11:16:19 MTM=-163.00 Loss=0.03%
2026-08-06 11:16:20 INFO     strategy        PnL: 11:16:20 MTM=-170.00 Loss=0.03%
2026-08-06 11:16:21 INFO     strategy        PnL: 11:16:21 MTM=-149.00 Loss=0.02%
2026-08-06 11:16:22 INFO     strategy        PnL: 11:16:22 MTM=-132.00 Loss=0.02%
2026-08-06 11:16:23 INFO     strategy        PnL: 11:16:23 MTM=-152.00 Loss=0.02%
2026-08-06 11:16:24 INFO     strategy        PnL: 11:16:24 MTM=-185.00 Loss=0.03%
2026-08-06 11:16:25 INFO     strategy        PnL: 11:16:25 MTM=-131.00 Loss=0.02%
2026-08-06 11:16:26 INFO     strategy        PnL: 11:16:26 MTM=-203.00 Loss=0.03%
2026-08-06 11:16:27 INFO     strategy        PnL: 11:16:27 MTM=-165.00 Loss=0.03%
2026-08-06 11:16:28 INFO     strategy        PnL: 11:16:28 MTM=-140.00 Loss=0.02%
2026-08-06 11:16:29 INFO     strategy        PnL: 11:16:29 MTM=-138.00 Loss=0.02%
2026-08-06 11:16:30 INFO     strategy        PnL: 11:16:30 MTM=-178.00 Loss=0.03%
2026-08-06 11:16:31 INFO     strategy        PnL: 11:16:31 MTM=-181.00 Loss=0.03%
2026-08-06 11:16:32 INFO     strategy        PnL: 11:16:32 MTM=-177.00 Loss=0.03%
2026-08-06 11:16:33 INFO     strategy        PnL: 11:16:33 MTM=-210.00 Loss=0.03%
2026-08-06 11:16:34 INFO     strategy        PnL: 11:16:34 MTM=-211.00 Loss=0.03%
2026-08-06 11:16:35 INFO     strategy        PnL: 11:16:35 MTM=-195.00 Loss=0.03%
2026-08-06 11:16:36 INFO     strategy        PnL: 11:16:36 MTM=-170.00 Loss=0.03%
2026-08-06 11:16:37 INFO     strategy        PnL: 11:16:37 MTM=-207.00 Loss=0.03%
2026-08-06 11:16:38 INFO     strategy        PnL: 11:16:38 MTM=-179.00 Loss=0.03%
2026-08-06 11:16:39 INFO     strategy        PnL: 11:16:39 MTM=-141.00 Loss=0.02%
2026-08-06 11:16:40 INFO     strategy        PnL: 11:16:40 MTM=-135.00 Loss=0.02%
2026-08-06 11:16:41 INFO     strategy        PnL: 11:16:41 MTM=-129.00 Loss=0.02%
2026-08-06 11:16:42 INFO     strategy        PnL: 11:16:42 MTM=-157.00 Loss=0.02%
2026-08-06 11:16:43 INFO     strategy        PnL: 11:16:43 MTM=-98.00 Loss=0.02%
2026-08-06 11:16:44 INFO     strategy        PnL: 11:16:44 MTM=-131.00 Loss=0.02%
2026-08-06 11:16:45 INFO     strategy        PnL: 11:16:45 MTM=-87.00 Loss=0.01%
2026-08-06 11:16:46 INFO     strategy        PnL: 11:16:46 MTM=-128.00 Loss=0.02%
2026-08-06 11:16:47 INFO     strategy        PnL: 11:16:47 MTM=-123.00 Loss=0.02%
2026-08-06 11:16:48 INFO     strategy        PnL: 11:16:48 MTM=-149.00 Loss=0.02%
2026-08-06 11:16:49 INFO     strategy        PnL: 11:16:49 MTM=-137.00 Loss=0.02%
2026-08-06 11:16:50 INFO     strategy        PnL: 11:16:50 MTM=-129.00 Loss=0.02%
2026-08-06 11:16:51 INFO     strategy        PnL: 11:16:51 MTM=-119.00 Loss=0.02%
2026-08-06 11:16:52 INFO     strategy        PnL: 11:16:52 MTM=-135.00 Loss=0.02%
2026-08-06 11:16:53 INFO     strategy        PnL: 11:16:53 MTM=-143.00 Loss=0.02%
2026-08-06 11:16:54 INFO     strategy        PnL: 11:16:54 MTM=-113.00 Loss=0.02%
2026-08-06 11:16:55 INFO     strategy        PnL: 11:16:55 MTM=-143.00 Loss=0.02%
2026-08-06 11:16:56 INFO     strategy        PnL: 11:16:56 MTM=-90.00 Loss=0.01%
2026-08-06 11:16:57 INFO     strategy        PnL: 11:16:57 MTM=-122.00 Loss=0.02%
2026-08-06 11:16:58 INFO     strategy        PnL: 11:16:58 MTM=-193.00 Loss=0.03%
2026-08-06 11:16:59 INFO     strategy        PnL: 11:16:59 MTM=-137.00 Loss=0.02%
2026-08-06 11:17:00 INFO     strategy        PnL: 11:17:00 MTM=-188.00 Loss=0.03%
2026-08-06 11:17:01 INFO     strategy        PnL: 11:17:01 MTM=-162.00 Loss=0.02%
2026-08-06 11:17:02 INFO     strategy        PnL: 11:17:02 MTM=-157.00 Loss=0.02%
2026-08-06 11:17:03 INFO     strategy        PnL: 11:17:03 MTM=-229.00 Loss=0.04%
2026-08-06 11:17:04 INFO     strategy        PnL: 11:17:04 MTM=-245.00 Loss=0.04%
2026-08-06 11:17:05 INFO     strategy        PnL: 11:17:05 MTM=-193.00 Loss=0.03%
2026-08-06 11:17:06 INFO     strategy        PnL: 11:17:06 MTM=-181.00 Loss=0.03%
2026-08-06 11:17:07 INFO     strategy        PnL: 11:17:07 MTM=-246.00 Loss=0.04%
2026-08-06 11:17:08 INFO     strategy        PnL: 11:17:08 MTM=-248.00 Loss=0.04%
2026-08-06 11:17:09 INFO     strategy        PnL: 11:17:09 MTM=-224.00 Loss=0.03%
2026-08-06 11:17:10 INFO     strategy        PnL: 11:17:10 MTM=-289.00 Loss=0.04%
2026-08-06 11:17:11 INFO     strategy        PnL: 11:17:11 MTM=-256.00 Loss=0.04%
2026-08-06 11:17:12 INFO     strategy        PnL: 11:17:12 MTM=-270.00 Loss=0.04%
2026-08-06 11:17:13 INFO     strategy        PnL: 11:17:13 MTM=-257.00 Loss=0.04%
2026-08-06 11:17:14 INFO     strategy        PnL: 11:17:14 MTM=-241.00 Loss=0.04%
2026-08-06 11:17:15 INFO     strategy        PnL: 11:17:15 MTM=-218.00 Loss=0.03%
2026-08-06 11:17:16 INFO     strategy        PnL: 11:17:16 MTM=-197.00 Loss=0.03%
2026-08-06 11:17:17 INFO     strategy        PnL: 11:17:17 MTM=-248.00 Loss=0.04%
2026-08-06 11:17:18 INFO     strategy        PnL: 11:17:18 MTM=-246.00 Loss=0.04%
2026-08-06 11:17:19 INFO     strategy        PnL: 11:17:19 MTM=-268.00 Loss=0.04%
2026-08-06 11:17:20 INFO     strategy        PnL: 11:17:20 MTM=-277.00 Loss=0.04%
2026-08-06 11:17:21 INFO     strategy        PnL: 11:17:21 MTM=-413.00 Loss=0.06%
2026-08-06 11:17:22 INFO     strategy        PnL: 11:17:22 MTM=-360.00 Loss=0.06%
2026-08-06 11:17:23 INFO     strategy        PnL: 11:17:23 MTM=-349.00 Loss=0.05%
2026-08-06 11:17:25 INFO     strategy        PnL: 11:17:25 MTM=-340.00 Loss=0.05%
2026-08-06 11:17:26 INFO     strategy        PnL: 11:17:26 MTM=-317.00 Loss=0.05%
2026-08-06 11:17:27 INFO     strategy        PnL: 11:17:27 MTM=-240.00 Loss=0.04%
2026-08-06 11:17:28 INFO     strategy        PnL: 11:17:28 MTM=-257.00 Loss=0.04%
2026-08-06 11:17:29 INFO     strategy        PnL: 11:17:29 MTM=-230.00 Loss=0.04%
2026-08-06 11:17:30 INFO     strategy        PnL: 11:17:30 MTM=-260.00 Loss=0.04%
2026-08-06 11:17:31 INFO     strategy        PnL: 11:17:31 MTM=-303.00 Loss=0.05%
2026-08-06 11:17:32 INFO     strategy        PnL: 11:17:32 MTM=-298.00 Loss=0.05%
2026-08-06 11:17:33 INFO     strategy        PnL: 11:17:33 MTM=-283.00 Loss=0.04%
2026-08-06 11:17:34 INFO     strategy        PnL: 11:17:34 MTM=-278.00 Loss=0.04%
2026-08-06 11:17:35 INFO     strategy        PnL: 11:17:35 MTM=-163.00 Loss=0.03%
2026-08-06 11:17:36 INFO     strategy        PnL: 11:17:36 MTM=-255.00 Loss=0.04%
2026-08-06 11:17:37 INFO     strategy        PnL: 11:17:37 MTM=-228.00 Loss=0.04%
2026-08-06 11:17:38 INFO     strategy        PnL: 11:17:38 MTM=-199.00 Loss=0.03%
2026-08-06 11:17:39 INFO     strategy        PnL: 11:17:39 MTM=-198.00 Loss=0.03%
2026-08-06 11:17:40 INFO     strategy        PnL: 11:17:40 MTM=-245.00 Loss=0.04%
2026-08-06 11:17:41 INFO     strategy        PnL: 11:17:41 MTM=-269.00 Loss=0.04%
2026-08-06 11:17:42 INFO     strategy        PnL: 11:17:42 MTM=-317.00 Loss=0.05%
2026-08-06 11:17:43 INFO     strategy        PnL: 11:17:43 MTM=-288.00 Loss=0.04%
2026-08-06 11:17:44 INFO     strategy        PnL: 11:17:44 MTM=-281.00 Loss=0.04%
2026-08-06 11:17:45 INFO     strategy        PnL: 11:17:45 MTM=-264.00 Loss=0.04%
2026-08-06 11:17:46 INFO     strategy        PnL: 11:17:46 MTM=-287.00 Loss=0.04%
2026-08-06 11:17:47 INFO     strategy        PnL: 11:17:47 MTM=-207.00 Loss=0.03%
2026-08-06 11:17:48 INFO     strategy        PnL: 11:17:48 MTM=-250.00 Loss=0.04%
2026-08-06 11:17:49 INFO     strategy        PnL: 11:17:49 MTM=-237.00 Loss=0.04%
2026-08-06 11:17:50 INFO     strategy        PnL: 11:17:50 MTM=-264.00 Loss=0.04%
2026-08-06 11:17:51 INFO     strategy        PnL: 11:17:51 MTM=-231.00 Loss=0.04%
2026-08-06 11:17:52 INFO     strategy        PnL: 11:17:52 MTM=-282.00 Loss=0.04%
2026-08-06 11:17:53 INFO     strategy        PnL: 11:17:53 MTM=-264.00 Loss=0.04%
2026-08-06 11:17:54 INFO     strategy        PnL: 11:17:54 MTM=-258.00 Loss=0.04%
2026-08-06 11:17:55 INFO     strategy        PnL: 11:17:55 MTM=-241.00 Loss=0.04%
2026-08-06 11:17:56 INFO     strategy        PnL: 11:17:56 MTM=-230.00 Loss=0.04%
2026-08-06 11:17:57 INFO     strategy        PnL: 11:17:57 MTM=-200.00 Loss=0.03%
2026-08-06 11:17:58 INFO     strategy        PnL: 11:17:58 MTM=-237.00 Loss=0.04%
2026-08-06 11:17:59 INFO     strategy        PnL: 11:17:59 MTM=-210.00 Loss=0.03%
2026-08-06 11:18:00 INFO     strategy        PnL: 11:18:00 MTM=-186.00 Loss=0.03%
2026-08-06 11:18:01 INFO     strategy        PnL: 11:18:01 MTM=-211.00 Loss=0.03%
2026-08-06 11:18:02 INFO     strategy        PnL: 11:18:02 MTM=-150.00 Loss=0.02%
2026-08-06 11:18:03 INFO     strategy        PnL: 11:18:03 MTM=-172.00 Loss=0.03%
2026-08-06 11:18:04 INFO     strategy        PnL: 11:18:04 MTM=-196.00 Loss=0.03%
2026-08-06 11:18:05 INFO     strategy        PnL: 11:18:05 MTM=-222.00 Loss=0.03%
2026-08-06 11:18:06 INFO     strategy        PnL: 11:18:06 MTM=-197.00 Loss=0.03%
2026-08-06 11:18:07 INFO     strategy        PnL: 11:18:07 MTM=-187.00 Loss=0.03%
2026-08-06 11:18:08 INFO     strategy        PnL: 11:18:08 MTM=-213.00 Loss=0.03%
2026-08-06 11:18:09 INFO     strategy        PnL: 11:18:09 MTM=-259.00 Loss=0.04%
2026-08-06 11:18:10 INFO     strategy        PnL: 11:18:10 MTM=-229.00 Loss=0.04%
2026-08-06 11:18:11 INFO     strategy        PnL: 11:18:11 MTM=-199.00 Loss=0.03%
2026-08-06 11:18:12 INFO     strategy        PnL: 11:18:12 MTM=-232.00 Loss=0.04%
2026-08-06 11:18:13 INFO     strategy        PnL: 11:18:13 MTM=-236.00 Loss=0.04%
2026-08-06 11:18:14 INFO     strategy        PnL: 11:18:14 MTM=-221.00 Loss=0.03%
2026-08-06 11:18:15 INFO     strategy        PnL: 11:18:15 MTM=-238.00 Loss=0.04%
2026-08-06 11:18:16 INFO     strategy        PnL: 11:18:16 MTM=-221.00 Loss=0.03%
2026-08-06 11:18:17 INFO     strategy        PnL: 11:18:17 MTM=-236.00 Loss=0.04%
2026-08-06 11:18:18 INFO     strategy        PnL: 11:18:18 MTM=-208.00 Loss=0.03%
2026-08-06 11:18:19 INFO     strategy        PnL: 11:18:19 MTM=-202.00 Loss=0.03%
2026-08-06 11:18:20 INFO     strategy        PnL: 11:18:20 MTM=-250.00 Loss=0.04%
2026-08-06 11:18:21 INFO     strategy        PnL: 11:18:21 MTM=-264.00 Loss=0.04%
2026-08-06 11:18:22 INFO     strategy        PnL: 11:18:22 MTM=-194.00 Loss=0.03%
2026-08-06 11:18:23 INFO     strategy        PnL: 11:18:23 MTM=-181.00 Loss=0.03%
2026-08-06 11:18:24 INFO     strategy        PnL: 11:18:24 MTM=-198.00 Loss=0.03%
2026-08-06 11:18:25 INFO     strategy        PnL: 11:18:25 MTM=-166.00 Loss=0.03%
2026-08-06 11:18:26 INFO     strategy        PnL: 11:18:26 MTM=-214.00 Loss=0.03%
2026-08-06 11:18:27 INFO     strategy        PnL: 11:18:27 MTM=-155.00 Loss=0.02%
2026-08-06 11:18:28 INFO     strategy        PnL: 11:18:28 MTM=-211.00 Loss=0.03%
2026-08-06 11:18:29 INFO     strategy        PnL: 11:18:29 MTM=-226.00 Loss=0.03%
2026-08-06 11:18:30 INFO     strategy        PnL: 11:18:30 MTM=-216.00 Loss=0.03%
2026-08-06 11:18:31 INFO     strategy        PnL: 11:18:31 MTM=-218.00 Loss=0.03%
2026-08-06 11:18:32 INFO     strategy        PnL: 11:18:32 MTM=-248.00 Loss=0.04%
2026-08-06 11:18:33 INFO     strategy        PnL: 11:18:33 MTM=-259.00 Loss=0.04%
2026-08-06 11:18:34 INFO     strategy        PnL: 11:18:34 MTM=-271.00 Loss=0.04%
2026-08-06 11:18:35 INFO     strategy        PnL: 11:18:35 MTM=-261.00 Loss=0.04%
2026-08-06 11:18:36 INFO     strategy        PnL: 11:18:36 MTM=-212.00 Loss=0.03%
2026-08-06 11:18:37 INFO     strategy        PnL: 11:18:37 MTM=-184.00 Loss=0.03%
2026-08-06 11:18:38 INFO     strategy        PnL: 11:18:38 MTM=-224.00 Loss=0.03%
2026-08-06 11:18:39 INFO     strategy        PnL: 11:18:39 MTM=-258.00 Loss=0.04%
2026-08-06 11:18:40 INFO     strategy        PnL: 11:18:40 MTM=-249.00 Loss=0.04%
2026-08-06 11:18:41 INFO     strategy        PnL: 11:18:41 MTM=-255.00 Loss=0.04%
2026-08-06 11:18:42 INFO     strategy        PnL: 11:18:42 MTM=-217.00 Loss=0.03%
2026-08-06 11:18:43 INFO     strategy        PnL: 11:18:43 MTM=-219.00 Loss=0.03%
2026-08-06 11:18:44 INFO     strategy        PnL: 11:18:44 MTM=-238.00 Loss=0.04%
2026-08-06 11:18:45 INFO     strategy        PnL: 11:18:45 MTM=-204.00 Loss=0.03%
2026-08-06 11:18:46 INFO     strategy        PnL: 11:18:46 MTM=-213.00 Loss=0.03%
2026-08-06 11:18:47 INFO     strategy        PnL: 11:18:47 MTM=-218.00 Loss=0.03%
2026-08-06 11:18:48 INFO     strategy        PnL: 11:18:48 MTM=-233.00 Loss=0.04%
2026-08-06 11:18:49 INFO     strategy        PnL: 11:18:49 MTM=-233.00 Loss=0.04%
2026-08-06 11:18:50 INFO     strategy        PnL: 11:18:50 MTM=-206.00 Loss=0.03%
2026-08-06 11:18:51 INFO     strategy        PnL: 11:18:51 MTM=-192.00 Loss=0.03%
2026-08-06 11:18:52 INFO     strategy        PnL: 11:18:52 MTM=-241.00 Loss=0.04%
2026-08-06 11:18:53 INFO     strategy        PnL: 11:18:53 MTM=-245.00 Loss=0.04%
2026-08-06 11:18:54 INFO     strategy        PnL: 11:18:54 MTM=-272.00 Loss=0.04%
2026-08-06 11:18:55 INFO     strategy        PnL: 11:18:55 MTM=-242.00 Loss=0.04%
2026-08-06 11:18:56 INFO     strategy        PnL: 11:18:56 MTM=-194.00 Loss=0.03%
2026-08-06 11:18:57 INFO     strategy        PnL: 11:18:57 MTM=-225.00 Loss=0.03%
2026-08-06 11:18:58 INFO     strategy        PnL: 11:18:58 MTM=-280.00 Loss=0.04%
2026-08-06 11:18:59 INFO     strategy        PnL: 11:18:59 MTM=-245.00 Loss=0.04%
2026-08-06 11:19:00 INFO     strategy        PnL: 11:19:00 MTM=-261.00 Loss=0.04%
2026-08-06 11:19:01 INFO     strategy        PnL: 11:19:01 MTM=-306.00 Loss=0.05%
2026-08-06 11:19:02 INFO     strategy        PnL: 11:19:02 MTM=-294.00 Loss=0.05%
2026-08-06 11:19:03 INFO     strategy        PnL: 11:19:03 MTM=-239.00 Loss=0.04%
2026-08-06 11:19:04 INFO     strategy        PnL: 11:19:04 MTM=-257.00 Loss=0.04%
2026-08-06 11:19:05 INFO     strategy        PnL: 11:19:05 MTM=-308.00 Loss=0.05%
2026-08-06 11:19:06 INFO     strategy        PnL: 11:19:06 MTM=-248.00 Loss=0.04%
2026-08-06 11:19:07 INFO     strategy        PnL: 11:19:07 MTM=-264.00 Loss=0.04%
2026-08-06 11:19:08 INFO     strategy        PnL: 11:19:08 MTM=-270.00 Loss=0.04%
2026-08-06 11:19:09 INFO     strategy        PnL: 11:19:09 MTM=-215.00 Loss=0.03%
2026-08-06 11:19:10 INFO     strategy        PnL: 11:19:10 MTM=-230.00 Loss=0.04%
2026-08-06 11:19:11 INFO     strategy        PnL: 11:19:11 MTM=-356.00 Loss=0.05%
2026-08-06 11:19:12 INFO     strategy        PnL: 11:19:12 MTM=-344.00 Loss=0.05%
2026-08-06 11:19:13 INFO     strategy        PnL: 11:19:13 MTM=-327.00 Loss=0.05%
2026-08-06 11:19:14 INFO     strategy        PnL: 11:19:14 MTM=-305.00 Loss=0.05%
2026-08-06 11:19:15 INFO     strategy        PnL: 11:19:15 MTM=-373.00 Loss=0.06%
2026-08-06 11:19:16 INFO     strategy        PnL: 11:19:16 MTM=-345.00 Loss=0.05%
2026-08-06 11:19:17 INFO     strategy        PnL: 11:19:17 MTM=-361.00 Loss=0.06%
2026-08-06 11:19:18 INFO     strategy        PnL: 11:19:18 MTM=-423.00 Loss=0.07%
2026-08-06 11:19:19 INFO     strategy        PnL: 11:19:19 MTM=-442.00 Loss=0.07%
2026-08-06 11:19:20 INFO     strategy        PnL: 11:19:20 MTM=-454.00 Loss=0.07%
2026-08-06 11:19:21 INFO     strategy        PnL: 11:19:21 MTM=-426.00 Loss=0.07%
2026-08-06 11:19:22 INFO     strategy        PnL: 11:19:22 MTM=-363.00 Loss=0.06%
2026-08-06 11:19:23 INFO     strategy        PnL: 11:19:23 MTM=-356.00 Loss=0.05%
2026-08-06 11:19:24 INFO     strategy        PnL: 11:19:24 MTM=-421.00 Loss=0.06%
2026-08-06 11:19:25 INFO     strategy        PnL: 11:19:25 MTM=-398.00 Loss=0.06%
2026-08-06 11:19:26 INFO     strategy        PnL: 11:19:26 MTM=-398.00 Loss=0.06%
2026-08-06 11:19:28 INFO     strategy        PnL: 11:19:28 MTM=-367.00 Loss=0.06%
2026-08-06 11:19:29 INFO     strategy        PnL: 11:19:29 MTM=-332.00 Loss=0.05%
2026-08-06 11:19:30 INFO     strategy        PnL: 11:19:30 MTM=-367.00 Loss=0.06%
2026-08-06 11:19:31 INFO     strategy        PnL: 11:19:31 MTM=-528.00 Loss=0.08%
2026-08-06 11:19:32 INFO     strategy        PnL: 11:19:32 MTM=-379.00 Loss=0.06%
2026-08-06 11:19:33 INFO     strategy        PnL: 11:19:33 MTM=-263.00 Loss=0.04%
2026-08-06 11:19:34 INFO     strategy        PnL: 11:19:34 MTM=-387.00 Loss=0.06%
2026-08-06 11:19:35 INFO     strategy        PnL: 11:19:35 MTM=-363.00 Loss=0.06%
2026-08-06 11:19:36 INFO     strategy        PnL: 11:19:36 MTM=-382.00 Loss=0.06%
2026-08-06 11:19:37 INFO     strategy        PnL: 11:19:37 MTM=-366.00 Loss=0.06%
2026-08-06 11:19:38 INFO     strategy        PnL: 11:19:38 MTM=-388.00 Loss=0.06%
2026-08-06 11:19:39 INFO     strategy        PnL: 11:19:39 MTM=-522.00 Loss=0.08%
2026-08-06 11:19:40 INFO     strategy        PnL: 11:19:40 MTM=-392.00 Loss=0.06%
2026-08-06 11:19:41 INFO     strategy        PnL: 11:19:41 MTM=-393.00 Loss=0.06%
2026-08-06 11:19:42 INFO     strategy        PnL: 11:19:42 MTM=-432.00 Loss=0.07%
2026-08-06 11:19:43 INFO     strategy        PnL: 11:19:43 MTM=-426.00 Loss=0.07%
2026-08-06 11:19:44 INFO     strategy        PnL: 11:19:44 MTM=-522.00 Loss=0.08%
2026-08-06 11:19:45 INFO     strategy        PnL: 11:19:45 MTM=-513.00 Loss=0.08%
2026-08-06 11:19:46 INFO     strategy        PnL: 11:19:46 MTM=-519.00 Loss=0.08%
2026-08-06 11:19:47 INFO     strategy        PnL: 11:19:47 MTM=-520.00 Loss=0.08%
2026-08-06 11:19:48 INFO     strategy        PnL: 11:19:48 MTM=-529.00 Loss=0.08%
2026-08-06 11:19:49 INFO     strategy        PnL: 11:19:49 MTM=-532.00 Loss=0.08%
2026-08-06 11:19:50 INFO     strategy        PnL: 11:19:50 MTM=-600.00 Loss=0.09%
2026-08-06 11:19:51 INFO     strategy        PnL: 11:19:51 MTM=-589.00 Loss=0.09%
2026-08-06 11:19:52 INFO     strategy        PnL: 11:19:52 MTM=-527.00 Loss=0.08%
2026-08-06 11:19:53 INFO     strategy        PnL: 11:19:53 MTM=-490.00 Loss=0.08%
2026-08-06 11:19:54 INFO     strategy        PnL: 11:19:54 MTM=-483.00 Loss=0.07%
2026-08-06 11:19:55 INFO     strategy        PnL: 11:19:55 MTM=-500.00 Loss=0.08%
2026-08-06 11:19:56 INFO     strategy        PnL: 11:19:56 MTM=-451.00 Loss=0.07%
2026-08-06 11:19:57 INFO     strategy        PnL: 11:19:57 MTM=-463.00 Loss=0.07%
2026-08-06 11:19:58 INFO     strategy        PnL: 11:19:58 MTM=-412.00 Loss=0.06%
2026-08-06 11:19:59 INFO     strategy        PnL: 11:19:59 MTM=-388.00 Loss=0.06%
2026-08-06 11:20:00 INFO     strategy        PnL: 11:20:00 MTM=-418.00 Loss=0.06%
2026-08-06 11:20:01 INFO     strategy        PnL: 11:20:01 MTM=-480.00 Loss=0.07%
2026-08-06 11:20:02 INFO     strategy        PnL: 11:20:02 MTM=-368.00 Loss=0.06%
2026-08-06 11:20:03 INFO     strategy        PnL: 11:20:03 MTM=-367.00 Loss=0.06%
2026-08-06 11:20:04 INFO     strategy        PnL: 11:20:04 MTM=-343.00 Loss=0.05%
2026-08-06 11:20:05 INFO     strategy        PnL: 11:20:05 MTM=-377.00 Loss=0.06%
2026-08-06 11:20:06 INFO     strategy        PnL: 11:20:06 MTM=-361.00 Loss=0.06%
2026-08-06 11:20:07 INFO     strategy        PnL: 11:20:07 MTM=-382.00 Loss=0.06%
2026-08-06 11:20:08 INFO     strategy        PnL: 11:20:08 MTM=-417.00 Loss=0.06%
2026-08-06 11:20:09 INFO     strategy        PnL: 11:20:09 MTM=-375.00 Loss=0.06%
2026-08-06 11:20:10 INFO     strategy        PnL: 11:20:10 MTM=-377.00 Loss=0.06%
2026-08-06 11:20:11 INFO     strategy        PnL: 11:20:11 MTM=-428.00 Loss=0.07%
2026-08-06 11:20:12 INFO     strategy        PnL: 11:20:12 MTM=-368.00 Loss=0.06%
2026-08-06 11:20:13 INFO     strategy        PnL: 11:20:13 MTM=-356.00 Loss=0.05%
2026-08-06 11:20:14 INFO     strategy        PnL: 11:20:14 MTM=-408.00 Loss=0.06%
2026-08-06 11:20:15 INFO     strategy        PnL: 11:20:15 MTM=-327.00 Loss=0.05%
2026-08-06 11:20:16 INFO     strategy        PnL: 11:20:16 MTM=-371.00 Loss=0.06%
2026-08-06 11:20:17 INFO     strategy        PnL: 11:20:17 MTM=-322.00 Loss=0.05%
2026-08-06 11:20:18 INFO     strategy        PnL: 11:20:18 MTM=-384.00 Loss=0.06%
2026-08-06 11:20:19 INFO     strategy        PnL: 11:20:19 MTM=-454.00 Loss=0.07%
2026-08-06 11:20:20 INFO     strategy        PnL: 11:20:20 MTM=-377.00 Loss=0.06%
2026-08-06 11:20:21 INFO     strategy        PnL: 11:20:21 MTM=-410.00 Loss=0.06%
2026-08-06 11:20:22 INFO     strategy        PnL: 11:20:22 MTM=-418.00 Loss=0.06%
2026-08-06 11:20:23 INFO     strategy        PnL: 11:20:23 MTM=-424.00 Loss=0.07%
2026-08-06 11:20:24 INFO     strategy        PnL: 11:20:24 MTM=-387.00 Loss=0.06%
2026-08-06 11:20:25 INFO     strategy        PnL: 11:20:25 MTM=-363.00 Loss=0.06%
2026-08-06 11:20:26 INFO     strategy        PnL: 11:20:26 MTM=-337.00 Loss=0.05%
2026-08-06 11:20:27 INFO     strategy        PnL: 11:20:27 MTM=-342.00 Loss=0.05%
2026-08-06 11:20:28 INFO     strategy        PnL: 11:20:28 MTM=-296.00 Loss=0.05%
2026-08-06 11:20:29 INFO     strategy        PnL: 11:20:29 MTM=-300.00 Loss=0.05%
2026-08-06 11:20:30 INFO     strategy        PnL: 11:20:30 MTM=-304.00 Loss=0.05%
2026-08-06 11:20:31 INFO     strategy        PnL: 11:20:31 MTM=-371.00 Loss=0.06%
2026-08-06 11:20:32 INFO     strategy        PnL: 11:20:32 MTM=-323.00 Loss=0.05%
2026-08-06 11:20:33 INFO     strategy        PnL: 11:20:33 MTM=-374.00 Loss=0.06%
2026-08-06 11:20:34 INFO     strategy        PnL: 11:20:34 MTM=-307.00 Loss=0.05%
2026-08-06 11:20:35 INFO     strategy        PnL: 11:20:35 MTM=-367.00 Loss=0.06%
2026-08-06 11:20:36 INFO     strategy        PnL: 11:20:36 MTM=-357.00 Loss=0.06%
2026-08-06 11:20:37 INFO     strategy        PnL: 11:20:37 MTM=-247.00 Loss=0.04%
2026-08-06 11:20:38 INFO     strategy        PnL: 11:20:38 MTM=-333.00 Loss=0.05%
2026-08-06 11:20:39 INFO     strategy        PnL: 11:20:39 MTM=-357.00 Loss=0.06%
2026-08-06 11:20:40 INFO     strategy        PnL: 11:20:40 MTM=-359.00 Loss=0.06%
2026-08-06 11:20:41 INFO     strategy        PnL: 11:20:41 MTM=-354.00 Loss=0.05%
2026-08-06 11:20:42 INFO     strategy        PnL: 11:20:42 MTM=-351.00 Loss=0.05%
2026-08-06 11:20:43 INFO     strategy        PnL: 11:20:43 MTM=-339.00 Loss=0.05%
2026-08-06 11:20:44 INFO     strategy        PnL: 11:20:44 MTM=-367.00 Loss=0.06%
2026-08-06 11:20:45 INFO     strategy        PnL: 11:20:45 MTM=-295.00 Loss=0.05%
2026-08-06 11:20:46 INFO     strategy        PnL: 11:20:46 MTM=-354.00 Loss=0.05%
2026-08-06 11:20:47 INFO     strategy        PnL: 11:20:47 MTM=-369.00 Loss=0.06%
2026-08-06 11:20:48 INFO     strategy        PnL: 11:20:48 MTM=-354.00 Loss=0.05%
2026-08-06 11:20:49 INFO     strategy        PnL: 11:20:49 MTM=-429.00 Loss=0.07%
2026-08-06 11:20:50 INFO     strategy        PnL: 11:20:50 MTM=-419.00 Loss=0.06%
2026-08-06 11:20:51 INFO     strategy        PnL: 11:20:51 MTM=-398.00 Loss=0.06%
2026-08-06 11:20:52 INFO     strategy        PnL: 11:20:52 MTM=-399.00 Loss=0.06%
2026-08-06 11:20:53 INFO     strategy        PnL: 11:20:53 MTM=-379.00 Loss=0.06%
2026-08-06 11:20:54 INFO     strategy        PnL: 11:20:54 MTM=-375.00 Loss=0.06%
2026-08-06 11:20:55 INFO     strategy        PnL: 11:20:55 MTM=-373.00 Loss=0.06%
2026-08-06 11:20:56 INFO     strategy        PnL: 11:20:56 MTM=-352.00 Loss=0.05%
2026-08-06 11:20:57 INFO     strategy        PnL: 11:20:57 MTM=-415.00 Loss=0.06%
2026-08-06 11:20:58 INFO     strategy        PnL: 11:20:58 MTM=-387.00 Loss=0.06%
2026-08-06 11:20:59 INFO     strategy        PnL: 11:20:59 MTM=-380.00 Loss=0.06%
2026-08-06 11:21:00 INFO     strategy        PnL: 11:21:00 MTM=-348.00 Loss=0.05%
2026-08-06 11:21:01 INFO     strategy        PnL: 11:21:01 MTM=-388.00 Loss=0.06%
2026-08-06 11:21:02 INFO     strategy        PnL: 11:21:02 MTM=-348.00 Loss=0.05%
2026-08-06 11:21:03 INFO     strategy        PnL: 11:21:03 MTM=-345.00 Loss=0.05%
2026-08-06 11:21:04 INFO     strategy        PnL: 11:21:04 MTM=-376.00 Loss=0.06%
2026-08-06 11:21:05 INFO     strategy        PnL: 11:21:05 MTM=-363.00 Loss=0.06%
2026-08-06 11:21:06 INFO     strategy        PnL: 11:21:06 MTM=-353.00 Loss=0.05%
2026-08-06 11:21:07 INFO     strategy        PnL: 11:21:07 MTM=-414.00 Loss=0.06%
2026-08-06 11:21:08 INFO     strategy        PnL: 11:21:08 MTM=-380.00 Loss=0.06%
2026-08-06 11:21:09 INFO     strategy        PnL: 11:21:09 MTM=-517.00 Loss=0.08%
2026-08-06 11:21:10 INFO     strategy        PnL: 11:21:10 MTM=-462.00 Loss=0.07%
2026-08-06 11:21:11 INFO     strategy        PnL: 11:21:11 MTM=-471.00 Loss=0.07%
2026-08-06 11:21:12 INFO     strategy        PnL: 11:21:12 MTM=-454.00 Loss=0.07%
2026-08-06 11:21:13 INFO     strategy        PnL: 11:21:13 MTM=-467.00 Loss=0.07%
2026-08-06 11:21:14 INFO     strategy        PnL: 11:21:14 MTM=-459.00 Loss=0.07%
2026-08-06 11:21:15 INFO     strategy        PnL: 11:21:15 MTM=-462.00 Loss=0.07%
2026-08-06 11:21:16 INFO     strategy        PnL: 11:21:16 MTM=-445.00 Loss=0.07%
2026-08-06 11:21:17 INFO     strategy        PnL: 11:21:17 MTM=-442.00 Loss=0.07%
2026-08-06 11:21:19 INFO     strategy        PnL: 11:21:19 MTM=-438.00 Loss=0.07%
2026-08-06 11:21:20 INFO     strategy        PnL: 11:21:20 MTM=-453.00 Loss=0.07%
2026-08-06 11:21:21 INFO     strategy        PnL: 11:21:21 MTM=-411.00 Loss=0.06%
2026-08-06 11:21:22 INFO     strategy        PnL: 11:21:22 MTM=-482.00 Loss=0.07%
2026-08-06 11:21:23 INFO     strategy        PnL: 11:21:23 MTM=-391.00 Loss=0.06%
2026-08-06 11:21:24 INFO     strategy        PnL: 11:21:24 MTM=-416.00 Loss=0.06%
2026-08-06 11:21:25 INFO     strategy        PnL: 11:21:25 MTM=-365.00 Loss=0.06%
2026-08-06 11:21:26 INFO     strategy        PnL: 11:21:26 MTM=-440.00 Loss=0.07%
2026-08-06 11:21:27 INFO     strategy        PnL: 11:21:27 MTM=-368.00 Loss=0.06%
2026-08-06 11:21:28 INFO     strategy        PnL: 11:21:28 MTM=-358.00 Loss=0.06%
2026-08-06 11:21:29 INFO     strategy        PnL: 11:21:29 MTM=-408.00 Loss=0.06%
2026-08-06 11:21:30 INFO     strategy        PnL: 11:21:30 MTM=-369.00 Loss=0.06%
2026-08-06 11:21:31 INFO     strategy        PnL: 11:21:31 MTM=-417.00 Loss=0.06%
2026-08-06 11:21:32 INFO     strategy        PnL: 11:21:32 MTM=-446.00 Loss=0.07%
2026-08-06 11:21:33 INFO     strategy        PnL: 11:21:33 MTM=-455.00 Loss=0.07%
2026-08-06 11:21:34 INFO     strategy        PnL: 11:21:34 MTM=-429.00 Loss=0.07%
2026-08-06 11:21:35 INFO     strategy        PnL: 11:21:35 MTM=-472.00 Loss=0.07%
2026-08-06 11:21:36 INFO     strategy        PnL: 11:21:36 MTM=-379.00 Loss=0.06%
2026-08-06 11:21:37 INFO     strategy        PnL: 11:21:37 MTM=-370.00 Loss=0.06%
2026-08-06 11:21:38 INFO     strategy        PnL: 11:21:38 MTM=-433.00 Loss=0.07%
2026-08-06 11:21:39 INFO     strategy        PnL: 11:21:39 MTM=-419.00 Loss=0.06%
2026-08-06 11:21:40 INFO     strategy        PnL: 11:21:40 MTM=-421.00 Loss=0.06%
2026-08-06 11:21:41 INFO     strategy        PnL: 11:21:41 MTM=-435.00 Loss=0.07%
2026-08-06 11:21:42 INFO     strategy        PnL: 11:21:42 MTM=-398.00 Loss=0.06%
2026-08-06 11:21:43 INFO     strategy        PnL: 11:21:43 MTM=-393.00 Loss=0.06%
2026-08-06 11:21:44 INFO     strategy        PnL: 11:21:44 MTM=-421.00 Loss=0.06%
2026-08-06 11:21:45 INFO     strategy        PnL: 11:21:45 MTM=-456.00 Loss=0.07%
2026-08-06 11:21:46 INFO     strategy        PnL: 11:21:46 MTM=-480.00 Loss=0.07%
2026-08-06 11:21:47 INFO     strategy        PnL: 11:21:47 MTM=-506.00 Loss=0.08%
2026-08-06 11:21:48 INFO     strategy        PnL: 11:21:48 MTM=-537.00 Loss=0.08%
2026-08-06 11:21:49 INFO     strategy        PnL: 11:21:49 MTM=-438.00 Loss=0.07%
2026-08-06 11:21:50 INFO     strategy        PnL: 11:21:50 MTM=-530.00 Loss=0.08%
2026-08-06 11:21:51 INFO     strategy        PnL: 11:21:51 MTM=-584.00 Loss=0.09%
2026-08-06 11:21:52 INFO     strategy        PnL: 11:21:52 MTM=-548.00 Loss=0.08%
2026-08-06 11:21:53 INFO     strategy        PnL: 11:21:53 MTM=-413.00 Loss=0.06%
2026-08-06 11:21:54 INFO     strategy        PnL: 11:21:54 MTM=-515.00 Loss=0.08%
2026-08-06 11:21:55 INFO     strategy        PnL: 11:21:55 MTM=-431.00 Loss=0.07%
2026-08-06 11:21:56 INFO     strategy        PnL: 11:21:56 MTM=-454.00 Loss=0.07%
2026-08-06 11:21:57 INFO     strategy        PnL: 11:21:57 MTM=-476.00 Loss=0.07%
2026-08-06 11:21:58 INFO     strategy        PnL: 11:21:58 MTM=-456.00 Loss=0.07%
2026-08-06 11:21:59 INFO     strategy        PnL: 11:21:59 MTM=-479.00 Loss=0.07%
2026-08-06 11:22:00 INFO     strategy        PnL: 11:22:00 MTM=-485.00 Loss=0.07%
2026-08-06 11:22:01 INFO     strategy        PnL: 11:22:01 MTM=-573.00 Loss=0.09%
2026-08-06 11:22:02 INFO     strategy        PnL: 11:22:02 MTM=-422.00 Loss=0.07%
2026-08-06 11:22:03 INFO     strategy        PnL: 11:22:03 MTM=-472.00 Loss=0.07%
2026-08-06 11:22:04 INFO     strategy        PnL: 11:22:04 MTM=-441.00 Loss=0.07%
2026-08-06 11:22:05 INFO     strategy        PnL: 11:22:05 MTM=-455.00 Loss=0.07%
2026-08-06 11:22:06 INFO     strategy        PnL: 11:22:06 MTM=-463.00 Loss=0.07%
2026-08-06 11:22:07 INFO     strategy        PnL: 11:22:07 MTM=-429.00 Loss=0.07%
2026-08-06 11:22:08 INFO     strategy        PnL: 11:22:08 MTM=-428.00 Loss=0.07%
2026-08-06 11:22:09 INFO     strategy        PnL: 11:22:09 MTM=-463.00 Loss=0.07%
2026-08-06 11:22:10 INFO     strategy        PnL: 11:22:10 MTM=-455.00 Loss=0.07%
2026-08-06 11:22:11 INFO     strategy        PnL: 11:22:11 MTM=-474.00 Loss=0.07%
2026-08-06 11:22:12 INFO     strategy        PnL: 11:22:12 MTM=-490.00 Loss=0.08%
2026-08-06 11:22:13 INFO     strategy        PnL: 11:22:13 MTM=-457.00 Loss=0.07%
2026-08-06 11:22:14 INFO     strategy        PnL: 11:22:14 MTM=-466.00 Loss=0.07%
2026-08-06 11:22:15 INFO     strategy        PnL: 11:22:15 MTM=-417.00 Loss=0.06%
2026-08-06 11:22:16 INFO     strategy        PnL: 11:22:16 MTM=-434.00 Loss=0.07%
2026-08-06 11:22:17 INFO     strategy        PnL: 11:22:17 MTM=-445.00 Loss=0.07%
2026-08-06 11:22:18 INFO     strategy        PnL: 11:22:18 MTM=-427.00 Loss=0.07%
2026-08-06 11:22:19 INFO     strategy        PnL: 11:22:19 MTM=-471.00 Loss=0.07%
2026-08-06 11:22:20 INFO     strategy        PnL: 11:22:20 MTM=-374.00 Loss=0.06%
2026-08-06 11:22:21 INFO     strategy        PnL: 11:22:21 MTM=-386.00 Loss=0.06%
2026-08-06 11:22:22 INFO     strategy        PnL: 11:22:22 MTM=-450.00 Loss=0.07%
2026-08-06 11:22:23 INFO     strategy        PnL: 11:22:23 MTM=-386.00 Loss=0.06%
2026-08-06 11:22:24 INFO     strategy        PnL: 11:22:24 MTM=-413.00 Loss=0.06%
2026-08-06 11:22:25 INFO     strategy        PnL: 11:22:25 MTM=-449.00 Loss=0.07%
2026-08-06 11:22:26 INFO     strategy        PnL: 11:22:26 MTM=-434.00 Loss=0.07%
2026-08-06 11:22:27 INFO     strategy        PnL: 11:22:27 MTM=-386.00 Loss=0.06%
2026-08-06 11:22:28 INFO     strategy        PnL: 11:22:28 MTM=-420.00 Loss=0.06%
2026-08-06 11:22:29 INFO     strategy        PnL: 11:22:29 MTM=-409.00 Loss=0.06%
2026-08-06 11:22:30 INFO     strategy        PnL: 11:22:30 MTM=-400.00 Loss=0.06%
2026-08-06 11:22:31 INFO     strategy        PnL: 11:22:31 MTM=-438.00 Loss=0.07%
2026-08-06 11:22:32 INFO     strategy        PnL: 11:22:32 MTM=-412.00 Loss=0.06%
2026-08-06 11:22:33 INFO     strategy        PnL: 11:22:33 MTM=-394.00 Loss=0.06%
2026-08-06 11:22:34 INFO     strategy        PnL: 11:22:34 MTM=-396.00 Loss=0.06%
2026-08-06 11:22:36 INFO     strategy        PnL: 11:22:36 MTM=-440.00 Loss=0.07%
2026-08-06 11:22:37 INFO     strategy        PnL: 11:22:37 MTM=-375.00 Loss=0.06%
2026-08-06 11:22:38 INFO     strategy        PnL: 11:22:38 MTM=-411.00 Loss=0.06%
2026-08-06 11:22:39 INFO     strategy        PnL: 11:22:39 MTM=-402.00 Loss=0.06%
2026-08-06 11:22:40 INFO     strategy        PnL: 11:22:40 MTM=-355.00 Loss=0.05%
2026-08-06 11:22:41 INFO     strategy        PnL: 11:22:41 MTM=-436.00 Loss=0.07%
2026-08-06 11:22:42 INFO     strategy        PnL: 11:22:42 MTM=-427.00 Loss=0.07%
2026-08-06 11:22:43 INFO     strategy        PnL: 11:22:43 MTM=-447.00 Loss=0.07%
2026-08-06 11:22:44 INFO     strategy        PnL: 11:22:44 MTM=-411.00 Loss=0.06%
2026-08-06 11:22:45 INFO     strategy        PnL: 11:22:45 MTM=-472.00 Loss=0.07%
2026-08-06 11:22:46 INFO     strategy        PnL: 11:22:46 MTM=-448.00 Loss=0.07%
2026-08-06 11:22:47 INFO     strategy        PnL: 11:22:47 MTM=-409.00 Loss=0.06%
2026-08-06 11:22:48 INFO     strategy        PnL: 11:22:48 MTM=-426.00 Loss=0.07%
2026-08-06 11:22:49 INFO     strategy        PnL: 11:22:49 MTM=-402.00 Loss=0.06%
2026-08-06 11:22:50 INFO     strategy        PnL: 11:22:50 MTM=-456.00 Loss=0.07%
2026-08-06 11:22:51 INFO     strategy        PnL: 11:22:51 MTM=-423.00 Loss=0.07%
2026-08-06 11:22:52 INFO     strategy        PnL: 11:22:52 MTM=-440.00 Loss=0.07%
2026-08-06 11:22:53 INFO     strategy        PnL: 11:22:53 MTM=-398.00 Loss=0.06%
2026-08-06 11:22:54 INFO     strategy        PnL: 11:22:54 MTM=-423.00 Loss=0.07%
2026-08-06 11:22:55 INFO     strategy        PnL: 11:22:55 MTM=-438.00 Loss=0.07%
2026-08-06 11:22:56 INFO     strategy        PnL: 11:22:56 MTM=-418.00 Loss=0.06%
2026-08-06 11:22:57 INFO     strategy        PnL: 11:22:57 MTM=-435.00 Loss=0.07%
2026-08-06 11:22:58 INFO     strategy        PnL: 11:22:58 MTM=-398.00 Loss=0.06%
2026-08-06 11:22:59 INFO     strategy        PnL: 11:22:59 MTM=-380.00 Loss=0.06%
2026-08-06 11:23:00 INFO     strategy        PnL: 11:23:00 MTM=-339.00 Loss=0.05%
2026-08-06 11:23:01 INFO     strategy        PnL: 11:23:01 MTM=-388.00 Loss=0.06%
2026-08-06 11:23:02 INFO     strategy        PnL: 11:23:02 MTM=-392.00 Loss=0.06%
2026-08-06 11:23:03 INFO     strategy        PnL: 11:23:03 MTM=-362.00 Loss=0.06%
2026-08-06 11:23:04 INFO     strategy        PnL: 11:23:04 MTM=-393.00 Loss=0.06%
2026-08-06 11:23:05 INFO     strategy        PnL: 11:23:05 MTM=-377.00 Loss=0.06%
2026-08-06 11:23:06 INFO     strategy        PnL: 11:23:06 MTM=-380.00 Loss=0.06%
2026-08-06 11:23:07 INFO     strategy        PnL: 11:23:07 MTM=-352.00 Loss=0.05%
2026-08-06 11:23:08 INFO     strategy        PnL: 11:23:08 MTM=-401.00 Loss=0.06%
2026-08-06 11:23:09 INFO     strategy        PnL: 11:23:09 MTM=-412.00 Loss=0.06%
2026-08-06 11:23:10 INFO     strategy        PnL: 11:23:10 MTM=-429.00 Loss=0.07%
2026-08-06 11:23:11 INFO     strategy        PnL: 11:23:11 MTM=-439.00 Loss=0.07%
2026-08-06 11:23:12 INFO     strategy        PnL: 11:23:12 MTM=-398.00 Loss=0.06%
2026-08-06 11:23:13 INFO     strategy        PnL: 11:23:13 MTM=-407.00 Loss=0.06%
2026-08-06 11:23:14 INFO     strategy        PnL: 11:23:14 MTM=-413.00 Loss=0.06%
2026-08-06 11:23:15 INFO     strategy        PnL: 11:23:15 MTM=-470.00 Loss=0.07%
2026-08-06 11:23:16 INFO     strategy        PnL: 11:23:16 MTM=-438.00 Loss=0.07%
2026-08-06 11:23:17 INFO     strategy        PnL: 11:23:17 MTM=-468.00 Loss=0.07%
2026-08-06 11:23:18 INFO     strategy        PnL: 11:23:18 MTM=-458.00 Loss=0.07%
2026-08-06 11:23:19 INFO     strategy        PnL: 11:23:19 MTM=-453.00 Loss=0.07%
2026-08-06 11:23:20 INFO     strategy        PnL: 11:23:20 MTM=-462.00 Loss=0.07%
2026-08-06 11:23:21 INFO     strategy        PnL: 11:23:21 MTM=-455.00 Loss=0.07%
2026-08-06 11:23:22 INFO     strategy        PnL: 11:23:22 MTM=-484.00 Loss=0.07%
2026-08-06 11:23:23 INFO     strategy        PnL: 11:23:23 MTM=-452.00 Loss=0.07%
2026-08-06 11:23:24 INFO     strategy        PnL: 11:23:24 MTM=-432.00 Loss=0.07%
2026-08-06 11:23:25 INFO     strategy        PnL: 11:23:25 MTM=-445.00 Loss=0.07%
2026-08-06 11:23:26 INFO     strategy        PnL: 11:23:26 MTM=-457.00 Loss=0.07%
2026-08-06 11:23:27 INFO     strategy        PnL: 11:23:27 MTM=-443.00 Loss=0.07%
2026-08-06 11:23:28 INFO     strategy        PnL: 11:23:28 MTM=-429.00 Loss=0.07%
2026-08-06 11:23:29 INFO     strategy        PnL: 11:23:29 MTM=-469.00 Loss=0.07%
2026-08-06 11:23:30 INFO     strategy        PnL: 11:23:30 MTM=-454.00 Loss=0.07%
2026-08-06 11:23:31 INFO     strategy        PnL: 11:23:31 MTM=-412.00 Loss=0.06%
2026-08-06 11:23:32 INFO     strategy        PnL: 11:23:32 MTM=-518.00 Loss=0.08%
2026-08-06 11:23:33 INFO     strategy        PnL: 11:23:33 MTM=-491.00 Loss=0.08%
2026-08-06 11:23:34 INFO     strategy        PnL: 11:23:34 MTM=-504.00 Loss=0.08%
2026-08-06 11:23:35 INFO     strategy        PnL: 11:23:35 MTM=-495.00 Loss=0.08%
2026-08-06 11:23:36 INFO     strategy        PnL: 11:23:36 MTM=-474.00 Loss=0.07%
2026-08-06 11:23:37 INFO     strategy        PnL: 11:23:37 MTM=-432.00 Loss=0.07%
2026-08-06 11:23:38 INFO     strategy        PnL: 11:23:38 MTM=-427.00 Loss=0.07%
2026-08-06 11:23:39 INFO     strategy        PnL: 11:23:39 MTM=-395.00 Loss=0.06%
2026-08-06 11:23:40 INFO     strategy        PnL: 11:23:40 MTM=-441.00 Loss=0.07%
2026-08-06 11:23:41 INFO     strategy        PnL: 11:23:41 MTM=-468.00 Loss=0.07%
2026-08-06 11:23:42 INFO     strategy        PnL: 11:23:42 MTM=-460.00 Loss=0.07%
2026-08-06 11:23:43 INFO     strategy        PnL: 11:23:43 MTM=-422.00 Loss=0.07%
2026-08-06 11:23:44 INFO     strategy        PnL: 11:23:44 MTM=-463.00 Loss=0.07%
2026-08-06 11:23:45 INFO     strategy        PnL: 11:23:45 MTM=-482.00 Loss=0.07%
2026-08-06 11:23:46 INFO     strategy        PnL: 11:23:46 MTM=-467.00 Loss=0.07%
2026-08-06 11:23:47 INFO     strategy        PnL: 11:23:47 MTM=-409.00 Loss=0.06%
2026-08-06 11:23:48 INFO     strategy        PnL: 11:23:48 MTM=-423.00 Loss=0.07%
2026-08-06 11:23:49 INFO     strategy        PnL: 11:23:49 MTM=-473.00 Loss=0.07%
2026-08-06 11:23:50 INFO     strategy        PnL: 11:23:50 MTM=-474.00 Loss=0.07%
2026-08-06 11:23:51 INFO     strategy        PnL: 11:23:51 MTM=-465.00 Loss=0.07%
2026-08-06 11:23:52 INFO     strategy        PnL: 11:23:52 MTM=-464.00 Loss=0.07%
2026-08-06 11:23:53 INFO     strategy        PnL: 11:23:53 MTM=-482.00 Loss=0.07%
2026-08-06 11:23:54 INFO     strategy        PnL: 11:23:54 MTM=-441.00 Loss=0.07%
2026-08-06 11:23:55 INFO     strategy        PnL: 11:23:55 MTM=-452.00 Loss=0.07%
2026-08-06 11:23:56 INFO     strategy        PnL: 11:23:56 MTM=-496.00 Loss=0.08%
2026-08-06 11:23:57 INFO     strategy        PnL: 11:23:57 MTM=-472.00 Loss=0.07%
2026-08-06 11:23:58 INFO     strategy        PnL: 11:23:58 MTM=-458.00 Loss=0.07%
2026-08-06 11:23:59 INFO     strategy        PnL: 11:23:59 MTM=-490.00 Loss=0.08%
2026-08-06 11:24:00 INFO     strategy        PnL: 11:24:00 MTM=-407.00 Loss=0.06%
2026-08-06 11:24:01 INFO     strategy        PnL: 11:24:01 MTM=-463.00 Loss=0.07%
2026-08-06 11:24:02 INFO     strategy        PnL: 11:24:02 MTM=-485.00 Loss=0.07%
2026-08-06 11:24:03 INFO     strategy        PnL: 11:24:03 MTM=-475.00 Loss=0.07%
2026-08-06 11:24:04 INFO     strategy        PnL: 11:24:04 MTM=-462.00 Loss=0.07%
2026-08-06 11:24:05 INFO     strategy        PnL: 11:24:05 MTM=-444.00 Loss=0.07%
2026-08-06 11:24:06 INFO     strategy        PnL: 11:24:06 MTM=-474.00 Loss=0.07%
2026-08-06 11:24:07 INFO     strategy        PnL: 11:24:07 MTM=-441.00 Loss=0.07%
2026-08-06 11:24:08 INFO     strategy        PnL: 11:24:08 MTM=-437.00 Loss=0.07%
2026-08-06 11:24:09 INFO     strategy        PnL: 11:24:09 MTM=-462.00 Loss=0.07%
2026-08-06 11:24:10 INFO     strategy        PnL: 11:24:10 MTM=-473.00 Loss=0.07%
2026-08-06 11:24:11 INFO     strategy        PnL: 11:24:11 MTM=-492.00 Loss=0.08%
2026-08-06 11:24:12 INFO     strategy        PnL: 11:24:12 MTM=-489.00 Loss=0.08%
2026-08-06 11:24:13 INFO     strategy        PnL: 11:24:13 MTM=-444.00 Loss=0.07%
2026-08-06 11:24:14 INFO     strategy        PnL: 11:24:14 MTM=-501.00 Loss=0.08%
2026-08-06 11:24:15 INFO     strategy        PnL: 11:24:15 MTM=-510.00 Loss=0.08%
2026-08-06 11:24:16 INFO     strategy        PnL: 11:24:16 MTM=-481.00 Loss=0.07%
2026-08-06 11:24:17 INFO     strategy        PnL: 11:24:17 MTM=-444.00 Loss=0.07%
2026-08-06 11:24:18 INFO     strategy        PnL: 11:24:18 MTM=-427.00 Loss=0.07%
2026-08-06 11:24:19 INFO     strategy        PnL: 11:24:19 MTM=-444.00 Loss=0.07%
2026-08-06 11:24:20 INFO     strategy        PnL: 11:24:20 MTM=-428.00 Loss=0.07%
2026-08-06 11:24:22 INFO     strategy        PnL: 11:24:22 MTM=-458.00 Loss=0.07%
2026-08-06 11:24:23 INFO     strategy        PnL: 11:24:23 MTM=-460.00 Loss=0.07%
2026-08-06 11:24:24 INFO     strategy        PnL: 11:24:24 MTM=-449.00 Loss=0.07%
2026-08-06 11:24:25 INFO     strategy        PnL: 11:24:25 MTM=-448.00 Loss=0.07%
2026-08-06 11:24:26 INFO     strategy        PnL: 11:24:26 MTM=-469.00 Loss=0.07%
2026-08-06 11:24:27 INFO     strategy        PnL: 11:24:27 MTM=-432.00 Loss=0.07%
2026-08-06 11:24:28 INFO     strategy        PnL: 11:24:28 MTM=-478.00 Loss=0.07%
2026-08-06 11:24:29 INFO     strategy        PnL: 11:24:29 MTM=-467.00 Loss=0.07%
2026-08-06 11:24:30 INFO     strategy        PnL: 11:24:30 MTM=-530.00 Loss=0.08%
2026-08-06 11:24:31 INFO     strategy        PnL: 11:24:31 MTM=-510.00 Loss=0.08%
2026-08-06 11:24:32 INFO     strategy        PnL: 11:24:32 MTM=-544.00 Loss=0.08%
2026-08-06 11:24:33 INFO     strategy        PnL: 11:24:33 MTM=-572.00 Loss=0.09%
2026-08-06 11:24:34 INFO     strategy        PnL: 11:24:34 MTM=-608.00 Loss=0.09%
2026-08-06 11:24:35 INFO     strategy        PnL: 11:24:35 MTM=-566.00 Loss=0.09%
2026-08-06 11:24:36 INFO     strategy        PnL: 11:24:36 MTM=-596.00 Loss=0.09%
2026-08-06 11:24:37 INFO     strategy        PnL: 11:24:37 MTM=-600.00 Loss=0.09%
2026-08-06 11:24:38 INFO     strategy        PnL: 11:24:38 MTM=-575.00 Loss=0.09%
2026-08-06 11:24:39 INFO     strategy        PnL: 11:24:39 MTM=-595.00 Loss=0.09%
2026-08-06 11:24:40 INFO     strategy        PnL: 11:24:40 MTM=-581.00 Loss=0.09%
2026-08-06 11:24:41 INFO     strategy        PnL: 11:24:41 MTM=-583.00 Loss=0.09%
2026-08-06 11:24:42 INFO     strategy        PnL: 11:24:42 MTM=-612.00 Loss=0.09%
2026-08-06 11:24:43 INFO     strategy        PnL: 11:24:43 MTM=-672.00 Loss=0.10%
2026-08-06 11:24:44 INFO     strategy        PnL: 11:24:44 MTM=-697.00 Loss=0.11%
2026-08-06 11:24:45 INFO     strategy        PnL: 11:24:45 MTM=-770.00 Loss=0.12%
2026-08-06 11:24:46 INFO     strategy        PnL: 11:24:46 MTM=-764.00 Loss=0.12%
2026-08-06 11:24:47 INFO     strategy        PnL: 11:24:47 MTM=-726.00 Loss=0.11%
2026-08-06 11:24:48 INFO     strategy        PnL: 11:24:48 MTM=-662.00 Loss=0.10%
2026-08-06 11:24:49 INFO     strategy        PnL: 11:24:49 MTM=-729.00 Loss=0.11%
2026-08-06 11:24:50 INFO     strategy        PnL: 11:24:50 MTM=-728.00 Loss=0.11%
2026-08-06 11:24:51 INFO     strategy        PnL: 11:24:51 MTM=-825.00 Loss=0.13%
2026-08-06 11:24:52 INFO     strategy        PnL: 11:24:52 MTM=-677.00 Loss=0.10%
2026-08-06 11:24:53 INFO     strategy        PnL: 11:24:53 MTM=-752.00 Loss=0.12%
2026-08-06 11:24:54 INFO     strategy        PnL: 11:24:54 MTM=-748.00 Loss=0.12%
2026-08-06 11:24:55 INFO     strategy        PnL: 11:24:55 MTM=-736.00 Loss=0.11%
2026-08-06 11:24:56 INFO     strategy        PnL: 11:24:56 MTM=-744.00 Loss=0.11%
2026-08-06 11:24:57 INFO     strategy        PnL: 11:24:57 MTM=-713.00 Loss=0.11%
2026-08-06 11:24:58 INFO     strategy        PnL: 11:24:58 MTM=-742.00 Loss=0.11%
2026-08-06 11:24:59 INFO     strategy        PnL: 11:24:59 MTM=-767.00 Loss=0.12%
2026-08-06 11:25:00 INFO     strategy        PnL: 11:25:00 MTM=-736.00 Loss=0.11%
2026-08-06 11:25:01 INFO     strategy        PnL: 11:25:01 MTM=-729.00 Loss=0.11%
2026-08-06 11:25:02 INFO     strategy        PnL: 11:25:02 MTM=-694.00 Loss=0.11%
2026-08-06 11:25:03 INFO     strategy        PnL: 11:25:03 MTM=-655.00 Loss=0.10%
2026-08-06 11:25:04 INFO     strategy        PnL: 11:25:04 MTM=-704.00 Loss=0.11%
2026-08-06 11:25:05 INFO     strategy        PnL: 11:25:05 MTM=-695.00 Loss=0.11%
2026-08-06 11:25:06 INFO     strategy        PnL: 11:25:06 MTM=-672.00 Loss=0.10%
2026-08-06 11:25:07 INFO     strategy        PnL: 11:25:07 MTM=-655.00 Loss=0.10%
2026-08-06 11:25:08 INFO     strategy        PnL: 11:25:08 MTM=-646.00 Loss=0.10%
2026-08-06 11:25:09 INFO     strategy        PnL: 11:25:09 MTM=-689.00 Loss=0.11%
2026-08-06 11:25:10 INFO     strategy        PnL: 11:25:10 MTM=-661.00 Loss=0.10%
2026-08-06 11:25:11 INFO     strategy        PnL: 11:25:11 MTM=-664.00 Loss=0.10%
2026-08-06 11:25:12 INFO     strategy        PnL: 11:25:12 MTM=-701.00 Loss=0.11%
2026-08-06 11:25:13 INFO     strategy        PnL: 11:25:13 MTM=-682.00 Loss=0.11%
2026-08-06 11:25:14 INFO     strategy        PnL: 11:25:14 MTM=-727.00 Loss=0.11%
2026-08-06 11:25:15 INFO     strategy        PnL: 11:25:15 MTM=-702.00 Loss=0.11%
2026-08-06 11:25:16 INFO     strategy        PnL: 11:25:16 MTM=-716.00 Loss=0.11%
2026-08-06 11:25:17 INFO     strategy        PnL: 11:25:17 MTM=-671.00 Loss=0.10%
2026-08-06 11:25:18 INFO     strategy        PnL: 11:25:18 MTM=-684.00 Loss=0.11%
2026-08-06 11:25:19 INFO     strategy        PnL: 11:25:19 MTM=-652.00 Loss=0.10%
2026-08-06 11:25:20 INFO     strategy        PnL: 11:25:20 MTM=-677.00 Loss=0.10%
2026-08-06 11:25:21 INFO     strategy        PnL: 11:25:21 MTM=-661.00 Loss=0.10%
2026-08-06 11:25:22 INFO     strategy        PnL: 11:25:22 MTM=-616.00 Loss=0.10%
2026-08-06 11:25:23 INFO     strategy        PnL: 11:25:23 MTM=-648.00 Loss=0.10%
2026-08-06 11:25:24 INFO     strategy        PnL: 11:25:24 MTM=-584.00 Loss=0.09%
2026-08-06 11:25:25 INFO     strategy        PnL: 11:25:25 MTM=-570.00 Loss=0.09%
2026-08-06 11:25:26 INFO     strategy        PnL: 11:25:26 MTM=-522.00 Loss=0.08%
2026-08-06 11:25:27 INFO     strategy        PnL: 11:25:27 MTM=-592.00 Loss=0.09%
2026-08-06 11:25:28 INFO     strategy        PnL: 11:25:28 MTM=-550.00 Loss=0.08%
2026-08-06 11:25:29 INFO     strategy        PnL: 11:25:29 MTM=-532.00 Loss=0.08%
2026-08-06 11:25:30 INFO     strategy        PnL: 11:25:30 MTM=-536.00 Loss=0.08%
2026-08-06 11:25:31 INFO     strategy        PnL: 11:25:31 MTM=-553.00 Loss=0.09%
2026-08-06 11:25:32 INFO     strategy        PnL: 11:25:32 MTM=-595.00 Loss=0.09%
2026-08-06 11:25:33 INFO     strategy        PnL: 11:25:33 MTM=-561.00 Loss=0.09%
2026-08-06 11:25:34 INFO     strategy        PnL: 11:25:34 MTM=-584.00 Loss=0.09%
2026-08-06 11:25:35 INFO     strategy        PnL: 11:25:35 MTM=-585.00 Loss=0.09%
2026-08-06 11:25:36 INFO     strategy        PnL: 11:25:36 MTM=-612.00 Loss=0.09%
2026-08-06 11:25:37 INFO     strategy        PnL: 11:25:37 MTM=-575.00 Loss=0.09%
2026-08-06 11:25:38 INFO     strategy        PnL: 11:25:38 MTM=-606.00 Loss=0.09%
2026-08-06 11:25:39 INFO     strategy        PnL: 11:25:39 MTM=-691.00 Loss=0.11%
2026-08-06 11:25:40 INFO     strategy        PnL: 11:25:40 MTM=-657.00 Loss=0.10%
2026-08-06 11:25:41 INFO     strategy        PnL: 11:25:41 MTM=-691.00 Loss=0.11%
2026-08-06 11:25:42 INFO     strategy        PnL: 11:25:42 MTM=-734.00 Loss=0.11%
2026-08-06 11:25:43 INFO     strategy        PnL: 11:25:43 MTM=-678.00 Loss=0.10%
2026-08-06 11:25:44 INFO     strategy        PnL: 11:25:44 MTM=-679.00 Loss=0.10%
2026-08-06 11:25:45 INFO     strategy        PnL: 11:25:45 MTM=-665.00 Loss=0.10%
2026-08-06 11:25:46 INFO     strategy        PnL: 11:25:46 MTM=-747.00 Loss=0.12%
2026-08-06 11:25:47 INFO     strategy        PnL: 11:25:47 MTM=-741.00 Loss=0.11%
2026-08-06 11:25:48 INFO     strategy        PnL: 11:25:48 MTM=-757.00 Loss=0.12%
2026-08-06 11:25:49 INFO     strategy        PnL: 11:25:49 MTM=-808.00 Loss=0.12%
2026-08-06 11:25:50 INFO     strategy        PnL: 11:25:50 MTM=-736.00 Loss=0.11%
2026-08-06 11:25:51 INFO     strategy        PnL: 11:25:51 MTM=-833.00 Loss=0.13%
2026-08-06 11:25:52 INFO     strategy        PnL: 11:25:52 MTM=-800.00 Loss=0.12%
2026-08-06 11:25:53 INFO     strategy        PnL: 11:25:53 MTM=-766.00 Loss=0.12%
2026-08-06 11:25:54 INFO     strategy        PnL: 11:25:54 MTM=-734.00 Loss=0.11%
2026-08-06 11:25:55 INFO     strategy        PnL: 11:25:55 MTM=-692.00 Loss=0.11%
2026-08-06 11:25:56 INFO     strategy        PnL: 11:25:56 MTM=-717.00 Loss=0.11%
2026-08-06 11:25:57 INFO     strategy        PnL: 11:25:57 MTM=-760.00 Loss=0.12%
2026-08-06 11:25:58 INFO     strategy        PnL: 11:25:58 MTM=-847.00 Loss=0.13%
2026-08-06 11:25:59 INFO     strategy        PnL: 11:25:59 MTM=-747.00 Loss=0.12%
2026-08-06 11:26:00 INFO     strategy        PnL: 11:26:00 MTM=-730.00 Loss=0.11%
2026-08-06 11:26:01 INFO     strategy        PnL: 11:26:01 MTM=-747.00 Loss=0.12%
2026-08-06 11:26:02 INFO     strategy        PnL: 11:26:02 MTM=-765.00 Loss=0.12%
2026-08-06 11:26:03 INFO     strategy        PnL: 11:26:03 MTM=-806.00 Loss=0.12%
2026-08-06 11:26:05 INFO     strategy        PnL: 11:26:05 MTM=-723.00 Loss=0.11%
2026-08-06 11:26:05 INFO     strategy        PnL: 11:26:05 MTM=-773.00 Loss=0.12%
2026-08-06 11:26:07 INFO     strategy        PnL: 11:26:07 MTM=-789.00 Loss=0.12%
2026-08-06 11:26:08 INFO     strategy        PnL: 11:26:08 MTM=-782.00 Loss=0.12%
2026-08-06 11:26:09 INFO     strategy        PnL: 11:26:09 MTM=-761.00 Loss=0.12%
2026-08-06 11:26:10 INFO     strategy        PnL: 11:26:10 MTM=-730.00 Loss=0.11%
2026-08-06 11:26:11 INFO     strategy        PnL: 11:26:11 MTM=-704.00 Loss=0.11%
2026-08-06 11:26:12 INFO     strategy        PnL: 11:26:12 MTM=-748.00 Loss=0.12%
2026-08-06 11:26:13 INFO     strategy        PnL: 11:26:13 MTM=-770.00 Loss=0.12%
2026-08-06 11:26:14 INFO     strategy        PnL: 11:26:14 MTM=-733.00 Loss=0.11%
2026-08-06 11:26:15 INFO     strategy        PnL: 11:26:15 MTM=-705.00 Loss=0.11%
2026-08-06 11:26:16 INFO     strategy        PnL: 11:26:16 MTM=-710.00 Loss=0.11%
2026-08-06 11:26:17 INFO     strategy        PnL: 11:26:17 MTM=-672.00 Loss=0.10%
2026-08-06 11:26:18 INFO     strategy        PnL: 11:26:18 MTM=-645.00 Loss=0.10%
2026-08-06 11:26:19 INFO     strategy        PnL: 11:26:19 MTM=-648.00 Loss=0.10%
2026-08-06 11:26:20 INFO     strategy        PnL: 11:26:20 MTM=-688.00 Loss=0.11%
2026-08-06 11:26:21 INFO     strategy        PnL: 11:26:21 MTM=-713.00 Loss=0.11%
2026-08-06 11:26:22 INFO     strategy        PnL: 11:26:22 MTM=-680.00 Loss=0.10%
2026-08-06 11:26:23 INFO     strategy        PnL: 11:26:23 MTM=-663.00 Loss=0.10%
2026-08-06 11:26:24 INFO     strategy        PnL: 11:26:24 MTM=-616.00 Loss=0.10%
2026-08-06 11:26:25 INFO     strategy        PnL: 11:26:25 MTM=-601.00 Loss=0.09%
2026-08-06 11:26:26 INFO     strategy        PnL: 11:26:26 MTM=-607.00 Loss=0.09%
2026-08-06 11:26:27 INFO     strategy        PnL: 11:26:27 MTM=-627.00 Loss=0.10%
2026-08-06 11:26:28 INFO     strategy        PnL: 11:26:28 MTM=-634.00 Loss=0.10%
2026-08-06 11:26:29 INFO     strategy        PnL: 11:26:29 MTM=-664.00 Loss=0.10%
2026-08-06 11:26:30 INFO     strategy        PnL: 11:26:30 MTM=-704.00 Loss=0.11%
2026-08-06 11:26:31 INFO     strategy        PnL: 11:26:31 MTM=-724.00 Loss=0.11%
2026-08-06 11:26:32 INFO     strategy        PnL: 11:26:32 MTM=-690.00 Loss=0.11%
2026-08-06 11:26:33 INFO     strategy        PnL: 11:26:33 MTM=-704.00 Loss=0.11%
2026-08-06 11:26:34 INFO     strategy        PnL: 11:26:34 MTM=-685.00 Loss=0.11%
2026-08-06 11:26:35 INFO     strategy        PnL: 11:26:35 MTM=-683.00 Loss=0.11%
2026-08-06 11:26:36 INFO     strategy        PnL: 11:26:36 MTM=-692.00 Loss=0.11%
2026-08-06 11:26:37 INFO     strategy        PnL: 11:26:37 MTM=-695.00 Loss=0.11%
2026-08-06 11:26:38 INFO     strategy        PnL: 11:26:38 MTM=-683.00 Loss=0.11%
2026-08-06 11:26:39 INFO     strategy        PnL: 11:26:39 MTM=-741.00 Loss=0.11%
2026-08-06 11:26:40 INFO     strategy        PnL: 11:26:40 MTM=-704.00 Loss=0.11%
2026-08-06 11:26:41 INFO     strategy        PnL: 11:26:41 MTM=-680.00 Loss=0.10%
2026-08-06 11:26:42 INFO     strategy        PnL: 11:26:42 MTM=-673.00 Loss=0.10%
2026-08-06 11:26:43 INFO     strategy        PnL: 11:26:43 MTM=-713.00 Loss=0.11%
2026-08-06 11:26:44 INFO     strategy        PnL: 11:26:44 MTM=-695.00 Loss=0.11%
2026-08-06 11:26:45 INFO     strategy        PnL: 11:26:45 MTM=-673.00 Loss=0.10%
2026-08-06 11:26:46 INFO     strategy        PnL: 11:26:46 MTM=-624.00 Loss=0.10%
2026-08-06 11:26:47 INFO     strategy        PnL: 11:26:47 MTM=-632.00 Loss=0.10%
2026-08-06 11:26:48 INFO     strategy        PnL: 11:26:48 MTM=-659.00 Loss=0.10%
2026-08-06 11:26:49 INFO     strategy        PnL: 11:26:49 MTM=-652.00 Loss=0.10%
2026-08-06 11:26:50 INFO     strategy        PnL: 11:26:50 MTM=-717.00 Loss=0.11%
2026-08-06 11:26:51 INFO     strategy        PnL: 11:26:51 MTM=-706.00 Loss=0.11%
2026-08-06 11:26:52 INFO     strategy        PnL: 11:26:52 MTM=-754.00 Loss=0.12%
2026-08-06 11:26:53 INFO     strategy        PnL: 11:26:53 MTM=-686.00 Loss=0.11%
2026-08-06 11:26:54 INFO     strategy        PnL: 11:26:54 MTM=-672.00 Loss=0.10%
2026-08-06 11:26:55 INFO     strategy        PnL: 11:26:55 MTM=-708.00 Loss=0.11%
2026-08-06 11:26:56 INFO     strategy        PnL: 11:26:56 MTM=-721.00 Loss=0.11%
2026-08-06 11:26:57 INFO     strategy        PnL: 11:26:57 MTM=-687.00 Loss=0.11%
2026-08-06 11:26:58 INFO     strategy        PnL: 11:26:58 MTM=-707.00 Loss=0.11%
2026-08-06 11:26:59 INFO     strategy        PnL: 11:26:59 MTM=-670.00 Loss=0.10%
2026-08-06 11:27:00 INFO     strategy        PnL: 11:27:00 MTM=-640.00 Loss=0.10%
2026-08-06 11:27:01 INFO     strategy        PnL: 11:27:01 MTM=-667.00 Loss=0.10%
2026-08-06 11:27:02 INFO     strategy        PnL: 11:27:02 MTM=-672.00 Loss=0.10%
2026-08-06 11:27:03 INFO     strategy        PnL: 11:27:03 MTM=-696.00 Loss=0.11%
2026-08-06 11:27:04 INFO     strategy        PnL: 11:27:04 MTM=-672.00 Loss=0.10%
2026-08-06 11:27:05 INFO     strategy        PnL: 11:27:05 MTM=-706.00 Loss=0.11%
2026-08-06 11:27:06 INFO     strategy        PnL: 11:27:06 MTM=-667.00 Loss=0.10%
2026-08-06 11:27:07 INFO     strategy        PnL: 11:27:07 MTM=-691.00 Loss=0.11%
2026-08-06 11:27:08 INFO     strategy        PnL: 11:27:08 MTM=-707.00 Loss=0.11%
2026-08-06 11:27:09 INFO     strategy        PnL: 11:27:09 MTM=-719.00 Loss=0.11%
2026-08-06 11:27:10 INFO     strategy        PnL: 11:27:10 MTM=-689.00 Loss=0.11%
2026-08-06 11:27:11 INFO     strategy        PnL: 11:27:11 MTM=-678.00 Loss=0.10%
2026-08-06 11:27:12 INFO     strategy        PnL: 11:27:12 MTM=-695.00 Loss=0.11%
2026-08-06 11:27:13 INFO     strategy        PnL: 11:27:13 MTM=-690.00 Loss=0.11%
2026-08-06 11:27:14 INFO     strategy        PnL: 11:27:14 MTM=-681.00 Loss=0.11%
2026-08-06 11:27:15 INFO     strategy        PnL: 11:27:15 MTM=-699.00 Loss=0.11%
2026-08-06 11:27:16 INFO     strategy        PnL: 11:27:16 MTM=-704.00 Loss=0.11%
2026-08-06 11:27:17 INFO     strategy        PnL: 11:27:17 MTM=-727.00 Loss=0.11%
2026-08-06 11:27:18 INFO     strategy        PnL: 11:27:18 MTM=-680.00 Loss=0.10%
2026-08-06 11:27:19 INFO     strategy        PnL: 11:27:19 MTM=-654.00 Loss=0.10%
2026-08-06 11:27:20 INFO     strategy        PnL: 11:27:20 MTM=-656.00 Loss=0.10%
2026-08-06 11:27:21 INFO     strategy        PnL: 11:27:21 MTM=-666.00 Loss=0.10%
2026-08-06 11:27:22 INFO     strategy        PnL: 11:27:22 MTM=-681.00 Loss=0.11%
2026-08-06 11:27:23 INFO     strategy        PnL: 11:27:23 MTM=-598.00 Loss=0.09%
2026-08-06 11:27:24 INFO     strategy        PnL: 11:27:24 MTM=-587.00 Loss=0.09%
2026-08-06 11:27:25 INFO     strategy        PnL: 11:27:25 MTM=-523.00 Loss=0.08%
2026-08-06 11:27:26 INFO     strategy        PnL: 11:27:26 MTM=-597.00 Loss=0.09%
2026-08-06 11:27:27 INFO     strategy        PnL: 11:27:27 MTM=-616.00 Loss=0.10%
2026-08-06 11:27:28 INFO     strategy        PnL: 11:27:28 MTM=-577.00 Loss=0.09%
2026-08-06 11:27:29 INFO     strategy        PnL: 11:27:29 MTM=-563.00 Loss=0.09%
2026-08-06 11:27:30 INFO     strategy        PnL: 11:27:30 MTM=-604.00 Loss=0.09%
2026-08-06 11:27:31 INFO     strategy        PnL: 11:27:31 MTM=-581.00 Loss=0.09%
2026-08-06 11:27:32 INFO     strategy        PnL: 11:27:32 MTM=-579.00 Loss=0.09%
2026-08-06 11:27:33 INFO     strategy        PnL: 11:27:33 MTM=-597.00 Loss=0.09%
2026-08-06 11:27:34 INFO     strategy        PnL: 11:27:34 MTM=-549.00 Loss=0.08%
2026-08-06 11:27:35 INFO     strategy        PnL: 11:27:35 MTM=-651.00 Loss=0.10%
2026-08-06 11:27:36 INFO     strategy        PnL: 11:27:36 MTM=-649.00 Loss=0.10%
2026-08-06 11:27:37 INFO     strategy        PnL: 11:27:37 MTM=-637.00 Loss=0.10%
2026-08-06 11:27:38 INFO     strategy        PnL: 11:27:38 MTM=-605.00 Loss=0.09%
2026-08-06 11:27:39 INFO     strategy        PnL: 11:27:39 MTM=-633.00 Loss=0.10%
2026-08-06 11:27:40 INFO     strategy        PnL: 11:27:40 MTM=-600.00 Loss=0.09%
2026-08-06 11:27:41 INFO     strategy        PnL: 11:27:41 MTM=-606.00 Loss=0.09%
2026-08-06 11:27:42 INFO     strategy        PnL: 11:27:42 MTM=-571.00 Loss=0.09%
2026-08-06 11:27:43 INFO     strategy        PnL: 11:27:43 MTM=-627.00 Loss=0.10%
2026-08-06 11:27:44 INFO     strategy        PnL: 11:27:44 MTM=-705.00 Loss=0.11%
2026-08-06 11:27:45 INFO     strategy        PnL: 11:27:45 MTM=-671.00 Loss=0.10%
2026-08-06 11:27:46 INFO     strategy        PnL: 11:27:46 MTM=-553.00 Loss=0.09%
2026-08-06 11:27:48 INFO     strategy        PnL: 11:27:48 MTM=-595.00 Loss=0.09%
2026-08-06 11:27:49 INFO     strategy        PnL: 11:27:49 MTM=-661.00 Loss=0.10%
2026-08-06 11:27:50 INFO     strategy        PnL: 11:27:50 MTM=-635.00 Loss=0.10%
2026-08-06 11:27:51 INFO     strategy        PnL: 11:27:51 MTM=-651.00 Loss=0.10%
2026-08-06 11:27:52 INFO     strategy        PnL: 11:27:52 MTM=-693.00 Loss=0.11%
2026-08-06 11:27:53 INFO     strategy        PnL: 11:27:53 MTM=-621.00 Loss=0.10%
2026-08-06 11:27:54 INFO     strategy        PnL: 11:27:54 MTM=-660.00 Loss=0.10%
2026-08-06 11:27:55 INFO     strategy        PnL: 11:27:55 MTM=-652.00 Loss=0.10%
2026-08-06 11:27:56 INFO     strategy        PnL: 11:27:56 MTM=-603.00 Loss=0.09%
2026-08-06 11:27:57 INFO     strategy        PnL: 11:27:57 MTM=-636.00 Loss=0.10%
2026-08-06 11:27:58 INFO     strategy        PnL: 11:27:58 MTM=-652.00 Loss=0.10%
2026-08-06 11:27:59 INFO     strategy        PnL: 11:27:59 MTM=-619.00 Loss=0.10%
2026-08-06 11:28:00 INFO     strategy        PnL: 11:28:00 MTM=-641.00 Loss=0.10%
2026-08-06 11:28:01 INFO     strategy        PnL: 11:28:01 MTM=-660.00 Loss=0.10%
2026-08-06 11:28:02 INFO     strategy        PnL: 11:28:02 MTM=-678.00 Loss=0.10%
2026-08-06 11:28:03 INFO     strategy        PnL: 11:28:03 MTM=-642.00 Loss=0.10%
2026-08-06 11:28:04 INFO     strategy        PnL: 11:28:04 MTM=-680.00 Loss=0.10%
2026-08-06 11:28:05 INFO     strategy        PnL: 11:28:05 MTM=-664.00 Loss=0.10%
2026-08-06 11:28:06 INFO     strategy        PnL: 11:28:06 MTM=-620.00 Loss=0.10%
2026-08-06 11:28:07 INFO     strategy        PnL: 11:28:07 MTM=-599.00 Loss=0.09%
2026-08-06 11:28:08 INFO     strategy        PnL: 11:28:08 MTM=-624.00 Loss=0.10%
2026-08-06 11:28:09 INFO     strategy        PnL: 11:28:09 MTM=-652.00 Loss=0.10%
2026-08-06 11:28:10 INFO     strategy        PnL: 11:28:10 MTM=-613.00 Loss=0.09%
2026-08-06 11:28:11 INFO     strategy        PnL: 11:28:11 MTM=-670.00 Loss=0.10%
2026-08-06 11:28:12 INFO     strategy        PnL: 11:28:12 MTM=-725.00 Loss=0.11%
2026-08-06 11:28:13 INFO     strategy        PnL: 11:28:13 MTM=-837.00 Loss=0.13%
2026-08-06 11:28:14 INFO     strategy        PnL: 11:28:14 MTM=-744.00 Loss=0.11%
2026-08-06 11:28:15 INFO     strategy        PnL: 11:28:15 MTM=-736.00 Loss=0.11%
2026-08-06 11:28:16 INFO     strategy        PnL: 11:28:16 MTM=-725.00 Loss=0.11%
2026-08-06 11:28:17 INFO     strategy        PnL: 11:28:17 MTM=-693.00 Loss=0.11%
2026-08-06 11:28:18 INFO     strategy        PnL: 11:28:18 MTM=-770.00 Loss=0.12%
2026-08-06 11:28:19 INFO     strategy        PnL: 11:28:19 MTM=-704.00 Loss=0.11%
2026-08-06 11:28:20 INFO     strategy        PnL: 11:28:20 MTM=-724.00 Loss=0.11%
2026-08-06 11:28:21 INFO     strategy        PnL: 11:28:21 MTM=-736.00 Loss=0.11%
2026-08-06 11:28:22 INFO     strategy        PnL: 11:28:22 MTM=-762.00 Loss=0.12%
2026-08-06 11:28:23 INFO     strategy        PnL: 11:28:23 MTM=-769.00 Loss=0.12%
2026-08-06 11:28:24 INFO     strategy        PnL: 11:28:24 MTM=-846.00 Loss=0.13%
2026-08-06 11:28:25 INFO     strategy        PnL: 11:28:25 MTM=-835.00 Loss=0.13%
2026-08-06 11:28:26 INFO     strategy        PnL: 11:28:26 MTM=-748.00 Loss=0.12%
2026-08-06 11:28:27 INFO     strategy        PnL: 11:28:27 MTM=-761.00 Loss=0.12%
2026-08-06 11:28:28 INFO     strategy        PnL: 11:28:28 MTM=-762.00 Loss=0.12%
2026-08-06 11:28:29 INFO     strategy        PnL: 11:28:29 MTM=-894.00 Loss=0.14%
2026-08-06 11:28:30 INFO     strategy        PnL: 11:28:30 MTM=-875.00 Loss=0.13%
2026-08-06 11:28:31 INFO     strategy        PnL: 11:28:31 MTM=-833.00 Loss=0.13%
2026-08-06 11:28:32 INFO     strategy        PnL: 11:28:32 MTM=-874.00 Loss=0.13%
2026-08-06 11:28:33 INFO     strategy        PnL: 11:28:33 MTM=-870.00 Loss=0.13%
2026-08-06 11:28:34 INFO     strategy        PnL: 11:28:34 MTM=-869.00 Loss=0.13%
2026-08-06 11:28:35 INFO     strategy        PnL: 11:28:35 MTM=-859.00 Loss=0.13%
2026-08-06 11:28:36 INFO     strategy        PnL: 11:28:36 MTM=-835.00 Loss=0.13%
2026-08-06 11:28:37 INFO     strategy        PnL: 11:28:37 MTM=-769.00 Loss=0.12%
2026-08-06 11:28:38 INFO     strategy        PnL: 11:28:38 MTM=-807.00 Loss=0.12%
2026-08-06 11:28:39 INFO     strategy        PnL: 11:28:39 MTM=-757.00 Loss=0.12%
2026-08-06 11:28:40 INFO     strategy        PnL: 11:28:40 MTM=-743.00 Loss=0.11%
2026-08-06 11:28:41 INFO     strategy        PnL: 11:28:41 MTM=-815.00 Loss=0.13%
2026-08-06 11:28:42 INFO     strategy        PnL: 11:28:42 MTM=-806.00 Loss=0.12%
2026-08-06 11:28:43 INFO     strategy        PnL: 11:28:43 MTM=-797.00 Loss=0.12%
2026-08-06 11:28:44 INFO     strategy        PnL: 11:28:44 MTM=-842.00 Loss=0.13%
2026-08-06 11:28:45 INFO     strategy        PnL: 11:28:45 MTM=-859.00 Loss=0.13%
2026-08-06 11:28:46 INFO     strategy        PnL: 11:28:46 MTM=-784.00 Loss=0.12%
2026-08-06 11:28:47 INFO     strategy        PnL: 11:28:47 MTM=-755.00 Loss=0.12%
2026-08-06 11:28:48 INFO     strategy        PnL: 11:28:48 MTM=-811.00 Loss=0.13%
2026-08-06 11:28:49 INFO     strategy        PnL: 11:28:49 MTM=-795.00 Loss=0.12%
2026-08-06 11:28:50 INFO     strategy        PnL: 11:28:50 MTM=-781.00 Loss=0.12%
2026-08-06 11:28:51 INFO     strategy        PnL: 11:28:51 MTM=-806.00 Loss=0.12%
2026-08-06 11:28:52 INFO     strategy        PnL: 11:28:52 MTM=-831.00 Loss=0.13%
2026-08-06 11:28:53 INFO     strategy        PnL: 11:28:53 MTM=-828.00 Loss=0.13%
2026-08-06 11:28:54 INFO     strategy        PnL: 11:28:54 MTM=-798.00 Loss=0.12%
2026-08-06 11:28:55 INFO     strategy        PnL: 11:28:55 MTM=-797.00 Loss=0.12%
2026-08-06 11:28:56 INFO     strategy        PnL: 11:28:56 MTM=-779.00 Loss=0.12%
2026-08-06 11:28:57 INFO     strategy        PnL: 11:28:57 MTM=-746.00 Loss=0.12%
2026-08-06 11:28:58 INFO     strategy        PnL: 11:28:58 MTM=-732.00 Loss=0.11%
2026-08-06 11:28:59 INFO     strategy        PnL: 11:28:59 MTM=-677.00 Loss=0.10%
2026-08-06 11:29:00 INFO     strategy        PnL: 11:29:00 MTM=-705.00 Loss=0.11%
2026-08-06 11:29:01 INFO     strategy        PnL: 11:29:01 MTM=-769.00 Loss=0.12%
2026-08-06 11:29:02 INFO     strategy        PnL: 11:29:02 MTM=-744.00 Loss=0.11%
2026-08-06 11:29:03 INFO     strategy        PnL: 11:29:03 MTM=-701.00 Loss=0.11%
2026-08-06 11:29:04 INFO     strategy        PnL: 11:29:04 MTM=-699.00 Loss=0.11%
2026-08-06 11:29:05 INFO     strategy        PnL: 11:29:05 MTM=-729.00 Loss=0.11%
2026-08-06 11:29:06 INFO     strategy        PnL: 11:29:06 MTM=-780.00 Loss=0.12%
2026-08-06 11:29:07 INFO     strategy        PnL: 11:29:07 MTM=-754.00 Loss=0.12%
2026-08-06 11:29:08 INFO     strategy        PnL: 11:29:08 MTM=-791.00 Loss=0.12%
2026-08-06 11:29:09 INFO     strategy        PnL: 11:29:09 MTM=-741.00 Loss=0.11%
2026-08-06 11:29:10 INFO     strategy        PnL: 11:29:10 MTM=-782.00 Loss=0.12%
2026-08-06 11:29:11 INFO     strategy        PnL: 11:29:11 MTM=-800.00 Loss=0.12%
2026-08-06 11:29:12 INFO     strategy        PnL: 11:29:12 MTM=-799.00 Loss=0.12%
2026-08-06 11:29:13 INFO     strategy        PnL: 11:29:13 MTM=-782.00 Loss=0.12%
2026-08-06 11:29:14 INFO     strategy        PnL: 11:29:14 MTM=-825.00 Loss=0.13%
2026-08-06 11:29:15 INFO     strategy        PnL: 11:29:15 MTM=-797.00 Loss=0.12%
2026-08-06 11:29:17 INFO     strategy        PnL: 11:29:17 MTM=-789.00 Loss=0.12%
2026-08-06 11:29:18 INFO     strategy        PnL: 11:29:18 MTM=-772.00 Loss=0.12%
2026-08-06 11:29:19 INFO     strategy        PnL: 11:29:19 MTM=-712.00 Loss=0.11%
2026-08-06 11:29:20 INFO     strategy        PnL: 11:29:20 MTM=-753.00 Loss=0.12%
2026-08-06 11:29:21 INFO     strategy        PnL: 11:29:21 MTM=-765.00 Loss=0.12%
2026-08-06 11:29:22 INFO     strategy        PnL: 11:29:22 MTM=-777.00 Loss=0.12%
2026-08-06 11:29:23 INFO     strategy        PnL: 11:29:23 MTM=-697.00 Loss=0.11%
2026-08-06 11:29:24 INFO     strategy        PnL: 11:29:24 MTM=-753.00 Loss=0.12%
2026-08-06 11:29:25 INFO     strategy        PnL: 11:29:25 MTM=-736.00 Loss=0.11%
2026-08-06 11:29:26 INFO     strategy        PnL: 11:29:26 MTM=-718.00 Loss=0.11%
2026-08-06 11:29:27 INFO     strategy        PnL: 11:29:27 MTM=-730.00 Loss=0.11%
2026-08-06 11:29:28 INFO     strategy        PnL: 11:29:28 MTM=-736.00 Loss=0.11%
2026-08-06 11:29:29 INFO     strategy        PnL: 11:29:29 MTM=-740.00 Loss=0.11%
2026-08-06 11:29:30 INFO     strategy        PnL: 11:29:30 MTM=-744.00 Loss=0.11%
2026-08-06 11:29:31 INFO     strategy        PnL: 11:29:31 MTM=-777.00 Loss=0.12%
2026-08-06 11:29:32 INFO     strategy        PnL: 11:29:32 MTM=-786.00 Loss=0.12%
2026-08-06 11:29:33 INFO     strategy        PnL: 11:29:33 MTM=-796.00 Loss=0.12%
2026-08-06 11:29:34 INFO     strategy        PnL: 11:29:34 MTM=-803.00 Loss=0.12%
2026-08-06 11:29:35 INFO     strategy        PnL: 11:29:35 MTM=-781.00 Loss=0.12%
2026-08-06 11:29:36 INFO     strategy        PnL: 11:29:36 MTM=-776.00 Loss=0.12%
2026-08-06 11:29:37 INFO     strategy        PnL: 11:29:37 MTM=-812.00 Loss=0.13%
2026-08-06 11:29:38 INFO     strategy        PnL: 11:29:38 MTM=-746.00 Loss=0.12%
2026-08-06 11:29:39 INFO     strategy        PnL: 11:29:39 MTM=-736.00 Loss=0.11%
2026-08-06 11:29:40 INFO     strategy        PnL: 11:29:40 MTM=-735.00 Loss=0.11%
2026-08-06 11:29:41 INFO     strategy        PnL: 11:29:41 MTM=-778.00 Loss=0.12%
2026-08-06 11:29:42 INFO     strategy        PnL: 11:29:42 MTM=-775.00 Loss=0.12%
2026-08-06 11:29:43 INFO     strategy        PnL: 11:29:43 MTM=-773.00 Loss=0.12%
2026-08-06 11:29:44 INFO     strategy        PnL: 11:29:44 MTM=-795.00 Loss=0.12%
2026-08-06 11:29:45 INFO     strategy        PnL: 11:29:45 MTM=-878.00 Loss=0.14%
2026-08-06 11:29:46 INFO     strategy        PnL: 11:29:46 MTM=-902.00 Loss=0.14%
2026-08-06 11:29:47 INFO     strategy        PnL: 11:29:47 MTM=-878.00 Loss=0.14%
2026-08-06 11:29:48 INFO     strategy        PnL: 11:29:48 MTM=-831.00 Loss=0.13%
2026-08-06 11:29:49 INFO     strategy        PnL: 11:29:49 MTM=-846.00 Loss=0.13%
2026-08-06 11:29:50 INFO     strategy        PnL: 11:29:50 MTM=-819.00 Loss=0.13%
2026-08-06 11:29:51 INFO     strategy        PnL: 11:29:51 MTM=-846.00 Loss=0.13%
2026-08-06 11:29:52 INFO     strategy        PnL: 11:29:52 MTM=-826.00 Loss=0.13%
2026-08-06 11:29:53 INFO     strategy        PnL: 11:29:53 MTM=-881.00 Loss=0.14%
2026-08-06 11:29:54 INFO     strategy        PnL: 11:29:54 MTM=-840.00 Loss=0.13%
2026-08-06 11:29:55 INFO     strategy        PnL: 11:29:55 MTM=-787.00 Loss=0.12%
2026-08-06 11:29:56 INFO     strategy        PnL: 11:29:56 MTM=-838.00 Loss=0.13%
2026-08-06 11:29:57 INFO     strategy        PnL: 11:29:57 MTM=-783.00 Loss=0.12%
2026-08-06 11:29:58 INFO     strategy        PnL: 11:29:58 MTM=-797.00 Loss=0.12%
2026-08-06 11:29:59 INFO     strategy        PnL: 11:29:59 MTM=-812.00 Loss=0.13%
2026-08-06 11:30:00 INFO     strategy        PnL: 11:30:00 MTM=-784.00 Loss=0.12%
2026-08-06 11:30:01 INFO     strategy        PnL: 11:30:01 MTM=-838.00 Loss=0.13%
2026-08-06 11:30:02 INFO     strategy        PnL: 11:30:02 MTM=-852.00 Loss=0.13%
2026-08-06 11:30:03 INFO     strategy        PnL: 11:30:03 MTM=-766.00 Loss=0.12%
2026-08-06 11:30:04 INFO     strategy        PnL: 11:30:04 MTM=-832.00 Loss=0.13%
2026-08-06 11:30:05 INFO     strategy        PnL: 11:30:05 MTM=-795.00 Loss=0.12%
2026-08-06 11:30:06 INFO     strategy        PnL: 11:30:06 MTM=-811.00 Loss=0.13%
2026-08-06 11:30:07 INFO     strategy        PnL: 11:30:07 MTM=-849.00 Loss=0.13%
2026-08-06 11:30:08 INFO     strategy        PnL: 11:30:08 MTM=-814.00 Loss=0.13%
2026-08-06 11:30:09 INFO     strategy        PnL: 11:30:09 MTM=-826.00 Loss=0.13%
2026-08-06 11:30:10 INFO     strategy        PnL: 11:30:10 MTM=-777.00 Loss=0.12%
2026-08-06 11:30:11 INFO     strategy        PnL: 11:30:11 MTM=-798.00 Loss=0.12%
2026-08-06 11:30:12 INFO     strategy        PnL: 11:30:12 MTM=-778.00 Loss=0.12%
2026-08-06 11:30:13 INFO     strategy        PnL: 11:30:13 MTM=-776.00 Loss=0.12%
2026-08-06 11:30:14 INFO     strategy        PnL: 11:30:14 MTM=-774.00 Loss=0.12%
2026-08-06 11:30:15 INFO     strategy        PnL: 11:30:15 MTM=-785.00 Loss=0.12%
2026-08-06 11:30:16 INFO     strategy        PnL: 11:30:16 MTM=-788.00 Loss=0.12%
2026-08-06 11:30:17 INFO     strategy        PnL: 11:30:17 MTM=-855.00 Loss=0.13%
2026-08-06 11:30:18 INFO     strategy        PnL: 11:30:18 MTM=-825.00 Loss=0.13%
2026-08-06 11:30:19 INFO     strategy        PnL: 11:30:19 MTM=-860.00 Loss=0.13%
2026-08-06 11:30:20 INFO     strategy        PnL: 11:30:20 MTM=-881.00 Loss=0.14%
2026-08-06 11:30:21 INFO     strategy        PnL: 11:30:21 MTM=-817.00 Loss=0.13%
2026-08-06 11:30:22 INFO     strategy        PnL: 11:30:22 MTM=-868.00 Loss=0.13%
2026-08-06 11:30:23 INFO     strategy        PnL: 11:30:23 MTM=-902.00 Loss=0.14%
2026-08-06 11:30:24 INFO     strategy        PnL: 11:30:24 MTM=-866.00 Loss=0.13%
2026-08-06 11:30:25 INFO     strategy        PnL: 11:30:25 MTM=-831.00 Loss=0.13%
2026-08-06 11:30:26 INFO     strategy        PnL: 11:30:26 MTM=-855.00 Loss=0.13%
2026-08-06 11:30:27 INFO     strategy        PnL: 11:30:27 MTM=-831.00 Loss=0.13%
2026-08-06 11:30:28 INFO     strategy        PnL: 11:30:28 MTM=-850.00 Loss=0.13%
2026-08-06 11:30:29 INFO     strategy        PnL: 11:30:29 MTM=-851.00 Loss=0.13%
2026-08-06 11:30:30 INFO     strategy        PnL: 11:30:30 MTM=-936.00 Loss=0.14%
2026-08-06 11:30:31 INFO     strategy        PnL: 11:30:31 MTM=-902.00 Loss=0.14%
2026-08-06 11:30:32 INFO     strategy        PnL: 11:30:32 MTM=-908.00 Loss=0.14%
2026-08-06 11:30:33 INFO     strategy        PnL: 11:30:33 MTM=-902.00 Loss=0.14%
2026-08-06 11:30:34 INFO     strategy        PnL: 11:30:34 MTM=-834.00 Loss=0.13%
2026-08-06 11:30:35 INFO     strategy        PnL: 11:30:35 MTM=-942.00 Loss=0.15%
2026-08-06 11:30:36 INFO     strategy        PnL: 11:30:36 MTM=-961.00 Loss=0.15%
2026-08-06 11:30:37 INFO     strategy        PnL: 11:30:37 MTM=-932.00 Loss=0.14%
2026-08-06 11:30:38 INFO     strategy        PnL: 11:30:38 MTM=-886.00 Loss=0.14%
2026-08-06 11:30:39 INFO     strategy        PnL: 11:30:39 MTM=-956.00 Loss=0.15%
2026-08-06 11:30:40 INFO     strategy        PnL: 11:30:40 MTM=-974.00 Loss=0.15%
2026-08-06 11:30:41 INFO     strategy        PnL: 11:30:41 MTM=-958.00 Loss=0.15%
2026-08-06 11:30:42 INFO     strategy        PnL: 11:30:42 MTM=-1008.00 Loss=0.16%
2026-08-06 11:30:43 INFO     strategy        PnL: 11:30:43 MTM=-927.00 Loss=0.14%
2026-08-06 11:30:44 INFO     strategy        PnL: 11:30:44 MTM=-980.00 Loss=0.15%
2026-08-06 11:30:45 INFO     strategy        PnL: 11:30:45 MTM=-924.00 Loss=0.14%
2026-08-06 11:30:46 INFO     strategy        PnL: 11:30:46 MTM=-874.00 Loss=0.13%
2026-08-06 11:30:47 INFO     strategy        PnL: 11:30:47 MTM=-911.00 Loss=0.14%
2026-08-06 11:30:48 INFO     strategy        PnL: 11:30:48 MTM=-957.00 Loss=0.15%
2026-08-06 11:30:49 INFO     strategy        PnL: 11:30:49 MTM=-977.00 Loss=0.15%
2026-08-06 11:30:50 INFO     strategy        PnL: 11:30:50 MTM=-982.00 Loss=0.15%
2026-08-06 11:30:51 INFO     strategy        PnL: 11:30:51 MTM=-978.00 Loss=0.15%
2026-08-06 11:30:53 INFO     strategy        PnL: 11:30:53 MTM=-965.00 Loss=0.15%
2026-08-06 11:30:54 INFO     strategy        PnL: 11:30:54 MTM=-956.00 Loss=0.15%
2026-08-06 11:30:55 INFO     strategy        PnL: 11:30:55 MTM=-1001.00 Loss=0.15%
2026-08-06 11:30:56 INFO     strategy        PnL: 11:30:56 MTM=-1031.00 Loss=0.16%
2026-08-06 11:30:57 INFO     strategy        PnL: 11:30:57 MTM=-993.00 Loss=0.15%
2026-08-06 11:30:58 INFO     strategy        PnL: 11:30:58 MTM=-1019.00 Loss=0.16%
2026-08-06 11:30:59 INFO     strategy        PnL: 11:30:59 MTM=-1065.00 Loss=0.16%
2026-08-06 11:31:00 INFO     strategy        PnL: 11:31:00 MTM=-1034.00 Loss=0.16%
2026-08-06 11:31:01 INFO     strategy        PnL: 11:31:01 MTM=-1005.00 Loss=0.16%
2026-08-06 11:31:02 INFO     strategy        PnL: 11:31:02 MTM=-996.00 Loss=0.15%
2026-08-06 11:31:03 INFO     strategy        PnL: 11:31:03 MTM=-971.00 Loss=0.15%
2026-08-06 11:31:04 INFO     strategy        PnL: 11:31:04 MTM=-930.00 Loss=0.14%
2026-08-06 11:31:05 INFO     strategy        PnL: 11:31:05 MTM=-927.00 Loss=0.14%
2026-08-06 11:31:06 INFO     strategy        PnL: 11:31:06 MTM=-924.00 Loss=0.14%
2026-08-06 11:31:07 INFO     strategy        PnL: 11:31:07 MTM=-894.00 Loss=0.14%
2026-08-06 11:31:08 INFO     strategy        PnL: 11:31:08 MTM=-869.00 Loss=0.13%
2026-08-06 11:31:09 INFO     strategy        PnL: 11:31:09 MTM=-819.00 Loss=0.13%
2026-08-06 11:31:10 INFO     strategy        PnL: 11:31:10 MTM=-776.00 Loss=0.12%
2026-08-06 11:31:11 INFO     strategy        PnL: 11:31:11 MTM=-740.00 Loss=0.11%
2026-08-06 11:31:12 INFO     strategy        PnL: 11:31:12 MTM=-738.00 Loss=0.11%
2026-08-06 11:31:13 INFO     strategy        PnL: 11:31:13 MTM=-681.00 Loss=0.11%
2026-08-06 11:31:14 INFO     strategy        PnL: 11:31:14 MTM=-742.00 Loss=0.11%
2026-08-06 11:31:15 INFO     strategy        PnL: 11:31:15 MTM=-742.00 Loss=0.11%
2026-08-06 11:31:16 INFO     strategy        PnL: 11:31:16 MTM=-730.00 Loss=0.11%
2026-08-06 11:31:17 INFO     strategy        PnL: 11:31:17 MTM=-737.00 Loss=0.11%
2026-08-06 11:31:18 INFO     strategy        PnL: 11:31:18 MTM=-701.00 Loss=0.11%
2026-08-06 11:31:19 INFO     strategy        PnL: 11:31:19 MTM=-678.00 Loss=0.10%
2026-08-06 11:31:20 INFO     strategy        PnL: 11:31:20 MTM=-638.00 Loss=0.10%
2026-08-06 11:31:21 INFO     strategy        PnL: 11:31:21 MTM=-612.00 Loss=0.09%
2026-08-06 11:31:22 INFO     strategy        PnL: 11:31:22 MTM=-672.00 Loss=0.10%
2026-08-06 11:31:23 INFO     strategy        PnL: 11:31:23 MTM=-585.00 Loss=0.09%
2026-08-06 11:31:24 INFO     strategy        PnL: 11:31:24 MTM=-595.00 Loss=0.09%
2026-08-06 11:31:25 INFO     strategy        PnL: 11:31:25 MTM=-623.00 Loss=0.10%
2026-08-06 11:31:26 INFO     strategy        PnL: 11:31:26 MTM=-599.00 Loss=0.09%
2026-08-06 11:31:27 INFO     strategy        PnL: 11:31:27 MTM=-549.00 Loss=0.08%
2026-08-06 11:31:28 INFO     strategy        PnL: 11:31:28 MTM=-526.00 Loss=0.08%
2026-08-06 11:31:29 INFO     strategy        PnL: 11:31:29 MTM=-560.00 Loss=0.09%
2026-08-06 11:31:30 INFO     strategy        PnL: 11:31:30 MTM=-550.00 Loss=0.08%
2026-08-06 11:31:31 INFO     strategy        PnL: 11:31:31 MTM=-581.00 Loss=0.09%
2026-08-06 11:31:32 INFO     strategy        PnL: 11:31:32 MTM=-546.00 Loss=0.08%
2026-08-06 11:31:33 INFO     strategy        PnL: 11:31:33 MTM=-552.00 Loss=0.09%
2026-08-06 11:31:34 INFO     strategy        PnL: 11:31:34 MTM=-480.00 Loss=0.07%
2026-08-06 11:31:35 INFO     strategy        PnL: 11:31:35 MTM=-476.00 Loss=0.07%
2026-08-06 11:31:36 INFO     strategy        PnL: 11:31:36 MTM=-471.00 Loss=0.07%
2026-08-06 11:31:37 INFO     strategy        PnL: 11:31:37 MTM=-516.00 Loss=0.08%
2026-08-06 11:31:38 INFO     strategy        PnL: 11:31:38 MTM=-513.00 Loss=0.08%
2026-08-06 11:31:39 INFO     strategy        PnL: 11:31:39 MTM=-544.00 Loss=0.08%
2026-08-06 11:31:40 INFO     strategy        PnL: 11:31:40 MTM=-566.00 Loss=0.09%
2026-08-06 11:31:41 INFO     strategy        PnL: 11:31:41 MTM=-508.00 Loss=0.08%
2026-08-06 11:31:42 INFO     strategy        PnL: 11:31:42 MTM=-479.00 Loss=0.07%
2026-08-06 11:31:43 INFO     strategy        PnL: 11:31:43 MTM=-473.00 Loss=0.07%
2026-08-06 11:31:44 INFO     strategy        PnL: 11:31:44 MTM=-488.00 Loss=0.08%
2026-08-06 11:31:45 INFO     strategy        PnL: 11:31:45 MTM=-480.00 Loss=0.07%
2026-08-06 11:31:46 INFO     strategy        PnL: 11:31:46 MTM=-447.00 Loss=0.07%
2026-08-06 11:31:47 INFO     strategy        PnL: 11:31:47 MTM=-448.00 Loss=0.07%
2026-08-06 11:31:48 INFO     strategy        PnL: 11:31:48 MTM=-452.00 Loss=0.07%
2026-08-06 11:31:49 INFO     strategy        PnL: 11:31:49 MTM=-441.00 Loss=0.07%
2026-08-06 11:31:50 INFO     strategy        PnL: 11:31:50 MTM=-430.00 Loss=0.07%
2026-08-06 11:31:51 INFO     strategy        PnL: 11:31:51 MTM=-375.00 Loss=0.06%
2026-08-06 11:31:52 INFO     strategy        PnL: 11:31:52 MTM=-389.00 Loss=0.06%
2026-08-06 11:31:53 INFO     strategy        PnL: 11:31:53 MTM=-404.00 Loss=0.06%
2026-08-06 11:31:54 INFO     strategy        PnL: 11:31:54 MTM=-414.00 Loss=0.06%
2026-08-06 11:31:55 INFO     strategy        PnL: 11:31:55 MTM=-466.00 Loss=0.07%
2026-08-06 11:31:56 INFO     strategy        PnL: 11:31:56 MTM=-399.00 Loss=0.06%
2026-08-06 11:31:57 INFO     strategy        PnL: 11:31:57 MTM=-382.00 Loss=0.06%
2026-08-06 11:31:58 INFO     strategy        PnL: 11:31:58 MTM=-407.00 Loss=0.06%
2026-08-06 11:31:59 INFO     strategy        PnL: 11:31:59 MTM=-384.00 Loss=0.06%
2026-08-06 11:32:00 INFO     strategy        PnL: 11:32:00 MTM=-433.00 Loss=0.07%
2026-08-06 11:32:01 INFO     strategy        PnL: 11:32:01 MTM=-434.00 Loss=0.07%
2026-08-06 11:32:02 INFO     strategy        PnL: 11:32:02 MTM=-446.00 Loss=0.07%
2026-08-06 11:32:03 INFO     strategy        PnL: 11:32:03 MTM=-440.00 Loss=0.07%
2026-08-06 11:32:04 INFO     strategy        PnL: 11:32:04 MTM=-429.00 Loss=0.07%
2026-08-06 11:32:05 INFO     strategy        PnL: 11:32:05 MTM=-447.00 Loss=0.07%
2026-08-06 11:32:06 INFO     strategy        PnL: 11:32:06 MTM=-463.00 Loss=0.07%
2026-08-06 11:32:07 INFO     strategy        PnL: 11:32:07 MTM=-416.00 Loss=0.06%
2026-08-06 11:32:08 INFO     strategy        PnL: 11:32:08 MTM=-407.00 Loss=0.06%
2026-08-06 11:32:09 INFO     strategy        PnL: 11:32:09 MTM=-353.00 Loss=0.05%
2026-08-06 11:32:10 INFO     strategy        PnL: 11:32:10 MTM=-367.00 Loss=0.06%
2026-08-06 11:32:11 INFO     strategy        PnL: 11:32:11 MTM=-300.00 Loss=0.05%
2026-08-06 11:32:12 INFO     strategy        PnL: 11:32:12 MTM=-408.00 Loss=0.06%
2026-08-06 11:32:13 INFO     strategy        PnL: 11:32:13 MTM=-410.00 Loss=0.06%
2026-08-06 11:32:14 INFO     strategy        PnL: 11:32:14 MTM=-353.00 Loss=0.05%
2026-08-06 11:32:15 INFO     strategy        PnL: 11:32:15 MTM=-356.00 Loss=0.05%
2026-08-06 11:32:16 INFO     strategy        PnL: 11:32:16 MTM=-358.00 Loss=0.06%
2026-08-06 11:32:17 INFO     strategy        PnL: 11:32:17 MTM=-431.00 Loss=0.07%
2026-08-06 11:32:18 INFO     strategy        PnL: 11:32:18 MTM=-478.00 Loss=0.07%
2026-08-06 11:32:19 INFO     strategy        PnL: 11:32:19 MTM=-504.00 Loss=0.08%
2026-08-06 11:32:20 INFO     strategy        PnL: 11:32:20 MTM=-437.00 Loss=0.07%
2026-08-06 11:32:21 INFO     strategy        PnL: 11:32:21 MTM=-455.00 Loss=0.07%
2026-08-06 11:32:22 INFO     strategy        PnL: 11:32:22 MTM=-396.00 Loss=0.06%
2026-08-06 11:32:23 INFO     strategy        PnL: 11:32:23 MTM=-404.00 Loss=0.06%
2026-08-06 11:32:24 INFO     strategy        PnL: 11:32:24 MTM=-416.00 Loss=0.06%
2026-08-06 11:32:25 INFO     strategy        PnL: 11:32:25 MTM=-412.00 Loss=0.06%
2026-08-06 11:32:26 INFO     strategy        PnL: 11:32:26 MTM=-402.00 Loss=0.06%
2026-08-06 11:32:27 INFO     strategy        PnL: 11:32:27 MTM=-405.00 Loss=0.06%
2026-08-06 11:32:28 INFO     strategy        PnL: 11:32:28 MTM=-410.00 Loss=0.06%
2026-08-06 11:32:29 INFO     strategy        PnL: 11:32:29 MTM=-426.00 Loss=0.07%
2026-08-06 11:32:30 INFO     strategy        PnL: 11:32:30 MTM=-413.00 Loss=0.06%
2026-08-06 11:32:31 INFO     strategy        PnL: 11:32:31 MTM=-481.00 Loss=0.07%
2026-08-06 11:32:32 INFO     strategy        PnL: 11:32:32 MTM=-504.00 Loss=0.08%
2026-08-06 11:32:33 INFO     strategy        PnL: 11:32:33 MTM=-476.00 Loss=0.07%
2026-08-06 11:32:34 INFO     strategy        PnL: 11:32:34 MTM=-489.00 Loss=0.08%
2026-08-06 11:32:36 INFO     strategy        PnL: 11:32:36 MTM=-454.00 Loss=0.07%
2026-08-06 11:32:37 INFO     strategy        PnL: 11:32:37 MTM=-463.00 Loss=0.07%
2026-08-06 11:32:38 INFO     strategy        PnL: 11:32:38 MTM=-465.00 Loss=0.07%
2026-08-06 11:32:39 INFO     strategy        PnL: 11:32:39 MTM=-451.00 Loss=0.07%
2026-08-06 11:32:40 INFO     strategy        PnL: 11:32:40 MTM=-476.00 Loss=0.07%
2026-08-06 11:32:41 INFO     strategy        PnL: 11:32:41 MTM=-493.00 Loss=0.08%
2026-08-06 11:32:42 INFO     strategy        PnL: 11:32:42 MTM=-477.00 Loss=0.07%
2026-08-06 11:32:43 INFO     strategy        PnL: 11:32:43 MTM=-463.00 Loss=0.07%
2026-08-06 11:32:44 INFO     strategy        PnL: 11:32:44 MTM=-504.00 Loss=0.08%
2026-08-06 11:32:45 INFO     strategy        PnL: 11:32:45 MTM=-473.00 Loss=0.07%
2026-08-06 11:32:46 INFO     strategy        PnL: 11:32:46 MTM=-473.00 Loss=0.07%
2026-08-06 11:32:47 INFO     strategy        PnL: 11:32:47 MTM=-488.00 Loss=0.08%
2026-08-06 11:32:48 INFO     strategy        PnL: 11:32:48 MTM=-501.00 Loss=0.08%
2026-08-06 11:32:49 INFO     strategy        PnL: 11:32:49 MTM=-504.00 Loss=0.08%
2026-08-06 11:32:50 INFO     strategy        PnL: 11:32:50 MTM=-495.00 Loss=0.08%
2026-08-06 11:32:51 INFO     strategy        PnL: 11:32:51 MTM=-531.00 Loss=0.08%
2026-08-06 11:32:52 INFO     strategy        PnL: 11:32:52 MTM=-556.00 Loss=0.09%
2026-08-06 11:32:53 INFO     strategy        PnL: 11:32:53 MTM=-475.00 Loss=0.07%
2026-08-06 11:32:54 INFO     strategy        PnL: 11:32:54 MTM=-481.00 Loss=0.07%
2026-08-06 11:32:55 INFO     strategy        PnL: 11:32:55 MTM=-459.00 Loss=0.07%
2026-08-06 11:32:56 INFO     strategy        PnL: 11:32:56 MTM=-463.00 Loss=0.07%
2026-08-06 11:32:57 INFO     strategy        PnL: 11:32:57 MTM=-427.00 Loss=0.07%
2026-08-06 11:32:58 INFO     strategy        PnL: 11:32:58 MTM=-421.00 Loss=0.06%
2026-08-06 11:32:59 INFO     strategy        PnL: 11:32:59 MTM=-419.00 Loss=0.06%
2026-08-06 11:33:00 INFO     strategy        PnL: 11:33:00 MTM=-400.00 Loss=0.06%
2026-08-06 11:33:01 INFO     strategy        PnL: 11:33:01 MTM=-428.00 Loss=0.07%
2026-08-06 11:33:02 INFO     strategy        PnL: 11:33:02 MTM=-411.00 Loss=0.06%
2026-08-06 11:33:03 INFO     strategy        PnL: 11:33:03 MTM=-500.00 Loss=0.08%
2026-08-06 11:33:04 INFO     strategy        PnL: 11:33:04 MTM=-424.00 Loss=0.07%
2026-08-06 11:33:05 INFO     strategy        PnL: 11:33:05 MTM=-392.00 Loss=0.06%
2026-08-06 11:33:06 INFO     strategy        PnL: 11:33:06 MTM=-381.00 Loss=0.06%
2026-08-06 11:33:07 INFO     strategy        PnL: 11:33:07 MTM=-421.00 Loss=0.06%
2026-08-06 11:33:08 INFO     strategy        PnL: 11:33:08 MTM=-452.00 Loss=0.07%
2026-08-06 11:33:09 INFO     strategy        PnL: 11:33:09 MTM=-407.00 Loss=0.06%
2026-08-06 11:33:10 INFO     strategy        PnL: 11:33:10 MTM=-411.00 Loss=0.06%
2026-08-06 11:33:11 INFO     strategy        PnL: 11:33:11 MTM=-430.00 Loss=0.07%
2026-08-06 11:33:12 INFO     strategy        PnL: 11:33:12 MTM=-432.00 Loss=0.07%
2026-08-06 11:33:13 INFO     strategy        PnL: 11:33:13 MTM=-451.00 Loss=0.07%
2026-08-06 11:33:14 INFO     strategy        PnL: 11:33:14 MTM=-397.00 Loss=0.06%
2026-08-06 11:33:15 INFO     strategy        PnL: 11:33:15 MTM=-426.00 Loss=0.07%
2026-08-06 11:33:16 INFO     strategy        PnL: 11:33:16 MTM=-395.00 Loss=0.06%
2026-08-06 11:33:17 INFO     strategy        PnL: 11:33:17 MTM=-326.00 Loss=0.05%
2026-08-06 11:33:18 INFO     strategy        PnL: 11:33:18 MTM=-373.00 Loss=0.06%
2026-08-06 11:33:19 INFO     strategy        PnL: 11:33:19 MTM=-335.00 Loss=0.05%
2026-08-06 11:33:20 INFO     strategy        PnL: 11:33:20 MTM=-444.00 Loss=0.07%
2026-08-06 11:33:21 INFO     strategy        PnL: 11:33:21 MTM=-417.00 Loss=0.06%
2026-08-06 11:33:22 INFO     strategy        PnL: 11:33:22 MTM=-404.00 Loss=0.06%
2026-08-06 11:33:23 INFO     strategy        PnL: 11:33:23 MTM=-407.00 Loss=0.06%
2026-08-06 11:33:24 INFO     strategy        PnL: 11:33:24 MTM=-332.00 Loss=0.05%
2026-08-06 11:33:25 INFO     strategy        PnL: 11:33:25 MTM=-253.00 Loss=0.04%
2026-08-06 11:33:26 INFO     strategy        PnL: 11:33:26 MTM=-342.00 Loss=0.05%
2026-08-06 11:33:27 INFO     strategy        PnL: 11:33:27 MTM=-392.00 Loss=0.06%
2026-08-06 11:33:28 INFO     strategy        PnL: 11:33:28 MTM=-363.00 Loss=0.06%
2026-08-06 11:33:29 INFO     strategy        PnL: 11:33:29 MTM=-343.00 Loss=0.05%
2026-08-06 11:33:30 INFO     strategy        PnL: 11:33:30 MTM=-428.00 Loss=0.07%
2026-08-06 11:33:31 INFO     strategy        PnL: 11:33:31 MTM=-369.00 Loss=0.06%
2026-08-06 11:33:32 INFO     strategy        PnL: 11:33:32 MTM=-406.00 Loss=0.06%
2026-08-06 11:33:33 INFO     strategy        PnL: 11:33:33 MTM=-454.00 Loss=0.07%
2026-08-06 11:33:34 INFO     strategy        PnL: 11:33:34 MTM=-399.00 Loss=0.06%
2026-08-06 11:33:35 INFO     strategy        PnL: 11:33:35 MTM=-398.00 Loss=0.06%
2026-08-06 11:33:36 INFO     strategy        PnL: 11:33:36 MTM=-410.00 Loss=0.06%
2026-08-06 11:33:37 INFO     strategy        PnL: 11:33:37 MTM=-477.00 Loss=0.07%
2026-08-06 11:33:38 INFO     strategy        PnL: 11:33:38 MTM=-426.00 Loss=0.07%
2026-08-06 11:33:39 INFO     strategy        PnL: 11:33:39 MTM=-455.00 Loss=0.07%
2026-08-06 11:33:40 INFO     strategy        PnL: 11:33:40 MTM=-461.00 Loss=0.07%
2026-08-06 11:33:41 INFO     strategy        PnL: 11:33:41 MTM=-518.00 Loss=0.08%
2026-08-06 11:33:42 INFO     strategy        PnL: 11:33:42 MTM=-506.00 Loss=0.08%
2026-08-06 11:33:43 INFO     strategy        PnL: 11:33:43 MTM=-497.00 Loss=0.08%
2026-08-06 11:33:44 INFO     strategy        PnL: 11:33:44 MTM=-465.00 Loss=0.07%
2026-08-06 11:33:45 INFO     strategy        PnL: 11:33:45 MTM=-471.00 Loss=0.07%
2026-08-06 11:33:46 INFO     strategy        PnL: 11:33:46 MTM=-457.00 Loss=0.07%
2026-08-06 11:33:47 INFO     strategy        PnL: 11:33:47 MTM=-452.00 Loss=0.07%
2026-08-06 11:33:48 INFO     strategy        PnL: 11:33:48 MTM=-424.00 Loss=0.07%
2026-08-06 11:33:49 INFO     strategy        PnL: 11:33:49 MTM=-417.00 Loss=0.06%
2026-08-06 11:33:50 INFO     strategy        PnL: 11:33:50 MTM=-366.00 Loss=0.06%
2026-08-06 11:33:51 INFO     strategy        PnL: 11:33:51 MTM=-332.00 Loss=0.05%
2026-08-06 11:33:52 INFO     strategy        PnL: 11:33:52 MTM=-369.00 Loss=0.06%
2026-08-06 11:33:53 INFO     strategy        PnL: 11:33:53 MTM=-372.00 Loss=0.06%
2026-08-06 11:33:54 INFO     strategy        PnL: 11:33:54 MTM=-430.00 Loss=0.07%
2026-08-06 11:33:55 INFO     strategy        PnL: 11:33:55 MTM=-364.00 Loss=0.06%
2026-08-06 11:33:56 INFO     strategy        PnL: 11:33:56 MTM=-367.00 Loss=0.06%
2026-08-06 11:33:57 INFO     strategy        PnL: 11:33:57 MTM=-345.00 Loss=0.05%
2026-08-06 11:33:58 INFO     strategy        PnL: 11:33:58 MTM=-347.00 Loss=0.05%
2026-08-06 11:33:59 INFO     strategy        PnL: 11:33:59 MTM=-309.00 Loss=0.05%
2026-08-06 11:34:00 INFO     strategy        PnL: 11:34:00 MTM=-359.00 Loss=0.06%
2026-08-06 11:34:01 INFO     strategy        PnL: 11:34:01 MTM=-413.00 Loss=0.06%
2026-08-06 11:34:02 INFO     strategy        PnL: 11:34:02 MTM=-390.00 Loss=0.06%
2026-08-06 11:34:03 INFO     strategy        PnL: 11:34:03 MTM=-382.00 Loss=0.06%
2026-08-06 11:34:04 INFO     strategy        PnL: 11:34:04 MTM=-349.00 Loss=0.05%
2026-08-06 11:34:05 INFO     strategy        PnL: 11:34:05 MTM=-327.00 Loss=0.05%
2026-08-06 11:34:06 INFO     strategy        PnL: 11:34:06 MTM=-380.00 Loss=0.06%
2026-08-06 11:34:07 INFO     strategy        PnL: 11:34:07 MTM=-332.00 Loss=0.05%
2026-08-06 11:34:08 INFO     strategy        PnL: 11:34:08 MTM=-322.00 Loss=0.05%
2026-08-06 11:34:09 INFO     strategy        PnL: 11:34:09 MTM=-318.00 Loss=0.05%
2026-08-06 11:34:10 INFO     strategy        PnL: 11:34:10 MTM=-328.00 Loss=0.05%
2026-08-06 11:34:11 INFO     strategy        PnL: 11:34:11 MTM=-409.00 Loss=0.06%
2026-08-06 11:34:12 INFO     strategy        PnL: 11:34:12 MTM=-375.00 Loss=0.06%
2026-08-06 11:34:13 INFO     strategy        PnL: 11:34:13 MTM=-385.00 Loss=0.06%
2026-08-06 11:34:14 INFO     strategy        PnL: 11:34:14 MTM=-395.00 Loss=0.06%
2026-08-06 11:34:15 INFO     strategy        PnL: 11:34:15 MTM=-364.00 Loss=0.06%
2026-08-06 11:34:16 INFO     strategy        PnL: 11:34:16 MTM=-383.00 Loss=0.06%
2026-08-06 11:34:18 INFO     strategy        PnL: 11:34:18 MTM=-387.00 Loss=0.06%
2026-08-06 11:34:19 INFO     strategy        PnL: 11:34:19 MTM=-374.00 Loss=0.06%
2026-08-06 11:34:20 INFO     strategy        PnL: 11:34:20 MTM=-402.00 Loss=0.06%
2026-08-06 11:34:21 INFO     strategy        PnL: 11:34:21 MTM=-363.00 Loss=0.06%
2026-08-06 11:34:22 INFO     strategy        PnL: 11:34:22 MTM=-375.00 Loss=0.06%
2026-08-06 11:34:23 INFO     strategy        PnL: 11:34:23 MTM=-335.00 Loss=0.05%
2026-08-06 11:34:24 INFO     strategy        PnL: 11:34:24 MTM=-327.00 Loss=0.05%
2026-08-06 11:34:25 INFO     strategy        PnL: 11:34:25 MTM=-409.00 Loss=0.06%
2026-08-06 11:34:26 INFO     strategy        PnL: 11:34:26 MTM=-372.00 Loss=0.06%
2026-08-06 11:34:27 INFO     strategy        PnL: 11:34:27 MTM=-409.00 Loss=0.06%
2026-08-06 11:34:28 INFO     strategy        PnL: 11:34:28 MTM=-354.00 Loss=0.05%
2026-08-06 11:34:29 INFO     strategy        PnL: 11:34:29 MTM=-318.00 Loss=0.05%
2026-08-06 11:34:30 INFO     strategy        PnL: 11:34:30 MTM=-314.00 Loss=0.05%
2026-08-06 11:34:31 INFO     strategy        PnL: 11:34:31 MTM=-364.00 Loss=0.06%
2026-08-06 11:34:32 INFO     strategy        PnL: 11:34:32 MTM=-394.00 Loss=0.06%
2026-08-06 11:34:33 INFO     strategy        PnL: 11:34:33 MTM=-378.00 Loss=0.06%
2026-08-06 11:34:34 INFO     strategy        PnL: 11:34:34 MTM=-339.00 Loss=0.05%
2026-08-06 11:34:35 INFO     strategy        PnL: 11:34:35 MTM=-342.00 Loss=0.05%
2026-08-06 11:34:36 INFO     strategy        PnL: 11:34:36 MTM=-351.00 Loss=0.05%
2026-08-06 11:34:37 INFO     strategy        PnL: 11:34:37 MTM=-319.00 Loss=0.05%
2026-08-06 11:34:38 INFO     strategy        PnL: 11:34:38 MTM=-379.00 Loss=0.06%
2026-08-06 11:34:39 INFO     strategy        PnL: 11:34:39 MTM=-436.00 Loss=0.07%
2026-08-06 11:34:40 INFO     strategy        PnL: 11:34:40 MTM=-393.00 Loss=0.06%
2026-08-06 11:34:41 INFO     strategy        PnL: 11:34:41 MTM=-406.00 Loss=0.06%
2026-08-06 11:34:42 INFO     strategy        PnL: 11:34:42 MTM=-425.00 Loss=0.07%
2026-08-06 11:34:43 INFO     strategy        PnL: 11:34:43 MTM=-402.00 Loss=0.06%
2026-08-06 11:34:44 INFO     strategy        PnL: 11:34:44 MTM=-396.00 Loss=0.06%
2026-08-06 11:34:45 INFO     strategy        PnL: 11:34:45 MTM=-425.00 Loss=0.07%
2026-08-06 11:34:46 INFO     strategy        PnL: 11:34:46 MTM=-405.00 Loss=0.06%
2026-08-06 11:34:47 INFO     strategy        PnL: 11:34:47 MTM=-396.00 Loss=0.06%
2026-08-06 11:34:48 INFO     strategy        PnL: 11:34:48 MTM=-390.00 Loss=0.06%
2026-08-06 11:34:49 INFO     strategy        PnL: 11:34:49 MTM=-376.00 Loss=0.06%
2026-08-06 11:34:50 INFO     strategy        PnL: 11:34:50 MTM=-389.00 Loss=0.06%
2026-08-06 11:34:51 INFO     strategy        PnL: 11:34:51 MTM=-449.00 Loss=0.07%
2026-08-06 11:34:52 INFO     strategy        PnL: 11:34:52 MTM=-454.00 Loss=0.07%
2026-08-06 11:34:53 INFO     strategy        PnL: 11:34:53 MTM=-436.00 Loss=0.07%
2026-08-06 11:34:54 INFO     strategy        PnL: 11:34:54 MTM=-427.00 Loss=0.07%
2026-08-06 11:34:55 INFO     strategy        PnL: 11:34:55 MTM=-471.00 Loss=0.07%
2026-08-06 11:34:56 INFO     strategy        PnL: 11:34:56 MTM=-489.00 Loss=0.08%
2026-08-06 11:34:57 INFO     strategy        PnL: 11:34:57 MTM=-474.00 Loss=0.07%
2026-08-06 11:34:58 INFO     strategy        PnL: 11:34:58 MTM=-411.00 Loss=0.06%
2026-08-06 11:34:59 INFO     strategy        PnL: 11:34:59 MTM=-433.00 Loss=0.07%
2026-08-06 11:35:00 INFO     strategy        PnL: 11:35:00 MTM=-433.00 Loss=0.07%
2026-08-06 11:35:01 INFO     strategy        PnL: 11:35:01 MTM=-404.00 Loss=0.06%
2026-08-06 11:35:02 INFO     strategy        PnL: 11:35:02 MTM=-431.00 Loss=0.07%
2026-08-06 11:35:03 INFO     strategy        PnL: 11:35:03 MTM=-421.00 Loss=0.06%
2026-08-06 11:35:04 INFO     strategy        PnL: 11:35:04 MTM=-418.00 Loss=0.06%
2026-08-06 11:35:05 INFO     strategy        PnL: 11:35:05 MTM=-400.00 Loss=0.06%
2026-08-06 11:35:06 INFO     strategy        PnL: 11:35:06 MTM=-405.00 Loss=0.06%
2026-08-06 11:35:07 INFO     strategy        PnL: 11:35:07 MTM=-440.00 Loss=0.07%
2026-08-06 11:35:08 INFO     strategy        PnL: 11:35:08 MTM=-445.00 Loss=0.07%
2026-08-06 11:35:09 INFO     strategy        PnL: 11:35:09 MTM=-466.00 Loss=0.07%
2026-08-06 11:35:10 INFO     strategy        PnL: 11:35:10 MTM=-459.00 Loss=0.07%
2026-08-06 11:35:11 INFO     strategy        PnL: 11:35:11 MTM=-461.00 Loss=0.07%
2026-08-06 11:35:12 INFO     strategy        PnL: 11:35:12 MTM=-490.00 Loss=0.08%
2026-08-06 11:35:13 INFO     strategy        PnL: 11:35:13 MTM=-473.00 Loss=0.07%
2026-08-06 11:35:14 INFO     strategy        PnL: 11:35:14 MTM=-494.00 Loss=0.08%
2026-08-06 11:35:15 INFO     strategy        PnL: 11:35:15 MTM=-496.00 Loss=0.08%
2026-08-06 11:35:16 INFO     strategy        PnL: 11:35:16 MTM=-484.00 Loss=0.07%
2026-08-06 11:35:17 INFO     strategy        PnL: 11:35:17 MTM=-486.00 Loss=0.07%
2026-08-06 11:35:18 INFO     strategy        PnL: 11:35:18 MTM=-446.00 Loss=0.07%
2026-08-06 11:35:19 INFO     strategy        PnL: 11:35:19 MTM=-464.00 Loss=0.07%
2026-08-06 11:35:20 INFO     strategy        PnL: 11:35:20 MTM=-444.00 Loss=0.07%
2026-08-06 11:35:21 INFO     strategy        PnL: 11:35:21 MTM=-467.00 Loss=0.07%
2026-08-06 11:35:22 INFO     strategy        PnL: 11:35:22 MTM=-414.00 Loss=0.06%
2026-08-06 11:35:23 INFO     strategy        PnL: 11:35:23 MTM=-411.00 Loss=0.06%
2026-08-06 11:35:24 INFO     strategy        PnL: 11:35:24 MTM=-447.00 Loss=0.07%
2026-08-06 11:35:25 INFO     strategy        PnL: 11:35:25 MTM=-406.00 Loss=0.06%
2026-08-06 11:35:26 INFO     strategy        PnL: 11:35:26 MTM=-393.00 Loss=0.06%
2026-08-06 11:35:27 INFO     strategy        PnL: 11:35:27 MTM=-428.00 Loss=0.07%
2026-08-06 11:35:28 INFO     strategy        PnL: 11:35:28 MTM=-439.00 Loss=0.07%
2026-08-06 11:35:29 INFO     strategy        PnL: 11:35:29 MTM=-456.00 Loss=0.07%
2026-08-06 11:35:30 INFO     strategy        PnL: 11:35:30 MTM=-428.00 Loss=0.07%
2026-08-06 11:35:31 INFO     strategy        PnL: 11:35:31 MTM=-476.00 Loss=0.07%
2026-08-06 11:35:32 INFO     strategy        PnL: 11:35:32 MTM=-477.00 Loss=0.07%
2026-08-06 11:35:33 INFO     strategy        PnL: 11:35:33 MTM=-443.00 Loss=0.07%
2026-08-06 11:35:34 INFO     strategy        PnL: 11:35:34 MTM=-441.00 Loss=0.07%
2026-08-06 11:35:35 INFO     strategy        PnL: 11:35:35 MTM=-407.00 Loss=0.06%
2026-08-06 11:35:36 INFO     strategy        PnL: 11:35:36 MTM=-485.00 Loss=0.07%
2026-08-06 11:35:37 INFO     strategy        PnL: 11:35:37 MTM=-431.00 Loss=0.07%
2026-08-06 11:35:38 INFO     strategy        PnL: 11:35:38 MTM=-462.00 Loss=0.07%
2026-08-06 11:35:39 INFO     strategy        PnL: 11:35:39 MTM=-472.00 Loss=0.07%
2026-08-06 11:35:40 INFO     strategy        PnL: 11:35:40 MTM=-474.00 Loss=0.07%
2026-08-06 11:35:41 INFO     strategy        PnL: 11:35:41 MTM=-465.00 Loss=0.07%
2026-08-06 11:35:42 INFO     strategy        PnL: 11:35:42 MTM=-464.00 Loss=0.07%
2026-08-06 11:35:43 INFO     strategy        PnL: 11:35:43 MTM=-447.00 Loss=0.07%
2026-08-06 11:35:44 INFO     strategy        PnL: 11:35:44 MTM=-461.00 Loss=0.07%
2026-08-06 11:35:45 INFO     strategy        PnL: 11:35:45 MTM=-494.00 Loss=0.08%
2026-08-06 11:35:46 INFO     strategy        PnL: 11:35:46 MTM=-518.00 Loss=0.08%
2026-08-06 11:35:47 INFO     strategy        PnL: 11:35:47 MTM=-518.00 Loss=0.08%
2026-08-06 11:35:48 INFO     strategy        PnL: 11:35:48 MTM=-537.00 Loss=0.08%
2026-08-06 11:35:49 INFO     strategy        PnL: 11:35:49 MTM=-519.00 Loss=0.08%
2026-08-06 11:35:50 INFO     strategy        PnL: 11:35:50 MTM=-574.00 Loss=0.09%
2026-08-06 11:35:51 INFO     strategy        PnL: 11:35:51 MTM=-538.00 Loss=0.08%
2026-08-06 11:35:52 INFO     strategy        PnL: 11:35:52 MTM=-514.00 Loss=0.08%
2026-08-06 11:35:53 INFO     strategy        PnL: 11:35:53 MTM=-522.00 Loss=0.08%
2026-08-06 11:35:55 INFO     strategy        PnL: 11:35:54 MTM=-552.00 Loss=0.09%
2026-08-06 11:35:56 INFO     strategy        PnL: 11:35:55 MTM=-550.00 Loss=0.08%
2026-08-06 11:35:57 INFO     strategy        PnL: 11:35:57 MTM=-573.00 Loss=0.09%
2026-08-06 11:35:58 INFO     strategy        PnL: 11:35:58 MTM=-546.00 Loss=0.08%
2026-08-06 11:35:59 INFO     strategy        PnL: 11:35:59 MTM=-535.00 Loss=0.08%
2026-08-06 11:36:00 INFO     strategy        PnL: 11:36:00 MTM=-557.00 Loss=0.09%
2026-08-06 11:36:01 INFO     strategy        PnL: 11:36:01 MTM=-544.00 Loss=0.08%
2026-08-06 11:36:02 INFO     strategy        PnL: 11:36:02 MTM=-544.00 Loss=0.08%
2026-08-06 11:36:03 INFO     strategy        PnL: 11:36:03 MTM=-508.00 Loss=0.08%
2026-08-06 11:36:04 INFO     strategy        PnL: 11:36:04 MTM=-483.00 Loss=0.07%
2026-08-06 11:36:05 INFO     strategy        PnL: 11:36:05 MTM=-521.00 Loss=0.08%
2026-08-06 11:36:06 INFO     strategy        PnL: 11:36:06 MTM=-560.00 Loss=0.09%
2026-08-06 11:36:07 INFO     strategy        PnL: 11:36:07 MTM=-550.00 Loss=0.08%
2026-08-06 11:36:08 INFO     strategy        PnL: 11:36:08 MTM=-531.00 Loss=0.08%
2026-08-06 11:36:09 INFO     strategy        PnL: 11:36:09 MTM=-538.00 Loss=0.08%
2026-08-06 11:36:10 INFO     strategy        PnL: 11:36:10 MTM=-537.00 Loss=0.08%
2026-08-06 11:36:11 INFO     strategy        PnL: 11:36:11 MTM=-528.00 Loss=0.08%
2026-08-06 11:36:12 INFO     strategy        PnL: 11:36:12 MTM=-480.00 Loss=0.07%
2026-08-06 11:36:13 INFO     strategy        PnL: 11:36:13 MTM=-436.00 Loss=0.07%
2026-08-06 11:36:14 INFO     strategy        PnL: 11:36:14 MTM=-489.00 Loss=0.08%
2026-08-06 11:36:15 INFO     strategy        PnL: 11:36:15 MTM=-503.00 Loss=0.08%
2026-08-06 11:36:16 INFO     strategy        PnL: 11:36:16 MTM=-339.00 Loss=0.05%
2026-08-06 11:36:17 INFO     strategy        PnL: 11:36:17 MTM=-372.00 Loss=0.06%
2026-08-06 11:36:18 INFO     strategy        PnL: 11:36:18 MTM=-276.00 Loss=0.04%
2026-08-06 11:36:19 INFO     strategy        PnL: 11:36:19 MTM=-244.00 Loss=0.04%
2026-08-06 11:36:20 INFO     strategy        PnL: 11:36:20 MTM=-227.00 Loss=0.04%
2026-08-06 11:36:21 INFO     strategy        PnL: 11:36:21 MTM=-279.00 Loss=0.04%
2026-08-06 11:36:22 INFO     strategy        PnL: 11:36:22 MTM=-281.00 Loss=0.04%
2026-08-06 11:36:23 INFO     strategy        PnL: 11:36:23 MTM=-250.00 Loss=0.04%
2026-08-06 11:36:24 INFO     strategy        PnL: 11:36:24 MTM=-265.00 Loss=0.04%
2026-08-06 11:36:25 INFO     strategy        PnL: 11:36:25 MTM=-301.00 Loss=0.05%
2026-08-06 11:36:26 INFO     strategy        PnL: 11:36:26 MTM=-327.00 Loss=0.05%
2026-08-06 11:36:27 INFO     strategy        PnL: 11:36:27 MTM=-300.00 Loss=0.05%
2026-08-06 11:36:28 INFO     strategy        PnL: 11:36:28 MTM=-332.00 Loss=0.05%
2026-08-06 11:36:29 INFO     strategy        PnL: 11:36:29 MTM=-284.00 Loss=0.04%
2026-08-06 11:36:30 INFO     strategy        PnL: 11:36:30 MTM=-339.00 Loss=0.05%
2026-08-06 11:36:31 INFO     strategy        PnL: 11:36:31 MTM=-417.00 Loss=0.06%
2026-08-06 11:36:32 INFO     strategy        PnL: 11:36:32 MTM=-354.00 Loss=0.05%
2026-08-06 11:36:33 INFO     strategy        PnL: 11:36:33 MTM=-303.00 Loss=0.05%
2026-08-06 11:36:34 INFO     strategy        PnL: 11:36:34 MTM=-334.00 Loss=0.05%
2026-08-06 11:36:35 INFO     strategy        PnL: 11:36:35 MTM=-327.00 Loss=0.05%
2026-08-06 11:36:36 INFO     strategy        PnL: 11:36:36 MTM=-352.00 Loss=0.05%
2026-08-06 11:36:37 INFO     strategy        PnL: 11:36:37 MTM=-408.00 Loss=0.06%
2026-08-06 11:36:38 INFO     strategy        PnL: 11:36:38 MTM=-355.00 Loss=0.05%
2026-08-06 11:36:39 INFO     strategy        PnL: 11:36:39 MTM=-370.00 Loss=0.06%
2026-08-06 11:36:40 INFO     strategy        PnL: 11:36:40 MTM=-323.00 Loss=0.05%
2026-08-06 11:36:41 INFO     strategy        PnL: 11:36:41 MTM=-335.00 Loss=0.05%
2026-08-06 11:36:42 INFO     strategy        PnL: 11:36:42 MTM=-310.00 Loss=0.05%
2026-08-06 11:36:43 INFO     strategy        PnL: 11:36:43 MTM=-334.00 Loss=0.05%
2026-08-06 11:36:44 INFO     strategy        PnL: 11:36:44 MTM=-295.00 Loss=0.05%
2026-08-06 11:36:45 INFO     strategy        PnL: 11:36:45 MTM=-342.00 Loss=0.05%
2026-08-06 11:36:46 INFO     strategy        PnL: 11:36:46 MTM=-316.00 Loss=0.05%
2026-08-06 11:36:47 INFO     strategy        PnL: 11:36:47 MTM=-327.00 Loss=0.05%
2026-08-06 11:36:48 INFO     strategy        PnL: 11:36:48 MTM=-321.00 Loss=0.05%
2026-08-06 11:36:49 INFO     strategy        PnL: 11:36:49 MTM=-311.00 Loss=0.05%
2026-08-06 11:36:50 INFO     strategy        PnL: 11:36:50 MTM=-331.00 Loss=0.05%
2026-08-06 11:36:51 INFO     strategy        PnL: 11:36:51 MTM=-317.00 Loss=0.05%
2026-08-06 11:36:52 INFO     strategy        PnL: 11:36:52 MTM=-294.00 Loss=0.05%
2026-08-06 11:36:53 INFO     strategy        PnL: 11:36:53 MTM=-333.00 Loss=0.05%
2026-08-06 11:36:54 INFO     strategy        PnL: 11:36:54 MTM=-313.00 Loss=0.05%
2026-08-06 11:36:55 INFO     strategy        PnL: 11:36:55 MTM=-343.00 Loss=0.05%
2026-08-06 11:36:56 INFO     strategy        PnL: 11:36:56 MTM=-329.00 Loss=0.05%
2026-08-06 11:36:57 INFO     strategy        PnL: 11:36:57 MTM=-380.00 Loss=0.06%
2026-08-06 11:36:58 INFO     strategy        PnL: 11:36:58 MTM=-353.00 Loss=0.05%
2026-08-06 11:36:59 INFO     strategy        PnL: 11:36:59 MTM=-332.00 Loss=0.05%
2026-08-06 11:37:00 INFO     strategy        PnL: 11:37:00 MTM=-330.00 Loss=0.05%
2026-08-06 11:37:01 INFO     strategy        PnL: 11:37:01 MTM=-343.00 Loss=0.05%
2026-08-06 11:37:02 INFO     strategy        PnL: 11:37:02 MTM=-370.00 Loss=0.06%
2026-08-06 11:37:03 INFO     strategy        PnL: 11:37:03 MTM=-334.00 Loss=0.05%
2026-08-06 11:37:04 INFO     strategy        PnL: 11:37:04 MTM=-312.00 Loss=0.05%
2026-08-06 11:37:05 INFO     strategy        PnL: 11:37:05 MTM=-336.00 Loss=0.05%
2026-08-06 11:37:06 INFO     strategy        PnL: 11:37:06 MTM=-355.00 Loss=0.05%
2026-08-06 11:37:07 INFO     strategy        PnL: 11:37:07 MTM=-372.00 Loss=0.06%
2026-08-06 11:37:08 INFO     strategy        PnL: 11:37:08 MTM=-308.00 Loss=0.05%
2026-08-06 11:37:09 INFO     strategy        PnL: 11:37:09 MTM=-367.00 Loss=0.06%
2026-08-06 11:37:10 INFO     strategy        PnL: 11:37:10 MTM=-280.00 Loss=0.04%
2026-08-06 11:37:11 INFO     strategy        PnL: 11:37:11 MTM=-301.00 Loss=0.05%
2026-08-06 11:37:12 INFO     strategy        PnL: 11:37:12 MTM=-328.00 Loss=0.05%
2026-08-06 11:37:13 INFO     strategy        PnL: 11:37:13 MTM=-326.00 Loss=0.05%
2026-08-06 11:37:14 INFO     strategy        PnL: 11:37:14 MTM=-303.00 Loss=0.05%
2026-08-06 11:37:15 INFO     strategy        PnL: 11:37:15 MTM=-283.00 Loss=0.04%
2026-08-06 11:37:16 INFO     strategy        PnL: 11:37:16 MTM=-245.00 Loss=0.04%
2026-08-06 11:37:17 INFO     strategy        PnL: 11:37:17 MTM=-324.00 Loss=0.05%
2026-08-06 11:37:18 INFO     strategy        PnL: 11:37:18 MTM=-315.00 Loss=0.05%
2026-08-06 11:37:19 INFO     strategy        PnL: 11:37:19 MTM=-305.00 Loss=0.05%
2026-08-06 11:37:20 INFO     strategy        PnL: 11:37:20 MTM=-292.00 Loss=0.05%
2026-08-06 11:37:22 INFO     strategy        PnL: 11:37:22 MTM=-297.00 Loss=0.05%
2026-08-06 11:37:23 INFO     strategy        PnL: 11:37:23 MTM=-314.00 Loss=0.05%
2026-08-06 11:37:24 INFO     strategy        PnL: 11:37:24 MTM=-291.00 Loss=0.04%
2026-08-06 11:37:25 INFO     strategy        PnL: 11:37:25 MTM=-331.00 Loss=0.05%
2026-08-06 11:37:26 INFO     strategy        PnL: 11:37:26 MTM=-334.00 Loss=0.05%
2026-08-06 11:37:27 INFO     strategy        PnL: 11:37:27 MTM=-329.00 Loss=0.05%
2026-08-06 11:37:28 INFO     strategy        PnL: 11:37:28 MTM=-335.00 Loss=0.05%
2026-08-06 11:37:29 INFO     strategy        PnL: 11:37:29 MTM=-301.00 Loss=0.05%
2026-08-06 11:37:30 INFO     strategy        PnL: 11:37:30 MTM=-251.00 Loss=0.04%
2026-08-06 11:37:31 INFO     strategy        PnL: 11:37:31 MTM=-325.00 Loss=0.05%
2026-08-06 11:37:32 INFO     strategy        PnL: 11:37:32 MTM=-248.00 Loss=0.04%
2026-08-06 11:37:33 INFO     strategy        PnL: 11:37:33 MTM=-306.00 Loss=0.05%
2026-08-06 11:37:34 INFO     strategy        PnL: 11:37:34 MTM=-302.00 Loss=0.05%
2026-08-06 11:37:35 INFO     strategy        PnL: 11:37:35 MTM=-312.00 Loss=0.05%
2026-08-06 11:37:36 INFO     strategy        PnL: 11:37:36 MTM=-286.00 Loss=0.04%
2026-08-06 11:37:37 INFO     strategy        PnL: 11:37:37 MTM=-264.00 Loss=0.04%
2026-08-06 11:37:38 INFO     strategy        PnL: 11:37:38 MTM=-271.00 Loss=0.04%
2026-08-06 11:37:39 INFO     strategy        PnL: 11:37:39 MTM=-185.00 Loss=0.03%
2026-08-06 11:37:40 INFO     strategy        PnL: 11:37:40 MTM=-327.00 Loss=0.05%
2026-08-06 11:37:41 INFO     strategy        PnL: 11:37:41 MTM=-347.00 Loss=0.05%
2026-08-06 11:37:42 INFO     strategy        PnL: 11:37:42 MTM=-348.00 Loss=0.05%
2026-08-06 11:37:43 INFO     strategy        PnL: 11:37:43 MTM=-352.00 Loss=0.05%
2026-08-06 11:37:44 INFO     strategy        PnL: 11:37:44 MTM=-374.00 Loss=0.06%
2026-08-06 11:37:45 INFO     strategy        PnL: 11:37:45 MTM=-438.00 Loss=0.07%
2026-08-06 11:37:46 INFO     strategy        PnL: 11:37:46 MTM=-415.00 Loss=0.06%
2026-08-06 11:37:47 INFO     strategy        PnL: 11:37:47 MTM=-392.00 Loss=0.06%
2026-08-06 11:37:48 INFO     strategy        PnL: 11:37:48 MTM=-398.00 Loss=0.06%
2026-08-06 11:37:49 INFO     strategy        PnL: 11:37:49 MTM=-389.00 Loss=0.06%
2026-08-06 11:37:50 INFO     strategy        PnL: 11:37:50 MTM=-383.00 Loss=0.06%
2026-08-06 11:37:51 INFO     strategy        PnL: 11:37:51 MTM=-396.00 Loss=0.06%
2026-08-06 11:37:52 INFO     strategy        PnL: 11:37:52 MTM=-408.00 Loss=0.06%
2026-08-06 11:37:53 INFO     strategy        PnL: 11:37:53 MTM=-340.00 Loss=0.05%
2026-08-06 11:37:54 INFO     strategy        PnL: 11:37:54 MTM=-349.00 Loss=0.05%
2026-08-06 11:37:55 INFO     strategy        PnL: 11:37:55 MTM=-375.00 Loss=0.06%
2026-08-06 11:37:56 INFO     strategy        PnL: 11:37:56 MTM=-365.00 Loss=0.06%
2026-08-06 11:37:57 INFO     strategy        PnL: 11:37:57 MTM=-364.00 Loss=0.06%
2026-08-06 11:37:58 INFO     strategy        PnL: 11:37:58 MTM=-360.00 Loss=0.06%
2026-08-06 11:37:59 INFO     strategy        PnL: 11:37:59 MTM=-342.00 Loss=0.05%
2026-08-06 11:38:00 INFO     strategy        PnL: 11:38:00 MTM=-338.00 Loss=0.05%
2026-08-06 11:38:01 INFO     strategy        PnL: 11:38:01 MTM=-355.00 Loss=0.05%
2026-08-06 11:38:02 INFO     strategy        PnL: 11:38:02 MTM=-354.00 Loss=0.05%
2026-08-06 11:38:03 INFO     strategy        PnL: 11:38:03 MTM=-349.00 Loss=0.05%
2026-08-06 11:38:04 INFO     strategy        PnL: 11:38:04 MTM=-359.00 Loss=0.06%
2026-08-06 11:38:05 INFO     strategy        PnL: 11:38:05 MTM=-399.00 Loss=0.06%
2026-08-06 11:38:06 INFO     strategy        PnL: 11:38:06 MTM=-409.00 Loss=0.06%
2026-08-06 11:38:07 INFO     strategy        PnL: 11:38:07 MTM=-396.00 Loss=0.06%
2026-08-06 11:38:08 INFO     strategy        PnL: 11:38:08 MTM=-419.00 Loss=0.06%
2026-08-06 11:38:09 INFO     strategy        PnL: 11:38:09 MTM=-345.00 Loss=0.05%
2026-08-06 11:38:10 INFO     strategy        PnL: 11:38:10 MTM=-346.00 Loss=0.05%
2026-08-06 11:38:11 INFO     strategy        PnL: 11:38:11 MTM=-362.00 Loss=0.06%
2026-08-06 11:38:12 INFO     strategy        PnL: 11:38:12 MTM=-359.00 Loss=0.06%
2026-08-06 11:38:13 INFO     strategy        PnL: 11:38:13 MTM=-322.00 Loss=0.05%
2026-08-06 11:38:14 INFO     strategy        PnL: 11:38:14 MTM=-349.00 Loss=0.05%
2026-08-06 11:38:15 INFO     strategy        PnL: 11:38:15 MTM=-359.00 Loss=0.06%
2026-08-06 11:38:16 INFO     strategy        PnL: 11:38:16 MTM=-337.00 Loss=0.05%
2026-08-06 11:38:17 INFO     strategy        PnL: 11:38:17 MTM=-344.00 Loss=0.05%
2026-08-06 11:38:18 INFO     strategy        PnL: 11:38:18 MTM=-370.00 Loss=0.06%
2026-08-06 11:38:19 INFO     strategy        PnL: 11:38:19 MTM=-405.00 Loss=0.06%
2026-08-06 11:38:20 INFO     strategy        PnL: 11:38:20 MTM=-353.00 Loss=0.05%
2026-08-06 11:38:21 INFO     strategy        PnL: 11:38:21 MTM=-368.00 Loss=0.06%
2026-08-06 11:38:22 INFO     strategy        PnL: 11:38:22 MTM=-354.00 Loss=0.05%
2026-08-06 11:38:23 INFO     strategy        PnL: 11:38:23 MTM=-361.00 Loss=0.06%
2026-08-06 11:38:24 INFO     strategy        PnL: 11:38:24 MTM=-390.00 Loss=0.06%
2026-08-06 11:38:25 INFO     strategy        PnL: 11:38:25 MTM=-376.00 Loss=0.06%
2026-08-06 11:38:26 INFO     strategy        PnL: 11:38:26 MTM=-380.00 Loss=0.06%
2026-08-06 11:38:27 INFO     strategy        PnL: 11:38:27 MTM=-406.00 Loss=0.06%
2026-08-06 11:38:28 INFO     strategy        PnL: 11:38:28 MTM=-372.00 Loss=0.06%
2026-08-06 11:38:29 INFO     strategy        PnL: 11:38:29 MTM=-286.00 Loss=0.04%
2026-08-06 11:38:30 INFO     strategy        PnL: 11:38:30 MTM=-417.00 Loss=0.06%
2026-08-06 11:38:31 INFO     strategy        PnL: 11:38:31 MTM=-419.00 Loss=0.06%
2026-08-06 11:38:32 INFO     strategy        PnL: 11:38:32 MTM=-404.00 Loss=0.06%
2026-08-06 11:38:33 INFO     strategy        PnL: 11:38:33 MTM=-408.00 Loss=0.06%
2026-08-06 11:38:34 INFO     strategy        PnL: 11:38:34 MTM=-389.00 Loss=0.06%
2026-08-06 11:38:35 INFO     strategy        PnL: 11:38:35 MTM=-382.00 Loss=0.06%
2026-08-06 11:38:36 INFO     strategy        PnL: 11:38:36 MTM=-430.00 Loss=0.07%
2026-08-06 11:38:37 INFO     strategy        PnL: 11:38:37 MTM=-417.00 Loss=0.06%
2026-08-06 11:38:38 INFO     strategy        PnL: 11:38:38 MTM=-391.00 Loss=0.06%
2026-08-06 11:38:39 INFO     strategy        PnL: 11:38:39 MTM=-404.00 Loss=0.06%
2026-08-06 11:38:40 INFO     strategy        PnL: 11:38:40 MTM=-428.00 Loss=0.07%
2026-08-06 11:38:41 INFO     strategy        PnL: 11:38:41 MTM=-394.00 Loss=0.06%
2026-08-06 11:38:42 INFO     strategy        PnL: 11:38:42 MTM=-439.00 Loss=0.07%
2026-08-06 11:38:43 INFO     strategy        PnL: 11:38:43 MTM=-396.00 Loss=0.06%
2026-08-06 11:38:44 INFO     strategy        PnL: 11:38:44 MTM=-410.00 Loss=0.06%
2026-08-06 11:38:45 INFO     strategy        PnL: 11:38:45 MTM=-451.00 Loss=0.07%
2026-08-06 11:38:46 INFO     strategy        PnL: 11:38:46 MTM=-415.00 Loss=0.06%
2026-08-06 11:38:47 INFO     strategy        PnL: 11:38:47 MTM=-407.00 Loss=0.06%
2026-08-06 11:38:48 INFO     strategy        PnL: 11:38:48 MTM=-370.00 Loss=0.06%
2026-08-06 11:38:49 INFO     strategy        PnL: 11:38:49 MTM=-382.00 Loss=0.06%
2026-08-06 11:38:50 INFO     strategy        PnL: 11:38:50 MTM=-401.00 Loss=0.06%
2026-08-06 11:38:51 INFO     strategy        PnL: 11:38:51 MTM=-412.00 Loss=0.06%
2026-08-06 11:38:52 INFO     strategy        PnL: 11:38:52 MTM=-368.00 Loss=0.06%
2026-08-06 11:38:54 INFO     strategy        PnL: 11:38:54 MTM=-382.00 Loss=0.06%
2026-08-06 11:38:55 INFO     strategy        PnL: 11:38:55 MTM=-383.00 Loss=0.06%
2026-08-06 11:38:56 INFO     strategy        PnL: 11:38:56 MTM=-349.00 Loss=0.05%
2026-08-06 11:38:57 INFO     strategy        PnL: 11:38:57 MTM=-422.00 Loss=0.07%
2026-08-06 11:38:58 INFO     strategy        PnL: 11:38:58 MTM=-375.00 Loss=0.06%
2026-08-06 11:38:59 INFO     strategy        PnL: 11:38:59 MTM=-429.00 Loss=0.07%
2026-08-06 11:39:00 INFO     strategy        PnL: 11:39:00 MTM=-423.00 Loss=0.07%
2026-08-06 11:39:01 INFO     strategy        PnL: 11:39:01 MTM=-362.00 Loss=0.06%
2026-08-06 11:39:02 INFO     strategy        PnL: 11:39:02 MTM=-395.00 Loss=0.06%
2026-08-06 11:39:03 INFO     strategy        PnL: 11:39:03 MTM=-422.00 Loss=0.07%
2026-08-06 11:39:04 INFO     strategy        PnL: 11:39:04 MTM=-382.00 Loss=0.06%
2026-08-06 11:39:05 INFO     strategy        PnL: 11:39:05 MTM=-382.00 Loss=0.06%
2026-08-06 11:39:06 INFO     strategy        PnL: 11:39:06 MTM=-409.00 Loss=0.06%
2026-08-06 11:39:07 INFO     strategy        PnL: 11:39:07 MTM=-391.00 Loss=0.06%
2026-08-06 11:39:08 INFO     strategy        PnL: 11:39:08 MTM=-382.00 Loss=0.06%
2026-08-06 11:39:09 INFO     strategy        PnL: 11:39:09 MTM=-404.00 Loss=0.06%
2026-08-06 11:39:10 INFO     strategy        PnL: 11:39:10 MTM=-426.00 Loss=0.07%
2026-08-06 11:39:11 INFO     strategy        PnL: 11:39:11 MTM=-351.00 Loss=0.05%
2026-08-06 11:39:12 INFO     strategy        PnL: 11:39:12 MTM=-392.00 Loss=0.06%
2026-08-06 11:39:13 INFO     strategy        PnL: 11:39:13 MTM=-371.00 Loss=0.06%
2026-08-06 11:39:14 INFO     strategy        PnL: 11:39:14 MTM=-416.00 Loss=0.06%
2026-08-06 11:39:15 INFO     strategy        PnL: 11:39:15 MTM=-399.00 Loss=0.06%
2026-08-06 11:39:16 INFO     strategy        PnL: 11:39:16 MTM=-320.00 Loss=0.05%
2026-08-06 11:39:17 INFO     strategy        PnL: 11:39:17 MTM=-348.00 Loss=0.05%
2026-08-06 11:39:18 INFO     strategy        PnL: 11:39:18 MTM=-326.00 Loss=0.05%
2026-08-06 11:39:19 INFO     strategy        PnL: 11:39:19 MTM=-370.00 Loss=0.06%
2026-08-06 11:39:20 INFO     strategy        PnL: 11:39:20 MTM=-354.00 Loss=0.05%
2026-08-06 11:39:21 INFO     strategy        PnL: 11:39:21 MTM=-382.00 Loss=0.06%
2026-08-06 11:39:22 INFO     strategy        PnL: 11:39:22 MTM=-392.00 Loss=0.06%
2026-08-06 11:39:23 INFO     strategy        PnL: 11:39:23 MTM=-401.00 Loss=0.06%
2026-08-06 11:39:24 INFO     strategy        PnL: 11:39:24 MTM=-413.00 Loss=0.06%
2026-08-06 11:39:25 INFO     strategy        PnL: 11:39:25 MTM=-377.00 Loss=0.06%
2026-08-06 11:39:26 INFO     strategy        PnL: 11:39:26 MTM=-423.00 Loss=0.07%
2026-08-06 11:39:27 INFO     strategy        PnL: 11:39:27 MTM=-413.00 Loss=0.06%
2026-08-06 11:39:28 INFO     strategy        PnL: 11:39:28 MTM=-401.00 Loss=0.06%
2026-08-06 11:39:29 INFO     strategy        PnL: 11:39:29 MTM=-373.00 Loss=0.06%
2026-08-06 11:39:30 INFO     strategy        PnL: 11:39:30 MTM=-365.00 Loss=0.06%
2026-08-06 11:39:31 INFO     strategy        PnL: 11:39:31 MTM=-398.00 Loss=0.06%
2026-08-06 11:39:32 INFO     strategy        PnL: 11:39:32 MTM=-372.00 Loss=0.06%
2026-08-06 11:39:33 INFO     strategy        PnL: 11:39:33 MTM=-419.00 Loss=0.06%
2026-08-06 11:39:34 INFO     strategy        PnL: 11:39:34 MTM=-400.00 Loss=0.06%
2026-08-06 11:39:35 INFO     strategy        PnL: 11:39:35 MTM=-406.00 Loss=0.06%
2026-08-06 11:39:36 INFO     strategy        PnL: 11:39:36 MTM=-441.00 Loss=0.07%
2026-08-06 11:39:37 INFO     strategy        PnL: 11:39:37 MTM=-412.00 Loss=0.06%
2026-08-06 11:39:38 INFO     strategy        PnL: 11:39:38 MTM=-398.00 Loss=0.06%
2026-08-06 11:39:39 INFO     strategy        PnL: 11:39:39 MTM=-383.00 Loss=0.06%
2026-08-06 11:39:40 INFO     strategy        PnL: 11:39:40 MTM=-385.00 Loss=0.06%
2026-08-06 11:39:41 INFO     strategy        PnL: 11:39:41 MTM=-388.00 Loss=0.06%
2026-08-06 11:39:42 INFO     strategy        PnL: 11:39:42 MTM=-416.00 Loss=0.06%
2026-08-06 11:39:43 INFO     strategy        PnL: 11:39:43 MTM=-383.00 Loss=0.06%
2026-08-06 11:39:44 INFO     strategy        PnL: 11:39:44 MTM=-348.00 Loss=0.05%
2026-08-06 11:39:45 INFO     strategy        PnL: 11:39:45 MTM=-349.00 Loss=0.05%
2026-08-06 11:39:46 INFO     strategy        PnL: 11:39:46 MTM=-341.00 Loss=0.05%
2026-08-06 11:39:47 INFO     strategy        PnL: 11:39:47 MTM=-360.00 Loss=0.06%
2026-08-06 11:39:48 INFO     strategy        PnL: 11:39:48 MTM=-339.00 Loss=0.05%
2026-08-06 11:39:49 INFO     strategy        PnL: 11:39:49 MTM=-341.00 Loss=0.05%
2026-08-06 11:39:50 INFO     strategy        PnL: 11:39:50 MTM=-359.00 Loss=0.06%
2026-08-06 11:39:51 INFO     strategy        PnL: 11:39:51 MTM=-351.00 Loss=0.05%
2026-08-06 11:39:52 INFO     strategy        PnL: 11:39:52 MTM=-332.00 Loss=0.05%
2026-08-06 11:39:53 INFO     strategy        PnL: 11:39:53 MTM=-346.00 Loss=0.05%
2026-08-06 11:39:54 INFO     strategy        PnL: 11:39:54 MTM=-331.00 Loss=0.05%
2026-08-06 11:39:55 INFO     strategy        PnL: 11:39:55 MTM=-303.00 Loss=0.05%
2026-08-06 11:39:56 INFO     strategy        PnL: 11:39:56 MTM=-308.00 Loss=0.05%
2026-08-06 11:39:57 INFO     strategy        PnL: 11:39:57 MTM=-349.00 Loss=0.05%
2026-08-06 11:39:58 INFO     strategy        PnL: 11:39:58 MTM=-391.00 Loss=0.06%
2026-08-06 11:39:59 INFO     strategy        PnL: 11:39:59 MTM=-358.00 Loss=0.06%
2026-08-06 11:40:00 INFO     strategy        PnL: 11:40:00 MTM=-362.00 Loss=0.06%
2026-08-06 11:40:01 INFO     strategy        PnL: 11:40:01 MTM=-394.00 Loss=0.06%
2026-08-06 11:40:02 INFO     strategy        PnL: 11:40:02 MTM=-384.00 Loss=0.06%
2026-08-06 11:40:03 INFO     strategy        PnL: 11:40:03 MTM=-358.00 Loss=0.06%
2026-08-06 11:40:04 INFO     strategy        PnL: 11:40:04 MTM=-394.00 Loss=0.06%
2026-08-06 11:40:05 INFO     strategy        PnL: 11:40:05 MTM=-407.00 Loss=0.06%
2026-08-06 11:40:06 INFO     strategy        PnL: 11:40:06 MTM=-390.00 Loss=0.06%
2026-08-06 11:40:07 INFO     strategy        PnL: 11:40:07 MTM=-367.00 Loss=0.06%
2026-08-06 11:40:08 INFO     strategy        PnL: 11:40:08 MTM=-383.00 Loss=0.06%
2026-08-06 11:40:09 INFO     strategy        PnL: 11:40:09 MTM=-358.00 Loss=0.06%
2026-08-06 11:40:10 INFO     strategy        PnL: 11:40:10 MTM=-374.00 Loss=0.06%
2026-08-06 11:40:11 INFO     strategy        PnL: 11:40:11 MTM=-363.00 Loss=0.06%
2026-08-06 11:40:12 INFO     strategy        PnL: 11:40:12 MTM=-343.00 Loss=0.05%
2026-08-06 11:40:13 INFO     strategy        PnL: 11:40:13 MTM=-357.00 Loss=0.06%
2026-08-06 11:40:14 INFO     strategy        PnL: 11:40:14 MTM=-373.00 Loss=0.06%
2026-08-06 11:40:15 INFO     strategy        PnL: 11:40:15 MTM=-376.00 Loss=0.06%
2026-08-06 11:40:16 INFO     strategy        PnL: 11:40:16 MTM=-385.00 Loss=0.06%
2026-08-06 11:40:17 INFO     strategy        PnL: 11:40:17 MTM=-363.00 Loss=0.06%
2026-08-06 11:40:18 INFO     strategy        PnL: 11:40:18 MTM=-338.00 Loss=0.05%
2026-08-06 11:40:19 INFO     strategy        PnL: 11:40:19 MTM=-334.00 Loss=0.05%
2026-08-06 11:40:20 INFO     strategy        PnL: 11:40:20 MTM=-345.00 Loss=0.05%
2026-08-06 11:40:21 INFO     strategy        PnL: 11:40:21 MTM=-336.00 Loss=0.05%
2026-08-06 11:40:22 INFO     strategy        PnL: 11:40:22 MTM=-346.00 Loss=0.05%
2026-08-06 11:40:23 INFO     strategy        PnL: 11:40:23 MTM=-361.00 Loss=0.06%
2026-08-06 11:40:24 INFO     strategy        PnL: 11:40:24 MTM=-348.00 Loss=0.05%
2026-08-06 11:40:25 INFO     strategy        PnL: 11:40:25 MTM=-346.00 Loss=0.05%
2026-08-06 11:40:26 INFO     strategy        PnL: 11:40:26 MTM=-345.00 Loss=0.05%
2026-08-06 11:40:27 INFO     strategy        PnL: 11:40:27 MTM=-372.00 Loss=0.06%
2026-08-06 11:40:28 INFO     strategy        PnL: 11:40:28 MTM=-409.00 Loss=0.06%
2026-08-06 11:40:29 INFO     strategy        PnL: 11:40:29 MTM=-409.00 Loss=0.06%
2026-08-06 11:40:31 INFO     strategy        PnL: 11:40:31 MTM=-407.00 Loss=0.06%
2026-08-06 11:40:32 INFO     strategy        PnL: 11:40:32 MTM=-445.00 Loss=0.07%
2026-08-06 11:40:33 INFO     strategy        PnL: 11:40:33 MTM=-383.00 Loss=0.06%
2026-08-06 11:40:34 INFO     strategy        PnL: 11:40:34 MTM=-359.00 Loss=0.06%
2026-08-06 11:40:35 INFO     strategy        PnL: 11:40:35 MTM=-352.00 Loss=0.05%
2026-08-06 11:40:36 INFO     strategy        PnL: 11:40:36 MTM=-388.00 Loss=0.06%
2026-08-06 11:40:37 INFO     strategy        PnL: 11:40:37 MTM=-375.00 Loss=0.06%
2026-08-06 11:40:38 INFO     strategy        PnL: 11:40:38 MTM=-395.00 Loss=0.06%
2026-08-06 11:40:39 INFO     strategy        PnL: 11:40:39 MTM=-307.00 Loss=0.05%
2026-08-06 11:40:40 INFO     strategy        PnL: 11:40:40 MTM=-402.00 Loss=0.06%
2026-08-06 11:40:41 INFO     strategy        PnL: 11:40:41 MTM=-356.00 Loss=0.05%
2026-08-06 11:40:42 INFO     strategy        PnL: 11:40:42 MTM=-417.00 Loss=0.06%
2026-08-06 11:40:43 INFO     strategy        PnL: 11:40:43 MTM=-404.00 Loss=0.06%
2026-08-06 11:40:44 INFO     strategy        PnL: 11:40:44 MTM=-374.00 Loss=0.06%
2026-08-06 11:40:45 INFO     strategy        PnL: 11:40:45 MTM=-387.00 Loss=0.06%
2026-08-06 11:40:46 INFO     strategy        PnL: 11:40:46 MTM=-414.00 Loss=0.06%
2026-08-06 11:40:47 INFO     strategy        PnL: 11:40:47 MTM=-385.00 Loss=0.06%
2026-08-06 11:40:48 INFO     strategy        PnL: 11:40:48 MTM=-361.00 Loss=0.06%
2026-08-06 11:40:49 INFO     strategy        PnL: 11:40:49 MTM=-442.00 Loss=0.07%
2026-08-06 11:40:50 INFO     strategy        PnL: 11:40:50 MTM=-399.00 Loss=0.06%
2026-08-06 11:40:51 INFO     strategy        PnL: 11:40:51 MTM=-396.00 Loss=0.06%
2026-08-06 11:40:52 INFO     strategy        PnL: 11:40:52 MTM=-377.00 Loss=0.06%
2026-08-06 11:40:53 INFO     strategy        PnL: 11:40:53 MTM=-345.00 Loss=0.05%
2026-08-06 11:40:54 INFO     strategy        PnL: 11:40:54 MTM=-363.00 Loss=0.06%
2026-08-06 11:40:55 INFO     strategy        PnL: 11:40:55 MTM=-390.00 Loss=0.06%
2026-08-06 11:40:56 INFO     strategy        PnL: 11:40:56 MTM=-353.00 Loss=0.05%
2026-08-06 11:40:57 INFO     strategy        PnL: 11:40:57 MTM=-335.00 Loss=0.05%
2026-08-06 11:40:58 INFO     strategy        PnL: 11:40:58 MTM=-363.00 Loss=0.06%
2026-08-06 11:40:59 INFO     strategy        PnL: 11:40:59 MTM=-351.00 Loss=0.05%
2026-08-06 11:41:00 INFO     strategy        PnL: 11:41:00 MTM=-282.00 Loss=0.04%
2026-08-06 11:41:01 INFO     strategy        PnL: 11:41:01 MTM=-345.00 Loss=0.05%
2026-08-06 11:41:02 INFO     strategy        PnL: 11:41:02 MTM=-333.00 Loss=0.05%
2026-08-06 11:41:03 INFO     strategy        PnL: 11:41:03 MTM=-301.00 Loss=0.05%
2026-08-06 11:41:04 INFO     strategy        PnL: 11:41:04 MTM=-286.00 Loss=0.04%
2026-08-06 11:41:05 INFO     strategy        PnL: 11:41:05 MTM=-296.00 Loss=0.05%
2026-08-06 11:41:06 INFO     strategy        PnL: 11:41:06 MTM=-260.00 Loss=0.04%
2026-08-06 11:41:07 INFO     strategy        PnL: 11:41:07 MTM=-289.00 Loss=0.04%
2026-08-06 11:41:08 INFO     strategy        PnL: 11:41:08 MTM=-266.00 Loss=0.04%
2026-08-06 11:41:09 INFO     strategy        PnL: 11:41:09 MTM=-334.00 Loss=0.05%
2026-08-06 11:41:10 INFO     strategy        PnL: 11:41:10 MTM=-296.00 Loss=0.05%
2026-08-06 11:41:11 INFO     strategy        PnL: 11:41:11 MTM=-323.00 Loss=0.05%
2026-08-06 11:41:12 INFO     strategy        PnL: 11:41:12 MTM=-294.00 Loss=0.05%
2026-08-06 11:41:13 INFO     strategy        PnL: 11:41:13 MTM=-286.00 Loss=0.04%
2026-08-06 11:41:14 INFO     strategy        PnL: 11:41:14 MTM=-303.00 Loss=0.05%
2026-08-06 11:41:15 INFO     strategy        PnL: 11:41:15 MTM=-323.00 Loss=0.05%
2026-08-06 11:41:16 INFO     strategy        PnL: 11:41:16 MTM=-321.00 Loss=0.05%
2026-08-06 11:41:17 INFO     strategy        PnL: 11:41:17 MTM=-310.00 Loss=0.05%
2026-08-06 11:41:18 INFO     strategy        PnL: 11:41:18 MTM=-305.00 Loss=0.05%
2026-08-06 11:41:19 INFO     strategy        PnL: 11:41:19 MTM=-297.00 Loss=0.05%
2026-08-06 11:41:20 INFO     strategy        PnL: 11:41:20 MTM=-293.00 Loss=0.05%
2026-08-06 11:41:21 INFO     strategy        PnL: 11:41:21 MTM=-304.00 Loss=0.05%
2026-08-06 11:41:22 INFO     strategy        PnL: 11:41:22 MTM=-305.00 Loss=0.05%
2026-08-06 11:41:23 INFO     strategy        PnL: 11:41:23 MTM=-314.00 Loss=0.05%
2026-08-06 11:41:24 INFO     strategy        PnL: 11:41:24 MTM=-290.00 Loss=0.04%
2026-08-06 11:41:25 INFO     strategy        PnL: 11:41:25 MTM=-318.00 Loss=0.05%
2026-08-06 11:41:26 INFO     strategy        PnL: 11:41:26 MTM=-284.00 Loss=0.04%
2026-08-06 11:41:27 INFO     strategy        PnL: 11:41:27 MTM=-304.00 Loss=0.05%
2026-08-06 11:41:28 INFO     strategy        PnL: 11:41:28 MTM=-316.00 Loss=0.05%
2026-08-06 11:41:29 INFO     strategy        PnL: 11:41:29 MTM=-329.00 Loss=0.05%
2026-08-06 11:41:30 INFO     strategy        PnL: 11:41:30 MTM=-343.00 Loss=0.05%
2026-08-06 11:41:31 INFO     strategy        PnL: 11:41:31 MTM=-273.00 Loss=0.04%
2026-08-06 11:41:32 INFO     strategy        PnL: 11:41:32 MTM=-322.00 Loss=0.05%
2026-08-06 11:41:33 INFO     strategy        PnL: 11:41:33 MTM=-298.00 Loss=0.05%
2026-08-06 11:41:34 INFO     strategy        PnL: 11:41:34 MTM=-340.00 Loss=0.05%
2026-08-06 11:41:35 INFO     strategy        PnL: 11:41:35 MTM=-309.00 Loss=0.05%
2026-08-06 11:41:36 INFO     strategy        PnL: 11:41:36 MTM=-325.00 Loss=0.05%
2026-08-06 11:41:37 INFO     strategy        PnL: 11:41:37 MTM=-300.00 Loss=0.05%
2026-08-06 11:41:38 INFO     strategy        PnL: 11:41:38 MTM=-338.00 Loss=0.05%
2026-08-06 11:41:39 INFO     strategy        PnL: 11:41:39 MTM=-301.00 Loss=0.05%
2026-08-06 11:41:40 INFO     strategy        PnL: 11:41:40 MTM=-327.00 Loss=0.05%
2026-08-06 11:41:41 INFO     strategy        PnL: 11:41:41 MTM=-274.00 Loss=0.04%
2026-08-06 11:41:42 INFO     strategy        PnL: 11:41:42 MTM=-274.00 Loss=0.04%
2026-08-06 11:41:43 INFO     strategy        PnL: 11:41:43 MTM=-275.00 Loss=0.04%
2026-08-06 11:41:44 INFO     strategy        PnL: 11:41:44 MTM=-284.00 Loss=0.04%
2026-08-06 11:41:45 INFO     strategy        PnL: 11:41:45 MTM=-300.00 Loss=0.05%
2026-08-06 11:41:46 INFO     strategy        PnL: 11:41:46 MTM=-302.00 Loss=0.05%
2026-08-06 11:41:47 INFO     strategy        PnL: 11:41:47 MTM=-247.00 Loss=0.04%
2026-08-06 11:41:48 INFO     strategy        PnL: 11:41:48 MTM=-281.00 Loss=0.04%
2026-08-06 11:41:49 INFO     strategy        PnL: 11:41:49 MTM=-269.00 Loss=0.04%
2026-08-06 11:41:50 INFO     strategy        PnL: 11:41:50 MTM=-272.00 Loss=0.04%
2026-08-06 11:41:51 INFO     strategy        PnL: 11:41:51 MTM=-234.00 Loss=0.04%
2026-08-06 11:41:52 INFO     strategy        PnL: 11:41:52 MTM=-309.00 Loss=0.05%
2026-08-06 11:41:53 INFO     strategy        PnL: 11:41:53 MTM=-268.00 Loss=0.04%
2026-08-06 11:41:54 INFO     strategy        PnL: 11:41:54 MTM=-325.00 Loss=0.05%
2026-08-06 11:41:55 INFO     strategy        PnL: 11:41:55 MTM=-346.00 Loss=0.05%
2026-08-06 11:41:56 INFO     strategy        PnL: 11:41:56 MTM=-289.00 Loss=0.04%
2026-08-06 11:41:57 INFO     strategy        PnL: 11:41:57 MTM=-311.00 Loss=0.05%
2026-08-06 11:41:58 INFO     strategy        PnL: 11:41:58 MTM=-315.00 Loss=0.05%
2026-08-06 11:41:59 INFO     strategy        PnL: 11:41:59 MTM=-332.00 Loss=0.05%
2026-08-06 11:42:00 INFO     strategy        PnL: 11:42:00 MTM=-338.00 Loss=0.05%
2026-08-06 11:42:01 INFO     strategy        PnL: 11:42:01 MTM=-348.00 Loss=0.05%
2026-08-06 11:42:02 INFO     strategy        PnL: 11:42:02 MTM=-312.00 Loss=0.05%
2026-08-06 11:42:03 INFO     strategy        PnL: 11:42:03 MTM=-334.00 Loss=0.05%
2026-08-06 11:42:04 INFO     strategy        PnL: 11:42:04 MTM=-319.00 Loss=0.05%
2026-08-06 11:42:05 INFO     strategy        PnL: 11:42:05 MTM=-345.00 Loss=0.05%
2026-08-06 11:42:06 INFO     strategy        PnL: 11:42:06 MTM=-308.00 Loss=0.05%
2026-08-06 11:42:07 INFO     strategy        PnL: 11:42:07 MTM=-328.00 Loss=0.05%
2026-08-06 11:42:08 INFO     strategy        PnL: 11:42:08 MTM=-292.00 Loss=0.05%
2026-08-06 11:42:09 INFO     strategy        PnL: 11:42:09 MTM=-327.00 Loss=0.05%
2026-08-06 11:42:10 INFO     strategy        PnL: 11:42:10 MTM=-276.00 Loss=0.04%
2026-08-06 11:42:11 INFO     strategy        PnL: 11:42:11 MTM=-279.00 Loss=0.04%
2026-08-06 11:42:12 INFO     strategy        PnL: 11:42:12 MTM=-285.00 Loss=0.04%
2026-08-06 11:42:13 INFO     strategy        PnL: 11:42:13 MTM=-289.00 Loss=0.04%
2026-08-06 11:42:15 INFO     strategy        PnL: 11:42:15 MTM=-258.00 Loss=0.04%
2026-08-06 11:42:16 INFO     strategy        PnL: 11:42:16 MTM=-271.00 Loss=0.04%
2026-08-06 11:42:17 INFO     strategy        PnL: 11:42:17 MTM=-247.00 Loss=0.04%
2026-08-06 11:42:18 INFO     strategy        PnL: 11:42:18 MTM=-283.00 Loss=0.04%
2026-08-06 11:42:19 INFO     strategy        PnL: 11:42:19 MTM=-220.00 Loss=0.03%
2026-08-06 11:42:20 INFO     strategy        PnL: 11:42:20 MTM=-168.00 Loss=0.03%
2026-08-06 11:42:21 INFO     strategy        PnL: 11:42:21 MTM=-215.00 Loss=0.03%
2026-08-06 11:42:22 INFO     strategy        PnL: 11:42:22 MTM=-239.00 Loss=0.04%
2026-08-06 11:42:23 INFO     strategy        PnL: 11:42:23 MTM=-207.00 Loss=0.03%
2026-08-06 11:42:24 INFO     strategy        PnL: 11:42:24 MTM=-178.00 Loss=0.03%
2026-08-06 11:42:25 INFO     strategy        PnL: 11:42:25 MTM=-174.00 Loss=0.03%
2026-08-06 11:42:26 INFO     strategy        PnL: 11:42:26 MTM=-164.00 Loss=0.03%
2026-08-06 11:42:27 INFO     strategy        PnL: 11:42:27 MTM=-220.00 Loss=0.03%
2026-08-06 11:42:28 INFO     strategy        PnL: 11:42:28 MTM=-241.00 Loss=0.04%
2026-08-06 11:42:29 INFO     strategy        PnL: 11:42:29 MTM=-183.00 Loss=0.03%
2026-08-06 11:42:30 INFO     strategy        PnL: 11:42:30 MTM=-250.00 Loss=0.04%
2026-08-06 11:42:31 INFO     strategy        PnL: 11:42:31 MTM=-172.00 Loss=0.03%
2026-08-06 11:42:32 INFO     strategy        PnL: 11:42:32 MTM=-233.00 Loss=0.04%
2026-08-06 11:42:33 INFO     strategy        PnL: 11:42:33 MTM=-200.00 Loss=0.03%
2026-08-06 11:42:34 INFO     strategy        PnL: 11:42:34 MTM=-181.00 Loss=0.03%
2026-08-06 11:42:35 INFO     strategy        PnL: 11:42:35 MTM=-172.00 Loss=0.03%
2026-08-06 11:42:36 INFO     strategy        PnL: 11:42:36 MTM=-240.00 Loss=0.04%
2026-08-06 11:42:37 INFO     strategy        PnL: 11:42:37 MTM=-206.00 Loss=0.03%
2026-08-06 11:42:38 INFO     strategy        PnL: 11:42:38 MTM=-142.00 Loss=0.02%
2026-08-06 11:42:39 INFO     strategy        PnL: 11:42:39 MTM=-249.00 Loss=0.04%
2026-08-06 11:42:40 INFO     strategy        PnL: 11:42:40 MTM=-182.00 Loss=0.03%
2026-08-06 11:42:41 INFO     strategy        PnL: 11:42:41 MTM=-189.00 Loss=0.03%
2026-08-06 11:42:42 INFO     strategy        PnL: 11:42:42 MTM=-211.00 Loss=0.03%
2026-08-06 11:42:43 INFO     strategy        PnL: 11:42:43 MTM=-220.00 Loss=0.03%
2026-08-06 11:42:44 INFO     strategy        PnL: 11:42:44 MTM=-167.00 Loss=0.03%
2026-08-06 11:42:45 INFO     strategy        PnL: 11:42:45 MTM=-216.00 Loss=0.03%
2026-08-06 11:42:46 INFO     strategy        PnL: 11:42:46 MTM=-143.00 Loss=0.02%
2026-08-06 11:42:47 INFO     strategy        PnL: 11:42:47 MTM=-233.00 Loss=0.04%
2026-08-06 11:42:48 INFO     strategy        PnL: 11:42:48 MTM=-129.00 Loss=0.02%
2026-08-06 11:42:49 INFO     strategy        PnL: 11:42:49 MTM=-190.00 Loss=0.03%
2026-08-06 11:42:50 INFO     strategy        PnL: 11:42:50 MTM=-204.00 Loss=0.03%
2026-08-06 11:42:51 INFO     strategy        PnL: 11:42:51 MTM=-182.00 Loss=0.03%
2026-08-06 11:42:52 INFO     strategy        PnL: 11:42:52 MTM=-154.00 Loss=0.02%
2026-08-06 11:42:53 INFO     strategy        PnL: 11:42:53 MTM=-126.00 Loss=0.02%
2026-08-06 11:42:54 INFO     strategy        PnL: 11:42:54 MTM=-159.00 Loss=0.02%
2026-08-06 11:42:55 INFO     strategy        PnL: 11:42:55 MTM=-132.00 Loss=0.02%
2026-08-06 11:42:56 INFO     strategy        PnL: 11:42:56 MTM=-97.00 Loss=0.01%
2026-08-06 11:42:57 INFO     strategy        PnL: 11:42:57 MTM=-90.00 Loss=0.01%
2026-08-06 11:42:58 INFO     strategy        PnL: 11:42:58 MTM=-111.00 Loss=0.02%
2026-08-06 11:42:59 INFO     strategy        PnL: 11:42:59 MTM=-81.00 Loss=0.01%
2026-08-06 11:43:00 INFO     strategy        PnL: 11:43:00 MTM=-121.00 Loss=0.02%
2026-08-06 11:43:01 INFO     strategy        PnL: 11:43:01 MTM=-97.00 Loss=0.01%
2026-08-06 11:43:02 INFO     strategy        PnL: 11:43:02 MTM=-105.00 Loss=0.02%
2026-08-06 11:43:03 INFO     strategy        PnL: 11:43:03 MTM=-99.00 Loss=0.02%
2026-08-06 11:43:04 INFO     strategy        PnL: 11:43:04 MTM=-151.00 Loss=0.02%
2026-08-06 11:43:05 INFO     strategy        PnL: 11:43:05 MTM=-114.00 Loss=0.02%
2026-08-06 11:43:06 INFO     strategy        PnL: 11:43:06 MTM=-144.00 Loss=0.02%
2026-08-06 11:43:07 INFO     strategy        PnL: 11:43:07 MTM=-143.00 Loss=0.02%
2026-08-06 11:43:08 INFO     strategy        PnL: 11:43:08 MTM=-128.00 Loss=0.02%
2026-08-06 11:43:09 INFO     strategy        PnL: 11:43:09 MTM=-159.00 Loss=0.02%
2026-08-06 11:43:10 INFO     strategy        PnL: 11:43:10 MTM=-145.00 Loss=0.02%
2026-08-06 11:43:11 INFO     strategy        PnL: 11:43:11 MTM=-124.00 Loss=0.02%
2026-08-06 11:43:12 INFO     strategy        PnL: 11:43:12 MTM=-104.00 Loss=0.02%
2026-08-06 11:43:13 INFO     strategy        PnL: 11:43:13 MTM=-120.00 Loss=0.02%
2026-08-06 11:43:14 INFO     strategy        PnL: 11:43:14 MTM=-88.00 Loss=0.01%
2026-08-06 11:43:15 INFO     strategy        PnL: 11:43:15 MTM=-75.00 Loss=0.01%
2026-08-06 11:43:16 INFO     strategy        PnL: 11:43:16 MTM=-85.00 Loss=0.01%
2026-08-06 11:43:17 INFO     strategy        PnL: 11:43:17 MTM=-75.00 Loss=0.01%
2026-08-06 11:43:18 INFO     strategy        PnL: 11:43:18 MTM=-51.00 Loss=0.01%
2026-08-06 11:43:19 INFO     strategy        PnL: 11:43:19 MTM=-28.00 Loss=0.00%
2026-08-06 11:43:20 INFO     strategy        PnL: 11:43:20 MTM=-44.00 Loss=0.01%
2026-08-06 11:43:21 INFO     strategy        PnL: 11:43:21 MTM=-48.00 Loss=0.01%
2026-08-06 11:43:22 INFO     strategy        PnL: 11:43:22 MTM=-17.00 Loss=0.00%
2026-08-06 11:43:23 INFO     strategy        PnL: 11:43:23 MTM=-37.00 Loss=0.01%
2026-08-06 11:43:24 INFO     strategy        PnL: 11:43:24 MTM=-38.00 Loss=0.01%
2026-08-06 11:43:25 INFO     strategy        PnL: 11:43:25 MTM=-49.00 Loss=0.01%
2026-08-06 11:43:26 INFO     strategy        PnL: 11:43:26 MTM=-104.00 Loss=0.02%
2026-08-06 11:43:27 INFO     strategy        PnL: 11:43:27 MTM=-60.00 Loss=0.01%
2026-08-06 11:43:28 INFO     strategy        PnL: 11:43:28 MTM=-81.00 Loss=0.01%
2026-08-06 11:43:29 INFO     strategy        PnL: 11:43:29 MTM=-93.00 Loss=0.01%
2026-08-06 11:43:30 INFO     strategy        PnL: 11:43:30 MTM=-102.00 Loss=0.02%
2026-08-06 11:43:31 INFO     strategy        PnL: 11:43:31 MTM=-90.00 Loss=0.01%
2026-08-06 11:43:32 INFO     strategy        PnL: 11:43:32 MTM=-79.00 Loss=0.01%
2026-08-06 11:43:33 INFO     strategy        PnL: 11:43:33 MTM=-104.00 Loss=0.02%
2026-08-06 11:43:34 INFO     strategy        PnL: 11:43:34 MTM=-118.00 Loss=0.02%
2026-08-06 11:43:35 INFO     strategy        PnL: 11:43:35 MTM=-83.00 Loss=0.01%
2026-08-06 11:43:36 INFO     strategy        PnL: 11:43:36 MTM=-82.00 Loss=0.01%
2026-08-06 11:43:37 INFO     strategy        PnL: 11:43:37 MTM=-117.00 Loss=0.02%
2026-08-06 11:43:38 INFO     strategy        PnL: 11:43:38 MTM=-88.00 Loss=0.01%
2026-08-06 11:43:39 INFO     strategy        PnL: 11:43:39 MTM=-100.00 Loss=0.02%
2026-08-06 11:43:40 INFO     strategy        PnL: 11:43:40 MTM=-47.00 Loss=0.01%
2026-08-06 11:43:41 INFO     strategy        PnL: 11:43:41 MTM=-84.00 Loss=0.01%
2026-08-06 11:43:42 INFO     strategy        PnL: 11:43:42 MTM=-30.00 Loss=0.00%
2026-08-06 11:43:43 INFO     strategy        PnL: 11:43:43 MTM=-60.00 Loss=0.01%
2026-08-06 11:43:44 INFO     strategy        PnL: 11:43:44 MTM=-42.00 Loss=0.01%
2026-08-06 11:43:45 INFO     strategy        PnL: 11:43:45 MTM=-79.00 Loss=0.01%
2026-08-06 11:43:46 INFO     strategy        PnL: 11:43:46 MTM=-74.00 Loss=0.01%
2026-08-06 11:43:47 INFO     strategy        PnL: 11:43:47 MTM=-74.00 Loss=0.01%
2026-08-06 11:43:48 INFO     strategy        PnL: 11:43:48 MTM=-78.00 Loss=0.01%
2026-08-06 11:43:49 INFO     strategy        PnL: 11:43:49 MTM=-80.00 Loss=0.01%
2026-08-06 11:43:50 INFO     strategy        PnL: 11:43:50 MTM=-86.00 Loss=0.01%
2026-08-06 11:43:51 INFO     strategy        PnL: 11:43:51 MTM=-103.00 Loss=0.02%
2026-08-06 11:43:52 INFO     strategy        PnL: 11:43:52 MTM=-91.00 Loss=0.01%
2026-08-06 11:43:53 INFO     strategy        PnL: 11:43:53 MTM=-91.00 Loss=0.01%
2026-08-06 11:43:54 INFO     strategy        PnL: 11:43:54 MTM=-159.00 Loss=0.02%
2026-08-06 11:43:55 INFO     strategy        PnL: 11:43:55 MTM=-109.00 Loss=0.02%
2026-08-06 11:43:56 INFO     strategy        PnL: 11:43:56 MTM=-103.00 Loss=0.02%
2026-08-06 11:43:58 INFO     strategy        PnL: 11:43:57 MTM=-141.00 Loss=0.02%
2026-08-06 11:43:59 INFO     strategy        PnL: 11:43:59 MTM=14.00 Profit=0.00%
2026-08-06 11:44:00 INFO     strategy        PnL: 11:44:00 MTM=-70.00 Loss=0.01%
2026-08-06 11:44:01 INFO     strategy        PnL: 11:44:01 MTM=-45.00 Loss=0.01%
2026-08-06 11:44:02 INFO     strategy        PnL: 11:44:02 MTM=-21.00 Loss=0.00%
2026-08-06 11:44:03 INFO     strategy        PnL: 11:44:03 MTM=-35.00 Loss=0.01%
2026-08-06 11:44:04 INFO     strategy        PnL: 11:44:04 MTM=-32.00 Loss=0.00%
2026-08-06 11:44:05 INFO     strategy        PnL: 11:44:05 MTM=-30.00 Loss=0.00%
2026-08-06 11:44:06 INFO     strategy        PnL: 11:44:06 MTM=20.00 Profit=0.00%
2026-08-06 11:44:07 INFO     strategy        PnL: 11:44:07 MTM=-8.00 Loss=0.00%
2026-08-06 11:44:08 INFO     strategy        PnL: 11:44:08 MTM=10.00 Profit=0.00%
2026-08-06 11:44:09 INFO     strategy        PnL: 11:44:09 MTM=-6.00 Loss=0.00%
2026-08-06 11:44:10 INFO     strategy        PnL: 11:44:10 MTM=-61.00 Loss=0.01%
2026-08-06 11:44:11 INFO     strategy        PnL: 11:44:11 MTM=-60.00 Loss=0.01%
2026-08-06 11:44:12 INFO     strategy        PnL: 11:44:12 MTM=-42.00 Loss=0.01%
2026-08-06 11:44:13 INFO     strategy        PnL: 11:44:13 MTM=-56.00 Loss=0.01%
2026-08-06 11:44:14 INFO     strategy        PnL: 11:44:14 MTM=14.00 Profit=0.00%
2026-08-06 11:44:15 INFO     strategy        PnL: 11:44:15 MTM=-85.00 Loss=0.01%
2026-08-06 11:44:16 INFO     strategy        PnL: 11:44:16 MTM=-48.00 Loss=0.01%
2026-08-06 11:44:17 INFO     strategy        PnL: 11:44:17 MTM=-16.00 Loss=0.00%
2026-08-06 11:44:18 INFO     strategy        PnL: 11:44:18 MTM=-76.00 Loss=0.01%
2026-08-06 11:44:19 INFO     strategy        PnL: 11:44:19 MTM=-18.00 Loss=0.00%
2026-08-06 11:44:20 INFO     strategy        PnL: 11:44:20 MTM=-73.00 Loss=0.01%
2026-08-06 11:44:21 INFO     strategy        PnL: 11:44:21 MTM=-93.00 Loss=0.01%
2026-08-06 11:44:22 INFO     strategy        PnL: 11:44:22 MTM=-27.00 Loss=0.00%
2026-08-06 11:44:23 INFO     strategy        PnL: 11:44:23 MTM=-49.00 Loss=0.01%
2026-08-06 11:44:24 INFO     strategy        PnL: 11:44:24 MTM=-40.00 Loss=0.01%
2026-08-06 11:44:25 INFO     strategy        PnL: 11:44:25 MTM=-61.00 Loss=0.01%
2026-08-06 11:44:26 INFO     strategy        PnL: 11:44:26 MTM=3.00 Profit=0.00%
2026-08-06 11:44:27 INFO     strategy        PnL: 11:44:27 MTM=-15.00 Loss=0.00%
2026-08-06 11:44:28 INFO     strategy        PnL: 11:44:28 MTM=-22.00 Loss=0.00%
2026-08-06 11:44:29 INFO     strategy        PnL: 11:44:29 MTM=-37.00 Loss=0.01%
2026-08-06 11:44:30 INFO     strategy        PnL: 11:44:30 MTM=-23.00 Loss=0.00%
2026-08-06 11:44:31 INFO     strategy        PnL: 11:44:31 MTM=-46.00 Loss=0.01%
2026-08-06 11:44:32 INFO     strategy        PnL: 11:44:32 MTM=-20.00 Loss=0.00%
2026-08-06 11:44:33 INFO     strategy        PnL: 11:44:33 MTM=-44.00 Loss=0.01%
2026-08-06 11:44:34 INFO     strategy        PnL: 11:44:34 MTM=-19.00 Loss=0.00%
2026-08-06 11:44:35 INFO     strategy        PnL: 11:44:35 MTM=-37.00 Loss=0.01%
2026-08-06 11:44:36 INFO     strategy        PnL: 11:44:36 MTM=-2.00 Loss=0.00%
2026-08-06 11:44:37 INFO     strategy        PnL: 11:44:37 MTM=-16.00 Loss=0.00%
2026-08-06 11:44:38 INFO     strategy        PnL: 11:44:38 MTM=-38.00 Loss=0.01%
2026-08-06 11:44:39 INFO     strategy        PnL: 11:44:39 MTM=-33.00 Loss=0.01%
2026-08-06 11:44:40 INFO     strategy        PnL: 11:44:40 MTM=-80.00 Loss=0.01%
2026-08-06 11:44:41 INFO     strategy        PnL: 11:44:41 MTM=-4.00 Loss=0.00%
2026-08-06 11:44:42 INFO     strategy        PnL: 11:44:42 MTM=-52.00 Loss=0.01%
2026-08-06 11:44:43 INFO     strategy        PnL: 11:44:43 MTM=-21.00 Loss=0.00%
2026-08-06 11:44:44 INFO     strategy        PnL: 11:44:44 MTM=-44.00 Loss=0.01%
2026-08-06 11:44:45 INFO     strategy        PnL: 11:44:45 MTM=-34.00 Loss=0.01%
2026-08-06 11:44:46 INFO     strategy        PnL: 11:44:46 MTM=-41.00 Loss=0.01%
2026-08-06 11:44:47 INFO     strategy        PnL: 11:44:47 MTM=-21.00 Loss=0.00%
2026-08-06 11:44:48 INFO     strategy        PnL: 11:44:48 MTM=-2.00 Loss=0.00%
2026-08-06 11:44:49 INFO     strategy        PnL: 11:44:49 MTM=-26.00 Loss=0.00%
2026-08-06 11:44:50 INFO     strategy        PnL: 11:44:50 MTM=-24.00 Loss=0.00%
2026-08-06 11:44:51 INFO     strategy        PnL: 11:44:51 MTM=-49.00 Loss=0.01%
2026-08-06 11:44:52 INFO     strategy        PnL: 11:44:52 MTM=-42.00 Loss=0.01%
2026-08-06 11:44:53 INFO     strategy        PnL: 11:44:53 MTM=-19.00 Loss=0.00%
2026-08-06 11:44:54 INFO     strategy        PnL: 11:44:54 MTM=-73.00 Loss=0.01%
2026-08-06 11:44:55 INFO     strategy        PnL: 11:44:55 MTM=-40.00 Loss=0.01%
2026-08-06 11:44:56 INFO     strategy        PnL: 11:44:56 MTM=-28.00 Loss=0.00%
2026-08-06 11:44:57 INFO     strategy        PnL: 11:44:57 MTM=-64.00 Loss=0.01%
2026-08-06 11:44:58 INFO     strategy        PnL: 11:44:58 MTM=-39.00 Loss=0.01%
2026-08-06 11:44:59 INFO     strategy        PnL: 11:44:59 MTM=-59.00 Loss=0.01%
2026-08-06 11:45:00 INFO     strategy        PnL: 11:45:00 MTM=-29.00 Loss=0.00%
2026-08-06 11:45:01 INFO     strategy        PnL: 11:45:01 MTM=9.00 Profit=0.00%
2026-08-06 11:45:02 INFO     strategy        PnL: 11:45:02 MTM=-41.00 Loss=0.01%
2026-08-06 11:45:03 INFO     strategy        PnL: 11:45:03 MTM=-93.00 Loss=0.01%
2026-08-06 11:45:04 INFO     strategy        PnL: 11:45:04 MTM=-28.00 Loss=0.00%
2026-08-06 11:45:05 INFO     strategy        PnL: 11:45:05 MTM=-17.00 Loss=0.00%
2026-08-06 11:45:06 INFO     strategy        PnL: 11:45:06 MTM=-54.00 Loss=0.01%
2026-08-06 11:45:07 INFO     strategy        PnL: 11:45:07 MTM=-59.00 Loss=0.01%
2026-08-06 11:45:08 INFO     strategy        PnL: 11:45:08 MTM=-67.00 Loss=0.01%
2026-08-06 11:45:09 INFO     strategy        PnL: 11:45:09 MTM=-26.00 Loss=0.00%
2026-08-06 11:45:10 INFO     strategy        PnL: 11:45:10 MTM=-43.00 Loss=0.01%
2026-08-06 11:45:11 INFO     strategy        PnL: 11:45:11 MTM=-4.00 Loss=0.00%
2026-08-06 11:45:12 INFO     strategy        PnL: 11:45:12 MTM=-27.00 Loss=0.00%
2026-08-06 11:45:13 INFO     strategy        PnL: 11:45:13 MTM=-40.00 Loss=0.01%
2026-08-06 11:45:14 INFO     strategy        PnL: 11:45:14 MTM=-58.00 Loss=0.01%
2026-08-06 11:45:15 INFO     strategy        PnL: 11:45:15 MTM=-14.00 Loss=0.00%
2026-08-06 11:45:16 INFO     strategy        PnL: 11:45:16 MTM=-67.00 Loss=0.01%
2026-08-06 11:45:17 INFO     strategy        PnL: 11:45:17 MTM=-77.00 Loss=0.01%
2026-08-06 11:45:18 INFO     strategy        PnL: 11:45:18 MTM=1.00 Profit=0.00%
2026-08-06 11:45:19 INFO     strategy        PnL: 11:45:19 MTM=-41.00 Loss=0.01%
2026-08-06 11:45:20 INFO     strategy        PnL: 11:45:20 MTM=-115.00 Loss=0.02%
2026-08-06 11:45:21 INFO     strategy        PnL: 11:45:21 MTM=-57.00 Loss=0.01%
2026-08-06 11:45:22 INFO     strategy        PnL: 11:45:22 MTM=-101.00 Loss=0.02%
2026-08-06 11:45:23 INFO     strategy        PnL: 11:45:23 MTM=-65.00 Loss=0.01%
2026-08-06 11:45:24 INFO     strategy        PnL: 11:45:24 MTM=-87.00 Loss=0.01%
2026-08-06 11:45:25 INFO     strategy        PnL: 11:45:25 MTM=-86.00 Loss=0.01%
2026-08-06 11:45:26 INFO     strategy        PnL: 11:45:26 MTM=-122.00 Loss=0.02%
2026-08-06 11:45:27 INFO     strategy        PnL: 11:45:27 MTM=-126.00 Loss=0.02%
2026-08-06 11:45:28 INFO     strategy        PnL: 11:45:28 MTM=-73.00 Loss=0.01%
2026-08-06 11:45:29 INFO     strategy        PnL: 11:45:29 MTM=-124.00 Loss=0.02%
2026-08-06 11:45:30 INFO     strategy        PnL: 11:45:30 MTM=-17.00 Loss=0.00%
2026-08-06 11:45:31 INFO     strategy        PnL: 11:45:31 MTM=-128.00 Loss=0.02%
2026-08-06 11:45:32 INFO     strategy        PnL: 11:45:32 MTM=-74.00 Loss=0.01%
2026-08-06 11:45:33 INFO     strategy        PnL: 11:45:33 MTM=-133.00 Loss=0.02%
2026-08-06 11:45:34 INFO     strategy        PnL: 11:45:34 MTM=-150.00 Loss=0.02%
2026-08-06 11:45:35 INFO     strategy        PnL: 11:45:35 MTM=-154.00 Loss=0.02%
2026-08-06 11:45:36 INFO     strategy        PnL: 11:45:36 MTM=-156.00 Loss=0.02%
2026-08-06 11:45:37 INFO     strategy        PnL: 11:45:37 MTM=-85.00 Loss=0.01%
2026-08-06 11:45:38 INFO     strategy        PnL: 11:45:38 MTM=-83.00 Loss=0.01%
2026-08-06 11:45:39 INFO     strategy        PnL: 11:45:39 MTM=-85.00 Loss=0.01%
2026-08-06 11:45:41 INFO     strategy        PnL: 11:45:41 MTM=-101.00 Loss=0.02%
2026-08-06 11:45:42 INFO     strategy        PnL: 11:45:42 MTM=-114.00 Loss=0.02%
2026-08-06 11:45:43 INFO     strategy        PnL: 11:45:43 MTM=-154.00 Loss=0.02%
2026-08-06 11:45:44 INFO     strategy        PnL: 11:45:44 MTM=-126.00 Loss=0.02%
2026-08-06 11:45:45 INFO     strategy        PnL: 11:45:45 MTM=-133.00 Loss=0.02%
2026-08-06 11:45:46 INFO     strategy        PnL: 11:45:46 MTM=-138.00 Loss=0.02%
2026-08-06 11:45:47 INFO     strategy        PnL: 11:45:47 MTM=-119.00 Loss=0.02%
2026-08-06 11:45:48 INFO     strategy        PnL: 11:45:48 MTM=-138.00 Loss=0.02%
2026-08-06 11:45:49 INFO     strategy        PnL: 11:45:49 MTM=-167.00 Loss=0.03%
2026-08-06 11:45:50 INFO     strategy        PnL: 11:45:50 MTM=-152.00 Loss=0.02%
2026-08-06 11:45:51 INFO     strategy        PnL: 11:45:51 MTM=-204.00 Loss=0.03%
2026-08-06 11:45:52 INFO     strategy        PnL: 11:45:52 MTM=-222.00 Loss=0.03%
2026-08-06 11:45:53 INFO     strategy        PnL: 11:45:53 MTM=-183.00 Loss=0.03%
2026-08-06 11:45:54 INFO     strategy        PnL: 11:45:54 MTM=-175.00 Loss=0.03%
2026-08-06 11:45:55 INFO     strategy        PnL: 11:45:55 MTM=-196.00 Loss=0.03%
2026-08-06 11:45:56 INFO     strategy        PnL: 11:45:56 MTM=-172.00 Loss=0.03%
2026-08-06 11:45:57 INFO     strategy        PnL: 11:45:57 MTM=-180.00 Loss=0.03%
2026-08-06 11:45:58 INFO     strategy        PnL: 11:45:58 MTM=-233.00 Loss=0.04%
2026-08-06 11:45:59 INFO     strategy        PnL: 11:45:59 MTM=-193.00 Loss=0.03%
2026-08-06 11:46:00 INFO     strategy        PnL: 11:46:00 MTM=-194.00 Loss=0.03%
2026-08-06 11:46:01 INFO     strategy        PnL: 11:46:01 MTM=-206.00 Loss=0.03%
2026-08-06 11:46:02 INFO     strategy        PnL: 11:46:02 MTM=-169.00 Loss=0.03%
2026-08-06 11:46:03 INFO     strategy        PnL: 11:46:03 MTM=-198.00 Loss=0.03%
2026-08-06 11:46:04 INFO     strategy        PnL: 11:46:04 MTM=-217.00 Loss=0.03%
2026-08-06 11:46:05 INFO     strategy        PnL: 11:46:05 MTM=-164.00 Loss=0.03%
2026-08-06 11:46:06 INFO     strategy        PnL: 11:46:06 MTM=-187.00 Loss=0.03%
2026-08-06 11:46:07 INFO     strategy        PnL: 11:46:07 MTM=-204.00 Loss=0.03%
2026-08-06 11:46:08 INFO     strategy        PnL: 11:46:08 MTM=-176.00 Loss=0.03%
2026-08-06 11:46:09 INFO     strategy        PnL: 11:46:09 MTM=-182.00 Loss=0.03%
2026-08-06 11:46:10 INFO     strategy        PnL: 11:46:10 MTM=-157.00 Loss=0.02%
2026-08-06 11:46:11 INFO     strategy        PnL: 11:46:11 MTM=-150.00 Loss=0.02%
2026-08-06 11:46:12 INFO     strategy        PnL: 11:46:12 MTM=-144.00 Loss=0.02%
2026-08-06 11:46:13 INFO     strategy        PnL: 11:46:13 MTM=-156.00 Loss=0.02%
2026-08-06 11:46:14 INFO     strategy        PnL: 11:46:14 MTM=-181.00 Loss=0.03%
2026-08-06 11:46:15 INFO     strategy        PnL: 11:46:15 MTM=-149.00 Loss=0.02%
2026-08-06 11:46:16 INFO     strategy        PnL: 11:46:16 MTM=-153.00 Loss=0.02%
2026-08-06 11:46:17 INFO     strategy        PnL: 11:46:17 MTM=-203.00 Loss=0.03%
2026-08-06 11:46:18 INFO     strategy        PnL: 11:46:18 MTM=-170.00 Loss=0.03%
2026-08-06 11:46:19 INFO     strategy        PnL: 11:46:19 MTM=-188.00 Loss=0.03%
2026-08-06 11:46:20 INFO     strategy        PnL: 11:46:20 MTM=-173.00 Loss=0.03%
2026-08-06 11:46:21 INFO     strategy        PnL: 11:46:21 MTM=-202.00 Loss=0.03%
2026-08-06 11:46:22 INFO     strategy        PnL: 11:46:22 MTM=-175.00 Loss=0.03%
2026-08-06 11:46:23 INFO     strategy        PnL: 11:46:23 MTM=-204.00 Loss=0.03%
2026-08-06 11:46:24 INFO     strategy        PnL: 11:46:24 MTM=-178.00 Loss=0.03%
2026-08-06 11:46:25 INFO     strategy        PnL: 11:46:25 MTM=-151.00 Loss=0.02%
2026-08-06 11:46:26 INFO     strategy        PnL: 11:46:26 MTM=-173.00 Loss=0.03%
2026-08-06 11:46:27 INFO     strategy        PnL: 11:46:27 MTM=-129.00 Loss=0.02%
2026-08-06 11:46:28 INFO     strategy        PnL: 11:46:28 MTM=-115.00 Loss=0.02%
2026-08-06 11:46:29 INFO     strategy        PnL: 11:46:29 MTM=-153.00 Loss=0.02%
2026-08-06 11:46:30 INFO     strategy        PnL: 11:46:30 MTM=-139.00 Loss=0.02%
2026-08-06 11:46:31 INFO     strategy        PnL: 11:46:31 MTM=-161.00 Loss=0.02%
2026-08-06 11:46:32 INFO     strategy        PnL: 11:46:32 MTM=-193.00 Loss=0.03%
2026-08-06 11:46:33 INFO     strategy        PnL: 11:46:33 MTM=-174.00 Loss=0.03%
2026-08-06 11:46:34 INFO     strategy        PnL: 11:46:34 MTM=-186.00 Loss=0.03%
2026-08-06 11:46:35 INFO     strategy        PnL: 11:46:35 MTM=-152.00 Loss=0.02%
2026-08-06 11:46:36 INFO     strategy        PnL: 11:46:36 MTM=-155.00 Loss=0.02%
2026-08-06 11:46:37 INFO     strategy        PnL: 11:46:37 MTM=-143.00 Loss=0.02%
2026-08-06 11:46:38 INFO     strategy        PnL: 11:46:38 MTM=-215.00 Loss=0.03%
2026-08-06 11:46:39 INFO     strategy        PnL: 11:46:39 MTM=-160.00 Loss=0.02%
2026-08-06 11:46:40 INFO     strategy        PnL: 11:46:40 MTM=-164.00 Loss=0.03%
2026-08-06 11:46:41 INFO     strategy        PnL: 11:46:41 MTM=-163.00 Loss=0.03%
2026-08-06 11:46:42 INFO     strategy        PnL: 11:46:42 MTM=-216.00 Loss=0.03%
2026-08-06 11:46:43 INFO     strategy        PnL: 11:46:43 MTM=-163.00 Loss=0.03%
2026-08-06 11:46:44 INFO     strategy        PnL: 11:46:44 MTM=-138.00 Loss=0.02%
2026-08-06 11:46:45 INFO     strategy        PnL: 11:46:45 MTM=-156.00 Loss=0.02%
2026-08-06 11:46:46 INFO     strategy        PnL: 11:46:46 MTM=-133.00 Loss=0.02%
2026-08-06 11:46:47 INFO     strategy        PnL: 11:46:47 MTM=-106.00 Loss=0.02%
2026-08-06 11:46:48 INFO     strategy        PnL: 11:46:48 MTM=-144.00 Loss=0.02%
2026-08-06 11:46:49 INFO     strategy        PnL: 11:46:49 MTM=-127.00 Loss=0.02%
2026-08-06 11:46:50 INFO     strategy        PnL: 11:46:50 MTM=-126.00 Loss=0.02%
2026-08-06 11:46:51 INFO     strategy        PnL: 11:46:51 MTM=-81.00 Loss=0.01%
2026-08-06 11:46:52 INFO     strategy        PnL: 11:46:52 MTM=-128.00 Loss=0.02%
2026-08-06 11:46:53 INFO     strategy        PnL: 11:46:53 MTM=-134.00 Loss=0.02%
2026-08-06 11:46:54 INFO     strategy        PnL: 11:46:54 MTM=-81.00 Loss=0.01%
2026-08-06 11:46:55 INFO     strategy        PnL: 11:46:55 MTM=-123.00 Loss=0.02%
2026-08-06 11:46:56 INFO     strategy        PnL: 11:46:56 MTM=-138.00 Loss=0.02%
2026-08-06 11:46:57 INFO     strategy        PnL: 11:46:57 MTM=-134.00 Loss=0.02%
2026-08-06 11:46:58 INFO     strategy        PnL: 11:46:58 MTM=-169.00 Loss=0.03%
2026-08-06 11:46:59 INFO     strategy        PnL: 11:46:59 MTM=-144.00 Loss=0.02%
2026-08-06 11:47:00 INFO     strategy        PnL: 11:47:00 MTM=-77.00 Loss=0.01%
2026-08-06 11:47:01 INFO     strategy        PnL: 11:47:01 MTM=-146.00 Loss=0.02%
2026-08-06 11:47:02 INFO     strategy        PnL: 11:47:02 MTM=-152.00 Loss=0.02%
2026-08-06 11:47:03 INFO     strategy        PnL: 11:47:03 MTM=-101.00 Loss=0.02%
2026-08-06 11:47:04 INFO     strategy        PnL: 11:47:04 MTM=-162.00 Loss=0.02%
2026-08-06 11:47:05 INFO     strategy        PnL: 11:47:05 MTM=-132.00 Loss=0.02%
2026-08-06 11:47:06 INFO     strategy        PnL: 11:47:06 MTM=-149.00 Loss=0.02%
2026-08-06 11:47:07 INFO     strategy        PnL: 11:47:07 MTM=-167.00 Loss=0.03%
2026-08-06 11:47:08 INFO     strategy        PnL: 11:47:08 MTM=-127.00 Loss=0.02%
2026-08-06 11:47:09 INFO     strategy        PnL: 11:47:09 MTM=-149.00 Loss=0.02%
2026-08-06 11:47:10 INFO     strategy        PnL: 11:47:10 MTM=-122.00 Loss=0.02%
2026-08-06 11:47:11 INFO     strategy        PnL: 11:47:11 MTM=-143.00 Loss=0.02%
2026-08-06 11:47:12 INFO     strategy        PnL: 11:47:12 MTM=-144.00 Loss=0.02%
2026-08-06 11:47:13 INFO     strategy        PnL: 11:47:13 MTM=-127.00 Loss=0.02%
2026-08-06 11:47:14 INFO     strategy        PnL: 11:47:14 MTM=-98.00 Loss=0.02%
2026-08-06 11:47:15 INFO     strategy        PnL: 11:47:15 MTM=-122.00 Loss=0.02%
2026-08-06 11:47:16 INFO     strategy        PnL: 11:47:16 MTM=-153.00 Loss=0.02%
2026-08-06 11:47:17 INFO     strategy        PnL: 11:47:17 MTM=-118.00 Loss=0.02%
2026-08-06 11:47:18 INFO     strategy        PnL: 11:47:18 MTM=-132.00 Loss=0.02%
2026-08-06 11:47:20 INFO     strategy        PnL: 11:47:20 MTM=-80.00 Loss=0.01%
2026-08-06 11:47:21 INFO     strategy        PnL: 11:47:21 MTM=-111.00 Loss=0.02%
2026-08-06 11:47:22 INFO     strategy        PnL: 11:47:22 MTM=-141.00 Loss=0.02%
2026-08-06 11:47:23 INFO     strategy        PnL: 11:47:23 MTM=-120.00 Loss=0.02%
2026-08-06 11:47:24 INFO     strategy        PnL: 11:47:24 MTM=-163.00 Loss=0.03%
2026-08-06 11:47:25 INFO     strategy        PnL: 11:47:25 MTM=-93.00 Loss=0.01%
2026-08-06 11:47:26 INFO     strategy        PnL: 11:47:26 MTM=-121.00 Loss=0.02%
2026-08-06 11:47:27 INFO     strategy        PnL: 11:47:27 MTM=-104.00 Loss=0.02%
2026-08-06 11:47:28 INFO     strategy        PnL: 11:47:28 MTM=-147.00 Loss=0.02%
2026-08-06 11:47:29 INFO     strategy        PnL: 11:47:29 MTM=-86.00 Loss=0.01%
2026-08-06 11:47:30 INFO     strategy        PnL: 11:47:30 MTM=-125.00 Loss=0.02%
2026-08-06 11:47:31 INFO     strategy        PnL: 11:47:31 MTM=-127.00 Loss=0.02%
2026-08-06 11:47:32 INFO     strategy        PnL: 11:47:32 MTM=-57.00 Loss=0.01%
2026-08-06 11:47:33 INFO     strategy        PnL: 11:47:33 MTM=-90.00 Loss=0.01%
2026-08-06 11:47:34 INFO     strategy        PnL: 11:47:34 MTM=-112.00 Loss=0.02%
2026-08-06 11:47:35 INFO     strategy        PnL: 11:47:35 MTM=-117.00 Loss=0.02%
2026-08-06 11:47:36 INFO     strategy        PnL: 11:47:36 MTM=-140.00 Loss=0.02%
2026-08-06 11:47:37 INFO     strategy        PnL: 11:47:37 MTM=-109.00 Loss=0.02%
2026-08-06 11:47:38 INFO     strategy        PnL: 11:47:38 MTM=-131.00 Loss=0.02%
2026-08-06 11:47:39 INFO     strategy        PnL: 11:47:39 MTM=-142.00 Loss=0.02%
2026-08-06 11:47:40 INFO     strategy        PnL: 11:47:40 MTM=-136.00 Loss=0.02%
2026-08-06 11:47:41 INFO     strategy        PnL: 11:47:41 MTM=-112.00 Loss=0.02%
2026-08-06 11:47:42 INFO     strategy        PnL: 11:47:42 MTM=-114.00 Loss=0.02%
2026-08-06 11:47:43 INFO     strategy        PnL: 11:47:43 MTM=-128.00 Loss=0.02%
2026-08-06 11:47:44 INFO     strategy        PnL: 11:47:44 MTM=-164.00 Loss=0.03%
2026-08-06 11:47:45 INFO     strategy        PnL: 11:47:45 MTM=-150.00 Loss=0.02%
2026-08-06 11:47:46 INFO     strategy        PnL: 11:47:46 MTM=-125.00 Loss=0.02%
2026-08-06 11:47:47 INFO     strategy        PnL: 11:47:47 MTM=-116.00 Loss=0.02%
2026-08-06 11:47:48 INFO     strategy        PnL: 11:47:48 MTM=-93.00 Loss=0.01%
2026-08-06 11:47:49 INFO     strategy        PnL: 11:47:49 MTM=-135.00 Loss=0.02%
2026-08-06 11:47:50 INFO     strategy        PnL: 11:47:50 MTM=-105.00 Loss=0.02%
2026-08-06 11:47:51 INFO     strategy        PnL: 11:47:51 MTM=-111.00 Loss=0.02%
2026-08-06 11:47:52 INFO     strategy        PnL: 11:47:52 MTM=-92.00 Loss=0.01%
2026-08-06 11:47:53 INFO     strategy        PnL: 11:47:53 MTM=-84.00 Loss=0.01%
2026-08-06 11:47:54 INFO     strategy        PnL: 11:47:54 MTM=-79.00 Loss=0.01%
2026-08-06 11:47:55 INFO     strategy        PnL: 11:47:55 MTM=-137.00 Loss=0.02%
2026-08-06 11:47:56 INFO     strategy        PnL: 11:47:56 MTM=-154.00 Loss=0.02%
2026-08-06 11:47:57 INFO     strategy        PnL: 11:47:57 MTM=-148.00 Loss=0.02%
2026-08-06 11:47:58 INFO     strategy        PnL: 11:47:58 MTM=-106.00 Loss=0.02%
2026-08-06 11:47:59 INFO     strategy        PnL: 11:47:59 MTM=-112.00 Loss=0.02%
2026-08-06 11:48:00 INFO     strategy        PnL: 11:48:00 MTM=-137.00 Loss=0.02%
2026-08-06 11:48:01 INFO     strategy        PnL: 11:48:01 MTM=-135.00 Loss=0.02%
2026-08-06 11:48:02 INFO     strategy        PnL: 11:48:02 MTM=-122.00 Loss=0.02%
2026-08-06 11:48:03 INFO     strategy        PnL: 11:48:03 MTM=-137.00 Loss=0.02%
2026-08-06 11:48:04 INFO     strategy        PnL: 11:48:04 MTM=-132.00 Loss=0.02%
2026-08-06 11:48:05 INFO     strategy        PnL: 11:48:05 MTM=-120.00 Loss=0.02%
2026-08-06 11:48:06 INFO     strategy        PnL: 11:48:06 MTM=-129.00 Loss=0.02%
2026-08-06 11:48:07 INFO     strategy        PnL: 11:48:07 MTM=-94.00 Loss=0.01%
2026-08-06 11:48:08 INFO     strategy        PnL: 11:48:08 MTM=-117.00 Loss=0.02%
2026-08-06 11:48:09 INFO     strategy        PnL: 11:48:09 MTM=-83.00 Loss=0.01%
2026-08-06 11:48:10 INFO     strategy        PnL: 11:48:10 MTM=-115.00 Loss=0.02%
2026-08-06 11:48:11 INFO     strategy        PnL: 11:48:11 MTM=-111.00 Loss=0.02%
2026-08-06 11:48:12 INFO     strategy        PnL: 11:48:12 MTM=-161.00 Loss=0.02%
2026-08-06 11:48:13 INFO     strategy        PnL: 11:48:13 MTM=-117.00 Loss=0.02%
2026-08-06 11:48:14 INFO     strategy        PnL: 11:48:14 MTM=-126.00 Loss=0.02%
2026-08-06 11:48:15 INFO     strategy        PnL: 11:48:15 MTM=-137.00 Loss=0.02%
2026-08-06 11:48:16 INFO     strategy        PnL: 11:48:16 MTM=-98.00 Loss=0.02%
2026-08-06 11:48:17 INFO     strategy        PnL: 11:48:17 MTM=-139.00 Loss=0.02%
2026-08-06 11:48:18 INFO     strategy        PnL: 11:48:18 MTM=-121.00 Loss=0.02%
2026-08-06 11:48:19 INFO     strategy        PnL: 11:48:19 MTM=-93.00 Loss=0.01%
2026-08-06 11:48:20 INFO     strategy        PnL: 11:48:20 MTM=-78.00 Loss=0.01%
2026-08-06 11:48:21 INFO     strategy        PnL: 11:48:21 MTM=-120.00 Loss=0.02%
2026-08-06 11:48:22 INFO     strategy        PnL: 11:48:22 MTM=-99.00 Loss=0.02%
2026-08-06 11:48:23 INFO     strategy        PnL: 11:48:23 MTM=-113.00 Loss=0.02%
2026-08-06 11:48:24 INFO     strategy        PnL: 11:48:24 MTM=-149.00 Loss=0.02%
2026-08-06 11:48:25 INFO     strategy        PnL: 11:48:25 MTM=-117.00 Loss=0.02%
2026-08-06 11:48:26 INFO     strategy        PnL: 11:48:26 MTM=-131.00 Loss=0.02%
2026-08-06 11:48:27 INFO     strategy        PnL: 11:48:27 MTM=-149.00 Loss=0.02%
2026-08-06 11:48:28 INFO     strategy        PnL: 11:48:28 MTM=-129.00 Loss=0.02%
2026-08-06 11:48:29 INFO     strategy        PnL: 11:48:29 MTM=-113.00 Loss=0.02%
2026-08-06 11:48:30 INFO     strategy        PnL: 11:48:30 MTM=-140.00 Loss=0.02%
2026-08-06 11:48:31 INFO     strategy        PnL: 11:48:31 MTM=-165.00 Loss=0.03%
2026-08-06 11:48:32 INFO     strategy        PnL: 11:48:32 MTM=-150.00 Loss=0.02%
2026-08-06 11:48:33 INFO     strategy        PnL: 11:48:33 MTM=-112.00 Loss=0.02%
2026-08-06 11:48:34 INFO     strategy        PnL: 11:48:34 MTM=-105.00 Loss=0.02%
2026-08-06 11:48:35 INFO     strategy        PnL: 11:48:35 MTM=-130.00 Loss=0.02%
2026-08-06 11:48:36 INFO     strategy        PnL: 11:48:36 MTM=-171.00 Loss=0.03%
2026-08-06 11:48:37 INFO     strategy        PnL: 11:48:37 MTM=-152.00 Loss=0.02%
2026-08-06 11:48:38 INFO     strategy        PnL: 11:48:38 MTM=-168.00 Loss=0.03%
2026-08-06 11:48:39 INFO     strategy        PnL: 11:48:39 MTM=-151.00 Loss=0.02%
2026-08-06 11:48:40 INFO     strategy        PnL: 11:48:40 MTM=-152.00 Loss=0.02%
2026-08-06 11:48:41 INFO     strategy        PnL: 11:48:41 MTM=-103.00 Loss=0.02%
2026-08-06 11:48:42 INFO     strategy        PnL: 11:48:42 MTM=-114.00 Loss=0.02%
2026-08-06 11:48:43 INFO     strategy        PnL: 11:48:43 MTM=-162.00 Loss=0.02%
2026-08-06 11:48:44 INFO     strategy        PnL: 11:48:44 MTM=-164.00 Loss=0.03%
2026-08-06 11:48:45 INFO     strategy        PnL: 11:48:45 MTM=-177.00 Loss=0.03%
2026-08-06 11:48:46 INFO     strategy        PnL: 11:48:46 MTM=-139.00 Loss=0.02%
2026-08-06 11:48:47 INFO     strategy        PnL: 11:48:47 MTM=-167.00 Loss=0.03%
2026-08-06 11:48:48 INFO     strategy        PnL: 11:48:48 MTM=-154.00 Loss=0.02%
2026-08-06 11:48:49 INFO     strategy        PnL: 11:48:49 MTM=-222.00 Loss=0.03%
2026-08-06 11:48:50 INFO     strategy        PnL: 11:48:50 MTM=-177.00 Loss=0.03%
2026-08-06 11:48:51 INFO     strategy        PnL: 11:48:51 MTM=-141.00 Loss=0.02%
2026-08-06 11:48:52 INFO     strategy        PnL: 11:48:52 MTM=-134.00 Loss=0.02%
2026-08-06 11:48:53 INFO     strategy        PnL: 11:48:53 MTM=-142.00 Loss=0.02%
2026-08-06 11:48:54 INFO     strategy        PnL: 11:48:54 MTM=-131.00 Loss=0.02%
2026-08-06 11:48:55 INFO     strategy        PnL: 11:48:55 MTM=-142.00 Loss=0.02%
2026-08-06 11:48:56 INFO     strategy        PnL: 11:48:56 MTM=-141.00 Loss=0.02%
2026-08-06 11:48:57 INFO     strategy        PnL: 11:48:57 MTM=-131.00 Loss=0.02%
2026-08-06 11:48:58 INFO     strategy        PnL: 11:48:58 MTM=-126.00 Loss=0.02%
2026-08-06 11:48:59 INFO     strategy        PnL: 11:48:59 MTM=-138.00 Loss=0.02%
2026-08-06 11:49:00 INFO     strategy        PnL: 11:49:00 MTM=-145.00 Loss=0.02%
2026-08-06 11:49:01 INFO     strategy        PnL: 11:49:01 MTM=-155.00 Loss=0.02%
2026-08-06 11:49:02 INFO     strategy        PnL: 11:49:02 MTM=-173.00 Loss=0.03%
2026-08-06 11:49:03 INFO     strategy        PnL: 11:49:03 MTM=-182.00 Loss=0.03%
2026-08-06 11:49:04 INFO     strategy        PnL: 11:49:04 MTM=-160.00 Loss=0.02%
2026-08-06 11:49:05 INFO     strategy        PnL: 11:49:05 MTM=-155.00 Loss=0.02%
2026-08-06 11:49:06 INFO     strategy        PnL: 11:49:06 MTM=-157.00 Loss=0.02%
2026-08-06 11:49:07 INFO     strategy        PnL: 11:49:07 MTM=-155.00 Loss=0.02%
2026-08-06 11:49:08 INFO     strategy        PnL: 11:49:08 MTM=-170.00 Loss=0.03%
2026-08-06 11:49:09 INFO     strategy        PnL: 11:49:09 MTM=-159.00 Loss=0.02%
2026-08-06 11:49:10 INFO     strategy        PnL: 11:49:10 MTM=-139.00 Loss=0.02%
2026-08-06 11:49:12 INFO     strategy        PnL: 11:49:12 MTM=-157.00 Loss=0.02%
2026-08-06 11:49:13 INFO     strategy        PnL: 11:49:13 MTM=-155.00 Loss=0.02%
2026-08-06 11:49:14 INFO     strategy        PnL: 11:49:14 MTM=-181.00 Loss=0.03%
2026-08-06 11:49:15 INFO     strategy        PnL: 11:49:15 MTM=-150.00 Loss=0.02%
2026-08-06 11:49:16 INFO     strategy        PnL: 11:49:16 MTM=-177.00 Loss=0.03%
2026-08-06 11:49:17 INFO     strategy        PnL: 11:49:17 MTM=-169.00 Loss=0.03%
2026-08-06 11:49:18 INFO     strategy        PnL: 11:49:18 MTM=-176.00 Loss=0.03%
2026-08-06 11:49:19 INFO     strategy        PnL: 11:49:19 MTM=-186.00 Loss=0.03%
2026-08-06 11:49:20 INFO     strategy        PnL: 11:49:20 MTM=-157.00 Loss=0.02%
2026-08-06 11:49:21 INFO     strategy        PnL: 11:49:21 MTM=-169.00 Loss=0.03%
2026-08-06 11:49:22 INFO     strategy        PnL: 11:49:22 MTM=-132.00 Loss=0.02%
2026-08-06 11:49:23 INFO     strategy        PnL: 11:49:23 MTM=-134.00 Loss=0.02%
2026-08-06 11:49:24 INFO     strategy        PnL: 11:49:24 MTM=-157.00 Loss=0.02%
2026-08-06 11:49:25 INFO     strategy        PnL: 11:49:25 MTM=-163.00 Loss=0.03%
2026-08-06 11:49:26 INFO     strategy        PnL: 11:49:26 MTM=-167.00 Loss=0.03%
2026-08-06 11:49:27 INFO     strategy        PnL: 11:49:27 MTM=-170.00 Loss=0.03%
2026-08-06 11:49:28 INFO     strategy        PnL: 11:49:28 MTM=-151.00 Loss=0.02%
2026-08-06 11:49:29 INFO     strategy        PnL: 11:49:29 MTM=-136.00 Loss=0.02%
2026-08-06 11:49:30 INFO     strategy        PnL: 11:49:30 MTM=-169.00 Loss=0.03%
2026-08-06 11:49:31 INFO     strategy        PnL: 11:49:31 MTM=-165.00 Loss=0.03%
2026-08-06 11:49:32 INFO     strategy        PnL: 11:49:32 MTM=-176.00 Loss=0.03%
2026-08-06 11:49:33 INFO     strategy        PnL: 11:49:33 MTM=-149.00 Loss=0.02%
2026-08-06 11:49:34 INFO     strategy        PnL: 11:49:34 MTM=-132.00 Loss=0.02%
2026-08-06 11:49:35 INFO     strategy        PnL: 11:49:35 MTM=-179.00 Loss=0.03%
2026-08-06 11:49:36 INFO     strategy        PnL: 11:49:36 MTM=-163.00 Loss=0.03%
2026-08-06 11:49:37 INFO     strategy        PnL: 11:49:37 MTM=-146.00 Loss=0.02%
2026-08-06 11:49:38 INFO     strategy        PnL: 11:49:38 MTM=-138.00 Loss=0.02%
2026-08-06 11:49:39 INFO     strategy        PnL: 11:49:39 MTM=-222.00 Loss=0.03%
2026-08-06 11:49:40 INFO     strategy        PnL: 11:49:40 MTM=-186.00 Loss=0.03%
2026-08-06 11:49:41 INFO     strategy        PnL: 11:49:41 MTM=-184.00 Loss=0.03%
2026-08-06 11:49:42 INFO     strategy        PnL: 11:49:42 MTM=-134.00 Loss=0.02%
2026-08-06 11:49:43 INFO     strategy        PnL: 11:49:43 MTM=-169.00 Loss=0.03%
2026-08-06 11:49:44 INFO     strategy        PnL: 11:49:44 MTM=-155.00 Loss=0.02%
2026-08-06 11:49:45 INFO     strategy        PnL: 11:49:45 MTM=-161.00 Loss=0.02%
2026-08-06 11:49:46 INFO     strategy        PnL: 11:49:46 MTM=-181.00 Loss=0.03%
2026-08-06 11:49:47 INFO     strategy        PnL: 11:49:47 MTM=-186.00 Loss=0.03%
2026-08-06 11:49:48 INFO     strategy        PnL: 11:49:48 MTM=-202.00 Loss=0.03%
2026-08-06 11:49:49 INFO     strategy        PnL: 11:49:49 MTM=-186.00 Loss=0.03%
2026-08-06 11:49:50 INFO     strategy        PnL: 11:49:50 MTM=-163.00 Loss=0.03%
2026-08-06 11:49:51 INFO     strategy        PnL: 11:49:51 MTM=-139.00 Loss=0.02%
2026-08-06 11:49:52 INFO     strategy        PnL: 11:49:52 MTM=-185.00 Loss=0.03%
2026-08-06 11:49:53 INFO     strategy        PnL: 11:49:53 MTM=-137.00 Loss=0.02%
2026-08-06 11:49:54 INFO     strategy        PnL: 11:49:54 MTM=-163.00 Loss=0.03%
2026-08-06 11:49:55 INFO     strategy        PnL: 11:49:55 MTM=-179.00 Loss=0.03%
2026-08-06 11:49:56 INFO     strategy        PnL: 11:49:56 MTM=-199.00 Loss=0.03%
2026-08-06 11:49:57 INFO     strategy        PnL: 11:49:57 MTM=-189.00 Loss=0.03%
2026-08-06 11:49:58 INFO     strategy        PnL: 11:49:58 MTM=-164.00 Loss=0.03%
2026-08-06 11:49:59 INFO     strategy        PnL: 11:49:59 MTM=-192.00 Loss=0.03%
2026-08-06 11:50:00 INFO     strategy        PnL: 11:50:00 MTM=-196.00 Loss=0.03%
2026-08-06 11:50:01 INFO     strategy        PnL: 11:50:01 MTM=-213.00 Loss=0.03%
2026-08-06 11:50:02 INFO     strategy        PnL: 11:50:02 MTM=-256.00 Loss=0.04%
2026-08-06 11:50:03 INFO     strategy        PnL: 11:50:03 MTM=-225.00 Loss=0.03%
2026-08-06 11:50:04 INFO     strategy        PnL: 11:50:04 MTM=-209.00 Loss=0.03%
2026-08-06 11:50:05 INFO     strategy        PnL: 11:50:05 MTM=-223.00 Loss=0.03%
2026-08-06 11:50:06 INFO     strategy        PnL: 11:50:06 MTM=-191.00 Loss=0.03%
2026-08-06 11:50:07 INFO     strategy        PnL: 11:50:07 MTM=-212.00 Loss=0.03%
2026-08-06 11:50:08 INFO     strategy        PnL: 11:50:08 MTM=-209.00 Loss=0.03%
2026-08-06 11:50:09 INFO     strategy        PnL: 11:50:09 MTM=-209.00 Loss=0.03%
2026-08-06 11:50:10 INFO     strategy        PnL: 11:50:10 MTM=-240.00 Loss=0.04%
2026-08-06 11:50:11 INFO     strategy        PnL: 11:50:11 MTM=-274.00 Loss=0.04%
2026-08-06 11:50:12 INFO     strategy        PnL: 11:50:12 MTM=-235.00 Loss=0.04%
2026-08-06 11:50:13 INFO     strategy        PnL: 11:50:13 MTM=-241.00 Loss=0.04%
2026-08-06 11:50:14 INFO     strategy        PnL: 11:50:14 MTM=-208.00 Loss=0.03%
2026-08-06 11:50:15 INFO     strategy        PnL: 11:50:15 MTM=-248.00 Loss=0.04%
2026-08-06 11:50:16 INFO     strategy        PnL: 11:50:16 MTM=-206.00 Loss=0.03%
2026-08-06 11:50:17 INFO     strategy        PnL: 11:50:17 MTM=-239.00 Loss=0.04%
2026-08-06 11:50:18 INFO     strategy        PnL: 11:50:18 MTM=-273.00 Loss=0.04%
2026-08-06 11:50:19 INFO     strategy        PnL: 11:50:19 MTM=-270.00 Loss=0.04%
2026-08-06 11:50:20 INFO     strategy        PnL: 11:50:20 MTM=-237.00 Loss=0.04%
2026-08-06 11:50:21 INFO     strategy        PnL: 11:50:21 MTM=-238.00 Loss=0.04%
2026-08-06 11:50:22 INFO     strategy        PnL: 11:50:22 MTM=-218.00 Loss=0.03%
2026-08-06 11:50:23 INFO     strategy        PnL: 11:50:23 MTM=-238.00 Loss=0.04%
2026-08-06 11:50:24 INFO     strategy        PnL: 11:50:24 MTM=-210.00 Loss=0.03%
2026-08-06 11:50:25 INFO     strategy        PnL: 11:50:25 MTM=-261.00 Loss=0.04%
2026-08-06 11:50:26 INFO     strategy        PnL: 11:50:26 MTM=-245.00 Loss=0.04%
2026-08-06 11:50:27 INFO     strategy        PnL: 11:50:27 MTM=-243.00 Loss=0.04%
2026-08-06 11:50:28 INFO     strategy        PnL: 11:50:28 MTM=-254.00 Loss=0.04%
2026-08-06 11:50:29 INFO     strategy        PnL: 11:50:29 MTM=-284.00 Loss=0.04%
2026-08-06 11:50:30 INFO     strategy        PnL: 11:50:30 MTM=-213.00 Loss=0.03%
2026-08-06 11:50:31 INFO     strategy        PnL: 11:50:31 MTM=-280.00 Loss=0.04%
2026-08-06 11:50:32 INFO     strategy        PnL: 11:50:32 MTM=-226.00 Loss=0.03%
2026-08-06 11:50:33 INFO     strategy        PnL: 11:50:33 MTM=-247.00 Loss=0.04%
2026-08-06 11:50:34 INFO     strategy        PnL: 11:50:34 MTM=-257.00 Loss=0.04%
2026-08-06 11:50:35 INFO     strategy        PnL: 11:50:35 MTM=-220.00 Loss=0.03%
2026-08-06 11:50:36 INFO     strategy        PnL: 11:50:36 MTM=-223.00 Loss=0.03%
2026-08-06 11:50:37 INFO     strategy        PnL: 11:50:37 MTM=-221.00 Loss=0.03%
2026-08-06 11:50:38 INFO     strategy        PnL: 11:50:38 MTM=-198.00 Loss=0.03%
2026-08-06 11:50:39 INFO     strategy        PnL: 11:50:39 MTM=-232.00 Loss=0.04%
2026-08-06 11:50:40 INFO     strategy        PnL: 11:50:40 MTM=-239.00 Loss=0.04%
2026-08-06 11:50:41 INFO     strategy        PnL: 11:50:41 MTM=-230.00 Loss=0.04%
2026-08-06 11:50:42 INFO     strategy        PnL: 11:50:42 MTM=-251.00 Loss=0.04%
2026-08-06 11:50:43 INFO     strategy        PnL: 11:50:43 MTM=-192.00 Loss=0.03%
2026-08-06 11:50:44 INFO     strategy        PnL: 11:50:44 MTM=-232.00 Loss=0.04%
2026-08-06 11:50:45 INFO     strategy        PnL: 11:50:45 MTM=-230.00 Loss=0.04%
2026-08-06 11:50:46 INFO     strategy        PnL: 11:50:46 MTM=-257.00 Loss=0.04%
2026-08-06 11:50:47 INFO     strategy        PnL: 11:50:47 MTM=-227.00 Loss=0.04%
2026-08-06 11:50:48 INFO     strategy        PnL: 11:50:48 MTM=-210.00 Loss=0.03%
2026-08-06 11:50:49 INFO     strategy        PnL: 11:50:49 MTM=-225.00 Loss=0.03%
2026-08-06 11:50:50 INFO     strategy        PnL: 11:50:50 MTM=-214.00 Loss=0.03%
2026-08-06 11:50:52 INFO     strategy        PnL: 11:50:52 MTM=-179.00 Loss=0.03%
2026-08-06 11:50:53 INFO     strategy        PnL: 11:50:53 MTM=-180.00 Loss=0.03%
2026-08-06 11:50:54 INFO     strategy        PnL: 11:50:54 MTM=-177.00 Loss=0.03%
2026-08-06 11:50:55 INFO     strategy        PnL: 11:50:55 MTM=-199.00 Loss=0.03%
2026-08-06 11:50:56 INFO     strategy        PnL: 11:50:56 MTM=-218.00 Loss=0.03%
2026-08-06 11:50:57 INFO     strategy        PnL: 11:50:57 MTM=-188.00 Loss=0.03%
2026-08-06 11:50:58 INFO     strategy        PnL: 11:50:58 MTM=-214.00 Loss=0.03%
2026-08-06 11:50:59 INFO     strategy        PnL: 11:50:59 MTM=-217.00 Loss=0.03%
2026-08-06 11:51:00 INFO     strategy        PnL: 11:51:00 MTM=-238.00 Loss=0.04%
2026-08-06 11:51:01 INFO     strategy        PnL: 11:51:01 MTM=-206.00 Loss=0.03%
2026-08-06 11:51:02 INFO     strategy        PnL: 11:51:02 MTM=-241.00 Loss=0.04%
2026-08-06 11:51:03 INFO     strategy        PnL: 11:51:03 MTM=-260.00 Loss=0.04%
2026-08-06 11:51:04 INFO     strategy        PnL: 11:51:04 MTM=-190.00 Loss=0.03%
2026-08-06 11:51:05 INFO     strategy        PnL: 11:51:05 MTM=-210.00 Loss=0.03%
2026-08-06 11:51:06 INFO     strategy        PnL: 11:51:06 MTM=-218.00 Loss=0.03%
2026-08-06 11:51:07 INFO     strategy        PnL: 11:51:07 MTM=-214.00 Loss=0.03%
2026-08-06 11:51:08 INFO     strategy        PnL: 11:51:08 MTM=-252.00 Loss=0.04%
2026-08-06 11:51:09 INFO     strategy        PnL: 11:51:09 MTM=-242.00 Loss=0.04%
2026-08-06 11:51:10 INFO     strategy        PnL: 11:51:10 MTM=-282.00 Loss=0.04%
2026-08-06 11:51:11 INFO     strategy        PnL: 11:51:11 MTM=-291.00 Loss=0.04%
2026-08-06 11:51:12 INFO     strategy        PnL: 11:51:12 MTM=-283.00 Loss=0.04%
2026-08-06 11:51:13 INFO     strategy        PnL: 11:51:13 MTM=-249.00 Loss=0.04%
2026-08-06 11:51:14 INFO     strategy        PnL: 11:51:14 MTM=-266.00 Loss=0.04%
2026-08-06 11:51:15 INFO     strategy        PnL: 11:51:15 MTM=-296.00 Loss=0.05%
2026-08-06 11:51:16 INFO     strategy        PnL: 11:51:16 MTM=-244.00 Loss=0.04%
2026-08-06 11:51:17 INFO     strategy        PnL: 11:51:17 MTM=-313.00 Loss=0.05%
2026-08-06 11:51:18 INFO     strategy        PnL: 11:51:18 MTM=-310.00 Loss=0.05%
2026-08-06 11:51:19 INFO     strategy        PnL: 11:51:19 MTM=-325.00 Loss=0.05%
2026-08-06 11:51:20 INFO     strategy        PnL: 11:51:20 MTM=-333.00 Loss=0.05%
2026-08-06 11:51:21 INFO     strategy        PnL: 11:51:21 MTM=-332.00 Loss=0.05%
2026-08-06 11:51:22 INFO     strategy        PnL: 11:51:22 MTM=-302.00 Loss=0.05%
2026-08-06 11:51:23 INFO     strategy        PnL: 11:51:23 MTM=-338.00 Loss=0.05%
2026-08-06 11:51:24 INFO     strategy        PnL: 11:51:24 MTM=-327.00 Loss=0.05%
2026-08-06 11:51:25 INFO     strategy        PnL: 11:51:25 MTM=-303.00 Loss=0.05%
2026-08-06 11:51:26 INFO     strategy        PnL: 11:51:26 MTM=-329.00 Loss=0.05%
2026-08-06 11:51:27 INFO     strategy        PnL: 11:51:27 MTM=-324.00 Loss=0.05%
2026-08-06 11:51:28 INFO     strategy        PnL: 11:51:28 MTM=-268.00 Loss=0.04%
2026-08-06 11:51:29 INFO     strategy        PnL: 11:51:29 MTM=-273.00 Loss=0.04%
2026-08-06 11:51:30 INFO     strategy        PnL: 11:51:30 MTM=-264.00 Loss=0.04%
2026-08-06 11:51:31 INFO     strategy        PnL: 11:51:31 MTM=-324.00 Loss=0.05%
2026-08-06 11:51:32 INFO     strategy        PnL: 11:51:32 MTM=-287.00 Loss=0.04%
2026-08-06 11:51:33 INFO     strategy        PnL: 11:51:33 MTM=-295.00 Loss=0.05%
2026-08-06 11:51:34 INFO     strategy        PnL: 11:51:34 MTM=-300.00 Loss=0.05%
2026-08-06 11:51:35 INFO     strategy        PnL: 11:51:35 MTM=-306.00 Loss=0.05%
2026-08-06 11:51:36 INFO     strategy        PnL: 11:51:36 MTM=-312.00 Loss=0.05%
2026-08-06 11:51:37 INFO     strategy        PnL: 11:51:37 MTM=-368.00 Loss=0.06%
2026-08-06 11:51:38 INFO     strategy        PnL: 11:51:38 MTM=-348.00 Loss=0.05%
2026-08-06 11:51:39 INFO     strategy        PnL: 11:51:39 MTM=-318.00 Loss=0.05%
2026-08-06 11:51:40 INFO     strategy        PnL: 11:51:40 MTM=-275.00 Loss=0.04%
2026-08-06 11:51:41 INFO     strategy        PnL: 11:51:41 MTM=-308.00 Loss=0.05%
2026-08-06 11:51:42 INFO     strategy        PnL: 11:51:42 MTM=-300.00 Loss=0.05%
2026-08-06 11:51:43 INFO     strategy        PnL: 11:51:43 MTM=-291.00 Loss=0.04%
2026-08-06 11:51:44 INFO     strategy        PnL: 11:51:44 MTM=-276.00 Loss=0.04%
2026-08-06 11:51:45 INFO     strategy        PnL: 11:51:45 MTM=-244.00 Loss=0.04%
2026-08-06 11:51:46 INFO     strategy        PnL: 11:51:46 MTM=-275.00 Loss=0.04%
2026-08-06 11:51:47 INFO     strategy        PnL: 11:51:47 MTM=-248.00 Loss=0.04%
2026-08-06 11:51:48 INFO     strategy        PnL: 11:51:48 MTM=-218.00 Loss=0.03%
2026-08-06 11:51:49 INFO     strategy        PnL: 11:51:49 MTM=-292.00 Loss=0.05%
2026-08-06 11:51:50 INFO     strategy        PnL: 11:51:50 MTM=-289.00 Loss=0.04%
2026-08-06 11:51:51 INFO     strategy        PnL: 11:51:51 MTM=-285.00 Loss=0.04%
2026-08-06 11:51:52 INFO     strategy        PnL: 11:51:52 MTM=-309.00 Loss=0.05%
2026-08-06 11:51:53 INFO     strategy        PnL: 11:51:53 MTM=-326.00 Loss=0.05%
2026-08-06 11:51:54 INFO     strategy        PnL: 11:51:54 MTM=-284.00 Loss=0.04%
2026-08-06 11:51:55 INFO     strategy        PnL: 11:51:55 MTM=-311.00 Loss=0.05%
2026-08-06 11:51:56 INFO     strategy        PnL: 11:51:56 MTM=-285.00 Loss=0.04%
2026-08-06 11:51:57 INFO     strategy        PnL: 11:51:57 MTM=-329.00 Loss=0.05%
2026-08-06 11:51:58 INFO     strategy        PnL: 11:51:58 MTM=-316.00 Loss=0.05%
2026-08-06 11:51:59 INFO     strategy        PnL: 11:51:59 MTM=-293.00 Loss=0.05%
2026-08-06 11:52:00 INFO     strategy        PnL: 11:52:00 MTM=-287.00 Loss=0.04%
2026-08-06 11:52:01 INFO     strategy        PnL: 11:52:01 MTM=-297.00 Loss=0.05%
2026-08-06 11:52:02 INFO     strategy        PnL: 11:52:02 MTM=-291.00 Loss=0.04%
2026-08-06 11:52:03 INFO     strategy        PnL: 11:52:03 MTM=-308.00 Loss=0.05%
2026-08-06 11:52:04 INFO     strategy        PnL: 11:52:04 MTM=-307.00 Loss=0.05%
2026-08-06 11:52:05 INFO     strategy        PnL: 11:52:05 MTM=-304.00 Loss=0.05%
2026-08-06 11:52:06 INFO     strategy        PnL: 11:52:06 MTM=-278.00 Loss=0.04%
2026-08-06 11:52:07 INFO     strategy        PnL: 11:52:07 MTM=-282.00 Loss=0.04%
2026-08-06 11:52:08 INFO     strategy        PnL: 11:52:08 MTM=-277.00 Loss=0.04%
2026-08-06 11:52:09 INFO     strategy        PnL: 11:52:09 MTM=-275.00 Loss=0.04%
2026-08-06 11:52:10 INFO     strategy        PnL: 11:52:10 MTM=-260.00 Loss=0.04%
2026-08-06 11:52:11 INFO     strategy        PnL: 11:52:11 MTM=-288.00 Loss=0.04%
2026-08-06 11:52:12 INFO     strategy        PnL: 11:52:12 MTM=-255.00 Loss=0.04%
2026-08-06 11:52:13 INFO     strategy        PnL: 11:52:13 MTM=-238.00 Loss=0.04%
2026-08-06 11:52:14 INFO     strategy        PnL: 11:52:14 MTM=-265.00 Loss=0.04%
2026-08-06 11:52:15 INFO     strategy        PnL: 11:52:15 MTM=-240.00 Loss=0.04%
2026-08-06 11:52:16 INFO     strategy        PnL: 11:52:16 MTM=-255.00 Loss=0.04%
2026-08-06 11:52:17 INFO     strategy        PnL: 11:52:17 MTM=-243.00 Loss=0.04%
2026-08-06 11:52:18 INFO     strategy        PnL: 11:52:18 MTM=-259.00 Loss=0.04%
2026-08-06 11:52:19 INFO     strategy        PnL: 11:52:19 MTM=-289.00 Loss=0.04%
2026-08-06 11:52:20 INFO     strategy        PnL: 11:52:20 MTM=-251.00 Loss=0.04%
2026-08-06 11:52:21 INFO     strategy        PnL: 11:52:21 MTM=-302.00 Loss=0.05%
2026-08-06 11:52:22 INFO     strategy        PnL: 11:52:22 MTM=-300.00 Loss=0.05%
2026-08-06 11:52:23 INFO     strategy        PnL: 11:52:23 MTM=-340.00 Loss=0.05%
2026-08-06 11:52:24 INFO     strategy        PnL: 11:52:24 MTM=-301.00 Loss=0.05%
2026-08-06 11:52:25 INFO     strategy        PnL: 11:52:25 MTM=-316.00 Loss=0.05%
2026-08-06 11:52:26 INFO     strategy        PnL: 11:52:26 MTM=-288.00 Loss=0.04%
2026-08-06 11:52:27 INFO     strategy        PnL: 11:52:27 MTM=-344.00 Loss=0.05%
2026-08-06 11:52:28 INFO     strategy        PnL: 11:52:28 MTM=-354.00 Loss=0.05%
2026-08-06 11:52:29 INFO     strategy        PnL: 11:52:29 MTM=-349.00 Loss=0.05%
2026-08-06 11:52:30 INFO     strategy        PnL: 11:52:30 MTM=-348.00 Loss=0.05%
2026-08-06 11:52:31 INFO     strategy        PnL: 11:52:31 MTM=-285.00 Loss=0.04%
2026-08-06 11:52:32 INFO     strategy        PnL: 11:52:32 MTM=-316.00 Loss=0.05%
2026-08-06 11:52:34 INFO     strategy        PnL: 11:52:34 MTM=-311.00 Loss=0.05%
2026-08-06 11:52:35 INFO     strategy        PnL: 11:52:35 MTM=-311.00 Loss=0.05%
2026-08-06 11:52:36 INFO     strategy        PnL: 11:52:36 MTM=-286.00 Loss=0.04%
2026-08-06 11:52:37 INFO     strategy        PnL: 11:52:37 MTM=-363.00 Loss=0.06%
2026-08-06 11:52:38 INFO     strategy        PnL: 11:52:38 MTM=-327.00 Loss=0.05%
2026-08-06 11:52:39 INFO     strategy        PnL: 11:52:39 MTM=-343.00 Loss=0.05%
2026-08-06 11:52:40 INFO     strategy        PnL: 11:52:40 MTM=-361.00 Loss=0.06%
2026-08-06 11:52:41 INFO     strategy        PnL: 11:52:41 MTM=-320.00 Loss=0.05%
2026-08-06 11:52:42 INFO     strategy        PnL: 11:52:42 MTM=-251.00 Loss=0.04%
2026-08-06 11:52:43 INFO     strategy        PnL: 11:52:43 MTM=-325.00 Loss=0.05%
2026-08-06 11:52:44 INFO     strategy        PnL: 11:52:44 MTM=-302.00 Loss=0.05%
2026-08-06 11:52:45 INFO     strategy        PnL: 11:52:45 MTM=-313.00 Loss=0.05%
2026-08-06 11:52:46 INFO     strategy        PnL: 11:52:46 MTM=-377.00 Loss=0.06%
2026-08-06 11:52:47 INFO     strategy        PnL: 11:52:47 MTM=-339.00 Loss=0.05%
2026-08-06 11:52:48 INFO     strategy        PnL: 11:52:48 MTM=-324.00 Loss=0.05%
2026-08-06 11:52:49 INFO     strategy        PnL: 11:52:49 MTM=-283.00 Loss=0.04%
2026-08-06 11:52:50 INFO     strategy        PnL: 11:52:50 MTM=-306.00 Loss=0.05%
2026-08-06 11:52:51 INFO     strategy        PnL: 11:52:51 MTM=-325.00 Loss=0.05%
2026-08-06 11:52:52 INFO     strategy        PnL: 11:52:52 MTM=-315.00 Loss=0.05%
2026-08-06 11:52:53 INFO     strategy        PnL: 11:52:53 MTM=-295.00 Loss=0.05%
2026-08-06 11:52:54 INFO     strategy        PnL: 11:52:54 MTM=-304.00 Loss=0.05%
2026-08-06 11:52:55 INFO     strategy        PnL: 11:52:55 MTM=-262.00 Loss=0.04%
2026-08-06 11:52:56 INFO     strategy        PnL: 11:52:56 MTM=-301.00 Loss=0.05%
2026-08-06 11:52:57 INFO     strategy        PnL: 11:52:57 MTM=-295.00 Loss=0.05%
2026-08-06 11:52:58 INFO     strategy        PnL: 11:52:58 MTM=-253.00 Loss=0.04%
2026-08-06 11:52:59 INFO     strategy        PnL: 11:52:59 MTM=-266.00 Loss=0.04%
2026-08-06 11:53:00 INFO     strategy        PnL: 11:53:00 MTM=-288.00 Loss=0.04%
2026-08-06 11:53:01 INFO     strategy        PnL: 11:53:01 MTM=-350.00 Loss=0.05%
2026-08-06 11:53:02 INFO     strategy        PnL: 11:53:02 MTM=-298.00 Loss=0.05%
2026-08-06 11:53:03 INFO     strategy        PnL: 11:53:03 MTM=-277.00 Loss=0.04%
2026-08-06 11:53:04 INFO     strategy        PnL: 11:53:04 MTM=-279.00 Loss=0.04%
2026-08-06 11:53:05 INFO     strategy        PnL: 11:53:05 MTM=-310.00 Loss=0.05%
2026-08-06 11:53:06 INFO     strategy        PnL: 11:53:06 MTM=-283.00 Loss=0.04%
2026-08-06 11:53:07 INFO     strategy        PnL: 11:53:07 MTM=-324.00 Loss=0.05%
2026-08-06 11:53:08 INFO     strategy        PnL: 11:53:08 MTM=-300.00 Loss=0.05%
2026-08-06 11:53:09 INFO     strategy        PnL: 11:53:09 MTM=-294.00 Loss=0.05%
2026-08-06 11:53:10 INFO     strategy        PnL: 11:53:10 MTM=-329.00 Loss=0.05%
2026-08-06 11:53:11 INFO     strategy        PnL: 11:53:11 MTM=-312.00 Loss=0.05%
2026-08-06 11:53:12 INFO     strategy        PnL: 11:53:12 MTM=-305.00 Loss=0.05%
2026-08-06 11:53:13 INFO     strategy        PnL: 11:53:13 MTM=-313.00 Loss=0.05%
2026-08-06 11:53:14 INFO     strategy        PnL: 11:53:14 MTM=-319.00 Loss=0.05%
2026-08-06 11:53:15 INFO     strategy        PnL: 11:53:15 MTM=-346.00 Loss=0.05%
2026-08-06 11:53:16 INFO     strategy        PnL: 11:53:16 MTM=-329.00 Loss=0.05%
2026-08-06 11:53:17 INFO     strategy        PnL: 11:53:17 MTM=-294.00 Loss=0.05%
2026-08-06 11:53:18 INFO     strategy        PnL: 11:53:18 MTM=-279.00 Loss=0.04%
2026-08-06 11:53:19 INFO     strategy        PnL: 11:53:19 MTM=-282.00 Loss=0.04%
2026-08-06 11:53:20 INFO     strategy        PnL: 11:53:20 MTM=-250.00 Loss=0.04%
2026-08-06 11:53:21 INFO     strategy        PnL: 11:53:21 MTM=-258.00 Loss=0.04%
2026-08-06 11:53:22 INFO     strategy        PnL: 11:53:22 MTM=-243.00 Loss=0.04%
2026-08-06 11:53:23 INFO     strategy        PnL: 11:53:23 MTM=-256.00 Loss=0.04%
2026-08-06 11:53:24 INFO     strategy        PnL: 11:53:24 MTM=-240.00 Loss=0.04%
2026-08-06 11:53:25 INFO     strategy        PnL: 11:53:25 MTM=-232.00 Loss=0.04%
2026-08-06 11:53:26 INFO     strategy        PnL: 11:53:26 MTM=-234.00 Loss=0.04%
2026-08-06 11:53:27 INFO     strategy        PnL: 11:53:27 MTM=-253.00 Loss=0.04%
2026-08-06 11:53:28 INFO     strategy        PnL: 11:53:28 MTM=-256.00 Loss=0.04%
2026-08-06 11:53:29 INFO     strategy        PnL: 11:53:29 MTM=-246.00 Loss=0.04%
2026-08-06 11:53:30 INFO     strategy        PnL: 11:53:30 MTM=-237.00 Loss=0.04%
2026-08-06 11:53:31 INFO     strategy        PnL: 11:53:31 MTM=-256.00 Loss=0.04%
2026-08-06 11:53:32 INFO     strategy        PnL: 11:53:32 MTM=-254.00 Loss=0.04%
2026-08-06 11:53:33 INFO     strategy        PnL: 11:53:33 MTM=-285.00 Loss=0.04%
2026-08-06 11:53:34 INFO     strategy        PnL: 11:53:34 MTM=-266.00 Loss=0.04%
2026-08-06 11:53:35 INFO     strategy        PnL: 11:53:35 MTM=-290.00 Loss=0.04%
2026-08-06 11:53:36 INFO     strategy        PnL: 11:53:36 MTM=-254.00 Loss=0.04%
2026-08-06 11:53:37 INFO     strategy        PnL: 11:53:37 MTM=-245.00 Loss=0.04%
2026-08-06 11:53:38 INFO     strategy        PnL: 11:53:38 MTM=-257.00 Loss=0.04%
2026-08-06 11:53:39 INFO     strategy        PnL: 11:53:39 MTM=-243.00 Loss=0.04%
2026-08-06 11:53:40 INFO     strategy        PnL: 11:53:40 MTM=-224.00 Loss=0.03%
2026-08-06 11:53:41 INFO     strategy        PnL: 11:53:41 MTM=-237.00 Loss=0.04%
2026-08-06 11:53:42 INFO     strategy        PnL: 11:53:42 MTM=-263.00 Loss=0.04%
2026-08-06 11:53:43 INFO     strategy        PnL: 11:53:43 MTM=-233.00 Loss=0.04%
2026-08-06 11:53:44 INFO     strategy        PnL: 11:53:44 MTM=-205.00 Loss=0.03%
2026-08-06 11:53:45 INFO     strategy        PnL: 11:53:45 MTM=-238.00 Loss=0.04%
2026-08-06 11:53:46 INFO     strategy        PnL: 11:53:46 MTM=-236.00 Loss=0.04%
2026-08-06 11:53:47 INFO     strategy        PnL: 11:53:47 MTM=-226.00 Loss=0.03%
2026-08-06 11:53:48 INFO     strategy        PnL: 11:53:48 MTM=-233.00 Loss=0.04%
2026-08-06 11:53:49 INFO     strategy        PnL: 11:53:49 MTM=-212.00 Loss=0.03%
2026-08-06 11:53:50 INFO     strategy        PnL: 11:53:50 MTM=-272.00 Loss=0.04%
2026-08-06 11:53:51 INFO     strategy        PnL: 11:53:51 MTM=-263.00 Loss=0.04%
2026-08-06 11:53:52 INFO     strategy        PnL: 11:53:52 MTM=-283.00 Loss=0.04%
2026-08-06 11:53:53 INFO     strategy        PnL: 11:53:53 MTM=-278.00 Loss=0.04%
2026-08-06 11:53:54 INFO     strategy        PnL: 11:53:54 MTM=-277.00 Loss=0.04%
2026-08-06 11:53:55 INFO     strategy        PnL: 11:53:55 MTM=-301.00 Loss=0.05%
2026-08-06 11:53:56 INFO     strategy        PnL: 11:53:56 MTM=-296.00 Loss=0.05%
2026-08-06 11:53:57 INFO     strategy        PnL: 11:53:57 MTM=-270.00 Loss=0.04%
2026-08-06 11:53:58 INFO     strategy        PnL: 11:53:58 MTM=-269.00 Loss=0.04%
2026-08-06 11:53:59 INFO     strategy        PnL: 11:53:59 MTM=-294.00 Loss=0.05%
2026-08-06 11:54:00 INFO     strategy        PnL: 11:54:00 MTM=-259.00 Loss=0.04%
2026-08-06 11:54:01 INFO     strategy        PnL: 11:54:01 MTM=-322.00 Loss=0.05%
2026-08-06 11:54:02 INFO     strategy        PnL: 11:54:02 MTM=-273.00 Loss=0.04%
2026-08-06 11:54:03 INFO     strategy        PnL: 11:54:03 MTM=-259.00 Loss=0.04%
2026-08-06 11:54:04 INFO     strategy        PnL: 11:54:04 MTM=-199.00 Loss=0.03%
2026-08-06 11:54:05 INFO     strategy        PnL: 11:54:05 MTM=-274.00 Loss=0.04%
2026-08-06 11:54:06 INFO     strategy        PnL: 11:54:06 MTM=-298.00 Loss=0.05%
2026-08-06 11:54:07 INFO     strategy        PnL: 11:54:07 MTM=-293.00 Loss=0.05%
2026-08-06 11:54:08 INFO     strategy        PnL: 11:54:08 MTM=-236.00 Loss=0.04%
2026-08-06 11:54:10 INFO     strategy        PnL: 11:54:10 MTM=-232.00 Loss=0.04%
2026-08-06 11:54:11 INFO     strategy        PnL: 11:54:11 MTM=-252.00 Loss=0.04%
2026-08-06 11:54:12 INFO     strategy        PnL: 11:54:12 MTM=-275.00 Loss=0.04%
2026-08-06 11:54:13 INFO     strategy        PnL: 11:54:13 MTM=-204.00 Loss=0.03%
2026-08-06 11:54:14 INFO     strategy        PnL: 11:54:14 MTM=-225.00 Loss=0.03%
2026-08-06 11:54:15 INFO     strategy        PnL: 11:54:15 MTM=-238.00 Loss=0.04%
2026-08-06 11:54:16 INFO     strategy        PnL: 11:54:16 MTM=-264.00 Loss=0.04%
2026-08-06 11:54:17 INFO     strategy        PnL: 11:54:17 MTM=-235.00 Loss=0.04%
2026-08-06 11:54:18 INFO     strategy        PnL: 11:54:18 MTM=-251.00 Loss=0.04%
2026-08-06 11:54:19 INFO     strategy        PnL: 11:54:19 MTM=-182.00 Loss=0.03%
2026-08-06 11:54:20 INFO     strategy        PnL: 11:54:20 MTM=-242.00 Loss=0.04%
2026-08-06 11:54:21 INFO     strategy        PnL: 11:54:21 MTM=-238.00 Loss=0.04%
2026-08-06 11:54:22 INFO     strategy        PnL: 11:54:22 MTM=-256.00 Loss=0.04%
2026-08-06 11:54:23 INFO     strategy        PnL: 11:54:23 MTM=-253.00 Loss=0.04%
2026-08-06 11:54:24 INFO     strategy        PnL: 11:54:24 MTM=-223.00 Loss=0.03%
2026-08-06 11:54:25 INFO     strategy        PnL: 11:54:25 MTM=-194.00 Loss=0.03%
2026-08-06 11:54:26 INFO     strategy        PnL: 11:54:26 MTM=-202.00 Loss=0.03%
2026-08-06 11:54:27 INFO     strategy        PnL: 11:54:27 MTM=-203.00 Loss=0.03%
2026-08-06 11:54:28 INFO     strategy        PnL: 11:54:28 MTM=-206.00 Loss=0.03%
2026-08-06 11:54:29 INFO     strategy        PnL: 11:54:29 MTM=-190.00 Loss=0.03%
2026-08-06 11:54:30 INFO     strategy        PnL: 11:54:30 MTM=-199.00 Loss=0.03%
2026-08-06 11:54:31 INFO     strategy        PnL: 11:54:31 MTM=-235.00 Loss=0.04%
2026-08-06 11:54:32 INFO     strategy        PnL: 11:54:32 MTM=-251.00 Loss=0.04%
2026-08-06 11:54:33 INFO     strategy        PnL: 11:54:33 MTM=-262.00 Loss=0.04%
2026-08-06 11:54:34 INFO     strategy        PnL: 11:54:34 MTM=-202.00 Loss=0.03%
2026-08-06 11:54:35 INFO     strategy        PnL: 11:54:35 MTM=-246.00 Loss=0.04%
2026-08-06 11:54:36 INFO     strategy        PnL: 11:54:36 MTM=-194.00 Loss=0.03%
2026-08-06 11:54:37 INFO     strategy        PnL: 11:54:37 MTM=-230.00 Loss=0.04%
2026-08-06 11:54:38 INFO     strategy        PnL: 11:54:38 MTM=-209.00 Loss=0.03%
2026-08-06 11:54:39 INFO     strategy        PnL: 11:54:39 MTM=-237.00 Loss=0.04%
2026-08-06 11:54:40 INFO     strategy        PnL: 11:54:40 MTM=-230.00 Loss=0.04%
2026-08-06 11:54:41 INFO     strategy        PnL: 11:54:41 MTM=-216.00 Loss=0.03%
2026-08-06 11:54:42 INFO     strategy        PnL: 11:54:42 MTM=-277.00 Loss=0.04%
2026-08-06 11:54:43 INFO     strategy        PnL: 11:54:43 MTM=-243.00 Loss=0.04%
2026-08-06 11:54:44 INFO     strategy        PnL: 11:54:44 MTM=-202.00 Loss=0.03%
2026-08-06 11:54:45 INFO     strategy        PnL: 11:54:45 MTM=-222.00 Loss=0.03%
2026-08-06 11:54:46 INFO     strategy        PnL: 11:54:46 MTM=-305.00 Loss=0.05%
2026-08-06 11:54:47 INFO     strategy        PnL: 11:54:47 MTM=-271.00 Loss=0.04%
2026-08-06 11:54:48 INFO     strategy        PnL: 11:54:48 MTM=-253.00 Loss=0.04%
2026-08-06 11:54:49 INFO     strategy        PnL: 11:54:49 MTM=-273.00 Loss=0.04%
2026-08-06 11:54:50 INFO     strategy        PnL: 11:54:50 MTM=-273.00 Loss=0.04%
2026-08-06 11:54:51 INFO     strategy        PnL: 11:54:51 MTM=-246.00 Loss=0.04%
2026-08-06 11:54:52 INFO     strategy        PnL: 11:54:52 MTM=-287.00 Loss=0.04%
2026-08-06 11:54:53 INFO     strategy        PnL: 11:54:53 MTM=-230.00 Loss=0.04%
2026-08-06 11:54:54 INFO     strategy        PnL: 11:54:54 MTM=-236.00 Loss=0.04%
2026-08-06 11:54:55 INFO     strategy        PnL: 11:54:55 MTM=-294.00 Loss=0.05%
2026-08-06 11:54:56 INFO     strategy        PnL: 11:54:56 MTM=-280.00 Loss=0.04%
2026-08-06 11:54:57 INFO     strategy        PnL: 11:54:57 MTM=-232.00 Loss=0.04%
2026-08-06 11:54:58 INFO     strategy        PnL: 11:54:58 MTM=-276.00 Loss=0.04%
2026-08-06 11:54:59 INFO     strategy        PnL: 11:54:59 MTM=-235.00 Loss=0.04%
2026-08-06 11:55:00 INFO     strategy        PnL: 11:55:00 MTM=-218.00 Loss=0.03%
2026-08-06 11:55:01 INFO     strategy        PnL: 11:55:01 MTM=-233.00 Loss=0.04%
2026-08-06 11:55:02 INFO     strategy        PnL: 11:55:02 MTM=-273.00 Loss=0.04%
2026-08-06 11:55:03 INFO     strategy        PnL: 11:55:03 MTM=-209.00 Loss=0.03%
2026-08-06 11:55:04 INFO     strategy        PnL: 11:55:04 MTM=-233.00 Loss=0.04%
2026-08-06 11:55:05 INFO     strategy        PnL: 11:55:05 MTM=-237.00 Loss=0.04%
2026-08-06 11:55:06 INFO     strategy        PnL: 11:55:06 MTM=-217.00 Loss=0.03%
2026-08-06 11:55:07 INFO     strategy        PnL: 11:55:07 MTM=-241.00 Loss=0.04%
2026-08-06 11:55:08 INFO     strategy        PnL: 11:55:08 MTM=-242.00 Loss=0.04%
2026-08-06 11:55:09 INFO     strategy        PnL: 11:55:09 MTM=-225.00 Loss=0.03%
2026-08-06 11:55:10 INFO     strategy        PnL: 11:55:10 MTM=-224.00 Loss=0.03%
2026-08-06 11:55:11 INFO     strategy        PnL: 11:55:11 MTM=-243.00 Loss=0.04%
2026-08-06 11:55:12 INFO     strategy        PnL: 11:55:12 MTM=-260.00 Loss=0.04%
2026-08-06 11:55:13 INFO     strategy        PnL: 11:55:13 MTM=-237.00 Loss=0.04%
2026-08-06 11:55:14 INFO     strategy        PnL: 11:55:14 MTM=-215.00 Loss=0.03%
2026-08-06 11:55:15 INFO     strategy        PnL: 11:55:15 MTM=-252.00 Loss=0.04%
2026-08-06 11:55:16 INFO     strategy        PnL: 11:55:16 MTM=-253.00 Loss=0.04%
2026-08-06 11:55:17 INFO     strategy        PnL: 11:55:17 MTM=-243.00 Loss=0.04%
2026-08-06 11:55:18 INFO     strategy        PnL: 11:55:18 MTM=-266.00 Loss=0.04%
2026-08-06 11:55:19 INFO     strategy        PnL: 11:55:19 MTM=-261.00 Loss=0.04%
2026-08-06 11:55:20 INFO     strategy        PnL: 11:55:20 MTM=-204.00 Loss=0.03%
2026-08-06 11:55:21 INFO     strategy        PnL: 11:55:21 MTM=-245.00 Loss=0.04%
2026-08-06 11:55:22 INFO     strategy        PnL: 11:55:22 MTM=-241.00 Loss=0.04%
2026-08-06 11:55:23 INFO     strategy        PnL: 11:55:23 MTM=-233.00 Loss=0.04%
2026-08-06 11:55:24 INFO     strategy        PnL: 11:55:24 MTM=-283.00 Loss=0.04%
2026-08-06 11:55:25 INFO     strategy        PnL: 11:55:25 MTM=-254.00 Loss=0.04%
2026-08-06 11:55:26 INFO     strategy        PnL: 11:55:26 MTM=-243.00 Loss=0.04%
2026-08-06 11:55:27 INFO     strategy        PnL: 11:55:27 MTM=-296.00 Loss=0.05%
2026-08-06 11:55:28 INFO     strategy        PnL: 11:55:28 MTM=-275.00 Loss=0.04%
2026-08-06 11:55:29 INFO     strategy        PnL: 11:55:29 MTM=-292.00 Loss=0.05%
2026-08-06 11:55:30 INFO     strategy        PnL: 11:55:30 MTM=-233.00 Loss=0.04%
2026-08-06 11:55:31 INFO     strategy        PnL: 11:55:31 MTM=-274.00 Loss=0.04%
2026-08-06 11:55:32 INFO     strategy        PnL: 11:55:32 MTM=-281.00 Loss=0.04%
2026-08-06 11:55:33 INFO     strategy        PnL: 11:55:33 MTM=-260.00 Loss=0.04%
2026-08-06 11:55:34 INFO     strategy        PnL: 11:55:34 MTM=-277.00 Loss=0.04%
2026-08-06 11:55:35 INFO     strategy        PnL: 11:55:35 MTM=-287.00 Loss=0.04%
2026-08-06 11:55:36 INFO     strategy        PnL: 11:55:36 MTM=-282.00 Loss=0.04%
2026-08-06 11:55:37 INFO     strategy        PnL: 11:55:37 MTM=-322.00 Loss=0.05%
2026-08-06 11:55:38 INFO     strategy        PnL: 11:55:38 MTM=-254.00 Loss=0.04%
2026-08-06 11:55:39 INFO     strategy        PnL: 11:55:39 MTM=-269.00 Loss=0.04%
2026-08-06 11:55:40 INFO     strategy        PnL: 11:55:40 MTM=-345.00 Loss=0.05%
2026-08-06 11:55:41 INFO     strategy        PnL: 11:55:41 MTM=-338.00 Loss=0.05%
2026-08-06 11:55:42 INFO     strategy        PnL: 11:55:42 MTM=-335.00 Loss=0.05%
2026-08-06 11:55:43 INFO     strategy        PnL: 11:55:43 MTM=-320.00 Loss=0.05%
2026-08-06 11:55:44 INFO     strategy        PnL: 11:55:44 MTM=-285.00 Loss=0.04%
2026-08-06 11:55:45 INFO     strategy        PnL: 11:55:45 MTM=-302.00 Loss=0.05%
2026-08-06 11:55:46 INFO     strategy        PnL: 11:55:46 MTM=-336.00 Loss=0.05%
2026-08-06 11:55:47 INFO     strategy        PnL: 11:55:47 MTM=-332.00 Loss=0.05%
2026-08-06 11:55:48 INFO     strategy        PnL: 11:55:48 MTM=-322.00 Loss=0.05%
2026-08-06 11:55:49 INFO     strategy        PnL: 11:55:49 MTM=-287.00 Loss=0.04%
2026-08-06 11:55:50 INFO     strategy        PnL: 11:55:50 MTM=-292.00 Loss=0.05%
2026-08-06 11:55:51 INFO     strategy        PnL: 11:55:51 MTM=-326.00 Loss=0.05%
2026-08-06 11:55:52 INFO     strategy        PnL: 11:55:52 MTM=-327.00 Loss=0.05%
2026-08-06 11:55:53 INFO     strategy        PnL: 11:55:53 MTM=-329.00 Loss=0.05%
2026-08-06 11:55:54 INFO     strategy        PnL: 11:55:54 MTM=-343.00 Loss=0.05%
2026-08-06 11:55:55 INFO     strategy        PnL: 11:55:55 MTM=-312.00 Loss=0.05%
2026-08-06 11:55:56 INFO     strategy        PnL: 11:55:56 MTM=-335.00 Loss=0.05%
2026-08-06 11:55:57 INFO     strategy        PnL: 11:55:57 MTM=-306.00 Loss=0.05%
2026-08-06 11:55:58 INFO     strategy        PnL: 11:55:58 MTM=-320.00 Loss=0.05%
2026-08-06 11:55:59 INFO     strategy        PnL: 11:55:59 MTM=-344.00 Loss=0.05%
2026-08-06 11:56:00 INFO     strategy        PnL: 11:56:00 MTM=-322.00 Loss=0.05%
2026-08-06 11:56:01 INFO     strategy        PnL: 11:56:01 MTM=-334.00 Loss=0.05%
2026-08-06 11:56:02 INFO     strategy        PnL: 11:56:02 MTM=-349.00 Loss=0.05%
2026-08-06 11:56:03 INFO     strategy        PnL: 11:56:03 MTM=-319.00 Loss=0.05%
2026-08-06 11:56:04 INFO     strategy        PnL: 11:56:04 MTM=-303.00 Loss=0.05%
2026-08-06 11:56:05 INFO     strategy        PnL: 11:56:05 MTM=-317.00 Loss=0.05%
2026-08-06 11:56:06 INFO     strategy        PnL: 11:56:06 MTM=-315.00 Loss=0.05%
2026-08-06 11:56:07 INFO     strategy        PnL: 11:56:07 MTM=-296.00 Loss=0.05%
2026-08-06 11:56:08 INFO     strategy        PnL: 11:56:08 MTM=-321.00 Loss=0.05%
2026-08-06 11:56:09 INFO     strategy        PnL: 11:56:09 MTM=-319.00 Loss=0.05%
2026-08-06 11:56:11 INFO     strategy        PnL: 11:56:11 MTM=-333.00 Loss=0.05%
2026-08-06 11:56:12 INFO     strategy        PnL: 11:56:12 MTM=-347.00 Loss=0.05%
2026-08-06 11:56:13 INFO     strategy        PnL: 11:56:13 MTM=-355.00 Loss=0.05%
2026-08-06 11:56:14 INFO     strategy        PnL: 11:56:14 MTM=-311.00 Loss=0.05%
2026-08-06 11:56:15 INFO     strategy        PnL: 11:56:15 MTM=-349.00 Loss=0.05%
2026-08-06 11:56:16 INFO     strategy        PnL: 11:56:16 MTM=-331.00 Loss=0.05%
2026-08-06 11:56:17 INFO     strategy        PnL: 11:56:17 MTM=-338.00 Loss=0.05%
2026-08-06 11:56:18 INFO     strategy        PnL: 11:56:18 MTM=-296.00 Loss=0.05%
2026-08-06 11:56:19 INFO     strategy        PnL: 11:56:19 MTM=-358.00 Loss=0.06%
2026-08-06 11:56:20 INFO     strategy        PnL: 11:56:20 MTM=-352.00 Loss=0.05%
2026-08-06 11:56:21 INFO     strategy        PnL: 11:56:21 MTM=-313.00 Loss=0.05%
2026-08-06 11:56:22 INFO     strategy        PnL: 11:56:22 MTM=-363.00 Loss=0.06%
2026-08-06 11:56:23 INFO     strategy        PnL: 11:56:23 MTM=-308.00 Loss=0.05%
2026-08-06 11:56:24 INFO     strategy        PnL: 11:56:24 MTM=-347.00 Loss=0.05%
2026-08-06 11:56:25 INFO     strategy        PnL: 11:56:25 MTM=-305.00 Loss=0.05%
2026-08-06 11:56:26 INFO     strategy        PnL: 11:56:26 MTM=-313.00 Loss=0.05%
2026-08-06 11:56:27 INFO     strategy        PnL: 11:56:27 MTM=-330.00 Loss=0.05%
2026-08-06 11:56:28 INFO     strategy        PnL: 11:56:28 MTM=-312.00 Loss=0.05%
2026-08-06 11:56:29 INFO     strategy        PnL: 11:56:29 MTM=-315.00 Loss=0.05%
2026-08-06 11:56:30 INFO     strategy        PnL: 11:56:30 MTM=-328.00 Loss=0.05%
2026-08-06 11:56:31 INFO     strategy        PnL: 11:56:31 MTM=-316.00 Loss=0.05%
2026-08-06 11:56:32 INFO     strategy        PnL: 11:56:32 MTM=-275.00 Loss=0.04%
2026-08-06 11:56:33 INFO     strategy        PnL: 11:56:33 MTM=-276.00 Loss=0.04%
2026-08-06 11:56:34 INFO     strategy        PnL: 11:56:34 MTM=-373.00 Loss=0.06%
2026-08-06 11:56:35 INFO     strategy        PnL: 11:56:35 MTM=-332.00 Loss=0.05%
2026-08-06 11:56:36 INFO     strategy        PnL: 11:56:36 MTM=-276.00 Loss=0.04%
2026-08-06 11:56:37 INFO     strategy        PnL: 11:56:37 MTM=-353.00 Loss=0.05%
2026-08-06 11:56:38 INFO     strategy        PnL: 11:56:38 MTM=-369.00 Loss=0.06%
2026-08-06 11:56:39 INFO     strategy        PnL: 11:56:39 MTM=-321.00 Loss=0.05%
2026-08-06 11:56:40 INFO     strategy        PnL: 11:56:40 MTM=-330.00 Loss=0.05%
2026-08-06 11:56:41 INFO     strategy        PnL: 11:56:41 MTM=-360.00 Loss=0.06%
2026-08-06 11:56:42 INFO     strategy        PnL: 11:56:42 MTM=-365.00 Loss=0.06%
2026-08-06 11:56:43 INFO     strategy        PnL: 11:56:43 MTM=-353.00 Loss=0.05%
2026-08-06 11:56:44 INFO     strategy        PnL: 11:56:44 MTM=-325.00 Loss=0.05%
2026-08-06 11:56:45 INFO     strategy        PnL: 11:56:45 MTM=-320.00 Loss=0.05%
2026-08-06 11:56:46 INFO     strategy        PnL: 11:56:46 MTM=-347.00 Loss=0.05%
2026-08-06 11:56:47 INFO     strategy        PnL: 11:56:47 MTM=-337.00 Loss=0.05%
2026-08-06 11:56:48 INFO     strategy        PnL: 11:56:48 MTM=-348.00 Loss=0.05%
2026-08-06 11:56:49 INFO     strategy        PnL: 11:56:49 MTM=-368.00 Loss=0.06%
2026-08-06 11:56:50 INFO     strategy        PnL: 11:56:50 MTM=-327.00 Loss=0.05%
2026-08-06 11:56:51 INFO     strategy        PnL: 11:56:51 MTM=-310.00 Loss=0.05%
2026-08-06 11:56:52 INFO     strategy        PnL: 11:56:52 MTM=-352.00 Loss=0.05%
2026-08-06 11:56:53 INFO     strategy        PnL: 11:56:53 MTM=-313.00 Loss=0.05%
2026-08-06 11:56:54 INFO     strategy        PnL: 11:56:54 MTM=-346.00 Loss=0.05%
2026-08-06 11:56:55 INFO     strategy        PnL: 11:56:55 MTM=-339.00 Loss=0.05%
2026-08-06 11:56:56 INFO     strategy        PnL: 11:56:56 MTM=-378.00 Loss=0.06%
2026-08-06 11:56:57 INFO     strategy        PnL: 11:56:57 MTM=-356.00 Loss=0.05%
2026-08-06 11:56:58 INFO     strategy        PnL: 11:56:58 MTM=-302.00 Loss=0.05%
2026-08-06 11:56:59 INFO     strategy        PnL: 11:56:59 MTM=-355.00 Loss=0.05%
2026-08-06 11:57:00 INFO     strategy        PnL: 11:57:00 MTM=-323.00 Loss=0.05%
2026-08-06 11:57:01 INFO     strategy        PnL: 11:57:01 MTM=-307.00 Loss=0.05%
2026-08-06 11:57:02 INFO     strategy        PnL: 11:57:02 MTM=-305.00 Loss=0.05%
2026-08-06 11:57:03 INFO     strategy        PnL: 11:57:03 MTM=-242.00 Loss=0.04%
2026-08-06 11:57:04 INFO     strategy        PnL: 11:57:04 MTM=-314.00 Loss=0.05%
2026-08-06 11:57:05 INFO     strategy        PnL: 11:57:05 MTM=-289.00 Loss=0.04%
2026-08-06 11:57:06 INFO     strategy        PnL: 11:57:06 MTM=-276.00 Loss=0.04%
2026-08-06 11:57:07 INFO     strategy        PnL: 11:57:07 MTM=-291.00 Loss=0.04%
2026-08-06 11:57:08 INFO     strategy        PnL: 11:57:08 MTM=-320.00 Loss=0.05%
2026-08-06 11:57:09 INFO     strategy        PnL: 11:57:09 MTM=-328.00 Loss=0.05%
2026-08-06 11:57:10 INFO     strategy        PnL: 11:57:10 MTM=-303.00 Loss=0.05%
2026-08-06 11:57:11 INFO     strategy        PnL: 11:57:11 MTM=-279.00 Loss=0.04%
2026-08-06 11:57:12 INFO     strategy        PnL: 11:57:12 MTM=-277.00 Loss=0.04%
2026-08-06 11:57:13 INFO     strategy        PnL: 11:57:13 MTM=-271.00 Loss=0.04%
2026-08-06 11:57:14 INFO     strategy        PnL: 11:57:14 MTM=-272.00 Loss=0.04%
2026-08-06 11:57:15 INFO     strategy        PnL: 11:57:15 MTM=-290.00 Loss=0.04%
2026-08-06 11:57:16 INFO     strategy        PnL: 11:57:16 MTM=-298.00 Loss=0.05%
2026-08-06 11:57:17 INFO     strategy        PnL: 11:57:17 MTM=-294.00 Loss=0.05%
2026-08-06 11:57:18 INFO     strategy        PnL: 11:57:18 MTM=-345.00 Loss=0.05%
2026-08-06 11:57:19 INFO     strategy        PnL: 11:57:19 MTM=-357.00 Loss=0.06%
2026-08-06 11:57:20 INFO     strategy        PnL: 11:57:20 MTM=-311.00 Loss=0.05%
2026-08-06 11:57:21 INFO     strategy        PnL: 11:57:21 MTM=-307.00 Loss=0.05%
2026-08-06 11:57:22 INFO     strategy        PnL: 11:57:22 MTM=-355.00 Loss=0.05%
2026-08-06 11:57:23 INFO     strategy        PnL: 11:57:23 MTM=-321.00 Loss=0.05%
2026-08-06 11:57:24 INFO     strategy        PnL: 11:57:24 MTM=-349.00 Loss=0.05%
2026-08-06 11:57:25 INFO     strategy        PnL: 11:57:25 MTM=-320.00 Loss=0.05%
2026-08-06 11:57:26 INFO     strategy        PnL: 11:57:26 MTM=-351.00 Loss=0.05%
2026-08-06 11:57:27 INFO     strategy        PnL: 11:57:27 MTM=-310.00 Loss=0.05%
2026-08-06 11:57:28 INFO     strategy        PnL: 11:57:28 MTM=-363.00 Loss=0.06%
2026-08-06 11:57:29 INFO     strategy        PnL: 11:57:29 MTM=-309.00 Loss=0.05%
2026-08-06 11:57:30 INFO     strategy        PnL: 11:57:30 MTM=-282.00 Loss=0.04%
2026-08-06 11:57:31 INFO     strategy        PnL: 11:57:31 MTM=-296.00 Loss=0.05%
2026-08-06 11:57:32 INFO     strategy        PnL: 11:57:32 MTM=-281.00 Loss=0.04%
2026-08-06 11:57:33 INFO     strategy        PnL: 11:57:33 MTM=-251.00 Loss=0.04%
2026-08-06 11:57:34 INFO     strategy        PnL: 11:57:34 MTM=-285.00 Loss=0.04%
2026-08-06 11:57:35 INFO     strategy        PnL: 11:57:35 MTM=-273.00 Loss=0.04%
2026-08-06 11:57:36 INFO     strategy        PnL: 11:57:36 MTM=-361.00 Loss=0.06%
2026-08-06 11:57:37 INFO     strategy        PnL: 11:57:37 MTM=-347.00 Loss=0.05%
2026-08-06 11:57:38 INFO     strategy        PnL: 11:57:38 MTM=-349.00 Loss=0.05%
2026-08-06 11:57:39 INFO     strategy        PnL: 11:57:39 MTM=-311.00 Loss=0.05%
2026-08-06 11:57:40 INFO     strategy        PnL: 11:57:40 MTM=-261.00 Loss=0.04%
2026-08-06 11:57:41 INFO     strategy        PnL: 11:57:41 MTM=-305.00 Loss=0.05%
2026-08-06 11:57:42 INFO     strategy        PnL: 11:57:42 MTM=-389.00 Loss=0.06%
2026-08-06 11:57:43 INFO     strategy        PnL: 11:57:43 MTM=-385.00 Loss=0.06%
2026-08-06 11:57:44 INFO     strategy        PnL: 11:57:44 MTM=-350.00 Loss=0.05%
2026-08-06 11:57:45 INFO     strategy        PnL: 11:57:45 MTM=-387.00 Loss=0.06%
2026-08-06 11:57:46 INFO     strategy        PnL: 11:57:46 MTM=-367.00 Loss=0.06%
2026-08-06 11:57:47 INFO     strategy        PnL: 11:57:47 MTM=-400.00 Loss=0.06%
2026-08-06 11:57:48 INFO     strategy        PnL: 11:57:48 MTM=-489.00 Loss=0.08%
2026-08-06 11:57:49 INFO     strategy        PnL: 11:57:49 MTM=-431.00 Loss=0.07%
2026-08-06 11:57:50 INFO     strategy        PnL: 11:57:50 MTM=-397.00 Loss=0.06%
2026-08-06 11:57:51 INFO     strategy        PnL: 11:57:51 MTM=-371.00 Loss=0.06%
2026-08-06 11:57:52 INFO     strategy        PnL: 11:57:52 MTM=-350.00 Loss=0.05%
2026-08-06 11:57:53 INFO     strategy        PnL: 11:57:53 MTM=-401.00 Loss=0.06%
2026-08-06 11:57:55 INFO     strategy        PnL: 11:57:54 MTM=-367.00 Loss=0.06%
2026-08-06 11:57:56 INFO     strategy        PnL: 11:57:56 MTM=-371.00 Loss=0.06%
2026-08-06 11:57:57 INFO     strategy        PnL: 11:57:57 MTM=-366.00 Loss=0.06%
2026-08-06 11:57:58 INFO     strategy        PnL: 11:57:58 MTM=-372.00 Loss=0.06%
2026-08-06 11:57:59 INFO     strategy        PnL: 11:57:59 MTM=-330.00 Loss=0.05%
2026-08-06 11:58:00 INFO     strategy        PnL: 11:58:00 MTM=-389.00 Loss=0.06%
2026-08-06 11:58:01 INFO     strategy        PnL: 11:58:01 MTM=-439.00 Loss=0.07%
2026-08-06 11:58:02 INFO     strategy        PnL: 11:58:02 MTM=-421.00 Loss=0.06%
2026-08-06 11:58:03 INFO     strategy        PnL: 11:58:03 MTM=-426.00 Loss=0.07%
2026-08-06 11:58:04 INFO     strategy        PnL: 11:58:04 MTM=-344.00 Loss=0.05%
2026-08-06 11:58:05 INFO     strategy        PnL: 11:58:05 MTM=-369.00 Loss=0.06%
2026-08-06 11:58:06 INFO     strategy        PnL: 11:58:06 MTM=-386.00 Loss=0.06%
2026-08-06 11:58:07 INFO     strategy        PnL: 11:58:07 MTM=-326.00 Loss=0.05%
2026-08-06 11:58:08 INFO     strategy        PnL: 11:58:08 MTM=-371.00 Loss=0.06%
2026-08-06 11:58:09 INFO     strategy        PnL: 11:58:09 MTM=-390.00 Loss=0.06%
2026-08-06 11:58:10 INFO     strategy        PnL: 11:58:10 MTM=-384.00 Loss=0.06%
2026-08-06 11:58:11 INFO     strategy        PnL: 11:58:11 MTM=-398.00 Loss=0.06%
2026-08-06 11:58:12 INFO     strategy        PnL: 11:58:12 MTM=-403.00 Loss=0.06%
2026-08-06 11:58:13 INFO     strategy        PnL: 11:58:13 MTM=-399.00 Loss=0.06%
2026-08-06 11:58:14 INFO     strategy        PnL: 11:58:14 MTM=-398.00 Loss=0.06%
2026-08-06 11:58:15 INFO     strategy        PnL: 11:58:15 MTM=-429.00 Loss=0.07%
2026-08-06 11:58:16 INFO     strategy        PnL: 11:58:16 MTM=-412.00 Loss=0.06%
2026-08-06 11:58:17 INFO     strategy        PnL: 11:58:17 MTM=-408.00 Loss=0.06%
2026-08-06 11:58:18 INFO     strategy        PnL: 11:58:18 MTM=-447.00 Loss=0.07%
2026-08-06 11:58:19 INFO     strategy        PnL: 11:58:19 MTM=-418.00 Loss=0.06%
2026-08-06 11:58:20 INFO     strategy        PnL: 11:58:20 MTM=-397.00 Loss=0.06%
2026-08-06 11:58:21 INFO     strategy        PnL: 11:58:21 MTM=-368.00 Loss=0.06%
2026-08-06 11:58:22 INFO     strategy        PnL: 11:58:22 MTM=-344.00 Loss=0.05%
2026-08-06 11:58:23 INFO     strategy        PnL: 11:58:23 MTM=-402.00 Loss=0.06%
2026-08-06 11:58:24 INFO     strategy        PnL: 11:58:24 MTM=-372.00 Loss=0.06%
2026-08-06 11:58:25 INFO     strategy        PnL: 11:58:25 MTM=-375.00 Loss=0.06%
2026-08-06 11:58:26 INFO     strategy        PnL: 11:58:26 MTM=-324.00 Loss=0.05%
2026-08-06 11:58:27 INFO     strategy        PnL: 11:58:27 MTM=-308.00 Loss=0.05%
2026-08-06 11:58:28 INFO     strategy        PnL: 11:58:28 MTM=-309.00 Loss=0.05%
2026-08-06 11:58:29 INFO     strategy        PnL: 11:58:29 MTM=-357.00 Loss=0.06%
2026-08-06 11:58:30 INFO     strategy        PnL: 11:58:30 MTM=-356.00 Loss=0.05%
2026-08-06 11:58:31 INFO     strategy        PnL: 11:58:31 MTM=-365.00 Loss=0.06%
2026-08-06 11:58:32 INFO     strategy        PnL: 11:58:32 MTM=-338.00 Loss=0.05%
2026-08-06 11:58:33 INFO     strategy        PnL: 11:58:33 MTM=-368.00 Loss=0.06%
2026-08-06 11:58:34 INFO     strategy        PnL: 11:58:34 MTM=-335.00 Loss=0.05%
2026-08-06 11:58:35 INFO     strategy        PnL: 11:58:35 MTM=-329.00 Loss=0.05%
2026-08-06 11:58:36 INFO     strategy        PnL: 11:58:36 MTM=-364.00 Loss=0.06%
2026-08-06 11:58:37 INFO     strategy        PnL: 11:58:37 MTM=-348.00 Loss=0.05%
2026-08-06 11:58:38 INFO     strategy        PnL: 11:58:38 MTM=-382.00 Loss=0.06%
2026-08-06 11:58:39 INFO     strategy        PnL: 11:58:39 MTM=-374.00 Loss=0.06%
2026-08-06 11:58:40 INFO     strategy        PnL: 11:58:40 MTM=-384.00 Loss=0.06%
2026-08-06 11:58:41 INFO     strategy        PnL: 11:58:41 MTM=-346.00 Loss=0.05%
2026-08-06 11:58:42 INFO     strategy        PnL: 11:58:42 MTM=-371.00 Loss=0.06%
2026-08-06 11:58:43 INFO     strategy        PnL: 11:58:43 MTM=-368.00 Loss=0.06%
2026-08-06 11:58:44 INFO     strategy        PnL: 11:58:44 MTM=-368.00 Loss=0.06%
2026-08-06 11:58:45 INFO     strategy        PnL: 11:58:45 MTM=-357.00 Loss=0.06%
2026-08-06 11:58:46 INFO     strategy        PnL: 11:58:46 MTM=-391.00 Loss=0.06%
2026-08-06 11:58:47 INFO     strategy        PnL: 11:58:47 MTM=-374.00 Loss=0.06%
2026-08-06 11:58:48 INFO     strategy        PnL: 11:58:48 MTM=-376.00 Loss=0.06%
2026-08-06 11:58:49 INFO     strategy        PnL: 11:58:49 MTM=-333.00 Loss=0.05%
2026-08-06 11:58:50 INFO     strategy        PnL: 11:58:50 MTM=-354.00 Loss=0.05%
2026-08-06 11:58:51 INFO     strategy        PnL: 11:58:51 MTM=-367.00 Loss=0.06%
2026-08-06 11:58:52 INFO     strategy        PnL: 11:58:52 MTM=-338.00 Loss=0.05%
2026-08-06 11:58:53 INFO     strategy        PnL: 11:58:53 MTM=-370.00 Loss=0.06%
2026-08-06 11:58:54 INFO     strategy        PnL: 11:58:54 MTM=-296.00 Loss=0.05%
2026-08-06 11:58:55 INFO     strategy        PnL: 11:58:55 MTM=-267.00 Loss=0.04%
2026-08-06 11:58:56 INFO     strategy        PnL: 11:58:56 MTM=-333.00 Loss=0.05%
2026-08-06 11:58:57 INFO     strategy        PnL: 11:58:57 MTM=-356.00 Loss=0.05%
2026-08-06 11:58:58 INFO     strategy        PnL: 11:58:58 MTM=-342.00 Loss=0.05%
2026-08-06 11:58:59 INFO     strategy        PnL: 11:58:59 MTM=-342.00 Loss=0.05%
2026-08-06 11:59:00 INFO     strategy        PnL: 11:59:00 MTM=-346.00 Loss=0.05%
2026-08-06 11:59:01 INFO     strategy        PnL: 11:59:01 MTM=-356.00 Loss=0.05%
2026-08-06 11:59:02 INFO     strategy        PnL: 11:59:02 MTM=-386.00 Loss=0.06%
2026-08-06 11:59:03 INFO     strategy        PnL: 11:59:03 MTM=-356.00 Loss=0.05%
2026-08-06 11:59:04 INFO     strategy        PnL: 11:59:04 MTM=-377.00 Loss=0.06%
2026-08-06 11:59:05 INFO     strategy        PnL: 11:59:05 MTM=-363.00 Loss=0.06%
2026-08-06 11:59:06 INFO     strategy        PnL: 11:59:06 MTM=-343.00 Loss=0.05%
2026-08-06 11:59:07 INFO     strategy        PnL: 11:59:07 MTM=-330.00 Loss=0.05%
2026-08-06 11:59:08 INFO     strategy        PnL: 11:59:08 MTM=-325.00 Loss=0.05%
2026-08-06 11:59:09 INFO     strategy        PnL: 11:59:09 MTM=-309.00 Loss=0.05%
2026-08-06 11:59:10 INFO     strategy        PnL: 11:59:10 MTM=-338.00 Loss=0.05%
2026-08-06 11:59:11 INFO     strategy        PnL: 11:59:11 MTM=-334.00 Loss=0.05%
2026-08-06 11:59:12 INFO     strategy        PnL: 11:59:12 MTM=-381.00 Loss=0.06%
2026-08-06 11:59:13 INFO     strategy        PnL: 11:59:13 MTM=-346.00 Loss=0.05%
2026-08-06 11:59:14 INFO     strategy        PnL: 11:59:14 MTM=-370.00 Loss=0.06%
2026-08-06 11:59:15 INFO     strategy        PnL: 11:59:15 MTM=-316.00 Loss=0.05%
2026-08-06 11:59:16 INFO     strategy        PnL: 11:59:16 MTM=-307.00 Loss=0.05%
2026-08-06 11:59:17 INFO     strategy        PnL: 11:59:17 MTM=-314.00 Loss=0.05%
2026-08-06 11:59:18 INFO     strategy        PnL: 11:59:18 MTM=-262.00 Loss=0.04%
2026-08-06 11:59:19 INFO     strategy        PnL: 11:59:19 MTM=-283.00 Loss=0.04%
2026-08-06 11:59:20 INFO     strategy        PnL: 11:59:20 MTM=-315.00 Loss=0.05%
2026-08-06 11:59:21 INFO     strategy        PnL: 11:59:21 MTM=-338.00 Loss=0.05%
2026-08-06 11:59:22 INFO     strategy        PnL: 11:59:22 MTM=-326.00 Loss=0.05%
2026-08-06 11:59:23 INFO     strategy        PnL: 11:59:23 MTM=-329.00 Loss=0.05%
2026-08-06 11:59:24 INFO     strategy        PnL: 11:59:24 MTM=-302.00 Loss=0.05%
2026-08-06 11:59:25 INFO     strategy        PnL: 11:59:25 MTM=-327.00 Loss=0.05%
2026-08-06 11:59:26 INFO     strategy        PnL: 11:59:26 MTM=-350.00 Loss=0.05%
2026-08-06 11:59:27 INFO     strategy        PnL: 11:59:27 MTM=-334.00 Loss=0.05%
2026-08-06 11:59:28 INFO     strategy        PnL: 11:59:28 MTM=-303.00 Loss=0.05%
2026-08-06 11:59:29 INFO     strategy        PnL: 11:59:29 MTM=-301.00 Loss=0.05%
2026-08-06 11:59:31 INFO     strategy        PnL: 11:59:31 MTM=-291.00 Loss=0.04%
2026-08-06 11:59:32 INFO     strategy        PnL: 11:59:32 MTM=-331.00 Loss=0.05%
2026-08-06 11:59:33 INFO     strategy        PnL: 11:59:33 MTM=-380.00 Loss=0.06%
2026-08-06 11:59:34 INFO     strategy        PnL: 11:59:34 MTM=-344.00 Loss=0.05%
2026-08-06 11:59:35 INFO     strategy        PnL: 11:59:35 MTM=-361.00 Loss=0.06%
2026-08-06 11:59:36 INFO     strategy        PnL: 11:59:36 MTM=-340.00 Loss=0.05%
2026-08-06 11:59:37 INFO     strategy        PnL: 11:59:37 MTM=-339.00 Loss=0.05%
2026-08-06 11:59:38 INFO     strategy        PnL: 11:59:38 MTM=-388.00 Loss=0.06%
2026-08-06 11:59:39 INFO     strategy        PnL: 11:59:39 MTM=-372.00 Loss=0.06%
2026-08-06 11:59:40 INFO     strategy        PnL: 11:59:40 MTM=-366.00 Loss=0.06%
2026-08-06 11:59:41 INFO     strategy        PnL: 11:59:41 MTM=-375.00 Loss=0.06%
2026-08-06 11:59:42 INFO     strategy        PnL: 11:59:42 MTM=-376.00 Loss=0.06%
2026-08-06 11:59:43 INFO     strategy        PnL: 11:59:43 MTM=-392.00 Loss=0.06%
2026-08-06 11:59:44 INFO     strategy        PnL: 11:59:44 MTM=-404.00 Loss=0.06%
2026-08-06 11:59:45 INFO     strategy        PnL: 11:59:45 MTM=-423.00 Loss=0.07%
2026-08-06 11:59:46 INFO     strategy        PnL: 11:59:46 MTM=-404.00 Loss=0.06%
2026-08-06 11:59:47 INFO     strategy        PnL: 11:59:47 MTM=-393.00 Loss=0.06%
2026-08-06 11:59:48 INFO     strategy        PnL: 11:59:48 MTM=-409.00 Loss=0.06%
2026-08-06 11:59:49 INFO     strategy        PnL: 11:59:49 MTM=-412.00 Loss=0.06%
2026-08-06 11:59:50 INFO     strategy        PnL: 11:59:50 MTM=-354.00 Loss=0.05%
2026-08-06 11:59:51 INFO     strategy        PnL: 11:59:51 MTM=-392.00 Loss=0.06%
2026-08-06 11:59:52 INFO     strategy        PnL: 11:59:52 MTM=-366.00 Loss=0.06%
2026-08-06 11:59:53 INFO     strategy        PnL: 11:59:53 MTM=-405.00 Loss=0.06%
2026-08-06 11:59:54 INFO     strategy        PnL: 11:59:54 MTM=-357.00 Loss=0.06%
2026-08-06 11:59:55 INFO     strategy        PnL: 11:59:55 MTM=-376.00 Loss=0.06%
2026-08-06 11:59:56 INFO     strategy        PnL: 11:59:56 MTM=-411.00 Loss=0.06%
2026-08-06 11:59:57 INFO     strategy        PnL: 11:59:57 MTM=-364.00 Loss=0.06%
2026-08-06 11:59:58 INFO     strategy        PnL: 11:59:58 MTM=-347.00 Loss=0.05%
2026-08-06 11:59:59 INFO     strategy        PnL: 11:59:59 MTM=-330.00 Loss=0.05%
2026-08-06 12:00:00 INFO     strategy        PnL: 12:00:00 MTM=-322.00 Loss=0.05%
2026-08-06 12:00:01 INFO     strategy        PnL: 12:00:01 MTM=-325.00 Loss=0.05%
2026-08-06 12:00:02 INFO     strategy        PnL: 12:00:02 MTM=-349.00 Loss=0.05%
2026-08-06 12:00:03 INFO     strategy        PnL: 12:00:03 MTM=-374.00 Loss=0.06%
2026-08-06 12:00:04 INFO     strategy        PnL: 12:00:04 MTM=-384.00 Loss=0.06%
2026-08-06 12:00:05 INFO     strategy        PnL: 12:00:05 MTM=-386.00 Loss=0.06%
2026-08-06 12:00:06 INFO     strategy        PnL: 12:00:06 MTM=-367.00 Loss=0.06%
2026-08-06 12:00:07 INFO     strategy        PnL: 12:00:07 MTM=-350.00 Loss=0.05%
2026-08-06 12:00:08 INFO     strategy        PnL: 12:00:08 MTM=-368.00 Loss=0.06%
2026-08-06 12:00:09 INFO     strategy        PnL: 12:00:09 MTM=-310.00 Loss=0.05%
2026-08-06 12:00:10 INFO     strategy        PnL: 12:00:10 MTM=-347.00 Loss=0.05%
2026-08-06 12:00:11 INFO     strategy        PnL: 12:00:11 MTM=-301.00 Loss=0.05%
2026-08-06 12:00:12 INFO     strategy        PnL: 12:00:12 MTM=-292.00 Loss=0.05%
2026-08-06 12:00:13 INFO     strategy        PnL: 12:00:13 MTM=-304.00 Loss=0.05%
2026-08-06 12:00:14 INFO     strategy        PnL: 12:00:14 MTM=-305.00 Loss=0.05%
2026-08-06 12:00:15 INFO     strategy        PnL: 12:00:15 MTM=-322.00 Loss=0.05%
2026-08-06 12:00:16 INFO     strategy        PnL: 12:00:16 MTM=-323.00 Loss=0.05%
2026-08-06 12:00:17 INFO     strategy        PnL: 12:00:17 MTM=-310.00 Loss=0.05%
2026-08-06 12:00:18 INFO     strategy        PnL: 12:00:18 MTM=-310.00 Loss=0.05%
2026-08-06 12:00:19 INFO     strategy        PnL: 12:00:19 MTM=-279.00 Loss=0.04%
2026-08-06 12:00:20 INFO     strategy        PnL: 12:00:20 MTM=-336.00 Loss=0.05%
2026-08-06 12:00:21 INFO     strategy        PnL: 12:00:21 MTM=-330.00 Loss=0.05%
2026-08-06 12:00:22 INFO     strategy        PnL: 12:00:22 MTM=-288.00 Loss=0.04%
2026-08-06 12:00:23 INFO     strategy        PnL: 12:00:23 MTM=-281.00 Loss=0.04%
2026-08-06 12:00:24 INFO     strategy        PnL: 12:00:24 MTM=-299.00 Loss=0.05%
2026-08-06 12:00:25 INFO     strategy        PnL: 12:00:25 MTM=-351.00 Loss=0.05%
2026-08-06 12:00:26 INFO     strategy        PnL: 12:00:26 MTM=-344.00 Loss=0.05%
2026-08-06 12:00:27 INFO     strategy        PnL: 12:00:27 MTM=-344.00 Loss=0.05%
2026-08-06 12:00:28 INFO     strategy        PnL: 12:00:28 MTM=-380.00 Loss=0.06%
2026-08-06 12:00:29 INFO     strategy        PnL: 12:00:29 MTM=-343.00 Loss=0.05%
2026-08-06 12:00:30 INFO     strategy        PnL: 12:00:30 MTM=-365.00 Loss=0.06%
2026-08-06 12:00:31 INFO     strategy        PnL: 12:00:31 MTM=-352.00 Loss=0.05%
2026-08-06 12:00:32 INFO     strategy        PnL: 12:00:32 MTM=-372.00 Loss=0.06%
2026-08-06 12:00:33 INFO     strategy        PnL: 12:00:33 MTM=-363.00 Loss=0.06%
2026-08-06 12:00:34 INFO     strategy        PnL: 12:00:34 MTM=-349.00 Loss=0.05%
2026-08-06 12:00:35 INFO     strategy        PnL: 12:00:35 MTM=-322.00 Loss=0.05%
2026-08-06 12:00:36 INFO     strategy        PnL: 12:00:36 MTM=-292.00 Loss=0.05%
2026-08-06 12:00:37 INFO     strategy        PnL: 12:00:37 MTM=-311.00 Loss=0.05%
2026-08-06 12:00:38 INFO     strategy        PnL: 12:00:38 MTM=-286.00 Loss=0.04%
2026-08-06 12:00:39 INFO     strategy        PnL: 12:00:39 MTM=-277.00 Loss=0.04%
2026-08-06 12:00:40 INFO     strategy        PnL: 12:00:40 MTM=-335.00 Loss=0.05%
2026-08-06 12:00:41 INFO     strategy        PnL: 12:00:41 MTM=-303.00 Loss=0.05%
2026-08-06 12:00:42 INFO     strategy        PnL: 12:00:42 MTM=-347.00 Loss=0.05%
2026-08-06 12:00:43 INFO     strategy        PnL: 12:00:43 MTM=-311.00 Loss=0.05%
2026-08-06 12:00:44 INFO     strategy        PnL: 12:00:44 MTM=-277.00 Loss=0.04%
2026-08-06 12:00:45 INFO     strategy        PnL: 12:00:45 MTM=-314.00 Loss=0.05%
2026-08-06 12:00:46 INFO     strategy        PnL: 12:00:46 MTM=-296.00 Loss=0.05%
2026-08-06 12:00:47 INFO     strategy        PnL: 12:00:47 MTM=-290.00 Loss=0.04%
2026-08-06 12:00:48 INFO     strategy        PnL: 12:00:48 MTM=-268.00 Loss=0.04%
2026-08-06 12:00:49 INFO     strategy        PnL: 12:00:49 MTM=-261.00 Loss=0.04%
2026-08-06 12:00:50 INFO     strategy        PnL: 12:00:50 MTM=-256.00 Loss=0.04%
2026-08-06 12:00:51 INFO     strategy        PnL: 12:00:51 MTM=-282.00 Loss=0.04%
2026-08-06 12:00:52 INFO     strategy        PnL: 12:00:52 MTM=-285.00 Loss=0.04%
2026-08-06 12:00:53 INFO     strategy        PnL: 12:00:53 MTM=-282.00 Loss=0.04%
2026-08-06 12:00:54 INFO     strategy        PnL: 12:00:54 MTM=-227.00 Loss=0.04%
2026-08-06 12:00:55 INFO     strategy        PnL: 12:00:55 MTM=-275.00 Loss=0.04%
2026-08-06 12:00:56 INFO     strategy        PnL: 12:00:56 MTM=-254.00 Loss=0.04%
2026-08-06 12:00:57 INFO     strategy        PnL: 12:00:57 MTM=-313.00 Loss=0.05%
2026-08-06 12:00:58 INFO     strategy        PnL: 12:00:58 MTM=-325.00 Loss=0.05%
2026-08-06 12:00:59 INFO     strategy        PnL: 12:00:59 MTM=-332.00 Loss=0.05%
2026-08-06 12:01:00 INFO     strategy        PnL: 12:01:00 MTM=-328.00 Loss=0.05%
2026-08-06 12:01:01 INFO     strategy        PnL: 12:01:01 MTM=-286.00 Loss=0.04%
2026-08-06 12:01:02 INFO     strategy        PnL: 12:01:02 MTM=-331.00 Loss=0.05%
2026-08-06 12:01:03 INFO     strategy        PnL: 12:01:03 MTM=-301.00 Loss=0.05%
2026-08-06 12:01:04 INFO     strategy        PnL: 12:01:04 MTM=-307.00 Loss=0.05%
2026-08-06 12:01:05 INFO     strategy        PnL: 12:01:05 MTM=-297.00 Loss=0.05%
2026-08-06 12:01:06 INFO     strategy        PnL: 12:01:06 MTM=-294.00 Loss=0.05%
2026-08-06 12:01:07 INFO     strategy        PnL: 12:01:07 MTM=-301.00 Loss=0.05%
2026-08-06 12:01:08 INFO     strategy        PnL: 12:01:08 MTM=-323.00 Loss=0.05%
2026-08-06 12:01:09 INFO     strategy        PnL: 12:01:09 MTM=-312.00 Loss=0.05%
2026-08-06 12:01:10 INFO     strategy        PnL: 12:01:10 MTM=-335.00 Loss=0.05%
2026-08-06 12:01:11 INFO     strategy        PnL: 12:01:11 MTM=-320.00 Loss=0.05%
2026-08-06 12:01:12 INFO     strategy        PnL: 12:01:12 MTM=-360.00 Loss=0.06%
2026-08-06 12:01:13 INFO     strategy        PnL: 12:01:13 MTM=-314.00 Loss=0.05%
2026-08-06 12:01:14 INFO     strategy        PnL: 12:01:14 MTM=-355.00 Loss=0.05%
2026-08-06 12:01:15 INFO     strategy        PnL: 12:01:15 MTM=-339.00 Loss=0.05%
2026-08-06 12:01:16 INFO     strategy        PnL: 12:01:16 MTM=-362.00 Loss=0.06%
2026-08-06 12:01:17 INFO     strategy        PnL: 12:01:17 MTM=-277.00 Loss=0.04%
2026-08-06 12:01:18 INFO     strategy        PnL: 12:01:18 MTM=-340.00 Loss=0.05%
2026-08-06 12:01:19 INFO     strategy        PnL: 12:01:19 MTM=-325.00 Loss=0.05%
2026-08-06 12:01:20 INFO     strategy        PnL: 12:01:20 MTM=-352.00 Loss=0.05%
2026-08-06 12:01:21 INFO     strategy        PnL: 12:01:21 MTM=-305.00 Loss=0.05%
2026-08-06 12:01:22 INFO     strategy        PnL: 12:01:22 MTM=-309.00 Loss=0.05%
2026-08-06 12:01:23 INFO     strategy        PnL: 12:01:23 MTM=-260.00 Loss=0.04%
2026-08-06 12:01:24 INFO     strategy        PnL: 12:01:24 MTM=-269.00 Loss=0.04%
2026-08-06 12:01:25 INFO     strategy        PnL: 12:01:25 MTM=-292.00 Loss=0.05%
2026-08-06 12:01:26 INFO     strategy        PnL: 12:01:26 MTM=-312.00 Loss=0.05%
2026-08-06 12:01:27 INFO     strategy        PnL: 12:01:27 MTM=-263.00 Loss=0.04%
2026-08-06 12:01:28 INFO     strategy        PnL: 12:01:28 MTM=-338.00 Loss=0.05%
2026-08-06 12:01:29 INFO     strategy        PnL: 12:01:29 MTM=-305.00 Loss=0.05%
2026-08-06 12:01:30 INFO     strategy        PnL: 12:01:30 MTM=-332.00 Loss=0.05%
2026-08-06 12:01:31 INFO     strategy        PnL: 12:01:31 MTM=-299.00 Loss=0.05%
2026-08-06 12:01:32 INFO     strategy        PnL: 12:01:32 MTM=-334.00 Loss=0.05%
2026-08-06 12:01:33 INFO     strategy        PnL: 12:01:33 MTM=-255.00 Loss=0.04%
2026-08-06 12:01:34 INFO     strategy        PnL: 12:01:34 MTM=-253.00 Loss=0.04%
2026-08-06 12:01:36 INFO     strategy        PnL: 12:01:36 MTM=-309.00 Loss=0.05%
2026-08-06 12:01:37 INFO     strategy        PnL: 12:01:37 MTM=-290.00 Loss=0.04%
2026-08-06 12:01:38 INFO     strategy        PnL: 12:01:38 MTM=-292.00 Loss=0.05%
2026-08-06 12:01:39 INFO     strategy        PnL: 12:01:39 MTM=-328.00 Loss=0.05%
2026-08-06 12:01:40 INFO     strategy        PnL: 12:01:40 MTM=-331.00 Loss=0.05%
2026-08-06 12:01:41 INFO     strategy        PnL: 12:01:41 MTM=-292.00 Loss=0.05%
2026-08-06 12:01:42 INFO     strategy        PnL: 12:01:42 MTM=-281.00 Loss=0.04%
2026-08-06 12:01:43 INFO     strategy        PnL: 12:01:43 MTM=-310.00 Loss=0.05%
2026-08-06 12:01:44 INFO     strategy        PnL: 12:01:44 MTM=-300.00 Loss=0.05%
2026-08-06 12:01:45 INFO     strategy        PnL: 12:01:45 MTM=-331.00 Loss=0.05%
2026-08-06 12:01:46 INFO     strategy        PnL: 12:01:46 MTM=-365.00 Loss=0.06%
2026-08-06 12:01:47 INFO     strategy        PnL: 12:01:47 MTM=-313.00 Loss=0.05%
2026-08-06 12:01:48 INFO     strategy        PnL: 12:01:48 MTM=-300.00 Loss=0.05%
2026-08-06 12:01:49 INFO     strategy        PnL: 12:01:49 MTM=-289.00 Loss=0.04%
2026-08-06 12:01:50 INFO     strategy        PnL: 12:01:50 MTM=-329.00 Loss=0.05%
2026-08-06 12:01:51 INFO     strategy        PnL: 12:01:51 MTM=-260.00 Loss=0.04%
2026-08-06 12:01:52 INFO     strategy        PnL: 12:01:52 MTM=-373.00 Loss=0.06%
2026-08-06 12:01:53 INFO     strategy        PnL: 12:01:53 MTM=-326.00 Loss=0.05%
2026-08-06 12:01:54 INFO     strategy        PnL: 12:01:54 MTM=-352.00 Loss=0.05%
2026-08-06 12:01:55 INFO     strategy        PnL: 12:01:55 MTM=-347.00 Loss=0.05%
2026-08-06 12:01:56 INFO     strategy        PnL: 12:01:56 MTM=-329.00 Loss=0.05%
2026-08-06 12:01:57 INFO     strategy        PnL: 12:01:57 MTM=-387.00 Loss=0.06%
2026-08-06 12:01:58 INFO     strategy        PnL: 12:01:58 MTM=-352.00 Loss=0.05%
2026-08-06 12:01:59 INFO     strategy        PnL: 12:01:59 MTM=-286.00 Loss=0.04%
2026-08-06 12:02:00 INFO     strategy        PnL: 12:02:00 MTM=-306.00 Loss=0.05%
2026-08-06 12:02:01 INFO     strategy        PnL: 12:02:01 MTM=-318.00 Loss=0.05%
2026-08-06 12:02:02 INFO     strategy        PnL: 12:02:02 MTM=-321.00 Loss=0.05%
2026-08-06 12:02:03 INFO     strategy        PnL: 12:02:03 MTM=-303.00 Loss=0.05%
2026-08-06 12:02:04 INFO     strategy        PnL: 12:02:04 MTM=-354.00 Loss=0.05%
2026-08-06 12:02:05 INFO     strategy        PnL: 12:02:05 MTM=-344.00 Loss=0.05%
2026-08-06 12:02:06 INFO     strategy        PnL: 12:02:06 MTM=-372.00 Loss=0.06%
2026-08-06 12:02:07 INFO     strategy        PnL: 12:02:07 MTM=-363.00 Loss=0.06%
2026-08-06 12:02:08 INFO     strategy        PnL: 12:02:08 MTM=-309.00 Loss=0.05%
2026-08-06 12:02:09 INFO     strategy        PnL: 12:02:09 MTM=-332.00 Loss=0.05%
2026-08-06 12:02:10 INFO     strategy        PnL: 12:02:10 MTM=-329.00 Loss=0.05%
2026-08-06 12:02:11 INFO     strategy        PnL: 12:02:11 MTM=-347.00 Loss=0.05%
2026-08-06 12:02:12 INFO     strategy        PnL: 12:02:12 MTM=-334.00 Loss=0.05%
2026-08-06 12:02:13 INFO     strategy        PnL: 12:02:13 MTM=-309.00 Loss=0.05%
2026-08-06 12:02:14 INFO     strategy        PnL: 12:02:14 MTM=-335.00 Loss=0.05%
2026-08-06 12:02:15 INFO     strategy        PnL: 12:02:15 MTM=-333.00 Loss=0.05%
2026-08-06 12:02:16 INFO     strategy        PnL: 12:02:16 MTM=-336.00 Loss=0.05%
2026-08-06 12:02:17 INFO     strategy        PnL: 12:02:17 MTM=-347.00 Loss=0.05%
2026-08-06 12:02:18 INFO     strategy        PnL: 12:02:18 MTM=-352.00 Loss=0.05%
2026-08-06 12:02:19 INFO     strategy        PnL: 12:02:19 MTM=-326.00 Loss=0.05%
2026-08-06 12:02:20 INFO     strategy        PnL: 12:02:20 MTM=-303.00 Loss=0.05%
2026-08-06 12:02:21 INFO     strategy        PnL: 12:02:21 MTM=-339.00 Loss=0.05%
2026-08-06 12:02:22 INFO     strategy        PnL: 12:02:22 MTM=-339.00 Loss=0.05%
2026-08-06 12:02:23 INFO     strategy        PnL: 12:02:23 MTM=-370.00 Loss=0.06%
2026-08-06 12:02:24 INFO     strategy        PnL: 12:02:24 MTM=-375.00 Loss=0.06%
2026-08-06 12:02:25 INFO     strategy        PnL: 12:02:25 MTM=-376.00 Loss=0.06%
2026-08-06 12:02:26 INFO     strategy        PnL: 12:02:26 MTM=-399.00 Loss=0.06%
2026-08-06 12:02:27 INFO     strategy        PnL: 12:02:27 MTM=-424.00 Loss=0.07%
2026-08-06 12:02:28 INFO     strategy        PnL: 12:02:28 MTM=-381.00 Loss=0.06%
2026-08-06 12:02:29 INFO     strategy        PnL: 12:02:29 MTM=-439.00 Loss=0.07%
2026-08-06 12:02:30 INFO     strategy        PnL: 12:02:30 MTM=-449.00 Loss=0.07%
2026-08-06 12:02:31 INFO     strategy        PnL: 12:02:31 MTM=-499.00 Loss=0.08%
2026-08-06 12:02:32 INFO     strategy        PnL: 12:02:32 MTM=-471.00 Loss=0.07%
2026-08-06 12:02:33 INFO     strategy        PnL: 12:02:33 MTM=-399.00 Loss=0.06%
2026-08-06 12:02:34 INFO     strategy        PnL: 12:02:34 MTM=-458.00 Loss=0.07%
2026-08-06 12:02:35 INFO     strategy        PnL: 12:02:35 MTM=-459.00 Loss=0.07%
2026-08-06 12:02:36 INFO     strategy        PnL: 12:02:36 MTM=-482.00 Loss=0.07%
2026-08-06 12:02:37 INFO     strategy        PnL: 12:02:37 MTM=-456.00 Loss=0.07%
2026-08-06 12:02:38 INFO     strategy        PnL: 12:02:38 MTM=-455.00 Loss=0.07%
2026-08-06 12:02:39 INFO     strategy        PnL: 12:02:39 MTM=-501.00 Loss=0.08%
2026-08-06 12:02:40 INFO     strategy        PnL: 12:02:40 MTM=-527.00 Loss=0.08%
2026-08-06 12:02:41 INFO     strategy        PnL: 12:02:41 MTM=-523.00 Loss=0.08%
2026-08-06 12:02:42 INFO     strategy        PnL: 12:02:42 MTM=-465.00 Loss=0.07%
2026-08-06 12:02:43 INFO     strategy        PnL: 12:02:43 MTM=-518.00 Loss=0.08%
2026-08-06 12:02:44 INFO     strategy        PnL: 12:02:44 MTM=-559.00 Loss=0.09%
2026-08-06 12:02:45 INFO     strategy        PnL: 12:02:45 MTM=-495.00 Loss=0.08%
2026-08-06 12:02:46 INFO     strategy        PnL: 12:02:46 MTM=-486.00 Loss=0.07%
2026-08-06 12:02:47 INFO     strategy        PnL: 12:02:47 MTM=-487.00 Loss=0.08%
2026-08-06 12:02:48 INFO     strategy        PnL: 12:02:48 MTM=-503.00 Loss=0.08%
2026-08-06 12:02:49 INFO     strategy        PnL: 12:02:49 MTM=-464.00 Loss=0.07%
2026-08-06 12:02:50 INFO     strategy        PnL: 12:02:50 MTM=-520.00 Loss=0.08%
2026-08-06 12:02:51 INFO     strategy        PnL: 12:02:51 MTM=-498.00 Loss=0.08%
2026-08-06 12:02:52 INFO     strategy        PnL: 12:02:52 MTM=-519.00 Loss=0.08%
2026-08-06 12:02:53 INFO     strategy        PnL: 12:02:53 MTM=-541.00 Loss=0.08%
2026-08-06 12:02:54 INFO     strategy        PnL: 12:02:54 MTM=-485.00 Loss=0.07%
2026-08-06 12:02:55 INFO     strategy        PnL: 12:02:55 MTM=-483.00 Loss=0.07%
2026-08-06 12:02:56 INFO     strategy        PnL: 12:02:56 MTM=-518.00 Loss=0.08%
2026-08-06 12:02:57 INFO     strategy        PnL: 12:02:57 MTM=-497.00 Loss=0.08%
2026-08-06 12:02:58 INFO     strategy        PnL: 12:02:58 MTM=-512.00 Loss=0.08%
2026-08-06 12:02:59 INFO     strategy        PnL: 12:02:59 MTM=-540.00 Loss=0.08%
2026-08-06 12:03:00 INFO     strategy        PnL: 12:03:00 MTM=-542.00 Loss=0.08%
2026-08-06 12:03:01 INFO     strategy        PnL: 12:03:01 MTM=-534.00 Loss=0.08%
2026-08-06 12:03:02 INFO     strategy        PnL: 12:03:02 MTM=-514.00 Loss=0.08%
2026-08-06 12:03:03 INFO     strategy        PnL: 12:03:03 MTM=-522.00 Loss=0.08%
2026-08-06 12:03:04 INFO     strategy        PnL: 12:03:04 MTM=-480.00 Loss=0.07%
2026-08-06 12:03:05 INFO     strategy        PnL: 12:03:05 MTM=-490.00 Loss=0.08%
2026-08-06 12:03:06 INFO     strategy        PnL: 12:03:06 MTM=-497.00 Loss=0.08%
2026-08-06 12:03:07 INFO     strategy        PnL: 12:03:07 MTM=-531.00 Loss=0.08%
2026-08-06 12:03:08 INFO     strategy        PnL: 12:03:08 MTM=-467.00 Loss=0.07%
2026-08-06 12:03:09 INFO     strategy        PnL: 12:03:09 MTM=-467.00 Loss=0.07%
2026-08-06 12:03:10 INFO     strategy        PnL: 12:03:10 MTM=-514.00 Loss=0.08%
2026-08-06 12:03:11 INFO     strategy        PnL: 12:03:11 MTM=-493.00 Loss=0.08%
2026-08-06 12:03:12 INFO     strategy        PnL: 12:03:12 MTM=-462.00 Loss=0.07%
2026-08-06 12:03:13 INFO     strategy        PnL: 12:03:13 MTM=-521.00 Loss=0.08%
2026-08-06 12:03:14 INFO     strategy        PnL: 12:03:14 MTM=-485.00 Loss=0.07%
2026-08-06 12:03:15 INFO     strategy        PnL: 12:03:15 MTM=-554.00 Loss=0.09%
2026-08-06 12:03:16 INFO     strategy        PnL: 12:03:16 MTM=-532.00 Loss=0.08%
2026-08-06 12:03:17 INFO     strategy        PnL: 12:03:17 MTM=-492.00 Loss=0.08%
2026-08-06 12:03:18 INFO     strategy        PnL: 12:03:18 MTM=-428.00 Loss=0.07%
2026-08-06 12:03:19 INFO     strategy        PnL: 12:03:19 MTM=-480.00 Loss=0.07%
2026-08-06 12:03:20 INFO     strategy        PnL: 12:03:20 MTM=-493.00 Loss=0.08%
2026-08-06 12:03:21 INFO     strategy        PnL: 12:03:21 MTM=-483.00 Loss=0.07%
2026-08-06 12:03:22 INFO     strategy        PnL: 12:03:22 MTM=-471.00 Loss=0.07%
2026-08-06 12:03:23 INFO     strategy        PnL: 12:03:23 MTM=-447.00 Loss=0.07%
2026-08-06 12:03:24 INFO     strategy        PnL: 12:03:24 MTM=-421.00 Loss=0.06%
2026-08-06 12:03:25 INFO     strategy        PnL: 12:03:25 MTM=-470.00 Loss=0.07%
2026-08-06 12:03:26 INFO     strategy        PnL: 12:03:26 MTM=-452.00 Loss=0.07%
2026-08-06 12:03:27 INFO     strategy        PnL: 12:03:27 MTM=-431.00 Loss=0.07%
2026-08-06 12:03:28 INFO     strategy        PnL: 12:03:28 MTM=-472.00 Loss=0.07%
2026-08-06 12:03:29 INFO     strategy        PnL: 12:03:29 MTM=-436.00 Loss=0.07%
2026-08-06 12:03:30 INFO     strategy        PnL: 12:03:30 MTM=-490.00 Loss=0.08%
2026-08-06 12:03:31 INFO     strategy        PnL: 12:03:31 MTM=-492.00 Loss=0.08%
2026-08-06 12:03:32 INFO     strategy        PnL: 12:03:32 MTM=-490.00 Loss=0.08%
2026-08-06 12:03:33 INFO     strategy        PnL: 12:03:33 MTM=-432.00 Loss=0.07%
2026-08-06 12:03:34 INFO     strategy        PnL: 12:03:34 MTM=-443.00 Loss=0.07%
2026-08-06 12:03:35 INFO     strategy        PnL: 12:03:35 MTM=-464.00 Loss=0.07%
2026-08-06 12:03:36 INFO     strategy        PnL: 12:03:36 MTM=-502.00 Loss=0.08%
2026-08-06 12:03:37 INFO     strategy        PnL: 12:03:37 MTM=-504.00 Loss=0.08%
2026-08-06 12:03:38 INFO     strategy        PnL: 12:03:38 MTM=-452.00 Loss=0.07%
2026-08-06 12:03:39 INFO     strategy        PnL: 12:03:39 MTM=-457.00 Loss=0.07%
2026-08-06 12:03:40 INFO     strategy        PnL: 12:03:40 MTM=-506.00 Loss=0.08%
2026-08-06 12:03:41 INFO     strategy        PnL: 12:03:41 MTM=-491.00 Loss=0.08%
2026-08-06 12:03:42 INFO     strategy        PnL: 12:03:42 MTM=-508.00 Loss=0.08%
2026-08-06 12:03:44 INFO     strategy        PnL: 12:03:43 MTM=-488.00 Loss=0.08%
2026-08-06 12:03:45 INFO     strategy        PnL: 12:03:45 MTM=-469.00 Loss=0.07%
2026-08-06 12:03:46 INFO     strategy        PnL: 12:03:46 MTM=-479.00 Loss=0.07%
2026-08-06 12:03:47 INFO     strategy        PnL: 12:03:47 MTM=-482.00 Loss=0.07%
2026-08-06 12:03:48 INFO     strategy        PnL: 12:03:48 MTM=-465.00 Loss=0.07%
2026-08-06 12:03:49 INFO     strategy        PnL: 12:03:49 MTM=-470.00 Loss=0.07%
2026-08-06 12:03:50 INFO     strategy        PnL: 12:03:50 MTM=-472.00 Loss=0.07%
2026-08-06 12:03:51 INFO     strategy        PnL: 12:03:51 MTM=-445.00 Loss=0.07%
2026-08-06 12:03:52 INFO     strategy        PnL: 12:03:52 MTM=-453.00 Loss=0.07%
2026-08-06 12:03:53 INFO     strategy        PnL: 12:03:53 MTM=-434.00 Loss=0.07%
2026-08-06 12:03:54 INFO     strategy        PnL: 12:03:54 MTM=-400.00 Loss=0.06%
2026-08-06 12:03:55 INFO     strategy        PnL: 12:03:55 MTM=-399.00 Loss=0.06%
2026-08-06 12:03:56 INFO     strategy        PnL: 12:03:56 MTM=-401.00 Loss=0.06%
2026-08-06 12:03:57 INFO     strategy        PnL: 12:03:57 MTM=-436.00 Loss=0.07%
2026-08-06 12:03:58 INFO     strategy        PnL: 12:03:58 MTM=-396.00 Loss=0.06%
2026-08-06 12:03:59 INFO     strategy        PnL: 12:03:59 MTM=-415.00 Loss=0.06%
2026-08-06 12:04:00 INFO     strategy        PnL: 12:04:00 MTM=-407.00 Loss=0.06%
2026-08-06 12:04:01 INFO     strategy        PnL: 12:04:01 MTM=-416.00 Loss=0.06%
2026-08-06 12:04:02 INFO     strategy        PnL: 12:04:02 MTM=-404.00 Loss=0.06%
2026-08-06 12:04:03 INFO     strategy        PnL: 12:04:03 MTM=-431.00 Loss=0.07%
2026-08-06 12:04:04 INFO     strategy        PnL: 12:04:04 MTM=-433.00 Loss=0.07%
2026-08-06 12:04:05 INFO     strategy        PnL: 12:04:05 MTM=-474.00 Loss=0.07%
2026-08-06 12:04:06 INFO     strategy        PnL: 12:04:06 MTM=-451.00 Loss=0.07%
2026-08-06 12:04:07 INFO     strategy        PnL: 12:04:07 MTM=-478.00 Loss=0.07%
2026-08-06 12:04:08 INFO     strategy        PnL: 12:04:08 MTM=-480.00 Loss=0.07%
2026-08-06 12:04:09 INFO     strategy        PnL: 12:04:09 MTM=-465.00 Loss=0.07%
2026-08-06 12:04:10 INFO     strategy        PnL: 12:04:10 MTM=-448.00 Loss=0.07%
2026-08-06 12:04:11 INFO     strategy        PnL: 12:04:11 MTM=-443.00 Loss=0.07%
2026-08-06 12:04:12 INFO     strategy        PnL: 12:04:12 MTM=-389.00 Loss=0.06%
2026-08-06 12:04:13 INFO     strategy        PnL: 12:04:13 MTM=-438.00 Loss=0.07%
2026-08-06 12:04:14 INFO     strategy        PnL: 12:04:14 MTM=-405.00 Loss=0.06%
2026-08-06 12:04:15 INFO     strategy        PnL: 12:04:15 MTM=-394.00 Loss=0.06%
2026-08-06 12:04:16 INFO     strategy        PnL: 12:04:16 MTM=-404.00 Loss=0.06%
2026-08-06 12:04:17 INFO     strategy        PnL: 12:04:17 MTM=-394.00 Loss=0.06%
2026-08-06 12:04:18 INFO     strategy        PnL: 12:04:18 MTM=-430.00 Loss=0.07%
2026-08-06 12:04:19 INFO     strategy        PnL: 12:04:19 MTM=-425.00 Loss=0.07%
2026-08-06 12:04:20 INFO     strategy        PnL: 12:04:20 MTM=-391.00 Loss=0.06%
2026-08-06 12:04:21 INFO     strategy        PnL: 12:04:21 MTM=-414.00 Loss=0.06%
2026-08-06 12:04:22 INFO     strategy        PnL: 12:04:22 MTM=-393.00 Loss=0.06%
2026-08-06 12:04:23 INFO     strategy        PnL: 12:04:23 MTM=-417.00 Loss=0.06%
2026-08-06 12:04:24 INFO     strategy        PnL: 12:04:24 MTM=-399.00 Loss=0.06%
2026-08-06 12:04:25 INFO     strategy        PnL: 12:04:25 MTM=-416.00 Loss=0.06%
2026-08-06 12:04:26 INFO     strategy        PnL: 12:04:26 MTM=-436.00 Loss=0.07%
2026-08-06 12:04:27 INFO     strategy        PnL: 12:04:27 MTM=-439.00 Loss=0.07%
2026-08-06 12:04:28 INFO     strategy        PnL: 12:04:28 MTM=-423.00 Loss=0.07%
2026-08-06 12:04:29 INFO     strategy        PnL: 12:04:29 MTM=-418.00 Loss=0.06%
2026-08-06 12:04:30 INFO     strategy        PnL: 12:04:30 MTM=-481.00 Loss=0.07%
2026-08-06 12:04:31 INFO     strategy        PnL: 12:04:31 MTM=-462.00 Loss=0.07%
2026-08-06 12:04:32 INFO     strategy        PnL: 12:04:32 MTM=-466.00 Loss=0.07%
2026-08-06 12:04:33 INFO     strategy        PnL: 12:04:33 MTM=-472.00 Loss=0.07%
2026-08-06 12:04:34 INFO     strategy        PnL: 12:04:34 MTM=-444.00 Loss=0.07%
2026-08-06 12:04:35 INFO     strategy        PnL: 12:04:35 MTM=-440.00 Loss=0.07%
2026-08-06 12:04:36 INFO     strategy        PnL: 12:04:36 MTM=-415.00 Loss=0.06%
2026-08-06 12:04:37 INFO     strategy        PnL: 12:04:37 MTM=-407.00 Loss=0.06%
2026-08-06 12:04:38 INFO     strategy        PnL: 12:04:38 MTM=-408.00 Loss=0.06%
2026-08-06 12:04:39 INFO     strategy        PnL: 12:04:39 MTM=-439.00 Loss=0.07%
2026-08-06 12:04:40 INFO     strategy        PnL: 12:04:40 MTM=-437.00 Loss=0.07%
2026-08-06 12:04:41 INFO     strategy        PnL: 12:04:41 MTM=-412.00 Loss=0.06%
2026-08-06 12:04:42 INFO     strategy        PnL: 12:04:42 MTM=-456.00 Loss=0.07%
2026-08-06 12:04:43 INFO     strategy        PnL: 12:04:43 MTM=-416.00 Loss=0.06%
2026-08-06 12:04:44 INFO     strategy        PnL: 12:04:44 MTM=-443.00 Loss=0.07%
2026-08-06 12:04:45 INFO     strategy        PnL: 12:04:45 MTM=-467.00 Loss=0.07%
2026-08-06 12:04:46 INFO     strategy        PnL: 12:04:46 MTM=-465.00 Loss=0.07%
2026-08-06 12:04:47 INFO     strategy        PnL: 12:04:47 MTM=-471.00 Loss=0.07%
2026-08-06 12:04:48 INFO     strategy        PnL: 12:04:48 MTM=-469.00 Loss=0.07%
2026-08-06 12:04:49 INFO     strategy        PnL: 12:04:49 MTM=-443.00 Loss=0.07%
2026-08-06 12:04:50 INFO     strategy        PnL: 12:04:50 MTM=-447.00 Loss=0.07%
2026-08-06 12:04:51 INFO     strategy        PnL: 12:04:51 MTM=-479.00 Loss=0.07%
2026-08-06 12:04:52 INFO     strategy        PnL: 12:04:52 MTM=-413.00 Loss=0.06%
2026-08-06 12:04:53 INFO     strategy        PnL: 12:04:53 MTM=-423.00 Loss=0.07%
2026-08-06 12:04:54 INFO     strategy        PnL: 12:04:54 MTM=-417.00 Loss=0.06%
2026-08-06 12:04:55 INFO     strategy        PnL: 12:04:55 MTM=-425.00 Loss=0.07%
2026-08-06 12:04:56 INFO     strategy        PnL: 12:04:56 MTM=-420.00 Loss=0.06%
2026-08-06 12:04:57 INFO     strategy        PnL: 12:04:57 MTM=-392.00 Loss=0.06%
2026-08-06 12:04:58 INFO     strategy        PnL: 12:04:58 MTM=-422.00 Loss=0.07%
2026-08-06 12:04:59 INFO     strategy        PnL: 12:04:59 MTM=-398.00 Loss=0.06%
2026-08-06 12:05:00 INFO     strategy        PnL: 12:05:00 MTM=-452.00 Loss=0.07%
2026-08-06 12:05:01 INFO     strategy        PnL: 12:05:01 MTM=-421.00 Loss=0.06%
2026-08-06 12:05:02 INFO     strategy        PnL: 12:05:02 MTM=-422.00 Loss=0.07%
2026-08-06 12:05:03 INFO     strategy        PnL: 12:05:03 MTM=-404.00 Loss=0.06%
2026-08-06 12:05:04 INFO     strategy        PnL: 12:05:04 MTM=-445.00 Loss=0.07%
2026-08-06 12:05:05 INFO     strategy        PnL: 12:05:05 MTM=-456.00 Loss=0.07%
2026-08-06 12:05:06 INFO     strategy        PnL: 12:05:06 MTM=-449.00 Loss=0.07%
2026-08-06 12:05:07 INFO     strategy        PnL: 12:05:07 MTM=-398.00 Loss=0.06%
2026-08-06 12:05:08 INFO     strategy        PnL: 12:05:08 MTM=-402.00 Loss=0.06%
2026-08-06 12:05:09 INFO     strategy        PnL: 12:05:09 MTM=-416.00 Loss=0.06%
2026-08-06 12:05:10 INFO     strategy        PnL: 12:05:10 MTM=-404.00 Loss=0.06%
2026-08-06 12:05:11 INFO     strategy        PnL: 12:05:11 MTM=-405.00 Loss=0.06%
2026-08-06 12:05:12 INFO     strategy        PnL: 12:05:12 MTM=-418.00 Loss=0.06%
2026-08-06 12:05:13 INFO     strategy        PnL: 12:05:13 MTM=-422.00 Loss=0.07%
2026-08-06 12:05:14 INFO     strategy        PnL: 12:05:14 MTM=-416.00 Loss=0.06%
2026-08-06 12:05:15 INFO     strategy        PnL: 12:05:15 MTM=-393.00 Loss=0.06%
2026-08-06 12:05:16 INFO     strategy        PnL: 12:05:16 MTM=-383.00 Loss=0.06%
2026-08-06 12:05:17 INFO     strategy        PnL: 12:05:17 MTM=-385.00 Loss=0.06%
2026-08-06 12:05:18 INFO     strategy        PnL: 12:05:18 MTM=-443.00 Loss=0.07%
2026-08-06 12:05:19 INFO     strategy        PnL: 12:05:19 MTM=-398.00 Loss=0.06%
2026-08-06 12:05:20 INFO     strategy        PnL: 12:05:20 MTM=-386.00 Loss=0.06%
2026-08-06 12:05:21 INFO     strategy        PnL: 12:05:21 MTM=-394.00 Loss=0.06%
2026-08-06 12:05:22 INFO     strategy        PnL: 12:05:22 MTM=-393.00 Loss=0.06%
2026-08-06 12:05:23 INFO     strategy        PnL: 12:05:23 MTM=-384.00 Loss=0.06%
2026-08-06 12:05:24 INFO     strategy        PnL: 12:05:24 MTM=-354.00 Loss=0.05%
2026-08-06 12:05:25 INFO     strategy        PnL: 12:05:25 MTM=-370.00 Loss=0.06%
2026-08-06 12:05:26 INFO     strategy        PnL: 12:05:26 MTM=-394.00 Loss=0.06%
2026-08-06 12:05:27 INFO     strategy        PnL: 12:05:27 MTM=-407.00 Loss=0.06%
2026-08-06 12:05:28 INFO     strategy        PnL: 12:05:28 MTM=-408.00 Loss=0.06%
2026-08-06 12:05:29 INFO     strategy        PnL: 12:05:29 MTM=-399.00 Loss=0.06%
2026-08-06 12:05:30 INFO     strategy        PnL: 12:05:30 MTM=-420.00 Loss=0.06%
2026-08-06 12:05:31 INFO     strategy        PnL: 12:05:31 MTM=-419.00 Loss=0.06%
2026-08-06 12:05:32 INFO     strategy        PnL: 12:05:32 MTM=-424.00 Loss=0.07%
2026-08-06 12:05:33 INFO     strategy        PnL: 12:05:33 MTM=-421.00 Loss=0.06%
2026-08-06 12:05:34 INFO     strategy        PnL: 12:05:34 MTM=-417.00 Loss=0.06%
2026-08-06 12:05:35 INFO     strategy        PnL: 12:05:35 MTM=-426.00 Loss=0.07%
2026-08-06 12:05:36 INFO     strategy        PnL: 12:05:36 MTM=-430.00 Loss=0.07%
2026-08-06 12:05:37 INFO     strategy        PnL: 12:05:37 MTM=-422.00 Loss=0.07%
2026-08-06 12:05:38 INFO     strategy        PnL: 12:05:38 MTM=-399.00 Loss=0.06%
2026-08-06 12:05:39 INFO     strategy        PnL: 12:05:39 MTM=-468.00 Loss=0.07%
2026-08-06 12:05:40 INFO     strategy        PnL: 12:05:40 MTM=-386.00 Loss=0.06%
2026-08-06 12:05:41 INFO     strategy        PnL: 12:05:41 MTM=-430.00 Loss=0.07%
2026-08-06 12:05:42 INFO     strategy        PnL: 12:05:42 MTM=-383.00 Loss=0.06%
2026-08-06 12:05:44 INFO     strategy        PnL: 12:05:44 MTM=-418.00 Loss=0.06%
2026-08-06 12:05:45 INFO     strategy        PnL: 12:05:45 MTM=-391.00 Loss=0.06%
2026-08-06 12:05:46 INFO     strategy        PnL: 12:05:46 MTM=-401.00 Loss=0.06%
2026-08-06 12:05:47 INFO     strategy        PnL: 12:05:47 MTM=-396.00 Loss=0.06%
2026-08-06 12:05:48 INFO     strategy        PnL: 12:05:48 MTM=-409.00 Loss=0.06%
2026-08-06 12:05:49 INFO     strategy        PnL: 12:05:49 MTM=-376.00 Loss=0.06%
2026-08-06 12:05:50 INFO     strategy        PnL: 12:05:50 MTM=-412.00 Loss=0.06%
2026-08-06 12:05:51 INFO     strategy        PnL: 12:05:51 MTM=-425.00 Loss=0.07%
2026-08-06 12:05:52 INFO     strategy        PnL: 12:05:52 MTM=-371.00 Loss=0.06%
2026-08-06 12:05:53 INFO     strategy        PnL: 12:05:53 MTM=-444.00 Loss=0.07%
2026-08-06 12:05:54 INFO     strategy        PnL: 12:05:54 MTM=-415.00 Loss=0.06%
2026-08-06 12:05:55 INFO     strategy        PnL: 12:05:55 MTM=-408.00 Loss=0.06%
2026-08-06 12:05:56 INFO     strategy        PnL: 12:05:56 MTM=-409.00 Loss=0.06%
2026-08-06 12:05:57 INFO     strategy        PnL: 12:05:57 MTM=-437.00 Loss=0.07%
2026-08-06 12:05:58 INFO     strategy        PnL: 12:05:58 MTM=-384.00 Loss=0.06%
2026-08-06 12:05:59 INFO     strategy        PnL: 12:05:59 MTM=-383.00 Loss=0.06%
2026-08-06 12:06:00 INFO     strategy        PnL: 12:06:00 MTM=-374.00 Loss=0.06%
2026-08-06 12:06:01 INFO     strategy        PnL: 12:06:01 MTM=-434.00 Loss=0.07%
2026-08-06 12:06:02 INFO     strategy        PnL: 12:06:02 MTM=-408.00 Loss=0.06%
2026-08-06 12:06:03 INFO     strategy        PnL: 12:06:03 MTM=-401.00 Loss=0.06%
2026-08-06 12:06:04 INFO     strategy        PnL: 12:06:04 MTM=-359.00 Loss=0.06%
2026-08-06 12:06:05 INFO     strategy        PnL: 12:06:05 MTM=-405.00 Loss=0.06%
2026-08-06 12:06:06 INFO     strategy        PnL: 12:06:06 MTM=-411.00 Loss=0.06%
2026-08-06 12:06:07 INFO     strategy        PnL: 12:06:07 MTM=-358.00 Loss=0.06%
2026-08-06 12:06:08 INFO     strategy        PnL: 12:06:08 MTM=-388.00 Loss=0.06%
2026-08-06 12:06:09 INFO     strategy        PnL: 12:06:09 MTM=-381.00 Loss=0.06%
2026-08-06 12:06:10 INFO     strategy        PnL: 12:06:10 MTM=-421.00 Loss=0.06%
2026-08-06 12:06:11 INFO     strategy        PnL: 12:06:11 MTM=-389.00 Loss=0.06%
2026-08-06 12:06:12 INFO     strategy        PnL: 12:06:12 MTM=-390.00 Loss=0.06%
2026-08-06 12:06:13 INFO     strategy        PnL: 12:06:13 MTM=-376.00 Loss=0.06%
2026-08-06 12:06:14 INFO     strategy        PnL: 12:06:14 MTM=-367.00 Loss=0.06%
2026-08-06 12:06:15 INFO     strategy        PnL: 12:06:15 MTM=-341.00 Loss=0.05%
2026-08-06 12:06:16 INFO     strategy        PnL: 12:06:16 MTM=-339.00 Loss=0.05%
2026-08-06 12:06:17 INFO     strategy        PnL: 12:06:17 MTM=-346.00 Loss=0.05%
2026-08-06 12:06:18 INFO     strategy        PnL: 12:06:18 MTM=-341.00 Loss=0.05%
2026-08-06 12:06:19 INFO     strategy        PnL: 12:06:19 MTM=-347.00 Loss=0.05%
2026-08-06 12:06:20 INFO     strategy        PnL: 12:06:20 MTM=-355.00 Loss=0.05%
2026-08-06 12:06:21 INFO     strategy        PnL: 12:06:21 MTM=-369.00 Loss=0.06%
2026-08-06 12:06:22 INFO     strategy        PnL: 12:06:22 MTM=-356.00 Loss=0.05%
2026-08-06 12:06:23 INFO     strategy        PnL: 12:06:23 MTM=-329.00 Loss=0.05%
2026-08-06 12:06:24 INFO     strategy        PnL: 12:06:24 MTM=-369.00 Loss=0.06%
2026-08-06 12:06:25 INFO     strategy        PnL: 12:06:25 MTM=-360.00 Loss=0.06%
2026-08-06 12:06:26 INFO     strategy        PnL: 12:06:26 MTM=-391.00 Loss=0.06%
2026-08-06 12:06:27 INFO     strategy        PnL: 12:06:27 MTM=-472.00 Loss=0.07%
2026-08-06 12:06:28 INFO     strategy        PnL: 12:06:28 MTM=-399.00 Loss=0.06%
2026-08-06 12:06:29 INFO     strategy        PnL: 12:06:29 MTM=-341.00 Loss=0.05%
2026-08-06 12:06:30 INFO     strategy        PnL: 12:06:30 MTM=-417.00 Loss=0.06%
2026-08-06 12:06:31 INFO     strategy        PnL: 12:06:31 MTM=-390.00 Loss=0.06%
2026-08-06 12:06:32 INFO     strategy        PnL: 12:06:32 MTM=-414.00 Loss=0.06%
2026-08-06 12:06:33 INFO     strategy        PnL: 12:06:33 MTM=-384.00 Loss=0.06%
2026-08-06 12:06:34 INFO     strategy        PnL: 12:06:34 MTM=-412.00 Loss=0.06%
2026-08-06 12:06:35 INFO     strategy        PnL: 12:06:35 MTM=-437.00 Loss=0.07%
2026-08-06 12:06:36 INFO     strategy        PnL: 12:06:36 MTM=-379.00 Loss=0.06%
2026-08-06 12:06:37 INFO     strategy        PnL: 12:06:37 MTM=-368.00 Loss=0.06%
2026-08-06 12:06:38 INFO     strategy        PnL: 12:06:38 MTM=-397.00 Loss=0.06%
2026-08-06 12:06:39 INFO     strategy        PnL: 12:06:39 MTM=-395.00 Loss=0.06%
2026-08-06 12:06:40 INFO     strategy        PnL: 12:06:40 MTM=-395.00 Loss=0.06%
2026-08-06 12:06:41 INFO     strategy        PnL: 12:06:41 MTM=-378.00 Loss=0.06%
2026-08-06 12:06:42 INFO     strategy        PnL: 12:06:42 MTM=-380.00 Loss=0.06%
2026-08-06 12:06:43 INFO     strategy        PnL: 12:06:43 MTM=-343.00 Loss=0.05%
2026-08-06 12:06:44 INFO     strategy        PnL: 12:06:44 MTM=-367.00 Loss=0.06%
2026-08-06 12:06:45 INFO     strategy        PnL: 12:06:45 MTM=-470.00 Loss=0.07%
2026-08-06 12:06:46 INFO     strategy        PnL: 12:06:46 MTM=-357.00 Loss=0.06%
2026-08-06 12:06:47 INFO     strategy        PnL: 12:06:47 MTM=-362.00 Loss=0.06%
2026-08-06 12:06:48 INFO     strategy        PnL: 12:06:48 MTM=-420.00 Loss=0.06%
2026-08-06 12:06:49 INFO     strategy        PnL: 12:06:49 MTM=-365.00 Loss=0.06%
2026-08-06 12:06:50 INFO     strategy        PnL: 12:06:50 MTM=-410.00 Loss=0.06%
2026-08-06 12:06:51 INFO     strategy        PnL: 12:06:51 MTM=-416.00 Loss=0.06%
2026-08-06 12:06:52 INFO     strategy        PnL: 12:06:52 MTM=-397.00 Loss=0.06%
2026-08-06 12:06:53 INFO     strategy        PnL: 12:06:53 MTM=-385.00 Loss=0.06%
2026-08-06 12:06:54 INFO     strategy        PnL: 12:06:54 MTM=-392.00 Loss=0.06%
2026-08-06 12:06:55 INFO     strategy        PnL: 12:06:55 MTM=-354.00 Loss=0.05%
2026-08-06 12:06:56 INFO     strategy        PnL: 12:06:56 MTM=-415.00 Loss=0.06%
2026-08-06 12:06:57 INFO     strategy        PnL: 12:06:57 MTM=-432.00 Loss=0.07%
2026-08-06 12:06:58 INFO     strategy        PnL: 12:06:58 MTM=-398.00 Loss=0.06%
2026-08-06 12:06:59 INFO     strategy        PnL: 12:06:59 MTM=-428.00 Loss=0.07%
2026-08-06 12:07:00 INFO     strategy        PnL: 12:07:00 MTM=-395.00 Loss=0.06%
2026-08-06 12:07:01 INFO     strategy        PnL: 12:07:01 MTM=-455.00 Loss=0.07%
2026-08-06 12:07:02 INFO     strategy        PnL: 12:07:02 MTM=-409.00 Loss=0.06%
2026-08-06 12:07:03 INFO     strategy        PnL: 12:07:03 MTM=-437.00 Loss=0.07%
2026-08-06 12:07:04 INFO     strategy        PnL: 12:07:04 MTM=-368.00 Loss=0.06%
2026-08-06 12:07:05 INFO     strategy        PnL: 12:07:05 MTM=-421.00 Loss=0.06%
2026-08-06 12:07:06 INFO     strategy        PnL: 12:07:06 MTM=-369.00 Loss=0.06%
2026-08-06 12:07:07 INFO     strategy        PnL: 12:07:07 MTM=-421.00 Loss=0.06%
2026-08-06 12:07:08 INFO     strategy        PnL: 12:07:08 MTM=-396.00 Loss=0.06%
2026-08-06 12:07:09 INFO     strategy        PnL: 12:07:09 MTM=-389.00 Loss=0.06%
2026-08-06 12:07:10 INFO     strategy        PnL: 12:07:10 MTM=-376.00 Loss=0.06%
2026-08-06 12:07:11 INFO     strategy        PnL: 12:07:11 MTM=-410.00 Loss=0.06%
2026-08-06 12:07:12 INFO     strategy        PnL: 12:07:12 MTM=-429.00 Loss=0.07%
2026-08-06 12:07:13 INFO     strategy        PnL: 12:07:13 MTM=-363.00 Loss=0.06%
2026-08-06 12:07:14 INFO     strategy        PnL: 12:07:14 MTM=-377.00 Loss=0.06%
2026-08-06 12:07:15 INFO     strategy        PnL: 12:07:15 MTM=-384.00 Loss=0.06%
2026-08-06 12:07:16 INFO     strategy        PnL: 12:07:16 MTM=-436.00 Loss=0.07%
2026-08-06 12:07:17 INFO     strategy        PnL: 12:07:17 MTM=-416.00 Loss=0.06%
2026-08-06 12:07:18 INFO     strategy        PnL: 12:07:18 MTM=-423.00 Loss=0.07%
2026-08-06 12:07:19 INFO     strategy        PnL: 12:07:19 MTM=-402.00 Loss=0.06%
2026-08-06 12:07:20 INFO     strategy        PnL: 12:07:20 MTM=-370.00 Loss=0.06%
2026-08-06 12:07:22 INFO     strategy        PnL: 12:07:21 MTM=-380.00 Loss=0.06%
2026-08-06 12:07:23 INFO     strategy        PnL: 12:07:23 MTM=-398.00 Loss=0.06%
2026-08-06 12:07:23 INFO     strategy        PnL: 12:07:23 MTM=-414.00 Loss=0.06%
2026-08-06 12:07:25 INFO     strategy        PnL: 12:07:25 MTM=-353.00 Loss=0.05%
2026-08-06 12:07:26 INFO     strategy        PnL: 12:07:26 MTM=-359.00 Loss=0.06%
2026-08-06 12:07:27 INFO     strategy        PnL: 12:07:27 MTM=-383.00 Loss=0.06%
2026-08-06 12:07:28 INFO     strategy        PnL: 12:07:28 MTM=-427.00 Loss=0.07%
2026-08-06 12:07:29 INFO     strategy        PnL: 12:07:29 MTM=-394.00 Loss=0.06%
2026-08-06 12:07:30 INFO     strategy        PnL: 12:07:30 MTM=-410.00 Loss=0.06%
2026-08-06 12:07:31 INFO     strategy        PnL: 12:07:31 MTM=-409.00 Loss=0.06%
2026-08-06 12:07:32 INFO     strategy        PnL: 12:07:32 MTM=-376.00 Loss=0.06%
2026-08-06 12:07:33 INFO     strategy        PnL: 12:07:33 MTM=-379.00 Loss=0.06%
2026-08-06 12:07:34 INFO     strategy        PnL: 12:07:34 MTM=-366.00 Loss=0.06%
2026-08-06 12:07:35 INFO     strategy        PnL: 12:07:35 MTM=-409.00 Loss=0.06%
2026-08-06 12:07:36 INFO     strategy        PnL: 12:07:36 MTM=-375.00 Loss=0.06%
2026-08-06 12:07:37 INFO     strategy        PnL: 12:07:37 MTM=-378.00 Loss=0.06%
2026-08-06 12:07:38 INFO     strategy        PnL: 12:07:38 MTM=-429.00 Loss=0.07%
2026-08-06 12:07:39 INFO     strategy        PnL: 12:07:39 MTM=-447.00 Loss=0.07%
2026-08-06 12:07:40 INFO     strategy        PnL: 12:07:40 MTM=-402.00 Loss=0.06%
2026-08-06 12:07:41 INFO     strategy        PnL: 12:07:41 MTM=-434.00 Loss=0.07%
2026-08-06 12:07:42 INFO     strategy        PnL: 12:07:42 MTM=-370.00 Loss=0.06%
2026-08-06 12:07:43 INFO     strategy        PnL: 12:07:43 MTM=-410.00 Loss=0.06%
2026-08-06 12:07:44 INFO     strategy        PnL: 12:07:44 MTM=-342.00 Loss=0.05%
2026-08-06 12:07:45 INFO     strategy        PnL: 12:07:45 MTM=-404.00 Loss=0.06%
2026-08-06 12:07:46 INFO     strategy        PnL: 12:07:46 MTM=-368.00 Loss=0.06%
2026-08-06 12:07:47 INFO     strategy        PnL: 12:07:47 MTM=-418.00 Loss=0.06%
2026-08-06 12:07:48 INFO     strategy        PnL: 12:07:48 MTM=-379.00 Loss=0.06%
2026-08-06 12:07:49 INFO     strategy        PnL: 12:07:49 MTM=-385.00 Loss=0.06%
2026-08-06 12:07:50 INFO     strategy        PnL: 12:07:50 MTM=-390.00 Loss=0.06%
2026-08-06 12:07:51 INFO     strategy        PnL: 12:07:51 MTM=-374.00 Loss=0.06%
2026-08-06 12:07:52 INFO     strategy        PnL: 12:07:52 MTM=-387.00 Loss=0.06%
2026-08-06 12:07:53 INFO     strategy        PnL: 12:07:53 MTM=-398.00 Loss=0.06%
2026-08-06 12:07:54 INFO     strategy        PnL: 12:07:54 MTM=-380.00 Loss=0.06%
2026-08-06 12:07:55 INFO     strategy        PnL: 12:07:55 MTM=-414.00 Loss=0.06%
2026-08-06 12:07:56 INFO     strategy        PnL: 12:07:56 MTM=-363.00 Loss=0.06%
2026-08-06 12:07:57 INFO     strategy        PnL: 12:07:57 MTM=-358.00 Loss=0.06%
2026-08-06 12:07:58 INFO     strategy        PnL: 12:07:58 MTM=-359.00 Loss=0.06%
2026-08-06 12:07:59 INFO     strategy        PnL: 12:07:59 MTM=-451.00 Loss=0.07%
2026-08-06 12:08:00 INFO     strategy        PnL: 12:08:00 MTM=-391.00 Loss=0.06%
2026-08-06 12:08:01 INFO     strategy        PnL: 12:08:01 MTM=-369.00 Loss=0.06%
2026-08-06 12:08:02 INFO     strategy        PnL: 12:08:02 MTM=-398.00 Loss=0.06%
2026-08-06 12:08:03 INFO     strategy        PnL: 12:08:03 MTM=-395.00 Loss=0.06%
2026-08-06 12:08:04 INFO     strategy        PnL: 12:08:04 MTM=-389.00 Loss=0.06%
2026-08-06 12:08:05 INFO     strategy        PnL: 12:08:05 MTM=-404.00 Loss=0.06%
2026-08-06 12:08:06 INFO     strategy        PnL: 12:08:06 MTM=-420.00 Loss=0.06%
2026-08-06 12:08:07 INFO     strategy        PnL: 12:08:07 MTM=-379.00 Loss=0.06%
2026-08-06 12:08:08 INFO     strategy        PnL: 12:08:08 MTM=-411.00 Loss=0.06%
2026-08-06 12:08:09 INFO     strategy        PnL: 12:08:09 MTM=-361.00 Loss=0.06%
2026-08-06 12:08:10 INFO     strategy        PnL: 12:08:10 MTM=-403.00 Loss=0.06%
2026-08-06 12:08:11 INFO     strategy        PnL: 12:08:11 MTM=-388.00 Loss=0.06%
2026-08-06 12:08:12 INFO     strategy        PnL: 12:08:12 MTM=-371.00 Loss=0.06%
2026-08-06 12:08:13 INFO     strategy        PnL: 12:08:13 MTM=-420.00 Loss=0.06%
2026-08-06 12:08:14 INFO     strategy        PnL: 12:08:14 MTM=-387.00 Loss=0.06%
2026-08-06 12:08:15 INFO     strategy        PnL: 12:08:15 MTM=-427.00 Loss=0.07%
2026-08-06 12:08:16 INFO     strategy        PnL: 12:08:16 MTM=-392.00 Loss=0.06%
2026-08-06 12:08:17 INFO     strategy        PnL: 12:08:17 MTM=-365.00 Loss=0.06%
2026-08-06 12:08:18 INFO     strategy        PnL: 12:08:18 MTM=-404.00 Loss=0.06%
2026-08-06 12:08:19 INFO     strategy        PnL: 12:08:19 MTM=-372.00 Loss=0.06%
2026-08-06 12:08:20 INFO     strategy        PnL: 12:08:20 MTM=-423.00 Loss=0.07%
2026-08-06 12:08:21 INFO     strategy        PnL: 12:08:21 MTM=-381.00 Loss=0.06%
2026-08-06 12:08:22 INFO     strategy        PnL: 12:08:22 MTM=-305.00 Loss=0.05%
2026-08-06 12:08:23 INFO     strategy        PnL: 12:08:23 MTM=-346.00 Loss=0.05%
2026-08-06 12:08:24 INFO     strategy        PnL: 12:08:24 MTM=-365.00 Loss=0.06%
2026-08-06 12:08:25 INFO     strategy        PnL: 12:08:25 MTM=-337.00 Loss=0.05%
2026-08-06 12:08:26 INFO     strategy        PnL: 12:08:26 MTM=-301.00 Loss=0.05%
2026-08-06 12:08:27 INFO     strategy        PnL: 12:08:27 MTM=-309.00 Loss=0.05%
2026-08-06 12:08:28 INFO     strategy        PnL: 12:08:28 MTM=-303.00 Loss=0.05%
2026-08-06 12:08:29 INFO     strategy        PnL: 12:08:29 MTM=-309.00 Loss=0.05%
2026-08-06 12:08:30 INFO     strategy        PnL: 12:08:30 MTM=-272.00 Loss=0.04%
2026-08-06 12:08:31 INFO     strategy        PnL: 12:08:31 MTM=-312.00 Loss=0.05%
2026-08-06 12:08:32 INFO     strategy        PnL: 12:08:32 MTM=-303.00 Loss=0.05%
2026-08-06 12:08:33 INFO     strategy        PnL: 12:08:33 MTM=-359.00 Loss=0.06%
2026-08-06 12:08:34 INFO     strategy        PnL: 12:08:34 MTM=-345.00 Loss=0.05%
2026-08-06 12:08:35 INFO     strategy        PnL: 12:08:35 MTM=-366.00 Loss=0.06%
2026-08-06 12:08:36 INFO     strategy        PnL: 12:08:36 MTM=-394.00 Loss=0.06%
2026-08-06 12:08:37 INFO     strategy        PnL: 12:08:37 MTM=-345.00 Loss=0.05%
2026-08-06 12:08:38 INFO     strategy        PnL: 12:08:38 MTM=-316.00 Loss=0.05%
2026-08-06 12:08:39 INFO     strategy        PnL: 12:08:39 MTM=-324.00 Loss=0.05%
2026-08-06 12:08:40 INFO     strategy        PnL: 12:08:40 MTM=-327.00 Loss=0.05%
2026-08-06 12:08:41 INFO     strategy        PnL: 12:08:41 MTM=-326.00 Loss=0.05%
2026-08-06 12:08:42 INFO     strategy        PnL: 12:08:42 MTM=-324.00 Loss=0.05%
2026-08-06 12:08:43 INFO     strategy        PnL: 12:08:43 MTM=-339.00 Loss=0.05%
2026-08-06 12:08:44 INFO     strategy        PnL: 12:08:44 MTM=-352.00 Loss=0.05%
2026-08-06 12:08:45 INFO     strategy        PnL: 12:08:45 MTM=-371.00 Loss=0.06%
2026-08-06 12:08:46 INFO     strategy        PnL: 12:08:46 MTM=-362.00 Loss=0.06%
