2026-07-14 08:45:41 INFO     strategy        Discarding stale state from 2026-07-09 (state=COMPLETED) — starting fresh
2026-07-14 09:27:00 INFO     strategy        Strategy starting: NIFTY expiry=2026-07-14
2026-07-14 09:27:00 INFO     strategy        Position entered: ATM=24150 SELL CE=24300 SELL PE=24000 MTM=0.00 Margin=656532.63
2026-07-14 09:27:00 INFO     strategy        Monitoring started
2026-07-14 09:27:00 INFO     strategy        PnL: 09:27:00 MTM=0.00 Profit=0.00%
2026-07-14 09:27:02 INFO     strategy        PnL: 09:27:01 MTM=-6.50 Loss=0.00%
2026-07-14 09:27:03 INFO     strategy        PnL: 09:27:03 MTM=16.25 Profit=0.00%
2026-07-14 09:27:04 INFO     strategy        PnL: 09:27:04 MTM=-19.50 Loss=0.00%
2026-07-14 09:27:05 INFO     strategy        PnL: 09:27:05 MTM=16.25 Profit=0.00%
2026-07-14 09:27:06 INFO     strategy        PnL: 09:27:06 MTM=-19.50 Loss=0.00%
2026-07-14 09:27:07 INFO     strategy        PnL: 09:27:07 MTM=-48.75 Loss=0.01%
2026-07-14 09:27:08 INFO     strategy        PnL: 09:27:08 MTM=-3.25 Loss=0.00%
2026-07-14 09:27:09 INFO     strategy        PnL: 09:27:09 MTM=3.25 Profit=0.00%
2026-07-14 09:27:10 INFO     strategy        PnL: 09:27:10 MTM=-32.50 Loss=0.00%
2026-07-14 09:27:11 INFO     strategy        PnL: 09:27:11 MTM=-9.75 Loss=0.00%
2026-07-14 09:27:12 INFO     strategy        PnL: 09:27:12 MTM=-58.50 Loss=0.01%
2026-07-14 09:27:13 INFO     strategy        PnL: 09:27:13 MTM=-29.25 Loss=0.00%
2026-07-14 09:27:14 INFO     strategy        PnL: 09:27:14 MTM=-42.25 Loss=0.01%
2026-07-14 09:27:15 INFO     strategy        PnL: 09:27:15 MTM=-13.00 Loss=0.00%
2026-07-14 09:27:16 INFO     strategy        PnL: 09:27:16 MTM=-48.75 Loss=0.01%
2026-07-14 09:27:17 INFO     strategy        PnL: 09:27:17 MTM=-68.25 Loss=0.01%
2026-07-14 09:27:18 INFO     strategy        PnL: 09:27:18 MTM=-84.50 Loss=0.01%
2026-07-14 09:27:19 INFO     strategy        PnL: 09:27:19 MTM=-78.00 Loss=0.01%
2026-07-14 09:27:20 INFO     strategy        PnL: 09:27:20 MTM=-39.00 Loss=0.01%
2026-07-14 09:27:21 INFO     strategy        PnL: 09:27:21 MTM=-74.75 Loss=0.01%
2026-07-14 09:27:22 INFO     strategy        PnL: 09:27:22 MTM=-61.75 Loss=0.01%
2026-07-14 09:27:23 INFO     strategy        PnL: 09:27:23 MTM=-58.50 Loss=0.01%
2026-07-14 09:27:24 INFO     strategy        PnL: 09:27:24 MTM=-74.75 Loss=0.01%
2026-07-14 09:27:25 INFO     strategy        PnL: 09:27:25 MTM=-71.50 Loss=0.01%
2026-07-14 09:27:26 INFO     strategy        PnL: 09:27:26 MTM=-19.50 Loss=0.00%
2026-07-14 09:27:27 INFO     strategy        PnL: 09:27:27 MTM=-48.75 Loss=0.01%
2026-07-14 09:27:28 INFO     strategy        PnL: 09:27:28 MTM=-58.50 Loss=0.01%
2026-07-14 09:27:29 INFO     strategy        PnL: 09:27:29 MTM=-45.50 Loss=0.01%
2026-07-14 09:27:30 INFO     strategy        PnL: 09:27:30 MTM=-65.00 Loss=0.01%
2026-07-14 09:27:31 INFO     strategy        PnL: 09:27:31 MTM=-52.00 Loss=0.01%
2026-07-14 09:27:32 INFO     strategy        PnL: 09:27:32 MTM=-16.25 Loss=0.00%
2026-07-14 09:27:33 INFO     strategy        PnL: 09:27:33 MTM=-71.50 Loss=0.01%
2026-07-14 09:27:34 INFO     strategy        PnL: 09:27:34 MTM=-32.50 Loss=0.00%
2026-07-14 09:27:35 INFO     strategy        PnL: 09:27:35 MTM=-19.50 Loss=0.00%
2026-07-14 09:27:36 INFO     strategy        PnL: 09:27:36 MTM=-48.75 Loss=0.01%
2026-07-14 09:27:37 INFO     strategy        PnL: 09:27:37 MTM=-39.00 Loss=0.01%
2026-07-14 09:27:38 INFO     strategy        PnL: 09:27:38 MTM=-39.00 Loss=0.01%
2026-07-14 09:27:39 INFO     strategy        PnL: 09:27:39 MTM=-39.00 Loss=0.01%
2026-07-14 09:27:40 INFO     strategy        PnL: 09:27:40 MTM=-61.75 Loss=0.01%
2026-07-14 09:27:41 INFO     strategy        PnL: 09:27:41 MTM=-16.25 Loss=0.00%
2026-07-14 09:27:42 INFO     strategy        PnL: 09:27:42 MTM=-45.50 Loss=0.01%
2026-07-14 09:27:43 INFO     strategy        PnL: 09:27:43 MTM=-107.25 Loss=0.02%
2026-07-14 09:27:44 INFO     strategy        PnL: 09:27:44 MTM=-42.25 Loss=0.01%
2026-07-14 09:27:45 INFO     strategy        PnL: 09:27:45 MTM=-55.25 Loss=0.01%
2026-07-14 09:27:46 INFO     strategy        PnL: 09:27:46 MTM=-87.75 Loss=0.01%
2026-07-14 09:27:47 INFO     strategy        PnL: 09:27:47 MTM=-16.25 Loss=0.00%
2026-07-14 09:27:48 INFO     strategy        PnL: 09:27:48 MTM=-71.50 Loss=0.01%
2026-07-14 09:27:49 INFO     strategy        PnL: 09:27:49 MTM=-87.75 Loss=0.01%
2026-07-14 09:27:50 INFO     strategy        PnL: 09:27:50 MTM=-52.00 Loss=0.01%
2026-07-14 09:27:51 INFO     strategy        PnL: 09:27:51 MTM=-133.25 Loss=0.02%
2026-07-14 09:27:52 INFO     strategy        PnL: 09:27:52 MTM=-45.50 Loss=0.01%
2026-07-14 09:27:53 INFO     strategy        PnL: 09:27:53 MTM=-78.00 Loss=0.01%
2026-07-14 09:27:54 INFO     strategy        PnL: 09:27:54 MTM=-52.00 Loss=0.01%
2026-07-14 09:27:55 INFO     strategy        PnL: 09:27:55 MTM=-68.25 Loss=0.01%
2026-07-14 09:27:56 INFO     strategy        PnL: 09:27:56 MTM=-42.25 Loss=0.01%
2026-07-14 09:27:57 INFO     strategy        PnL: 09:27:57 MTM=-68.25 Loss=0.01%
2026-07-14 09:27:58 INFO     strategy        PnL: 09:27:58 MTM=-65.00 Loss=0.01%
2026-07-14 09:27:59 INFO     strategy        PnL: 09:27:59 MTM=-78.00 Loss=0.01%
2026-07-14 09:28:00 INFO     strategy        PnL: 09:28:00 MTM=-81.25 Loss=0.01%
2026-07-14 09:28:01 INFO     strategy        PnL: 09:28:01 MTM=-26.00 Loss=0.00%
2026-07-14 09:28:02 INFO     strategy        PnL: 09:28:02 MTM=-26.00 Loss=0.00%
2026-07-14 09:28:03 INFO     strategy        PnL: 09:28:03 MTM=-74.75 Loss=0.01%
2026-07-14 09:28:04 INFO     strategy        PnL: 09:28:04 MTM=-55.25 Loss=0.01%
2026-07-14 09:28:05 INFO     strategy        PnL: 09:28:05 MTM=-6.50 Loss=0.00%
2026-07-14 09:28:06 INFO     strategy        PnL: 09:28:06 MTM=-68.25 Loss=0.01%
2026-07-14 09:28:07 INFO     strategy        PnL: 09:28:07 MTM=-45.50 Loss=0.01%
2026-07-14 09:28:08 INFO     strategy        PnL: 09:28:08 MTM=-113.75 Loss=0.02%
2026-07-14 09:28:09 INFO     strategy        PnL: 09:28:09 MTM=-87.75 Loss=0.01%
2026-07-14 09:28:10 INFO     strategy        PnL: 09:28:10 MTM=-97.50 Loss=0.01%
2026-07-14 09:28:11 INFO     strategy        PnL: 09:28:11 MTM=-97.50 Loss=0.01%
2026-07-14 09:28:12 INFO     strategy        PnL: 09:28:12 MTM=-104.00 Loss=0.02%
2026-07-14 09:28:13 INFO     strategy        PnL: 09:28:13 MTM=-58.50 Loss=0.01%
2026-07-14 09:28:14 INFO     strategy        PnL: 09:28:14 MTM=-61.75 Loss=0.01%
2026-07-14 09:28:15 INFO     strategy        PnL: 09:28:15 MTM=-71.50 Loss=0.01%
2026-07-14 09:28:16 INFO     strategy        PnL: 09:28:16 MTM=-74.75 Loss=0.01%
2026-07-14 09:28:17 INFO     strategy        PnL: 09:28:17 MTM=-61.75 Loss=0.01%
2026-07-14 09:28:18 INFO     strategy        PnL: 09:28:18 MTM=-81.25 Loss=0.01%
2026-07-14 09:28:19 INFO     strategy        PnL: 09:28:19 MTM=-65.00 Loss=0.01%
2026-07-14 09:28:20 INFO     strategy        PnL: 09:28:20 MTM=-42.25 Loss=0.01%
2026-07-14 09:28:21 INFO     strategy        PnL: 09:28:21 MTM=-6.50 Loss=0.00%
2026-07-14 09:28:22 INFO     strategy        PnL: 09:28:22 MTM=-42.25 Loss=0.01%
2026-07-14 09:28:23 INFO     strategy        PnL: 09:28:23 MTM=-35.75 Loss=0.01%
2026-07-14 09:28:24 INFO     strategy        PnL: 09:28:24 MTM=-32.50 Loss=0.00%
2026-07-14 09:28:25 INFO     strategy        PnL: 09:28:25 MTM=-9.75 Loss=0.00%
2026-07-14 09:28:26 INFO     strategy        PnL: 09:28:26 MTM=-48.75 Loss=0.01%
2026-07-14 09:28:27 INFO     strategy        PnL: 09:28:27 MTM=-9.75 Loss=0.00%
2026-07-14 09:28:28 INFO     strategy        PnL: 09:28:28 MTM=-26.00 Loss=0.00%
2026-07-14 09:28:29 INFO     strategy        PnL: 09:28:29 MTM=-26.00 Loss=0.00%
2026-07-14 09:28:30 INFO     strategy        PnL: 09:28:30 MTM=-22.75 Loss=0.00%
2026-07-14 09:28:31 INFO     strategy        PnL: 09:28:31 MTM=-35.75 Loss=0.01%
2026-07-14 09:28:32 INFO     strategy        PnL: 09:28:32 MTM=-45.50 Loss=0.01%
2026-07-14 09:28:33 INFO     strategy        PnL: 09:28:33 MTM=-32.50 Loss=0.00%
2026-07-14 09:28:34 INFO     strategy        PnL: 09:28:34 MTM=-55.25 Loss=0.01%
2026-07-14 09:28:35 INFO     strategy        PnL: 09:28:35 MTM=-19.50 Loss=0.00%
2026-07-14 09:28:36 INFO     strategy        PnL: 09:28:36 MTM=-58.50 Loss=0.01%
2026-07-14 09:28:37 INFO     strategy        PnL: 09:28:37 MTM=-26.00 Loss=0.00%
2026-07-14 09:28:38 INFO     strategy        PnL: 09:28:38 MTM=16.25 Profit=0.00%
2026-07-14 09:28:39 INFO     strategy        PnL: 09:28:39 MTM=-74.75 Loss=0.01%
2026-07-14 09:28:41 INFO     strategy        PnL: 09:28:41 MTM=-26.00 Loss=0.00%
2026-07-14 09:28:42 INFO     strategy        PnL: 09:28:42 MTM=-26.00 Loss=0.00%
2026-07-14 09:28:43 INFO     strategy        PnL: 09:28:43 MTM=-16.25 Loss=0.00%
2026-07-14 09:28:44 INFO     strategy        PnL: 09:28:44 MTM=-16.25 Loss=0.00%
2026-07-14 09:28:45 INFO     strategy        PnL: 09:28:45 MTM=-35.75 Loss=0.01%
2026-07-14 09:28:46 INFO     strategy        PnL: 09:28:46 MTM=-6.50 Loss=0.00%
2026-07-14 09:28:47 INFO     strategy        PnL: 09:28:47 MTM=13.00 Profit=0.00%
2026-07-14 09:28:48 INFO     strategy        PnL: 09:28:48 MTM=-9.75 Loss=0.00%
2026-07-14 09:28:49 INFO     strategy        PnL: 09:28:49 MTM=-19.50 Loss=0.00%
2026-07-14 09:28:50 INFO     strategy        PnL: 09:28:50 MTM=-13.00 Loss=0.00%
2026-07-14 09:28:51 INFO     strategy        PnL: 09:28:51 MTM=9.75 Profit=0.00%
2026-07-14 09:28:52 INFO     strategy        PnL: 09:28:52 MTM=-26.00 Loss=0.00%
2026-07-14 09:28:53 INFO     strategy        PnL: 09:28:53 MTM=-9.75 Loss=0.00%
2026-07-14 09:28:54 INFO     strategy        PnL: 09:28:54 MTM=13.00 Profit=0.00%
2026-07-14 09:28:55 INFO     strategy        PnL: 09:28:55 MTM=6.50 Profit=0.00%
2026-07-14 09:28:56 INFO     strategy        PnL: 09:28:56 MTM=29.25 Profit=0.00%
2026-07-14 09:28:57 INFO     strategy        PnL: 09:28:57 MTM=13.00 Profit=0.00%
2026-07-14 09:28:58 INFO     strategy        PnL: 09:28:58 MTM=-22.75 Loss=0.00%
2026-07-14 09:28:59 INFO     strategy        PnL: 09:28:59 MTM=3.25 Profit=0.00%
2026-07-14 09:29:00 INFO     strategy        PnL: 09:29:00 MTM=-6.50 Loss=0.00%
2026-07-14 09:29:01 INFO     strategy        PnL: 09:29:01 MTM=-19.50 Loss=0.00%
2026-07-14 09:29:02 INFO     strategy        PnL: 09:29:02 MTM=32.50 Profit=0.00%
2026-07-14 09:29:03 INFO     strategy        PnL: 09:29:03 MTM=0.00 Profit=0.00%
2026-07-14 09:29:04 INFO     strategy        PnL: 09:29:04 MTM=32.50 Profit=0.00%
2026-07-14 09:29:05 INFO     strategy        PnL: 09:29:05 MTM=35.75 Profit=0.01%
2026-07-14 09:29:06 INFO     strategy        PnL: 09:29:06 MTM=61.75 Profit=0.01%
2026-07-14 09:29:07 INFO     strategy        PnL: 09:29:07 MTM=26.00 Profit=0.00%
2026-07-14 09:29:08 INFO     strategy        PnL: 09:29:08 MTM=32.50 Profit=0.00%
2026-07-14 09:29:09 INFO     strategy        PnL: 09:29:09 MTM=9.75 Profit=0.00%
2026-07-14 09:29:10 INFO     strategy        PnL: 09:29:10 MTM=29.25 Profit=0.00%
2026-07-14 09:29:11 INFO     strategy        PnL: 09:29:11 MTM=58.50 Profit=0.01%
2026-07-14 09:29:12 INFO     strategy        PnL: 09:29:12 MTM=32.50 Profit=0.00%
2026-07-14 09:29:13 INFO     strategy        PnL: 09:29:13 MTM=26.00 Profit=0.00%
2026-07-14 09:29:14 INFO     strategy        PnL: 09:29:14 MTM=45.50 Profit=0.01%
2026-07-14 09:29:15 INFO     strategy        PnL: 09:29:15 MTM=9.75 Profit=0.00%
2026-07-14 09:29:16 INFO     strategy        PnL: 09:29:16 MTM=26.00 Profit=0.00%
2026-07-14 09:29:17 INFO     strategy        PnL: 09:29:17 MTM=16.25 Profit=0.00%
2026-07-14 09:29:18 INFO     strategy        PnL: 09:29:18 MTM=-19.50 Loss=0.00%
2026-07-14 09:29:19 INFO     strategy        PnL: 09:29:19 MTM=9.75 Profit=0.00%
2026-07-14 09:29:20 INFO     strategy        PnL: 09:29:20 MTM=35.75 Profit=0.01%
2026-07-14 09:29:21 INFO     strategy        PnL: 09:29:21 MTM=-35.75 Loss=0.01%
2026-07-14 09:29:22 INFO     strategy        PnL: 09:29:22 MTM=29.25 Profit=0.00%
2026-07-14 09:29:23 INFO     strategy        PnL: 09:29:23 MTM=-13.00 Loss=0.00%
2026-07-14 09:29:24 INFO     strategy        PnL: 09:29:24 MTM=6.50 Profit=0.00%
2026-07-14 09:29:25 INFO     strategy        PnL: 09:29:25 MTM=-6.50 Loss=0.00%
2026-07-14 09:29:26 INFO     strategy        PnL: 09:29:26 MTM=13.00 Profit=0.00%
2026-07-14 09:29:27 INFO     strategy        PnL: 09:29:27 MTM=35.75 Profit=0.01%
2026-07-14 09:29:28 INFO     strategy        PnL: 09:29:28 MTM=16.25 Profit=0.00%
2026-07-14 09:29:29 INFO     strategy        PnL: 09:29:29 MTM=-22.75 Loss=0.00%
2026-07-14 09:29:30 INFO     strategy        PnL: 09:29:30 MTM=16.25 Profit=0.00%
2026-07-14 09:29:31 INFO     strategy        PnL: 09:29:31 MTM=9.75 Profit=0.00%
2026-07-14 09:29:32 INFO     strategy        PnL: 09:29:32 MTM=32.50 Profit=0.00%
2026-07-14 09:29:33 INFO     strategy        PnL: 09:29:33 MTM=32.50 Profit=0.00%
2026-07-14 09:29:34 INFO     strategy        PnL: 09:29:34 MTM=35.75 Profit=0.01%
2026-07-14 09:29:35 INFO     strategy        PnL: 09:29:35 MTM=39.00 Profit=0.01%
2026-07-14 09:29:36 INFO     strategy        PnL: 09:29:36 MTM=29.25 Profit=0.00%
2026-07-14 09:29:37 INFO     strategy        PnL: 09:29:37 MTM=13.00 Profit=0.00%
2026-07-14 09:29:38 INFO     strategy        PnL: 09:29:38 MTM=0.00 Profit=0.00%
2026-07-14 09:29:39 INFO     strategy        PnL: 09:29:39 MTM=22.75 Profit=0.00%
2026-07-14 09:29:40 INFO     strategy        PnL: 09:29:40 MTM=65.00 Profit=0.01%
2026-07-14 09:29:41 INFO     strategy        PnL: 09:29:41 MTM=45.50 Profit=0.01%
2026-07-14 09:29:42 INFO     strategy        PnL: 09:29:42 MTM=39.00 Profit=0.01%
2026-07-14 09:29:43 INFO     strategy        PnL: 09:29:43 MTM=32.50 Profit=0.00%
2026-07-14 09:29:44 INFO     strategy        PnL: 09:29:44 MTM=32.50 Profit=0.00%
2026-07-14 09:29:45 INFO     strategy        PnL: 09:29:45 MTM=26.00 Profit=0.00%
2026-07-14 09:29:46 INFO     strategy        PnL: 09:29:46 MTM=65.00 Profit=0.01%
2026-07-14 09:29:47 INFO     strategy        PnL: 09:29:47 MTM=74.75 Profit=0.01%
2026-07-14 09:29:48 INFO     strategy        PnL: 09:29:48 MTM=100.75 Profit=0.02%
2026-07-14 09:29:49 INFO     strategy        PnL: 09:29:49 MTM=45.50 Profit=0.01%
2026-07-14 09:29:50 INFO     strategy        PnL: 09:29:50 MTM=61.75 Profit=0.01%
2026-07-14 09:29:51 INFO     strategy        PnL: 09:29:51 MTM=78.00 Profit=0.01%
2026-07-14 09:29:52 INFO     strategy        PnL: 09:29:52 MTM=55.25 Profit=0.01%
2026-07-14 09:29:53 INFO     strategy        PnL: 09:29:53 MTM=81.25 Profit=0.01%
2026-07-14 09:29:54 INFO     strategy        PnL: 09:29:54 MTM=94.25 Profit=0.01%
2026-07-14 09:29:55 INFO     strategy        PnL: 09:29:55 MTM=84.50 Profit=0.01%
2026-07-14 09:29:56 INFO     strategy        PnL: 09:29:56 MTM=152.75 Profit=0.02%
2026-07-14 09:29:57 INFO     strategy        PnL: 09:29:57 MTM=104.00 Profit=0.02%
2026-07-14 09:29:58 INFO     strategy        PnL: 09:29:58 MTM=3.25 Profit=0.00%
2026-07-14 09:29:59 INFO     strategy        PnL: 09:29:59 MTM=45.50 Profit=0.01%
2026-07-14 09:30:00 INFO     strategy        PnL: 09:30:00 MTM=55.25 Profit=0.01%
2026-07-14 09:30:01 INFO     strategy        PnL: 09:30:01 MTM=139.75 Profit=0.02%
2026-07-14 09:30:02 INFO     strategy        PnL: 09:30:02 MTM=133.25 Profit=0.02%
2026-07-14 09:30:03 INFO     strategy        PnL: 09:30:03 MTM=78.00 Profit=0.01%
2026-07-14 09:30:04 INFO     strategy        PnL: 09:30:04 MTM=74.75 Profit=0.01%
2026-07-14 09:30:05 INFO     strategy        PnL: 09:30:05 MTM=81.25 Profit=0.01%
2026-07-14 09:30:06 INFO     strategy        PnL: 09:30:06 MTM=71.50 Profit=0.01%
2026-07-14 09:30:07 INFO     strategy        PnL: 09:30:07 MTM=107.25 Profit=0.02%
2026-07-14 09:30:08 INFO     strategy        PnL: 09:30:08 MTM=120.25 Profit=0.02%
2026-07-14 09:30:09 INFO     strategy        PnL: 09:30:09 MTM=107.25 Profit=0.02%
2026-07-14 09:30:10 INFO     strategy        PnL: 09:30:10 MTM=136.50 Profit=0.02%
2026-07-14 09:30:11 INFO     strategy        PnL: 09:30:11 MTM=71.50 Profit=0.01%
2026-07-14 09:30:12 INFO     strategy        PnL: 09:30:12 MTM=162.50 Profit=0.02%
2026-07-14 09:30:13 INFO     strategy        PnL: 09:30:13 MTM=133.25 Profit=0.02%
2026-07-14 09:30:15 INFO     strategy        PnL: 09:30:15 MTM=130.00 Profit=0.02%
2026-07-14 09:30:16 INFO     strategy        PnL: 09:30:16 MTM=159.25 Profit=0.02%
2026-07-14 09:30:17 INFO     strategy        PnL: 09:30:17 MTM=110.50 Profit=0.02%
2026-07-14 09:30:18 INFO     strategy        PnL: 09:30:18 MTM=107.25 Profit=0.02%
2026-07-14 09:30:19 INFO     strategy        PnL: 09:30:19 MTM=104.00 Profit=0.02%
2026-07-14 09:30:20 INFO     strategy        PnL: 09:30:20 MTM=74.75 Profit=0.01%
2026-07-14 09:30:21 INFO     strategy        PnL: 09:30:21 MTM=139.75 Profit=0.02%
2026-07-14 09:30:22 INFO     strategy        PnL: 09:30:22 MTM=120.25 Profit=0.02%
2026-07-14 09:30:23 INFO     strategy        PnL: 09:30:23 MTM=123.50 Profit=0.02%
2026-07-14 09:30:24 INFO     strategy        PnL: 09:30:24 MTM=91.00 Profit=0.01%
2026-07-14 09:30:25 INFO     strategy        PnL: 09:30:25 MTM=117.00 Profit=0.02%
2026-07-14 09:30:26 INFO     strategy        PnL: 09:30:26 MTM=110.50 Profit=0.02%
2026-07-14 09:30:27 INFO     strategy        PnL: 09:30:27 MTM=126.75 Profit=0.02%
2026-07-14 09:30:28 INFO     strategy        PnL: 09:30:28 MTM=130.00 Profit=0.02%
2026-07-14 09:30:29 INFO     strategy        PnL: 09:30:29 MTM=61.75 Profit=0.01%
2026-07-14 09:30:30 INFO     strategy        PnL: 09:30:30 MTM=117.00 Profit=0.02%
2026-07-14 09:30:31 INFO     strategy        PnL: 09:30:31 MTM=104.00 Profit=0.02%
2026-07-14 09:30:32 INFO     strategy        PnL: 09:30:32 MTM=152.75 Profit=0.02%
2026-07-14 09:30:33 INFO     strategy        PnL: 09:30:33 MTM=113.75 Profit=0.02%
2026-07-14 09:30:34 INFO     strategy        PnL: 09:30:34 MTM=126.75 Profit=0.02%
2026-07-14 09:30:35 INFO     strategy        PnL: 09:30:35 MTM=84.50 Profit=0.01%
2026-07-14 09:30:36 INFO     strategy        PnL: 09:30:36 MTM=182.00 Profit=0.03%
2026-07-14 09:30:37 INFO     strategy        PnL: 09:30:37 MTM=104.00 Profit=0.02%
2026-07-14 09:30:38 INFO     strategy        PnL: 09:30:38 MTM=110.50 Profit=0.02%
2026-07-14 09:30:39 INFO     strategy        PnL: 09:30:39 MTM=97.50 Profit=0.01%
2026-07-14 09:30:40 INFO     strategy        PnL: 09:30:40 MTM=130.00 Profit=0.02%
2026-07-14 09:30:41 INFO     strategy        PnL: 09:30:41 MTM=123.50 Profit=0.02%
2026-07-14 09:30:42 INFO     strategy        PnL: 09:30:42 MTM=110.50 Profit=0.02%
2026-07-14 09:30:43 INFO     strategy        PnL: 09:30:43 MTM=117.00 Profit=0.02%
2026-07-14 09:30:44 INFO     strategy        PnL: 09:30:44 MTM=107.25 Profit=0.02%
2026-07-14 09:30:45 INFO     strategy        PnL: 09:30:45 MTM=159.25 Profit=0.02%
2026-07-14 09:30:46 INFO     strategy        PnL: 09:30:46 MTM=120.25 Profit=0.02%
2026-07-14 09:30:47 INFO     strategy        PnL: 09:30:47 MTM=94.25 Profit=0.01%
2026-07-14 09:30:48 INFO     strategy        PnL: 09:30:48 MTM=84.50 Profit=0.01%
2026-07-14 09:30:49 INFO     strategy        PnL: 09:30:49 MTM=123.50 Profit=0.02%
2026-07-14 09:30:50 INFO     strategy        PnL: 09:30:50 MTM=87.75 Profit=0.01%
2026-07-14 09:30:51 INFO     strategy        PnL: 09:30:51 MTM=74.75 Profit=0.01%
2026-07-14 09:30:52 INFO     strategy        PnL: 09:30:52 MTM=78.00 Profit=0.01%
2026-07-14 09:30:53 INFO     strategy        PnL: 09:30:53 MTM=120.25 Profit=0.02%
2026-07-14 09:30:54 INFO     strategy        PnL: 09:30:54 MTM=97.50 Profit=0.01%
2026-07-14 09:30:55 INFO     strategy        PnL: 09:30:55 MTM=100.75 Profit=0.02%
2026-07-14 09:30:56 INFO     strategy        PnL: 09:30:56 MTM=120.25 Profit=0.02%
2026-07-14 09:30:57 INFO     strategy        PnL: 09:30:57 MTM=120.25 Profit=0.02%
2026-07-14 09:30:58 INFO     strategy        PnL: 09:30:58 MTM=139.75 Profit=0.02%
2026-07-14 09:30:59 INFO     strategy        PnL: 09:30:59 MTM=107.25 Profit=0.02%
2026-07-14 09:31:00 INFO     strategy        PnL: 09:31:00 MTM=120.25 Profit=0.02%
2026-07-14 09:31:01 INFO     strategy        PnL: 09:31:01 MTM=165.75 Profit=0.03%
2026-07-14 09:31:02 INFO     strategy        PnL: 09:31:02 MTM=113.75 Profit=0.02%
2026-07-14 09:31:03 INFO     strategy        PnL: 09:31:03 MTM=120.25 Profit=0.02%
2026-07-14 09:31:04 INFO     strategy        PnL: 09:31:04 MTM=133.25 Profit=0.02%
2026-07-14 09:31:05 INFO     strategy        PnL: 09:31:05 MTM=84.50 Profit=0.01%
2026-07-14 09:31:06 INFO     strategy        PnL: 09:31:06 MTM=68.25 Profit=0.01%
2026-07-14 09:31:07 INFO     strategy        PnL: 09:31:07 MTM=81.25 Profit=0.01%
2026-07-14 09:31:08 INFO     strategy        PnL: 09:31:08 MTM=113.75 Profit=0.02%
2026-07-14 09:31:09 INFO     strategy        PnL: 09:31:09 MTM=159.25 Profit=0.02%
2026-07-14 09:31:10 INFO     strategy        PnL: 09:31:10 MTM=136.50 Profit=0.02%
2026-07-14 09:31:11 INFO     strategy        PnL: 09:31:11 MTM=162.50 Profit=0.02%
2026-07-14 09:31:12 INFO     strategy        PnL: 09:31:12 MTM=149.50 Profit=0.02%
2026-07-14 09:31:13 INFO     strategy        PnL: 09:31:13 MTM=130.00 Profit=0.02%
2026-07-14 09:31:14 INFO     strategy        PnL: 09:31:14 MTM=169.00 Profit=0.03%
2026-07-14 09:31:15 INFO     strategy        PnL: 09:31:15 MTM=120.25 Profit=0.02%
2026-07-14 09:31:16 INFO     strategy        PnL: 09:31:16 MTM=182.00 Profit=0.03%
2026-07-14 09:31:17 INFO     strategy        PnL: 09:31:17 MTM=156.00 Profit=0.02%
2026-07-14 09:31:18 INFO     strategy        PnL: 09:31:18 MTM=136.50 Profit=0.02%
2026-07-14 09:31:19 INFO     strategy        PnL: 09:31:19 MTM=214.50 Profit=0.03%
2026-07-14 09:31:20 INFO     strategy        PnL: 09:31:20 MTM=120.25 Profit=0.02%
2026-07-14 09:31:21 INFO     strategy        PnL: 09:31:21 MTM=152.75 Profit=0.02%
2026-07-14 09:31:22 INFO     strategy        PnL: 09:31:22 MTM=156.00 Profit=0.02%
2026-07-14 09:31:23 INFO     strategy        PnL: 09:31:23 MTM=165.75 Profit=0.03%
2026-07-14 09:31:24 INFO     strategy        PnL: 09:31:24 MTM=165.75 Profit=0.03%
2026-07-14 09:31:25 INFO     strategy        PnL: 09:31:25 MTM=159.25 Profit=0.02%
2026-07-14 09:31:26 INFO     strategy        PnL: 09:31:26 MTM=123.50 Profit=0.02%
2026-07-14 09:31:27 INFO     strategy        PnL: 09:31:27 MTM=175.50 Profit=0.03%
2026-07-14 09:31:28 INFO     strategy        PnL: 09:31:28 MTM=139.75 Profit=0.02%
2026-07-14 09:31:29 INFO     strategy        PnL: 09:31:29 MTM=165.75 Profit=0.03%
2026-07-14 09:31:30 INFO     strategy        PnL: 09:31:30 MTM=149.50 Profit=0.02%
2026-07-14 09:31:31 INFO     strategy        PnL: 09:31:31 MTM=188.50 Profit=0.03%
2026-07-14 09:31:32 INFO     strategy        PnL: 09:31:32 MTM=149.50 Profit=0.02%
2026-07-14 09:31:33 INFO     strategy        PnL: 09:31:33 MTM=152.75 Profit=0.02%
2026-07-14 09:31:34 INFO     strategy        PnL: 09:31:34 MTM=133.25 Profit=0.02%
2026-07-14 09:31:35 INFO     strategy        PnL: 09:31:35 MTM=201.50 Profit=0.03%
2026-07-14 09:31:36 INFO     strategy        PnL: 09:31:36 MTM=172.25 Profit=0.03%
2026-07-14 09:31:37 INFO     strategy        PnL: 09:31:37 MTM=172.25 Profit=0.03%
2026-07-14 09:31:38 INFO     strategy        PnL: 09:31:38 MTM=211.25 Profit=0.03%
2026-07-14 09:31:39 INFO     strategy        PnL: 09:31:39 MTM=130.00 Profit=0.02%
2026-07-14 09:31:41 INFO     strategy        PnL: 09:31:40 MTM=162.50 Profit=0.02%
2026-07-14 09:31:42 INFO     strategy        PnL: 09:31:42 MTM=146.25 Profit=0.02%
2026-07-14 09:31:43 INFO     strategy        PnL: 09:31:43 MTM=169.00 Profit=0.03%
2026-07-14 09:31:44 INFO     strategy        PnL: 09:31:44 MTM=152.75 Profit=0.02%
2026-07-14 09:31:45 INFO     strategy        PnL: 09:31:45 MTM=130.00 Profit=0.02%
2026-07-14 09:31:46 INFO     strategy        PnL: 09:31:46 MTM=97.50 Profit=0.01%
2026-07-14 09:31:47 INFO     strategy        PnL: 09:31:47 MTM=139.75 Profit=0.02%
2026-07-14 09:31:48 INFO     strategy        PnL: 09:31:48 MTM=146.25 Profit=0.02%
2026-07-14 09:31:49 INFO     strategy        PnL: 09:31:49 MTM=159.25 Profit=0.02%
2026-07-14 09:31:50 INFO     strategy        PnL: 09:31:50 MTM=130.00 Profit=0.02%
2026-07-14 09:31:51 INFO     strategy        PnL: 09:31:51 MTM=139.75 Profit=0.02%
2026-07-14 09:31:52 INFO     strategy        PnL: 09:31:52 MTM=100.75 Profit=0.02%
2026-07-14 09:31:53 INFO     strategy        PnL: 09:31:53 MTM=149.50 Profit=0.02%
2026-07-14 09:31:54 INFO     strategy        PnL: 09:31:54 MTM=123.50 Profit=0.02%
2026-07-14 09:31:55 INFO     strategy        PnL: 09:31:55 MTM=123.50 Profit=0.02%
2026-07-14 09:31:56 INFO     strategy        PnL: 09:31:56 MTM=74.75 Profit=0.01%
2026-07-14 09:31:57 INFO     strategy        PnL: 09:31:57 MTM=87.75 Profit=0.01%
2026-07-14 09:31:58 INFO     strategy        PnL: 09:31:58 MTM=110.50 Profit=0.02%
2026-07-14 09:31:59 INFO     strategy        PnL: 09:31:59 MTM=104.00 Profit=0.02%
2026-07-14 09:32:00 INFO     strategy        PnL: 09:32:00 MTM=68.25 Profit=0.01%
2026-07-14 09:32:01 INFO     strategy        PnL: 09:32:01 MTM=87.75 Profit=0.01%
2026-07-14 09:32:02 INFO     strategy        PnL: 09:32:02 MTM=143.00 Profit=0.02%
2026-07-14 09:32:03 INFO     strategy        PnL: 09:32:03 MTM=78.00 Profit=0.01%
2026-07-14 09:32:04 INFO     strategy        PnL: 09:32:04 MTM=78.00 Profit=0.01%
2026-07-14 09:32:05 INFO     strategy        PnL: 09:32:05 MTM=68.25 Profit=0.01%
2026-07-14 09:32:06 INFO     strategy        PnL: 09:32:06 MTM=84.50 Profit=0.01%
2026-07-14 09:32:07 INFO     strategy        PnL: 09:32:07 MTM=78.00 Profit=0.01%
2026-07-14 09:32:08 INFO     strategy        PnL: 09:32:08 MTM=52.00 Profit=0.01%
2026-07-14 09:32:09 INFO     strategy        PnL: 09:32:09 MTM=126.75 Profit=0.02%
2026-07-14 09:32:10 INFO     strategy        PnL: 09:32:10 MTM=120.25 Profit=0.02%
2026-07-14 09:32:11 INFO     strategy        PnL: 09:32:11 MTM=126.75 Profit=0.02%
2026-07-14 09:32:12 INFO     strategy        PnL: 09:32:12 MTM=123.50 Profit=0.02%
2026-07-14 09:32:13 INFO     strategy        PnL: 09:32:13 MTM=126.75 Profit=0.02%
2026-07-14 09:32:14 INFO     strategy        PnL: 09:32:14 MTM=71.50 Profit=0.01%
2026-07-14 09:32:15 INFO     strategy        PnL: 09:32:15 MTM=55.25 Profit=0.01%
2026-07-14 09:32:16 INFO     strategy        PnL: 09:32:16 MTM=78.00 Profit=0.01%
2026-07-14 09:32:17 INFO     strategy        PnL: 09:32:17 MTM=139.75 Profit=0.02%
2026-07-14 09:32:18 INFO     strategy        PnL: 09:32:18 MTM=120.25 Profit=0.02%
2026-07-14 09:32:19 INFO     strategy        PnL: 09:32:19 MTM=123.50 Profit=0.02%
2026-07-14 09:32:20 INFO     strategy        PnL: 09:32:20 MTM=130.00 Profit=0.02%
2026-07-14 09:32:21 INFO     strategy        PnL: 09:32:21 MTM=146.25 Profit=0.02%
2026-07-14 09:32:22 INFO     strategy        PnL: 09:32:22 MTM=165.75 Profit=0.03%
2026-07-14 09:32:23 INFO     strategy        PnL: 09:32:23 MTM=126.75 Profit=0.02%
2026-07-14 09:32:24 INFO     strategy        PnL: 09:32:24 MTM=100.75 Profit=0.02%
2026-07-14 09:32:25 INFO     strategy        PnL: 09:32:25 MTM=71.50 Profit=0.01%
2026-07-14 09:32:26 INFO     strategy        PnL: 09:32:26 MTM=78.00 Profit=0.01%
2026-07-14 09:32:27 INFO     strategy        PnL: 09:32:27 MTM=100.75 Profit=0.02%
2026-07-14 09:32:28 INFO     strategy        PnL: 09:32:28 MTM=71.50 Profit=0.01%
2026-07-14 09:32:29 INFO     strategy        PnL: 09:32:29 MTM=107.25 Profit=0.02%
2026-07-14 09:32:30 INFO     strategy        PnL: 09:32:30 MTM=48.75 Profit=0.01%
2026-07-14 09:32:31 INFO     strategy        PnL: 09:32:31 MTM=81.25 Profit=0.01%
2026-07-14 09:32:32 INFO     strategy        PnL: 09:32:32 MTM=87.75 Profit=0.01%
2026-07-14 09:32:33 INFO     strategy        PnL: 09:32:33 MTM=97.50 Profit=0.01%
2026-07-14 09:32:34 INFO     strategy        PnL: 09:32:34 MTM=152.75 Profit=0.02%
2026-07-14 09:32:35 INFO     strategy        PnL: 09:32:35 MTM=123.50 Profit=0.02%
2026-07-14 09:32:36 INFO     strategy        PnL: 09:32:36 MTM=139.75 Profit=0.02%
2026-07-14 09:32:37 INFO     strategy        PnL: 09:32:37 MTM=159.25 Profit=0.02%
2026-07-14 09:32:38 INFO     strategy        PnL: 09:32:38 MTM=117.00 Profit=0.02%
2026-07-14 09:32:39 INFO     strategy        PnL: 09:32:39 MTM=185.25 Profit=0.03%
2026-07-14 09:32:40 INFO     strategy        PnL: 09:32:40 MTM=172.25 Profit=0.03%
2026-07-14 09:32:41 INFO     strategy        PnL: 09:32:41 MTM=172.25 Profit=0.03%
2026-07-14 09:32:42 INFO     strategy        PnL: 09:32:42 MTM=214.50 Profit=0.03%
2026-07-14 09:32:43 INFO     strategy        PnL: 09:32:43 MTM=240.50 Profit=0.04%
2026-07-14 09:32:44 INFO     strategy        PnL: 09:32:44 MTM=204.75 Profit=0.03%
2026-07-14 09:32:45 INFO     strategy        PnL: 09:32:45 MTM=237.25 Profit=0.04%
2026-07-14 09:32:46 INFO     strategy        PnL: 09:32:46 MTM=234.00 Profit=0.04%
2026-07-14 09:32:47 INFO     strategy        PnL: 09:32:47 MTM=191.75 Profit=0.03%
2026-07-14 09:32:48 INFO     strategy        PnL: 09:32:48 MTM=269.75 Profit=0.04%
2026-07-14 09:32:49 INFO     strategy        PnL: 09:32:49 MTM=243.75 Profit=0.04%
2026-07-14 09:32:50 INFO     strategy        PnL: 09:32:50 MTM=325.00 Profit=0.05%
2026-07-14 09:32:51 INFO     strategy        PnL: 09:32:51 MTM=373.75 Profit=0.06%
2026-07-14 09:32:52 INFO     strategy        PnL: 09:32:52 MTM=286.00 Profit=0.04%
2026-07-14 09:32:53 INFO     strategy        PnL: 09:32:53 MTM=279.50 Profit=0.04%
2026-07-14 09:32:54 INFO     strategy        PnL: 09:32:54 MTM=279.50 Profit=0.04%
2026-07-14 09:32:55 INFO     strategy        PnL: 09:32:55 MTM=328.25 Profit=0.05%
2026-07-14 09:32:56 INFO     strategy        PnL: 09:32:56 MTM=299.00 Profit=0.05%
2026-07-14 09:32:57 INFO     strategy        PnL: 09:32:57 MTM=347.75 Profit=0.05%
2026-07-14 09:32:58 INFO     strategy        PnL: 09:32:58 MTM=403.00 Profit=0.06%
2026-07-14 09:32:59 INFO     strategy        PnL: 09:32:59 MTM=305.50 Profit=0.05%
2026-07-14 09:33:00 INFO     strategy        PnL: 09:33:00 MTM=279.50 Profit=0.04%
2026-07-14 09:33:01 INFO     strategy        PnL: 09:33:01 MTM=273.00 Profit=0.04%
2026-07-14 09:33:02 INFO     strategy        PnL: 09:33:02 MTM=302.25 Profit=0.05%
2026-07-14 09:33:03 INFO     strategy        PnL: 09:33:03 MTM=328.25 Profit=0.05%
2026-07-14 09:33:04 INFO     strategy        PnL: 09:33:04 MTM=308.75 Profit=0.05%
2026-07-14 09:33:05 INFO     strategy        PnL: 09:33:05 MTM=305.50 Profit=0.05%
2026-07-14 09:33:06 INFO     strategy        PnL: 09:33:06 MTM=367.25 Profit=0.06%
2026-07-14 09:33:07 INFO     strategy        PnL: 09:33:07 MTM=318.50 Profit=0.05%
2026-07-14 09:33:08 INFO     strategy        PnL: 09:33:08 MTM=325.00 Profit=0.05%
2026-07-14 09:33:09 INFO     strategy        PnL: 09:33:09 MTM=279.50 Profit=0.04%
2026-07-14 09:33:10 INFO     strategy        PnL: 09:33:10 MTM=315.25 Profit=0.05%
2026-07-14 09:33:11 INFO     strategy        PnL: 09:33:11 MTM=325.00 Profit=0.05%
2026-07-14 09:33:12 INFO     strategy        PnL: 09:33:12 MTM=315.25 Profit=0.05%
2026-07-14 09:33:13 INFO     strategy        PnL: 09:33:13 MTM=325.00 Profit=0.05%
2026-07-14 09:33:14 INFO     strategy        PnL: 09:33:14 MTM=299.00 Profit=0.05%
2026-07-14 09:33:15 INFO     strategy        PnL: 09:33:15 MTM=308.75 Profit=0.05%
2026-07-14 09:33:17 INFO     strategy        PnL: 09:33:17 MTM=289.25 Profit=0.04%
2026-07-14 09:33:18 INFO     strategy        PnL: 09:33:18 MTM=253.50 Profit=0.04%
2026-07-14 09:33:19 INFO     strategy        PnL: 09:33:19 MTM=292.50 Profit=0.04%
2026-07-14 09:33:20 INFO     strategy        PnL: 09:33:20 MTM=289.25 Profit=0.04%
2026-07-14 09:33:21 INFO     strategy        PnL: 09:33:21 MTM=331.50 Profit=0.05%
2026-07-14 09:33:22 INFO     strategy        PnL: 09:33:22 MTM=240.50 Profit=0.04%
2026-07-14 09:33:23 INFO     strategy        PnL: 09:33:23 MTM=279.50 Profit=0.04%
2026-07-14 09:33:24 INFO     strategy        PnL: 09:33:24 MTM=292.50 Profit=0.04%
2026-07-14 09:33:25 INFO     strategy        PnL: 09:33:25 MTM=295.75 Profit=0.05%
2026-07-14 09:33:26 INFO     strategy        PnL: 09:33:26 MTM=325.00 Profit=0.05%
2026-07-14 09:33:27 INFO     strategy        PnL: 09:33:27 MTM=282.75 Profit=0.04%
2026-07-14 09:33:28 INFO     strategy        PnL: 09:33:28 MTM=305.50 Profit=0.05%
2026-07-14 09:33:29 INFO     strategy        PnL: 09:33:29 MTM=250.25 Profit=0.04%
2026-07-14 09:33:30 INFO     strategy        PnL: 09:33:30 MTM=302.25 Profit=0.05%
2026-07-14 09:33:31 INFO     strategy        PnL: 09:33:31 MTM=367.25 Profit=0.06%
2026-07-14 09:33:32 INFO     strategy        PnL: 09:33:32 MTM=318.50 Profit=0.05%
2026-07-14 09:33:33 INFO     strategy        PnL: 09:33:33 MTM=302.25 Profit=0.05%
2026-07-14 09:33:34 INFO     strategy        PnL: 09:33:34 MTM=321.75 Profit=0.05%
2026-07-14 09:33:35 INFO     strategy        PnL: 09:33:35 MTM=315.25 Profit=0.05%
2026-07-14 09:33:36 INFO     strategy        PnL: 09:33:36 MTM=299.00 Profit=0.05%
2026-07-14 09:33:37 INFO     strategy        PnL: 09:33:37 MTM=256.75 Profit=0.04%
2026-07-14 09:33:38 INFO     strategy        PnL: 09:33:38 MTM=328.25 Profit=0.05%
2026-07-14 09:33:39 INFO     strategy        PnL: 09:33:39 MTM=334.75 Profit=0.05%
2026-07-14 09:33:40 INFO     strategy        PnL: 09:33:40 MTM=334.75 Profit=0.05%
2026-07-14 09:33:41 INFO     strategy        PnL: 09:33:41 MTM=302.25 Profit=0.05%
2026-07-14 09:33:42 INFO     strategy        PnL: 09:33:42 MTM=386.75 Profit=0.06%
2026-07-14 09:33:43 INFO     strategy        PnL: 09:33:43 MTM=341.25 Profit=0.05%
2026-07-14 09:33:44 INFO     strategy        PnL: 09:33:44 MTM=364.00 Profit=0.06%
2026-07-14 09:33:45 INFO     strategy        PnL: 09:33:45 MTM=386.75 Profit=0.06%
2026-07-14 09:33:46 INFO     strategy        PnL: 09:33:46 MTM=360.75 Profit=0.05%
2026-07-14 09:33:47 INFO     strategy        PnL: 09:33:47 MTM=364.00 Profit=0.06%
2026-07-14 09:33:48 INFO     strategy        PnL: 09:33:48 MTM=364.00 Profit=0.06%
2026-07-14 09:33:49 INFO     strategy        PnL: 09:33:49 MTM=373.75 Profit=0.06%
2026-07-14 09:33:50 INFO     strategy        PnL: 09:33:50 MTM=377.00 Profit=0.06%
2026-07-14 09:33:51 INFO     strategy        PnL: 09:33:51 MTM=318.50 Profit=0.05%
2026-07-14 09:33:52 INFO     strategy        PnL: 09:33:52 MTM=344.50 Profit=0.05%
2026-07-14 09:33:53 INFO     strategy        PnL: 09:33:53 MTM=331.50 Profit=0.05%
2026-07-14 09:33:54 INFO     strategy        PnL: 09:33:54 MTM=344.50 Profit=0.05%
2026-07-14 09:33:55 INFO     strategy        PnL: 09:33:55 MTM=318.50 Profit=0.05%
2026-07-14 09:33:56 INFO     strategy        PnL: 09:33:56 MTM=325.00 Profit=0.05%
2026-07-14 09:33:57 INFO     strategy        PnL: 09:33:57 MTM=334.75 Profit=0.05%
2026-07-14 09:33:58 INFO     strategy        PnL: 09:33:58 MTM=364.00 Profit=0.06%
2026-07-14 09:33:59 INFO     strategy        PnL: 09:33:59 MTM=377.00 Profit=0.06%
2026-07-14 09:34:00 INFO     strategy        PnL: 09:34:00 MTM=370.50 Profit=0.06%
2026-07-14 09:34:01 INFO     strategy        PnL: 09:34:01 MTM=383.50 Profit=0.06%
2026-07-14 09:34:02 INFO     strategy        PnL: 09:34:02 MTM=338.00 Profit=0.05%
2026-07-14 09:34:03 INFO     strategy        PnL: 09:34:03 MTM=370.50 Profit=0.06%
2026-07-14 09:34:04 INFO     strategy        PnL: 09:34:04 MTM=354.25 Profit=0.05%
2026-07-14 09:34:05 INFO     strategy        PnL: 09:34:05 MTM=351.00 Profit=0.05%
2026-07-14 09:34:06 INFO     strategy        PnL: 09:34:06 MTM=344.50 Profit=0.05%
2026-07-14 09:34:07 INFO     strategy        PnL: 09:34:07 MTM=328.25 Profit=0.05%
2026-07-14 09:34:08 INFO     strategy        PnL: 09:34:08 MTM=341.25 Profit=0.05%
2026-07-14 09:34:09 INFO     strategy        PnL: 09:34:09 MTM=318.50 Profit=0.05%
2026-07-14 09:34:10 INFO     strategy        PnL: 09:34:10 MTM=312.00 Profit=0.05%
2026-07-14 09:34:11 INFO     strategy        PnL: 09:34:11 MTM=354.25 Profit=0.05%
2026-07-14 09:34:12 INFO     strategy        PnL: 09:34:12 MTM=318.50 Profit=0.05%
2026-07-14 09:34:13 INFO     strategy        PnL: 09:34:13 MTM=360.75 Profit=0.05%
2026-07-14 09:34:14 INFO     strategy        PnL: 09:34:14 MTM=351.00 Profit=0.05%
2026-07-14 09:34:15 INFO     strategy        PnL: 09:34:15 MTM=321.75 Profit=0.05%
2026-07-14 09:34:16 INFO     strategy        PnL: 09:34:16 MTM=325.00 Profit=0.05%
2026-07-14 09:34:17 INFO     strategy        PnL: 09:34:17 MTM=334.75 Profit=0.05%
2026-07-14 09:34:18 INFO     strategy        PnL: 09:34:18 MTM=354.25 Profit=0.05%
2026-07-14 09:34:19 INFO     strategy        PnL: 09:34:19 MTM=328.25 Profit=0.05%
2026-07-14 09:34:20 INFO     strategy        PnL: 09:34:20 MTM=347.75 Profit=0.05%
2026-07-14 09:34:21 INFO     strategy        PnL: 09:34:21 MTM=338.00 Profit=0.05%
2026-07-14 09:34:22 INFO     strategy        PnL: 09:34:22 MTM=344.50 Profit=0.05%
2026-07-14 09:34:23 INFO     strategy        PnL: 09:34:23 MTM=347.75 Profit=0.05%
2026-07-14 09:34:24 INFO     strategy        PnL: 09:34:24 MTM=380.25 Profit=0.06%
2026-07-14 09:34:25 INFO     strategy        PnL: 09:34:25 MTM=393.25 Profit=0.06%
2026-07-14 09:34:26 INFO     strategy        PnL: 09:34:26 MTM=338.00 Profit=0.05%
2026-07-14 09:34:27 INFO     strategy        PnL: 09:34:27 MTM=341.25 Profit=0.05%
2026-07-14 09:34:28 INFO     strategy        PnL: 09:34:28 MTM=328.25 Profit=0.05%
2026-07-14 09:34:29 INFO     strategy        PnL: 09:34:29 MTM=347.75 Profit=0.05%
2026-07-14 09:34:30 INFO     strategy        PnL: 09:34:30 MTM=347.75 Profit=0.05%
2026-07-14 09:34:31 INFO     strategy        PnL: 09:34:31 MTM=331.50 Profit=0.05%
2026-07-14 09:34:32 INFO     strategy        PnL: 09:34:32 MTM=331.50 Profit=0.05%
2026-07-14 09:34:33 INFO     strategy        PnL: 09:34:33 MTM=299.00 Profit=0.05%
2026-07-14 09:34:34 INFO     strategy        PnL: 09:34:34 MTM=334.75 Profit=0.05%
2026-07-14 09:34:35 INFO     strategy        PnL: 09:34:35 MTM=334.75 Profit=0.05%
2026-07-14 09:34:36 INFO     strategy        PnL: 09:34:36 MTM=347.75 Profit=0.05%
2026-07-14 09:34:38 INFO     strategy        PnL: 09:34:37 MTM=347.75 Profit=0.05%
2026-07-14 09:34:39 INFO     strategy        PnL: 09:34:39 MTM=331.50 Profit=0.05%
2026-07-14 09:34:40 INFO     strategy        PnL: 09:34:40 MTM=341.25 Profit=0.05%
2026-07-14 09:34:41 INFO     strategy        PnL: 09:34:41 MTM=338.00 Profit=0.05%
2026-07-14 09:34:42 INFO     strategy        PnL: 09:34:42 MTM=318.50 Profit=0.05%
2026-07-14 09:34:43 INFO     strategy        PnL: 09:34:43 MTM=302.25 Profit=0.05%
2026-07-14 09:34:44 INFO     strategy        PnL: 09:34:44 MTM=305.50 Profit=0.05%
2026-07-14 09:34:45 INFO     strategy        PnL: 09:34:45 MTM=315.25 Profit=0.05%
2026-07-14 09:34:46 INFO     strategy        PnL: 09:34:46 MTM=328.25 Profit=0.05%
2026-07-14 09:34:47 INFO     strategy        PnL: 09:34:47 MTM=341.25 Profit=0.05%
2026-07-14 09:34:48 INFO     strategy        PnL: 09:34:48 MTM=308.75 Profit=0.05%
2026-07-14 09:34:49 INFO     strategy        PnL: 09:34:49 MTM=325.00 Profit=0.05%
2026-07-14 09:34:50 INFO     strategy        PnL: 09:34:50 MTM=321.75 Profit=0.05%
2026-07-14 09:34:51 INFO     strategy        PnL: 09:34:51 MTM=302.25 Profit=0.05%
2026-07-14 09:34:52 INFO     strategy        PnL: 09:34:52 MTM=331.50 Profit=0.05%
2026-07-14 09:34:53 INFO     strategy        PnL: 09:34:53 MTM=338.00 Profit=0.05%
2026-07-14 09:34:54 INFO     strategy        PnL: 09:34:54 MTM=334.75 Profit=0.05%
2026-07-14 09:34:55 INFO     strategy        PnL: 09:34:55 MTM=393.25 Profit=0.06%
2026-07-14 09:34:56 INFO     strategy        PnL: 09:34:56 MTM=341.25 Profit=0.05%
2026-07-14 09:34:57 INFO     strategy        PnL: 09:34:57 MTM=318.50 Profit=0.05%
2026-07-14 09:34:58 INFO     strategy        PnL: 09:34:58 MTM=331.50 Profit=0.05%
2026-07-14 09:34:59 INFO     strategy        PnL: 09:34:59 MTM=302.25 Profit=0.05%
2026-07-14 09:35:00 INFO     strategy        PnL: 09:35:00 MTM=315.25 Profit=0.05%
2026-07-14 09:35:01 INFO     strategy        PnL: 09:35:01 MTM=318.50 Profit=0.05%
2026-07-14 09:35:02 INFO     strategy        PnL: 09:35:02 MTM=305.50 Profit=0.05%
2026-07-14 09:35:03 INFO     strategy        PnL: 09:35:03 MTM=282.75 Profit=0.04%
2026-07-14 09:35:04 INFO     strategy        PnL: 09:35:04 MTM=299.00 Profit=0.05%
2026-07-14 09:35:05 INFO     strategy        PnL: 09:35:05 MTM=321.75 Profit=0.05%
2026-07-14 09:35:06 INFO     strategy        PnL: 09:35:06 MTM=312.00 Profit=0.05%
2026-07-14 09:35:07 INFO     strategy        PnL: 09:35:07 MTM=331.50 Profit=0.05%
2026-07-14 09:35:08 INFO     strategy        PnL: 09:35:08 MTM=305.50 Profit=0.05%
2026-07-14 09:35:09 INFO     strategy        PnL: 09:35:09 MTM=331.50 Profit=0.05%
2026-07-14 09:35:10 INFO     strategy        PnL: 09:35:10 MTM=377.00 Profit=0.06%
2026-07-14 09:35:11 INFO     strategy        PnL: 09:35:11 MTM=406.25 Profit=0.06%
2026-07-14 09:35:12 INFO     strategy        PnL: 09:35:12 MTM=354.25 Profit=0.05%
2026-07-14 09:35:13 INFO     strategy        PnL: 09:35:13 MTM=354.25 Profit=0.05%
2026-07-14 09:35:14 INFO     strategy        PnL: 09:35:14 MTM=360.75 Profit=0.05%
2026-07-14 09:35:15 INFO     strategy        PnL: 09:35:15 MTM=351.00 Profit=0.05%
2026-07-14 09:35:16 INFO     strategy        PnL: 09:35:16 MTM=351.00 Profit=0.05%
2026-07-14 09:35:17 INFO     strategy        PnL: 09:35:17 MTM=370.50 Profit=0.06%
2026-07-14 09:35:18 INFO     strategy        PnL: 09:35:18 MTM=338.00 Profit=0.05%
2026-07-14 09:35:19 INFO     strategy        PnL: 09:35:19 MTM=354.25 Profit=0.05%
2026-07-14 09:35:20 INFO     strategy        PnL: 09:35:20 MTM=344.50 Profit=0.05%
2026-07-14 09:35:21 INFO     strategy        PnL: 09:35:21 MTM=318.50 Profit=0.05%
2026-07-14 09:35:22 INFO     strategy        PnL: 09:35:22 MTM=315.25 Profit=0.05%
2026-07-14 09:35:23 INFO     strategy        PnL: 09:35:23 MTM=344.50 Profit=0.05%
2026-07-14 09:35:24 INFO     strategy        PnL: 09:35:24 MTM=328.25 Profit=0.05%
2026-07-14 09:35:25 INFO     strategy        PnL: 09:35:25 MTM=328.25 Profit=0.05%
2026-07-14 09:35:26 INFO     strategy        PnL: 09:35:26 MTM=276.25 Profit=0.04%
2026-07-14 09:35:27 INFO     strategy        PnL: 09:35:27 MTM=321.75 Profit=0.05%
2026-07-14 09:35:28 INFO     strategy        PnL: 09:35:28 MTM=305.50 Profit=0.05%
2026-07-14 09:35:29 INFO     strategy        PnL: 09:35:29 MTM=260.00 Profit=0.04%
2026-07-14 09:35:30 INFO     strategy        PnL: 09:35:30 MTM=269.75 Profit=0.04%
2026-07-14 09:35:31 INFO     strategy        PnL: 09:35:31 MTM=266.50 Profit=0.04%
2026-07-14 09:35:32 INFO     strategy        PnL: 09:35:32 MTM=308.75 Profit=0.05%
2026-07-14 09:35:33 INFO     strategy        PnL: 09:35:33 MTM=273.00 Profit=0.04%
2026-07-14 09:35:34 INFO     strategy        PnL: 09:35:34 MTM=266.50 Profit=0.04%
2026-07-14 09:35:35 INFO     strategy        PnL: 09:35:35 MTM=276.25 Profit=0.04%
2026-07-14 09:35:36 INFO     strategy        PnL: 09:35:36 MTM=279.50 Profit=0.04%
2026-07-14 09:35:37 INFO     strategy        PnL: 09:35:37 MTM=234.00 Profit=0.04%
2026-07-14 09:35:38 INFO     strategy        PnL: 09:35:38 MTM=217.75 Profit=0.03%
2026-07-14 09:35:39 INFO     strategy        PnL: 09:35:39 MTM=224.25 Profit=0.03%
2026-07-14 09:35:40 INFO     strategy        PnL: 09:35:40 MTM=211.25 Profit=0.03%
2026-07-14 09:35:41 INFO     strategy        PnL: 09:35:41 MTM=243.75 Profit=0.04%
2026-07-14 09:35:42 INFO     strategy        PnL: 09:35:42 MTM=256.75 Profit=0.04%
2026-07-14 09:35:43 INFO     strategy        PnL: 09:35:43 MTM=230.75 Profit=0.04%
2026-07-14 09:35:44 INFO     strategy        PnL: 09:35:44 MTM=195.00 Profit=0.03%
2026-07-14 09:35:45 INFO     strategy        PnL: 09:35:45 MTM=152.75 Profit=0.02%
2026-07-14 09:35:46 INFO     strategy        PnL: 09:35:46 MTM=260.00 Profit=0.04%
2026-07-14 09:35:47 INFO     strategy        PnL: 09:35:47 MTM=217.75 Profit=0.03%
2026-07-14 09:35:48 INFO     strategy        PnL: 09:35:48 MTM=198.25 Profit=0.03%
2026-07-14 09:35:49 INFO     strategy        PnL: 09:35:49 MTM=204.75 Profit=0.03%
2026-07-14 09:35:50 INFO     strategy        PnL: 09:35:50 MTM=221.00 Profit=0.03%
2026-07-14 09:35:51 INFO     strategy        PnL: 09:35:51 MTM=165.75 Profit=0.03%
2026-07-14 09:35:52 INFO     strategy        PnL: 09:35:52 MTM=221.00 Profit=0.03%
2026-07-14 09:35:53 INFO     strategy        PnL: 09:35:53 MTM=185.25 Profit=0.03%
2026-07-14 09:35:54 INFO     strategy        PnL: 09:35:54 MTM=224.25 Profit=0.03%
2026-07-14 09:35:55 INFO     strategy        PnL: 09:35:55 MTM=195.00 Profit=0.03%
2026-07-14 09:35:56 INFO     strategy        PnL: 09:35:56 MTM=221.00 Profit=0.03%
2026-07-14 09:35:57 INFO     strategy        PnL: 09:35:57 MTM=240.50 Profit=0.04%
2026-07-14 09:35:58 INFO     strategy        PnL: 09:35:58 MTM=221.00 Profit=0.03%
2026-07-14 09:35:59 INFO     strategy        PnL: 09:35:59 MTM=263.25 Profit=0.04%
2026-07-14 09:36:00 INFO     strategy        PnL: 09:36:00 MTM=224.25 Profit=0.03%
2026-07-14 09:36:01 INFO     strategy        PnL: 09:36:01 MTM=273.00 Profit=0.04%
2026-07-14 09:36:02 INFO     strategy        PnL: 09:36:02 MTM=227.50 Profit=0.03%
2026-07-14 09:36:03 INFO     strategy        PnL: 09:36:03 MTM=237.25 Profit=0.04%
2026-07-14 09:36:04 INFO     strategy        PnL: 09:36:04 MTM=169.00 Profit=0.03%
2026-07-14 09:36:05 INFO     strategy        PnL: 09:36:05 MTM=178.75 Profit=0.03%
2026-07-14 09:36:06 INFO     strategy        PnL: 09:36:06 MTM=133.25 Profit=0.02%
2026-07-14 09:36:07 INFO     strategy        PnL: 09:36:07 MTM=143.00 Profit=0.02%
2026-07-14 09:36:08 INFO     strategy        PnL: 09:36:08 MTM=133.25 Profit=0.02%
2026-07-14 09:36:09 INFO     strategy        PnL: 09:36:09 MTM=87.75 Profit=0.01%
2026-07-14 09:36:11 INFO     strategy        PnL: 09:36:11 MTM=188.50 Profit=0.03%
2026-07-14 09:36:12 INFO     strategy        PnL: 09:36:12 MTM=191.75 Profit=0.03%
2026-07-14 09:36:13 INFO     strategy        PnL: 09:36:13 MTM=178.75 Profit=0.03%
2026-07-14 09:36:14 INFO     strategy        PnL: 09:36:14 MTM=198.25 Profit=0.03%
2026-07-14 09:36:15 INFO     strategy        PnL: 09:36:15 MTM=201.50 Profit=0.03%
2026-07-14 09:36:16 INFO     strategy        PnL: 09:36:16 MTM=201.50 Profit=0.03%
2026-07-14 09:36:17 INFO     strategy        PnL: 09:36:17 MTM=201.50 Profit=0.03%
2026-07-14 09:36:18 INFO     strategy        PnL: 09:36:18 MTM=221.00 Profit=0.03%
2026-07-14 09:36:19 INFO     strategy        PnL: 09:36:19 MTM=224.25 Profit=0.03%
2026-07-14 09:36:20 INFO     strategy        PnL: 09:36:20 MTM=243.75 Profit=0.04%
2026-07-14 09:36:21 INFO     strategy        PnL: 09:36:21 MTM=201.50 Profit=0.03%
2026-07-14 09:36:22 INFO     strategy        PnL: 09:36:22 MTM=240.50 Profit=0.04%
2026-07-14 09:36:23 INFO     strategy        PnL: 09:36:23 MTM=234.00 Profit=0.04%
2026-07-14 09:36:24 INFO     strategy        PnL: 09:36:24 MTM=247.00 Profit=0.04%
2026-07-14 09:36:25 INFO     strategy        PnL: 09:36:25 MTM=289.25 Profit=0.04%
2026-07-14 09:36:26 INFO     strategy        PnL: 09:36:26 MTM=247.00 Profit=0.04%
2026-07-14 09:36:27 INFO     strategy        PnL: 09:36:27 MTM=256.75 Profit=0.04%
2026-07-14 09:36:28 INFO     strategy        PnL: 09:36:28 MTM=263.25 Profit=0.04%
2026-07-14 09:36:29 INFO     strategy        PnL: 09:36:29 MTM=269.75 Profit=0.04%
2026-07-14 09:36:30 INFO     strategy        PnL: 09:36:30 MTM=224.25 Profit=0.03%
2026-07-14 09:36:31 INFO     strategy        PnL: 09:36:31 MTM=273.00 Profit=0.04%
2026-07-14 09:36:32 INFO     strategy        PnL: 09:36:32 MTM=289.25 Profit=0.04%
2026-07-14 09:36:33 INFO     strategy        PnL: 09:36:33 MTM=269.75 Profit=0.04%
2026-07-14 09:36:34 INFO     strategy        PnL: 09:36:34 MTM=253.50 Profit=0.04%
2026-07-14 09:36:35 INFO     strategy        PnL: 09:36:35 MTM=308.75 Profit=0.05%
2026-07-14 09:36:36 INFO     strategy        PnL: 09:36:36 MTM=266.50 Profit=0.04%
2026-07-14 09:36:37 INFO     strategy        PnL: 09:36:37 MTM=325.00 Profit=0.05%
2026-07-14 09:36:38 INFO     strategy        PnL: 09:36:38 MTM=266.50 Profit=0.04%
2026-07-14 09:36:39 INFO     strategy        PnL: 09:36:39 MTM=302.25 Profit=0.05%
2026-07-14 09:36:40 INFO     strategy        PnL: 09:36:40 MTM=256.75 Profit=0.04%
2026-07-14 09:36:41 INFO     strategy        PnL: 09:36:41 MTM=260.00 Profit=0.04%
2026-07-14 09:36:42 INFO     strategy        PnL: 09:36:42 MTM=266.50 Profit=0.04%
2026-07-14 09:36:43 INFO     strategy        PnL: 09:36:43 MTM=282.75 Profit=0.04%
2026-07-14 09:36:44 INFO     strategy        PnL: 09:36:44 MTM=325.00 Profit=0.05%
2026-07-14 09:36:45 INFO     strategy        PnL: 09:36:45 MTM=266.50 Profit=0.04%
2026-07-14 09:36:46 INFO     strategy        PnL: 09:36:46 MTM=247.00 Profit=0.04%
2026-07-14 09:36:47 INFO     strategy        PnL: 09:36:47 MTM=321.75 Profit=0.05%
2026-07-14 09:36:48 INFO     strategy        PnL: 09:36:48 MTM=224.25 Profit=0.03%
2026-07-14 09:36:49 INFO     strategy        PnL: 09:36:49 MTM=282.75 Profit=0.04%
2026-07-14 09:36:50 INFO     strategy        PnL: 09:36:50 MTM=253.50 Profit=0.04%
2026-07-14 09:36:51 INFO     strategy        PnL: 09:36:51 MTM=230.75 Profit=0.04%
2026-07-14 09:36:52 INFO     strategy        PnL: 09:36:52 MTM=198.25 Profit=0.03%
2026-07-14 09:36:53 INFO     strategy        PnL: 09:36:53 MTM=240.50 Profit=0.04%
2026-07-14 09:36:54 INFO     strategy        PnL: 09:36:54 MTM=263.25 Profit=0.04%
2026-07-14 09:36:55 INFO     strategy        PnL: 09:36:55 MTM=191.75 Profit=0.03%
2026-07-14 09:36:56 INFO     strategy        PnL: 09:36:56 MTM=243.75 Profit=0.04%
2026-07-14 09:36:57 INFO     strategy        PnL: 09:36:57 MTM=260.00 Profit=0.04%
2026-07-14 09:36:58 INFO     strategy        PnL: 09:36:58 MTM=237.25 Profit=0.04%
2026-07-14 09:36:59 INFO     strategy        PnL: 09:36:59 MTM=234.00 Profit=0.04%
2026-07-14 09:37:00 INFO     strategy        PnL: 09:37:00 MTM=191.75 Profit=0.03%
2026-07-14 09:37:01 INFO     strategy        PnL: 09:37:01 MTM=243.75 Profit=0.04%
2026-07-14 09:37:02 INFO     strategy        PnL: 09:37:02 MTM=198.25 Profit=0.03%
2026-07-14 09:37:03 INFO     strategy        PnL: 09:37:03 MTM=195.00 Profit=0.03%
2026-07-14 09:37:04 INFO     strategy        PnL: 09:37:04 MTM=302.25 Profit=0.05%
2026-07-14 09:37:05 INFO     strategy        PnL: 09:37:05 MTM=221.00 Profit=0.03%
2026-07-14 09:37:06 INFO     strategy        PnL: 09:37:06 MTM=279.50 Profit=0.04%
2026-07-14 09:37:07 INFO     strategy        PnL: 09:37:07 MTM=263.25 Profit=0.04%
2026-07-14 09:37:08 INFO     strategy        PnL: 09:37:08 MTM=289.25 Profit=0.04%
2026-07-14 09:37:09 INFO     strategy        PnL: 09:37:09 MTM=289.25 Profit=0.04%
2026-07-14 09:37:10 INFO     strategy        PnL: 09:37:10 MTM=279.50 Profit=0.04%
2026-07-14 09:37:11 INFO     strategy        PnL: 09:37:11 MTM=266.50 Profit=0.04%
2026-07-14 09:37:12 INFO     strategy        PnL: 09:37:12 MTM=295.75 Profit=0.05%
2026-07-14 09:37:13 INFO     strategy        PnL: 09:37:13 MTM=289.25 Profit=0.04%
2026-07-14 09:37:14 INFO     strategy        PnL: 09:37:14 MTM=188.50 Profit=0.03%
2026-07-14 09:37:15 INFO     strategy        PnL: 09:37:15 MTM=256.75 Profit=0.04%
2026-07-14 09:37:16 INFO     strategy        PnL: 09:37:16 MTM=305.50 Profit=0.05%
2026-07-14 09:37:17 INFO     strategy        PnL: 09:37:17 MTM=308.75 Profit=0.05%
2026-07-14 09:37:18 INFO     strategy        PnL: 09:37:18 MTM=292.50 Profit=0.04%
2026-07-14 09:37:19 INFO     strategy        PnL: 09:37:19 MTM=305.50 Profit=0.05%
2026-07-14 09:37:20 INFO     strategy        PnL: 09:37:20 MTM=357.50 Profit=0.05%
2026-07-14 09:37:21 INFO     strategy        PnL: 09:37:21 MTM=390.00 Profit=0.06%
2026-07-14 09:37:22 INFO     strategy        PnL: 09:37:22 MTM=416.00 Profit=0.06%
2026-07-14 09:37:23 INFO     strategy        PnL: 09:37:23 MTM=377.00 Profit=0.06%
2026-07-14 09:37:24 INFO     strategy        PnL: 09:37:24 MTM=396.50 Profit=0.06%
2026-07-14 09:37:25 INFO     strategy        PnL: 09:37:25 MTM=338.00 Profit=0.05%
2026-07-14 09:37:26 INFO     strategy        PnL: 09:37:26 MTM=373.75 Profit=0.06%
2026-07-14 09:37:27 INFO     strategy        PnL: 09:37:27 MTM=260.00 Profit=0.04%
2026-07-14 09:37:28 INFO     strategy        PnL: 09:37:28 MTM=260.00 Profit=0.04%
2026-07-14 09:37:29 INFO     strategy        PnL: 09:37:29 MTM=217.75 Profit=0.03%
2026-07-14 09:37:31 INFO     strategy        PnL: 09:37:30 MTM=302.25 Profit=0.05%
2026-07-14 09:37:32 INFO     strategy        PnL: 09:37:32 MTM=295.75 Profit=0.05%
2026-07-14 09:37:33 INFO     strategy        PnL: 09:37:33 MTM=263.25 Profit=0.04%
2026-07-14 09:37:34 INFO     strategy        PnL: 09:37:34 MTM=299.00 Profit=0.05%
2026-07-14 09:37:35 INFO     strategy        PnL: 09:37:35 MTM=302.25 Profit=0.05%
2026-07-14 09:37:36 INFO     strategy        PnL: 09:37:36 MTM=295.75 Profit=0.05%
2026-07-14 09:37:37 INFO     strategy        PnL: 09:37:37 MTM=312.00 Profit=0.05%
2026-07-14 09:37:38 INFO     strategy        PnL: 09:37:38 MTM=286.00 Profit=0.04%
2026-07-14 09:37:39 INFO     strategy        PnL: 09:37:39 MTM=295.75 Profit=0.05%
2026-07-14 09:37:40 INFO     strategy        PnL: 09:37:40 MTM=308.75 Profit=0.05%
2026-07-14 09:37:41 INFO     strategy        PnL: 09:37:41 MTM=286.00 Profit=0.04%
2026-07-14 09:37:42 INFO     strategy        PnL: 09:37:42 MTM=279.50 Profit=0.04%
2026-07-14 09:37:43 INFO     strategy        PnL: 09:37:43 MTM=289.25 Profit=0.04%
2026-07-14 09:37:44 INFO     strategy        PnL: 09:37:44 MTM=289.25 Profit=0.04%
2026-07-14 09:37:45 INFO     strategy        PnL: 09:37:45 MTM=312.00 Profit=0.05%
2026-07-14 09:37:46 INFO     strategy        PnL: 09:37:46 MTM=279.50 Profit=0.04%
2026-07-14 09:37:47 INFO     strategy        PnL: 09:37:47 MTM=308.75 Profit=0.05%
2026-07-14 09:37:48 INFO     strategy        PnL: 09:37:48 MTM=299.00 Profit=0.05%
2026-07-14 09:37:49 INFO     strategy        PnL: 09:37:49 MTM=308.75 Profit=0.05%
2026-07-14 09:37:50 INFO     strategy        PnL: 09:37:50 MTM=263.25 Profit=0.04%
2026-07-14 09:37:51 INFO     strategy        PnL: 09:37:51 MTM=318.50 Profit=0.05%
2026-07-14 09:37:52 INFO     strategy        PnL: 09:37:52 MTM=341.25 Profit=0.05%
2026-07-14 09:37:53 INFO     strategy        PnL: 09:37:53 MTM=224.25 Profit=0.03%
2026-07-14 09:37:54 INFO     strategy        PnL: 09:37:54 MTM=253.50 Profit=0.04%
2026-07-14 09:37:55 INFO     strategy        PnL: 09:37:55 MTM=159.25 Profit=0.02%
2026-07-14 09:37:56 INFO     strategy        PnL: 09:37:56 MTM=276.25 Profit=0.04%
2026-07-14 09:37:57 INFO     strategy        PnL: 09:37:57 MTM=250.25 Profit=0.04%
2026-07-14 09:37:58 INFO     strategy        PnL: 09:37:58 MTM=266.50 Profit=0.04%
2026-07-14 09:37:59 INFO     strategy        PnL: 09:37:59 MTM=260.00 Profit=0.04%
2026-07-14 09:38:00 INFO     strategy        PnL: 09:38:00 MTM=318.50 Profit=0.05%
2026-07-14 09:38:01 INFO     strategy        PnL: 09:38:01 MTM=302.25 Profit=0.05%
2026-07-14 09:38:02 INFO     strategy        PnL: 09:38:02 MTM=312.00 Profit=0.05%
2026-07-14 09:38:03 INFO     strategy        PnL: 09:38:03 MTM=341.25 Profit=0.05%
2026-07-14 09:38:04 INFO     strategy        PnL: 09:38:04 MTM=321.75 Profit=0.05%
2026-07-14 09:38:05 INFO     strategy        PnL: 09:38:05 MTM=373.75 Profit=0.06%
2026-07-14 09:38:06 INFO     strategy        PnL: 09:38:06 MTM=334.75 Profit=0.05%
2026-07-14 09:38:07 INFO     strategy        PnL: 09:38:07 MTM=344.50 Profit=0.05%
2026-07-14 09:38:08 INFO     strategy        PnL: 09:38:08 MTM=315.25 Profit=0.05%
2026-07-14 09:38:09 INFO     strategy        PnL: 09:38:09 MTM=373.75 Profit=0.06%
2026-07-14 09:38:10 INFO     strategy        PnL: 09:38:10 MTM=331.50 Profit=0.05%
2026-07-14 09:38:11 INFO     strategy        PnL: 09:38:11 MTM=383.50 Profit=0.06%
2026-07-14 09:38:12 INFO     strategy        PnL: 09:38:12 MTM=360.75 Profit=0.05%
2026-07-14 09:38:13 INFO     strategy        PnL: 09:38:13 MTM=351.00 Profit=0.05%
2026-07-14 09:38:14 INFO     strategy        PnL: 09:38:14 MTM=321.75 Profit=0.05%
2026-07-14 09:38:15 INFO     strategy        PnL: 09:38:15 MTM=383.50 Profit=0.06%
2026-07-14 09:38:16 INFO     strategy        PnL: 09:38:16 MTM=312.00 Profit=0.05%
2026-07-14 09:38:17 INFO     strategy        PnL: 09:38:17 MTM=341.25 Profit=0.05%
2026-07-14 09:38:18 INFO     strategy        PnL: 09:38:18 MTM=347.75 Profit=0.05%
2026-07-14 09:38:19 INFO     strategy        PnL: 09:38:19 MTM=377.00 Profit=0.06%
2026-07-14 09:38:20 INFO     strategy        PnL: 09:38:20 MTM=321.75 Profit=0.05%
2026-07-14 09:38:21 INFO     strategy        PnL: 09:38:21 MTM=263.25 Profit=0.04%
2026-07-14 09:38:22 INFO     strategy        PnL: 09:38:22 MTM=334.75 Profit=0.05%
2026-07-14 09:38:23 INFO     strategy        PnL: 09:38:23 MTM=260.00 Profit=0.04%
2026-07-14 09:38:24 INFO     strategy        PnL: 09:38:24 MTM=227.50 Profit=0.03%
2026-07-14 09:38:25 INFO     strategy        PnL: 09:38:25 MTM=224.25 Profit=0.03%
2026-07-14 09:38:26 INFO     strategy        PnL: 09:38:26 MTM=204.75 Profit=0.03%
2026-07-14 09:38:27 INFO     strategy        PnL: 09:38:27 MTM=240.50 Profit=0.04%
2026-07-14 09:38:28 INFO     strategy        PnL: 09:38:28 MTM=204.75 Profit=0.03%
2026-07-14 09:38:29 INFO     strategy        PnL: 09:38:29 MTM=188.50 Profit=0.03%
2026-07-14 09:38:30 INFO     strategy        PnL: 09:38:30 MTM=182.00 Profit=0.03%
2026-07-14 09:38:31 INFO     strategy        PnL: 09:38:31 MTM=94.25 Profit=0.01%
2026-07-14 09:38:32 INFO     strategy        PnL: 09:38:32 MTM=159.25 Profit=0.02%
2026-07-14 09:38:33 INFO     strategy        PnL: 09:38:33 MTM=201.50 Profit=0.03%
2026-07-14 09:38:34 INFO     strategy        PnL: 09:38:34 MTM=221.00 Profit=0.03%
2026-07-14 09:38:35 INFO     strategy        PnL: 09:38:35 MTM=198.25 Profit=0.03%
2026-07-14 09:38:36 INFO     strategy        PnL: 09:38:36 MTM=156.00 Profit=0.02%
2026-07-14 09:38:37 INFO     strategy        PnL: 09:38:37 MTM=182.00 Profit=0.03%
2026-07-14 09:38:38 INFO     strategy        PnL: 09:38:38 MTM=175.50 Profit=0.03%
2026-07-14 09:38:39 INFO     strategy        PnL: 09:38:39 MTM=217.75 Profit=0.03%
2026-07-14 09:38:40 INFO     strategy        PnL: 09:38:40 MTM=247.00 Profit=0.04%
2026-07-14 09:38:41 INFO     strategy        PnL: 09:38:41 MTM=263.25 Profit=0.04%
2026-07-14 09:38:42 INFO     strategy        PnL: 09:38:42 MTM=338.00 Profit=0.05%
2026-07-14 09:38:43 INFO     strategy        PnL: 09:38:43 MTM=269.75 Profit=0.04%
2026-07-14 09:38:44 INFO     strategy        PnL: 09:38:44 MTM=269.75 Profit=0.04%
2026-07-14 09:38:45 INFO     strategy        PnL: 09:38:45 MTM=286.00 Profit=0.04%
2026-07-14 09:38:46 INFO     strategy        PnL: 09:38:46 MTM=315.25 Profit=0.05%
2026-07-14 09:38:47 INFO     strategy        PnL: 09:38:47 MTM=295.75 Profit=0.05%
2026-07-14 09:38:48 INFO     strategy        PnL: 09:38:48 MTM=279.50 Profit=0.04%
2026-07-14 09:38:49 INFO     strategy        PnL: 09:38:49 MTM=250.25 Profit=0.04%
2026-07-14 09:38:50 INFO     strategy        PnL: 09:38:50 MTM=282.75 Profit=0.04%
2026-07-14 09:38:51 INFO     strategy        PnL: 09:38:51 MTM=286.00 Profit=0.04%
2026-07-14 09:38:52 INFO     strategy        PnL: 09:38:52 MTM=221.00 Profit=0.03%
2026-07-14 09:38:53 INFO     strategy        PnL: 09:38:53 MTM=234.00 Profit=0.04%
2026-07-14 09:38:54 INFO     strategy        PnL: 09:38:54 MTM=230.75 Profit=0.04%
2026-07-14 09:38:55 INFO     strategy        PnL: 09:38:55 MTM=224.25 Profit=0.03%
2026-07-14 09:38:56 INFO     strategy        PnL: 09:38:56 MTM=201.50 Profit=0.03%
2026-07-14 09:38:57 INFO     strategy        PnL: 09:38:57 MTM=224.25 Profit=0.03%
2026-07-14 09:38:58 INFO     strategy        PnL: 09:38:58 MTM=204.75 Profit=0.03%
2026-07-14 09:38:59 INFO     strategy        PnL: 09:38:59 MTM=217.75 Profit=0.03%
2026-07-14 09:39:00 INFO     strategy        PnL: 09:39:00 MTM=224.25 Profit=0.03%
2026-07-14 09:39:01 INFO     strategy        PnL: 09:39:01 MTM=269.75 Profit=0.04%
2026-07-14 09:39:02 INFO     strategy        PnL: 09:39:02 MTM=247.00 Profit=0.04%
2026-07-14 09:39:03 INFO     strategy        PnL: 09:39:03 MTM=198.25 Profit=0.03%
2026-07-14 09:39:04 INFO     strategy        PnL: 09:39:04 MTM=178.75 Profit=0.03%
2026-07-14 09:39:06 INFO     strategy        PnL: 09:39:05 MTM=247.00 Profit=0.04%
2026-07-14 09:39:07 INFO     strategy        PnL: 09:39:07 MTM=269.75 Profit=0.04%
2026-07-14 09:39:08 INFO     strategy        PnL: 09:39:08 MTM=221.00 Profit=0.03%
2026-07-14 09:39:09 INFO     strategy        PnL: 09:39:09 MTM=266.50 Profit=0.04%
2026-07-14 09:39:10 INFO     strategy        PnL: 09:39:10 MTM=276.25 Profit=0.04%
2026-07-14 09:39:11 INFO     strategy        PnL: 09:39:11 MTM=334.75 Profit=0.05%
2026-07-14 09:39:12 INFO     strategy        PnL: 09:39:12 MTM=295.75 Profit=0.05%
2026-07-14 09:39:13 INFO     strategy        PnL: 09:39:13 MTM=263.25 Profit=0.04%
2026-07-14 09:39:14 INFO     strategy        PnL: 09:39:14 MTM=282.75 Profit=0.04%
2026-07-14 09:39:15 INFO     strategy        PnL: 09:39:15 MTM=217.75 Profit=0.03%
2026-07-14 09:39:16 INFO     strategy        PnL: 09:39:16 MTM=211.25 Profit=0.03%
2026-07-14 09:39:17 INFO     strategy        PnL: 09:39:17 MTM=240.50 Profit=0.04%
2026-07-14 09:39:18 INFO     strategy        PnL: 09:39:18 MTM=253.50 Profit=0.04%
2026-07-14 09:39:19 INFO     strategy        PnL: 09:39:19 MTM=224.25 Profit=0.03%
2026-07-14 09:39:20 INFO     strategy        PnL: 09:39:20 MTM=276.25 Profit=0.04%
2026-07-14 09:39:21 INFO     strategy        PnL: 09:39:21 MTM=198.25 Profit=0.03%
2026-07-14 09:39:22 INFO     strategy        PnL: 09:39:22 MTM=214.50 Profit=0.03%
2026-07-14 09:39:23 INFO     strategy        PnL: 09:39:23 MTM=217.75 Profit=0.03%
2026-07-14 09:39:24 INFO     strategy        PnL: 09:39:24 MTM=237.25 Profit=0.04%
2026-07-14 09:39:25 INFO     strategy        PnL: 09:39:25 MTM=204.75 Profit=0.03%
2026-07-14 09:39:26 INFO     strategy        PnL: 09:39:26 MTM=250.25 Profit=0.04%
2026-07-14 09:39:27 INFO     strategy        PnL: 09:39:27 MTM=230.75 Profit=0.04%
2026-07-14 09:39:28 INFO     strategy        PnL: 09:39:28 MTM=240.50 Profit=0.04%
2026-07-14 09:39:29 INFO     strategy        PnL: 09:39:29 MTM=263.25 Profit=0.04%
2026-07-14 09:39:30 INFO     strategy        PnL: 09:39:30 MTM=269.75 Profit=0.04%
2026-07-14 09:39:31 INFO     strategy        PnL: 09:39:31 MTM=396.50 Profit=0.06%
2026-07-14 09:39:32 INFO     strategy        PnL: 09:39:32 MTM=299.00 Profit=0.05%
2026-07-14 09:39:33 INFO     strategy        PnL: 09:39:33 MTM=279.50 Profit=0.04%
2026-07-14 09:39:34 INFO     strategy        PnL: 09:39:34 MTM=318.50 Profit=0.05%
2026-07-14 09:39:35 INFO     strategy        PnL: 09:39:35 MTM=299.00 Profit=0.05%
2026-07-14 09:39:36 INFO     strategy        PnL: 09:39:36 MTM=308.75 Profit=0.05%
2026-07-14 09:39:37 INFO     strategy        PnL: 09:39:37 MTM=347.75 Profit=0.05%
2026-07-14 09:39:38 INFO     strategy        PnL: 09:39:38 MTM=286.00 Profit=0.04%
2026-07-14 09:39:39 INFO     strategy        PnL: 09:39:39 MTM=308.75 Profit=0.05%
2026-07-14 09:39:40 INFO     strategy        PnL: 09:39:40 MTM=334.75 Profit=0.05%
2026-07-14 09:39:41 INFO     strategy        PnL: 09:39:41 MTM=308.75 Profit=0.05%
2026-07-14 09:39:42 INFO     strategy        PnL: 09:39:42 MTM=299.00 Profit=0.05%
2026-07-14 09:39:43 INFO     strategy        PnL: 09:39:43 MTM=321.75 Profit=0.05%
2026-07-14 09:39:44 INFO     strategy        PnL: 09:39:44 MTM=321.75 Profit=0.05%
2026-07-14 09:39:45 INFO     strategy        PnL: 09:39:45 MTM=321.75 Profit=0.05%
2026-07-14 09:39:46 INFO     strategy        PnL: 09:39:46 MTM=328.25 Profit=0.05%
2026-07-14 09:39:47 INFO     strategy        PnL: 09:39:47 MTM=318.50 Profit=0.05%
2026-07-14 09:39:48 INFO     strategy        PnL: 09:39:48 MTM=321.75 Profit=0.05%
2026-07-14 09:39:49 INFO     strategy        PnL: 09:39:49 MTM=334.75 Profit=0.05%
2026-07-14 09:39:50 INFO     strategy        PnL: 09:39:50 MTM=380.25 Profit=0.06%
2026-07-14 09:39:51 INFO     strategy        PnL: 09:39:51 MTM=373.75 Profit=0.06%
2026-07-14 09:39:52 INFO     strategy        PnL: 09:39:52 MTM=364.00 Profit=0.06%
2026-07-14 09:39:53 INFO     strategy        PnL: 09:39:53 MTM=380.25 Profit=0.06%
2026-07-14 09:39:54 INFO     strategy        PnL: 09:39:54 MTM=367.25 Profit=0.06%
2026-07-14 09:39:55 INFO     strategy        PnL: 09:39:55 MTM=373.75 Profit=0.06%
2026-07-14 09:39:56 INFO     strategy        PnL: 09:39:56 MTM=406.25 Profit=0.06%
2026-07-14 09:39:57 INFO     strategy        PnL: 09:39:57 MTM=383.50 Profit=0.06%
2026-07-14 09:39:58 INFO     strategy        PnL: 09:39:58 MTM=403.00 Profit=0.06%
2026-07-14 09:39:59 INFO     strategy        PnL: 09:39:59 MTM=419.25 Profit=0.06%
2026-07-14 09:40:00 INFO     strategy        PnL: 09:40:00 MTM=386.75 Profit=0.06%
2026-07-14 09:40:01 INFO     strategy        PnL: 09:40:01 MTM=412.75 Profit=0.06%
2026-07-14 09:40:02 INFO     strategy        PnL: 09:40:02 MTM=373.75 Profit=0.06%
2026-07-14 09:40:03 INFO     strategy        PnL: 09:40:03 MTM=406.25 Profit=0.06%
2026-07-14 09:40:04 INFO     strategy        PnL: 09:40:04 MTM=377.00 Profit=0.06%
2026-07-14 09:40:05 INFO     strategy        PnL: 09:40:05 MTM=295.75 Profit=0.05%
2026-07-14 09:40:06 INFO     strategy        PnL: 09:40:06 MTM=279.50 Profit=0.04%
2026-07-14 09:40:07 INFO     strategy        PnL: 09:40:07 MTM=276.25 Profit=0.04%
2026-07-14 09:40:08 INFO     strategy        PnL: 09:40:08 MTM=312.00 Profit=0.05%
2026-07-14 09:40:09 INFO     strategy        PnL: 09:40:09 MTM=253.50 Profit=0.04%
2026-07-14 09:40:10 INFO     strategy        PnL: 09:40:10 MTM=247.00 Profit=0.04%
2026-07-14 09:40:11 INFO     strategy        PnL: 09:40:11 MTM=286.00 Profit=0.04%
2026-07-14 09:40:12 INFO     strategy        PnL: 09:40:12 MTM=237.25 Profit=0.04%
2026-07-14 09:40:13 INFO     strategy        PnL: 09:40:13 MTM=240.50 Profit=0.04%
2026-07-14 09:40:14 INFO     strategy        PnL: 09:40:14 MTM=240.50 Profit=0.04%
2026-07-14 09:40:15 INFO     strategy        PnL: 09:40:15 MTM=217.75 Profit=0.03%
2026-07-14 09:40:16 INFO     strategy        PnL: 09:40:16 MTM=351.00 Profit=0.05%
2026-07-14 09:40:17 INFO     strategy        PnL: 09:40:17 MTM=204.75 Profit=0.03%
2026-07-14 09:40:18 INFO     strategy        PnL: 09:40:18 MTM=256.75 Profit=0.04%
2026-07-14 09:40:19 INFO     strategy        PnL: 09:40:19 MTM=269.75 Profit=0.04%
2026-07-14 09:40:20 INFO     strategy        PnL: 09:40:20 MTM=208.00 Profit=0.03%
2026-07-14 09:40:21 INFO     strategy        PnL: 09:40:21 MTM=191.75 Profit=0.03%
2026-07-14 09:40:22 INFO     strategy        PnL: 09:40:22 MTM=247.00 Profit=0.04%
2026-07-14 09:40:23 INFO     strategy        PnL: 09:40:23 MTM=282.75 Profit=0.04%
2026-07-14 09:40:24 INFO     strategy        PnL: 09:40:24 MTM=204.75 Profit=0.03%
2026-07-14 09:40:25 INFO     strategy        PnL: 09:40:25 MTM=227.50 Profit=0.03%
2026-07-14 09:40:26 INFO     strategy        PnL: 09:40:26 MTM=282.75 Profit=0.04%
2026-07-14 09:40:27 INFO     strategy        PnL: 09:40:27 MTM=260.00 Profit=0.04%
2026-07-14 09:40:28 INFO     strategy        PnL: 09:40:28 MTM=224.25 Profit=0.03%
2026-07-14 09:40:29 INFO     strategy        PnL: 09:40:29 MTM=237.25 Profit=0.04%
2026-07-14 09:40:30 INFO     strategy        PnL: 09:40:30 MTM=230.75 Profit=0.04%
2026-07-14 09:40:31 INFO     strategy        PnL: 09:40:31 MTM=234.00 Profit=0.04%
2026-07-14 09:40:32 INFO     strategy        PnL: 09:40:32 MTM=240.50 Profit=0.04%
2026-07-14 09:40:33 INFO     strategy        PnL: 09:40:33 MTM=227.50 Profit=0.03%
2026-07-14 09:40:34 INFO     strategy        PnL: 09:40:34 MTM=230.75 Profit=0.04%
2026-07-14 09:40:35 INFO     strategy        PnL: 09:40:35 MTM=214.50 Profit=0.03%
2026-07-14 09:40:36 INFO     strategy        PnL: 09:40:36 MTM=227.50 Profit=0.03%
2026-07-14 09:40:37 INFO     strategy        PnL: 09:40:37 MTM=201.50 Profit=0.03%
2026-07-14 09:40:38 INFO     strategy        PnL: 09:40:38 MTM=117.00 Profit=0.02%
2026-07-14 09:40:39 INFO     strategy        PnL: 09:40:39 MTM=175.50 Profit=0.03%
2026-07-14 09:40:40 INFO     strategy        PnL: 09:40:40 MTM=201.50 Profit=0.03%
2026-07-14 09:40:41 INFO     strategy        PnL: 09:40:41 MTM=100.75 Profit=0.02%
2026-07-14 09:40:42 INFO     strategy        PnL: 09:40:42 MTM=165.75 Profit=0.03%
2026-07-14 09:40:43 INFO     strategy        PnL: 09:40:43 MTM=175.50 Profit=0.03%
2026-07-14 09:40:44 INFO     strategy        PnL: 09:40:44 MTM=178.75 Profit=0.03%
2026-07-14 09:40:45 INFO     strategy        PnL: 09:40:45 MTM=156.00 Profit=0.02%
2026-07-14 09:40:47 INFO     strategy        PnL: 09:40:47 MTM=162.50 Profit=0.02%
2026-07-14 09:40:48 INFO     strategy        PnL: 09:40:48 MTM=143.00 Profit=0.02%
2026-07-14 09:40:49 INFO     strategy        PnL: 09:40:49 MTM=178.75 Profit=0.03%
2026-07-14 09:40:50 INFO     strategy        PnL: 09:40:50 MTM=185.25 Profit=0.03%
2026-07-14 09:40:51 INFO     strategy        PnL: 09:40:51 MTM=156.00 Profit=0.02%
2026-07-14 09:40:52 INFO     strategy        PnL: 09:40:52 MTM=204.75 Profit=0.03%
2026-07-14 09:40:53 INFO     strategy        PnL: 09:40:53 MTM=208.00 Profit=0.03%
2026-07-14 09:40:54 INFO     strategy        PnL: 09:40:54 MTM=188.50 Profit=0.03%
2026-07-14 09:40:55 INFO     strategy        PnL: 09:40:55 MTM=159.25 Profit=0.02%
2026-07-14 09:40:56 INFO     strategy        PnL: 09:40:56 MTM=165.75 Profit=0.03%
2026-07-14 09:40:57 INFO     strategy        PnL: 09:40:57 MTM=149.50 Profit=0.02%
2026-07-14 09:40:58 INFO     strategy        PnL: 09:40:58 MTM=188.50 Profit=0.03%
2026-07-14 09:40:59 INFO     strategy        PnL: 09:40:59 MTM=243.75 Profit=0.04%
2026-07-14 09:41:00 INFO     strategy        PnL: 09:41:00 MTM=175.50 Profit=0.03%
2026-07-14 09:41:01 INFO     strategy        PnL: 09:41:01 MTM=165.75 Profit=0.03%
2026-07-14 09:41:02 INFO     strategy        PnL: 09:41:02 MTM=198.25 Profit=0.03%
2026-07-14 09:41:03 INFO     strategy        PnL: 09:41:03 MTM=211.25 Profit=0.03%
2026-07-14 09:41:04 INFO     strategy        PnL: 09:41:04 MTM=172.25 Profit=0.03%
2026-07-14 09:41:05 INFO     strategy        PnL: 09:41:05 MTM=188.50 Profit=0.03%
2026-07-14 09:41:06 INFO     strategy        PnL: 09:41:06 MTM=-26.00 Loss=0.00%
2026-07-14 09:41:07 INFO     strategy        PnL: 09:41:07 MTM=84.50 Profit=0.01%
2026-07-14 09:41:08 INFO     strategy        PnL: 09:41:08 MTM=35.75 Profit=0.01%
2026-07-14 09:41:09 INFO     strategy        PnL: 09:41:09 MTM=-22.75 Loss=0.00%
2026-07-14 09:41:10 INFO     strategy        PnL: 09:41:10 MTM=3.25 Profit=0.00%
2026-07-14 09:41:11 INFO     strategy        PnL: 09:41:11 MTM=-6.50 Loss=0.00%
2026-07-14 09:41:12 INFO     strategy        PnL: 09:41:12 MTM=39.00 Profit=0.01%
2026-07-14 09:41:13 INFO     strategy        PnL: 09:41:13 MTM=-100.75 Loss=0.02%
2026-07-14 09:41:14 INFO     strategy        PnL: 09:41:14 MTM=-152.75 Loss=0.02%
2026-07-14 09:41:15 INFO     strategy        PnL: 09:41:15 MTM=-97.50 Loss=0.01%
2026-07-14 09:41:16 INFO     strategy        PnL: 09:41:16 MTM=-6.50 Loss=0.00%
2026-07-14 09:41:17 INFO     strategy        PnL: 09:41:17 MTM=-26.00 Loss=0.00%
2026-07-14 09:41:18 INFO     strategy        PnL: 09:41:18 MTM=6.50 Profit=0.00%
2026-07-14 09:41:19 INFO     strategy        PnL: 09:41:19 MTM=-19.50 Loss=0.00%
2026-07-14 09:41:20 INFO     strategy        PnL: 09:41:20 MTM=-39.00 Loss=0.01%
2026-07-14 09:41:21 INFO     strategy        PnL: 09:41:21 MTM=-48.75 Loss=0.01%
2026-07-14 09:41:22 INFO     strategy        PnL: 09:41:22 MTM=19.50 Profit=0.00%
2026-07-14 09:41:23 INFO     strategy        PnL: 09:41:23 MTM=42.25 Profit=0.01%
2026-07-14 09:41:24 INFO     strategy        PnL: 09:41:24 MTM=130.00 Profit=0.02%
2026-07-14 09:41:25 INFO     strategy        PnL: 09:41:25 MTM=-81.25 Loss=0.01%
2026-07-14 09:41:26 INFO     strategy        PnL: 09:41:26 MTM=-234.00 Loss=0.04%
2026-07-14 09:41:27 INFO     strategy        PnL: 09:41:27 MTM=-178.75 Loss=0.03%
2026-07-14 09:41:28 INFO     strategy        PnL: 09:41:28 MTM=-26.00 Loss=0.00%
2026-07-14 09:41:29 INFO     strategy        PnL: 09:41:29 MTM=-39.00 Loss=0.01%
2026-07-14 09:41:30 INFO     strategy        PnL: 09:41:30 MTM=-26.00 Loss=0.00%
2026-07-14 09:41:31 INFO     strategy        PnL: 09:41:31 MTM=-32.50 Loss=0.00%
2026-07-14 09:41:32 INFO     strategy        PnL: 09:41:32 MTM=-58.50 Loss=0.01%
2026-07-14 09:41:33 INFO     strategy        PnL: 09:41:33 MTM=-84.50 Loss=0.01%
2026-07-14 09:41:34 INFO     strategy        PnL: 09:41:34 MTM=-55.25 Loss=0.01%
2026-07-14 09:41:35 INFO     strategy        PnL: 09:41:35 MTM=-136.50 Loss=0.02%
2026-07-14 09:41:36 INFO     strategy        PnL: 09:41:36 MTM=-48.75 Loss=0.01%
2026-07-14 09:41:37 INFO     strategy        PnL: 09:41:37 MTM=-45.50 Loss=0.01%
2026-07-14 09:41:38 INFO     strategy        PnL: 09:41:38 MTM=-6.50 Loss=0.00%
2026-07-14 09:41:39 INFO     strategy        PnL: 09:41:39 MTM=29.25 Profit=0.00%
2026-07-14 09:41:40 INFO     strategy        PnL: 09:41:40 MTM=100.75 Profit=0.02%
2026-07-14 09:41:41 INFO     strategy        PnL: 09:41:41 MTM=65.00 Profit=0.01%
2026-07-14 09:41:42 INFO     strategy        PnL: 09:41:42 MTM=91.00 Profit=0.01%
2026-07-14 09:41:43 INFO     strategy        PnL: 09:41:43 MTM=29.25 Profit=0.00%
2026-07-14 09:41:44 INFO     strategy        PnL: 09:41:44 MTM=35.75 Profit=0.01%
2026-07-14 09:41:45 INFO     strategy        PnL: 09:41:45 MTM=78.00 Profit=0.01%
2026-07-14 09:41:46 INFO     strategy        PnL: 09:41:46 MTM=91.00 Profit=0.01%
2026-07-14 09:41:47 INFO     strategy        PnL: 09:41:47 MTM=130.00 Profit=0.02%
2026-07-14 09:41:48 INFO     strategy        PnL: 09:41:48 MTM=97.50 Profit=0.01%
2026-07-14 09:41:49 INFO     strategy        PnL: 09:41:49 MTM=100.75 Profit=0.02%
2026-07-14 09:41:50 INFO     strategy        PnL: 09:41:50 MTM=65.00 Profit=0.01%
2026-07-14 09:41:51 INFO     strategy        PnL: 09:41:51 MTM=61.75 Profit=0.01%
2026-07-14 09:41:52 INFO     strategy        PnL: 09:41:52 MTM=55.25 Profit=0.01%
2026-07-14 09:41:53 INFO     strategy        PnL: 09:41:53 MTM=87.75 Profit=0.01%
2026-07-14 09:41:54 INFO     strategy        PnL: 09:41:54 MTM=61.75 Profit=0.01%
2026-07-14 09:41:55 INFO     strategy        PnL: 09:41:55 MTM=97.50 Profit=0.01%
2026-07-14 09:41:56 INFO     strategy        PnL: 09:41:56 MTM=39.00 Profit=0.01%
2026-07-14 09:41:57 INFO     strategy        PnL: 09:41:57 MTM=22.75 Profit=0.00%
2026-07-14 09:41:58 INFO     strategy        PnL: 09:41:58 MTM=68.25 Profit=0.01%
2026-07-14 09:41:59 INFO     strategy        PnL: 09:41:59 MTM=120.25 Profit=0.02%
2026-07-14 09:42:00 INFO     strategy        PnL: 09:42:00 MTM=91.00 Profit=0.01%
2026-07-14 09:42:01 INFO     strategy        PnL: 09:42:01 MTM=107.25 Profit=0.02%
2026-07-14 09:42:02 INFO     strategy        PnL: 09:42:02 MTM=16.25 Profit=0.00%
2026-07-14 09:42:03 INFO     strategy        PnL: 09:42:03 MTM=26.00 Profit=0.00%
2026-07-14 09:42:04 INFO     strategy        PnL: 09:42:04 MTM=71.50 Profit=0.01%
2026-07-14 09:42:05 INFO     strategy        PnL: 09:42:05 MTM=100.75 Profit=0.02%
2026-07-14 09:42:06 INFO     strategy        PnL: 09:42:06 MTM=65.00 Profit=0.01%
2026-07-14 09:42:07 INFO     strategy        PnL: 09:42:07 MTM=65.00 Profit=0.01%
2026-07-14 09:42:08 INFO     strategy        PnL: 09:42:08 MTM=81.25 Profit=0.01%
2026-07-14 09:42:09 INFO     strategy        PnL: 09:42:09 MTM=22.75 Profit=0.00%
2026-07-14 09:42:10 INFO     strategy        PnL: 09:42:10 MTM=58.50 Profit=0.01%
2026-07-14 09:42:11 INFO     strategy        PnL: 09:42:11 MTM=74.75 Profit=0.01%
2026-07-14 09:42:12 INFO     strategy        PnL: 09:42:12 MTM=52.00 Profit=0.01%
2026-07-14 09:42:13 INFO     strategy        PnL: 09:42:13 MTM=45.50 Profit=0.01%
2026-07-14 09:42:14 INFO     strategy        PnL: 09:42:14 MTM=-0.00 Loss=0.00%
2026-07-14 09:42:15 INFO     strategy        PnL: 09:42:15 MTM=55.25 Profit=0.01%
2026-07-14 09:42:16 INFO     strategy        PnL: 09:42:16 MTM=81.25 Profit=0.01%
2026-07-14 09:42:17 INFO     strategy        PnL: 09:42:17 MTM=45.50 Profit=0.01%
2026-07-14 09:42:18 INFO     strategy        PnL: 09:42:18 MTM=58.50 Profit=0.01%
2026-07-14 09:42:19 INFO     strategy        PnL: 09:42:19 MTM=45.50 Profit=0.01%
2026-07-14 09:42:21 INFO     strategy        PnL: 09:42:21 MTM=32.50 Profit=0.00%
2026-07-14 09:42:22 INFO     strategy        PnL: 09:42:22 MTM=13.00 Profit=0.00%
2026-07-14 09:42:23 INFO     strategy        PnL: 09:42:23 MTM=42.25 Profit=0.01%
2026-07-14 09:42:24 INFO     strategy        PnL: 09:42:24 MTM=45.50 Profit=0.01%
2026-07-14 09:42:25 INFO     strategy        PnL: 09:42:25 MTM=0.00 Profit=0.00%
2026-07-14 09:42:26 INFO     strategy        PnL: 09:42:26 MTM=-19.50 Loss=0.00%
2026-07-14 09:42:27 INFO     strategy        PnL: 09:42:27 MTM=-35.75 Loss=0.01%
2026-07-14 09:42:28 INFO     strategy        PnL: 09:42:28 MTM=32.50 Profit=0.00%
2026-07-14 09:42:29 INFO     strategy        PnL: 09:42:29 MTM=19.50 Profit=0.00%
2026-07-14 09:42:30 INFO     strategy        PnL: 09:42:30 MTM=-45.50 Loss=0.01%
2026-07-14 09:42:31 INFO     strategy        PnL: 09:42:31 MTM=-87.75 Loss=0.01%
2026-07-14 09:42:32 INFO     strategy        PnL: 09:42:32 MTM=16.25 Profit=0.00%
2026-07-14 09:42:33 INFO     strategy        PnL: 09:42:33 MTM=-52.00 Loss=0.01%
2026-07-14 09:42:34 INFO     strategy        PnL: 09:42:34 MTM=-35.75 Loss=0.01%
2026-07-14 09:42:35 INFO     strategy        PnL: 09:42:35 MTM=-39.00 Loss=0.01%
2026-07-14 09:42:36 INFO     strategy        PnL: 09:42:36 MTM=-48.75 Loss=0.01%
2026-07-14 09:42:37 INFO     strategy        PnL: 09:42:37 MTM=-240.50 Loss=0.04%
2026-07-14 09:42:38 INFO     strategy        PnL: 09:42:38 MTM=84.50 Profit=0.01%
2026-07-14 09:42:39 INFO     strategy        PnL: 09:42:39 MTM=29.25 Profit=0.00%
2026-07-14 09:42:40 INFO     strategy        PnL: 09:42:40 MTM=84.50 Profit=0.01%
2026-07-14 09:42:41 INFO     strategy        PnL: 09:42:41 MTM=9.75 Profit=0.00%
2026-07-14 09:42:42 INFO     strategy        PnL: 09:42:42 MTM=42.25 Profit=0.01%
2026-07-14 09:42:43 INFO     strategy        PnL: 09:42:43 MTM=35.75 Profit=0.01%
2026-07-14 09:42:44 INFO     strategy        PnL: 09:42:44 MTM=9.75 Profit=0.00%
2026-07-14 09:42:45 INFO     strategy        PnL: 09:42:45 MTM=-26.00 Loss=0.00%
2026-07-14 09:42:46 INFO     strategy        PnL: 09:42:46 MTM=0.00 Profit=0.00%
2026-07-14 09:42:47 INFO     strategy        PnL: 09:42:47 MTM=-39.00 Loss=0.01%
2026-07-14 09:42:48 INFO     strategy        PnL: 09:42:48 MTM=-81.25 Loss=0.01%
2026-07-14 09:42:49 INFO     strategy        PnL: 09:42:49 MTM=-52.00 Loss=0.01%
2026-07-14 09:42:50 INFO     strategy        PnL: 09:42:50 MTM=-71.50 Loss=0.01%
2026-07-14 09:42:51 INFO     strategy        PnL: 09:42:51 MTM=-61.75 Loss=0.01%
2026-07-14 09:42:52 INFO     strategy        PnL: 09:42:52 MTM=-35.75 Loss=0.01%
2026-07-14 09:42:53 INFO     strategy        PnL: 09:42:53 MTM=-35.75 Loss=0.01%
2026-07-14 09:42:54 INFO     strategy        PnL: 09:42:54 MTM=-104.00 Loss=0.02%
2026-07-14 09:42:55 INFO     strategy        PnL: 09:42:55 MTM=-107.25 Loss=0.02%
2026-07-14 09:42:56 INFO     strategy        PnL: 09:42:56 MTM=-42.25 Loss=0.01%
2026-07-14 09:42:57 INFO     strategy        PnL: 09:42:57 MTM=29.25 Profit=0.00%
2026-07-14 09:42:58 INFO     strategy        PnL: 09:42:58 MTM=0.00 Profit=0.00%
2026-07-14 09:42:59 INFO     strategy        PnL: 09:42:59 MTM=35.75 Profit=0.01%
2026-07-14 09:43:00 INFO     strategy        PnL: 09:43:00 MTM=32.50 Profit=0.00%
2026-07-14 09:43:01 INFO     strategy        PnL: 09:43:01 MTM=110.50 Profit=0.02%
2026-07-14 09:43:02 INFO     strategy        PnL: 09:43:02 MTM=110.50 Profit=0.02%
2026-07-14 09:43:03 INFO     strategy        PnL: 09:43:03 MTM=104.00 Profit=0.02%
2026-07-14 09:43:04 INFO     strategy        PnL: 09:43:04 MTM=78.00 Profit=0.01%
2026-07-14 09:43:05 INFO     strategy        PnL: 09:43:05 MTM=39.00 Profit=0.01%
2026-07-14 09:43:06 INFO     strategy        PnL: 09:43:06 MTM=65.00 Profit=0.01%
2026-07-14 09:43:07 INFO     strategy        PnL: 09:43:07 MTM=0.00 Profit=0.00%
2026-07-14 09:43:08 INFO     strategy        PnL: 09:43:08 MTM=19.50 Profit=0.00%
2026-07-14 09:43:09 INFO     strategy        PnL: 09:43:09 MTM=-22.75 Loss=0.00%
2026-07-14 09:43:10 INFO     strategy        PnL: 09:43:10 MTM=-6.50 Loss=0.00%
2026-07-14 09:43:11 INFO     strategy        PnL: 09:43:11 MTM=-19.50 Loss=0.00%
2026-07-14 09:43:12 INFO     strategy        PnL: 09:43:12 MTM=-26.00 Loss=0.00%
2026-07-14 09:43:13 INFO     strategy        PnL: 09:43:13 MTM=-29.25 Loss=0.00%
2026-07-14 09:43:14 INFO     strategy        PnL: 09:43:14 MTM=-13.00 Loss=0.00%
2026-07-14 09:43:15 INFO     strategy        PnL: 09:43:15 MTM=-22.75 Loss=0.00%
2026-07-14 09:43:16 INFO     strategy        PnL: 09:43:16 MTM=-84.50 Loss=0.01%
2026-07-14 09:43:17 INFO     strategy        PnL: 09:43:17 MTM=-35.75 Loss=0.01%
2026-07-14 09:43:18 INFO     strategy        PnL: 09:43:18 MTM=-52.00 Loss=0.01%
2026-07-14 09:43:19 INFO     strategy        PnL: 09:43:19 MTM=-61.75 Loss=0.01%
2026-07-14 09:43:20 INFO     strategy        PnL: 09:43:20 MTM=-32.50 Loss=0.00%
2026-07-14 09:43:21 INFO     strategy        PnL: 09:43:21 MTM=-91.00 Loss=0.01%
2026-07-14 09:43:22 INFO     strategy        PnL: 09:43:22 MTM=-45.50 Loss=0.01%
2026-07-14 09:43:23 INFO     strategy        PnL: 09:43:23 MTM=-9.75 Loss=0.00%
2026-07-14 09:43:24 INFO     strategy        PnL: 09:43:24 MTM=-6.50 Loss=0.00%
2026-07-14 09:43:25 INFO     strategy        PnL: 09:43:25 MTM=-6.50 Loss=0.00%
2026-07-14 09:43:26 INFO     strategy        PnL: 09:43:26 MTM=-13.00 Loss=0.00%
2026-07-14 09:43:27 INFO     strategy        PnL: 09:43:27 MTM=42.25 Profit=0.01%
2026-07-14 09:43:28 INFO     strategy        PnL: 09:43:28 MTM=9.75 Profit=0.00%
2026-07-14 09:43:29 INFO     strategy        PnL: 09:43:29 MTM=39.00 Profit=0.01%
2026-07-14 09:43:30 INFO     strategy        PnL: 09:43:30 MTM=71.50 Profit=0.01%
2026-07-14 09:43:31 INFO     strategy        PnL: 09:43:31 MTM=52.00 Profit=0.01%
2026-07-14 09:43:32 INFO     strategy        PnL: 09:43:32 MTM=61.75 Profit=0.01%
2026-07-14 09:43:33 INFO     strategy        PnL: 09:43:33 MTM=58.50 Profit=0.01%
2026-07-14 09:43:34 INFO     strategy        PnL: 09:43:34 MTM=130.00 Profit=0.02%
2026-07-14 09:43:35 INFO     strategy        PnL: 09:43:35 MTM=162.50 Profit=0.02%
2026-07-14 09:43:36 INFO     strategy        PnL: 09:43:36 MTM=152.75 Profit=0.02%
2026-07-14 09:43:37 INFO     strategy        PnL: 09:43:37 MTM=152.75 Profit=0.02%
2026-07-14 09:43:38 INFO     strategy        PnL: 09:43:38 MTM=152.75 Profit=0.02%
2026-07-14 09:43:39 INFO     strategy        PnL: 09:43:39 MTM=169.00 Profit=0.03%
2026-07-14 09:43:40 INFO     strategy        PnL: 09:43:40 MTM=123.50 Profit=0.02%
2026-07-14 09:43:41 INFO     strategy        PnL: 09:43:41 MTM=152.75 Profit=0.02%
2026-07-14 09:43:42 INFO     strategy        PnL: 09:43:42 MTM=143.00 Profit=0.02%
2026-07-14 09:43:43 INFO     strategy        PnL: 09:43:43 MTM=136.50 Profit=0.02%
2026-07-14 09:43:44 INFO     strategy        PnL: 09:43:44 MTM=139.75 Profit=0.02%
2026-07-14 09:43:45 INFO     strategy        PnL: 09:43:45 MTM=191.75 Profit=0.03%
2026-07-14 09:43:46 INFO     strategy        PnL: 09:43:46 MTM=182.00 Profit=0.03%
2026-07-14 09:43:47 INFO     strategy        PnL: 09:43:47 MTM=139.75 Profit=0.02%
2026-07-14 09:43:48 INFO     strategy        PnL: 09:43:48 MTM=162.50 Profit=0.02%
2026-07-14 09:43:49 INFO     strategy        PnL: 09:43:49 MTM=143.00 Profit=0.02%
2026-07-14 09:43:51 INFO     strategy        PnL: 09:43:51 MTM=136.50 Profit=0.02%
2026-07-14 09:43:52 INFO     strategy        PnL: 09:43:52 MTM=185.25 Profit=0.03%
2026-07-14 09:43:53 INFO     strategy        PnL: 09:43:53 MTM=123.50 Profit=0.02%
2026-07-14 09:43:54 INFO     strategy        PnL: 09:43:54 MTM=136.50 Profit=0.02%
2026-07-14 09:43:55 INFO     strategy        PnL: 09:43:55 MTM=123.50 Profit=0.02%
2026-07-14 09:43:56 INFO     strategy        PnL: 09:43:56 MTM=165.75 Profit=0.03%
2026-07-14 09:43:57 INFO     strategy        PnL: 09:43:57 MTM=139.75 Profit=0.02%
2026-07-14 09:43:58 INFO     strategy        PnL: 09:43:58 MTM=198.25 Profit=0.03%
2026-07-14 09:43:59 INFO     strategy        PnL: 09:43:59 MTM=234.00 Profit=0.04%
2026-07-14 09:44:00 INFO     strategy        PnL: 09:44:00 MTM=282.75 Profit=0.04%
2026-07-14 09:44:01 INFO     strategy        PnL: 09:44:01 MTM=247.00 Profit=0.04%
2026-07-14 09:44:02 INFO     strategy        PnL: 09:44:02 MTM=256.75 Profit=0.04%
2026-07-14 09:44:03 INFO     strategy        PnL: 09:44:03 MTM=282.75 Profit=0.04%
2026-07-14 09:44:04 INFO     strategy        PnL: 09:44:04 MTM=338.00 Profit=0.05%
2026-07-14 09:44:05 INFO     strategy        PnL: 09:44:05 MTM=347.75 Profit=0.05%
2026-07-14 09:44:06 INFO     strategy        PnL: 09:44:06 MTM=263.25 Profit=0.04%
2026-07-14 09:44:07 INFO     strategy        PnL: 09:44:07 MTM=276.25 Profit=0.04%
2026-07-14 09:44:08 INFO     strategy        PnL: 09:44:08 MTM=386.75 Profit=0.06%
2026-07-14 09:44:09 INFO     strategy        PnL: 09:44:09 MTM=302.25 Profit=0.05%
2026-07-14 09:44:10 INFO     strategy        PnL: 09:44:10 MTM=377.00 Profit=0.06%
2026-07-14 09:44:11 INFO     strategy        PnL: 09:44:11 MTM=344.50 Profit=0.05%
2026-07-14 09:44:12 INFO     strategy        PnL: 09:44:12 MTM=334.75 Profit=0.05%
2026-07-14 09:44:13 INFO     strategy        PnL: 09:44:13 MTM=373.75 Profit=0.06%
2026-07-14 09:44:14 INFO     strategy        PnL: 09:44:14 MTM=341.25 Profit=0.05%
2026-07-14 09:44:15 INFO     strategy        PnL: 09:44:15 MTM=325.00 Profit=0.05%
2026-07-14 09:44:16 INFO     strategy        PnL: 09:44:16 MTM=315.25 Profit=0.05%
2026-07-14 09:44:17 INFO     strategy        PnL: 09:44:17 MTM=279.50 Profit=0.04%
2026-07-14 09:44:18 INFO     strategy        PnL: 09:44:18 MTM=331.50 Profit=0.05%
2026-07-14 09:44:19 INFO     strategy        PnL: 09:44:19 MTM=318.50 Profit=0.05%
2026-07-14 09:44:20 INFO     strategy        PnL: 09:44:20 MTM=344.50 Profit=0.05%
2026-07-14 09:44:21 INFO     strategy        PnL: 09:44:21 MTM=286.00 Profit=0.04%
2026-07-14 09:44:22 INFO     strategy        PnL: 09:44:22 MTM=331.50 Profit=0.05%
2026-07-14 09:44:23 INFO     strategy        PnL: 09:44:23 MTM=289.25 Profit=0.04%
2026-07-14 09:44:24 INFO     strategy        PnL: 09:44:24 MTM=422.50 Profit=0.06%
2026-07-14 09:44:25 INFO     strategy        PnL: 09:44:25 MTM=393.25 Profit=0.06%
2026-07-14 09:44:26 INFO     strategy        PnL: 09:44:26 MTM=390.00 Profit=0.06%
2026-07-14 09:44:27 INFO     strategy        PnL: 09:44:27 MTM=367.25 Profit=0.06%
2026-07-14 09:44:28 INFO     strategy        PnL: 09:44:28 MTM=338.00 Profit=0.05%
2026-07-14 09:44:29 INFO     strategy        PnL: 09:44:29 MTM=351.00 Profit=0.05%
2026-07-14 09:44:30 INFO     strategy        PnL: 09:44:30 MTM=347.75 Profit=0.05%
2026-07-14 09:44:31 INFO     strategy        PnL: 09:44:31 MTM=360.75 Profit=0.05%
2026-07-14 09:44:32 INFO     strategy        PnL: 09:44:32 MTM=386.75 Profit=0.06%
2026-07-14 09:44:33 INFO     strategy        PnL: 09:44:33 MTM=383.50 Profit=0.06%
2026-07-14 09:44:34 INFO     strategy        PnL: 09:44:34 MTM=412.75 Profit=0.06%
2026-07-14 09:44:35 INFO     strategy        PnL: 09:44:35 MTM=406.25 Profit=0.06%
2026-07-14 09:44:36 INFO     strategy        PnL: 09:44:36 MTM=406.25 Profit=0.06%
2026-07-14 09:44:37 INFO     strategy        PnL: 09:44:37 MTM=451.75 Profit=0.07%
2026-07-14 09:44:38 INFO     strategy        PnL: 09:44:38 MTM=380.25 Profit=0.06%
2026-07-14 09:44:39 INFO     strategy        PnL: 09:44:39 MTM=507.00 Profit=0.08%
2026-07-14 09:44:40 INFO     strategy        PnL: 09:44:40 MTM=422.50 Profit=0.06%
2026-07-14 09:44:41 INFO     strategy        PnL: 09:44:41 MTM=403.00 Profit=0.06%
2026-07-14 09:44:42 INFO     strategy        PnL: 09:44:42 MTM=364.00 Profit=0.06%
2026-07-14 09:44:44 INFO     strategy        PnL: 09:44:43 MTM=341.25 Profit=0.05%
2026-07-14 09:44:45 INFO     strategy        PnL: 09:44:45 MTM=419.25 Profit=0.06%
2026-07-14 09:44:46 INFO     strategy        PnL: 09:44:46 MTM=435.50 Profit=0.07%
2026-07-14 09:44:47 INFO     strategy        PnL: 09:44:47 MTM=416.00 Profit=0.06%
2026-07-14 09:44:48 INFO     strategy        PnL: 09:44:48 MTM=425.75 Profit=0.06%
2026-07-14 09:44:49 INFO     strategy        PnL: 09:44:49 MTM=412.75 Profit=0.06%
2026-07-14 09:44:50 INFO     strategy        PnL: 09:44:50 MTM=451.75 Profit=0.07%
2026-07-14 09:44:51 INFO     strategy        PnL: 09:44:51 MTM=637.00 Profit=0.10%
2026-07-14 09:44:52 INFO     strategy        PnL: 09:44:52 MTM=588.25 Profit=0.09%
2026-07-14 09:44:53 INFO     strategy        PnL: 09:44:53 MTM=451.75 Profit=0.07%
2026-07-14 09:44:54 INFO     strategy        PnL: 09:44:54 MTM=403.00 Profit=0.06%
2026-07-14 09:44:55 INFO     strategy        PnL: 09:44:55 MTM=383.50 Profit=0.06%
2026-07-14 09:44:56 INFO     strategy        PnL: 09:44:56 MTM=390.00 Profit=0.06%
2026-07-14 09:44:57 INFO     strategy        PnL: 09:44:57 MTM=429.00 Profit=0.07%
2026-07-14 09:44:58 INFO     strategy        PnL: 09:44:58 MTM=435.50 Profit=0.07%
2026-07-14 09:44:59 INFO     strategy        PnL: 09:44:59 MTM=438.75 Profit=0.07%
2026-07-14 09:45:00 INFO     strategy        PnL: 09:45:00 MTM=487.50 Profit=0.07%
2026-07-14 09:45:01 INFO     strategy        PnL: 09:45:01 MTM=422.50 Profit=0.06%
2026-07-14 09:45:02 INFO     strategy        PnL: 09:45:02 MTM=364.00 Profit=0.06%
2026-07-14 09:45:03 INFO     strategy        PnL: 09:45:03 MTM=422.50 Profit=0.06%
2026-07-14 09:45:04 INFO     strategy        PnL: 09:45:04 MTM=380.25 Profit=0.06%
2026-07-14 09:45:05 INFO     strategy        PnL: 09:45:05 MTM=373.75 Profit=0.06%
2026-07-14 09:45:06 INFO     strategy        PnL: 09:45:06 MTM=360.75 Profit=0.05%
2026-07-14 09:45:07 INFO     strategy        PnL: 09:45:07 MTM=331.50 Profit=0.05%
2026-07-14 09:45:08 INFO     strategy        PnL: 09:45:08 MTM=360.75 Profit=0.05%
2026-07-14 09:45:09 INFO     strategy        PnL: 09:45:09 MTM=260.00 Profit=0.04%
2026-07-14 09:45:10 INFO     strategy        PnL: 09:45:10 MTM=315.25 Profit=0.05%
2026-07-14 09:45:11 INFO     strategy        PnL: 09:45:11 MTM=338.00 Profit=0.05%
2026-07-14 09:45:12 INFO     strategy        PnL: 09:45:12 MTM=201.50 Profit=0.03%
2026-07-14 09:45:13 INFO     strategy        PnL: 09:45:13 MTM=269.75 Profit=0.04%
2026-07-14 09:45:14 INFO     strategy        PnL: 09:45:14 MTM=247.00 Profit=0.04%
2026-07-14 09:45:15 INFO     strategy        PnL: 09:45:15 MTM=276.25 Profit=0.04%
2026-07-14 09:45:16 INFO     strategy        PnL: 09:45:16 MTM=230.75 Profit=0.04%
2026-07-14 09:45:17 INFO     strategy        PnL: 09:45:17 MTM=221.00 Profit=0.03%
2026-07-14 09:45:18 INFO     strategy        PnL: 09:45:18 MTM=191.75 Profit=0.03%
2026-07-14 09:45:20 INFO     strategy        PnL: 09:45:19 MTM=159.25 Profit=0.02%
2026-07-14 09:45:21 INFO     strategy        PnL: 09:45:21 MTM=182.00 Profit=0.03%
2026-07-14 09:45:22 INFO     strategy        PnL: 09:45:22 MTM=217.75 Profit=0.03%
2026-07-14 09:45:23 INFO     strategy        PnL: 09:45:23 MTM=113.75 Profit=0.02%
2026-07-14 09:45:24 INFO     strategy        PnL: 09:45:24 MTM=133.25 Profit=0.02%
2026-07-14 09:45:25 INFO     strategy        PnL: 09:45:25 MTM=104.00 Profit=0.02%
2026-07-14 09:45:26 INFO     strategy        PnL: 09:45:26 MTM=191.75 Profit=0.03%
2026-07-14 09:45:27 INFO     strategy        PnL: 09:45:27 MTM=146.25 Profit=0.02%
2026-07-14 09:45:28 INFO     strategy        PnL: 09:45:28 MTM=211.25 Profit=0.03%
2026-07-14 09:45:29 INFO     strategy        PnL: 09:45:29 MTM=247.00 Profit=0.04%
2026-07-14 09:45:30 INFO     strategy        PnL: 09:45:30 MTM=211.25 Profit=0.03%
2026-07-14 09:45:31 INFO     strategy        PnL: 09:45:31 MTM=237.25 Profit=0.04%
2026-07-14 09:45:32 INFO     strategy        PnL: 09:45:32 MTM=198.25 Profit=0.03%
2026-07-14 09:45:33 INFO     strategy        PnL: 09:45:33 MTM=188.50 Profit=0.03%
2026-07-14 09:45:34 INFO     strategy        PnL: 09:45:34 MTM=211.25 Profit=0.03%
2026-07-14 09:45:35 INFO     strategy        PnL: 09:45:35 MTM=234.00 Profit=0.04%
2026-07-14 09:45:36 INFO     strategy        PnL: 09:45:36 MTM=201.50 Profit=0.03%
2026-07-14 09:45:37 INFO     strategy        PnL: 09:45:37 MTM=237.25 Profit=0.04%
2026-07-14 09:45:38 INFO     strategy        PnL: 09:45:38 MTM=182.00 Profit=0.03%
2026-07-14 09:45:39 INFO     strategy        PnL: 09:45:39 MTM=152.75 Profit=0.02%
2026-07-14 09:45:40 INFO     strategy        PnL: 09:45:40 MTM=159.25 Profit=0.02%
2026-07-14 09:45:41 INFO     strategy        PnL: 09:45:41 MTM=169.00 Profit=0.03%
2026-07-14 09:45:42 INFO     strategy        PnL: 09:45:42 MTM=188.50 Profit=0.03%
2026-07-14 09:45:43 INFO     strategy        PnL: 09:45:43 MTM=178.75 Profit=0.03%
2026-07-14 09:45:44 INFO     strategy        PnL: 09:45:44 MTM=191.75 Profit=0.03%
2026-07-14 09:45:45 INFO     strategy        PnL: 09:45:45 MTM=224.25 Profit=0.03%
2026-07-14 09:45:46 INFO     strategy        PnL: 09:45:46 MTM=146.25 Profit=0.02%
2026-07-14 09:45:47 INFO     strategy        PnL: 09:45:47 MTM=117.00 Profit=0.02%
2026-07-14 09:45:48 INFO     strategy        PnL: 09:45:48 MTM=130.00 Profit=0.02%
2026-07-14 09:45:49 INFO     strategy        PnL: 09:45:49 MTM=156.00 Profit=0.02%
2026-07-14 09:45:51 INFO     strategy        PnL: 09:45:50 MTM=195.00 Profit=0.03%
2026-07-14 09:45:52 INFO     strategy        PnL: 09:45:52 MTM=230.75 Profit=0.04%
2026-07-14 09:45:53 INFO     strategy        PnL: 09:45:53 MTM=172.25 Profit=0.03%
2026-07-14 09:45:54 INFO     strategy        PnL: 09:45:54 MTM=172.25 Profit=0.03%
2026-07-14 09:45:55 INFO     strategy        PnL: 09:45:55 MTM=74.75 Profit=0.01%
2026-07-14 09:45:56 INFO     strategy        PnL: 09:45:56 MTM=87.75 Profit=0.01%
2026-07-14 09:45:57 INFO     strategy        PnL: 09:45:57 MTM=94.25 Profit=0.01%
2026-07-14 09:45:58 INFO     strategy        PnL: 09:45:58 MTM=100.75 Profit=0.02%
2026-07-14 09:45:59 INFO     strategy        PnL: 09:45:59 MTM=113.75 Profit=0.02%
2026-07-14 09:46:00 INFO     strategy        PnL: 09:46:00 MTM=165.75 Profit=0.03%
2026-07-14 09:46:01 INFO     strategy        PnL: 09:46:01 MTM=159.25 Profit=0.02%
2026-07-14 09:46:02 INFO     strategy        PnL: 09:46:02 MTM=139.75 Profit=0.02%
2026-07-14 09:46:03 INFO     strategy        PnL: 09:46:03 MTM=133.25 Profit=0.02%
2026-07-14 09:46:04 INFO     strategy        PnL: 09:46:04 MTM=182.00 Profit=0.03%
2026-07-14 09:46:05 INFO     strategy        PnL: 09:46:05 MTM=120.25 Profit=0.02%
2026-07-14 09:46:06 INFO     strategy        PnL: 09:46:06 MTM=32.50 Profit=0.00%
2026-07-14 09:46:07 INFO     strategy        PnL: 09:46:07 MTM=29.25 Profit=0.00%
2026-07-14 09:46:08 INFO     strategy        PnL: 09:46:08 MTM=100.75 Profit=0.02%
2026-07-14 09:46:09 INFO     strategy        PnL: 09:46:09 MTM=104.00 Profit=0.02%
2026-07-14 09:46:10 INFO     strategy        PnL: 09:46:10 MTM=100.75 Profit=0.02%
2026-07-14 09:46:11 INFO     strategy        PnL: 09:46:11 MTM=113.75 Profit=0.02%
2026-07-14 09:46:12 INFO     strategy        PnL: 09:46:12 MTM=123.50 Profit=0.02%
2026-07-14 09:46:13 INFO     strategy        PnL: 09:46:13 MTM=91.00 Profit=0.01%
2026-07-14 09:46:14 INFO     strategy        PnL: 09:46:14 MTM=35.75 Profit=0.01%
2026-07-14 09:46:15 INFO     strategy        PnL: 09:46:15 MTM=97.50 Profit=0.01%
2026-07-14 09:46:16 INFO     strategy        PnL: 09:46:16 MTM=81.25 Profit=0.01%
2026-07-14 09:46:17 INFO     strategy        PnL: 09:46:17 MTM=87.75 Profit=0.01%
2026-07-14 09:46:18 INFO     strategy        PnL: 09:46:18 MTM=74.75 Profit=0.01%
2026-07-14 09:46:19 INFO     strategy        PnL: 09:46:19 MTM=61.75 Profit=0.01%
2026-07-14 09:46:20 INFO     strategy        PnL: 09:46:20 MTM=61.75 Profit=0.01%
2026-07-14 09:46:21 INFO     strategy        PnL: 09:46:21 MTM=78.00 Profit=0.01%
2026-07-14 09:46:22 INFO     strategy        PnL: 09:46:22 MTM=104.00 Profit=0.02%
2026-07-14 09:46:23 INFO     strategy        PnL: 09:46:23 MTM=55.25 Profit=0.01%
2026-07-14 09:46:24 INFO     strategy        PnL: 09:46:24 MTM=78.00 Profit=0.01%
2026-07-14 09:46:25 INFO     strategy        PnL: 09:46:25 MTM=32.50 Profit=0.00%
2026-07-14 09:46:26 INFO     strategy        PnL: 09:46:26 MTM=78.00 Profit=0.01%
2026-07-14 09:46:27 INFO     strategy        PnL: 09:46:27 MTM=3.25 Profit=0.00%
2026-07-14 09:46:28 INFO     strategy        PnL: 09:46:28 MTM=-29.25 Loss=0.00%
2026-07-14 09:46:29 INFO     strategy        PnL: 09:46:29 MTM=-58.50 Loss=0.01%
2026-07-14 09:46:31 INFO     strategy        PnL: 09:46:30 MTM=-97.50 Loss=0.01%
2026-07-14 09:46:32 INFO     strategy        PnL: 09:46:32 MTM=22.75 Profit=0.00%
2026-07-14 09:46:33 INFO     strategy        PnL: 09:46:33 MTM=6.50 Profit=0.00%
2026-07-14 09:46:34 INFO     strategy        PnL: 09:46:34 MTM=45.50 Profit=0.01%
2026-07-14 09:46:35 INFO     strategy        PnL: 09:46:35 MTM=52.00 Profit=0.01%
2026-07-14 09:46:36 INFO     strategy        PnL: 09:46:36 MTM=35.75 Profit=0.01%
2026-07-14 09:46:37 INFO     strategy        PnL: 09:46:37 MTM=74.75 Profit=0.01%
2026-07-14 09:46:38 INFO     strategy        PnL: 09:46:38 MTM=133.25 Profit=0.02%
2026-07-14 09:46:39 INFO     strategy        PnL: 09:46:39 MTM=113.75 Profit=0.02%
2026-07-14 09:46:40 INFO     strategy        PnL: 09:46:40 MTM=71.50 Profit=0.01%
2026-07-14 09:46:41 INFO     strategy        PnL: 09:46:41 MTM=-6.50 Loss=0.00%
2026-07-14 09:46:42 INFO     strategy        PnL: 09:46:42 MTM=94.25 Profit=0.01%
2026-07-14 09:46:43 INFO     strategy        PnL: 09:46:43 MTM=71.50 Profit=0.01%
2026-07-14 09:46:44 INFO     strategy        PnL: 09:46:44 MTM=110.50 Profit=0.02%
2026-07-14 09:46:45 INFO     strategy        PnL: 09:46:45 MTM=16.25 Profit=0.00%
2026-07-14 09:46:46 INFO     strategy        PnL: 09:46:46 MTM=143.00 Profit=0.02%
2026-07-14 09:46:47 INFO     strategy        PnL: 09:46:47 MTM=87.75 Profit=0.01%
2026-07-14 09:46:48 INFO     strategy        PnL: 09:46:48 MTM=107.25 Profit=0.02%
2026-07-14 09:46:49 INFO     strategy        PnL: 09:46:49 MTM=120.25 Profit=0.02%
2026-07-14 09:46:50 INFO     strategy        PnL: 09:46:50 MTM=87.75 Profit=0.01%
2026-07-14 09:46:51 INFO     strategy        PnL: 09:46:51 MTM=35.75 Profit=0.01%
2026-07-14 09:46:52 INFO     strategy        PnL: 09:46:52 MTM=110.50 Profit=0.02%
2026-07-14 09:46:53 INFO     strategy        PnL: 09:46:53 MTM=52.00 Profit=0.01%
2026-07-14 09:46:54 INFO     strategy        PnL: 09:46:54 MTM=113.75 Profit=0.02%
2026-07-14 09:46:55 INFO     strategy        PnL: 09:46:55 MTM=45.50 Profit=0.01%
2026-07-14 09:46:56 INFO     strategy        PnL: 09:46:56 MTM=45.50 Profit=0.01%
2026-07-14 09:46:57 INFO     strategy        PnL: 09:46:57 MTM=29.25 Profit=0.00%
2026-07-14 09:46:58 INFO     strategy        PnL: 09:46:58 MTM=-32.50 Loss=0.00%
2026-07-14 09:46:59 INFO     strategy        PnL: 09:46:59 MTM=19.50 Profit=0.00%
2026-07-14 09:47:00 INFO     strategy        PnL: 09:47:00 MTM=9.75 Profit=0.00%
2026-07-14 09:47:01 INFO     strategy        PnL: 09:47:01 MTM=61.75 Profit=0.01%
2026-07-14 09:47:02 INFO     strategy        PnL: 09:47:02 MTM=58.50 Profit=0.01%
2026-07-14 09:47:03 INFO     strategy        PnL: 09:47:03 MTM=61.75 Profit=0.01%
2026-07-14 09:47:04 INFO     strategy        PnL: 09:47:04 MTM=58.50 Profit=0.01%
2026-07-14 09:47:05 INFO     strategy        PnL: 09:47:05 MTM=61.75 Profit=0.01%
2026-07-14 09:47:06 INFO     strategy        PnL: 09:47:06 MTM=48.75 Profit=0.01%
2026-07-14 09:47:07 INFO     strategy        PnL: 09:47:07 MTM=39.00 Profit=0.01%
2026-07-14 09:47:08 INFO     strategy        PnL: 09:47:08 MTM=143.00 Profit=0.02%
2026-07-14 09:47:09 INFO     strategy        PnL: 09:47:09 MTM=87.75 Profit=0.01%
2026-07-14 09:47:10 INFO     strategy        PnL: 09:47:10 MTM=0.00 Profit=0.00%
2026-07-14 09:47:11 INFO     strategy        PnL: 09:47:11 MTM=42.25 Profit=0.01%
2026-07-14 09:47:12 INFO     strategy        PnL: 09:47:12 MTM=71.50 Profit=0.01%
2026-07-14 09:47:13 INFO     strategy        PnL: 09:47:13 MTM=52.00 Profit=0.01%
2026-07-14 09:47:14 INFO     strategy        PnL: 09:47:14 MTM=45.50 Profit=0.01%
2026-07-14 09:47:15 INFO     strategy        PnL: 09:47:15 MTM=91.00 Profit=0.01%
2026-07-14 09:47:16 INFO     strategy        PnL: 09:47:16 MTM=-22.75 Loss=0.00%
2026-07-14 09:47:17 INFO     strategy        PnL: 09:47:17 MTM=52.00 Profit=0.01%
2026-07-14 09:47:18 INFO     strategy        PnL: 09:47:18 MTM=55.25 Profit=0.01%
2026-07-14 09:47:19 INFO     strategy        PnL: 09:47:19 MTM=35.75 Profit=0.01%
2026-07-14 09:47:20 INFO     strategy        PnL: 09:47:20 MTM=32.50 Profit=0.00%
2026-07-14 09:47:21 INFO     strategy        PnL: 09:47:21 MTM=35.75 Profit=0.01%
2026-07-14 09:47:22 INFO     strategy        PnL: 09:47:22 MTM=-19.50 Loss=0.00%
2026-07-14 09:47:23 INFO     strategy        PnL: 09:47:23 MTM=-13.00 Loss=0.00%
2026-07-14 09:47:24 INFO     strategy        PnL: 09:47:24 MTM=9.75 Profit=0.00%
2026-07-14 09:47:25 INFO     strategy        PnL: 09:47:25 MTM=29.25 Profit=0.00%
2026-07-14 09:47:26 INFO     strategy        PnL: 09:47:26 MTM=-9.75 Loss=0.00%
2026-07-14 09:47:27 INFO     strategy        PnL: 09:47:27 MTM=65.00 Profit=0.01%
2026-07-14 09:47:28 INFO     strategy        PnL: 09:47:28 MTM=19.50 Profit=0.00%
2026-07-14 09:47:29 INFO     strategy        PnL: 09:47:29 MTM=19.50 Profit=0.00%
2026-07-14 09:47:30 INFO     strategy        PnL: 09:47:30 MTM=-94.25 Loss=0.01%
2026-07-14 09:47:31 INFO     strategy        PnL: 09:47:31 MTM=55.25 Profit=0.01%
2026-07-14 09:47:32 INFO     strategy        PnL: 09:47:32 MTM=-19.50 Loss=0.00%
2026-07-14 09:47:33 INFO     strategy        PnL: 09:47:33 MTM=-16.25 Loss=0.00%
2026-07-14 09:47:34 INFO     strategy        PnL: 09:47:34 MTM=42.25 Profit=0.01%
2026-07-14 09:47:35 INFO     strategy        PnL: 09:47:35 MTM=-13.00 Loss=0.00%
2026-07-14 09:47:36 INFO     strategy        PnL: 09:47:36 MTM=-113.75 Loss=0.02%
2026-07-14 09:47:37 INFO     strategy        PnL: 09:47:37 MTM=-48.75 Loss=0.01%
2026-07-14 09:47:38 INFO     strategy        PnL: 09:47:38 MTM=-6.50 Loss=0.00%
2026-07-14 09:47:39 INFO     strategy        PnL: 09:47:39 MTM=26.00 Profit=0.00%
2026-07-14 09:47:40 INFO     strategy        PnL: 09:47:40 MTM=9.75 Profit=0.00%
2026-07-14 09:47:41 INFO     strategy        PnL: 09:47:41 MTM=-26.00 Loss=0.00%
2026-07-14 09:47:42 INFO     strategy        PnL: 09:47:42 MTM=201.50 Profit=0.03%
2026-07-14 09:47:43 INFO     strategy        PnL: 09:47:43 MTM=123.50 Profit=0.02%
2026-07-14 09:47:44 INFO     strategy        PnL: 09:47:44 MTM=178.75 Profit=0.03%
2026-07-14 09:47:45 INFO     strategy        PnL: 09:47:45 MTM=107.25 Profit=0.02%
2026-07-14 09:47:46 INFO     strategy        PnL: 09:47:46 MTM=130.00 Profit=0.02%
2026-07-14 09:47:48 INFO     strategy        PnL: 09:47:48 MTM=224.25 Profit=0.03%
2026-07-14 09:47:49 INFO     strategy        PnL: 09:47:49 MTM=169.00 Profit=0.03%
2026-07-14 09:47:50 INFO     strategy        PnL: 09:47:50 MTM=146.25 Profit=0.02%
2026-07-14 09:47:51 INFO     strategy        PnL: 09:47:51 MTM=198.25 Profit=0.03%
2026-07-14 09:47:52 INFO     strategy        PnL: 09:47:52 MTM=204.75 Profit=0.03%
2026-07-14 09:47:53 INFO     strategy        PnL: 09:47:53 MTM=97.50 Profit=0.01%
2026-07-14 09:47:54 INFO     strategy        PnL: 09:47:54 MTM=178.75 Profit=0.03%
2026-07-14 09:47:55 INFO     strategy        PnL: 09:47:55 MTM=204.75 Profit=0.03%
2026-07-14 09:47:56 INFO     strategy        PnL: 09:47:56 MTM=107.25 Profit=0.02%
2026-07-14 09:47:57 INFO     strategy        PnL: 09:47:57 MTM=156.00 Profit=0.02%
2026-07-14 09:47:58 INFO     strategy        PnL: 09:47:58 MTM=91.00 Profit=0.01%
2026-07-14 09:47:59 INFO     strategy        PnL: 09:47:59 MTM=120.25 Profit=0.02%
2026-07-14 09:48:00 INFO     strategy        PnL: 09:48:00 MTM=113.75 Profit=0.02%
2026-07-14 09:48:01 INFO     strategy        PnL: 09:48:01 MTM=149.50 Profit=0.02%
2026-07-14 09:48:02 INFO     strategy        PnL: 09:48:02 MTM=126.75 Profit=0.02%
2026-07-14 09:48:03 INFO     strategy        PnL: 09:48:03 MTM=91.00 Profit=0.01%
2026-07-14 09:48:04 INFO     strategy        PnL: 09:48:04 MTM=159.25 Profit=0.02%
2026-07-14 09:48:05 INFO     strategy        PnL: 09:48:05 MTM=87.75 Profit=0.01%
2026-07-14 09:48:06 INFO     strategy        PnL: 09:48:06 MTM=117.00 Profit=0.02%
2026-07-14 09:48:07 INFO     strategy        PnL: 09:48:07 MTM=117.00 Profit=0.02%
2026-07-14 09:48:08 INFO     strategy        PnL: 09:48:08 MTM=136.50 Profit=0.02%
2026-07-14 09:48:09 INFO     strategy        PnL: 09:48:09 MTM=139.75 Profit=0.02%
2026-07-14 09:48:10 INFO     strategy        PnL: 09:48:10 MTM=123.50 Profit=0.02%
2026-07-14 09:48:11 INFO     strategy        PnL: 09:48:11 MTM=97.50 Profit=0.01%
2026-07-14 09:48:12 INFO     strategy        PnL: 09:48:12 MTM=32.50 Profit=0.00%
2026-07-14 09:48:13 INFO     strategy        PnL: 09:48:13 MTM=113.75 Profit=0.02%
2026-07-14 09:48:14 INFO     strategy        PnL: 09:48:14 MTM=68.25 Profit=0.01%
2026-07-14 09:48:15 INFO     strategy        PnL: 09:48:15 MTM=9.75 Profit=0.00%
2026-07-14 09:48:16 INFO     strategy        PnL: 09:48:16 MTM=-6.50 Loss=0.00%
2026-07-14 09:48:17 INFO     strategy        PnL: 09:48:17 MTM=0.00 Profit=0.00%
2026-07-14 09:48:18 INFO     strategy        PnL: 09:48:18 MTM=-19.50 Loss=0.00%
2026-07-14 09:48:19 INFO     strategy        PnL: 09:48:19 MTM=68.25 Profit=0.01%
2026-07-14 09:48:20 INFO     strategy        PnL: 09:48:20 MTM=84.50 Profit=0.01%
2026-07-14 09:48:21 INFO     strategy        PnL: 09:48:21 MTM=71.50 Profit=0.01%
2026-07-14 09:48:22 INFO     strategy        PnL: 09:48:22 MTM=-130.00 Loss=0.02%
2026-07-14 09:48:23 INFO     strategy        PnL: 09:48:23 MTM=-71.50 Loss=0.01%
2026-07-14 09:48:24 INFO     strategy        PnL: 09:48:24 MTM=-71.50 Loss=0.01%
2026-07-14 09:48:25 INFO     strategy        PnL: 09:48:25 MTM=-126.75 Loss=0.02%
2026-07-14 09:48:26 INFO     strategy        PnL: 09:48:26 MTM=-126.75 Loss=0.02%
2026-07-14 09:48:27 INFO     strategy        PnL: 09:48:27 MTM=-156.00 Loss=0.02%
2026-07-14 09:48:28 INFO     strategy        PnL: 09:48:28 MTM=-156.00 Loss=0.02%
2026-07-14 09:48:29 INFO     strategy        PnL: 09:48:29 MTM=-185.25 Loss=0.03%
2026-07-14 09:48:30 INFO     strategy        PnL: 09:48:30 MTM=-169.00 Loss=0.03%
2026-07-14 09:48:31 INFO     strategy        PnL: 09:48:31 MTM=-188.50 Loss=0.03%
2026-07-14 09:48:32 INFO     strategy        PnL: 09:48:32 MTM=-256.75 Loss=0.04%
2026-07-14 09:48:33 INFO     strategy        PnL: 09:48:33 MTM=-380.25 Loss=0.06%
2026-07-14 09:48:34 INFO     strategy        PnL: 09:48:34 MTM=-351.00 Loss=0.05%
2026-07-14 09:48:35 INFO     strategy        PnL: 09:48:35 MTM=-302.25 Loss=0.05%
2026-07-14 09:48:36 INFO     strategy        PnL: 09:48:36 MTM=-341.25 Loss=0.05%
2026-07-14 09:48:37 INFO     strategy        PnL: 09:48:37 MTM=-370.50 Loss=0.06%
2026-07-14 09:48:38 INFO     strategy        PnL: 09:48:38 MTM=-321.75 Loss=0.05%
2026-07-14 09:48:39 INFO     strategy        PnL: 09:48:39 MTM=-334.75 Loss=0.05%
2026-07-14 09:48:40 INFO     strategy        PnL: 09:48:40 MTM=-377.00 Loss=0.06%
2026-07-14 09:48:41 INFO     strategy        PnL: 09:48:41 MTM=-432.25 Loss=0.07%
2026-07-14 09:48:42 INFO     strategy        PnL: 09:48:42 MTM=-234.00 Loss=0.04%
2026-07-14 09:48:43 INFO     strategy        PnL: 09:48:43 MTM=-279.50 Loss=0.04%
2026-07-14 09:48:44 INFO     strategy        PnL: 09:48:44 MTM=-240.50 Loss=0.04%
2026-07-14 09:48:45 INFO     strategy        PnL: 09:48:45 MTM=-286.00 Loss=0.04%
2026-07-14 09:48:46 INFO     strategy        PnL: 09:48:46 MTM=-282.75 Loss=0.04%
2026-07-14 09:48:47 INFO     strategy        PnL: 09:48:47 MTM=-227.50 Loss=0.03%
2026-07-14 09:48:48 INFO     strategy        PnL: 09:48:48 MTM=-250.25 Loss=0.04%
2026-07-14 09:48:49 INFO     strategy        PnL: 09:48:49 MTM=-234.00 Loss=0.04%
2026-07-14 09:48:50 INFO     strategy        PnL: 09:48:50 MTM=-305.50 Loss=0.05%
2026-07-14 09:48:51 INFO     strategy        PnL: 09:48:51 MTM=-250.25 Loss=0.04%
2026-07-14 09:48:52 INFO     strategy        PnL: 09:48:52 MTM=-243.75 Loss=0.04%
2026-07-14 09:48:53 INFO     strategy        PnL: 09:48:53 MTM=-185.25 Loss=0.03%
2026-07-14 09:48:54 INFO     strategy        PnL: 09:48:54 MTM=-191.75 Loss=0.03%
2026-07-14 09:48:55 INFO     strategy        PnL: 09:48:55 MTM=-191.75 Loss=0.03%
2026-07-14 09:48:56 INFO     strategy        PnL: 09:48:56 MTM=-146.25 Loss=0.02%
2026-07-14 09:48:57 INFO     strategy        PnL: 09:48:57 MTM=-91.00 Loss=0.01%
2026-07-14 09:48:58 INFO     strategy        PnL: 09:48:58 MTM=-149.50 Loss=0.02%
2026-07-14 09:48:59 INFO     strategy        PnL: 09:48:59 MTM=19.50 Profit=0.00%
2026-07-14 09:49:00 INFO     strategy        PnL: 09:49:00 MTM=6.50 Profit=0.00%
2026-07-14 09:49:01 INFO     strategy        PnL: 09:49:01 MTM=32.50 Profit=0.00%
2026-07-14 09:49:02 INFO     strategy        PnL: 09:49:02 MTM=9.75 Profit=0.00%
2026-07-14 09:49:03 INFO     strategy        PnL: 09:49:03 MTM=-6.50 Loss=0.00%
2026-07-14 09:49:04 INFO     strategy        PnL: 09:49:04 MTM=0.00 Profit=0.00%
2026-07-14 09:49:05 INFO     strategy        PnL: 09:49:05 MTM=-65.00 Loss=0.01%
2026-07-14 09:49:06 INFO     strategy        PnL: 09:49:06 MTM=-61.75 Loss=0.01%
2026-07-14 09:49:07 INFO     strategy        PnL: 09:49:07 MTM=-130.00 Loss=0.02%
2026-07-14 09:49:08 INFO     strategy        PnL: 09:49:08 MTM=-42.25 Loss=0.01%
2026-07-14 09:49:09 INFO     strategy        PnL: 09:49:09 MTM=9.75 Profit=0.00%
2026-07-14 09:49:10 INFO     strategy        PnL: 09:49:10 MTM=-97.50 Loss=0.01%
2026-07-14 09:49:11 INFO     strategy        PnL: 09:49:11 MTM=-143.00 Loss=0.02%
2026-07-14 09:49:12 INFO     strategy        PnL: 09:49:12 MTM=-55.25 Loss=0.01%
2026-07-14 09:49:13 INFO     strategy        PnL: 09:49:13 MTM=-39.00 Loss=0.01%
2026-07-14 09:49:14 INFO     strategy        PnL: 09:49:14 MTM=-126.75 Loss=0.02%
2026-07-14 09:49:16 INFO     strategy        PnL: 09:49:15 MTM=-104.00 Loss=0.02%
2026-07-14 09:49:17 INFO     strategy        PnL: 09:49:17 MTM=-35.75 Loss=0.01%
2026-07-14 09:49:18 INFO     strategy        PnL: 09:49:18 MTM=-94.25 Loss=0.01%
2026-07-14 09:49:19 INFO     strategy        PnL: 09:49:19 MTM=-143.00 Loss=0.02%
2026-07-14 09:49:20 INFO     strategy        PnL: 09:49:20 MTM=-110.50 Loss=0.02%
2026-07-14 09:49:21 INFO     strategy        PnL: 09:49:21 MTM=-104.00 Loss=0.02%
2026-07-14 09:49:22 INFO     strategy        PnL: 09:49:22 MTM=-84.50 Loss=0.01%
2026-07-14 09:49:23 INFO     strategy        PnL: 09:49:23 MTM=-182.00 Loss=0.03%
2026-07-14 09:49:24 INFO     strategy        PnL: 09:49:24 MTM=-156.00 Loss=0.02%
2026-07-14 09:49:25 INFO     strategy        PnL: 09:49:25 MTM=-136.50 Loss=0.02%
2026-07-14 09:49:26 INFO     strategy        PnL: 09:49:26 MTM=-182.00 Loss=0.03%
2026-07-14 09:49:27 INFO     strategy        PnL: 09:49:27 MTM=-172.25 Loss=0.03%
2026-07-14 09:49:28 INFO     strategy        PnL: 09:49:28 MTM=-81.25 Loss=0.01%
2026-07-14 09:49:29 INFO     strategy        PnL: 09:49:29 MTM=-120.25 Loss=0.02%
2026-07-14 09:49:30 INFO     strategy        PnL: 09:49:30 MTM=-156.00 Loss=0.02%
2026-07-14 09:49:31 INFO     strategy        PnL: 09:49:31 MTM=-120.25 Loss=0.02%
2026-07-14 09:49:32 INFO     strategy        PnL: 09:49:32 MTM=-58.50 Loss=0.01%
2026-07-14 09:49:33 INFO     strategy        PnL: 09:49:33 MTM=-84.50 Loss=0.01%
2026-07-14 09:49:34 INFO     strategy        PnL: 09:49:34 MTM=-45.50 Loss=0.01%
2026-07-14 09:49:35 INFO     strategy        PnL: 09:49:35 MTM=-29.25 Loss=0.00%
2026-07-14 09:49:36 INFO     strategy        PnL: 09:49:36 MTM=-22.75 Loss=0.00%
2026-07-14 09:49:37 INFO     strategy        PnL: 09:49:37 MTM=78.00 Profit=0.01%
2026-07-14 09:49:38 INFO     strategy        PnL: 09:49:38 MTM=87.75 Profit=0.01%
2026-07-14 09:49:39 INFO     strategy        PnL: 09:49:39 MTM=104.00 Profit=0.02%
2026-07-14 09:49:40 INFO     strategy        PnL: 09:49:40 MTM=9.75 Profit=0.00%
2026-07-14 09:49:41 INFO     strategy        PnL: 09:49:41 MTM=48.75 Profit=0.01%
2026-07-14 09:49:42 INFO     strategy        PnL: 09:49:42 MTM=29.25 Profit=0.00%
2026-07-14 09:49:43 INFO     strategy        PnL: 09:49:43 MTM=52.00 Profit=0.01%
2026-07-14 09:49:44 INFO     strategy        PnL: 09:49:44 MTM=39.00 Profit=0.01%
2026-07-14 09:49:45 INFO     strategy        PnL: 09:49:45 MTM=16.25 Profit=0.00%
2026-07-14 09:49:46 INFO     strategy        PnL: 09:49:46 MTM=13.00 Profit=0.00%
2026-07-14 09:49:47 INFO     strategy        PnL: 09:49:47 MTM=87.75 Profit=0.01%
2026-07-14 09:49:48 INFO     strategy        PnL: 09:49:48 MTM=178.75 Profit=0.03%
2026-07-14 09:49:49 INFO     strategy        PnL: 09:49:49 MTM=97.50 Profit=0.01%
2026-07-14 09:49:50 INFO     strategy        PnL: 09:49:50 MTM=58.50 Profit=0.01%
2026-07-14 09:49:51 INFO     strategy        PnL: 09:49:51 MTM=110.50 Profit=0.02%
2026-07-14 09:49:52 INFO     strategy        PnL: 09:49:52 MTM=71.50 Profit=0.01%
2026-07-14 09:49:53 INFO     strategy        PnL: 09:49:53 MTM=104.00 Profit=0.02%
2026-07-14 09:49:54 INFO     strategy        PnL: 09:49:54 MTM=120.25 Profit=0.02%
2026-07-14 09:49:55 INFO     strategy        PnL: 09:49:55 MTM=78.00 Profit=0.01%
2026-07-14 09:49:56 INFO     strategy        PnL: 09:49:56 MTM=107.25 Profit=0.02%
2026-07-14 09:49:57 INFO     strategy        PnL: 09:49:57 MTM=123.50 Profit=0.02%
2026-07-14 09:49:58 INFO     strategy        PnL: 09:49:58 MTM=146.25 Profit=0.02%
2026-07-14 09:49:59 INFO     strategy        PnL: 09:49:59 MTM=146.25 Profit=0.02%
2026-07-14 09:50:00 INFO     strategy        PnL: 09:50:00 MTM=165.75 Profit=0.03%
2026-07-14 09:50:01 INFO     strategy        PnL: 09:50:01 MTM=263.25 Profit=0.04%
2026-07-14 09:50:02 INFO     strategy        PnL: 09:50:02 MTM=32.50 Profit=0.00%
2026-07-14 09:50:03 INFO     strategy        PnL: 09:50:03 MTM=3.25 Profit=0.00%
2026-07-14 09:50:04 INFO     strategy        PnL: 09:50:04 MTM=13.00 Profit=0.00%
2026-07-14 09:50:05 INFO     strategy        PnL: 09:50:05 MTM=3.25 Profit=0.00%
2026-07-14 09:50:06 INFO     strategy        PnL: 09:50:06 MTM=16.25 Profit=0.00%
2026-07-14 09:50:07 INFO     strategy        PnL: 09:50:07 MTM=55.25 Profit=0.01%
2026-07-14 09:50:08 INFO     strategy        PnL: 09:50:08 MTM=100.75 Profit=0.02%
2026-07-14 09:50:09 INFO     strategy        PnL: 09:50:09 MTM=110.50 Profit=0.02%
2026-07-14 09:50:10 INFO     strategy        PnL: 09:50:10 MTM=104.00 Profit=0.02%
2026-07-14 09:50:11 INFO     strategy        PnL: 09:50:11 MTM=146.25 Profit=0.02%
2026-07-14 09:50:12 INFO     strategy        PnL: 09:50:12 MTM=159.25 Profit=0.02%
2026-07-14 09:50:13 INFO     strategy        PnL: 09:50:13 MTM=169.00 Profit=0.03%
2026-07-14 09:50:14 INFO     strategy        PnL: 09:50:14 MTM=149.50 Profit=0.02%
2026-07-14 09:50:15 INFO     strategy        PnL: 09:50:15 MTM=175.50 Profit=0.03%
2026-07-14 09:50:16 INFO     strategy        PnL: 09:50:16 MTM=204.75 Profit=0.03%
2026-07-14 09:50:17 INFO     strategy        PnL: 09:50:17 MTM=182.00 Profit=0.03%
2026-07-14 09:50:18 INFO     strategy        PnL: 09:50:18 MTM=208.00 Profit=0.03%
2026-07-14 09:50:19 INFO     strategy        PnL: 09:50:19 MTM=159.25 Profit=0.02%
2026-07-14 09:50:20 INFO     strategy        PnL: 09:50:20 MTM=175.50 Profit=0.03%
2026-07-14 09:50:21 INFO     strategy        PnL: 09:50:21 MTM=107.25 Profit=0.02%
2026-07-14 09:50:22 INFO     strategy        PnL: 09:50:22 MTM=107.25 Profit=0.02%
2026-07-14 09:50:23 INFO     strategy        PnL: 09:50:23 MTM=133.25 Profit=0.02%
2026-07-14 09:50:24 INFO     strategy        PnL: 09:50:24 MTM=104.00 Profit=0.02%
2026-07-14 09:50:25 INFO     strategy        PnL: 09:50:25 MTM=0.00 Profit=0.00%
2026-07-14 09:50:26 INFO     strategy        PnL: 09:50:26 MTM=45.50 Profit=0.01%
2026-07-14 09:50:27 INFO     strategy        PnL: 09:50:27 MTM=29.25 Profit=0.00%
2026-07-14 09:50:28 INFO     strategy        PnL: 09:50:28 MTM=6.50 Profit=0.00%
2026-07-14 09:50:29 INFO     strategy        PnL: 09:50:29 MTM=39.00 Profit=0.01%
2026-07-14 09:50:30 INFO     strategy        PnL: 09:50:30 MTM=9.75 Profit=0.00%
2026-07-14 09:50:31 INFO     strategy        PnL: 09:50:31 MTM=78.00 Profit=0.01%
2026-07-14 09:50:32 INFO     strategy        PnL: 09:50:32 MTM=52.00 Profit=0.01%
2026-07-14 09:50:33 INFO     strategy        PnL: 09:50:33 MTM=-19.50 Loss=0.00%
2026-07-14 09:50:34 INFO     strategy        PnL: 09:50:34 MTM=6.50 Profit=0.00%
2026-07-14 09:50:35 INFO     strategy        PnL: 09:50:35 MTM=94.25 Profit=0.01%
2026-07-14 09:50:36 INFO     strategy        PnL: 09:50:36 MTM=13.00 Profit=0.00%
2026-07-14 09:50:37 INFO     strategy        PnL: 09:50:37 MTM=16.25 Profit=0.00%
2026-07-14 09:50:38 INFO     strategy        PnL: 09:50:38 MTM=22.75 Profit=0.00%
2026-07-14 09:50:39 INFO     strategy        PnL: 09:50:39 MTM=71.50 Profit=0.01%
2026-07-14 09:50:41 INFO     strategy        PnL: 09:50:41 MTM=61.75 Profit=0.01%
2026-07-14 09:50:42 INFO     strategy        PnL: 09:50:42 MTM=58.50 Profit=0.01%
2026-07-14 09:50:43 INFO     strategy        PnL: 09:50:43 MTM=55.25 Profit=0.01%
2026-07-14 09:50:44 INFO     strategy        PnL: 09:50:44 MTM=-3.25 Loss=0.00%
2026-07-14 09:50:45 INFO     strategy        PnL: 09:50:45 MTM=45.50 Profit=0.01%
2026-07-14 09:50:46 INFO     strategy        PnL: 09:50:46 MTM=91.00 Profit=0.01%
2026-07-14 09:50:47 INFO     strategy        PnL: 09:50:47 MTM=104.00 Profit=0.02%
2026-07-14 09:50:48 INFO     strategy        PnL: 09:50:48 MTM=152.75 Profit=0.02%
2026-07-14 09:50:49 INFO     strategy        PnL: 09:50:49 MTM=110.50 Profit=0.02%
2026-07-14 09:50:50 INFO     strategy        PnL: 09:50:50 MTM=110.50 Profit=0.02%
2026-07-14 09:50:51 INFO     strategy        PnL: 09:50:51 MTM=123.50 Profit=0.02%
2026-07-14 09:50:52 INFO     strategy        PnL: 09:50:52 MTM=110.50 Profit=0.02%
2026-07-14 09:50:53 INFO     strategy        PnL: 09:50:53 MTM=113.75 Profit=0.02%
2026-07-14 09:50:54 INFO     strategy        PnL: 09:50:54 MTM=185.25 Profit=0.03%
2026-07-14 09:50:55 INFO     strategy        PnL: 09:50:55 MTM=208.00 Profit=0.03%
2026-07-14 09:50:56 INFO     strategy        PnL: 09:50:56 MTM=217.75 Profit=0.03%
2026-07-14 09:50:57 INFO     strategy        PnL: 09:50:57 MTM=227.50 Profit=0.03%
2026-07-14 09:50:58 INFO     strategy        PnL: 09:50:58 MTM=198.25 Profit=0.03%
2026-07-14 09:50:59 INFO     strategy        PnL: 09:50:59 MTM=260.00 Profit=0.04%
2026-07-14 09:51:00 INFO     strategy        PnL: 09:51:00 MTM=211.25 Profit=0.03%
2026-07-14 09:51:01 INFO     strategy        PnL: 09:51:01 MTM=230.75 Profit=0.04%
2026-07-14 09:51:02 INFO     strategy        PnL: 09:51:02 MTM=230.75 Profit=0.04%
2026-07-14 09:51:03 INFO     strategy        PnL: 09:51:03 MTM=110.50 Profit=0.02%
2026-07-14 09:51:04 INFO     strategy        PnL: 09:51:04 MTM=162.50 Profit=0.02%
2026-07-14 09:51:05 INFO     strategy        PnL: 09:51:05 MTM=143.00 Profit=0.02%
2026-07-14 09:51:06 INFO     strategy        PnL: 09:51:06 MTM=152.75 Profit=0.02%
2026-07-14 09:51:07 INFO     strategy        PnL: 09:51:07 MTM=133.25 Profit=0.02%
2026-07-14 09:51:08 INFO     strategy        PnL: 09:51:08 MTM=113.75 Profit=0.02%
2026-07-14 09:51:09 INFO     strategy        PnL: 09:51:09 MTM=78.00 Profit=0.01%
2026-07-14 09:51:10 INFO     strategy        PnL: 09:51:10 MTM=107.25 Profit=0.02%
2026-07-14 09:51:11 INFO     strategy        PnL: 09:51:11 MTM=107.25 Profit=0.02%
2026-07-14 09:51:12 INFO     strategy        PnL: 09:51:12 MTM=117.00 Profit=0.02%
2026-07-14 09:51:13 INFO     strategy        PnL: 09:51:13 MTM=123.50 Profit=0.02%
2026-07-14 09:51:14 INFO     strategy        PnL: 09:51:14 MTM=204.75 Profit=0.03%
2026-07-14 09:51:15 INFO     strategy        PnL: 09:51:15 MTM=74.75 Profit=0.01%
2026-07-14 09:51:16 INFO     strategy        PnL: 09:51:16 MTM=133.25 Profit=0.02%
2026-07-14 09:51:17 INFO     strategy        PnL: 09:51:17 MTM=84.50 Profit=0.01%
2026-07-14 09:51:18 INFO     strategy        PnL: 09:51:18 MTM=94.25 Profit=0.01%
2026-07-14 09:51:19 INFO     strategy        PnL: 09:51:19 MTM=78.00 Profit=0.01%
2026-07-14 09:51:20 INFO     strategy        PnL: 09:51:20 MTM=58.50 Profit=0.01%
2026-07-14 09:51:21 INFO     strategy        PnL: 09:51:21 MTM=133.25 Profit=0.02%
2026-07-14 09:51:22 INFO     strategy        PnL: 09:51:22 MTM=58.50 Profit=0.01%
2026-07-14 09:51:23 INFO     strategy        PnL: 09:51:23 MTM=126.75 Profit=0.02%
2026-07-14 09:51:24 INFO     strategy        PnL: 09:51:24 MTM=94.25 Profit=0.01%
2026-07-14 09:51:25 INFO     strategy        PnL: 09:51:25 MTM=65.00 Profit=0.01%
2026-07-14 09:51:26 INFO     strategy        PnL: 09:51:26 MTM=123.50 Profit=0.02%
2026-07-14 09:51:27 INFO     strategy        PnL: 09:51:27 MTM=123.50 Profit=0.02%
2026-07-14 09:51:28 INFO     strategy        PnL: 09:51:28 MTM=91.00 Profit=0.01%
2026-07-14 09:51:29 INFO     strategy        PnL: 09:51:29 MTM=87.75 Profit=0.01%
2026-07-14 09:51:30 INFO     strategy        PnL: 09:51:30 MTM=162.50 Profit=0.02%
2026-07-14 09:51:31 INFO     strategy        PnL: 09:51:31 MTM=130.00 Profit=0.02%
2026-07-14 09:51:32 INFO     strategy        PnL: 09:51:32 MTM=162.50 Profit=0.02%
2026-07-14 09:51:33 INFO     strategy        PnL: 09:51:33 MTM=104.00 Profit=0.02%
2026-07-14 09:51:34 INFO     strategy        PnL: 09:51:34 MTM=136.50 Profit=0.02%
2026-07-14 09:51:35 INFO     strategy        PnL: 09:51:35 MTM=91.00 Profit=0.01%
2026-07-14 09:51:36 INFO     strategy        PnL: 09:51:36 MTM=58.50 Profit=0.01%
2026-07-14 09:51:37 INFO     strategy        PnL: 09:51:37 MTM=52.00 Profit=0.01%
2026-07-14 09:51:38 INFO     strategy        PnL: 09:51:38 MTM=55.25 Profit=0.01%
2026-07-14 09:51:39 INFO     strategy        PnL: 09:51:39 MTM=48.75 Profit=0.01%
2026-07-14 09:51:40 INFO     strategy        PnL: 09:51:40 MTM=52.00 Profit=0.01%
2026-07-14 09:51:41 INFO     strategy        PnL: 09:51:41 MTM=94.25 Profit=0.01%
2026-07-14 09:51:42 INFO     strategy        PnL: 09:51:42 MTM=110.50 Profit=0.02%
2026-07-14 09:51:43 INFO     strategy        PnL: 09:51:43 MTM=110.50 Profit=0.02%
2026-07-14 09:51:44 INFO     strategy        PnL: 09:51:44 MTM=61.75 Profit=0.01%
2026-07-14 09:51:45 INFO     strategy        PnL: 09:51:45 MTM=58.50 Profit=0.01%
2026-07-14 09:51:46 INFO     strategy        PnL: 09:51:46 MTM=74.75 Profit=0.01%
2026-07-14 09:51:47 INFO     strategy        PnL: 09:51:47 MTM=52.00 Profit=0.01%
2026-07-14 09:51:48 INFO     strategy        PnL: 09:51:48 MTM=45.50 Profit=0.01%
2026-07-14 09:51:49 INFO     strategy        PnL: 09:51:49 MTM=48.75 Profit=0.01%
2026-07-14 09:51:50 INFO     strategy        PnL: 09:51:50 MTM=22.75 Profit=0.00%
2026-07-14 09:51:51 INFO     strategy        PnL: 09:51:51 MTM=13.00 Profit=0.00%
2026-07-14 09:51:52 INFO     strategy        PnL: 09:51:52 MTM=3.25 Profit=0.00%
2026-07-14 09:51:53 INFO     strategy        PnL: 09:51:53 MTM=19.50 Profit=0.00%
2026-07-14 09:51:54 INFO     strategy        PnL: 09:51:54 MTM=74.75 Profit=0.01%
2026-07-14 09:51:55 INFO     strategy        PnL: 09:51:55 MTM=55.25 Profit=0.01%
2026-07-14 09:51:56 INFO     strategy        PnL: 09:51:56 MTM=29.25 Profit=0.00%
2026-07-14 09:51:57 INFO     strategy        PnL: 09:51:57 MTM=35.75 Profit=0.01%
2026-07-14 09:51:58 INFO     strategy        PnL: 09:51:58 MTM=29.25 Profit=0.00%
2026-07-14 09:51:59 INFO     strategy        PnL: 09:51:59 MTM=74.75 Profit=0.01%
2026-07-14 09:52:00 INFO     strategy        PnL: 09:52:00 MTM=74.75 Profit=0.01%
2026-07-14 09:52:01 INFO     strategy        PnL: 09:52:01 MTM=113.75 Profit=0.02%
2026-07-14 09:52:02 INFO     strategy        PnL: 09:52:02 MTM=58.50 Profit=0.01%
2026-07-14 09:52:03 INFO     strategy        PnL: 09:52:03 MTM=162.50 Profit=0.02%
2026-07-14 09:52:04 INFO     strategy        PnL: 09:52:04 MTM=94.25 Profit=0.01%
2026-07-14 09:52:05 INFO     strategy        PnL: 09:52:05 MTM=94.25 Profit=0.01%
2026-07-14 09:52:06 INFO     strategy        PnL: 09:52:06 MTM=133.25 Profit=0.02%
2026-07-14 09:52:07 INFO     strategy        PnL: 09:52:07 MTM=61.75 Profit=0.01%
2026-07-14 09:52:09 INFO     strategy        PnL: 09:52:08 MTM=87.75 Profit=0.01%
2026-07-14 09:52:10 INFO     strategy        PnL: 09:52:10 MTM=104.00 Profit=0.02%
2026-07-14 09:52:11 INFO     strategy        PnL: 09:52:11 MTM=175.50 Profit=0.03%
2026-07-14 09:52:12 INFO     strategy        PnL: 09:52:12 MTM=162.50 Profit=0.02%
2026-07-14 09:52:13 INFO     strategy        PnL: 09:52:13 MTM=139.75 Profit=0.02%
2026-07-14 09:52:14 INFO     strategy        PnL: 09:52:14 MTM=201.50 Profit=0.03%
2026-07-14 09:52:15 INFO     strategy        PnL: 09:52:15 MTM=159.25 Profit=0.02%
2026-07-14 09:52:16 INFO     strategy        PnL: 09:52:16 MTM=146.25 Profit=0.02%
2026-07-14 09:52:17 INFO     strategy        PnL: 09:52:17 MTM=136.50 Profit=0.02%
2026-07-14 09:52:18 INFO     strategy        PnL: 09:52:18 MTM=149.50 Profit=0.02%
2026-07-14 09:52:19 INFO     strategy        PnL: 09:52:19 MTM=113.75 Profit=0.02%
2026-07-14 09:52:20 INFO     strategy        PnL: 09:52:20 MTM=143.00 Profit=0.02%
2026-07-14 09:52:21 INFO     strategy        PnL: 09:52:21 MTM=48.75 Profit=0.01%
2026-07-14 09:52:22 INFO     strategy        PnL: 09:52:22 MTM=22.75 Profit=0.00%
2026-07-14 09:52:23 INFO     strategy        PnL: 09:52:23 MTM=0.00 Profit=0.00%
2026-07-14 09:52:24 INFO     strategy        PnL: 09:52:24 MTM=3.25 Profit=0.00%
2026-07-14 09:52:25 INFO     strategy        PnL: 09:52:25 MTM=22.75 Profit=0.00%
2026-07-14 09:52:26 INFO     strategy        PnL: 09:52:26 MTM=65.00 Profit=0.01%
2026-07-14 09:52:27 INFO     strategy        PnL: 09:52:27 MTM=9.75 Profit=0.00%
2026-07-14 09:52:28 INFO     strategy        PnL: 09:52:28 MTM=55.25 Profit=0.01%
2026-07-14 09:52:29 INFO     strategy        PnL: 09:52:29 MTM=78.00 Profit=0.01%
2026-07-14 09:52:30 INFO     strategy        PnL: 09:52:30 MTM=81.25 Profit=0.01%
2026-07-14 09:52:31 INFO     strategy        PnL: 09:52:31 MTM=91.00 Profit=0.01%
2026-07-14 09:52:32 INFO     strategy        PnL: 09:52:32 MTM=71.50 Profit=0.01%
2026-07-14 09:52:33 INFO     strategy        PnL: 09:52:33 MTM=61.75 Profit=0.01%
2026-07-14 09:52:34 INFO     strategy        PnL: 09:52:34 MTM=81.25 Profit=0.01%
2026-07-14 09:52:35 INFO     strategy        PnL: 09:52:35 MTM=91.00 Profit=0.01%
2026-07-14 09:52:36 INFO     strategy        PnL: 09:52:36 MTM=94.25 Profit=0.01%
2026-07-14 09:52:37 INFO     strategy        PnL: 09:52:37 MTM=39.00 Profit=0.01%
2026-07-14 09:52:38 INFO     strategy        PnL: 09:52:38 MTM=71.50 Profit=0.01%
2026-07-14 09:52:39 INFO     strategy        PnL: 09:52:39 MTM=71.50 Profit=0.01%
2026-07-14 09:52:40 INFO     strategy        PnL: 09:52:40 MTM=81.25 Profit=0.01%
2026-07-14 09:52:41 INFO     strategy        PnL: 09:52:41 MTM=61.75 Profit=0.01%
2026-07-14 09:52:42 INFO     strategy        PnL: 09:52:42 MTM=55.25 Profit=0.01%
2026-07-14 09:52:43 INFO     strategy        PnL: 09:52:43 MTM=22.75 Profit=0.00%
2026-07-14 09:52:44 INFO     strategy        PnL: 09:52:44 MTM=48.75 Profit=0.01%
2026-07-14 09:52:45 INFO     strategy        PnL: 09:52:45 MTM=74.75 Profit=0.01%
2026-07-14 09:52:46 INFO     strategy        PnL: 09:52:46 MTM=26.00 Profit=0.00%
2026-07-14 09:52:47 INFO     strategy        PnL: 09:52:47 MTM=81.25 Profit=0.01%
2026-07-14 09:52:48 INFO     strategy        PnL: 09:52:48 MTM=81.25 Profit=0.01%
2026-07-14 09:52:49 INFO     strategy        PnL: 09:52:49 MTM=65.00 Profit=0.01%
2026-07-14 09:52:50 INFO     strategy        PnL: 09:52:50 MTM=65.00 Profit=0.01%
2026-07-14 09:52:51 INFO     strategy        PnL: 09:52:51 MTM=68.25 Profit=0.01%
2026-07-14 09:52:52 INFO     strategy        PnL: 09:52:52 MTM=87.75 Profit=0.01%
2026-07-14 09:52:53 INFO     strategy        PnL: 09:52:53 MTM=149.50 Profit=0.02%
2026-07-14 09:52:54 INFO     strategy        PnL: 09:52:54 MTM=149.50 Profit=0.02%
2026-07-14 09:52:55 INFO     strategy        PnL: 09:52:55 MTM=130.00 Profit=0.02%
2026-07-14 09:52:56 INFO     strategy        PnL: 09:52:56 MTM=156.00 Profit=0.02%
2026-07-14 09:52:57 INFO     strategy        PnL: 09:52:57 MTM=201.50 Profit=0.03%
2026-07-14 09:52:58 INFO     strategy        PnL: 09:52:58 MTM=149.50 Profit=0.02%
2026-07-14 09:52:59 INFO     strategy        PnL: 09:52:59 MTM=182.00 Profit=0.03%
2026-07-14 09:53:00 INFO     strategy        PnL: 09:53:00 MTM=224.25 Profit=0.03%
2026-07-14 09:53:01 INFO     strategy        PnL: 09:53:01 MTM=195.00 Profit=0.03%
2026-07-14 09:53:02 INFO     strategy        PnL: 09:53:02 MTM=217.75 Profit=0.03%
2026-07-14 09:53:03 INFO     strategy        PnL: 09:53:03 MTM=208.00 Profit=0.03%
2026-07-14 09:53:04 INFO     strategy        PnL: 09:53:04 MTM=253.50 Profit=0.04%
2026-07-14 09:53:05 INFO     strategy        PnL: 09:53:05 MTM=198.25 Profit=0.03%
2026-07-14 09:53:06 INFO     strategy        PnL: 09:53:06 MTM=282.75 Profit=0.04%
2026-07-14 09:53:07 INFO     strategy        PnL: 09:53:07 MTM=130.00 Profit=0.02%
2026-07-14 09:53:08 INFO     strategy        PnL: 09:53:08 MTM=156.00 Profit=0.02%
2026-07-14 09:53:09 INFO     strategy        PnL: 09:53:09 MTM=133.25 Profit=0.02%
2026-07-14 09:53:10 INFO     strategy        PnL: 09:53:10 MTM=175.50 Profit=0.03%
2026-07-14 09:53:11 INFO     strategy        PnL: 09:53:11 MTM=191.75 Profit=0.03%
2026-07-14 09:53:12 INFO     strategy        PnL: 09:53:12 MTM=152.75 Profit=0.02%
2026-07-14 09:53:13 INFO     strategy        PnL: 09:53:13 MTM=178.75 Profit=0.03%
2026-07-14 09:53:14 INFO     strategy        PnL: 09:53:14 MTM=162.50 Profit=0.02%
2026-07-14 09:53:15 INFO     strategy        PnL: 09:53:15 MTM=175.50 Profit=0.03%
2026-07-14 09:53:16 INFO     strategy        PnL: 09:53:16 MTM=152.75 Profit=0.02%
2026-07-14 09:53:17 INFO     strategy        PnL: 09:53:17 MTM=188.50 Profit=0.03%
2026-07-14 09:53:18 INFO     strategy        PnL: 09:53:18 MTM=169.00 Profit=0.03%
2026-07-14 09:53:19 INFO     strategy        PnL: 09:53:19 MTM=214.50 Profit=0.03%
2026-07-14 09:53:20 INFO     strategy        PnL: 09:53:20 MTM=162.50 Profit=0.02%
2026-07-14 09:53:21 INFO     strategy        PnL: 09:53:21 MTM=195.00 Profit=0.03%
2026-07-14 09:53:22 INFO     strategy        PnL: 09:53:22 MTM=169.00 Profit=0.03%
2026-07-14 09:53:23 INFO     strategy        PnL: 09:53:23 MTM=162.50 Profit=0.02%
2026-07-14 09:53:24 INFO     strategy        PnL: 09:53:24 MTM=126.75 Profit=0.02%
2026-07-14 09:53:25 INFO     strategy        PnL: 09:53:25 MTM=159.25 Profit=0.02%
2026-07-14 09:53:26 INFO     strategy        PnL: 09:53:26 MTM=110.50 Profit=0.02%
2026-07-14 09:53:27 INFO     strategy        PnL: 09:53:27 MTM=130.00 Profit=0.02%
2026-07-14 09:53:28 INFO     strategy        PnL: 09:53:28 MTM=91.00 Profit=0.01%
2026-07-14 09:53:29 INFO     strategy        PnL: 09:53:29 MTM=94.25 Profit=0.01%
2026-07-14 09:53:30 INFO     strategy        PnL: 09:53:30 MTM=100.75 Profit=0.02%
2026-07-14 09:53:31 INFO     strategy        PnL: 09:53:31 MTM=81.25 Profit=0.01%
2026-07-14 09:53:33 INFO     strategy        PnL: 09:53:33 MTM=84.50 Profit=0.01%
2026-07-14 09:53:34 INFO     strategy        PnL: 09:53:34 MTM=94.25 Profit=0.01%
2026-07-14 09:53:35 INFO     strategy        PnL: 09:53:35 MTM=136.50 Profit=0.02%
2026-07-14 09:53:36 INFO     strategy        PnL: 09:53:36 MTM=120.25 Profit=0.02%
2026-07-14 09:53:37 INFO     strategy        PnL: 09:53:37 MTM=91.00 Profit=0.01%
2026-07-14 09:53:38 INFO     strategy        PnL: 09:53:38 MTM=149.50 Profit=0.02%
2026-07-14 09:53:39 INFO     strategy        PnL: 09:53:39 MTM=104.00 Profit=0.02%
2026-07-14 09:53:40 INFO     strategy        PnL: 09:53:40 MTM=97.50 Profit=0.01%
2026-07-14 09:53:41 INFO     strategy        PnL: 09:53:41 MTM=100.75 Profit=0.02%
2026-07-14 09:53:42 INFO     strategy        PnL: 09:53:42 MTM=146.25 Profit=0.02%
2026-07-14 09:53:43 INFO     strategy        PnL: 09:53:43 MTM=104.00 Profit=0.02%
2026-07-14 09:53:44 INFO     strategy        PnL: 09:53:44 MTM=172.25 Profit=0.03%
2026-07-14 09:53:45 INFO     strategy        PnL: 09:53:45 MTM=146.25 Profit=0.02%
2026-07-14 09:53:46 INFO     strategy        PnL: 09:53:46 MTM=156.00 Profit=0.02%
2026-07-14 09:53:47 INFO     strategy        PnL: 09:53:47 MTM=146.25 Profit=0.02%
2026-07-14 09:53:48 INFO     strategy        PnL: 09:53:48 MTM=130.00 Profit=0.02%
2026-07-14 09:53:49 INFO     strategy        PnL: 09:53:49 MTM=162.50 Profit=0.02%
2026-07-14 09:53:50 INFO     strategy        PnL: 09:53:50 MTM=159.25 Profit=0.02%
2026-07-14 09:53:51 INFO     strategy        PnL: 09:53:51 MTM=126.75 Profit=0.02%
2026-07-14 09:53:52 INFO     strategy        PnL: 09:53:52 MTM=126.75 Profit=0.02%
2026-07-14 09:53:53 INFO     strategy        PnL: 09:53:53 MTM=94.25 Profit=0.01%
2026-07-14 09:53:54 INFO     strategy        PnL: 09:53:54 MTM=68.25 Profit=0.01%
2026-07-14 09:53:55 INFO     strategy        PnL: 09:53:55 MTM=120.25 Profit=0.02%
2026-07-14 09:53:56 INFO     strategy        PnL: 09:53:56 MTM=58.50 Profit=0.01%
2026-07-14 09:53:57 INFO     strategy        PnL: 09:53:57 MTM=94.25 Profit=0.01%
2026-07-14 09:53:58 INFO     strategy        PnL: 09:53:58 MTM=58.50 Profit=0.01%
2026-07-14 09:53:59 INFO     strategy        PnL: 09:53:59 MTM=42.25 Profit=0.01%
2026-07-14 09:54:00 INFO     strategy        PnL: 09:54:00 MTM=55.25 Profit=0.01%
2026-07-14 09:54:01 INFO     strategy        PnL: 09:54:01 MTM=113.75 Profit=0.02%
2026-07-14 09:54:02 INFO     strategy        PnL: 09:54:02 MTM=71.50 Profit=0.01%
2026-07-14 09:54:03 INFO     strategy        PnL: 09:54:03 MTM=9.75 Profit=0.00%
2026-07-14 09:54:04 INFO     strategy        PnL: 09:54:04 MTM=104.00 Profit=0.02%
2026-07-14 09:54:05 INFO     strategy        PnL: 09:54:05 MTM=39.00 Profit=0.01%
2026-07-14 09:54:06 INFO     strategy        PnL: 09:54:06 MTM=16.25 Profit=0.00%
2026-07-14 09:54:07 INFO     strategy        PnL: 09:54:07 MTM=74.75 Profit=0.01%
2026-07-14 09:54:08 INFO     strategy        PnL: 09:54:08 MTM=32.50 Profit=0.00%
2026-07-14 09:54:09 INFO     strategy        PnL: 09:54:09 MTM=55.25 Profit=0.01%
2026-07-14 09:54:10 INFO     strategy        PnL: 09:54:10 MTM=84.50 Profit=0.01%
2026-07-14 09:54:11 INFO     strategy        PnL: 09:54:11 MTM=3.25 Profit=0.00%
2026-07-14 09:54:12 INFO     strategy        PnL: 09:54:12 MTM=48.75 Profit=0.01%
2026-07-14 09:54:13 INFO     strategy        PnL: 09:54:13 MTM=9.75 Profit=0.00%
2026-07-14 09:54:14 INFO     strategy        PnL: 09:54:14 MTM=16.25 Profit=0.00%
2026-07-14 09:54:15 INFO     strategy        PnL: 09:54:15 MTM=39.00 Profit=0.01%
2026-07-14 09:54:16 INFO     strategy        PnL: 09:54:16 MTM=55.25 Profit=0.01%
2026-07-14 09:54:17 INFO     strategy        PnL: 09:54:17 MTM=48.75 Profit=0.01%
2026-07-14 09:54:18 INFO     strategy        PnL: 09:54:18 MTM=-16.25 Loss=0.00%
2026-07-14 09:54:19 INFO     strategy        PnL: 09:54:19 MTM=97.50 Profit=0.01%
2026-07-14 09:54:20 INFO     strategy        PnL: 09:54:20 MTM=19.50 Profit=0.00%
2026-07-14 09:54:21 INFO     strategy        PnL: 09:54:21 MTM=3.25 Profit=0.00%
2026-07-14 09:54:22 INFO     strategy        PnL: 09:54:22 MTM=19.50 Profit=0.00%
2026-07-14 09:54:23 INFO     strategy        PnL: 09:54:23 MTM=-13.00 Loss=0.00%
2026-07-14 09:54:24 INFO     strategy        PnL: 09:54:24 MTM=22.75 Profit=0.00%
2026-07-14 09:54:25 INFO     strategy        PnL: 09:54:25 MTM=19.50 Profit=0.00%
2026-07-14 09:54:26 INFO     strategy        PnL: 09:54:26 MTM=29.25 Profit=0.00%
2026-07-14 09:54:27 INFO     strategy        PnL: 09:54:27 MTM=-3.25 Loss=0.00%
2026-07-14 09:54:28 INFO     strategy        PnL: 09:54:28 MTM=16.25 Profit=0.00%
2026-07-14 09:54:29 INFO     strategy        PnL: 09:54:29 MTM=29.25 Profit=0.00%
2026-07-14 09:54:30 INFO     strategy        PnL: 09:54:30 MTM=3.25 Profit=0.00%
2026-07-14 09:54:31 INFO     strategy        PnL: 09:54:31 MTM=29.25 Profit=0.00%
2026-07-14 09:54:32 INFO     strategy        PnL: 09:54:32 MTM=71.50 Profit=0.01%
2026-07-14 09:54:33 INFO     strategy        PnL: 09:54:33 MTM=-3.25 Loss=0.00%
2026-07-14 09:54:34 INFO     strategy        PnL: 09:54:34 MTM=-3.25 Loss=0.00%
2026-07-14 09:54:35 INFO     strategy        PnL: 09:54:35 MTM=13.00 Profit=0.00%
2026-07-14 09:54:36 INFO     strategy        PnL: 09:54:36 MTM=-9.75 Loss=0.00%
2026-07-14 09:54:37 INFO     strategy        PnL: 09:54:37 MTM=22.75 Profit=0.00%
2026-07-14 09:54:38 INFO     strategy        PnL: 09:54:38 MTM=9.75 Profit=0.00%
2026-07-14 09:54:39 INFO     strategy        PnL: 09:54:39 MTM=-29.25 Loss=0.00%
2026-07-14 09:54:40 INFO     strategy        PnL: 09:54:40 MTM=58.50 Profit=0.01%
2026-07-14 09:54:41 INFO     strategy        PnL: 09:54:41 MTM=-16.25 Loss=0.00%
2026-07-14 09:54:42 INFO     strategy        PnL: 09:54:42 MTM=45.50 Profit=0.01%
2026-07-14 09:54:43 INFO     strategy        PnL: 09:54:43 MTM=26.00 Profit=0.00%
2026-07-14 09:54:44 INFO     strategy        PnL: 09:54:44 MTM=74.75 Profit=0.01%
2026-07-14 09:54:45 INFO     strategy        PnL: 09:54:45 MTM=55.25 Profit=0.01%
2026-07-14 09:54:46 INFO     strategy        PnL: 09:54:46 MTM=61.75 Profit=0.01%
2026-07-14 09:54:47 INFO     strategy        PnL: 09:54:47 MTM=52.00 Profit=0.01%
2026-07-14 09:54:48 INFO     strategy        PnL: 09:54:48 MTM=61.75 Profit=0.01%
2026-07-14 09:54:49 INFO     strategy        PnL: 09:54:49 MTM=16.25 Profit=0.00%
2026-07-14 09:54:51 INFO     strategy        PnL: 09:54:51 MTM=32.50 Profit=0.00%
2026-07-14 09:54:52 INFO     strategy        PnL: 09:54:52 MTM=55.25 Profit=0.01%
2026-07-14 09:54:53 INFO     strategy        PnL: 09:54:53 MTM=42.25 Profit=0.01%
2026-07-14 09:54:54 INFO     strategy        PnL: 09:54:54 MTM=13.00 Profit=0.00%
2026-07-14 09:54:55 INFO     strategy        PnL: 09:54:55 MTM=19.50 Profit=0.00%
2026-07-14 09:54:56 INFO     strategy        PnL: 09:54:56 MTM=3.25 Profit=0.00%
2026-07-14 09:54:57 INFO     strategy        PnL: 09:54:57 MTM=-32.50 Loss=0.00%
2026-07-14 09:54:58 INFO     strategy        PnL: 09:54:58 MTM=-16.25 Loss=0.00%
2026-07-14 09:54:59 INFO     strategy        PnL: 09:54:59 MTM=-0.00 Loss=0.00%
2026-07-14 09:55:00 INFO     strategy        PnL: 09:55:00 MTM=-58.50 Loss=0.01%
2026-07-14 09:55:01 INFO     strategy        PnL: 09:55:01 MTM=48.75 Profit=0.01%
2026-07-14 09:55:02 INFO     strategy        PnL: 09:55:02 MTM=84.50 Profit=0.01%
2026-07-14 09:55:03 INFO     strategy        PnL: 09:55:03 MTM=81.25 Profit=0.01%
2026-07-14 09:55:04 INFO     strategy        PnL: 09:55:04 MTM=71.50 Profit=0.01%
2026-07-14 09:55:05 INFO     strategy        PnL: 09:55:05 MTM=45.50 Profit=0.01%
2026-07-14 09:55:06 INFO     strategy        PnL: 09:55:06 MTM=94.25 Profit=0.01%
2026-07-14 09:55:07 INFO     strategy        PnL: 09:55:07 MTM=65.00 Profit=0.01%
2026-07-14 09:55:08 INFO     strategy        PnL: 09:55:08 MTM=74.75 Profit=0.01%
2026-07-14 09:55:09 INFO     strategy        PnL: 09:55:09 MTM=104.00 Profit=0.02%
2026-07-14 09:55:10 INFO     strategy        PnL: 09:55:10 MTM=78.00 Profit=0.01%
2026-07-14 09:55:11 INFO     strategy        PnL: 09:55:11 MTM=156.00 Profit=0.02%
2026-07-14 09:55:12 INFO     strategy        PnL: 09:55:12 MTM=123.50 Profit=0.02%
2026-07-14 09:55:13 INFO     strategy        PnL: 09:55:13 MTM=87.75 Profit=0.01%
2026-07-14 09:55:14 INFO     strategy        PnL: 09:55:14 MTM=81.25 Profit=0.01%
2026-07-14 09:55:15 INFO     strategy        PnL: 09:55:15 MTM=123.50 Profit=0.02%
2026-07-14 09:55:16 INFO     strategy        PnL: 09:55:16 MTM=104.00 Profit=0.02%
2026-07-14 09:55:18 INFO     strategy        PnL: 09:55:18 MTM=117.00 Profit=0.02%
2026-07-14 09:55:19 INFO     strategy        PnL: 09:55:19 MTM=110.50 Profit=0.02%
2026-07-14 09:55:20 INFO     strategy        PnL: 09:55:20 MTM=74.75 Profit=0.01%
2026-07-14 09:55:21 INFO     strategy        PnL: 09:55:21 MTM=68.25 Profit=0.01%
2026-07-14 09:55:22 INFO     strategy        PnL: 09:55:22 MTM=146.25 Profit=0.02%
2026-07-14 09:55:23 INFO     strategy        PnL: 09:55:23 MTM=71.50 Profit=0.01%
2026-07-14 09:55:24 INFO     strategy        PnL: 09:55:24 MTM=91.00 Profit=0.01%
2026-07-14 09:55:25 INFO     strategy        PnL: 09:55:25 MTM=107.25 Profit=0.02%
2026-07-14 09:55:26 INFO     strategy        PnL: 09:55:26 MTM=123.50 Profit=0.02%
2026-07-14 09:55:27 INFO     strategy        PnL: 09:55:27 MTM=117.00 Profit=0.02%
2026-07-14 09:55:28 INFO     strategy        PnL: 09:55:28 MTM=117.00 Profit=0.02%
2026-07-14 09:55:29 INFO     strategy        PnL: 09:55:29 MTM=146.25 Profit=0.02%
2026-07-14 09:55:30 INFO     strategy        PnL: 09:55:30 MTM=78.00 Profit=0.01%
2026-07-14 09:55:31 INFO     strategy        PnL: 09:55:31 MTM=224.25 Profit=0.03%
2026-07-14 09:55:32 INFO     strategy        PnL: 09:55:32 MTM=113.75 Profit=0.02%
2026-07-14 09:55:33 INFO     strategy        PnL: 09:55:33 MTM=178.75 Profit=0.03%
2026-07-14 09:55:34 INFO     strategy        PnL: 09:55:34 MTM=286.00 Profit=0.04%
2026-07-14 09:55:35 INFO     strategy        PnL: 09:55:35 MTM=188.50 Profit=0.03%
2026-07-14 09:55:36 INFO     strategy        PnL: 09:55:36 MTM=204.75 Profit=0.03%
2026-07-14 09:55:37 INFO     strategy        PnL: 09:55:37 MTM=185.25 Profit=0.03%
2026-07-14 09:55:38 INFO     strategy        PnL: 09:55:38 MTM=195.00 Profit=0.03%
2026-07-14 09:55:39 INFO     strategy        PnL: 09:55:39 MTM=318.50 Profit=0.05%
2026-07-14 09:55:40 INFO     strategy        PnL: 09:55:40 MTM=234.00 Profit=0.04%
2026-07-14 09:55:41 INFO     strategy        PnL: 09:55:41 MTM=247.00 Profit=0.04%
2026-07-14 09:55:42 INFO     strategy        PnL: 09:55:42 MTM=315.25 Profit=0.05%
2026-07-14 09:55:43 INFO     strategy        PnL: 09:55:43 MTM=195.00 Profit=0.03%
2026-07-14 09:55:44 INFO     strategy        PnL: 09:55:44 MTM=273.00 Profit=0.04%
2026-07-14 09:55:45 INFO     strategy        PnL: 09:55:45 MTM=273.00 Profit=0.04%
2026-07-14 09:55:46 INFO     strategy        PnL: 09:55:46 MTM=289.25 Profit=0.04%
2026-07-14 09:55:47 INFO     strategy        PnL: 09:55:47 MTM=211.25 Profit=0.03%
2026-07-14 09:55:48 INFO     strategy        PnL: 09:55:48 MTM=240.50 Profit=0.04%
2026-07-14 09:55:49 INFO     strategy        PnL: 09:55:49 MTM=234.00 Profit=0.04%
2026-07-14 09:55:50 INFO     strategy        PnL: 09:55:50 MTM=302.25 Profit=0.05%
2026-07-14 09:55:51 INFO     strategy        PnL: 09:55:51 MTM=328.25 Profit=0.05%
2026-07-14 09:55:52 INFO     strategy        PnL: 09:55:52 MTM=299.00 Profit=0.05%
2026-07-14 09:55:53 INFO     strategy        PnL: 09:55:53 MTM=308.75 Profit=0.05%
2026-07-14 09:55:54 INFO     strategy        PnL: 09:55:54 MTM=276.25 Profit=0.04%
2026-07-14 09:55:55 INFO     strategy        PnL: 09:55:55 MTM=234.00 Profit=0.04%
2026-07-14 09:55:56 INFO     strategy        PnL: 09:55:56 MTM=273.00 Profit=0.04%
2026-07-14 09:55:57 INFO     strategy        PnL: 09:55:57 MTM=256.75 Profit=0.04%
2026-07-14 09:55:59 INFO     strategy        PnL: 09:55:58 MTM=237.25 Profit=0.04%
2026-07-14 09:56:00 INFO     strategy        PnL: 09:56:00 MTM=243.75 Profit=0.04%
2026-07-14 09:56:01 INFO     strategy        PnL: 09:56:01 MTM=292.50 Profit=0.04%
2026-07-14 09:56:02 INFO     strategy        PnL: 09:56:02 MTM=325.00 Profit=0.05%
2026-07-14 09:56:03 INFO     strategy        PnL: 09:56:03 MTM=295.75 Profit=0.05%
2026-07-14 09:56:04 INFO     strategy        PnL: 09:56:04 MTM=273.00 Profit=0.04%
2026-07-14 09:56:05 INFO     strategy        PnL: 09:56:05 MTM=224.25 Profit=0.03%
2026-07-14 09:56:06 INFO     strategy        PnL: 09:56:06 MTM=230.75 Profit=0.04%
2026-07-14 09:56:07 INFO     strategy        PnL: 09:56:07 MTM=211.25 Profit=0.03%
2026-07-14 09:56:08 INFO     strategy        PnL: 09:56:08 MTM=295.75 Profit=0.05%
2026-07-14 09:56:09 INFO     strategy        PnL: 09:56:09 MTM=253.50 Profit=0.04%
2026-07-14 09:56:10 INFO     strategy        PnL: 09:56:10 MTM=253.50 Profit=0.04%
2026-07-14 09:56:11 INFO     strategy        PnL: 09:56:11 MTM=347.75 Profit=0.05%
2026-07-14 09:56:12 INFO     strategy        PnL: 09:56:12 MTM=334.75 Profit=0.05%
2026-07-14 09:56:13 INFO     strategy        PnL: 09:56:13 MTM=299.00 Profit=0.05%
2026-07-14 09:56:14 INFO     strategy        PnL: 09:56:14 MTM=279.50 Profit=0.04%
2026-07-14 09:56:15 INFO     strategy        PnL: 09:56:15 MTM=217.75 Profit=0.03%
2026-07-14 09:56:16 INFO     strategy        PnL: 09:56:16 MTM=334.75 Profit=0.05%
2026-07-14 09:56:17 INFO     strategy        PnL: 09:56:17 MTM=237.25 Profit=0.04%
2026-07-14 09:56:18 INFO     strategy        PnL: 09:56:18 MTM=286.00 Profit=0.04%
2026-07-14 09:56:19 INFO     strategy        PnL: 09:56:19 MTM=282.75 Profit=0.04%
2026-07-14 09:56:20 INFO     strategy        PnL: 09:56:20 MTM=289.25 Profit=0.04%
2026-07-14 09:56:21 INFO     strategy        PnL: 09:56:21 MTM=247.00 Profit=0.04%
2026-07-14 09:56:22 INFO     strategy        PnL: 09:56:22 MTM=357.50 Profit=0.05%
2026-07-14 09:56:23 INFO     strategy        PnL: 09:56:23 MTM=328.25 Profit=0.05%
2026-07-14 09:56:24 INFO     strategy        PnL: 09:56:24 MTM=331.50 Profit=0.05%
2026-07-14 09:56:25 INFO     strategy        PnL: 09:56:25 MTM=328.25 Profit=0.05%
2026-07-14 09:56:26 INFO     strategy        PnL: 09:56:26 MTM=334.75 Profit=0.05%
2026-07-14 09:56:28 INFO     strategy        PnL: 09:56:28 MTM=331.50 Profit=0.05%
2026-07-14 09:56:29 INFO     strategy        PnL: 09:56:29 MTM=383.50 Profit=0.06%
2026-07-14 09:56:30 INFO     strategy        PnL: 09:56:30 MTM=354.25 Profit=0.05%
2026-07-14 09:56:31 INFO     strategy        PnL: 09:56:31 MTM=386.75 Profit=0.06%
2026-07-14 09:56:32 INFO     strategy        PnL: 09:56:32 MTM=328.25 Profit=0.05%
2026-07-14 09:56:33 INFO     strategy        PnL: 09:56:33 MTM=321.75 Profit=0.05%
2026-07-14 09:56:34 INFO     strategy        PnL: 09:56:34 MTM=338.00 Profit=0.05%
2026-07-14 09:56:35 INFO     strategy        PnL: 09:56:35 MTM=344.50 Profit=0.05%
2026-07-14 09:56:36 INFO     strategy        PnL: 09:56:36 MTM=347.75 Profit=0.05%
2026-07-14 09:56:37 INFO     strategy        PnL: 09:56:37 MTM=341.25 Profit=0.05%
2026-07-14 09:56:38 INFO     strategy        PnL: 09:56:38 MTM=237.25 Profit=0.04%
2026-07-14 09:56:39 INFO     strategy        PnL: 09:56:39 MTM=201.50 Profit=0.03%
2026-07-14 09:56:40 INFO     strategy        PnL: 09:56:40 MTM=182.00 Profit=0.03%
2026-07-14 09:56:41 INFO     strategy        PnL: 09:56:41 MTM=178.75 Profit=0.03%
2026-07-14 09:56:42 INFO     strategy        PnL: 09:56:42 MTM=152.75 Profit=0.02%
2026-07-14 09:56:43 INFO     strategy        PnL: 09:56:43 MTM=172.25 Profit=0.03%
2026-07-14 09:56:44 INFO     strategy        PnL: 09:56:44 MTM=178.75 Profit=0.03%
2026-07-14 09:56:45 INFO     strategy        PnL: 09:56:45 MTM=204.75 Profit=0.03%
2026-07-14 09:56:46 INFO     strategy        PnL: 09:56:46 MTM=149.50 Profit=0.02%
2026-07-14 09:56:47 INFO     strategy        PnL: 09:56:47 MTM=185.25 Profit=0.03%
2026-07-14 09:56:48 INFO     strategy        PnL: 09:56:48 MTM=217.75 Profit=0.03%
2026-07-14 09:56:49 INFO     strategy        PnL: 09:56:49 MTM=217.75 Profit=0.03%
2026-07-14 09:56:50 INFO     strategy        PnL: 09:56:50 MTM=191.75 Profit=0.03%
2026-07-14 09:56:51 INFO     strategy        PnL: 09:56:51 MTM=221.00 Profit=0.03%
2026-07-14 09:56:52 INFO     strategy        PnL: 09:56:52 MTM=237.25 Profit=0.04%
2026-07-14 09:56:53 INFO     strategy        PnL: 09:56:53 MTM=250.25 Profit=0.04%
2026-07-14 09:56:54 INFO     strategy        PnL: 09:56:54 MTM=266.50 Profit=0.04%
2026-07-14 09:56:55 INFO     strategy        PnL: 09:56:55 MTM=227.50 Profit=0.03%
2026-07-14 09:56:56 INFO     strategy        PnL: 09:56:56 MTM=240.50 Profit=0.04%
2026-07-14 09:56:57 INFO     strategy        PnL: 09:56:57 MTM=260.00 Profit=0.04%
2026-07-14 09:56:58 INFO     strategy        PnL: 09:56:58 MTM=221.00 Profit=0.03%
2026-07-14 09:56:59 INFO     strategy        PnL: 09:56:59 MTM=230.75 Profit=0.04%
2026-07-14 09:57:01 INFO     strategy        PnL: 09:57:00 MTM=201.50 Profit=0.03%
2026-07-14 09:57:02 INFO     strategy        PnL: 09:57:02 MTM=240.50 Profit=0.04%
2026-07-14 09:57:03 INFO     strategy        PnL: 09:57:03 MTM=237.25 Profit=0.04%
2026-07-14 09:57:04 INFO     strategy        PnL: 09:57:04 MTM=357.50 Profit=0.05%
2026-07-14 09:57:05 INFO     strategy        PnL: 09:57:05 MTM=302.25 Profit=0.05%
2026-07-14 09:57:06 INFO     strategy        PnL: 09:57:06 MTM=266.50 Profit=0.04%
2026-07-14 09:57:07 INFO     strategy        PnL: 09:57:07 MTM=230.75 Profit=0.04%
2026-07-14 09:57:08 INFO     strategy        PnL: 09:57:08 MTM=305.50 Profit=0.05%
2026-07-14 09:57:09 INFO     strategy        PnL: 09:57:09 MTM=266.50 Profit=0.04%
2026-07-14 09:57:10 INFO     strategy        PnL: 09:57:10 MTM=237.25 Profit=0.04%
2026-07-14 09:57:11 INFO     strategy        PnL: 09:57:11 MTM=204.75 Profit=0.03%
2026-07-14 09:57:12 INFO     strategy        PnL: 09:57:12 MTM=263.25 Profit=0.04%
2026-07-14 09:57:13 INFO     strategy        PnL: 09:57:13 MTM=269.75 Profit=0.04%
2026-07-14 09:57:14 INFO     strategy        PnL: 09:57:14 MTM=247.00 Profit=0.04%
2026-07-14 09:57:15 INFO     strategy        PnL: 09:57:15 MTM=165.75 Profit=0.03%
2026-07-14 09:57:16 INFO     strategy        PnL: 09:57:16 MTM=182.00 Profit=0.03%
2026-07-14 09:57:17 INFO     strategy        PnL: 09:57:17 MTM=237.25 Profit=0.04%
2026-07-14 09:57:18 INFO     strategy        PnL: 09:57:18 MTM=175.50 Profit=0.03%
2026-07-14 09:57:19 INFO     strategy        PnL: 09:57:19 MTM=217.75 Profit=0.03%
2026-07-14 09:57:20 INFO     strategy        PnL: 09:57:20 MTM=136.50 Profit=0.02%
2026-07-14 09:57:21 INFO     strategy        PnL: 09:57:21 MTM=185.25 Profit=0.03%
2026-07-14 09:57:22 INFO     strategy        PnL: 09:57:22 MTM=139.75 Profit=0.02%
2026-07-14 09:57:23 INFO     strategy        PnL: 09:57:23 MTM=188.50 Profit=0.03%
2026-07-14 09:57:24 INFO     strategy        PnL: 09:57:24 MTM=178.75 Profit=0.03%
2026-07-14 09:57:25 INFO     strategy        PnL: 09:57:25 MTM=165.75 Profit=0.03%
2026-07-14 09:57:26 INFO     strategy        PnL: 09:57:26 MTM=139.75 Profit=0.02%
2026-07-14 09:57:27 INFO     strategy        PnL: 09:57:27 MTM=94.25 Profit=0.01%
2026-07-14 09:57:28 INFO     strategy        PnL: 09:57:28 MTM=45.50 Profit=0.01%
2026-07-14 09:57:29 INFO     strategy        PnL: 09:57:29 MTM=104.00 Profit=0.02%
2026-07-14 09:57:30 INFO     strategy        PnL: 09:57:30 MTM=13.00 Profit=0.00%
2026-07-14 09:57:31 INFO     strategy        PnL: 09:57:31 MTM=32.50 Profit=0.00%
2026-07-14 09:57:32 INFO     strategy        PnL: 09:57:32 MTM=26.00 Profit=0.00%
2026-07-14 09:57:33 INFO     strategy        PnL: 09:57:33 MTM=58.50 Profit=0.01%
2026-07-14 09:57:34 INFO     strategy        PnL: 09:57:34 MTM=94.25 Profit=0.01%
2026-07-14 09:57:35 INFO     strategy        PnL: 09:57:35 MTM=65.00 Profit=0.01%
2026-07-14 09:57:36 INFO     strategy        PnL: 09:57:36 MTM=6.50 Profit=0.00%
2026-07-14 09:57:37 INFO     strategy        PnL: 09:57:37 MTM=22.75 Profit=0.00%
2026-07-14 09:57:38 INFO     strategy        PnL: 09:57:38 MTM=35.75 Profit=0.01%
2026-07-14 09:57:39 INFO     strategy        PnL: 09:57:39 MTM=48.75 Profit=0.01%
2026-07-14 09:57:40 INFO     strategy        PnL: 09:57:40 MTM=74.75 Profit=0.01%
2026-07-14 09:57:41 INFO     strategy        PnL: 09:57:41 MTM=42.25 Profit=0.01%
2026-07-14 09:57:42 INFO     strategy        PnL: 09:57:42 MTM=-16.25 Loss=0.00%
2026-07-14 09:57:43 INFO     strategy        PnL: 09:57:43 MTM=26.00 Profit=0.00%
2026-07-14 09:57:44 INFO     strategy        PnL: 09:57:44 MTM=-3.25 Loss=0.00%
2026-07-14 09:57:45 INFO     strategy        PnL: 09:57:45 MTM=-16.25 Loss=0.00%
2026-07-14 09:57:46 INFO     strategy        PnL: 09:57:46 MTM=-6.50 Loss=0.00%
2026-07-14 09:57:47 INFO     strategy        PnL: 09:57:47 MTM=42.25 Profit=0.01%
2026-07-14 09:57:48 INFO     strategy        PnL: 09:57:48 MTM=19.50 Profit=0.00%
2026-07-14 09:57:49 INFO     strategy        PnL: 09:57:49 MTM=61.75 Profit=0.01%
2026-07-14 09:57:50 INFO     strategy        PnL: 09:57:50 MTM=65.00 Profit=0.01%
2026-07-14 09:57:52 INFO     strategy        PnL: 09:57:52 MTM=97.50 Profit=0.01%
2026-07-14 09:57:53 INFO     strategy        PnL: 09:57:53 MTM=55.25 Profit=0.01%
2026-07-14 09:57:54 INFO     strategy        PnL: 09:57:54 MTM=139.75 Profit=0.02%
2026-07-14 09:57:55 INFO     strategy        PnL: 09:57:55 MTM=65.00 Profit=0.01%
2026-07-14 09:57:56 INFO     strategy        PnL: 09:57:56 MTM=71.50 Profit=0.01%
2026-07-14 09:57:57 INFO     strategy        PnL: 09:57:57 MTM=81.25 Profit=0.01%
2026-07-14 09:57:58 INFO     strategy        PnL: 09:57:58 MTM=87.75 Profit=0.01%
2026-07-14 09:57:59 INFO     strategy        PnL: 09:57:59 MTM=107.25 Profit=0.02%
2026-07-14 09:58:00 INFO     strategy        PnL: 09:58:00 MTM=87.75 Profit=0.01%
2026-07-14 09:58:01 INFO     strategy        PnL: 09:58:01 MTM=61.75 Profit=0.01%
2026-07-14 09:58:02 INFO     strategy        PnL: 09:58:02 MTM=91.00 Profit=0.01%
2026-07-14 09:58:03 INFO     strategy        PnL: 09:58:03 MTM=78.00 Profit=0.01%
2026-07-14 09:58:04 INFO     strategy        PnL: 09:58:04 MTM=97.50 Profit=0.01%
2026-07-14 09:58:05 INFO     strategy        PnL: 09:58:05 MTM=94.25 Profit=0.01%
2026-07-14 09:58:06 INFO     strategy        PnL: 09:58:06 MTM=149.50 Profit=0.02%
2026-07-14 09:58:07 INFO     strategy        PnL: 09:58:07 MTM=182.00 Profit=0.03%
2026-07-14 09:58:08 INFO     strategy        PnL: 09:58:08 MTM=149.50 Profit=0.02%
2026-07-14 09:58:09 INFO     strategy        PnL: 09:58:09 MTM=117.00 Profit=0.02%
2026-07-14 09:58:10 INFO     strategy        PnL: 09:58:10 MTM=110.50 Profit=0.02%
2026-07-14 09:58:11 INFO     strategy        PnL: 09:58:11 MTM=130.00 Profit=0.02%
2026-07-14 09:58:12 INFO     strategy        PnL: 09:58:12 MTM=159.25 Profit=0.02%
2026-07-14 09:58:13 INFO     strategy        PnL: 09:58:13 MTM=156.00 Profit=0.02%
2026-07-14 09:58:14 INFO     strategy        PnL: 09:58:14 MTM=113.75 Profit=0.02%
2026-07-14 09:58:15 INFO     strategy        PnL: 09:58:15 MTM=185.25 Profit=0.03%
2026-07-14 09:58:16 INFO     strategy        PnL: 09:58:16 MTM=182.00 Profit=0.03%
2026-07-14 09:58:17 INFO     strategy        PnL: 09:58:17 MTM=221.00 Profit=0.03%
2026-07-14 09:58:18 INFO     strategy        PnL: 09:58:18 MTM=198.25 Profit=0.03%
2026-07-14 09:58:19 INFO     strategy        PnL: 09:58:19 MTM=191.75 Profit=0.03%
2026-07-14 09:58:20 INFO     strategy        PnL: 09:58:20 MTM=182.00 Profit=0.03%
2026-07-14 09:58:21 INFO     strategy        PnL: 09:58:21 MTM=224.25 Profit=0.03%
2026-07-14 09:58:22 INFO     strategy        PnL: 09:58:22 MTM=198.25 Profit=0.03%
2026-07-14 09:58:23 INFO     strategy        PnL: 09:58:23 MTM=211.25 Profit=0.03%
2026-07-14 09:58:24 INFO     strategy        PnL: 09:58:24 MTM=227.50 Profit=0.03%
2026-07-14 09:58:25 INFO     strategy        PnL: 09:58:25 MTM=234.00 Profit=0.04%
2026-07-14 09:58:26 INFO     strategy        PnL: 09:58:26 MTM=250.25 Profit=0.04%
2026-07-14 09:58:27 INFO     strategy        PnL: 09:58:27 MTM=165.75 Profit=0.03%
2026-07-14 09:58:28 INFO     strategy        PnL: 09:58:28 MTM=282.75 Profit=0.04%
2026-07-14 09:58:30 INFO     strategy        PnL: 09:58:30 MTM=211.25 Profit=0.03%
2026-07-14 09:58:31 INFO     strategy        PnL: 09:58:31 MTM=195.00 Profit=0.03%
2026-07-14 09:58:32 INFO     strategy        PnL: 09:58:32 MTM=217.75 Profit=0.03%
2026-07-14 09:58:33 INFO     strategy        PnL: 09:58:33 MTM=152.75 Profit=0.02%
2026-07-14 09:58:34 INFO     strategy        PnL: 09:58:34 MTM=237.25 Profit=0.04%
2026-07-14 09:58:35 INFO     strategy        PnL: 09:58:35 MTM=289.25 Profit=0.04%
2026-07-14 09:58:36 INFO     strategy        PnL: 09:58:36 MTM=240.50 Profit=0.04%
2026-07-14 09:58:37 INFO     strategy        PnL: 09:58:37 MTM=276.25 Profit=0.04%
2026-07-14 09:58:38 INFO     strategy        PnL: 09:58:38 MTM=308.75 Profit=0.05%
2026-07-14 09:58:39 INFO     strategy        PnL: 09:58:39 MTM=289.25 Profit=0.04%
2026-07-14 09:58:40 INFO     strategy        PnL: 09:58:40 MTM=243.75 Profit=0.04%
2026-07-14 09:58:41 INFO     strategy        PnL: 09:58:41 MTM=256.75 Profit=0.04%
2026-07-14 09:58:42 INFO     strategy        PnL: 09:58:42 MTM=260.00 Profit=0.04%
2026-07-14 09:58:43 INFO     strategy        PnL: 09:58:43 MTM=282.75 Profit=0.04%
2026-07-14 09:58:44 INFO     strategy        PnL: 09:58:44 MTM=292.50 Profit=0.04%
2026-07-14 09:58:45 INFO     strategy        PnL: 09:58:45 MTM=217.75 Profit=0.03%
2026-07-14 09:58:46 INFO     strategy        PnL: 09:58:46 MTM=247.00 Profit=0.04%
2026-07-14 09:58:47 INFO     strategy        PnL: 09:58:47 MTM=224.25 Profit=0.03%
2026-07-14 09:58:48 INFO     strategy        PnL: 09:58:48 MTM=266.50 Profit=0.04%
2026-07-14 09:58:49 INFO     strategy        PnL: 09:58:49 MTM=234.00 Profit=0.04%
2026-07-14 09:58:50 INFO     strategy        PnL: 09:58:50 MTM=214.50 Profit=0.03%
2026-07-14 09:58:51 INFO     strategy        PnL: 09:58:51 MTM=266.50 Profit=0.04%
2026-07-14 09:58:52 INFO     strategy        PnL: 09:58:52 MTM=299.00 Profit=0.05%
2026-07-14 09:58:53 INFO     strategy        PnL: 09:58:53 MTM=273.00 Profit=0.04%
2026-07-14 09:58:54 INFO     strategy        PnL: 09:58:54 MTM=260.00 Profit=0.04%
2026-07-14 09:58:55 INFO     strategy        PnL: 09:58:55 MTM=243.75 Profit=0.04%
2026-07-14 09:58:56 INFO     strategy        PnL: 09:58:56 MTM=269.75 Profit=0.04%
2026-07-14 09:58:57 INFO     strategy        PnL: 09:58:57 MTM=276.25 Profit=0.04%
2026-07-14 09:58:58 INFO     strategy        PnL: 09:58:58 MTM=273.00 Profit=0.04%
2026-07-14 09:58:59 INFO     strategy        PnL: 09:58:59 MTM=266.50 Profit=0.04%
2026-07-14 09:59:00 INFO     strategy        PnL: 09:59:00 MTM=266.50 Profit=0.04%
2026-07-14 09:59:02 INFO     strategy        PnL: 09:59:01 MTM=276.25 Profit=0.04%
2026-07-14 09:59:03 INFO     strategy        PnL: 09:59:03 MTM=308.75 Profit=0.05%
2026-07-14 09:59:04 INFO     strategy        PnL: 09:59:04 MTM=276.25 Profit=0.04%
2026-07-14 09:59:05 INFO     strategy        PnL: 09:59:05 MTM=279.50 Profit=0.04%
2026-07-14 09:59:06 INFO     strategy        PnL: 09:59:06 MTM=295.75 Profit=0.05%
2026-07-14 09:59:07 INFO     strategy        PnL: 09:59:07 MTM=256.75 Profit=0.04%
2026-07-14 09:59:08 INFO     strategy        PnL: 09:59:08 MTM=250.25 Profit=0.04%
2026-07-14 09:59:09 INFO     strategy        PnL: 09:59:09 MTM=260.00 Profit=0.04%
2026-07-14 09:59:10 INFO     strategy        PnL: 09:59:10 MTM=279.50 Profit=0.04%
2026-07-14 09:59:11 INFO     strategy        PnL: 09:59:11 MTM=253.50 Profit=0.04%
2026-07-14 09:59:12 INFO     strategy        PnL: 09:59:12 MTM=260.00 Profit=0.04%
2026-07-14 09:59:13 INFO     strategy        PnL: 09:59:13 MTM=247.00 Profit=0.04%
2026-07-14 09:59:14 INFO     strategy        PnL: 09:59:14 MTM=341.25 Profit=0.05%
2026-07-14 09:59:15 INFO     strategy        PnL: 09:59:15 MTM=315.25 Profit=0.05%
2026-07-14 09:59:16 INFO     strategy        PnL: 09:59:16 MTM=328.25 Profit=0.05%
2026-07-14 09:59:17 INFO     strategy        PnL: 09:59:17 MTM=312.00 Profit=0.05%
2026-07-14 09:59:18 INFO     strategy        PnL: 09:59:18 MTM=351.00 Profit=0.05%
2026-07-14 09:59:19 INFO     strategy        PnL: 09:59:19 MTM=266.50 Profit=0.04%
2026-07-14 09:59:20 INFO     strategy        PnL: 09:59:20 MTM=295.75 Profit=0.05%
2026-07-14 09:59:21 INFO     strategy        PnL: 09:59:21 MTM=308.75 Profit=0.05%
2026-07-14 09:59:22 INFO     strategy        PnL: 09:59:22 MTM=302.25 Profit=0.05%
2026-07-14 09:59:23 INFO     strategy        PnL: 09:59:23 MTM=286.00 Profit=0.04%
2026-07-14 09:59:24 INFO     strategy        PnL: 09:59:24 MTM=269.75 Profit=0.04%
2026-07-14 09:59:25 INFO     strategy        PnL: 09:59:25 MTM=289.25 Profit=0.04%
2026-07-14 09:59:26 INFO     strategy        PnL: 09:59:26 MTM=312.00 Profit=0.05%
2026-07-14 09:59:27 INFO     strategy        PnL: 09:59:27 MTM=230.75 Profit=0.04%
2026-07-14 09:59:28 INFO     strategy        PnL: 09:59:28 MTM=247.00 Profit=0.04%
2026-07-14 09:59:29 INFO     strategy        PnL: 09:59:29 MTM=263.25 Profit=0.04%
2026-07-14 09:59:30 INFO     strategy        PnL: 09:59:30 MTM=266.50 Profit=0.04%
2026-07-14 09:59:31 INFO     strategy        PnL: 09:59:31 MTM=308.75 Profit=0.05%
2026-07-14 09:59:33 INFO     strategy        PnL: 09:59:32 MTM=237.25 Profit=0.04%
2026-07-14 09:59:34 INFO     strategy        PnL: 09:59:34 MTM=282.75 Profit=0.04%
2026-07-14 09:59:35 INFO     strategy        PnL: 09:59:35 MTM=308.75 Profit=0.05%
2026-07-14 09:59:36 INFO     strategy        PnL: 09:59:36 MTM=312.00 Profit=0.05%
2026-07-14 09:59:37 INFO     strategy        PnL: 09:59:37 MTM=247.00 Profit=0.04%
2026-07-14 09:59:38 INFO     strategy        PnL: 09:59:38 MTM=188.50 Profit=0.03%
2026-07-14 09:59:39 INFO     strategy        PnL: 09:59:39 MTM=253.50 Profit=0.04%
2026-07-14 09:59:40 INFO     strategy        PnL: 09:59:40 MTM=269.75 Profit=0.04%
2026-07-14 09:59:41 INFO     strategy        PnL: 09:59:41 MTM=214.50 Profit=0.03%
2026-07-14 09:59:42 INFO     strategy        PnL: 09:59:42 MTM=318.50 Profit=0.05%
2026-07-14 09:59:43 INFO     strategy        PnL: 09:59:43 MTM=305.50 Profit=0.05%
2026-07-14 09:59:44 INFO     strategy        PnL: 09:59:44 MTM=325.00 Profit=0.05%
2026-07-14 09:59:45 INFO     strategy        PnL: 09:59:45 MTM=312.00 Profit=0.05%
2026-07-14 09:59:46 INFO     strategy        PnL: 09:59:46 MTM=396.50 Profit=0.06%
2026-07-14 09:59:47 INFO     strategy        PnL: 09:59:47 MTM=364.00 Profit=0.06%
2026-07-14 09:59:48 INFO     strategy        PnL: 09:59:48 MTM=351.00 Profit=0.05%
2026-07-14 09:59:49 INFO     strategy        PnL: 09:59:49 MTM=393.25 Profit=0.06%
2026-07-14 09:59:50 INFO     strategy        PnL: 09:59:50 MTM=380.25 Profit=0.06%
2026-07-14 09:59:51 INFO     strategy        PnL: 09:59:51 MTM=438.75 Profit=0.07%
2026-07-14 09:59:52 INFO     strategy        PnL: 09:59:52 MTM=386.75 Profit=0.06%
2026-07-14 09:59:53 INFO     strategy        PnL: 09:59:53 MTM=429.00 Profit=0.07%
2026-07-14 09:59:54 INFO     strategy        PnL: 09:59:54 MTM=302.25 Profit=0.05%
2026-07-14 09:59:55 INFO     strategy        PnL: 09:59:55 MTM=334.75 Profit=0.05%
2026-07-14 09:59:56 INFO     strategy        PnL: 09:59:56 MTM=302.25 Profit=0.05%
2026-07-14 09:59:57 INFO     strategy        PnL: 09:59:57 MTM=318.50 Profit=0.05%
2026-07-14 09:59:58 INFO     strategy        PnL: 09:59:58 MTM=299.00 Profit=0.05%
2026-07-14 09:59:59 INFO     strategy        PnL: 09:59:59 MTM=321.75 Profit=0.05%
2026-07-14 10:00:01 INFO     strategy        PnL: 10:00:00 MTM=399.75 Profit=0.06%
2026-07-14 10:00:02 INFO     strategy        PnL: 10:00:02 MTM=377.00 Profit=0.06%
2026-07-14 10:00:03 INFO     strategy        PnL: 10:00:03 MTM=390.00 Profit=0.06%
2026-07-14 10:00:04 INFO     strategy        PnL: 10:00:04 MTM=390.00 Profit=0.06%
2026-07-14 10:00:05 INFO     strategy        PnL: 10:00:05 MTM=380.25 Profit=0.06%
2026-07-14 10:00:06 INFO     strategy        PnL: 10:00:06 MTM=396.50 Profit=0.06%
2026-07-14 10:00:07 INFO     strategy        PnL: 10:00:07 MTM=328.25 Profit=0.05%
2026-07-14 10:00:08 INFO     strategy        PnL: 10:00:08 MTM=305.50 Profit=0.05%
2026-07-14 10:00:09 INFO     strategy        PnL: 10:00:09 MTM=347.75 Profit=0.05%
2026-07-14 10:00:10 INFO     strategy        PnL: 10:00:10 MTM=318.50 Profit=0.05%
2026-07-14 10:00:11 INFO     strategy        PnL: 10:00:11 MTM=308.75 Profit=0.05%
2026-07-14 10:00:12 INFO     strategy        PnL: 10:00:12 MTM=292.50 Profit=0.04%
2026-07-14 10:00:13 INFO     strategy        PnL: 10:00:13 MTM=282.75 Profit=0.04%
2026-07-14 10:00:14 INFO     strategy        PnL: 10:00:14 MTM=237.25 Profit=0.04%
2026-07-14 10:00:15 INFO     strategy        PnL: 10:00:15 MTM=279.50 Profit=0.04%
2026-07-14 10:00:16 INFO     strategy        PnL: 10:00:16 MTM=321.75 Profit=0.05%
2026-07-14 10:00:17 INFO     strategy        PnL: 10:00:17 MTM=276.25 Profit=0.04%
2026-07-14 10:00:18 INFO     strategy        PnL: 10:00:18 MTM=282.75 Profit=0.04%
2026-07-14 10:00:19 INFO     strategy        PnL: 10:00:19 MTM=315.25 Profit=0.05%
2026-07-14 10:00:20 INFO     strategy        PnL: 10:00:20 MTM=315.25 Profit=0.05%
2026-07-14 10:00:21 INFO     strategy        PnL: 10:00:21 MTM=370.50 Profit=0.06%
2026-07-14 10:00:22 INFO     strategy        PnL: 10:00:22 MTM=399.75 Profit=0.06%
2026-07-14 10:00:23 INFO     strategy        PnL: 10:00:23 MTM=334.75 Profit=0.05%
2026-07-14 10:00:24 INFO     strategy        PnL: 10:00:24 MTM=292.50 Profit=0.04%
2026-07-14 10:00:25 INFO     strategy        PnL: 10:00:25 MTM=308.75 Profit=0.05%
2026-07-14 10:00:26 INFO     strategy        PnL: 10:00:26 MTM=273.00 Profit=0.04%
2026-07-14 10:00:27 INFO     strategy        PnL: 10:00:27 MTM=312.00 Profit=0.05%
2026-07-14 10:00:28 INFO     strategy        PnL: 10:00:28 MTM=250.25 Profit=0.04%
2026-07-14 10:00:29 INFO     strategy        PnL: 10:00:29 MTM=250.25 Profit=0.04%
2026-07-14 10:00:30 INFO     strategy        PnL: 10:00:30 MTM=208.00 Profit=0.03%
2026-07-14 10:00:31 INFO     strategy        PnL: 10:00:31 MTM=338.00 Profit=0.05%
2026-07-14 10:00:32 INFO     strategy        PnL: 10:00:32 MTM=315.25 Profit=0.05%
2026-07-14 10:00:34 INFO     strategy        PnL: 10:00:34 MTM=256.75 Profit=0.04%
2026-07-14 10:00:35 INFO     strategy        PnL: 10:00:35 MTM=295.75 Profit=0.05%
2026-07-14 10:00:36 INFO     strategy        PnL: 10:00:36 MTM=286.00 Profit=0.04%
2026-07-14 10:00:37 INFO     strategy        PnL: 10:00:37 MTM=292.50 Profit=0.04%
2026-07-14 10:00:38 INFO     strategy        PnL: 10:00:38 MTM=286.00 Profit=0.04%
2026-07-14 10:00:39 INFO     strategy        PnL: 10:00:39 MTM=292.50 Profit=0.04%
2026-07-14 10:00:40 INFO     strategy        PnL: 10:00:40 MTM=318.50 Profit=0.05%
2026-07-14 10:00:41 INFO     strategy        PnL: 10:00:41 MTM=299.00 Profit=0.05%
2026-07-14 10:00:42 INFO     strategy        PnL: 10:00:42 MTM=253.50 Profit=0.04%
2026-07-14 10:00:43 INFO     strategy        PnL: 10:00:43 MTM=276.25 Profit=0.04%
2026-07-14 10:00:44 INFO     strategy        PnL: 10:00:44 MTM=299.00 Profit=0.05%
2026-07-14 10:00:45 INFO     strategy        PnL: 10:00:45 MTM=312.00 Profit=0.05%
2026-07-14 10:00:46 INFO     strategy        PnL: 10:00:46 MTM=347.75 Profit=0.05%
2026-07-14 10:00:47 INFO     strategy        PnL: 10:00:47 MTM=338.00 Profit=0.05%
2026-07-14 10:00:48 INFO     strategy        PnL: 10:00:48 MTM=318.50 Profit=0.05%
2026-07-14 10:00:49 INFO     strategy        PnL: 10:00:49 MTM=370.50 Profit=0.06%
2026-07-14 10:00:50 INFO     strategy        PnL: 10:00:50 MTM=344.50 Profit=0.05%
2026-07-14 10:00:51 INFO     strategy        PnL: 10:00:51 MTM=406.25 Profit=0.06%
2026-07-14 10:00:52 INFO     strategy        PnL: 10:00:52 MTM=266.50 Profit=0.04%
2026-07-14 10:00:53 INFO     strategy        PnL: 10:00:53 MTM=318.50 Profit=0.05%
2026-07-14 10:00:54 INFO     strategy        PnL: 10:00:54 MTM=334.75 Profit=0.05%
2026-07-14 10:00:55 INFO     strategy        PnL: 10:00:55 MTM=308.75 Profit=0.05%
2026-07-14 10:00:56 INFO     strategy        PnL: 10:00:56 MTM=191.75 Profit=0.03%
2026-07-14 10:00:57 INFO     strategy        PnL: 10:00:57 MTM=425.75 Profit=0.06%
2026-07-14 10:00:58 INFO     strategy        PnL: 10:00:58 MTM=334.75 Profit=0.05%
2026-07-14 10:00:59 INFO     strategy        PnL: 10:00:59 MTM=328.25 Profit=0.05%
2026-07-14 10:01:00 INFO     strategy        PnL: 10:01:00 MTM=396.50 Profit=0.06%
2026-07-14 10:01:01 INFO     strategy        PnL: 10:01:01 MTM=393.25 Profit=0.06%
2026-07-14 10:01:02 INFO     strategy        PnL: 10:01:02 MTM=396.50 Profit=0.06%
2026-07-14 10:01:03 INFO     strategy        PnL: 10:01:03 MTM=354.25 Profit=0.05%
2026-07-14 10:01:04 INFO     strategy        PnL: 10:01:04 MTM=347.75 Profit=0.05%
2026-07-14 10:01:05 INFO     strategy        PnL: 10:01:05 MTM=390.00 Profit=0.06%
2026-07-14 10:01:07 INFO     strategy        PnL: 10:01:06 MTM=386.75 Profit=0.06%
2026-07-14 10:01:08 INFO     strategy        PnL: 10:01:08 MTM=406.25 Profit=0.06%
2026-07-14 10:01:09 INFO     strategy        PnL: 10:01:09 MTM=419.25 Profit=0.06%
2026-07-14 10:01:10 INFO     strategy        PnL: 10:01:10 MTM=451.75 Profit=0.07%
2026-07-14 10:01:11 INFO     strategy        PnL: 10:01:11 MTM=484.25 Profit=0.07%
2026-07-14 10:01:12 INFO     strategy        PnL: 10:01:12 MTM=555.75 Profit=0.08%
2026-07-14 10:01:13 INFO     strategy        PnL: 10:01:13 MTM=497.25 Profit=0.08%
2026-07-14 10:01:14 INFO     strategy        PnL: 10:01:14 MTM=481.00 Profit=0.07%
2026-07-14 10:01:15 INFO     strategy        PnL: 10:01:15 MTM=487.50 Profit=0.07%
2026-07-14 10:01:16 INFO     strategy        PnL: 10:01:16 MTM=536.25 Profit=0.08%
2026-07-14 10:01:17 INFO     strategy        PnL: 10:01:17 MTM=510.25 Profit=0.08%
2026-07-14 10:01:18 INFO     strategy        PnL: 10:01:18 MTM=559.00 Profit=0.09%
2026-07-14 10:01:19 INFO     strategy        PnL: 10:01:19 MTM=523.25 Profit=0.08%
2026-07-14 10:01:20 INFO     strategy        PnL: 10:01:20 MTM=546.00 Profit=0.08%
2026-07-14 10:01:21 INFO     strategy        PnL: 10:01:21 MTM=555.75 Profit=0.08%
2026-07-14 10:01:22 INFO     strategy        PnL: 10:01:22 MTM=578.50 Profit=0.09%
2026-07-14 10:01:23 INFO     strategy        PnL: 10:01:23 MTM=572.00 Profit=0.09%
2026-07-14 10:01:24 INFO     strategy        PnL: 10:01:24 MTM=523.25 Profit=0.08%
2026-07-14 10:01:25 INFO     strategy        PnL: 10:01:25 MTM=523.25 Profit=0.08%
2026-07-14 10:01:26 INFO     strategy        PnL: 10:01:26 MTM=516.75 Profit=0.08%
2026-07-14 10:01:27 INFO     strategy        PnL: 10:01:27 MTM=539.50 Profit=0.08%
2026-07-14 10:01:28 INFO     strategy        PnL: 10:01:28 MTM=565.50 Profit=0.09%
2026-07-14 10:01:29 INFO     strategy        PnL: 10:01:29 MTM=552.50 Profit=0.08%
2026-07-14 10:01:30 INFO     strategy        PnL: 10:01:30 MTM=568.75 Profit=0.09%
2026-07-14 10:01:31 INFO     strategy        PnL: 10:01:31 MTM=513.50 Profit=0.08%
2026-07-14 10:01:32 INFO     strategy        PnL: 10:01:32 MTM=510.25 Profit=0.08%
2026-07-14 10:01:33 INFO     strategy        PnL: 10:01:33 MTM=585.00 Profit=0.09%
2026-07-14 10:01:34 INFO     strategy        PnL: 10:01:34 MTM=585.00 Profit=0.09%
2026-07-14 10:01:35 INFO     strategy        PnL: 10:01:35 MTM=539.50 Profit=0.08%
2026-07-14 10:01:36 INFO     strategy        PnL: 10:01:36 MTM=552.50 Profit=0.08%
2026-07-14 10:01:38 INFO     strategy        PnL: 10:01:37 MTM=481.00 Profit=0.07%
2026-07-14 10:01:39 INFO     strategy        PnL: 10:01:39 MTM=520.00 Profit=0.08%
2026-07-14 10:01:40 INFO     strategy        PnL: 10:01:40 MTM=510.25 Profit=0.08%
2026-07-14 10:01:41 INFO     strategy        PnL: 10:01:41 MTM=513.50 Profit=0.08%
2026-07-14 10:01:42 INFO     strategy        PnL: 10:01:42 MTM=468.00 Profit=0.07%
2026-07-14 10:01:43 INFO     strategy        PnL: 10:01:43 MTM=503.75 Profit=0.08%
2026-07-14 10:01:44 INFO     strategy        PnL: 10:01:44 MTM=481.00 Profit=0.07%
2026-07-14 10:01:45 INFO     strategy        PnL: 10:01:45 MTM=526.50 Profit=0.08%
2026-07-14 10:01:46 INFO     strategy        PnL: 10:01:46 MTM=549.25 Profit=0.08%
2026-07-14 10:01:47 INFO     strategy        PnL: 10:01:47 MTM=523.25 Profit=0.08%
2026-07-14 10:01:48 INFO     strategy        PnL: 10:01:48 MTM=559.00 Profit=0.09%
2026-07-14 10:01:49 INFO     strategy        PnL: 10:01:49 MTM=546.00 Profit=0.08%
2026-07-14 10:01:50 INFO     strategy        PnL: 10:01:50 MTM=555.75 Profit=0.08%
2026-07-14 10:01:51 INFO     strategy        PnL: 10:01:51 MTM=559.00 Profit=0.09%
2026-07-14 10:01:52 INFO     strategy        PnL: 10:01:52 MTM=533.00 Profit=0.08%
2026-07-14 10:01:53 INFO     strategy        PnL: 10:01:53 MTM=425.75 Profit=0.06%
2026-07-14 10:01:54 INFO     strategy        PnL: 10:01:54 MTM=500.50 Profit=0.08%
2026-07-14 10:01:55 INFO     strategy        PnL: 10:01:55 MTM=510.25 Profit=0.08%
2026-07-14 10:01:56 INFO     strategy        PnL: 10:01:56 MTM=520.00 Profit=0.08%
2026-07-14 10:01:57 INFO     strategy        PnL: 10:01:57 MTM=510.25 Profit=0.08%
2026-07-14 10:01:58 INFO     strategy        PnL: 10:01:58 MTM=533.00 Profit=0.08%
2026-07-14 10:01:59 INFO     strategy        PnL: 10:01:59 MTM=468.00 Profit=0.07%
2026-07-14 10:02:00 INFO     strategy        PnL: 10:02:00 MTM=546.00 Profit=0.08%
2026-07-14 10:02:02 INFO     strategy        PnL: 10:02:02 MTM=481.00 Profit=0.07%
2026-07-14 10:02:03 INFO     strategy        PnL: 10:02:03 MTM=523.25 Profit=0.08%
2026-07-14 10:02:04 INFO     strategy        PnL: 10:02:04 MTM=507.00 Profit=0.08%
2026-07-14 10:02:05 INFO     strategy        PnL: 10:02:05 MTM=487.50 Profit=0.07%
2026-07-14 10:02:06 INFO     strategy        PnL: 10:02:06 MTM=477.75 Profit=0.07%
2026-07-14 10:02:07 INFO     strategy        PnL: 10:02:07 MTM=487.50 Profit=0.07%
2026-07-14 10:02:08 INFO     strategy        PnL: 10:02:08 MTM=429.00 Profit=0.07%
2026-07-14 10:02:09 INFO     strategy        PnL: 10:02:09 MTM=406.25 Profit=0.06%
2026-07-14 10:02:10 INFO     strategy        PnL: 10:02:10 MTM=435.50 Profit=0.07%
2026-07-14 10:02:11 INFO     strategy        PnL: 10:02:11 MTM=438.75 Profit=0.07%
2026-07-14 10:02:12 INFO     strategy        PnL: 10:02:12 MTM=445.25 Profit=0.07%
2026-07-14 10:02:13 INFO     strategy        PnL: 10:02:13 MTM=429.00 Profit=0.07%
2026-07-14 10:02:14 INFO     strategy        PnL: 10:02:14 MTM=455.00 Profit=0.07%
2026-07-14 10:02:15 INFO     strategy        PnL: 10:02:15 MTM=445.25 Profit=0.07%
2026-07-14 10:02:16 INFO     strategy        PnL: 10:02:16 MTM=487.50 Profit=0.07%
2026-07-14 10:02:17 INFO     strategy        PnL: 10:02:17 MTM=438.75 Profit=0.07%
2026-07-14 10:02:18 INFO     strategy        PnL: 10:02:18 MTM=451.75 Profit=0.07%
2026-07-14 10:02:19 INFO     strategy        PnL: 10:02:19 MTM=399.75 Profit=0.06%
2026-07-14 10:02:20 INFO     strategy        PnL: 10:02:20 MTM=429.00 Profit=0.07%
2026-07-14 10:02:21 INFO     strategy        PnL: 10:02:21 MTM=451.75 Profit=0.07%
2026-07-14 10:02:22 INFO     strategy        PnL: 10:02:22 MTM=451.75 Profit=0.07%
2026-07-14 10:02:23 INFO     strategy        PnL: 10:02:23 MTM=429.00 Profit=0.07%
2026-07-14 10:02:24 INFO     strategy        PnL: 10:02:24 MTM=451.75 Profit=0.07%
2026-07-14 10:02:25 INFO     strategy        PnL: 10:02:25 MTM=458.25 Profit=0.07%
2026-07-14 10:02:26 INFO     strategy        PnL: 10:02:26 MTM=448.50 Profit=0.07%
2026-07-14 10:02:27 INFO     strategy        PnL: 10:02:27 MTM=419.25 Profit=0.06%
2026-07-14 10:02:28 INFO     strategy        PnL: 10:02:28 MTM=425.75 Profit=0.06%
2026-07-14 10:02:29 INFO     strategy        PnL: 10:02:29 MTM=429.00 Profit=0.07%
2026-07-14 10:02:30 INFO     strategy        PnL: 10:02:30 MTM=438.75 Profit=0.07%
2026-07-14 10:02:31 INFO     strategy        PnL: 10:02:31 MTM=481.00 Profit=0.07%
2026-07-14 10:02:32 INFO     strategy        PnL: 10:02:32 MTM=425.75 Profit=0.06%
2026-07-14 10:02:33 INFO     strategy        PnL: 10:02:33 MTM=468.00 Profit=0.07%
2026-07-14 10:02:34 INFO     strategy        PnL: 10:02:34 MTM=334.75 Profit=0.05%
2026-07-14 10:02:35 INFO     strategy        PnL: 10:02:35 MTM=416.00 Profit=0.06%
2026-07-14 10:02:36 INFO     strategy        PnL: 10:02:36 MTM=490.75 Profit=0.07%
2026-07-14 10:02:37 INFO     strategy        PnL: 10:02:37 MTM=471.25 Profit=0.07%
2026-07-14 10:02:38 INFO     strategy        PnL: 10:02:38 MTM=419.25 Profit=0.06%
2026-07-14 10:02:39 INFO     strategy        PnL: 10:02:39 MTM=461.50 Profit=0.07%
2026-07-14 10:02:40 INFO     strategy        PnL: 10:02:40 MTM=474.50 Profit=0.07%
2026-07-14 10:02:41 INFO     strategy        PnL: 10:02:41 MTM=477.75 Profit=0.07%
2026-07-14 10:02:42 INFO     strategy        PnL: 10:02:42 MTM=471.25 Profit=0.07%
2026-07-14 10:02:43 INFO     strategy        PnL: 10:02:43 MTM=438.75 Profit=0.07%
2026-07-14 10:02:44 INFO     strategy        PnL: 10:02:44 MTM=468.00 Profit=0.07%
2026-07-14 10:02:45 INFO     strategy        PnL: 10:02:45 MTM=295.75 Profit=0.05%
2026-07-14 10:02:46 INFO     strategy        PnL: 10:02:46 MTM=370.50 Profit=0.06%
2026-07-14 10:02:47 INFO     strategy        PnL: 10:02:47 MTM=377.00 Profit=0.06%
2026-07-14 10:02:48 INFO     strategy        PnL: 10:02:48 MTM=393.25 Profit=0.06%
2026-07-14 10:02:49 INFO     strategy        PnL: 10:02:49 MTM=373.75 Profit=0.06%
2026-07-14 10:02:50 INFO     strategy        PnL: 10:02:50 MTM=403.00 Profit=0.06%
2026-07-14 10:02:51 INFO     strategy        PnL: 10:02:51 MTM=422.50 Profit=0.06%
2026-07-14 10:02:52 INFO     strategy        PnL: 10:02:52 MTM=425.75 Profit=0.06%
2026-07-14 10:02:53 INFO     strategy        PnL: 10:02:53 MTM=390.00 Profit=0.06%
2026-07-14 10:02:54 INFO     strategy        PnL: 10:02:54 MTM=409.50 Profit=0.06%
2026-07-14 10:02:55 INFO     strategy        PnL: 10:02:55 MTM=425.75 Profit=0.06%
2026-07-14 10:02:56 INFO     strategy        PnL: 10:02:56 MTM=364.00 Profit=0.06%
2026-07-14 10:02:57 INFO     strategy        PnL: 10:02:57 MTM=380.25 Profit=0.06%
2026-07-14 10:02:58 INFO     strategy        PnL: 10:02:58 MTM=380.25 Profit=0.06%
2026-07-14 10:02:59 INFO     strategy        PnL: 10:02:59 MTM=380.25 Profit=0.06%
2026-07-14 10:03:00 INFO     strategy        PnL: 10:03:00 MTM=380.25 Profit=0.06%
2026-07-14 10:03:01 INFO     strategy        PnL: 10:03:01 MTM=412.75 Profit=0.06%
2026-07-14 10:03:02 INFO     strategy        PnL: 10:03:02 MTM=377.00 Profit=0.06%
2026-07-14 10:03:03 INFO     strategy        PnL: 10:03:03 MTM=393.25 Profit=0.06%
2026-07-14 10:03:04 INFO     strategy        PnL: 10:03:04 MTM=432.25 Profit=0.07%
2026-07-14 10:03:05 INFO     strategy        PnL: 10:03:05 MTM=412.75 Profit=0.06%
2026-07-14 10:03:06 INFO     strategy        PnL: 10:03:06 MTM=461.50 Profit=0.07%
2026-07-14 10:03:07 INFO     strategy        PnL: 10:03:07 MTM=481.00 Profit=0.07%
2026-07-14 10:03:08 INFO     strategy        PnL: 10:03:08 MTM=461.50 Profit=0.07%
2026-07-14 10:03:09 INFO     strategy        PnL: 10:03:09 MTM=461.50 Profit=0.07%
2026-07-14 10:03:10 INFO     strategy        PnL: 10:03:10 MTM=406.25 Profit=0.06%
2026-07-14 10:03:11 INFO     strategy        PnL: 10:03:11 MTM=474.50 Profit=0.07%
2026-07-14 10:03:12 INFO     strategy        PnL: 10:03:12 MTM=432.25 Profit=0.07%
2026-07-14 10:03:13 INFO     strategy        PnL: 10:03:13 MTM=383.50 Profit=0.06%
2026-07-14 10:03:14 INFO     strategy        PnL: 10:03:14 MTM=455.00 Profit=0.07%
2026-07-14 10:03:15 INFO     strategy        PnL: 10:03:15 MTM=507.00 Profit=0.08%
2026-07-14 10:03:16 INFO     strategy        PnL: 10:03:16 MTM=432.25 Profit=0.07%
2026-07-14 10:03:17 INFO     strategy        PnL: 10:03:17 MTM=461.50 Profit=0.07%
2026-07-14 10:03:18 INFO     strategy        PnL: 10:03:18 MTM=409.50 Profit=0.06%
2026-07-14 10:03:19 INFO     strategy        PnL: 10:03:19 MTM=458.25 Profit=0.07%
2026-07-14 10:03:20 INFO     strategy        PnL: 10:03:20 MTM=468.00 Profit=0.07%
2026-07-14 10:03:21 INFO     strategy        PnL: 10:03:21 MTM=435.50 Profit=0.07%
2026-07-14 10:03:22 INFO     strategy        PnL: 10:03:22 MTM=409.50 Profit=0.06%
2026-07-14 10:03:23 INFO     strategy        PnL: 10:03:23 MTM=471.25 Profit=0.07%
2026-07-14 10:03:24 INFO     strategy        PnL: 10:03:24 MTM=458.25 Profit=0.07%
2026-07-14 10:03:25 INFO     strategy        PnL: 10:03:25 MTM=455.00 Profit=0.07%
2026-07-14 10:03:26 INFO     strategy        PnL: 10:03:26 MTM=494.00 Profit=0.08%
2026-07-14 10:03:27 INFO     strategy        PnL: 10:03:27 MTM=552.50 Profit=0.08%
2026-07-14 10:03:28 INFO     strategy        PnL: 10:03:28 MTM=507.00 Profit=0.08%
2026-07-14 10:03:29 INFO     strategy        PnL: 10:03:29 MTM=481.00 Profit=0.07%
2026-07-14 10:03:30 INFO     strategy        PnL: 10:03:30 MTM=533.00 Profit=0.08%
2026-07-14 10:03:32 INFO     strategy        PnL: 10:03:32 MTM=542.75 Profit=0.08%
2026-07-14 10:03:33 INFO     strategy        PnL: 10:03:33 MTM=526.50 Profit=0.08%
2026-07-14 10:03:34 INFO     strategy        PnL: 10:03:34 MTM=542.75 Profit=0.08%
2026-07-14 10:03:35 INFO     strategy        PnL: 10:03:35 MTM=523.25 Profit=0.08%
2026-07-14 10:03:36 INFO     strategy        PnL: 10:03:36 MTM=526.50 Profit=0.08%
2026-07-14 10:03:37 INFO     strategy        PnL: 10:03:37 MTM=562.25 Profit=0.09%
2026-07-14 10:03:38 INFO     strategy        PnL: 10:03:38 MTM=520.00 Profit=0.08%
2026-07-14 10:03:39 INFO     strategy        PnL: 10:03:39 MTM=500.50 Profit=0.08%
2026-07-14 10:03:40 INFO     strategy        PnL: 10:03:40 MTM=523.25 Profit=0.08%
2026-07-14 10:03:41 INFO     strategy        PnL: 10:03:41 MTM=546.00 Profit=0.08%
2026-07-14 10:03:42 INFO     strategy        PnL: 10:03:42 MTM=497.25 Profit=0.08%
2026-07-14 10:03:43 INFO     strategy        PnL: 10:03:43 MTM=536.25 Profit=0.08%
2026-07-14 10:03:44 INFO     strategy        PnL: 10:03:44 MTM=484.25 Profit=0.07%
2026-07-14 10:03:45 INFO     strategy        PnL: 10:03:45 MTM=484.25 Profit=0.07%
2026-07-14 10:03:46 INFO     strategy        PnL: 10:03:46 MTM=487.50 Profit=0.07%
2026-07-14 10:03:47 INFO     strategy        PnL: 10:03:47 MTM=477.75 Profit=0.07%
2026-07-14 10:03:48 INFO     strategy        PnL: 10:03:48 MTM=474.50 Profit=0.07%
2026-07-14 10:03:49 INFO     strategy        PnL: 10:03:49 MTM=471.25 Profit=0.07%
2026-07-14 10:03:50 INFO     strategy        PnL: 10:03:50 MTM=490.75 Profit=0.07%
2026-07-14 10:03:51 INFO     strategy        PnL: 10:03:51 MTM=494.00 Profit=0.08%
2026-07-14 10:03:52 INFO     strategy        PnL: 10:03:52 MTM=474.50 Profit=0.07%
2026-07-14 10:03:53 INFO     strategy        PnL: 10:03:53 MTM=442.00 Profit=0.07%
2026-07-14 10:03:54 INFO     strategy        PnL: 10:03:54 MTM=451.75 Profit=0.07%
2026-07-14 10:03:55 INFO     strategy        PnL: 10:03:55 MTM=458.25 Profit=0.07%
2026-07-14 10:03:56 INFO     strategy        PnL: 10:03:56 MTM=455.00 Profit=0.07%
2026-07-14 10:03:57 INFO     strategy        PnL: 10:03:57 MTM=474.50 Profit=0.07%
2026-07-14 10:03:58 INFO     strategy        PnL: 10:03:58 MTM=380.25 Profit=0.06%
2026-07-14 10:03:59 INFO     strategy        PnL: 10:03:59 MTM=396.50 Profit=0.06%
2026-07-14 10:04:00 INFO     strategy        PnL: 10:04:00 MTM=377.00 Profit=0.06%
2026-07-14 10:04:01 INFO     strategy        PnL: 10:04:01 MTM=386.75 Profit=0.06%
2026-07-14 10:04:02 INFO     strategy        PnL: 10:04:02 MTM=377.00 Profit=0.06%
2026-07-14 10:04:03 INFO     strategy        PnL: 10:04:03 MTM=338.00 Profit=0.05%
2026-07-14 10:04:04 INFO     strategy        PnL: 10:04:04 MTM=328.25 Profit=0.05%
2026-07-14 10:04:05 INFO     strategy        PnL: 10:04:05 MTM=351.00 Profit=0.05%
2026-07-14 10:04:06 INFO     strategy        PnL: 10:04:06 MTM=357.50 Profit=0.05%
2026-07-14 10:04:07 INFO     strategy        PnL: 10:04:07 MTM=380.25 Profit=0.06%
2026-07-14 10:04:08 INFO     strategy        PnL: 10:04:08 MTM=373.75 Profit=0.06%
2026-07-14 10:04:09 INFO     strategy        PnL: 10:04:09 MTM=422.50 Profit=0.06%
2026-07-14 10:04:10 INFO     strategy        PnL: 10:04:10 MTM=367.25 Profit=0.06%
2026-07-14 10:04:11 INFO     strategy        PnL: 10:04:11 MTM=377.00 Profit=0.06%
2026-07-14 10:04:12 INFO     strategy        PnL: 10:04:12 MTM=442.00 Profit=0.07%
2026-07-14 10:04:13 INFO     strategy        PnL: 10:04:13 MTM=370.50 Profit=0.06%
2026-07-14 10:04:14 INFO     strategy        PnL: 10:04:14 MTM=396.50 Profit=0.06%
2026-07-14 10:04:15 INFO     strategy        PnL: 10:04:15 MTM=367.25 Profit=0.06%
2026-07-14 10:04:16 INFO     strategy        PnL: 10:04:16 MTM=448.50 Profit=0.07%
2026-07-14 10:04:17 INFO     strategy        PnL: 10:04:17 MTM=432.25 Profit=0.07%
2026-07-14 10:04:18 INFO     strategy        PnL: 10:04:18 MTM=357.50 Profit=0.05%
2026-07-14 10:04:19 INFO     strategy        PnL: 10:04:19 MTM=286.00 Profit=0.04%
2026-07-14 10:04:20 INFO     strategy        PnL: 10:04:20 MTM=367.25 Profit=0.06%
2026-07-14 10:04:21 INFO     strategy        PnL: 10:04:21 MTM=338.00 Profit=0.05%
2026-07-14 10:04:22 INFO     strategy        PnL: 10:04:22 MTM=334.75 Profit=0.05%
2026-07-14 10:04:23 INFO     strategy        PnL: 10:04:23 MTM=373.75 Profit=0.06%
2026-07-14 10:04:24 INFO     strategy        PnL: 10:04:24 MTM=390.00 Profit=0.06%
2026-07-14 10:04:25 INFO     strategy        PnL: 10:04:25 MTM=341.25 Profit=0.05%
2026-07-14 10:04:26 INFO     strategy        PnL: 10:04:26 MTM=497.25 Profit=0.08%
2026-07-14 10:04:27 INFO     strategy        PnL: 10:04:27 MTM=419.25 Profit=0.06%
2026-07-14 10:04:28 INFO     strategy        PnL: 10:04:28 MTM=438.75 Profit=0.07%
2026-07-14 10:04:29 INFO     strategy        PnL: 10:04:29 MTM=464.75 Profit=0.07%
2026-07-14 10:04:30 INFO     strategy        PnL: 10:04:30 MTM=438.75 Profit=0.07%
2026-07-14 10:04:31 INFO     strategy        PnL: 10:04:31 MTM=477.75 Profit=0.07%
2026-07-14 10:04:32 INFO     strategy        PnL: 10:04:32 MTM=438.75 Profit=0.07%
2026-07-14 10:04:33 INFO     strategy        PnL: 10:04:33 MTM=419.25 Profit=0.06%
2026-07-14 10:04:34 INFO     strategy        PnL: 10:04:34 MTM=468.00 Profit=0.07%
2026-07-14 10:04:35 INFO     strategy        PnL: 10:04:35 MTM=455.00 Profit=0.07%
2026-07-14 10:04:36 INFO     strategy        PnL: 10:04:36 MTM=487.50 Profit=0.07%
2026-07-14 10:04:37 INFO     strategy        PnL: 10:04:37 MTM=445.25 Profit=0.07%
2026-07-14 10:04:38 INFO     strategy        PnL: 10:04:38 MTM=458.25 Profit=0.07%
2026-07-14 10:04:39 INFO     strategy        PnL: 10:04:39 MTM=594.75 Profit=0.09%
2026-07-14 10:04:40 INFO     strategy        PnL: 10:04:40 MTM=490.75 Profit=0.07%
2026-07-14 10:04:41 INFO     strategy        PnL: 10:04:41 MTM=461.50 Profit=0.07%
2026-07-14 10:04:42 INFO     strategy        PnL: 10:04:42 MTM=526.50 Profit=0.08%
2026-07-14 10:04:43 INFO     strategy        PnL: 10:04:43 MTM=520.00 Profit=0.08%
2026-07-14 10:04:44 INFO     strategy        PnL: 10:04:44 MTM=559.00 Profit=0.09%
2026-07-14 10:04:45 INFO     strategy        PnL: 10:04:45 MTM=523.25 Profit=0.08%
2026-07-14 10:04:46 INFO     strategy        PnL: 10:04:46 MTM=555.75 Profit=0.08%
2026-07-14 10:04:48 INFO     strategy        PnL: 10:04:48 MTM=588.25 Profit=0.09%
2026-07-14 10:04:49 INFO     strategy        PnL: 10:04:49 MTM=585.00 Profit=0.09%
2026-07-14 10:04:50 INFO     strategy        PnL: 10:04:50 MTM=594.75 Profit=0.09%
2026-07-14 10:04:51 INFO     strategy        PnL: 10:04:51 MTM=604.50 Profit=0.09%
2026-07-14 10:04:52 INFO     strategy        PnL: 10:04:52 MTM=614.25 Profit=0.09%
2026-07-14 10:04:53 INFO     strategy        PnL: 10:04:53 MTM=643.50 Profit=0.10%
2026-07-14 10:04:54 INFO     strategy        PnL: 10:04:54 MTM=646.75 Profit=0.10%
2026-07-14 10:04:55 INFO     strategy        PnL: 10:04:55 MTM=614.25 Profit=0.09%
2026-07-14 10:04:56 INFO     strategy        PnL: 10:04:56 MTM=650.00 Profit=0.10%
2026-07-14 10:04:57 INFO     strategy        PnL: 10:04:57 MTM=637.00 Profit=0.10%
2026-07-14 10:04:58 INFO     strategy        PnL: 10:04:58 MTM=656.50 Profit=0.10%
2026-07-14 10:04:59 INFO     strategy        PnL: 10:04:59 MTM=666.25 Profit=0.10%
2026-07-14 10:05:00 INFO     strategy        PnL: 10:05:00 MTM=679.25 Profit=0.10%
2026-07-14 10:05:01 INFO     strategy        PnL: 10:05:01 MTM=672.75 Profit=0.10%
2026-07-14 10:05:02 INFO     strategy        PnL: 10:05:02 MTM=676.00 Profit=0.10%
2026-07-14 10:05:03 INFO     strategy        PnL: 10:05:03 MTM=663.00 Profit=0.10%
2026-07-14 10:05:04 INFO     strategy        PnL: 10:05:04 MTM=653.25 Profit=0.10%
2026-07-14 10:05:05 INFO     strategy        PnL: 10:05:05 MTM=653.25 Profit=0.10%
2026-07-14 10:05:06 INFO     strategy        PnL: 10:05:06 MTM=542.75 Profit=0.08%
2026-07-14 10:05:07 INFO     strategy        PnL: 10:05:07 MTM=653.25 Profit=0.10%
2026-07-14 10:05:08 INFO     strategy        PnL: 10:05:08 MTM=630.50 Profit=0.10%
2026-07-14 10:05:09 INFO     strategy        PnL: 10:05:09 MTM=643.50 Profit=0.10%
2026-07-14 10:05:10 INFO     strategy        PnL: 10:05:10 MTM=614.25 Profit=0.09%
2026-07-14 10:05:11 INFO     strategy        PnL: 10:05:11 MTM=598.00 Profit=0.09%
2026-07-14 10:05:12 INFO     strategy        PnL: 10:05:12 MTM=646.75 Profit=0.10%
2026-07-14 10:05:13 INFO     strategy        PnL: 10:05:13 MTM=588.25 Profit=0.09%
2026-07-14 10:05:14 INFO     strategy        PnL: 10:05:14 MTM=624.00 Profit=0.10%
2026-07-14 10:05:15 INFO     strategy        PnL: 10:05:15 MTM=646.75 Profit=0.10%
2026-07-14 10:05:16 INFO     strategy        PnL: 10:05:16 MTM=676.00 Profit=0.10%
2026-07-14 10:05:17 INFO     strategy        PnL: 10:05:17 MTM=682.50 Profit=0.10%
2026-07-14 10:05:18 INFO     strategy        PnL: 10:05:18 MTM=669.50 Profit=0.10%
2026-07-14 10:05:19 INFO     strategy        PnL: 10:05:19 MTM=682.50 Profit=0.10%
2026-07-14 10:05:20 INFO     strategy        PnL: 10:05:20 MTM=689.00 Profit=0.10%
2026-07-14 10:05:21 INFO     strategy        PnL: 10:05:21 MTM=679.25 Profit=0.10%
2026-07-14 10:05:22 INFO     strategy        PnL: 10:05:22 MTM=659.75 Profit=0.10%
2026-07-14 10:05:23 INFO     strategy        PnL: 10:05:23 MTM=702.00 Profit=0.11%
2026-07-14 10:05:24 INFO     strategy        PnL: 10:05:24 MTM=692.25 Profit=0.11%
2026-07-14 10:05:25 INFO     strategy        PnL: 10:05:25 MTM=692.25 Profit=0.11%
2026-07-14 10:05:26 INFO     strategy        PnL: 10:05:26 MTM=676.00 Profit=0.10%
2026-07-14 10:05:27 INFO     strategy        PnL: 10:05:27 MTM=513.50 Profit=0.08%
2026-07-14 10:05:28 INFO     strategy        PnL: 10:05:28 MTM=627.25 Profit=0.10%
2026-07-14 10:05:29 INFO     strategy        PnL: 10:05:29 MTM=614.25 Profit=0.09%
2026-07-14 10:05:30 INFO     strategy        PnL: 10:05:30 MTM=604.50 Profit=0.09%
2026-07-14 10:05:31 INFO     strategy        PnL: 10:05:31 MTM=578.50 Profit=0.09%
2026-07-14 10:05:32 INFO     strategy        PnL: 10:05:32 MTM=640.25 Profit=0.10%
2026-07-14 10:05:33 INFO     strategy        PnL: 10:05:33 MTM=607.75 Profit=0.09%
2026-07-14 10:05:34 INFO     strategy        PnL: 10:05:34 MTM=611.00 Profit=0.09%
2026-07-14 10:05:35 INFO     strategy        PnL: 10:05:35 MTM=598.00 Profit=0.09%
2026-07-14 10:05:36 INFO     strategy        PnL: 10:05:36 MTM=552.50 Profit=0.08%
2026-07-14 10:05:37 INFO     strategy        PnL: 10:05:37 MTM=624.00 Profit=0.10%
2026-07-14 10:05:38 INFO     strategy        PnL: 10:05:38 MTM=575.25 Profit=0.09%
2026-07-14 10:05:39 INFO     strategy        PnL: 10:05:39 MTM=513.50 Profit=0.08%
2026-07-14 10:05:40 INFO     strategy        PnL: 10:05:40 MTM=614.25 Profit=0.09%
2026-07-14 10:05:41 INFO     strategy        PnL: 10:05:41 MTM=627.25 Profit=0.10%
2026-07-14 10:05:42 INFO     strategy        PnL: 10:05:42 MTM=591.50 Profit=0.09%
2026-07-14 10:05:43 INFO     strategy        PnL: 10:05:43 MTM=598.00 Profit=0.09%
2026-07-14 10:05:44 INFO     strategy        PnL: 10:05:44 MTM=568.75 Profit=0.09%
2026-07-14 10:05:45 INFO     strategy        PnL: 10:05:45 MTM=568.75 Profit=0.09%
2026-07-14 10:05:46 INFO     strategy        PnL: 10:05:46 MTM=555.75 Profit=0.08%
2026-07-14 10:05:47 INFO     strategy        PnL: 10:05:47 MTM=549.25 Profit=0.08%
2026-07-14 10:05:48 INFO     strategy        PnL: 10:05:48 MTM=539.50 Profit=0.08%
2026-07-14 10:05:49 INFO     strategy        PnL: 10:05:49 MTM=539.50 Profit=0.08%
2026-07-14 10:05:50 INFO     strategy        PnL: 10:05:50 MTM=552.50 Profit=0.08%
2026-07-14 10:05:51 INFO     strategy        PnL: 10:05:51 MTM=581.75 Profit=0.09%
2026-07-14 10:05:52 INFO     strategy        PnL: 10:05:52 MTM=539.50 Profit=0.08%
2026-07-14 10:05:53 INFO     strategy        PnL: 10:05:53 MTM=565.50 Profit=0.09%
2026-07-14 10:05:54 INFO     strategy        PnL: 10:05:54 MTM=585.00 Profit=0.09%
2026-07-14 10:05:55 INFO     strategy        PnL: 10:05:55 MTM=559.00 Profit=0.09%
2026-07-14 10:05:56 INFO     strategy        PnL: 10:05:56 MTM=559.00 Profit=0.09%
2026-07-14 10:05:57 INFO     strategy        PnL: 10:05:57 MTM=542.75 Profit=0.08%
2026-07-14 10:05:58 INFO     strategy        PnL: 10:05:58 MTM=562.25 Profit=0.09%
2026-07-14 10:05:59 INFO     strategy        PnL: 10:05:59 MTM=533.00 Profit=0.08%
2026-07-14 10:06:00 INFO     strategy        PnL: 10:06:00 MTM=575.25 Profit=0.09%
2026-07-14 10:06:01 INFO     strategy        PnL: 10:06:01 MTM=546.00 Profit=0.08%
2026-07-14 10:06:02 INFO     strategy        PnL: 10:06:02 MTM=575.25 Profit=0.09%
2026-07-14 10:06:03 INFO     strategy        PnL: 10:06:03 MTM=529.75 Profit=0.08%
2026-07-14 10:06:04 INFO     strategy        PnL: 10:06:04 MTM=549.25 Profit=0.08%
2026-07-14 10:06:05 INFO     strategy        PnL: 10:06:05 MTM=562.25 Profit=0.09%
2026-07-14 10:06:06 INFO     strategy        PnL: 10:06:06 MTM=516.75 Profit=0.08%
2026-07-14 10:06:07 INFO     strategy        PnL: 10:06:07 MTM=562.25 Profit=0.09%
2026-07-14 10:06:08 INFO     strategy        PnL: 10:06:08 MTM=513.50 Profit=0.08%
2026-07-14 10:06:09 INFO     strategy        PnL: 10:06:09 MTM=542.75 Profit=0.08%
2026-07-14 10:06:10 INFO     strategy        PnL: 10:06:10 MTM=542.75 Profit=0.08%
2026-07-14 10:06:11 INFO     strategy        PnL: 10:06:11 MTM=536.25 Profit=0.08%
2026-07-14 10:06:12 INFO     strategy        PnL: 10:06:12 MTM=581.75 Profit=0.09%
2026-07-14 10:06:13 INFO     strategy        PnL: 10:06:13 MTM=572.00 Profit=0.09%
2026-07-14 10:06:14 INFO     strategy        PnL: 10:06:14 MTM=542.75 Profit=0.08%
2026-07-14 10:06:15 INFO     strategy        PnL: 10:06:15 MTM=516.75 Profit=0.08%
2026-07-14 10:06:16 INFO     strategy        PnL: 10:06:16 MTM=503.75 Profit=0.08%
2026-07-14 10:06:17 INFO     strategy        PnL: 10:06:17 MTM=549.25 Profit=0.08%
2026-07-14 10:06:18 INFO     strategy        PnL: 10:06:18 MTM=591.50 Profit=0.09%
2026-07-14 10:06:20 INFO     strategy        PnL: 10:06:20 MTM=598.00 Profit=0.09%
2026-07-14 10:06:21 INFO     strategy        PnL: 10:06:21 MTM=559.00 Profit=0.09%
2026-07-14 10:06:22 INFO     strategy        PnL: 10:06:22 MTM=539.50 Profit=0.08%
2026-07-14 10:06:23 INFO     strategy        PnL: 10:06:23 MTM=611.00 Profit=0.09%
2026-07-14 10:06:24 INFO     strategy        PnL: 10:06:24 MTM=572.00 Profit=0.09%
2026-07-14 10:06:25 INFO     strategy        PnL: 10:06:25 MTM=611.00 Profit=0.09%
2026-07-14 10:06:26 INFO     strategy        PnL: 10:06:26 MTM=562.25 Profit=0.09%
2026-07-14 10:06:27 INFO     strategy        PnL: 10:06:27 MTM=627.25 Profit=0.10%
2026-07-14 10:06:28 INFO     strategy        PnL: 10:06:28 MTM=607.75 Profit=0.09%
2026-07-14 10:06:29 INFO     strategy        PnL: 10:06:29 MTM=666.25 Profit=0.10%
2026-07-14 10:06:30 INFO     strategy        PnL: 10:06:30 MTM=630.50 Profit=0.10%
2026-07-14 10:06:31 INFO     strategy        PnL: 10:06:31 MTM=656.50 Profit=0.10%
2026-07-14 10:06:32 INFO     strategy        PnL: 10:06:32 MTM=630.50 Profit=0.10%
2026-07-14 10:06:33 INFO     strategy        PnL: 10:06:33 MTM=653.25 Profit=0.10%
2026-07-14 10:06:34 INFO     strategy        PnL: 10:06:34 MTM=659.75 Profit=0.10%
2026-07-14 10:06:35 INFO     strategy        PnL: 10:06:35 MTM=676.00 Profit=0.10%
2026-07-14 10:06:36 INFO     strategy        PnL: 10:06:36 MTM=669.50 Profit=0.10%
2026-07-14 10:06:37 INFO     strategy        PnL: 10:06:37 MTM=663.00 Profit=0.10%
2026-07-14 10:06:38 INFO     strategy        PnL: 10:06:38 MTM=676.00 Profit=0.10%
2026-07-14 10:06:39 INFO     strategy        PnL: 10:06:39 MTM=643.50 Profit=0.10%
2026-07-14 10:06:40 INFO     strategy        PnL: 10:06:40 MTM=620.75 Profit=0.09%
2026-07-14 10:06:41 INFO     strategy        PnL: 10:06:41 MTM=650.00 Profit=0.10%
2026-07-14 10:06:42 INFO     strategy        PnL: 10:06:42 MTM=663.00 Profit=0.10%
2026-07-14 10:06:43 INFO     strategy        PnL: 10:06:43 MTM=646.75 Profit=0.10%
2026-07-14 10:06:44 INFO     strategy        PnL: 10:06:44 MTM=653.25 Profit=0.10%
2026-07-14 10:06:45 INFO     strategy        PnL: 10:06:45 MTM=572.00 Profit=0.09%
2026-07-14 10:06:46 INFO     strategy        PnL: 10:06:46 MTM=614.25 Profit=0.09%
2026-07-14 10:06:47 INFO     strategy        PnL: 10:06:47 MTM=572.00 Profit=0.09%
2026-07-14 10:06:48 INFO     strategy        PnL: 10:06:48 MTM=633.75 Profit=0.10%
2026-07-14 10:06:49 INFO     strategy        PnL: 10:06:49 MTM=611.00 Profit=0.09%
2026-07-14 10:06:50 INFO     strategy        PnL: 10:06:50 MTM=601.25 Profit=0.09%
2026-07-14 10:06:51 INFO     strategy        PnL: 10:06:51 MTM=637.00 Profit=0.10%
2026-07-14 10:06:52 INFO     strategy        PnL: 10:06:52 MTM=601.25 Profit=0.09%
2026-07-14 10:06:53 INFO     strategy        PnL: 10:06:53 MTM=617.50 Profit=0.09%
2026-07-14 10:06:54 INFO     strategy        PnL: 10:06:54 MTM=614.25 Profit=0.09%
2026-07-14 10:06:55 INFO     strategy        PnL: 10:06:55 MTM=601.25 Profit=0.09%
2026-07-14 10:06:56 INFO     strategy        PnL: 10:06:56 MTM=559.00 Profit=0.09%
2026-07-14 10:06:57 INFO     strategy        PnL: 10:06:57 MTM=614.25 Profit=0.09%
2026-07-14 10:06:58 INFO     strategy        PnL: 10:06:58 MTM=594.75 Profit=0.09%
2026-07-14 10:06:59 INFO     strategy        PnL: 10:06:59 MTM=588.25 Profit=0.09%
2026-07-14 10:07:00 INFO     strategy        PnL: 10:07:00 MTM=617.50 Profit=0.09%
2026-07-14 10:07:01 INFO     strategy        PnL: 10:07:01 MTM=640.25 Profit=0.10%
2026-07-14 10:07:02 INFO     strategy        PnL: 10:07:02 MTM=624.00 Profit=0.10%
2026-07-14 10:07:03 INFO     strategy        PnL: 10:07:03 MTM=611.00 Profit=0.09%
2026-07-14 10:07:04 INFO     strategy        PnL: 10:07:04 MTM=611.00 Profit=0.09%
2026-07-14 10:07:05 INFO     strategy        PnL: 10:07:05 MTM=594.75 Profit=0.09%
2026-07-14 10:07:06 INFO     strategy        PnL: 10:07:06 MTM=542.75 Profit=0.08%
2026-07-14 10:07:07 INFO     strategy        PnL: 10:07:07 MTM=562.25 Profit=0.09%
2026-07-14 10:07:08 INFO     strategy        PnL: 10:07:08 MTM=624.00 Profit=0.10%
2026-07-14 10:07:09 INFO     strategy        PnL: 10:07:09 MTM=601.25 Profit=0.09%
2026-07-14 10:07:10 INFO     strategy        PnL: 10:07:10 MTM=562.25 Profit=0.09%
2026-07-14 10:07:11 INFO     strategy        PnL: 10:07:11 MTM=607.75 Profit=0.09%
2026-07-14 10:07:12 INFO     strategy        PnL: 10:07:12 MTM=633.75 Profit=0.10%
2026-07-14 10:07:13 INFO     strategy        PnL: 10:07:13 MTM=624.00 Profit=0.10%
2026-07-14 10:07:14 INFO     strategy        PnL: 10:07:14 MTM=607.75 Profit=0.09%
2026-07-14 10:07:15 INFO     strategy        PnL: 10:07:15 MTM=633.75 Profit=0.10%
2026-07-14 10:07:16 INFO     strategy        PnL: 10:07:16 MTM=659.75 Profit=0.10%
2026-07-14 10:07:17 INFO     strategy        PnL: 10:07:17 MTM=620.75 Profit=0.09%
2026-07-14 10:07:18 INFO     strategy        PnL: 10:07:18 MTM=604.50 Profit=0.09%
2026-07-14 10:07:19 INFO     strategy        PnL: 10:07:19 MTM=617.50 Profit=0.09%
2026-07-14 10:07:20 INFO     strategy        PnL: 10:07:20 MTM=552.50 Profit=0.08%
2026-07-14 10:07:21 INFO     strategy        PnL: 10:07:21 MTM=520.00 Profit=0.08%
2026-07-14 10:07:22 INFO     strategy        PnL: 10:07:22 MTM=536.25 Profit=0.08%
2026-07-14 10:07:23 INFO     strategy        PnL: 10:07:23 MTM=526.50 Profit=0.08%
2026-07-14 10:07:24 INFO     strategy        PnL: 10:07:24 MTM=513.50 Profit=0.08%
2026-07-14 10:07:25 INFO     strategy        PnL: 10:07:25 MTM=546.00 Profit=0.08%
2026-07-14 10:07:26 INFO     strategy        PnL: 10:07:26 MTM=523.25 Profit=0.08%
2026-07-14 10:07:27 INFO     strategy        PnL: 10:07:27 MTM=536.25 Profit=0.08%
2026-07-14 10:07:28 INFO     strategy        PnL: 10:07:28 MTM=464.75 Profit=0.07%
2026-07-14 10:07:29 INFO     strategy        PnL: 10:07:29 MTM=520.00 Profit=0.08%
2026-07-14 10:07:30 INFO     strategy        PnL: 10:07:30 MTM=494.00 Profit=0.08%
2026-07-14 10:07:31 INFO     strategy        PnL: 10:07:31 MTM=536.25 Profit=0.08%
2026-07-14 10:07:32 INFO     strategy        PnL: 10:07:32 MTM=520.00 Profit=0.08%
2026-07-14 10:07:33 INFO     strategy        PnL: 10:07:33 MTM=513.50 Profit=0.08%
2026-07-14 10:07:34 INFO     strategy        PnL: 10:07:34 MTM=513.50 Profit=0.08%
2026-07-14 10:07:35 INFO     strategy        PnL: 10:07:35 MTM=552.50 Profit=0.08%
2026-07-14 10:07:36 INFO     strategy        PnL: 10:07:36 MTM=520.00 Profit=0.08%
2026-07-14 10:07:37 INFO     strategy        PnL: 10:07:37 MTM=516.75 Profit=0.08%
2026-07-14 10:07:38 INFO     strategy        PnL: 10:07:38 MTM=455.00 Profit=0.07%
2026-07-14 10:07:39 INFO     strategy        PnL: 10:07:39 MTM=510.25 Profit=0.08%
2026-07-14 10:07:40 INFO     strategy        PnL: 10:07:40 MTM=464.75 Profit=0.07%
2026-07-14 10:07:41 INFO     strategy        PnL: 10:07:41 MTM=442.00 Profit=0.07%
2026-07-14 10:07:42 INFO     strategy        PnL: 10:07:42 MTM=390.00 Profit=0.06%
2026-07-14 10:07:43 INFO     strategy        PnL: 10:07:43 MTM=458.25 Profit=0.07%
2026-07-14 10:07:44 INFO     strategy        PnL: 10:07:44 MTM=425.75 Profit=0.06%
2026-07-14 10:07:45 INFO     strategy        PnL: 10:07:45 MTM=409.50 Profit=0.06%
2026-07-14 10:07:46 INFO     strategy        PnL: 10:07:46 MTM=461.50 Profit=0.07%
2026-07-14 10:07:47 INFO     strategy        PnL: 10:07:47 MTM=471.25 Profit=0.07%
2026-07-14 10:07:48 INFO     strategy        PnL: 10:07:48 MTM=438.75 Profit=0.07%
2026-07-14 10:07:49 INFO     strategy        PnL: 10:07:49 MTM=419.25 Profit=0.06%
2026-07-14 10:07:50 INFO     strategy        PnL: 10:07:50 MTM=416.00 Profit=0.06%
2026-07-14 10:07:51 INFO     strategy        PnL: 10:07:51 MTM=445.25 Profit=0.07%
2026-07-14 10:07:52 INFO     strategy        PnL: 10:07:52 MTM=442.00 Profit=0.07%
2026-07-14 10:07:53 INFO     strategy        PnL: 10:07:53 MTM=458.25 Profit=0.07%
2026-07-14 10:07:54 INFO     strategy        PnL: 10:07:54 MTM=406.25 Profit=0.06%
2026-07-14 10:07:55 INFO     strategy        PnL: 10:07:55 MTM=445.25 Profit=0.07%
2026-07-14 10:07:56 INFO     strategy        PnL: 10:07:56 MTM=471.25 Profit=0.07%
2026-07-14 10:07:57 INFO     strategy        PnL: 10:07:57 MTM=471.25 Profit=0.07%
2026-07-14 10:07:58 INFO     strategy        PnL: 10:07:58 MTM=477.75 Profit=0.07%
2026-07-14 10:07:59 INFO     strategy        PnL: 10:07:59 MTM=438.75 Profit=0.07%
2026-07-14 10:08:01 INFO     strategy        PnL: 10:08:01 MTM=471.25 Profit=0.07%
2026-07-14 10:08:02 INFO     strategy        PnL: 10:08:02 MTM=490.75 Profit=0.07%
2026-07-14 10:08:03 INFO     strategy        PnL: 10:08:03 MTM=458.25 Profit=0.07%
2026-07-14 10:08:04 INFO     strategy        PnL: 10:08:04 MTM=516.75 Profit=0.08%
2026-07-14 10:08:05 INFO     strategy        PnL: 10:08:05 MTM=461.50 Profit=0.07%
2026-07-14 10:08:06 INFO     strategy        PnL: 10:08:06 MTM=464.75 Profit=0.07%
2026-07-14 10:08:07 INFO     strategy        PnL: 10:08:07 MTM=455.00 Profit=0.07%
2026-07-14 10:08:08 INFO     strategy        PnL: 10:08:08 MTM=481.00 Profit=0.07%
2026-07-14 10:08:09 INFO     strategy        PnL: 10:08:09 MTM=461.50 Profit=0.07%
2026-07-14 10:08:10 INFO     strategy        PnL: 10:08:10 MTM=464.75 Profit=0.07%
2026-07-14 10:08:11 INFO     strategy        PnL: 10:08:11 MTM=412.75 Profit=0.06%
2026-07-14 10:08:12 INFO     strategy        PnL: 10:08:12 MTM=494.00 Profit=0.08%
2026-07-14 10:08:13 INFO     strategy        PnL: 10:08:13 MTM=487.50 Profit=0.07%
2026-07-14 10:08:14 INFO     strategy        PnL: 10:08:14 MTM=471.25 Profit=0.07%
2026-07-14 10:08:15 INFO     strategy        PnL: 10:08:15 MTM=445.25 Profit=0.07%
2026-07-14 10:08:16 INFO     strategy        PnL: 10:08:16 MTM=461.50 Profit=0.07%
2026-07-14 10:08:17 INFO     strategy        PnL: 10:08:17 MTM=468.00 Profit=0.07%
2026-07-14 10:08:18 INFO     strategy        PnL: 10:08:18 MTM=461.50 Profit=0.07%
2026-07-14 10:08:19 INFO     strategy        PnL: 10:08:19 MTM=412.75 Profit=0.06%
2026-07-14 10:08:20 INFO     strategy        PnL: 10:08:20 MTM=396.50 Profit=0.06%
2026-07-14 10:08:21 INFO     strategy        PnL: 10:08:21 MTM=416.00 Profit=0.06%
2026-07-14 10:08:22 INFO     strategy        PnL: 10:08:22 MTM=422.50 Profit=0.06%
2026-07-14 10:08:23 INFO     strategy        PnL: 10:08:23 MTM=354.25 Profit=0.05%
2026-07-14 10:08:24 INFO     strategy        PnL: 10:08:24 MTM=484.25 Profit=0.07%
2026-07-14 10:08:25 INFO     strategy        PnL: 10:08:25 MTM=471.25 Profit=0.07%
2026-07-14 10:08:26 INFO     strategy        PnL: 10:08:26 MTM=468.00 Profit=0.07%
2026-07-14 10:08:27 INFO     strategy        PnL: 10:08:27 MTM=500.50 Profit=0.08%
2026-07-14 10:08:28 INFO     strategy        PnL: 10:08:28 MTM=503.75 Profit=0.08%
2026-07-14 10:08:29 INFO     strategy        PnL: 10:08:29 MTM=464.75 Profit=0.07%
2026-07-14 10:08:30 INFO     strategy        PnL: 10:08:30 MTM=503.75 Profit=0.08%
2026-07-14 10:08:31 INFO     strategy        PnL: 10:08:31 MTM=510.25 Profit=0.08%
2026-07-14 10:08:32 INFO     strategy        PnL: 10:08:32 MTM=490.75 Profit=0.07%
2026-07-14 10:08:33 INFO     strategy        PnL: 10:08:33 MTM=529.75 Profit=0.08%
2026-07-14 10:08:34 INFO     strategy        PnL: 10:08:34 MTM=533.00 Profit=0.08%
2026-07-14 10:08:35 INFO     strategy        PnL: 10:08:35 MTM=555.75 Profit=0.08%
2026-07-14 10:08:36 INFO     strategy        PnL: 10:08:36 MTM=594.75 Profit=0.09%
2026-07-14 10:08:37 INFO     strategy        PnL: 10:08:37 MTM=565.50 Profit=0.09%
2026-07-14 10:08:38 INFO     strategy        PnL: 10:08:38 MTM=601.25 Profit=0.09%
2026-07-14 10:08:39 INFO     strategy        PnL: 10:08:39 MTM=594.75 Profit=0.09%
2026-07-14 10:08:40 INFO     strategy        PnL: 10:08:40 MTM=614.25 Profit=0.09%
2026-07-14 10:08:41 INFO     strategy        PnL: 10:08:41 MTM=601.25 Profit=0.09%
2026-07-14 10:08:42 INFO     strategy        PnL: 10:08:42 MTM=601.25 Profit=0.09%
2026-07-14 10:08:43 INFO     strategy        PnL: 10:08:43 MTM=633.75 Profit=0.10%
2026-07-14 10:08:44 INFO     strategy        PnL: 10:08:44 MTM=656.50 Profit=0.10%
2026-07-14 10:08:45 INFO     strategy        PnL: 10:08:45 MTM=607.75 Profit=0.09%
2026-07-14 10:08:46 INFO     strategy        PnL: 10:08:46 MTM=705.25 Profit=0.11%
2026-07-14 10:08:47 INFO     strategy        PnL: 10:08:47 MTM=718.25 Profit=0.11%
2026-07-14 10:08:48 INFO     strategy        PnL: 10:08:48 MTM=695.50 Profit=0.11%
2026-07-14 10:08:49 INFO     strategy        PnL: 10:08:49 MTM=718.25 Profit=0.11%
2026-07-14 10:08:50 INFO     strategy        PnL: 10:08:50 MTM=724.75 Profit=0.11%
2026-07-14 10:08:51 INFO     strategy        PnL: 10:08:51 MTM=692.25 Profit=0.11%
2026-07-14 10:08:52 INFO     strategy        PnL: 10:08:52 MTM=744.25 Profit=0.11%
2026-07-14 10:08:53 INFO     strategy        PnL: 10:08:53 MTM=737.75 Profit=0.11%
2026-07-14 10:08:54 INFO     strategy        PnL: 10:08:54 MTM=747.50 Profit=0.11%
2026-07-14 10:08:55 INFO     strategy        PnL: 10:08:55 MTM=711.75 Profit=0.11%
2026-07-14 10:08:56 INFO     strategy        PnL: 10:08:56 MTM=724.75 Profit=0.11%
2026-07-14 10:08:57 INFO     strategy        PnL: 10:08:57 MTM=721.50 Profit=0.11%
2026-07-14 10:08:58 INFO     strategy        PnL: 10:08:58 MTM=734.50 Profit=0.11%
2026-07-14 10:08:59 INFO     strategy        PnL: 10:08:59 MTM=708.50 Profit=0.11%
2026-07-14 10:09:00 INFO     strategy        PnL: 10:09:00 MTM=685.75 Profit=0.10%
2026-07-14 10:09:01 INFO     strategy        PnL: 10:09:01 MTM=718.25 Profit=0.11%
2026-07-14 10:09:02 INFO     strategy        PnL: 10:09:02 MTM=702.00 Profit=0.11%
2026-07-14 10:09:03 INFO     strategy        PnL: 10:09:03 MTM=689.00 Profit=0.10%
2026-07-14 10:09:04 INFO     strategy        PnL: 10:09:04 MTM=698.75 Profit=0.11%
2026-07-14 10:09:05 INFO     strategy        PnL: 10:09:05 MTM=763.75 Profit=0.12%
2026-07-14 10:09:06 INFO     strategy        PnL: 10:09:06 MTM=676.00 Profit=0.10%
2026-07-14 10:09:07 INFO     strategy        PnL: 10:09:07 MTM=669.50 Profit=0.10%
2026-07-14 10:09:08 INFO     strategy        PnL: 10:09:08 MTM=646.75 Profit=0.10%
2026-07-14 10:09:09 INFO     strategy        PnL: 10:09:09 MTM=695.50 Profit=0.11%
2026-07-14 10:09:10 INFO     strategy        PnL: 10:09:10 MTM=659.75 Profit=0.10%
2026-07-14 10:09:11 INFO     strategy        PnL: 10:09:11 MTM=620.75 Profit=0.09%
2026-07-14 10:09:12 INFO     strategy        PnL: 10:09:12 MTM=672.75 Profit=0.10%
2026-07-14 10:09:13 INFO     strategy        PnL: 10:09:13 MTM=695.50 Profit=0.11%
2026-07-14 10:09:14 INFO     strategy        PnL: 10:09:14 MTM=633.75 Profit=0.10%
2026-07-14 10:09:15 INFO     strategy        PnL: 10:09:15 MTM=604.50 Profit=0.09%
2026-07-14 10:09:16 INFO     strategy        PnL: 10:09:16 MTM=643.50 Profit=0.10%
2026-07-14 10:09:17 INFO     strategy        PnL: 10:09:17 MTM=630.50 Profit=0.10%
2026-07-14 10:09:18 INFO     strategy        PnL: 10:09:18 MTM=633.75 Profit=0.10%
2026-07-14 10:09:19 INFO     strategy        PnL: 10:09:19 MTM=640.25 Profit=0.10%
2026-07-14 10:09:20 INFO     strategy        PnL: 10:09:20 MTM=643.50 Profit=0.10%
2026-07-14 10:09:21 INFO     strategy        PnL: 10:09:21 MTM=656.50 Profit=0.10%
2026-07-14 10:09:22 INFO     strategy        PnL: 10:09:22 MTM=650.00 Profit=0.10%
2026-07-14 10:09:23 INFO     strategy        PnL: 10:09:23 MTM=659.75 Profit=0.10%
2026-07-14 10:09:24 INFO     strategy        PnL: 10:09:24 MTM=666.25 Profit=0.10%
2026-07-14 10:09:25 INFO     strategy        PnL: 10:09:25 MTM=692.25 Profit=0.11%
2026-07-14 10:09:26 INFO     strategy        PnL: 10:09:26 MTM=659.75 Profit=0.10%
2026-07-14 10:09:27 INFO     strategy        PnL: 10:09:27 MTM=614.25 Profit=0.09%
2026-07-14 10:09:28 INFO     strategy        PnL: 10:09:28 MTM=653.25 Profit=0.10%
2026-07-14 10:09:29 INFO     strategy        PnL: 10:09:29 MTM=669.50 Profit=0.10%
2026-07-14 10:09:30 INFO     strategy        PnL: 10:09:30 MTM=724.75 Profit=0.11%
2026-07-14 10:09:31 INFO     strategy        PnL: 10:09:31 MTM=734.50 Profit=0.11%
2026-07-14 10:09:32 INFO     strategy        PnL: 10:09:32 MTM=741.00 Profit=0.11%
2026-07-14 10:09:33 INFO     strategy        PnL: 10:09:33 MTM=741.00 Profit=0.11%
2026-07-14 10:09:34 INFO     strategy        PnL: 10:09:34 MTM=783.25 Profit=0.12%
2026-07-14 10:09:35 INFO     strategy        PnL: 10:09:35 MTM=724.75 Profit=0.11%
2026-07-14 10:09:36 INFO     strategy        PnL: 10:09:36 MTM=750.75 Profit=0.11%
2026-07-14 10:09:38 INFO     strategy        PnL: 10:09:38 MTM=793.00 Profit=0.12%
2026-07-14 10:09:39 INFO     strategy        PnL: 10:09:39 MTM=744.25 Profit=0.11%
2026-07-14 10:09:40 INFO     strategy        PnL: 10:09:40 MTM=581.75 Profit=0.09%
2026-07-14 10:09:41 INFO     strategy        PnL: 10:09:41 MTM=773.50 Profit=0.12%
2026-07-14 10:09:42 INFO     strategy        PnL: 10:09:42 MTM=815.75 Profit=0.12%
2026-07-14 10:09:43 INFO     strategy        PnL: 10:09:43 MTM=828.75 Profit=0.13%
2026-07-14 10:09:44 INFO     strategy        PnL: 10:09:44 MTM=828.75 Profit=0.13%
2026-07-14 10:09:45 INFO     strategy        PnL: 10:09:45 MTM=757.25 Profit=0.12%
2026-07-14 10:09:46 INFO     strategy        PnL: 10:09:46 MTM=786.50 Profit=0.12%
2026-07-14 10:09:47 INFO     strategy        PnL: 10:09:47 MTM=815.75 Profit=0.12%
2026-07-14 10:09:48 INFO     strategy        PnL: 10:09:48 MTM=770.25 Profit=0.12%
2026-07-14 10:09:49 INFO     strategy        PnL: 10:09:49 MTM=825.50 Profit=0.13%
2026-07-14 10:09:50 INFO     strategy        PnL: 10:09:50 MTM=793.00 Profit=0.12%
2026-07-14 10:09:51 INFO     strategy        PnL: 10:09:51 MTM=793.00 Profit=0.12%
2026-07-14 10:09:52 INFO     strategy        PnL: 10:09:52 MTM=845.00 Profit=0.13%
2026-07-14 10:09:53 INFO     strategy        PnL: 10:09:53 MTM=806.00 Profit=0.12%
2026-07-14 10:09:54 INFO     strategy        PnL: 10:09:54 MTM=815.75 Profit=0.12%
2026-07-14 10:09:55 INFO     strategy        PnL: 10:09:55 MTM=802.75 Profit=0.12%
2026-07-14 10:09:56 INFO     strategy        PnL: 10:09:56 MTM=838.50 Profit=0.13%
2026-07-14 10:09:57 INFO     strategy        PnL: 10:09:57 MTM=819.00 Profit=0.12%
2026-07-14 10:09:58 INFO     strategy        PnL: 10:09:58 MTM=832.00 Profit=0.13%
2026-07-14 10:09:59 INFO     strategy        PnL: 10:09:59 MTM=809.25 Profit=0.12%
2026-07-14 10:10:00 INFO     strategy        PnL: 10:10:00 MTM=838.50 Profit=0.13%
2026-07-14 10:10:01 INFO     strategy        PnL: 10:10:01 MTM=838.50 Profit=0.13%
2026-07-14 10:10:02 INFO     strategy        PnL: 10:10:02 MTM=845.00 Profit=0.13%
2026-07-14 10:10:03 INFO     strategy        PnL: 10:10:03 MTM=848.25 Profit=0.13%
2026-07-14 10:10:04 INFO     strategy        PnL: 10:10:04 MTM=838.50 Profit=0.13%
2026-07-14 10:10:05 INFO     strategy        PnL: 10:10:05 MTM=848.25 Profit=0.13%
2026-07-14 10:10:06 INFO     strategy        PnL: 10:10:06 MTM=806.00 Profit=0.12%
2026-07-14 10:10:07 INFO     strategy        PnL: 10:10:07 MTM=799.50 Profit=0.12%
2026-07-14 10:10:08 INFO     strategy        PnL: 10:10:08 MTM=809.25 Profit=0.12%
2026-07-14 10:10:09 INFO     strategy        PnL: 10:10:09 MTM=802.75 Profit=0.12%
2026-07-14 10:10:10 INFO     strategy        PnL: 10:10:10 MTM=825.50 Profit=0.13%
2026-07-14 10:10:11 INFO     strategy        PnL: 10:10:11 MTM=796.25 Profit=0.12%
2026-07-14 10:10:12 INFO     strategy        PnL: 10:10:12 MTM=802.75 Profit=0.12%
2026-07-14 10:10:13 INFO     strategy        PnL: 10:10:13 MTM=763.75 Profit=0.12%
2026-07-14 10:10:14 INFO     strategy        PnL: 10:10:14 MTM=793.00 Profit=0.12%
2026-07-14 10:10:15 INFO     strategy        PnL: 10:10:15 MTM=815.75 Profit=0.12%
2026-07-14 10:10:16 INFO     strategy        PnL: 10:10:16 MTM=799.50 Profit=0.12%
2026-07-14 10:10:17 INFO     strategy        PnL: 10:10:17 MTM=851.50 Profit=0.13%
2026-07-14 10:10:18 INFO     strategy        PnL: 10:10:18 MTM=822.25 Profit=0.13%
2026-07-14 10:10:19 INFO     strategy        PnL: 10:10:19 MTM=773.50 Profit=0.12%
2026-07-14 10:10:20 INFO     strategy        PnL: 10:10:20 MTM=754.00 Profit=0.11%
2026-07-14 10:10:21 INFO     strategy        PnL: 10:10:21 MTM=802.75 Profit=0.12%
2026-07-14 10:10:22 INFO     strategy        PnL: 10:10:22 MTM=744.25 Profit=0.11%
2026-07-14 10:10:23 INFO     strategy        PnL: 10:10:23 MTM=744.25 Profit=0.11%
2026-07-14 10:10:24 INFO     strategy        PnL: 10:10:24 MTM=806.00 Profit=0.12%
2026-07-14 10:10:25 INFO     strategy        PnL: 10:10:25 MTM=763.75 Profit=0.12%
2026-07-14 10:10:26 INFO     strategy        PnL: 10:10:26 MTM=763.75 Profit=0.12%
2026-07-14 10:10:27 INFO     strategy        PnL: 10:10:27 MTM=780.00 Profit=0.12%
2026-07-14 10:10:28 INFO     strategy        PnL: 10:10:28 MTM=770.25 Profit=0.12%
2026-07-14 10:10:29 INFO     strategy        PnL: 10:10:29 MTM=786.50 Profit=0.12%
2026-07-14 10:10:30 INFO     strategy        PnL: 10:10:30 MTM=770.25 Profit=0.12%
2026-07-14 10:10:31 INFO     strategy        PnL: 10:10:31 MTM=783.25 Profit=0.12%
2026-07-14 10:10:32 INFO     strategy        PnL: 10:10:32 MTM=796.25 Profit=0.12%
2026-07-14 10:10:33 INFO     strategy        PnL: 10:10:33 MTM=783.25 Profit=0.12%
2026-07-14 10:10:34 INFO     strategy        PnL: 10:10:34 MTM=789.75 Profit=0.12%
2026-07-14 10:10:35 INFO     strategy        PnL: 10:10:35 MTM=754.00 Profit=0.11%
2026-07-14 10:10:36 INFO     strategy        PnL: 10:10:36 MTM=715.00 Profit=0.11%
2026-07-14 10:10:37 INFO     strategy        PnL: 10:10:37 MTM=767.00 Profit=0.12%
2026-07-14 10:10:38 INFO     strategy        PnL: 10:10:38 MTM=737.75 Profit=0.11%
2026-07-14 10:10:39 INFO     strategy        PnL: 10:10:39 MTM=763.75 Profit=0.12%
2026-07-14 10:10:40 INFO     strategy        PnL: 10:10:40 MTM=913.25 Profit=0.14%
2026-07-14 10:10:41 INFO     strategy        PnL: 10:10:41 MTM=770.25 Profit=0.12%
2026-07-14 10:10:42 INFO     strategy        PnL: 10:10:42 MTM=793.00 Profit=0.12%
2026-07-14 10:10:43 INFO     strategy        PnL: 10:10:43 MTM=767.00 Profit=0.12%
2026-07-14 10:10:44 INFO     strategy        PnL: 10:10:44 MTM=750.75 Profit=0.11%
2026-07-14 10:10:45 INFO     strategy        PnL: 10:10:45 MTM=796.25 Profit=0.12%
2026-07-14 10:10:46 INFO     strategy        PnL: 10:10:46 MTM=734.50 Profit=0.11%
2026-07-14 10:10:47 INFO     strategy        PnL: 10:10:47 MTM=799.50 Profit=0.12%
2026-07-14 10:10:48 INFO     strategy        PnL: 10:10:48 MTM=796.25 Profit=0.12%
2026-07-14 10:10:49 INFO     strategy        PnL: 10:10:49 MTM=845.00 Profit=0.13%
2026-07-14 10:10:50 INFO     strategy        PnL: 10:10:50 MTM=815.75 Profit=0.12%
2026-07-14 10:10:51 INFO     strategy        PnL: 10:10:51 MTM=767.00 Profit=0.12%
2026-07-14 10:10:52 INFO     strategy        PnL: 10:10:52 MTM=786.50 Profit=0.12%
2026-07-14 10:10:53 INFO     strategy        PnL: 10:10:53 MTM=796.25 Profit=0.12%
2026-07-14 10:10:54 INFO     strategy        PnL: 10:10:54 MTM=789.75 Profit=0.12%
2026-07-14 10:10:55 INFO     strategy        PnL: 10:10:55 MTM=780.00 Profit=0.12%
2026-07-14 10:10:56 INFO     strategy        PnL: 10:10:56 MTM=783.25 Profit=0.12%
2026-07-14 10:10:57 INFO     strategy        PnL: 10:10:57 MTM=786.50 Profit=0.12%
2026-07-14 10:10:58 INFO     strategy        PnL: 10:10:58 MTM=812.50 Profit=0.12%
2026-07-14 10:10:59 INFO     strategy        PnL: 10:10:59 MTM=806.00 Profit=0.12%
2026-07-14 10:11:00 INFO     strategy        PnL: 10:11:00 MTM=767.00 Profit=0.12%
2026-07-14 10:11:01 INFO     strategy        PnL: 10:11:01 MTM=780.00 Profit=0.12%
2026-07-14 10:11:02 INFO     strategy        PnL: 10:11:02 MTM=812.50 Profit=0.12%
2026-07-14 10:11:03 INFO     strategy        PnL: 10:11:03 MTM=773.50 Profit=0.12%
2026-07-14 10:11:04 INFO     strategy        PnL: 10:11:04 MTM=796.25 Profit=0.12%
2026-07-14 10:11:05 INFO     strategy        PnL: 10:11:05 MTM=783.25 Profit=0.12%
2026-07-14 10:11:06 INFO     strategy        PnL: 10:11:06 MTM=802.75 Profit=0.12%
2026-07-14 10:11:07 INFO     strategy        PnL: 10:11:07 MTM=799.50 Profit=0.12%
2026-07-14 10:11:08 INFO     strategy        PnL: 10:11:08 MTM=802.75 Profit=0.12%
2026-07-14 10:11:09 INFO     strategy        PnL: 10:11:09 MTM=812.50 Profit=0.12%
2026-07-14 10:11:10 INFO     strategy        PnL: 10:11:10 MTM=799.50 Profit=0.12%
2026-07-14 10:11:11 INFO     strategy        PnL: 10:11:11 MTM=767.00 Profit=0.12%
2026-07-14 10:11:12 INFO     strategy        PnL: 10:11:12 MTM=760.50 Profit=0.12%
2026-07-14 10:11:13 INFO     strategy        PnL: 10:11:13 MTM=770.25 Profit=0.12%
2026-07-14 10:11:14 INFO     strategy        PnL: 10:11:14 MTM=767.00 Profit=0.12%
2026-07-14 10:11:15 INFO     strategy        PnL: 10:11:15 MTM=780.00 Profit=0.12%
2026-07-14 10:11:16 INFO     strategy        PnL: 10:11:16 MTM=760.50 Profit=0.12%
2026-07-14 10:11:17 INFO     strategy        PnL: 10:11:17 MTM=786.50 Profit=0.12%
2026-07-14 10:11:18 INFO     strategy        PnL: 10:11:18 MTM=825.50 Profit=0.13%
2026-07-14 10:11:19 INFO     strategy        PnL: 10:11:19 MTM=864.50 Profit=0.13%
2026-07-14 10:11:20 INFO     strategy        PnL: 10:11:20 MTM=802.75 Profit=0.12%
2026-07-14 10:11:21 INFO     strategy        PnL: 10:11:21 MTM=799.50 Profit=0.12%
2026-07-14 10:11:23 INFO     strategy        PnL: 10:11:23 MTM=848.25 Profit=0.13%
2026-07-14 10:11:24 INFO     strategy        PnL: 10:11:24 MTM=825.50 Profit=0.13%
2026-07-14 10:11:25 INFO     strategy        PnL: 10:11:25 MTM=802.75 Profit=0.12%
2026-07-14 10:11:26 INFO     strategy        PnL: 10:11:26 MTM=789.75 Profit=0.12%
2026-07-14 10:11:27 INFO     strategy        PnL: 10:11:27 MTM=806.00 Profit=0.12%
2026-07-14 10:11:28 INFO     strategy        PnL: 10:11:28 MTM=695.50 Profit=0.11%
2026-07-14 10:11:29 INFO     strategy        PnL: 10:11:29 MTM=721.50 Profit=0.11%
2026-07-14 10:11:30 INFO     strategy        PnL: 10:11:30 MTM=776.75 Profit=0.12%
2026-07-14 10:11:31 INFO     strategy        PnL: 10:11:31 MTM=776.75 Profit=0.12%
2026-07-14 10:11:32 INFO     strategy        PnL: 10:11:32 MTM=776.75 Profit=0.12%
2026-07-14 10:11:33 INFO     strategy        PnL: 10:11:33 MTM=747.50 Profit=0.11%
2026-07-14 10:11:34 INFO     strategy        PnL: 10:11:34 MTM=728.00 Profit=0.11%
2026-07-14 10:11:35 INFO     strategy        PnL: 10:11:35 MTM=702.00 Profit=0.11%
2026-07-14 10:11:36 INFO     strategy        PnL: 10:11:36 MTM=760.50 Profit=0.12%
2026-07-14 10:11:37 INFO     strategy        PnL: 10:11:37 MTM=744.25 Profit=0.11%
2026-07-14 10:11:38 INFO     strategy        PnL: 10:11:38 MTM=741.00 Profit=0.11%
2026-07-14 10:11:39 INFO     strategy        PnL: 10:11:39 MTM=757.25 Profit=0.12%
2026-07-14 10:11:40 INFO     strategy        PnL: 10:11:40 MTM=695.50 Profit=0.11%
2026-07-14 10:11:41 INFO     strategy        PnL: 10:11:41 MTM=715.00 Profit=0.11%
2026-07-14 10:11:42 INFO     strategy        PnL: 10:11:42 MTM=695.50 Profit=0.11%
2026-07-14 10:11:43 INFO     strategy        PnL: 10:11:43 MTM=724.75 Profit=0.11%
2026-07-14 10:11:44 INFO     strategy        PnL: 10:11:44 MTM=705.25 Profit=0.11%
2026-07-14 10:11:45 INFO     strategy        PnL: 10:11:45 MTM=698.75 Profit=0.11%
2026-07-14 10:11:46 INFO     strategy        PnL: 10:11:46 MTM=737.75 Profit=0.11%
2026-07-14 10:11:47 INFO     strategy        PnL: 10:11:47 MTM=708.50 Profit=0.11%
2026-07-14 10:11:48 INFO     strategy        PnL: 10:11:48 MTM=731.25 Profit=0.11%
2026-07-14 10:11:49 INFO     strategy        PnL: 10:11:49 MTM=695.50 Profit=0.11%
2026-07-14 10:11:50 INFO     strategy        PnL: 10:11:50 MTM=744.25 Profit=0.11%
2026-07-14 10:11:51 INFO     strategy        PnL: 10:11:51 MTM=754.00 Profit=0.11%
2026-07-14 10:11:52 INFO     strategy        PnL: 10:11:52 MTM=763.75 Profit=0.12%
2026-07-14 10:11:53 INFO     strategy        PnL: 10:11:53 MTM=744.25 Profit=0.11%
2026-07-14 10:11:54 INFO     strategy        PnL: 10:11:54 MTM=763.75 Profit=0.12%
2026-07-14 10:11:55 INFO     strategy        PnL: 10:11:55 MTM=757.25 Profit=0.12%
2026-07-14 10:11:56 INFO     strategy        PnL: 10:11:56 MTM=754.00 Profit=0.11%
2026-07-14 10:11:57 INFO     strategy        PnL: 10:11:57 MTM=767.00 Profit=0.12%
2026-07-14 10:11:58 INFO     strategy        PnL: 10:11:58 MTM=767.00 Profit=0.12%
2026-07-14 10:11:59 INFO     strategy        PnL: 10:11:59 MTM=767.00 Profit=0.12%
2026-07-14 10:12:00 INFO     strategy        PnL: 10:12:00 MTM=783.25 Profit=0.12%
2026-07-14 10:12:01 INFO     strategy        PnL: 10:12:01 MTM=822.25 Profit=0.13%
2026-07-14 10:12:02 INFO     strategy        PnL: 10:12:02 MTM=796.25 Profit=0.12%
2026-07-14 10:12:03 INFO     strategy        PnL: 10:12:03 MTM=819.00 Profit=0.12%
2026-07-14 10:12:04 INFO     strategy        PnL: 10:12:04 MTM=770.25 Profit=0.12%
2026-07-14 10:12:05 INFO     strategy        PnL: 10:12:05 MTM=734.50 Profit=0.11%
2026-07-14 10:12:06 INFO     strategy        PnL: 10:12:06 MTM=780.00 Profit=0.12%
2026-07-14 10:12:07 INFO     strategy        PnL: 10:12:07 MTM=757.25 Profit=0.12%
2026-07-14 10:12:08 INFO     strategy        PnL: 10:12:08 MTM=741.00 Profit=0.11%
2026-07-14 10:12:09 INFO     strategy        PnL: 10:12:09 MTM=757.25 Profit=0.12%
2026-07-14 10:12:10 INFO     strategy        PnL: 10:12:10 MTM=721.50 Profit=0.11%
2026-07-14 10:12:11 INFO     strategy        PnL: 10:12:11 MTM=747.50 Profit=0.11%
2026-07-14 10:12:12 INFO     strategy        PnL: 10:12:12 MTM=708.50 Profit=0.11%
2026-07-14 10:12:13 INFO     strategy        PnL: 10:12:13 MTM=718.25 Profit=0.11%
2026-07-14 10:12:14 INFO     strategy        PnL: 10:12:14 MTM=773.50 Profit=0.12%
2026-07-14 10:12:15 INFO     strategy        PnL: 10:12:15 MTM=747.50 Profit=0.11%
2026-07-14 10:12:16 INFO     strategy        PnL: 10:12:16 MTM=760.50 Profit=0.12%
2026-07-14 10:12:17 INFO     strategy        PnL: 10:12:17 MTM=770.25 Profit=0.12%
2026-07-14 10:12:18 INFO     strategy        PnL: 10:12:18 MTM=767.00 Profit=0.12%
2026-07-14 10:12:19 INFO     strategy        PnL: 10:12:19 MTM=747.50 Profit=0.11%
2026-07-14 10:12:20 INFO     strategy        PnL: 10:12:20 MTM=760.50 Profit=0.12%
2026-07-14 10:12:21 INFO     strategy        PnL: 10:12:21 MTM=757.25 Profit=0.12%
2026-07-14 10:12:22 INFO     strategy        PnL: 10:12:22 MTM=692.25 Profit=0.11%
2026-07-14 10:12:23 INFO     strategy        PnL: 10:12:23 MTM=715.00 Profit=0.11%
2026-07-14 10:12:24 INFO     strategy        PnL: 10:12:24 MTM=685.75 Profit=0.10%
2026-07-14 10:12:25 INFO     strategy        PnL: 10:12:25 MTM=724.75 Profit=0.11%
2026-07-14 10:12:26 INFO     strategy        PnL: 10:12:26 MTM=728.00 Profit=0.11%
2026-07-14 10:12:27 INFO     strategy        PnL: 10:12:27 MTM=724.75 Profit=0.11%
2026-07-14 10:12:28 INFO     strategy        PnL: 10:12:28 MTM=744.25 Profit=0.11%
2026-07-14 10:12:29 INFO     strategy        PnL: 10:12:29 MTM=711.75 Profit=0.11%
2026-07-14 10:12:30 INFO     strategy        PnL: 10:12:30 MTM=767.00 Profit=0.12%
2026-07-14 10:12:31 INFO     strategy        PnL: 10:12:31 MTM=750.75 Profit=0.11%
2026-07-14 10:12:32 INFO     strategy        PnL: 10:12:32 MTM=750.75 Profit=0.11%
2026-07-14 10:12:33 INFO     strategy        PnL: 10:12:33 MTM=724.75 Profit=0.11%
2026-07-14 10:12:34 INFO     strategy        PnL: 10:12:34 MTM=757.25 Profit=0.12%
2026-07-14 10:12:35 INFO     strategy        PnL: 10:12:35 MTM=724.75 Profit=0.11%
2026-07-14 10:12:36 INFO     strategy        PnL: 10:12:36 MTM=737.75 Profit=0.11%
2026-07-14 10:12:37 INFO     strategy        PnL: 10:12:37 MTM=676.00 Profit=0.10%
2026-07-14 10:12:38 INFO     strategy        PnL: 10:12:38 MTM=796.25 Profit=0.12%
2026-07-14 10:12:39 INFO     strategy        PnL: 10:12:39 MTM=770.25 Profit=0.12%
2026-07-14 10:12:40 INFO     strategy        PnL: 10:12:40 MTM=747.50 Profit=0.11%
2026-07-14 10:12:41 INFO     strategy        PnL: 10:12:41 MTM=741.00 Profit=0.11%
2026-07-14 10:12:42 INFO     strategy        PnL: 10:12:42 MTM=731.25 Profit=0.11%
2026-07-14 10:12:43 INFO     strategy        PnL: 10:12:43 MTM=786.50 Profit=0.12%
2026-07-14 10:12:44 INFO     strategy        PnL: 10:12:44 MTM=835.25 Profit=0.13%
2026-07-14 10:12:45 INFO     strategy        PnL: 10:12:45 MTM=812.50 Profit=0.12%
2026-07-14 10:12:46 INFO     strategy        PnL: 10:12:46 MTM=802.75 Profit=0.12%
2026-07-14 10:12:48 INFO     strategy        PnL: 10:12:48 MTM=825.50 Profit=0.13%
2026-07-14 10:12:49 INFO     strategy        PnL: 10:12:49 MTM=747.50 Profit=0.11%
2026-07-14 10:12:50 INFO     strategy        PnL: 10:12:50 MTM=799.50 Profit=0.12%
2026-07-14 10:12:51 INFO     strategy        PnL: 10:12:51 MTM=770.25 Profit=0.12%
2026-07-14 10:12:52 INFO     strategy        PnL: 10:12:52 MTM=793.00 Profit=0.12%
2026-07-14 10:12:53 INFO     strategy        PnL: 10:12:53 MTM=832.00 Profit=0.13%
2026-07-14 10:12:54 INFO     strategy        PnL: 10:12:54 MTM=832.00 Profit=0.13%
2026-07-14 10:12:55 INFO     strategy        PnL: 10:12:55 MTM=809.25 Profit=0.12%
2026-07-14 10:12:56 INFO     strategy        PnL: 10:12:56 MTM=809.25 Profit=0.12%
2026-07-14 10:12:57 INFO     strategy        PnL: 10:12:57 MTM=828.75 Profit=0.13%
2026-07-14 10:12:58 INFO     strategy        PnL: 10:12:58 MTM=793.00 Profit=0.12%
2026-07-14 10:12:59 INFO     strategy        PnL: 10:12:59 MTM=793.00 Profit=0.12%
2026-07-14 10:13:00 INFO     strategy        PnL: 10:13:00 MTM=783.25 Profit=0.12%
2026-07-14 10:13:01 INFO     strategy        PnL: 10:13:01 MTM=802.75 Profit=0.12%
2026-07-14 10:13:02 INFO     strategy        PnL: 10:13:02 MTM=750.75 Profit=0.11%
2026-07-14 10:13:03 INFO     strategy        PnL: 10:13:03 MTM=744.25 Profit=0.11%
2026-07-14 10:13:04 INFO     strategy        PnL: 10:13:04 MTM=773.50 Profit=0.12%
2026-07-14 10:13:05 INFO     strategy        PnL: 10:13:05 MTM=780.00 Profit=0.12%
2026-07-14 10:13:06 INFO     strategy        PnL: 10:13:06 MTM=789.75 Profit=0.12%
2026-07-14 10:13:07 INFO     strategy        PnL: 10:13:07 MTM=799.50 Profit=0.12%
2026-07-14 10:13:08 INFO     strategy        PnL: 10:13:08 MTM=809.25 Profit=0.12%
2026-07-14 10:13:09 INFO     strategy        PnL: 10:13:09 MTM=763.75 Profit=0.12%
2026-07-14 10:13:10 INFO     strategy        PnL: 10:13:10 MTM=793.00 Profit=0.12%
2026-07-14 10:13:11 INFO     strategy        PnL: 10:13:11 MTM=799.50 Profit=0.12%
2026-07-14 10:13:12 INFO     strategy        PnL: 10:13:12 MTM=815.75 Profit=0.12%
2026-07-14 10:13:13 INFO     strategy        PnL: 10:13:13 MTM=783.25 Profit=0.12%
2026-07-14 10:13:14 INFO     strategy        PnL: 10:13:14 MTM=802.75 Profit=0.12%
2026-07-14 10:13:15 INFO     strategy        PnL: 10:13:15 MTM=793.00 Profit=0.12%
2026-07-14 10:13:16 INFO     strategy        PnL: 10:13:16 MTM=796.25 Profit=0.12%
2026-07-14 10:13:17 INFO     strategy        PnL: 10:13:17 MTM=806.00 Profit=0.12%
2026-07-14 10:13:18 INFO     strategy        PnL: 10:13:18 MTM=845.00 Profit=0.13%
2026-07-14 10:13:19 INFO     strategy        PnL: 10:13:19 MTM=776.75 Profit=0.12%
2026-07-14 10:13:20 INFO     strategy        PnL: 10:13:20 MTM=767.00 Profit=0.12%
2026-07-14 10:13:21 INFO     strategy        PnL: 10:13:21 MTM=809.25 Profit=0.12%
2026-07-14 10:13:22 INFO     strategy        PnL: 10:13:22 MTM=802.75 Profit=0.12%
2026-07-14 10:13:23 INFO     strategy        PnL: 10:13:23 MTM=760.50 Profit=0.12%
2026-07-14 10:13:24 INFO     strategy        PnL: 10:13:24 MTM=763.75 Profit=0.12%
2026-07-14 10:13:25 INFO     strategy        PnL: 10:13:25 MTM=809.25 Profit=0.12%
2026-07-14 10:13:26 INFO     strategy        PnL: 10:13:26 MTM=783.25 Profit=0.12%
2026-07-14 10:13:27 INFO     strategy        PnL: 10:13:27 MTM=783.25 Profit=0.12%
2026-07-14 10:13:28 INFO     strategy        PnL: 10:13:28 MTM=786.50 Profit=0.12%
2026-07-14 10:13:29 INFO     strategy        PnL: 10:13:29 MTM=806.00 Profit=0.12%
2026-07-14 10:13:30 INFO     strategy        PnL: 10:13:30 MTM=799.50 Profit=0.12%
2026-07-14 10:13:31 INFO     strategy        PnL: 10:13:31 MTM=773.50 Profit=0.12%
2026-07-14 10:13:32 INFO     strategy        PnL: 10:13:32 MTM=754.00 Profit=0.11%
2026-07-14 10:13:33 INFO     strategy        PnL: 10:13:33 MTM=793.00 Profit=0.12%
2026-07-14 10:13:34 INFO     strategy        PnL: 10:13:34 MTM=783.25 Profit=0.12%
2026-07-14 10:13:35 INFO     strategy        PnL: 10:13:35 MTM=825.50 Profit=0.13%
2026-07-14 10:13:36 INFO     strategy        PnL: 10:13:36 MTM=799.50 Profit=0.12%
2026-07-14 10:13:37 INFO     strategy        PnL: 10:13:37 MTM=789.75 Profit=0.12%
2026-07-14 10:13:38 INFO     strategy        PnL: 10:13:38 MTM=799.50 Profit=0.12%
2026-07-14 10:13:39 INFO     strategy        PnL: 10:13:39 MTM=828.75 Profit=0.13%
2026-07-14 10:13:40 INFO     strategy        PnL: 10:13:40 MTM=802.75 Profit=0.12%
2026-07-14 10:13:41 INFO     strategy        PnL: 10:13:41 MTM=767.00 Profit=0.12%
2026-07-14 10:13:42 INFO     strategy        PnL: 10:13:42 MTM=747.50 Profit=0.11%
2026-07-14 10:13:43 INFO     strategy        PnL: 10:13:43 MTM=789.75 Profit=0.12%
2026-07-14 10:13:44 INFO     strategy        PnL: 10:13:44 MTM=809.25 Profit=0.12%
2026-07-14 10:13:45 INFO     strategy        PnL: 10:13:45 MTM=802.75 Profit=0.12%
2026-07-14 10:13:46 INFO     strategy        PnL: 10:13:46 MTM=776.75 Profit=0.12%
2026-07-14 10:13:47 INFO     strategy        PnL: 10:13:47 MTM=760.50 Profit=0.12%
2026-07-14 10:13:48 INFO     strategy        PnL: 10:13:48 MTM=708.50 Profit=0.11%
2026-07-14 10:13:49 INFO     strategy        PnL: 10:13:49 MTM=757.25 Profit=0.12%
2026-07-14 10:13:50 INFO     strategy        PnL: 10:13:50 MTM=718.25 Profit=0.11%
2026-07-14 10:13:51 INFO     strategy        PnL: 10:13:51 MTM=721.50 Profit=0.11%
2026-07-14 10:13:52 INFO     strategy        PnL: 10:13:52 MTM=747.50 Profit=0.11%
2026-07-14 10:13:53 INFO     strategy        PnL: 10:13:53 MTM=750.75 Profit=0.11%
2026-07-14 10:13:54 INFO     strategy        PnL: 10:13:54 MTM=750.75 Profit=0.11%
2026-07-14 10:13:55 INFO     strategy        PnL: 10:13:55 MTM=705.25 Profit=0.11%
2026-07-14 10:13:56 INFO     strategy        PnL: 10:13:56 MTM=767.00 Profit=0.12%
2026-07-14 10:13:57 INFO     strategy        PnL: 10:13:57 MTM=731.25 Profit=0.11%
2026-07-14 10:13:58 INFO     strategy        PnL: 10:13:58 MTM=760.50 Profit=0.12%
2026-07-14 10:13:59 INFO     strategy        PnL: 10:13:59 MTM=715.00 Profit=0.11%
2026-07-14 10:14:00 INFO     strategy        PnL: 10:14:00 MTM=734.50 Profit=0.11%
2026-07-14 10:14:01 INFO     strategy        PnL: 10:14:01 MTM=692.25 Profit=0.11%
2026-07-14 10:14:02 INFO     strategy        PnL: 10:14:02 MTM=728.00 Profit=0.11%
2026-07-14 10:14:03 INFO     strategy        PnL: 10:14:03 MTM=715.00 Profit=0.11%
2026-07-14 10:14:04 INFO     strategy        PnL: 10:14:04 MTM=715.00 Profit=0.11%
2026-07-14 10:14:05 INFO     strategy        PnL: 10:14:05 MTM=724.75 Profit=0.11%
2026-07-14 10:14:06 INFO     strategy        PnL: 10:14:06 MTM=650.00 Profit=0.10%
2026-07-14 10:14:07 INFO     strategy        PnL: 10:14:07 MTM=724.75 Profit=0.11%
2026-07-14 10:14:08 INFO     strategy        PnL: 10:14:08 MTM=672.75 Profit=0.10%
2026-07-14 10:14:09 INFO     strategy        PnL: 10:14:09 MTM=718.25 Profit=0.11%
2026-07-14 10:14:10 INFO     strategy        PnL: 10:14:10 MTM=698.75 Profit=0.11%
2026-07-14 10:14:11 INFO     strategy        PnL: 10:14:11 MTM=711.75 Profit=0.11%
2026-07-14 10:14:12 INFO     strategy        PnL: 10:14:12 MTM=676.00 Profit=0.10%
2026-07-14 10:14:13 INFO     strategy        PnL: 10:14:13 MTM=689.00 Profit=0.10%
2026-07-14 10:14:14 INFO     strategy        PnL: 10:14:14 MTM=689.00 Profit=0.10%
2026-07-14 10:14:15 INFO     strategy        PnL: 10:14:15 MTM=705.25 Profit=0.11%
2026-07-14 10:14:16 INFO     strategy        PnL: 10:14:16 MTM=721.50 Profit=0.11%
2026-07-14 10:14:17 INFO     strategy        PnL: 10:14:17 MTM=757.25 Profit=0.12%
2026-07-14 10:14:18 INFO     strategy        PnL: 10:14:18 MTM=747.50 Profit=0.11%
2026-07-14 10:14:20 INFO     strategy        PnL: 10:14:19 MTM=708.50 Profit=0.11%
2026-07-14 10:14:21 INFO     strategy        PnL: 10:14:21 MTM=708.50 Profit=0.11%
2026-07-14 10:14:22 INFO     strategy        PnL: 10:14:22 MTM=741.00 Profit=0.11%
2026-07-14 10:14:23 INFO     strategy        PnL: 10:14:23 MTM=728.00 Profit=0.11%
2026-07-14 10:14:24 INFO     strategy        PnL: 10:14:24 MTM=669.50 Profit=0.10%
2026-07-14 10:14:25 INFO     strategy        PnL: 10:14:25 MTM=705.25 Profit=0.11%
2026-07-14 10:14:26 INFO     strategy        PnL: 10:14:26 MTM=711.75 Profit=0.11%
2026-07-14 10:14:27 INFO     strategy        PnL: 10:14:27 MTM=711.75 Profit=0.11%
2026-07-14 10:14:28 INFO     strategy        PnL: 10:14:28 MTM=744.25 Profit=0.11%
2026-07-14 10:14:29 INFO     strategy        PnL: 10:14:29 MTM=724.75 Profit=0.11%
2026-07-14 10:14:30 INFO     strategy        PnL: 10:14:30 MTM=705.25 Profit=0.11%
2026-07-14 10:14:31 INFO     strategy        PnL: 10:14:31 MTM=682.50 Profit=0.10%
2026-07-14 10:14:32 INFO     strategy        PnL: 10:14:32 MTM=679.25 Profit=0.10%
2026-07-14 10:14:33 INFO     strategy        PnL: 10:14:33 MTM=705.25 Profit=0.11%
2026-07-14 10:14:34 INFO     strategy        PnL: 10:14:34 MTM=702.00 Profit=0.11%
2026-07-14 10:14:35 INFO     strategy        PnL: 10:14:35 MTM=692.25 Profit=0.11%
2026-07-14 10:14:36 INFO     strategy        PnL: 10:14:36 MTM=663.00 Profit=0.10%
2026-07-14 10:14:37 INFO     strategy        PnL: 10:14:37 MTM=724.75 Profit=0.11%
2026-07-14 10:14:38 INFO     strategy        PnL: 10:14:38 MTM=744.25 Profit=0.11%
2026-07-14 10:14:39 INFO     strategy        PnL: 10:14:39 MTM=760.50 Profit=0.12%
2026-07-14 10:14:40 INFO     strategy        PnL: 10:14:40 MTM=734.50 Profit=0.11%
2026-07-14 10:14:41 INFO     strategy        PnL: 10:14:41 MTM=672.75 Profit=0.10%
2026-07-14 10:14:42 INFO     strategy        PnL: 10:14:42 MTM=750.75 Profit=0.11%
2026-07-14 10:14:43 INFO     strategy        PnL: 10:14:43 MTM=718.25 Profit=0.11%
2026-07-14 10:14:44 INFO     strategy        PnL: 10:14:44 MTM=715.00 Profit=0.11%
2026-07-14 10:14:45 INFO     strategy        PnL: 10:14:45 MTM=757.25 Profit=0.12%
2026-07-14 10:14:46 INFO     strategy        PnL: 10:14:46 MTM=750.75 Profit=0.11%
2026-07-14 10:14:47 INFO     strategy        PnL: 10:14:47 MTM=708.50 Profit=0.11%
2026-07-14 10:14:48 INFO     strategy        PnL: 10:14:48 MTM=718.25 Profit=0.11%
2026-07-14 10:14:49 INFO     strategy        PnL: 10:14:49 MTM=705.25 Profit=0.11%
2026-07-14 10:14:50 INFO     strategy        PnL: 10:14:50 MTM=744.25 Profit=0.11%
2026-07-14 10:14:51 INFO     strategy        PnL: 10:14:51 MTM=757.25 Profit=0.12%
2026-07-14 10:14:52 INFO     strategy        PnL: 10:14:52 MTM=711.75 Profit=0.11%
2026-07-14 10:14:53 INFO     strategy        PnL: 10:14:53 MTM=715.00 Profit=0.11%
2026-07-14 10:14:54 INFO     strategy        PnL: 10:14:54 MTM=708.50 Profit=0.11%
2026-07-14 10:14:55 INFO     strategy        PnL: 10:14:55 MTM=718.25 Profit=0.11%
2026-07-14 10:14:56 INFO     strategy        PnL: 10:14:56 MTM=724.75 Profit=0.11%
2026-07-14 10:14:57 INFO     strategy        PnL: 10:14:57 MTM=718.25 Profit=0.11%
2026-07-14 10:14:58 INFO     strategy        PnL: 10:14:58 MTM=692.25 Profit=0.11%
2026-07-14 10:14:59 INFO     strategy        PnL: 10:14:59 MTM=760.50 Profit=0.12%
2026-07-14 10:15:00 INFO     strategy        PnL: 10:15:00 MTM=757.25 Profit=0.12%
2026-07-14 10:15:01 INFO     strategy        PnL: 10:15:01 MTM=669.50 Profit=0.10%
2026-07-14 10:15:02 INFO     strategy        PnL: 10:15:02 MTM=731.25 Profit=0.11%
2026-07-14 10:15:03 INFO     strategy        PnL: 10:15:03 MTM=692.25 Profit=0.11%
2026-07-14 10:15:04 INFO     strategy        PnL: 10:15:04 MTM=627.25 Profit=0.10%
2026-07-14 10:15:05 INFO     strategy        PnL: 10:15:05 MTM=679.25 Profit=0.10%
2026-07-14 10:15:06 INFO     strategy        PnL: 10:15:06 MTM=692.25 Profit=0.11%
2026-07-14 10:15:07 INFO     strategy        PnL: 10:15:07 MTM=728.00 Profit=0.11%
2026-07-14 10:15:08 INFO     strategy        PnL: 10:15:08 MTM=682.50 Profit=0.10%
2026-07-14 10:15:09 INFO     strategy        PnL: 10:15:09 MTM=679.25 Profit=0.10%
2026-07-14 10:15:10 INFO     strategy        PnL: 10:15:10 MTM=650.00 Profit=0.10%
2026-07-14 10:15:11 INFO     strategy        PnL: 10:15:11 MTM=663.00 Profit=0.10%
2026-07-14 10:15:12 INFO     strategy        PnL: 10:15:12 MTM=666.25 Profit=0.10%
2026-07-14 10:15:13 INFO     strategy        PnL: 10:15:13 MTM=646.75 Profit=0.10%
2026-07-14 10:15:14 INFO     strategy        PnL: 10:15:14 MTM=663.00 Profit=0.10%
2026-07-14 10:15:15 INFO     strategy        PnL: 10:15:15 MTM=679.25 Profit=0.10%
2026-07-14 10:15:16 INFO     strategy        PnL: 10:15:16 MTM=659.75 Profit=0.10%
2026-07-14 10:15:17 INFO     strategy        PnL: 10:15:17 MTM=611.00 Profit=0.09%
2026-07-14 10:15:18 INFO     strategy        PnL: 10:15:18 MTM=646.75 Profit=0.10%
2026-07-14 10:15:19 INFO     strategy        PnL: 10:15:19 MTM=611.00 Profit=0.09%
2026-07-14 10:15:20 INFO     strategy        PnL: 10:15:20 MTM=640.25 Profit=0.10%
2026-07-14 10:15:21 INFO     strategy        PnL: 10:15:21 MTM=643.50 Profit=0.10%
2026-07-14 10:15:22 INFO     strategy        PnL: 10:15:22 MTM=630.50 Profit=0.10%
2026-07-14 10:15:23 INFO     strategy        PnL: 10:15:23 MTM=656.50 Profit=0.10%
2026-07-14 10:15:24 INFO     strategy        PnL: 10:15:24 MTM=581.75 Profit=0.09%
2026-07-14 10:15:25 INFO     strategy        PnL: 10:15:25 MTM=672.75 Profit=0.10%
2026-07-14 10:15:26 INFO     strategy        PnL: 10:15:26 MTM=637.00 Profit=0.10%
2026-07-14 10:15:27 INFO     strategy        PnL: 10:15:27 MTM=672.75 Profit=0.10%
2026-07-14 10:15:28 INFO     strategy        PnL: 10:15:28 MTM=689.00 Profit=0.10%
2026-07-14 10:15:29 INFO     strategy        PnL: 10:15:29 MTM=627.25 Profit=0.10%
2026-07-14 10:15:30 INFO     strategy        PnL: 10:15:30 MTM=705.25 Profit=0.11%
2026-07-14 10:15:31 INFO     strategy        PnL: 10:15:31 MTM=669.50 Profit=0.10%
2026-07-14 10:15:32 INFO     strategy        PnL: 10:15:32 MTM=620.75 Profit=0.09%
2026-07-14 10:15:33 INFO     strategy        PnL: 10:15:33 MTM=630.50 Profit=0.10%
2026-07-14 10:15:34 INFO     strategy        PnL: 10:15:34 MTM=672.75 Profit=0.10%
2026-07-14 10:15:35 INFO     strategy        PnL: 10:15:35 MTM=646.75 Profit=0.10%
2026-07-14 10:15:36 INFO     strategy        PnL: 10:15:36 MTM=617.50 Profit=0.09%
2026-07-14 10:15:37 INFO     strategy        PnL: 10:15:37 MTM=633.75 Profit=0.10%
2026-07-14 10:15:38 INFO     strategy        PnL: 10:15:38 MTM=669.50 Profit=0.10%
2026-07-14 10:15:39 INFO     strategy        PnL: 10:15:39 MTM=744.25 Profit=0.11%
2026-07-14 10:15:40 INFO     strategy        PnL: 10:15:40 MTM=692.25 Profit=0.11%
2026-07-14 10:15:41 INFO     strategy        PnL: 10:15:41 MTM=682.50 Profit=0.10%
2026-07-14 10:15:42 INFO     strategy        PnL: 10:15:42 MTM=685.75 Profit=0.10%
2026-07-14 10:15:43 INFO     strategy        PnL: 10:15:43 MTM=624.00 Profit=0.10%
2026-07-14 10:15:44 INFO     strategy        PnL: 10:15:44 MTM=656.50 Profit=0.10%
2026-07-14 10:15:45 INFO     strategy        PnL: 10:15:45 MTM=708.50 Profit=0.11%
2026-07-14 10:15:46 INFO     strategy        PnL: 10:15:46 MTM=659.75 Profit=0.10%
2026-07-14 10:15:47 INFO     strategy        PnL: 10:15:47 MTM=750.75 Profit=0.11%
2026-07-14 10:15:49 INFO     strategy        PnL: 10:15:49 MTM=682.50 Profit=0.10%
2026-07-14 10:15:50 INFO     strategy        PnL: 10:15:50 MTM=624.00 Profit=0.10%
2026-07-14 10:15:51 INFO     strategy        PnL: 10:15:51 MTM=633.75 Profit=0.10%
2026-07-14 10:15:52 INFO     strategy        PnL: 10:15:52 MTM=672.75 Profit=0.10%
2026-07-14 10:15:53 INFO     strategy        PnL: 10:15:53 MTM=666.25 Profit=0.10%
2026-07-14 10:15:54 INFO     strategy        PnL: 10:15:54 MTM=659.75 Profit=0.10%
2026-07-14 10:15:55 INFO     strategy        PnL: 10:15:55 MTM=731.25 Profit=0.11%
2026-07-14 10:15:56 INFO     strategy        PnL: 10:15:56 MTM=734.50 Profit=0.11%
2026-07-14 10:15:57 INFO     strategy        PnL: 10:15:57 MTM=679.25 Profit=0.10%
2026-07-14 10:15:58 INFO     strategy        PnL: 10:15:58 MTM=432.25 Profit=0.07%
2026-07-14 10:15:59 INFO     strategy        PnL: 10:15:59 MTM=656.50 Profit=0.10%
2026-07-14 10:16:00 INFO     strategy        PnL: 10:16:00 MTM=689.00 Profit=0.10%
2026-07-14 10:16:01 INFO     strategy        PnL: 10:16:01 MTM=663.00 Profit=0.10%
2026-07-14 10:16:02 INFO     strategy        PnL: 10:16:02 MTM=734.50 Profit=0.11%
2026-07-14 10:16:03 INFO     strategy        PnL: 10:16:03 MTM=640.25 Profit=0.10%
2026-07-14 10:16:04 INFO     strategy        PnL: 10:16:04 MTM=640.25 Profit=0.10%
2026-07-14 10:16:05 INFO     strategy        PnL: 10:16:05 MTM=640.25 Profit=0.10%
2026-07-14 10:16:06 INFO     strategy        PnL: 10:16:06 MTM=650.00 Profit=0.10%
2026-07-14 10:16:07 INFO     strategy        PnL: 10:16:07 MTM=640.25 Profit=0.10%
2026-07-14 10:16:08 INFO     strategy        PnL: 10:16:08 MTM=637.00 Profit=0.10%
2026-07-14 10:16:09 INFO     strategy        PnL: 10:16:09 MTM=653.25 Profit=0.10%
2026-07-14 10:16:10 INFO     strategy        PnL: 10:16:10 MTM=594.75 Profit=0.09%
2026-07-14 10:16:11 INFO     strategy        PnL: 10:16:11 MTM=624.00 Profit=0.10%
2026-07-14 10:16:12 INFO     strategy        PnL: 10:16:12 MTM=620.75 Profit=0.09%
2026-07-14 10:36:58 WARNING  strategy        No market ticks for 1246s (threshold 30s) — MTM/stop-loss may be stale
2026-07-14 10:36:58 INFO     strategy        PnL: 10:36:58 MTM=620.75 Profit=0.09%
2026-07-14 10:36:59 WARNING  strategy        No market ticks for 1247s (threshold 30s) — MTM/stop-loss may be stale
2026-07-14 10:36:59 INFO     strategy        PnL: 10:36:59 MTM=620.75 Profit=0.09%
2026-07-14 10:37:00 WARNING  strategy        No market ticks for 1248s (threshold 30s) — MTM/stop-loss may be stale
2026-07-14 10:37:00 INFO     strategy        PnL: 10:37:00 MTM=620.75 Profit=0.09%
2026-07-14 10:37:01 WARNING  strategy        No market ticks for 1249s (threshold 30s) — MTM/stop-loss may be stale
2026-07-14 10:37:01 INFO     strategy        PnL: 10:37:01 MTM=620.75 Profit=0.09%
2026-07-14 10:37:02 WARNING  strategy        No market ticks for 1250s (threshold 30s) — MTM/stop-loss may be stale
2026-07-14 10:37:02 INFO     strategy        PnL: 10:37:02 MTM=620.75 Profit=0.09%
2026-07-14 12:28:37 WARNING  strategy        No market ticks for 7945s (threshold 30s) — MTM/stop-loss may be stale
2026-07-14 12:28:37 INFO     strategy        PnL: 12:28:37 MTM=620.75 Profit=0.09%
2026-07-14 12:28:38 WARNING  strategy        No market ticks for 7946s (threshold 30s) — MTM/stop-loss may be stale
2026-07-14 12:28:38 INFO     strategy        PnL: 12:28:38 MTM=620.75 Profit=0.09%
2026-07-14 12:28:39 WARNING  strategy        No market ticks for 7947s (threshold 30s) — MTM/stop-loss may be stale
2026-07-14 12:28:39 INFO     strategy        PnL: 12:28:39 MTM=620.75 Profit=0.09%
2026-07-14 12:28:40 WARNING  strategy        No market ticks for 7948s (threshold 30s) — MTM/stop-loss may be stale
2026-07-14 12:28:40 INFO     strategy        PnL: 12:28:40 MTM=620.75 Profit=0.09%
2026-07-14 12:28:41 WARNING  strategy        No market ticks for 7949s (threshold 30s) — MTM/stop-loss may be stale
2026-07-14 12:28:41 INFO     strategy        PnL: 12:28:41 MTM=620.75 Profit=0.09%
2026-07-14 13:09:12 WARNING  strategy        No market ticks for 10380s (threshold 30s) — MTM/stop-loss may be stale
2026-07-14 13:09:12 INFO     strategy        PnL: 13:09:12 MTM=620.75 Profit=0.09%
2026-07-14 13:09:13 WARNING  strategy        No market ticks for 10381s (threshold 30s) — MTM/stop-loss may be stale
2026-07-14 13:09:13 INFO     strategy        PnL: 13:09:13 MTM=620.75 Profit=0.09%
2026-07-14 13:09:14 INFO     strategy        PnL: 13:09:14 MTM=1459.25 Profit=0.22%
2026-07-14 13:09:15 INFO     strategy        PnL: 13:09:15 MTM=1969.50 Profit=0.30%
2026-07-14 13:09:16 INFO     strategy        PnL: 13:09:16 MTM=1937.00 Profit=0.30%
2026-07-14 13:31:40 WARNING  strategy        No market ticks for 1344s (threshold 30s) — MTM/stop-loss may be stale
2026-07-14 13:31:41 INFO     strategy        PnL: 13:31:40 MTM=1924.00 Profit=0.29%
2026-07-14 13:31:42 WARNING  strategy        No market ticks for 1345s (threshold 30s) — MTM/stop-loss may be stale
2026-07-14 13:31:42 INFO     strategy        PnL: 13:31:42 MTM=1924.00 Profit=0.29%
2026-07-14 13:31:43 WARNING  strategy        No market ticks for 1346s (threshold 30s) — MTM/stop-loss may be stale
2026-07-14 13:31:43 INFO     strategy        PnL: 13:31:43 MTM=1924.00 Profit=0.29%
2026-07-14 13:31:44 INFO     strategy        PnL: 13:31:44 MTM=1998.75 Profit=0.30%
2026-07-14 13:31:45 INFO     strategy        PnL: 13:31:45 MTM=2018.25 Profit=0.31%
2026-07-14 13:31:46 INFO     strategy        PnL: 13:31:46 MTM=1982.50 Profit=0.30%
2026-07-14 13:31:47 INFO     strategy        PnL: 13:31:47 MTM=2011.75 Profit=0.31%
2026-07-14 13:31:48 INFO     strategy        PnL: 13:31:48 MTM=2034.50 Profit=0.31%
2026-07-14 13:31:49 INFO     strategy        PnL: 13:31:49 MTM=2018.25 Profit=0.31%
2026-07-14 13:31:50 INFO     strategy        PnL: 13:31:50 MTM=2028.00 Profit=0.31%
2026-07-14 13:31:51 INFO     strategy        PnL: 13:31:51 MTM=1992.25 Profit=0.30%
2026-07-14 13:31:52 INFO     strategy        PnL: 13:31:52 MTM=2041.00 Profit=0.31%
2026-07-14 13:31:53 INFO     strategy        PnL: 13:31:53 MTM=2037.75 Profit=0.31%
2026-07-14 13:31:54 INFO     strategy        PnL: 13:31:54 MTM=2047.50 Profit=0.31%
2026-07-14 13:31:55 INFO     strategy        PnL: 13:31:55 MTM=2018.25 Profit=0.31%
2026-07-14 13:31:56 INFO     strategy        PnL: 13:31:56 MTM=2028.00 Profit=0.31%
2026-07-14 13:31:57 INFO     strategy        PnL: 13:31:57 MTM=2005.25 Profit=0.31%
2026-07-14 13:31:58 INFO     strategy        PnL: 13:31:58 MTM=2011.75 Profit=0.31%
2026-07-14 13:31:59 INFO     strategy        PnL: 13:31:59 MTM=2050.75 Profit=0.31%
2026-07-14 13:32:00 INFO     strategy        PnL: 13:32:00 MTM=2034.50 Profit=0.31%
2026-07-14 13:32:01 INFO     strategy        PnL: 13:32:01 MTM=2073.50 Profit=0.32%
2026-07-14 13:32:02 INFO     strategy        PnL: 13:32:02 MTM=2044.25 Profit=0.31%
2026-07-14 13:32:03 INFO     strategy        PnL: 13:32:03 MTM=2021.50 Profit=0.31%
2026-07-14 13:32:04 INFO     strategy        PnL: 13:32:04 MTM=2083.25 Profit=0.32%
2026-07-14 13:32:05 INFO     strategy        PnL: 13:32:05 MTM=2031.25 Profit=0.31%
2026-07-14 13:32:06 INFO     strategy        PnL: 13:32:06 MTM=2054.00 Profit=0.31%
2026-07-14 13:32:07 INFO     strategy        PnL: 13:32:07 MTM=2008.50 Profit=0.31%
2026-07-14 13:32:08 INFO     strategy        PnL: 13:32:08 MTM=2044.25 Profit=0.31%
2026-07-14 13:32:09 INFO     strategy        PnL: 13:32:09 MTM=2034.50 Profit=0.31%
2026-07-14 13:32:10 INFO     strategy        PnL: 13:32:10 MTM=2024.75 Profit=0.31%
2026-07-14 13:32:11 INFO     strategy        PnL: 13:32:11 MTM=2011.75 Profit=0.31%
2026-07-14 13:32:12 INFO     strategy        PnL: 13:32:12 MTM=2005.25 Profit=0.31%
2026-07-14 13:32:13 INFO     strategy        PnL: 13:32:13 MTM=2011.75 Profit=0.31%
2026-07-14 13:32:14 INFO     strategy        PnL: 13:32:14 MTM=2047.50 Profit=0.31%
2026-07-14 13:32:15 INFO     strategy        PnL: 13:32:15 MTM=2047.50 Profit=0.31%
2026-07-14 13:32:16 INFO     strategy        PnL: 13:32:16 MTM=2054.00 Profit=0.31%
2026-07-14 13:32:17 INFO     strategy        PnL: 13:32:17 MTM=2073.50 Profit=0.32%
2026-07-14 13:32:18 INFO     strategy        PnL: 13:32:18 MTM=2122.25 Profit=0.32%
2026-07-14 13:32:19 INFO     strategy        PnL: 13:32:19 MTM=2073.50 Profit=0.32%
2026-07-14 13:32:20 INFO     strategy        PnL: 13:32:20 MTM=2067.00 Profit=0.31%
2026-07-14 13:32:21 INFO     strategy        PnL: 13:32:21 MTM=2054.00 Profit=0.31%
2026-07-14 13:32:22 INFO     strategy        PnL: 13:32:22 MTM=2070.25 Profit=0.32%
2026-07-14 13:32:23 INFO     strategy        PnL: 13:32:23 MTM=2034.50 Profit=0.31%
2026-07-14 13:32:24 INFO     strategy        PnL: 13:32:24 MTM=2076.75 Profit=0.32%
2026-07-14 13:32:25 INFO     strategy        PnL: 13:32:25 MTM=2054.00 Profit=0.31%
2026-07-14 13:32:26 INFO     strategy        PnL: 13:32:26 MTM=2015.00 Profit=0.31%
2026-07-14 13:32:27 INFO     strategy        PnL: 13:32:27 MTM=2054.00 Profit=0.31%
2026-07-14 13:32:28 INFO     strategy        PnL: 13:32:28 MTM=2057.25 Profit=0.31%
2026-07-14 13:32:29 INFO     strategy        PnL: 13:32:29 MTM=2060.50 Profit=0.31%
2026-07-14 13:32:30 INFO     strategy        PnL: 13:32:30 MTM=2047.50 Profit=0.31%
2026-07-14 13:32:31 INFO     strategy        PnL: 13:32:31 MTM=2067.00 Profit=0.31%
2026-07-14 13:32:32 INFO     strategy        PnL: 13:32:32 MTM=2063.75 Profit=0.31%
2026-07-14 13:32:33 INFO     strategy        PnL: 13:32:33 MTM=2018.25 Profit=0.31%
2026-07-14 13:32:34 INFO     strategy        PnL: 13:32:34 MTM=2037.75 Profit=0.31%
2026-07-14 13:32:35 INFO     strategy        PnL: 13:32:35 MTM=2047.50 Profit=0.31%
2026-07-14 13:32:36 INFO     strategy        PnL: 13:32:36 MTM=2011.75 Profit=0.31%
2026-07-14 13:32:37 INFO     strategy        PnL: 13:32:37 MTM=2028.00 Profit=0.31%
2026-07-14 13:32:38 INFO     strategy        PnL: 13:32:38 MTM=2005.25 Profit=0.31%
2026-07-14 13:32:39 INFO     strategy        PnL: 13:32:39 MTM=2034.50 Profit=0.31%
2026-07-14 13:32:40 INFO     strategy        PnL: 13:32:40 MTM=2008.50 Profit=0.31%
2026-07-14 13:32:41 INFO     strategy        PnL: 13:32:41 MTM=2002.00 Profit=0.30%
2026-07-14 13:32:42 INFO     strategy        PnL: 13:32:42 MTM=2018.25 Profit=0.31%
2026-07-14 13:32:43 INFO     strategy        PnL: 13:32:43 MTM=2028.00 Profit=0.31%
2026-07-14 13:32:44 INFO     strategy        PnL: 13:32:44 MTM=2015.00 Profit=0.31%
2026-07-14 13:32:45 INFO     strategy        PnL: 13:32:45 MTM=2015.00 Profit=0.31%
2026-07-14 13:32:46 INFO     strategy        PnL: 13:32:46 MTM=1995.50 Profit=0.30%
2026-07-14 13:32:47 INFO     strategy        PnL: 13:32:47 MTM=2002.00 Profit=0.30%
2026-07-14 13:32:48 INFO     strategy        PnL: 13:32:48 MTM=2005.25 Profit=0.31%
2026-07-14 13:32:49 INFO     strategy        PnL: 13:32:49 MTM=1992.25 Profit=0.30%
2026-07-14 13:32:50 INFO     strategy        PnL: 13:32:50 MTM=1995.50 Profit=0.30%
2026-07-14 13:32:51 INFO     strategy        PnL: 13:32:51 MTM=2031.25 Profit=0.31%
2026-07-14 13:32:52 INFO     strategy        PnL: 13:32:52 MTM=2005.25 Profit=0.31%
2026-07-14 13:32:53 INFO     strategy        PnL: 13:32:53 MTM=2050.75 Profit=0.31%
2026-07-14 13:32:54 INFO     strategy        PnL: 13:32:54 MTM=2031.25 Profit=0.31%
2026-07-14 13:32:55 INFO     strategy        PnL: 13:32:55 MTM=2070.25 Profit=0.32%
2026-07-14 13:32:56 INFO     strategy        PnL: 13:32:56 MTM=2008.50 Profit=0.31%
2026-07-14 13:32:57 INFO     strategy        PnL: 13:32:57 MTM=2018.25 Profit=0.31%
2026-07-14 13:32:58 INFO     strategy        PnL: 13:32:58 MTM=2021.50 Profit=0.31%
2026-07-14 13:32:59 INFO     strategy        PnL: 13:32:59 MTM=2024.75 Profit=0.31%
2026-07-14 13:33:00 INFO     strategy        PnL: 13:33:00 MTM=2031.25 Profit=0.31%
2026-07-14 13:33:01 INFO     strategy        PnL: 13:33:01 MTM=2047.50 Profit=0.31%
2026-07-14 13:33:02 INFO     strategy        PnL: 13:33:02 MTM=2047.50 Profit=0.31%
2026-07-14 13:33:03 INFO     strategy        PnL: 13:33:03 MTM=2044.25 Profit=0.31%
2026-07-14 13:33:04 INFO     strategy        PnL: 13:33:04 MTM=2096.25 Profit=0.32%
2026-07-14 13:33:05 INFO     strategy        PnL: 13:33:05 MTM=2073.50 Profit=0.32%
2026-07-14 13:33:06 INFO     strategy        PnL: 13:33:06 MTM=2096.25 Profit=0.32%
2026-07-14 13:33:07 INFO     strategy        PnL: 13:33:07 MTM=2099.50 Profit=0.32%
2026-07-14 13:33:08 INFO     strategy        PnL: 13:33:08 MTM=2086.50 Profit=0.32%
2026-07-14 13:33:09 INFO     strategy        PnL: 13:33:09 MTM=2083.25 Profit=0.32%
2026-07-14 13:33:10 INFO     strategy        PnL: 13:33:10 MTM=2083.25 Profit=0.32%
2026-07-14 13:33:11 INFO     strategy        PnL: 13:33:11 MTM=2171.00 Profit=0.33%
2026-07-14 13:33:12 INFO     strategy        PnL: 13:33:12 MTM=2141.75 Profit=0.33%
2026-07-14 13:33:13 INFO     strategy        PnL: 13:33:13 MTM=2128.75 Profit=0.32%
2026-07-14 13:33:14 INFO     strategy        PnL: 13:33:14 MTM=2174.25 Profit=0.33%
2026-07-14 13:33:15 INFO     strategy        PnL: 13:33:15 MTM=2145.00 Profit=0.33%
2026-07-14 13:33:16 INFO     strategy        PnL: 13:33:16 MTM=2164.50 Profit=0.33%
2026-07-14 13:33:18 INFO     strategy        PnL: 13:33:18 MTM=2128.75 Profit=0.32%
2026-07-14 13:33:19 INFO     strategy        PnL: 13:33:19 MTM=2102.75 Profit=0.32%
2026-07-14 13:33:20 INFO     strategy        PnL: 13:33:20 MTM=2096.25 Profit=0.32%
2026-07-14 13:33:21 INFO     strategy        PnL: 13:33:21 MTM=2115.75 Profit=0.32%
2026-07-14 13:33:22 INFO     strategy        PnL: 13:33:22 MTM=2164.50 Profit=0.33%
2026-07-14 13:33:23 INFO     strategy        PnL: 13:33:23 MTM=2158.00 Profit=0.33%
2026-07-14 13:33:24 INFO     strategy        PnL: 13:33:24 MTM=2112.50 Profit=0.32%
2026-07-14 13:33:25 INFO     strategy        PnL: 13:33:25 MTM=2122.25 Profit=0.32%
2026-07-14 13:33:26 INFO     strategy        PnL: 13:33:26 MTM=2148.25 Profit=0.33%
2026-07-14 13:33:27 INFO     strategy        PnL: 13:33:27 MTM=2145.00 Profit=0.33%
2026-07-14 13:33:28 INFO     strategy        PnL: 13:33:28 MTM=2167.75 Profit=0.33%
2026-07-14 13:33:29 INFO     strategy        PnL: 13:33:29 MTM=2141.75 Profit=0.33%
2026-07-14 13:33:30 INFO     strategy        PnL: 13:33:30 MTM=2187.25 Profit=0.33%
2026-07-14 13:33:31 INFO     strategy        PnL: 13:33:31 MTM=2219.75 Profit=0.34%
2026-07-14 13:33:32 INFO     strategy        PnL: 13:33:32 MTM=2291.25 Profit=0.35%
2026-07-14 13:33:33 INFO     strategy        PnL: 13:33:33 MTM=2239.25 Profit=0.34%
2026-07-14 13:33:34 INFO     strategy        PnL: 13:33:34 MTM=2271.75 Profit=0.35%
2026-07-14 13:33:35 INFO     strategy        PnL: 13:33:35 MTM=2265.25 Profit=0.35%
2026-07-14 13:33:36 INFO     strategy        PnL: 13:33:36 MTM=2242.50 Profit=0.34%
2026-07-14 13:33:37 INFO     strategy        PnL: 13:33:37 MTM=2242.50 Profit=0.34%
2026-07-14 13:33:38 INFO     strategy        PnL: 13:33:38 MTM=2226.25 Profit=0.34%
2026-07-14 13:33:39 INFO     strategy        PnL: 13:33:39 MTM=2226.25 Profit=0.34%
2026-07-14 13:33:40 INFO     strategy        PnL: 13:33:40 MTM=2213.25 Profit=0.34%
2026-07-14 13:33:41 INFO     strategy        PnL: 13:33:41 MTM=2190.50 Profit=0.33%
2026-07-14 13:33:42 INFO     strategy        PnL: 13:33:42 MTM=2148.25 Profit=0.33%
2026-07-14 13:33:43 INFO     strategy        PnL: 13:33:43 MTM=2193.75 Profit=0.33%
2026-07-14 13:33:44 INFO     strategy        PnL: 13:33:44 MTM=2226.25 Profit=0.34%
2026-07-14 13:33:45 INFO     strategy        PnL: 13:33:45 MTM=2167.75 Profit=0.33%
2026-07-14 13:33:46 INFO     strategy        PnL: 13:33:46 MTM=2174.25 Profit=0.33%
2026-07-14 13:33:47 INFO     strategy        PnL: 13:33:47 MTM=2193.75 Profit=0.33%
2026-07-14 13:33:48 INFO     strategy        PnL: 13:33:48 MTM=2187.25 Profit=0.33%
2026-07-14 13:33:49 INFO     strategy        PnL: 13:33:49 MTM=2190.50 Profit=0.33%
2026-07-14 13:33:50 INFO     strategy        PnL: 13:33:50 MTM=2187.25 Profit=0.33%
2026-07-14 13:33:51 INFO     strategy        PnL: 13:33:51 MTM=2226.25 Profit=0.34%
2026-07-14 13:33:52 INFO     strategy        PnL: 13:33:52 MTM=2197.00 Profit=0.33%
2026-07-14 13:33:53 INFO     strategy        PnL: 13:33:53 MTM=2245.75 Profit=0.34%
2026-07-14 13:33:54 INFO     strategy        PnL: 13:33:54 MTM=2203.50 Profit=0.34%
2026-07-14 13:33:55 INFO     strategy        PnL: 13:33:55 MTM=2288.00 Profit=0.35%
2026-07-14 13:33:56 INFO     strategy        PnL: 13:33:56 MTM=2210.00 Profit=0.34%
2026-07-14 13:33:57 INFO     strategy        PnL: 13:33:57 MTM=2193.75 Profit=0.33%
2026-07-14 13:33:58 INFO     strategy        PnL: 13:33:58 MTM=2184.00 Profit=0.33%
2026-07-14 13:33:59 INFO     strategy        PnL: 13:33:59 MTM=2213.25 Profit=0.34%
2026-07-14 13:34:00 INFO     strategy        PnL: 13:34:00 MTM=2210.00 Profit=0.34%
2026-07-14 13:34:01 INFO     strategy        PnL: 13:34:01 MTM=2236.00 Profit=0.34%
2026-07-14 13:34:02 INFO     strategy        PnL: 13:34:02 MTM=2190.50 Profit=0.33%
2026-07-14 13:34:03 INFO     strategy        PnL: 13:34:03 MTM=2229.50 Profit=0.34%
2026-07-14 13:34:04 INFO     strategy        PnL: 13:34:04 MTM=2184.00 Profit=0.33%
2026-07-14 13:34:05 INFO     strategy        PnL: 13:34:05 MTM=2219.75 Profit=0.34%
2026-07-14 13:34:06 INFO     strategy        PnL: 13:34:06 MTM=2232.75 Profit=0.34%
2026-07-14 13:34:07 INFO     strategy        PnL: 13:34:07 MTM=2226.25 Profit=0.34%
2026-07-14 13:34:08 INFO     strategy        PnL: 13:34:08 MTM=2213.25 Profit=0.34%
2026-07-14 13:34:09 INFO     strategy        PnL: 13:34:09 MTM=2206.75 Profit=0.34%
2026-07-14 13:34:10 INFO     strategy        PnL: 13:34:10 MTM=2184.00 Profit=0.33%
2026-07-14 13:34:11 INFO     strategy        PnL: 13:34:11 MTM=2206.75 Profit=0.34%
2026-07-14 13:34:12 INFO     strategy        PnL: 13:34:12 MTM=2210.00 Profit=0.34%
2026-07-14 13:34:13 INFO     strategy        PnL: 13:34:13 MTM=2177.50 Profit=0.33%
2026-07-14 13:34:14 INFO     strategy        PnL: 13:34:14 MTM=2219.75 Profit=0.34%
2026-07-14 13:34:15 INFO     strategy        PnL: 13:34:15 MTM=2281.50 Profit=0.35%
2026-07-14 13:34:16 INFO     strategy        PnL: 13:34:16 MTM=2226.25 Profit=0.34%
2026-07-14 13:34:17 INFO     strategy        PnL: 13:34:17 MTM=2206.75 Profit=0.34%
2026-07-14 13:34:18 INFO     strategy        PnL: 13:34:18 MTM=2242.50 Profit=0.34%
2026-07-14 13:34:19 INFO     strategy        PnL: 13:34:19 MTM=2216.50 Profit=0.34%
2026-07-14 13:34:20 INFO     strategy        PnL: 13:34:20 MTM=2236.00 Profit=0.34%
2026-07-14 13:34:21 INFO     strategy        PnL: 13:34:21 MTM=2242.50 Profit=0.34%
2026-07-14 13:34:22 INFO     strategy        PnL: 13:34:22 MTM=2242.50 Profit=0.34%
2026-07-14 13:34:23 INFO     strategy        PnL: 13:34:23 MTM=2210.00 Profit=0.34%
2026-07-14 13:34:24 INFO     strategy        PnL: 13:34:24 MTM=2268.50 Profit=0.35%
2026-07-14 13:34:25 INFO     strategy        PnL: 13:34:25 MTM=2275.00 Profit=0.35%
2026-07-14 13:34:26 INFO     strategy        PnL: 13:34:26 MTM=2226.25 Profit=0.34%
2026-07-14 13:34:27 INFO     strategy        PnL: 13:34:27 MTM=2210.00 Profit=0.34%
2026-07-14 13:34:28 INFO     strategy        PnL: 13:34:28 MTM=2226.25 Profit=0.34%
2026-07-14 13:34:29 INFO     strategy        PnL: 13:34:29 MTM=2216.50 Profit=0.34%
2026-07-14 13:34:30 INFO     strategy        PnL: 13:34:30 MTM=2226.25 Profit=0.34%
2026-07-14 13:34:31 INFO     strategy        PnL: 13:34:31 MTM=2239.25 Profit=0.34%
2026-07-14 13:34:32 INFO     strategy        PnL: 13:34:32 MTM=2245.75 Profit=0.34%
2026-07-14 13:34:33 INFO     strategy        PnL: 13:34:33 MTM=2239.25 Profit=0.34%
2026-07-14 13:34:34 INFO     strategy        PnL: 13:34:34 MTM=2275.00 Profit=0.35%
2026-07-14 13:34:35 INFO     strategy        PnL: 13:34:35 MTM=2278.25 Profit=0.35%
2026-07-14 13:34:36 INFO     strategy        PnL: 13:34:36 MTM=2255.50 Profit=0.34%
2026-07-14 13:34:37 INFO     strategy        PnL: 13:34:37 MTM=2271.75 Profit=0.35%
2026-07-14 13:34:38 INFO     strategy        PnL: 13:34:38 MTM=2226.25 Profit=0.34%
2026-07-14 13:34:39 INFO     strategy        PnL: 13:34:39 MTM=2236.00 Profit=0.34%
2026-07-14 13:34:40 INFO     strategy        PnL: 13:34:40 MTM=2236.00 Profit=0.34%
2026-07-14 13:34:41 INFO     strategy        PnL: 13:34:41 MTM=2236.00 Profit=0.34%
2026-07-14 13:34:42 INFO     strategy        PnL: 13:34:42 MTM=2239.25 Profit=0.34%
2026-07-14 13:34:43 INFO     strategy        PnL: 13:34:43 MTM=2268.50 Profit=0.35%
2026-07-14 13:34:44 INFO     strategy        PnL: 13:34:44 MTM=2223.00 Profit=0.34%
2026-07-14 13:34:45 INFO     strategy        PnL: 13:34:45 MTM=2210.00 Profit=0.34%
2026-07-14 13:34:46 INFO     strategy        PnL: 13:34:46 MTM=2213.25 Profit=0.34%
2026-07-14 13:34:47 INFO     strategy        PnL: 13:34:47 MTM=2219.75 Profit=0.34%
2026-07-14 13:34:48 INFO     strategy        PnL: 13:34:48 MTM=2171.00 Profit=0.33%
2026-07-14 13:34:49 INFO     strategy        PnL: 13:34:49 MTM=2236.00 Profit=0.34%
2026-07-14 13:34:50 INFO     strategy        PnL: 13:34:50 MTM=2242.50 Profit=0.34%
2026-07-14 13:34:51 INFO     strategy        PnL: 13:34:51 MTM=2249.00 Profit=0.34%
2026-07-14 13:34:52 INFO     strategy        PnL: 13:34:52 MTM=2232.75 Profit=0.34%
2026-07-14 13:34:53 INFO     strategy        PnL: 13:34:53 MTM=2262.00 Profit=0.34%
2026-07-14 13:34:54 INFO     strategy        PnL: 13:34:54 MTM=2268.50 Profit=0.35%
2026-07-14 13:34:55 INFO     strategy        PnL: 13:34:55 MTM=2301.00 Profit=0.35%
2026-07-14 13:34:56 INFO     strategy        PnL: 13:34:56 MTM=2265.25 Profit=0.35%
2026-07-14 13:34:57 INFO     strategy        PnL: 13:34:57 MTM=2262.00 Profit=0.34%
2026-07-14 13:34:58 INFO     strategy        PnL: 13:34:58 MTM=2229.50 Profit=0.34%
2026-07-14 13:34:59 INFO     strategy        PnL: 13:34:59 MTM=2249.00 Profit=0.34%
2026-07-14 13:35:00 INFO     strategy        PnL: 13:35:00 MTM=2236.00 Profit=0.34%
2026-07-14 13:35:01 INFO     strategy        PnL: 13:35:01 MTM=2242.50 Profit=0.34%
2026-07-14 13:35:02 INFO     strategy        PnL: 13:35:02 MTM=2229.50 Profit=0.34%
2026-07-14 13:35:03 INFO     strategy        PnL: 13:35:03 MTM=2284.75 Profit=0.35%
2026-07-14 13:35:04 INFO     strategy        PnL: 13:35:04 MTM=2223.00 Profit=0.34%
2026-07-14 13:35:05 INFO     strategy        PnL: 13:35:05 MTM=2255.50 Profit=0.34%
2026-07-14 13:35:06 INFO     strategy        PnL: 13:35:06 MTM=2262.00 Profit=0.34%
2026-07-14 13:35:07 INFO     strategy        PnL: 13:35:07 MTM=2249.00 Profit=0.34%
2026-07-14 13:35:08 INFO     strategy        PnL: 13:35:08 MTM=2193.75 Profit=0.33%
2026-07-14 13:35:09 INFO     strategy        PnL: 13:35:09 MTM=2213.25 Profit=0.34%
2026-07-14 13:35:10 INFO     strategy        PnL: 13:35:10 MTM=2242.50 Profit=0.34%
2026-07-14 13:35:11 INFO     strategy        PnL: 13:35:11 MTM=2203.50 Profit=0.34%
2026-07-14 13:35:12 INFO     strategy        PnL: 13:35:12 MTM=2213.25 Profit=0.34%
2026-07-14 13:35:13 INFO     strategy        PnL: 13:35:13 MTM=2193.75 Profit=0.33%
2026-07-14 13:35:14 INFO     strategy        PnL: 13:35:14 MTM=2180.75 Profit=0.33%
2026-07-14 13:35:15 INFO     strategy        PnL: 13:35:15 MTM=2167.75 Profit=0.33%
2026-07-14 13:35:16 INFO     strategy        PnL: 13:35:16 MTM=2223.00 Profit=0.34%
2026-07-14 13:35:17 INFO     strategy        PnL: 13:35:17 MTM=2206.75 Profit=0.34%
2026-07-14 13:35:18 INFO     strategy        PnL: 13:35:18 MTM=2197.00 Profit=0.33%
2026-07-14 13:35:19 INFO     strategy        PnL: 13:35:19 MTM=2203.50 Profit=0.34%
2026-07-14 13:35:20 INFO     strategy        PnL: 13:35:20 MTM=2255.50 Profit=0.34%
2026-07-14 13:35:21 INFO     strategy        PnL: 13:35:21 MTM=2245.75 Profit=0.34%
2026-07-14 13:35:22 INFO     strategy        PnL: 13:35:22 MTM=2255.50 Profit=0.34%
2026-07-14 13:35:23 INFO     strategy        PnL: 13:35:23 MTM=2145.00 Profit=0.33%
2026-07-14 13:35:24 INFO     strategy        PnL: 13:35:24 MTM=2210.00 Profit=0.34%
2026-07-14 13:35:25 INFO     strategy        PnL: 13:35:25 MTM=2190.50 Profit=0.33%
2026-07-14 13:35:27 INFO     strategy        PnL: 13:35:27 MTM=2242.50 Profit=0.34%
2026-07-14 13:35:28 INFO     strategy        PnL: 13:35:28 MTM=2226.25 Profit=0.34%
2026-07-14 13:35:29 INFO     strategy        PnL: 13:35:29 MTM=2281.50 Profit=0.35%
2026-07-14 13:35:30 INFO     strategy        PnL: 13:35:30 MTM=2226.25 Profit=0.34%
2026-07-14 13:35:31 INFO     strategy        PnL: 13:35:31 MTM=2242.50 Profit=0.34%
2026-07-14 13:35:32 INFO     strategy        PnL: 13:35:32 MTM=2223.00 Profit=0.34%
2026-07-14 13:35:33 INFO     strategy        PnL: 13:35:33 MTM=2252.25 Profit=0.34%
2026-07-14 13:35:34 INFO     strategy        PnL: 13:35:34 MTM=2200.25 Profit=0.34%
2026-07-14 13:35:35 INFO     strategy        PnL: 13:35:35 MTM=2245.75 Profit=0.34%
2026-07-14 13:35:36 INFO     strategy        PnL: 13:35:36 MTM=2219.75 Profit=0.34%
2026-07-14 13:35:37 INFO     strategy        PnL: 13:35:37 MTM=2216.50 Profit=0.34%
2026-07-14 13:35:38 INFO     strategy        PnL: 13:35:38 MTM=2219.75 Profit=0.34%
2026-07-14 13:35:39 INFO     strategy        PnL: 13:35:39 MTM=2210.00 Profit=0.34%
2026-07-14 13:35:40 INFO     strategy        PnL: 13:35:40 MTM=2232.75 Profit=0.34%
2026-07-14 13:35:41 INFO     strategy        PnL: 13:35:41 MTM=2249.00 Profit=0.34%
2026-07-14 13:35:42 INFO     strategy        PnL: 13:35:42 MTM=2200.25 Profit=0.34%
2026-07-14 13:35:43 INFO     strategy        PnL: 13:35:43 MTM=2229.50 Profit=0.34%
2026-07-14 13:35:44 INFO     strategy        PnL: 13:35:44 MTM=2210.00 Profit=0.34%
2026-07-14 13:35:45 INFO     strategy        PnL: 13:35:45 MTM=2258.75 Profit=0.34%
2026-07-14 13:35:46 INFO     strategy        PnL: 13:35:46 MTM=2200.25 Profit=0.34%
2026-07-14 13:35:47 INFO     strategy        PnL: 13:35:47 MTM=2252.25 Profit=0.34%
2026-07-14 13:35:48 INFO     strategy        PnL: 13:35:48 MTM=2252.25 Profit=0.34%
2026-07-14 13:35:49 INFO     strategy        PnL: 13:35:49 MTM=2210.00 Profit=0.34%
2026-07-14 13:35:50 INFO     strategy        PnL: 13:35:50 MTM=2213.25 Profit=0.34%
2026-07-14 13:35:51 INFO     strategy        PnL: 13:35:51 MTM=2284.75 Profit=0.35%
2026-07-14 13:35:52 INFO     strategy        PnL: 13:35:52 MTM=2236.00 Profit=0.34%
2026-07-14 13:35:53 INFO     strategy        PnL: 13:35:53 MTM=2249.00 Profit=0.34%
2026-07-14 13:35:54 INFO     strategy        PnL: 13:35:54 MTM=2206.75 Profit=0.34%
2026-07-14 13:35:55 INFO     strategy        PnL: 13:35:55 MTM=2229.50 Profit=0.34%
2026-07-14 13:35:56 INFO     strategy        PnL: 13:35:56 MTM=2239.25 Profit=0.34%
2026-07-14 13:35:57 INFO     strategy        PnL: 13:35:57 MTM=2262.00 Profit=0.34%
2026-07-14 13:35:58 INFO     strategy        PnL: 13:35:58 MTM=2291.25 Profit=0.35%
2026-07-14 13:35:59 INFO     strategy        PnL: 13:35:59 MTM=2262.00 Profit=0.34%
2026-07-14 13:36:00 INFO     strategy        PnL: 13:36:00 MTM=2255.50 Profit=0.34%
2026-07-14 13:36:01 INFO     strategy        PnL: 13:36:01 MTM=2245.75 Profit=0.34%
2026-07-14 13:36:02 INFO     strategy        PnL: 13:36:02 MTM=2291.25 Profit=0.35%
2026-07-14 13:36:03 INFO     strategy        PnL: 13:36:03 MTM=2229.50 Profit=0.34%
2026-07-14 13:36:04 INFO     strategy        PnL: 13:36:04 MTM=2203.50 Profit=0.34%
2026-07-14 13:36:05 INFO     strategy        PnL: 13:36:05 MTM=2216.50 Profit=0.34%
2026-07-14 13:36:06 INFO     strategy        PnL: 13:36:06 MTM=2242.50 Profit=0.34%
2026-07-14 13:36:07 INFO     strategy        PnL: 13:36:07 MTM=2245.75 Profit=0.34%
2026-07-14 13:36:08 INFO     strategy        PnL: 13:36:08 MTM=2229.50 Profit=0.34%
2026-07-14 13:36:09 INFO     strategy        PnL: 13:36:09 MTM=2252.25 Profit=0.34%
2026-07-14 13:36:10 INFO     strategy        PnL: 13:36:10 MTM=2268.50 Profit=0.35%
2026-07-14 13:36:11 INFO     strategy        PnL: 13:36:11 MTM=2255.50 Profit=0.34%
2026-07-14 13:36:12 INFO     strategy        PnL: 13:36:12 MTM=2268.50 Profit=0.35%
2026-07-14 13:36:13 INFO     strategy        PnL: 13:36:13 MTM=2307.50 Profit=0.35%
2026-07-14 13:36:14 INFO     strategy        PnL: 13:36:14 MTM=2258.75 Profit=0.34%
2026-07-14 13:36:15 INFO     strategy        PnL: 13:36:15 MTM=2245.75 Profit=0.34%
2026-07-14 13:36:16 INFO     strategy        PnL: 13:36:16 MTM=2242.50 Profit=0.34%
2026-07-14 13:36:17 INFO     strategy        PnL: 13:36:17 MTM=2281.50 Profit=0.35%
2026-07-14 13:36:18 INFO     strategy        PnL: 13:36:18 MTM=2271.75 Profit=0.35%
2026-07-14 13:36:19 INFO     strategy        PnL: 13:36:19 MTM=2265.25 Profit=0.35%
2026-07-14 13:36:20 INFO     strategy        PnL: 13:36:20 MTM=2317.25 Profit=0.35%
2026-07-14 13:36:21 INFO     strategy        PnL: 13:36:21 MTM=2271.75 Profit=0.35%
2026-07-14 13:36:22 INFO     strategy        PnL: 13:36:22 MTM=2278.25 Profit=0.35%
2026-07-14 13:36:23 INFO     strategy        PnL: 13:36:23 MTM=2242.50 Profit=0.34%
2026-07-14 13:36:24 INFO     strategy        PnL: 13:36:24 MTM=2291.25 Profit=0.35%
2026-07-14 13:36:25 INFO     strategy        PnL: 13:36:25 MTM=2255.50 Profit=0.34%
2026-07-14 13:36:26 INFO     strategy        PnL: 13:36:26 MTM=2284.75 Profit=0.35%
2026-07-14 13:36:27 INFO     strategy        PnL: 13:36:27 MTM=2268.50 Profit=0.35%
2026-07-14 13:36:28 INFO     strategy        PnL: 13:36:28 MTM=2288.00 Profit=0.35%
2026-07-14 13:36:29 INFO     strategy        PnL: 13:36:29 MTM=2262.00 Profit=0.34%
2026-07-14 13:36:30 INFO     strategy        PnL: 13:36:30 MTM=2268.50 Profit=0.35%
2026-07-14 13:36:31 INFO     strategy        PnL: 13:36:31 MTM=2301.00 Profit=0.35%
2026-07-14 13:36:32 INFO     strategy        PnL: 13:36:32 MTM=2294.50 Profit=0.35%
2026-07-14 13:36:33 INFO     strategy        PnL: 13:36:33 MTM=2294.50 Profit=0.35%
2026-07-14 13:36:34 INFO     strategy        PnL: 13:36:34 MTM=2291.25 Profit=0.35%
2026-07-14 13:36:35 INFO     strategy        PnL: 13:36:35 MTM=2284.75 Profit=0.35%
2026-07-14 13:36:36 INFO     strategy        PnL: 13:36:36 MTM=2271.75 Profit=0.35%
2026-07-14 13:36:37 INFO     strategy        PnL: 13:36:37 MTM=2288.00 Profit=0.35%
2026-07-14 13:36:38 INFO     strategy        PnL: 13:36:38 MTM=2307.50 Profit=0.35%
2026-07-14 13:36:39 INFO     strategy        PnL: 13:36:39 MTM=2265.25 Profit=0.35%
2026-07-14 13:36:40 INFO     strategy        PnL: 13:36:40 MTM=2294.50 Profit=0.35%
2026-07-14 13:36:41 INFO     strategy        PnL: 13:36:41 MTM=2307.50 Profit=0.35%
2026-07-14 13:36:42 INFO     strategy        PnL: 13:36:42 MTM=2304.25 Profit=0.35%
2026-07-14 13:36:43 INFO     strategy        PnL: 13:36:43 MTM=2314.00 Profit=0.35%
2026-07-14 13:36:44 INFO     strategy        PnL: 13:36:44 MTM=2336.75 Profit=0.36%
2026-07-14 13:36:45 INFO     strategy        PnL: 13:36:45 MTM=2301.00 Profit=0.35%
2026-07-14 13:36:46 INFO     strategy        PnL: 13:36:46 MTM=2271.75 Profit=0.35%
2026-07-14 13:36:47 INFO     strategy        PnL: 13:36:47 MTM=2291.25 Profit=0.35%
2026-07-14 13:36:48 INFO     strategy        PnL: 13:36:48 MTM=2333.50 Profit=0.36%
2026-07-14 13:36:49 INFO     strategy        PnL: 13:36:49 MTM=2301.00 Profit=0.35%
2026-07-14 13:36:50 INFO     strategy        PnL: 13:36:50 MTM=2310.75 Profit=0.35%
2026-07-14 13:36:51 INFO     strategy        PnL: 13:36:51 MTM=2317.25 Profit=0.35%
2026-07-14 13:36:52 INFO     strategy        PnL: 13:36:52 MTM=2327.00 Profit=0.35%
2026-07-14 13:36:53 INFO     strategy        PnL: 13:36:53 MTM=2327.00 Profit=0.35%
2026-07-14 13:36:54 INFO     strategy        PnL: 13:36:54 MTM=2301.00 Profit=0.35%
2026-07-14 13:36:55 INFO     strategy        PnL: 13:36:55 MTM=2278.25 Profit=0.35%
2026-07-14 13:36:56 INFO     strategy        PnL: 13:36:56 MTM=2323.75 Profit=0.35%
2026-07-14 13:36:57 INFO     strategy        PnL: 13:36:57 MTM=2310.75 Profit=0.35%
2026-07-14 13:36:58 INFO     strategy        PnL: 13:36:58 MTM=2323.75 Profit=0.35%
2026-07-14 13:36:59 INFO     strategy        PnL: 13:36:59 MTM=2340.00 Profit=0.36%
2026-07-14 13:37:00 INFO     strategy        PnL: 13:37:00 MTM=2336.75 Profit=0.36%
2026-07-14 13:37:01 INFO     strategy        PnL: 13:37:01 MTM=2349.75 Profit=0.36%
2026-07-14 13:37:02 INFO     strategy        PnL: 13:37:02 MTM=2343.25 Profit=0.36%
2026-07-14 13:37:03 INFO     strategy        PnL: 13:37:03 MTM=2304.25 Profit=0.35%
2026-07-14 13:37:04 INFO     strategy        PnL: 13:37:04 MTM=2294.50 Profit=0.35%
2026-07-14 13:37:05 INFO     strategy        PnL: 13:37:05 MTM=2317.25 Profit=0.35%
2026-07-14 13:37:06 INFO     strategy        PnL: 13:37:06 MTM=2265.25 Profit=0.35%
2026-07-14 13:37:07 INFO     strategy        PnL: 13:37:07 MTM=2301.00 Profit=0.35%
2026-07-14 13:37:08 INFO     strategy        PnL: 13:37:08 MTM=2320.50 Profit=0.35%
2026-07-14 13:37:09 INFO     strategy        PnL: 13:37:09 MTM=2304.25 Profit=0.35%
2026-07-14 13:37:10 INFO     strategy        PnL: 13:37:10 MTM=2304.25 Profit=0.35%
2026-07-14 13:37:11 INFO     strategy        PnL: 13:37:11 MTM=2278.25 Profit=0.35%
2026-07-14 13:37:12 INFO     strategy        PnL: 13:37:12 MTM=2262.00 Profit=0.34%
2026-07-14 13:37:13 INFO     strategy        PnL: 13:37:13 MTM=2271.75 Profit=0.35%
2026-07-14 13:37:14 INFO     strategy        PnL: 13:37:14 MTM=2294.50 Profit=0.35%
2026-07-14 13:37:15 INFO     strategy        PnL: 13:37:15 MTM=2304.25 Profit=0.35%
2026-07-14 13:37:16 INFO     strategy        PnL: 13:37:16 MTM=2307.50 Profit=0.35%
2026-07-14 13:37:17 INFO     strategy        PnL: 13:37:17 MTM=2284.75 Profit=0.35%
2026-07-14 13:37:18 INFO     strategy        PnL: 13:37:18 MTM=2297.75 Profit=0.35%
2026-07-14 13:37:19 INFO     strategy        PnL: 13:37:19 MTM=2301.00 Profit=0.35%
2026-07-14 13:37:20 INFO     strategy        PnL: 13:37:20 MTM=2291.25 Profit=0.35%
2026-07-14 13:37:22 INFO     strategy        PnL: 13:37:22 MTM=2258.75 Profit=0.34%
2026-07-14 13:37:23 INFO     strategy        PnL: 13:37:23 MTM=2314.00 Profit=0.35%
2026-07-14 13:37:24 INFO     strategy        PnL: 13:37:24 MTM=2281.50 Profit=0.35%
2026-07-14 13:37:25 INFO     strategy        PnL: 13:37:25 MTM=2291.25 Profit=0.35%
2026-07-14 13:37:26 INFO     strategy        PnL: 13:37:26 MTM=2294.50 Profit=0.35%
2026-07-14 13:37:27 INFO     strategy        PnL: 13:37:27 MTM=2249.00 Profit=0.34%
2026-07-14 13:37:28 INFO     strategy        PnL: 13:37:28 MTM=2307.50 Profit=0.35%
2026-07-14 13:37:29 INFO     strategy        PnL: 13:37:29 MTM=2307.50 Profit=0.35%
2026-07-14 13:37:30 INFO     strategy        PnL: 13:37:30 MTM=2307.50 Profit=0.35%
2026-07-14 13:37:31 INFO     strategy        PnL: 13:37:31 MTM=2281.50 Profit=0.35%
2026-07-14 13:37:32 INFO     strategy        PnL: 13:37:32 MTM=2275.00 Profit=0.35%
2026-07-14 13:37:33 INFO     strategy        PnL: 13:37:33 MTM=2317.25 Profit=0.35%
2026-07-14 13:37:34 INFO     strategy        PnL: 13:37:34 MTM=2301.00 Profit=0.35%
2026-07-14 13:37:35 INFO     strategy        PnL: 13:37:35 MTM=2310.75 Profit=0.35%
2026-07-14 13:37:36 INFO     strategy        PnL: 13:37:36 MTM=2307.50 Profit=0.35%
2026-07-14 13:37:37 INFO     strategy        PnL: 13:37:37 MTM=2304.25 Profit=0.35%
2026-07-14 13:37:38 INFO     strategy        PnL: 13:37:38 MTM=2291.25 Profit=0.35%
2026-07-14 13:37:39 INFO     strategy        PnL: 13:37:39 MTM=2294.50 Profit=0.35%
2026-07-14 13:37:40 INFO     strategy        PnL: 13:37:40 MTM=2297.75 Profit=0.35%
2026-07-14 13:37:41 INFO     strategy        PnL: 13:37:41 MTM=2307.50 Profit=0.35%
2026-07-14 13:37:42 INFO     strategy        PnL: 13:37:42 MTM=2340.00 Profit=0.36%
2026-07-14 13:37:43 INFO     strategy        PnL: 13:37:43 MTM=2340.00 Profit=0.36%
2026-07-14 13:37:44 INFO     strategy        PnL: 13:37:44 MTM=2340.00 Profit=0.36%
2026-07-14 13:37:45 INFO     strategy        PnL: 13:37:45 MTM=2301.00 Profit=0.35%
2026-07-14 13:37:46 INFO     strategy        PnL: 13:37:46 MTM=2385.50 Profit=0.36%
2026-07-14 13:37:47 INFO     strategy        PnL: 13:37:47 MTM=2340.00 Profit=0.36%
2026-07-14 13:37:48 INFO     strategy        PnL: 13:37:48 MTM=2372.50 Profit=0.36%
2026-07-14 13:37:49 INFO     strategy        PnL: 13:37:49 MTM=2353.00 Profit=0.36%
2026-07-14 13:37:50 INFO     strategy        PnL: 13:37:50 MTM=2268.50 Profit=0.35%
2026-07-14 13:37:51 INFO     strategy        PnL: 13:37:51 MTM=2424.50 Profit=0.37%
2026-07-14 13:37:52 INFO     strategy        PnL: 13:37:52 MTM=2362.75 Profit=0.36%
2026-07-14 13:37:53 INFO     strategy        PnL: 13:37:53 MTM=2366.00 Profit=0.36%
2026-07-14 13:37:54 INFO     strategy        PnL: 13:37:54 MTM=2362.75 Profit=0.36%
2026-07-14 13:37:55 INFO     strategy        PnL: 13:37:55 MTM=2366.00 Profit=0.36%
2026-07-14 13:37:56 INFO     strategy        PnL: 13:37:56 MTM=2648.75 Profit=0.40%
2026-07-14 13:37:57 INFO     strategy        PnL: 13:37:57 MTM=2317.25 Profit=0.35%
2026-07-14 13:37:58 INFO     strategy        PnL: 13:37:58 MTM=2392.00 Profit=0.36%
2026-07-14 13:37:59 INFO     strategy        PnL: 13:37:59 MTM=2385.50 Profit=0.36%
2026-07-14 13:38:00 INFO     strategy        PnL: 13:38:00 MTM=2369.25 Profit=0.36%
2026-07-14 13:38:01 INFO     strategy        PnL: 13:38:01 MTM=2372.50 Profit=0.36%
2026-07-14 13:38:02 INFO     strategy        PnL: 13:38:02 MTM=2366.00 Profit=0.36%
2026-07-14 13:38:03 INFO     strategy        PnL: 13:38:03 MTM=2343.25 Profit=0.36%
2026-07-14 13:38:04 INFO     strategy        PnL: 13:38:04 MTM=2359.50 Profit=0.36%
2026-07-14 13:38:05 INFO     strategy        PnL: 13:38:05 MTM=2398.50 Profit=0.37%
2026-07-14 13:38:06 INFO     strategy        PnL: 13:38:06 MTM=2359.50 Profit=0.36%
2026-07-14 13:38:07 INFO     strategy        PnL: 13:38:07 MTM=2353.00 Profit=0.36%
2026-07-14 13:38:08 INFO     strategy        PnL: 13:38:08 MTM=2395.25 Profit=0.36%
2026-07-14 13:38:09 INFO     strategy        PnL: 13:38:09 MTM=2359.50 Profit=0.36%
2026-07-14 13:38:10 INFO     strategy        PnL: 13:38:10 MTM=2369.25 Profit=0.36%
2026-07-14 13:38:11 INFO     strategy        PnL: 13:38:11 MTM=2379.00 Profit=0.36%
2026-07-14 13:38:12 INFO     strategy        PnL: 13:38:12 MTM=2411.50 Profit=0.37%
2026-07-14 13:38:13 INFO     strategy        PnL: 13:38:13 MTM=2405.00 Profit=0.37%
2026-07-14 13:38:14 INFO     strategy        PnL: 13:38:14 MTM=2424.50 Profit=0.37%
2026-07-14 13:38:15 INFO     strategy        PnL: 13:38:15 MTM=2427.75 Profit=0.37%
2026-07-14 13:38:16 INFO     strategy        PnL: 13:38:16 MTM=2463.50 Profit=0.38%
2026-07-14 13:38:17 INFO     strategy        PnL: 13:38:17 MTM=2437.50 Profit=0.37%
2026-07-14 13:38:18 INFO     strategy        PnL: 13:38:18 MTM=2382.25 Profit=0.36%
2026-07-14 13:38:19 INFO     strategy        PnL: 13:38:19 MTM=2405.00 Profit=0.37%
2026-07-14 13:38:20 INFO     strategy        PnL: 13:38:20 MTM=2362.75 Profit=0.36%
2026-07-14 13:38:21 INFO     strategy        PnL: 13:38:21 MTM=2346.50 Profit=0.36%
2026-07-14 13:38:22 INFO     strategy        PnL: 13:38:22 MTM=2398.50 Profit=0.37%
2026-07-14 13:38:23 INFO     strategy        PnL: 13:38:23 MTM=2385.50 Profit=0.36%
2026-07-14 13:38:24 INFO     strategy        PnL: 13:38:24 MTM=2414.75 Profit=0.37%
2026-07-14 13:38:25 INFO     strategy        PnL: 13:38:25 MTM=2379.00 Profit=0.36%
2026-07-14 13:38:26 INFO     strategy        PnL: 13:38:26 MTM=2401.75 Profit=0.37%
2026-07-14 13:38:27 INFO     strategy        PnL: 13:38:27 MTM=2314.00 Profit=0.35%
2026-07-14 13:38:28 INFO     strategy        PnL: 13:38:28 MTM=2336.75 Profit=0.36%
2026-07-14 13:38:29 INFO     strategy        PnL: 13:38:29 MTM=2414.75 Profit=0.37%
2026-07-14 13:38:30 INFO     strategy        PnL: 13:38:30 MTM=2444.00 Profit=0.37%
2026-07-14 13:38:31 INFO     strategy        PnL: 13:38:31 MTM=2398.50 Profit=0.37%
2026-07-14 13:38:32 INFO     strategy        PnL: 13:38:32 MTM=2353.00 Profit=0.36%
2026-07-14 13:38:33 INFO     strategy        PnL: 13:38:33 MTM=2421.25 Profit=0.37%
2026-07-14 13:38:34 INFO     strategy        PnL: 13:38:34 MTM=2450.50 Profit=0.37%
2026-07-14 13:38:35 INFO     strategy        PnL: 13:38:35 MTM=2447.25 Profit=0.37%
2026-07-14 13:38:36 INFO     strategy        PnL: 13:38:36 MTM=2515.50 Profit=0.38%
2026-07-14 13:38:37 INFO     strategy        PnL: 13:38:37 MTM=2398.50 Profit=0.37%
2026-07-14 13:38:38 INFO     strategy        PnL: 13:38:38 MTM=2382.25 Profit=0.36%
2026-07-14 13:38:39 INFO     strategy        PnL: 13:38:39 MTM=2437.50 Profit=0.37%
2026-07-14 13:38:40 INFO     strategy        PnL: 13:38:40 MTM=2447.25 Profit=0.37%
2026-07-14 13:38:41 INFO     strategy        PnL: 13:38:41 MTM=2346.50 Profit=0.36%
2026-07-14 13:38:42 INFO     strategy        PnL: 13:38:42 MTM=2401.75 Profit=0.37%
2026-07-14 13:38:43 INFO     strategy        PnL: 13:38:43 MTM=2353.00 Profit=0.36%
2026-07-14 13:38:44 INFO     strategy        PnL: 13:38:44 MTM=2336.75 Profit=0.36%
2026-07-14 13:38:45 INFO     strategy        PnL: 13:38:45 MTM=2320.50 Profit=0.35%
2026-07-14 13:38:46 INFO     strategy        PnL: 13:38:46 MTM=2382.25 Profit=0.36%
2026-07-14 13:38:47 INFO     strategy        PnL: 13:38:47 MTM=2385.50 Profit=0.36%
2026-07-14 13:38:48 INFO     strategy        PnL: 13:38:48 MTM=2369.25 Profit=0.36%
2026-07-14 13:38:49 INFO     strategy        PnL: 13:38:49 MTM=2291.25 Profit=0.35%
2026-07-14 13:38:50 INFO     strategy        PnL: 13:38:50 MTM=2265.25 Profit=0.35%
2026-07-14 13:38:51 INFO     strategy        PnL: 13:38:51 MTM=2437.50 Profit=0.37%
2026-07-14 13:38:52 INFO     strategy        PnL: 13:38:52 MTM=2203.50 Profit=0.34%
2026-07-14 13:38:53 INFO     strategy        PnL: 13:38:53 MTM=2232.75 Profit=0.34%
2026-07-14 13:38:54 INFO     strategy        PnL: 13:38:54 MTM=2232.75 Profit=0.34%
2026-07-14 13:38:55 INFO     strategy        PnL: 13:38:55 MTM=2177.50 Profit=0.33%
2026-07-14 13:38:56 INFO     strategy        PnL: 13:38:56 MTM=2242.50 Profit=0.34%
2026-07-14 13:38:58 INFO     strategy        PnL: 13:38:58 MTM=2268.50 Profit=0.35%
2026-07-14 13:38:59 INFO     strategy        PnL: 13:38:59 MTM=2379.00 Profit=0.36%
2026-07-14 13:39:00 INFO     strategy        PnL: 13:39:00 MTM=2398.50 Profit=0.37%
2026-07-14 13:39:01 INFO     strategy        PnL: 13:39:01 MTM=2330.25 Profit=0.35%
2026-07-14 13:39:02 INFO     strategy        PnL: 13:39:02 MTM=2323.75 Profit=0.35%
2026-07-14 13:39:03 INFO     strategy        PnL: 13:39:03 MTM=2349.75 Profit=0.36%
2026-07-14 13:39:04 INFO     strategy        PnL: 13:39:04 MTM=2356.25 Profit=0.36%
2026-07-14 13:39:05 INFO     strategy        PnL: 13:39:05 MTM=2366.00 Profit=0.36%
2026-07-14 13:39:06 INFO     strategy        PnL: 13:39:06 MTM=2239.25 Profit=0.34%
2026-07-14 13:39:07 INFO     strategy        PnL: 13:39:07 MTM=2291.25 Profit=0.35%
2026-07-14 13:39:08 INFO     strategy        PnL: 13:39:08 MTM=2265.25 Profit=0.35%
2026-07-14 13:39:09 INFO     strategy        PnL: 13:39:09 MTM=2301.00 Profit=0.35%
2026-07-14 13:39:10 INFO     strategy        PnL: 13:39:10 MTM=2330.25 Profit=0.35%
2026-07-14 13:39:11 INFO     strategy        PnL: 13:39:11 MTM=2392.00 Profit=0.36%
2026-07-14 13:39:12 INFO     strategy        PnL: 13:39:12 MTM=2369.25 Profit=0.36%
2026-07-14 13:39:13 INFO     strategy        PnL: 13:39:13 MTM=2346.50 Profit=0.36%
2026-07-14 13:39:14 INFO     strategy        PnL: 13:39:14 MTM=2359.50 Profit=0.36%
2026-07-14 13:39:15 INFO     strategy        PnL: 13:39:15 MTM=2356.25 Profit=0.36%
2026-07-14 13:39:16 INFO     strategy        PnL: 13:39:16 MTM=2362.75 Profit=0.36%
2026-07-14 13:39:17 INFO     strategy        PnL: 13:39:17 MTM=2466.75 Profit=0.38%
2026-07-14 13:39:18 INFO     strategy        PnL: 13:39:18 MTM=2486.25 Profit=0.38%
2026-07-14 13:39:19 INFO     strategy        PnL: 13:39:19 MTM=2375.75 Profit=0.36%
2026-07-14 13:39:20 INFO     strategy        PnL: 13:39:20 MTM=2447.25 Profit=0.37%
2026-07-14 13:39:21 INFO     strategy        PnL: 13:39:21 MTM=2369.25 Profit=0.36%
2026-07-14 13:39:22 INFO     strategy        PnL: 13:39:22 MTM=2473.25 Profit=0.38%
2026-07-14 13:39:23 INFO     strategy        PnL: 13:39:23 MTM=2583.75 Profit=0.39%
2026-07-14 13:39:24 INFO     strategy        PnL: 13:39:24 MTM=2590.25 Profit=0.39%
2026-07-14 13:39:25 INFO     strategy        PnL: 13:39:25 MTM=2593.50 Profit=0.40%
2026-07-14 13:39:26 INFO     strategy        PnL: 13:39:26 MTM=2457.00 Profit=0.37%
2026-07-14 13:39:27 INFO     strategy        PnL: 13:39:27 MTM=2541.50 Profit=0.39%
2026-07-14 13:39:28 INFO     strategy        PnL: 13:39:28 MTM=2512.25 Profit=0.38%
2026-07-14 13:39:29 INFO     strategy        PnL: 13:39:29 MTM=2525.25 Profit=0.38%
2026-07-14 13:39:30 INFO     strategy        PnL: 13:39:30 MTM=2453.75 Profit=0.37%
2026-07-14 13:39:31 INFO     strategy        PnL: 13:39:31 MTM=2538.25 Profit=0.39%
2026-07-14 13:39:32 INFO     strategy        PnL: 13:39:32 MTM=2502.50 Profit=0.38%
2026-07-14 13:39:33 INFO     strategy        PnL: 13:39:33 MTM=2453.75 Profit=0.37%
2026-07-14 13:39:34 INFO     strategy        PnL: 13:39:34 MTM=2528.50 Profit=0.39%
2026-07-14 13:39:35 INFO     strategy        PnL: 13:39:35 MTM=2528.50 Profit=0.39%
2026-07-14 13:39:36 INFO     strategy        PnL: 13:39:36 MTM=2525.25 Profit=0.38%
2026-07-14 13:39:37 INFO     strategy        PnL: 13:39:37 MTM=2522.00 Profit=0.38%
2026-07-14 13:39:38 INFO     strategy        PnL: 13:39:38 MTM=2499.25 Profit=0.38%
2026-07-14 13:39:39 INFO     strategy        PnL: 13:39:39 MTM=2525.25 Profit=0.38%
2026-07-14 13:39:40 INFO     strategy        PnL: 13:39:40 MTM=2502.50 Profit=0.38%
2026-07-14 13:39:41 INFO     strategy        PnL: 13:39:41 MTM=2548.00 Profit=0.39%
2026-07-14 13:39:42 INFO     strategy        PnL: 13:39:42 MTM=2551.25 Profit=0.39%
2026-07-14 13:39:43 INFO     strategy        PnL: 13:39:43 MTM=2538.25 Profit=0.39%
2026-07-14 13:39:44 INFO     strategy        PnL: 13:39:44 MTM=2499.25 Profit=0.38%
2026-07-14 13:39:45 INFO     strategy        PnL: 13:39:45 MTM=2522.00 Profit=0.38%
2026-07-14 13:39:46 INFO     strategy        PnL: 13:39:46 MTM=2648.75 Profit=0.40%
2026-07-14 13:39:47 INFO     strategy        PnL: 13:39:47 MTM=2531.75 Profit=0.39%
2026-07-14 13:39:48 INFO     strategy        PnL: 13:39:48 MTM=2470.00 Profit=0.38%
2026-07-14 13:39:49 INFO     strategy        PnL: 13:39:49 MTM=2600.00 Profit=0.40%
2026-07-14 13:39:50 INFO     strategy        PnL: 13:39:50 MTM=2681.25 Profit=0.41%
2026-07-14 13:39:51 INFO     strategy        PnL: 13:39:51 MTM=2603.25 Profit=0.40%
2026-07-14 13:39:52 INFO     strategy        PnL: 13:39:52 MTM=2665.00 Profit=0.41%
2026-07-14 13:39:53 INFO     strategy        PnL: 13:39:53 MTM=2577.25 Profit=0.39%
2026-07-14 13:39:54 INFO     strategy        PnL: 13:39:54 MTM=2616.25 Profit=0.40%
2026-07-14 13:39:55 INFO     strategy        PnL: 13:39:55 MTM=2652.00 Profit=0.40%
2026-07-14 13:39:56 INFO     strategy        PnL: 13:39:56 MTM=2596.75 Profit=0.40%
2026-07-14 13:39:57 INFO     strategy        PnL: 13:39:57 MTM=2652.00 Profit=0.40%
2026-07-14 13:39:58 INFO     strategy        PnL: 13:39:58 MTM=2600.00 Profit=0.40%
2026-07-14 13:39:59 INFO     strategy        PnL: 13:39:59 MTM=2726.75 Profit=0.42%
2026-07-14 13:40:00 INFO     strategy        PnL: 13:40:00 MTM=2697.50 Profit=0.41%
2026-07-14 13:40:01 INFO     strategy        PnL: 13:40:01 MTM=2626.00 Profit=0.40%
2026-07-14 13:40:02 INFO     strategy        PnL: 13:40:02 MTM=2681.25 Profit=0.41%
2026-07-14 13:40:03 INFO     strategy        PnL: 13:40:03 MTM=2626.00 Profit=0.40%
2026-07-14 13:40:04 INFO     strategy        PnL: 13:40:04 MTM=2564.25 Profit=0.39%
2026-07-14 13:40:05 INFO     strategy        PnL: 13:40:05 MTM=2629.25 Profit=0.40%
2026-07-14 13:40:06 INFO     strategy        PnL: 13:40:06 MTM=2720.25 Profit=0.41%
2026-07-14 13:40:07 INFO     strategy        PnL: 13:40:07 MTM=2590.25 Profit=0.39%
2026-07-14 13:40:08 INFO     strategy        PnL: 13:40:08 MTM=2574.00 Profit=0.39%
2026-07-14 13:40:09 INFO     strategy        PnL: 13:40:09 MTM=2665.00 Profit=0.41%
2026-07-14 13:40:10 INFO     strategy        PnL: 13:40:10 MTM=2609.75 Profit=0.40%
2026-07-14 13:40:11 INFO     strategy        PnL: 13:40:11 MTM=2613.00 Profit=0.40%
2026-07-14 13:40:12 INFO     strategy        PnL: 13:40:12 MTM=2626.00 Profit=0.40%
2026-07-14 13:40:13 INFO     strategy        PnL: 13:40:13 MTM=2613.00 Profit=0.40%
2026-07-14 13:40:14 INFO     strategy        PnL: 13:40:14 MTM=2593.50 Profit=0.40%
2026-07-14 13:40:15 INFO     strategy        PnL: 13:40:15 MTM=2570.75 Profit=0.39%
2026-07-14 13:40:16 INFO     strategy        PnL: 13:40:16 MTM=2554.50 Profit=0.39%
2026-07-14 13:40:17 INFO     strategy        PnL: 13:40:17 MTM=2564.25 Profit=0.39%
2026-07-14 13:40:18 INFO     strategy        PnL: 13:40:18 MTM=2570.75 Profit=0.39%
2026-07-14 13:40:19 INFO     strategy        PnL: 13:40:19 MTM=2554.50 Profit=0.39%
2026-07-14 13:40:20 INFO     strategy        PnL: 13:40:20 MTM=2535.00 Profit=0.39%
2026-07-14 13:40:21 INFO     strategy        PnL: 13:40:21 MTM=2548.00 Profit=0.39%
2026-07-14 13:40:22 INFO     strategy        PnL: 13:40:22 MTM=2515.50 Profit=0.38%
2026-07-14 13:40:23 INFO     strategy        PnL: 13:40:23 MTM=2522.00 Profit=0.38%
2026-07-14 13:40:24 INFO     strategy        PnL: 13:40:24 MTM=2515.50 Profit=0.38%
2026-07-14 13:40:25 INFO     strategy        PnL: 13:40:25 MTM=2535.00 Profit=0.39%
2026-07-14 13:40:26 INFO     strategy        PnL: 13:40:26 MTM=2492.75 Profit=0.38%
2026-07-14 13:40:27 INFO     strategy        PnL: 13:40:27 MTM=2613.00 Profit=0.40%
2026-07-14 13:40:28 INFO     strategy        PnL: 13:40:28 MTM=2476.50 Profit=0.38%
2026-07-14 13:40:29 INFO     strategy        PnL: 13:40:29 MTM=2483.00 Profit=0.38%
2026-07-14 13:40:30 INFO     strategy        PnL: 13:40:30 MTM=2499.25 Profit=0.38%
2026-07-14 13:40:31 INFO     strategy        PnL: 13:40:31 MTM=2492.75 Profit=0.38%
2026-07-14 13:40:32 INFO     strategy        PnL: 13:40:32 MTM=2538.25 Profit=0.39%
2026-07-14 13:40:33 INFO     strategy        PnL: 13:40:33 MTM=2522.00 Profit=0.38%
2026-07-14 13:40:34 INFO     strategy        PnL: 13:40:34 MTM=2522.00 Profit=0.38%
2026-07-14 13:40:35 INFO     strategy        PnL: 13:40:35 MTM=2525.25 Profit=0.38%
2026-07-14 13:40:36 INFO     strategy        PnL: 13:40:36 MTM=2544.75 Profit=0.39%
2026-07-14 13:40:37 INFO     strategy        PnL: 13:40:37 MTM=2570.75 Profit=0.39%
2026-07-14 13:40:38 INFO     strategy        PnL: 13:40:38 MTM=2554.50 Profit=0.39%
2026-07-14 13:40:40 INFO     strategy        PnL: 13:40:40 MTM=2570.75 Profit=0.39%
2026-07-14 13:40:41 INFO     strategy        PnL: 13:40:41 MTM=2587.00 Profit=0.39%
2026-07-14 13:40:42 INFO     strategy        PnL: 13:40:42 MTM=2600.00 Profit=0.40%
2026-07-14 13:40:43 INFO     strategy        PnL: 13:40:43 MTM=2694.25 Profit=0.41%
2026-07-14 13:40:44 INFO     strategy        PnL: 13:40:44 MTM=2561.00 Profit=0.39%
2026-07-14 13:40:45 INFO     strategy        PnL: 13:40:45 MTM=2570.75 Profit=0.39%
2026-07-14 13:40:46 INFO     strategy        PnL: 13:40:46 MTM=2645.50 Profit=0.40%
2026-07-14 13:40:47 INFO     strategy        PnL: 13:40:47 MTM=2577.25 Profit=0.39%
2026-07-14 13:40:48 INFO     strategy        PnL: 13:40:48 MTM=2619.50 Profit=0.40%
2026-07-14 13:40:49 INFO     strategy        PnL: 13:40:49 MTM=2619.50 Profit=0.40%
2026-07-14 13:40:50 INFO     strategy        PnL: 13:40:50 MTM=2544.75 Profit=0.39%
2026-07-14 13:40:51 INFO     strategy        PnL: 13:40:51 MTM=2587.00 Profit=0.39%
2026-07-14 13:40:52 INFO     strategy        PnL: 13:40:52 MTM=2574.00 Profit=0.39%
2026-07-14 13:40:53 INFO     strategy        PnL: 13:40:53 MTM=2567.50 Profit=0.39%
2026-07-14 13:40:54 INFO     strategy        PnL: 13:40:54 MTM=2639.00 Profit=0.40%
2026-07-14 13:40:55 INFO     strategy        PnL: 13:40:55 MTM=2619.50 Profit=0.40%
2026-07-14 13:40:56 INFO     strategy        PnL: 13:40:56 MTM=2531.75 Profit=0.39%
2026-07-14 13:40:57 INFO     strategy        PnL: 13:40:57 MTM=2609.75 Profit=0.40%
2026-07-14 13:40:58 INFO     strategy        PnL: 13:40:58 MTM=2619.50 Profit=0.40%
2026-07-14 13:40:59 INFO     strategy        PnL: 13:40:59 MTM=2632.50 Profit=0.40%
2026-07-14 13:41:00 INFO     strategy        PnL: 13:41:00 MTM=2648.75 Profit=0.40%
2026-07-14 13:41:01 INFO     strategy        PnL: 13:41:01 MTM=2570.75 Profit=0.39%
2026-07-14 13:41:02 INFO     strategy        PnL: 13:41:02 MTM=2557.75 Profit=0.39%
2026-07-14 13:41:03 INFO     strategy        PnL: 13:41:03 MTM=2616.25 Profit=0.40%
2026-07-14 13:41:04 INFO     strategy        PnL: 13:41:04 MTM=2635.75 Profit=0.40%
2026-07-14 13:41:05 INFO     strategy        PnL: 13:41:05 MTM=2606.50 Profit=0.40%
2026-07-14 13:41:06 INFO     strategy        PnL: 13:41:06 MTM=2743.00 Profit=0.42%
2026-07-14 13:41:07 INFO     strategy        PnL: 13:41:07 MTM=2691.00 Profit=0.41%
2026-07-14 13:41:08 INFO     strategy        PnL: 13:41:08 MTM=2642.25 Profit=0.40%
2026-07-14 13:41:09 INFO     strategy        PnL: 13:41:09 MTM=2535.00 Profit=0.39%
2026-07-14 13:41:10 INFO     strategy        PnL: 13:41:10 MTM=2626.00 Profit=0.40%
2026-07-14 13:41:11 INFO     strategy        PnL: 13:41:11 MTM=2616.25 Profit=0.40%
2026-07-14 13:41:12 INFO     strategy        PnL: 13:41:12 MTM=2570.75 Profit=0.39%
2026-07-14 13:41:13 INFO     strategy        PnL: 13:41:13 MTM=2600.00 Profit=0.40%
2026-07-14 13:41:14 INFO     strategy        PnL: 13:41:14 MTM=2574.00 Profit=0.39%
2026-07-14 13:41:15 INFO     strategy        PnL: 13:41:15 MTM=2574.00 Profit=0.39%
2026-07-14 13:41:16 INFO     strategy        PnL: 13:41:16 MTM=2655.25 Profit=0.40%
2026-07-14 13:41:17 INFO     strategy        PnL: 13:41:17 MTM=2613.00 Profit=0.40%
2026-07-14 13:41:18 INFO     strategy        PnL: 13:41:18 MTM=2678.00 Profit=0.41%
2026-07-14 13:41:19 INFO     strategy        PnL: 13:41:19 MTM=2603.25 Profit=0.40%
2026-07-14 13:41:20 INFO     strategy        PnL: 13:41:20 MTM=2583.75 Profit=0.39%
2026-07-14 13:41:21 INFO     strategy        PnL: 13:41:21 MTM=2590.25 Profit=0.39%
2026-07-14 13:41:22 INFO     strategy        PnL: 13:41:22 MTM=2590.25 Profit=0.39%
2026-07-14 13:41:23 INFO     strategy        PnL: 13:41:23 MTM=2574.00 Profit=0.39%
2026-07-14 13:41:24 INFO     strategy        PnL: 13:41:24 MTM=2622.75 Profit=0.40%
2026-07-14 13:41:25 INFO     strategy        PnL: 13:41:25 MTM=2512.25 Profit=0.38%
2026-07-14 13:41:26 INFO     strategy        PnL: 13:41:26 MTM=2593.50 Profit=0.40%
2026-07-14 13:41:27 INFO     strategy        PnL: 13:41:27 MTM=2518.75 Profit=0.38%
2026-07-14 13:41:28 INFO     strategy        PnL: 13:41:28 MTM=2541.50 Profit=0.39%
2026-07-14 13:41:29 INFO     strategy        PnL: 13:41:29 MTM=2616.25 Profit=0.40%
2026-07-14 13:41:30 INFO     strategy        PnL: 13:41:30 MTM=2652.00 Profit=0.40%
2026-07-14 13:41:31 INFO     strategy        PnL: 13:41:31 MTM=2580.50 Profit=0.39%
2026-07-14 13:41:32 INFO     strategy        PnL: 13:41:32 MTM=2613.00 Profit=0.40%
2026-07-14 13:41:33 INFO     strategy        PnL: 13:41:33 MTM=2606.50 Profit=0.40%
2026-07-14 13:41:34 INFO     strategy        PnL: 13:41:34 MTM=2587.00 Profit=0.39%
2026-07-14 13:41:35 INFO     strategy        PnL: 13:41:35 MTM=2639.00 Profit=0.40%
2026-07-14 13:41:36 INFO     strategy        PnL: 13:41:36 MTM=2580.50 Profit=0.39%
2026-07-14 13:41:37 INFO     strategy        PnL: 13:41:37 MTM=2635.75 Profit=0.40%
2026-07-14 13:41:38 INFO     strategy        PnL: 13:41:38 MTM=2554.50 Profit=0.39%
2026-07-14 13:41:39 INFO     strategy        PnL: 13:41:39 MTM=2600.00 Profit=0.40%
2026-07-14 13:41:40 INFO     strategy        PnL: 13:41:40 MTM=2587.00 Profit=0.39%
2026-07-14 13:41:41 INFO     strategy        PnL: 13:41:41 MTM=2629.25 Profit=0.40%
2026-07-14 13:41:42 INFO     strategy        PnL: 13:41:42 MTM=2502.50 Profit=0.38%
2026-07-14 13:41:43 INFO     strategy        PnL: 13:41:43 MTM=2509.00 Profit=0.38%
2026-07-14 13:41:44 INFO     strategy        PnL: 13:41:44 MTM=2541.50 Profit=0.39%
2026-07-14 13:41:45 INFO     strategy        PnL: 13:41:45 MTM=2548.00 Profit=0.39%
2026-07-14 13:41:46 INFO     strategy        PnL: 13:41:46 MTM=2535.00 Profit=0.39%
2026-07-14 13:41:47 INFO     strategy        PnL: 13:41:47 MTM=2564.25 Profit=0.39%
2026-07-14 13:41:48 INFO     strategy        PnL: 13:41:48 MTM=2505.75 Profit=0.38%
2026-07-14 13:41:49 INFO     strategy        PnL: 13:41:49 MTM=2538.25 Profit=0.39%
2026-07-14 13:41:50 INFO     strategy        PnL: 13:41:50 MTM=2502.50 Profit=0.38%
2026-07-14 13:41:51 INFO     strategy        PnL: 13:41:51 MTM=2531.75 Profit=0.39%
2026-07-14 13:41:52 INFO     strategy        PnL: 13:41:52 MTM=2574.00 Profit=0.39%
2026-07-14 13:41:53 INFO     strategy        PnL: 13:41:53 MTM=2476.50 Profit=0.38%
2026-07-14 13:41:54 INFO     strategy        PnL: 13:41:54 MTM=2522.00 Profit=0.38%
2026-07-14 13:41:55 INFO     strategy        PnL: 13:41:55 MTM=2544.75 Profit=0.39%
2026-07-14 13:41:56 INFO     strategy        PnL: 13:41:56 MTM=2528.50 Profit=0.39%
2026-07-14 13:41:57 INFO     strategy        PnL: 13:41:57 MTM=2509.00 Profit=0.38%
2026-07-14 13:41:58 INFO     strategy        PnL: 13:41:58 MTM=2554.50 Profit=0.39%
2026-07-14 13:41:59 INFO     strategy        PnL: 13:41:59 MTM=2561.00 Profit=0.39%
2026-07-14 13:42:00 INFO     strategy        PnL: 13:42:00 MTM=2590.25 Profit=0.39%
2026-07-14 13:42:01 INFO     strategy        PnL: 13:42:01 MTM=2580.50 Profit=0.39%
2026-07-14 13:42:02 INFO     strategy        PnL: 13:42:02 MTM=2564.25 Profit=0.39%
2026-07-14 13:42:03 INFO     strategy        PnL: 13:42:03 MTM=2570.75 Profit=0.39%
2026-07-14 13:42:04 INFO     strategy        PnL: 13:42:04 MTM=2531.75 Profit=0.39%
2026-07-14 13:42:05 INFO     strategy        PnL: 13:42:05 MTM=2525.25 Profit=0.38%
2026-07-14 13:42:06 INFO     strategy        PnL: 13:42:06 MTM=2535.00 Profit=0.39%
2026-07-14 13:42:07 INFO     strategy        PnL: 13:42:07 MTM=2473.25 Profit=0.38%
2026-07-14 13:42:09 INFO     strategy        PnL: 13:42:08 MTM=2460.25 Profit=0.37%
2026-07-14 13:42:10 INFO     strategy        PnL: 13:42:10 MTM=2473.25 Profit=0.38%
2026-07-14 13:42:11 INFO     strategy        PnL: 13:42:11 MTM=2567.50 Profit=0.39%
2026-07-14 13:42:12 INFO     strategy        PnL: 13:42:12 MTM=2473.25 Profit=0.38%
2026-07-14 13:42:13 INFO     strategy        PnL: 13:42:13 MTM=2473.25 Profit=0.38%
2026-07-14 13:42:14 INFO     strategy        PnL: 13:42:14 MTM=2418.00 Profit=0.37%
2026-07-14 13:42:15 INFO     strategy        PnL: 13:42:15 MTM=2460.25 Profit=0.37%
2026-07-14 13:42:16 INFO     strategy        PnL: 13:42:16 MTM=2447.25 Profit=0.37%
2026-07-14 13:42:17 INFO     strategy        PnL: 13:42:17 MTM=2473.25 Profit=0.38%
2026-07-14 13:42:18 INFO     strategy        PnL: 13:42:18 MTM=2535.00 Profit=0.39%
2026-07-14 13:42:19 INFO     strategy        PnL: 13:42:19 MTM=2518.75 Profit=0.38%
2026-07-14 13:42:20 INFO     strategy        PnL: 13:42:20 MTM=2476.50 Profit=0.38%
2026-07-14 13:42:21 INFO     strategy        PnL: 13:42:21 MTM=2496.00 Profit=0.38%
2026-07-14 13:42:22 INFO     strategy        PnL: 13:42:22 MTM=2522.00 Profit=0.38%
2026-07-14 13:42:23 INFO     strategy        PnL: 13:42:23 MTM=2515.50 Profit=0.38%
2026-07-14 13:42:24 INFO     strategy        PnL: 13:42:24 MTM=2453.75 Profit=0.37%
2026-07-14 13:42:25 INFO     strategy        PnL: 13:42:25 MTM=2466.75 Profit=0.38%
2026-07-14 13:42:26 INFO     strategy        PnL: 13:42:26 MTM=2525.25 Profit=0.38%
2026-07-14 13:42:27 INFO     strategy        PnL: 13:42:27 MTM=2453.75 Profit=0.37%
2026-07-14 13:42:28 INFO     strategy        PnL: 13:42:28 MTM=2492.75 Profit=0.38%
2026-07-14 13:42:29 INFO     strategy        PnL: 13:42:29 MTM=2444.00 Profit=0.37%
2026-07-14 13:42:30 INFO     strategy        PnL: 13:42:30 MTM=2483.00 Profit=0.38%
2026-07-14 13:42:31 INFO     strategy        PnL: 13:42:31 MTM=2544.75 Profit=0.39%
2026-07-14 13:42:32 INFO     strategy        PnL: 13:42:32 MTM=2567.50 Profit=0.39%
2026-07-14 13:42:33 INFO     strategy        PnL: 13:42:33 MTM=2535.00 Profit=0.39%
2026-07-14 13:42:34 INFO     strategy        PnL: 13:42:34 MTM=2515.50 Profit=0.38%
2026-07-14 13:42:35 INFO     strategy        PnL: 13:42:35 MTM=2541.50 Profit=0.39%
2026-07-14 13:42:36 INFO     strategy        PnL: 13:42:36 MTM=2512.25 Profit=0.38%
2026-07-14 13:42:37 INFO     strategy        PnL: 13:42:37 MTM=2486.25 Profit=0.38%
2026-07-14 13:42:38 INFO     strategy        PnL: 13:42:38 MTM=2479.75 Profit=0.38%
2026-07-14 13:42:39 INFO     strategy        PnL: 13:42:39 MTM=2457.00 Profit=0.37%
2026-07-14 13:42:40 INFO     strategy        PnL: 13:42:40 MTM=2434.25 Profit=0.37%
2026-07-14 13:42:41 INFO     strategy        PnL: 13:42:41 MTM=2515.50 Profit=0.38%
2026-07-14 13:42:42 INFO     strategy        PnL: 13:42:42 MTM=2473.25 Profit=0.38%
2026-07-14 13:42:43 INFO     strategy        PnL: 13:42:43 MTM=2470.00 Profit=0.38%
2026-07-14 13:42:44 INFO     strategy        PnL: 13:42:44 MTM=2496.00 Profit=0.38%
2026-07-14 13:42:45 INFO     strategy        PnL: 13:42:45 MTM=2466.75 Profit=0.38%
2026-07-14 13:42:46 INFO     strategy        PnL: 13:42:46 MTM=2548.00 Profit=0.39%
2026-07-14 13:42:47 INFO     strategy        PnL: 13:42:47 MTM=2473.25 Profit=0.38%
2026-07-14 13:42:48 INFO     strategy        PnL: 13:42:48 MTM=2505.75 Profit=0.38%
2026-07-14 13:42:49 INFO     strategy        PnL: 13:42:49 MTM=2548.00 Profit=0.39%
2026-07-14 13:42:50 INFO     strategy        PnL: 13:42:50 MTM=2486.25 Profit=0.38%
2026-07-14 13:42:51 INFO     strategy        PnL: 13:42:51 MTM=2512.25 Profit=0.38%
2026-07-14 13:42:52 INFO     strategy        PnL: 13:42:52 MTM=2574.00 Profit=0.39%
2026-07-14 13:42:53 INFO     strategy        PnL: 13:42:53 MTM=2567.50 Profit=0.39%
2026-07-14 13:42:54 INFO     strategy        PnL: 13:42:54 MTM=2570.75 Profit=0.39%
2026-07-14 13:42:55 INFO     strategy        PnL: 13:42:55 MTM=2489.50 Profit=0.38%
2026-07-14 13:42:56 INFO     strategy        PnL: 13:42:56 MTM=2515.50 Profit=0.38%
2026-07-14 13:42:57 INFO     strategy        PnL: 13:42:57 MTM=2473.25 Profit=0.38%
2026-07-14 13:42:58 INFO     strategy        PnL: 13:42:58 MTM=2502.50 Profit=0.38%
2026-07-14 13:42:59 INFO     strategy        PnL: 13:42:59 MTM=2512.25 Profit=0.38%
2026-07-14 13:43:00 INFO     strategy        PnL: 13:43:00 MTM=2509.00 Profit=0.38%
2026-07-14 13:43:01 INFO     strategy        PnL: 13:43:01 MTM=2453.75 Profit=0.37%
2026-07-14 13:43:02 INFO     strategy        PnL: 13:43:02 MTM=2525.25 Profit=0.38%
2026-07-14 13:43:03 INFO     strategy        PnL: 13:43:03 MTM=2505.75 Profit=0.38%
2026-07-14 13:43:04 INFO     strategy        PnL: 13:43:04 MTM=2460.25 Profit=0.37%
2026-07-14 13:43:05 INFO     strategy        PnL: 13:43:05 MTM=2531.75 Profit=0.39%
2026-07-14 13:43:06 INFO     strategy        PnL: 13:43:06 MTM=2466.75 Profit=0.38%
2026-07-14 13:43:07 INFO     strategy        PnL: 13:43:07 MTM=2496.00 Profit=0.38%
2026-07-14 13:43:08 INFO     strategy        PnL: 13:43:08 MTM=2486.25 Profit=0.38%
2026-07-14 13:43:09 INFO     strategy        PnL: 13:43:09 MTM=2554.50 Profit=0.39%
2026-07-14 13:43:10 INFO     strategy        PnL: 13:43:10 MTM=2525.25 Profit=0.38%
2026-07-14 13:43:11 INFO     strategy        PnL: 13:43:11 MTM=2492.75 Profit=0.38%
2026-07-14 13:43:12 INFO     strategy        PnL: 13:43:12 MTM=2551.25 Profit=0.39%
2026-07-14 13:43:13 INFO     strategy        PnL: 13:43:13 MTM=2531.75 Profit=0.39%
2026-07-14 13:43:14 INFO     strategy        PnL: 13:43:14 MTM=2544.75 Profit=0.39%
2026-07-14 13:43:15 INFO     strategy        PnL: 13:43:15 MTM=2470.00 Profit=0.38%
2026-07-14 13:43:16 INFO     strategy        PnL: 13:43:16 MTM=2564.25 Profit=0.39%
2026-07-14 13:43:17 INFO     strategy        PnL: 13:43:17 MTM=2606.50 Profit=0.40%
2026-07-14 13:43:18 INFO     strategy        PnL: 13:43:18 MTM=2535.00 Profit=0.39%
2026-07-14 13:43:19 INFO     strategy        PnL: 13:43:19 MTM=2538.25 Profit=0.39%
2026-07-14 13:43:20 INFO     strategy        PnL: 13:43:20 MTM=2509.00 Profit=0.38%
2026-07-14 13:43:21 INFO     strategy        PnL: 13:43:21 MTM=2515.50 Profit=0.38%
2026-07-14 13:43:22 INFO     strategy        PnL: 13:43:22 MTM=2479.75 Profit=0.38%
2026-07-14 13:43:23 INFO     strategy        PnL: 13:43:23 MTM=2518.75 Profit=0.38%
2026-07-14 13:43:24 INFO     strategy        PnL: 13:43:24 MTM=2486.25 Profit=0.38%
2026-07-14 13:43:26 INFO     strategy        PnL: 13:43:26 MTM=2489.50 Profit=0.38%
2026-07-14 13:43:27 INFO     strategy        PnL: 13:43:27 MTM=2470.00 Profit=0.38%
2026-07-14 13:43:28 INFO     strategy        PnL: 13:43:28 MTM=2522.00 Profit=0.38%
2026-07-14 13:43:29 INFO     strategy        PnL: 13:43:29 MTM=2473.25 Profit=0.38%
2026-07-14 13:43:30 INFO     strategy        PnL: 13:43:30 MTM=2453.75 Profit=0.37%
2026-07-14 13:43:31 INFO     strategy        PnL: 13:43:31 MTM=2460.25 Profit=0.37%
2026-07-14 13:43:32 INFO     strategy        PnL: 13:43:32 MTM=2470.00 Profit=0.38%
2026-07-14 13:43:33 INFO     strategy        PnL: 13:43:33 MTM=2509.00 Profit=0.38%
2026-07-14 13:43:34 INFO     strategy        PnL: 13:43:34 MTM=2476.50 Profit=0.38%
2026-07-14 13:43:35 INFO     strategy        PnL: 13:43:35 MTM=2483.00 Profit=0.38%
2026-07-14 13:43:36 INFO     strategy        PnL: 13:43:36 MTM=2479.75 Profit=0.38%
2026-07-14 13:43:37 INFO     strategy        PnL: 13:43:37 MTM=2466.75 Profit=0.38%
2026-07-14 13:43:38 INFO     strategy        PnL: 13:43:38 MTM=2444.00 Profit=0.37%
2026-07-14 13:43:39 INFO     strategy        PnL: 13:43:39 MTM=2457.00 Profit=0.37%
2026-07-14 13:43:40 INFO     strategy        PnL: 13:43:40 MTM=2398.50 Profit=0.37%
2026-07-14 13:43:41 INFO     strategy        PnL: 13:43:41 MTM=2486.25 Profit=0.38%
2026-07-14 13:43:42 INFO     strategy        PnL: 13:43:42 MTM=2492.75 Profit=0.38%
2026-07-14 13:43:43 INFO     strategy        PnL: 13:43:43 MTM=2466.75 Profit=0.38%
2026-07-14 13:43:44 INFO     strategy        PnL: 13:43:44 MTM=2450.50 Profit=0.37%
2026-07-14 13:43:45 INFO     strategy        PnL: 13:43:45 MTM=2492.75 Profit=0.38%
2026-07-14 13:43:46 INFO     strategy        PnL: 13:43:46 MTM=2447.25 Profit=0.37%
2026-07-14 13:43:47 INFO     strategy        PnL: 13:43:47 MTM=2424.50 Profit=0.37%
2026-07-14 13:43:48 INFO     strategy        PnL: 13:43:48 MTM=2470.00 Profit=0.38%
2026-07-14 13:43:49 INFO     strategy        PnL: 13:43:49 MTM=2486.25 Profit=0.38%
2026-07-14 13:43:50 INFO     strategy        PnL: 13:43:50 MTM=2444.00 Profit=0.37%
2026-07-14 13:43:51 INFO     strategy        PnL: 13:43:51 MTM=2473.25 Profit=0.38%
2026-07-14 13:43:52 INFO     strategy        PnL: 13:43:52 MTM=2470.00 Profit=0.38%
2026-07-14 13:43:53 INFO     strategy        PnL: 13:43:53 MTM=2427.75 Profit=0.37%
2026-07-14 13:43:54 INFO     strategy        PnL: 13:43:54 MTM=2418.00 Profit=0.37%
2026-07-14 13:43:55 INFO     strategy        PnL: 13:43:55 MTM=2457.00 Profit=0.37%
2026-07-14 13:43:56 INFO     strategy        PnL: 13:43:56 MTM=2476.50 Profit=0.38%
2026-07-14 13:43:57 INFO     strategy        PnL: 13:43:57 MTM=2492.75 Profit=0.38%
2026-07-14 13:43:58 INFO     strategy        PnL: 13:43:58 MTM=2486.25 Profit=0.38%
2026-07-14 13:43:59 INFO     strategy        PnL: 13:43:59 MTM=2466.75 Profit=0.38%
2026-07-14 13:44:00 INFO     strategy        PnL: 13:44:00 MTM=2505.75 Profit=0.38%
2026-07-14 13:44:01 INFO     strategy        PnL: 13:44:01 MTM=2450.50 Profit=0.37%
2026-07-14 13:44:02 INFO     strategy        PnL: 13:44:02 MTM=2502.50 Profit=0.38%
2026-07-14 13:44:03 INFO     strategy        PnL: 13:44:03 MTM=2489.50 Profit=0.38%
2026-07-14 13:44:04 INFO     strategy        PnL: 13:44:04 MTM=2479.75 Profit=0.38%
2026-07-14 13:44:05 INFO     strategy        PnL: 13:44:05 MTM=2483.00 Profit=0.38%
2026-07-14 13:44:06 INFO     strategy        PnL: 13:44:06 MTM=2470.00 Profit=0.38%
2026-07-14 13:44:07 INFO     strategy        PnL: 13:44:07 MTM=2541.50 Profit=0.39%
2026-07-14 13:44:08 INFO     strategy        PnL: 13:44:08 MTM=2531.75 Profit=0.39%
2026-07-14 13:44:09 INFO     strategy        PnL: 13:44:09 MTM=2512.25 Profit=0.38%
2026-07-14 13:44:10 INFO     strategy        PnL: 13:44:10 MTM=2489.50 Profit=0.38%
2026-07-14 13:44:11 INFO     strategy        PnL: 13:44:11 MTM=2486.25 Profit=0.38%
2026-07-14 13:44:12 INFO     strategy        PnL: 13:44:12 MTM=2447.25 Profit=0.37%
2026-07-14 13:44:13 INFO     strategy        PnL: 13:44:13 MTM=2447.25 Profit=0.37%
2026-07-14 13:44:14 INFO     strategy        PnL: 13:44:14 MTM=2450.50 Profit=0.37%
2026-07-14 13:44:15 INFO     strategy        PnL: 13:44:15 MTM=2466.75 Profit=0.38%
2026-07-14 13:44:16 INFO     strategy        PnL: 13:44:16 MTM=2528.50 Profit=0.39%
2026-07-14 13:44:17 INFO     strategy        PnL: 13:44:17 MTM=2509.00 Profit=0.38%
2026-07-14 13:44:18 INFO     strategy        PnL: 13:44:18 MTM=2427.75 Profit=0.37%
2026-07-14 13:44:19 INFO     strategy        PnL: 13:44:19 MTM=2401.75 Profit=0.37%
2026-07-14 13:44:20 INFO     strategy        PnL: 13:44:20 MTM=2434.25 Profit=0.37%
2026-07-14 13:44:21 INFO     strategy        PnL: 13:44:21 MTM=2544.75 Profit=0.39%
2026-07-14 13:44:22 INFO     strategy        PnL: 13:44:22 MTM=2496.00 Profit=0.38%
2026-07-14 13:44:23 INFO     strategy        PnL: 13:44:23 MTM=2489.50 Profit=0.38%
2026-07-14 13:44:24 INFO     strategy        PnL: 13:44:24 MTM=2463.50 Profit=0.38%
2026-07-14 13:44:25 INFO     strategy        PnL: 13:44:25 MTM=2437.50 Profit=0.37%
2026-07-14 13:44:26 INFO     strategy        PnL: 13:44:26 MTM=2460.25 Profit=0.37%
2026-07-14 13:44:27 INFO     strategy        PnL: 13:44:27 MTM=2453.75 Profit=0.37%
2026-07-14 13:44:28 INFO     strategy        PnL: 13:44:28 MTM=2528.50 Profit=0.39%
2026-07-14 13:44:29 INFO     strategy        PnL: 13:44:29 MTM=2486.25 Profit=0.38%
2026-07-14 13:44:30 INFO     strategy        PnL: 13:44:30 MTM=2470.00 Profit=0.38%
2026-07-14 13:44:31 INFO     strategy        PnL: 13:44:31 MTM=2512.25 Profit=0.38%
2026-07-14 13:44:32 INFO     strategy        PnL: 13:44:32 MTM=2473.25 Profit=0.38%
2026-07-14 13:44:33 INFO     strategy        PnL: 13:44:33 MTM=2512.25 Profit=0.38%
2026-07-14 13:44:34 INFO     strategy        PnL: 13:44:34 MTM=2518.75 Profit=0.38%
2026-07-14 13:44:35 INFO     strategy        PnL: 13:44:35 MTM=2486.25 Profit=0.38%
2026-07-14 13:44:36 INFO     strategy        PnL: 13:44:36 MTM=2535.00 Profit=0.39%
2026-07-14 13:44:38 INFO     strategy        PnL: 13:44:38 MTM=2561.00 Profit=0.39%
2026-07-14 13:44:39 INFO     strategy        PnL: 13:44:39 MTM=2512.25 Profit=0.38%
2026-07-14 13:44:40 INFO     strategy        PnL: 13:44:40 MTM=2554.50 Profit=0.39%
2026-07-14 13:44:41 INFO     strategy        PnL: 13:44:41 MTM=2548.00 Profit=0.39%
2026-07-14 13:44:42 INFO     strategy        PnL: 13:44:42 MTM=2551.25 Profit=0.39%
2026-07-14 13:44:43 INFO     strategy        PnL: 13:44:43 MTM=2596.75 Profit=0.40%
2026-07-14 13:44:44 INFO     strategy        PnL: 13:44:44 MTM=2567.50 Profit=0.39%
2026-07-14 13:44:45 INFO     strategy        PnL: 13:44:45 MTM=2600.00 Profit=0.40%
2026-07-14 13:44:46 INFO     strategy        PnL: 13:44:46 MTM=2674.75 Profit=0.41%
2026-07-14 13:44:47 INFO     strategy        PnL: 13:44:47 MTM=2609.75 Profit=0.40%
2026-07-14 13:44:48 INFO     strategy        PnL: 13:44:48 MTM=2593.50 Profit=0.40%
2026-07-14 13:44:49 INFO     strategy        PnL: 13:44:49 MTM=2619.50 Profit=0.40%
2026-07-14 13:44:50 INFO     strategy        PnL: 13:44:50 MTM=2606.50 Profit=0.40%
2026-07-14 13:44:51 INFO     strategy        PnL: 13:44:51 MTM=2603.25 Profit=0.40%
2026-07-14 13:44:52 INFO     strategy        PnL: 13:44:52 MTM=2596.75 Profit=0.40%
2026-07-14 13:44:53 INFO     strategy        PnL: 13:44:53 MTM=2632.50 Profit=0.40%
2026-07-14 13:44:54 INFO     strategy        PnL: 13:44:54 MTM=2694.25 Profit=0.41%
2026-07-14 13:44:55 INFO     strategy        PnL: 13:44:55 MTM=2626.00 Profit=0.40%
2026-07-14 13:44:56 INFO     strategy        PnL: 13:44:56 MTM=2639.00 Profit=0.40%
2026-07-14 13:44:57 INFO     strategy        PnL: 13:44:57 MTM=2626.00 Profit=0.40%
2026-07-14 13:44:58 INFO     strategy        PnL: 13:44:58 MTM=2687.75 Profit=0.41%
2026-07-14 13:44:59 INFO     strategy        PnL: 13:44:59 MTM=2652.00 Profit=0.40%
2026-07-14 13:45:00 INFO     strategy        PnL: 13:45:00 MTM=2639.00 Profit=0.40%
2026-07-14 13:45:01 INFO     strategy        PnL: 13:45:01 MTM=2642.25 Profit=0.40%
2026-07-14 13:45:02 INFO     strategy        PnL: 13:45:02 MTM=2684.50 Profit=0.41%
2026-07-14 13:45:03 INFO     strategy        PnL: 13:45:03 MTM=2652.00 Profit=0.40%
2026-07-14 13:45:04 INFO     strategy        PnL: 13:45:04 MTM=2694.25 Profit=0.41%
2026-07-14 13:45:05 INFO     strategy        PnL: 13:45:05 MTM=2648.75 Profit=0.40%
2026-07-14 13:45:06 INFO     strategy        PnL: 13:45:06 MTM=2642.25 Profit=0.40%
2026-07-14 13:45:07 INFO     strategy        PnL: 13:45:07 MTM=2661.75 Profit=0.41%
2026-07-14 13:45:08 INFO     strategy        PnL: 13:45:08 MTM=2687.75 Profit=0.41%
2026-07-14 13:45:09 INFO     strategy        PnL: 13:45:09 MTM=2609.75 Profit=0.40%
2026-07-14 13:45:10 INFO     strategy        PnL: 13:45:10 MTM=2619.50 Profit=0.40%
2026-07-14 13:45:11 INFO     strategy        PnL: 13:45:11 MTM=2678.00 Profit=0.41%
2026-07-14 13:45:12 INFO     strategy        PnL: 13:45:12 MTM=2671.50 Profit=0.41%
2026-07-14 13:45:13 INFO     strategy        PnL: 13:45:13 MTM=2619.50 Profit=0.40%
2026-07-14 13:45:14 INFO     strategy        PnL: 13:45:14 MTM=2583.75 Profit=0.39%
2026-07-14 13:45:15 INFO     strategy        PnL: 13:45:15 MTM=2518.75 Profit=0.38%
2026-07-14 13:45:16 INFO     strategy        PnL: 13:45:16 MTM=2635.75 Profit=0.40%
2026-07-14 13:45:17 INFO     strategy        PnL: 13:45:17 MTM=2577.25 Profit=0.39%
2026-07-14 13:45:18 INFO     strategy        PnL: 13:45:18 MTM=2639.00 Profit=0.40%
2026-07-14 13:45:19 INFO     strategy        PnL: 13:45:19 MTM=2616.25 Profit=0.40%
2026-07-14 13:45:20 INFO     strategy        PnL: 13:45:20 MTM=2665.00 Profit=0.41%
2026-07-14 13:45:21 INFO     strategy        PnL: 13:45:21 MTM=2648.75 Profit=0.40%
2026-07-14 13:45:22 INFO     strategy        PnL: 13:45:22 MTM=2619.50 Profit=0.40%
2026-07-14 13:45:23 INFO     strategy        PnL: 13:45:23 MTM=2603.25 Profit=0.40%
2026-07-14 13:45:24 INFO     strategy        PnL: 13:45:24 MTM=2596.75 Profit=0.40%
2026-07-14 13:45:25 INFO     strategy        PnL: 13:45:25 MTM=2645.50 Profit=0.40%
2026-07-14 13:45:26 INFO     strategy        PnL: 13:45:26 MTM=2593.50 Profit=0.40%
2026-07-14 13:45:27 INFO     strategy        PnL: 13:45:27 MTM=2596.75 Profit=0.40%
2026-07-14 13:45:28 INFO     strategy        PnL: 13:45:28 MTM=2658.50 Profit=0.40%
2026-07-14 13:45:29 INFO     strategy        PnL: 13:45:29 MTM=2554.50 Profit=0.39%
2026-07-14 13:45:30 INFO     strategy        PnL: 13:45:30 MTM=2600.00 Profit=0.40%
2026-07-14 13:45:31 INFO     strategy        PnL: 13:45:31 MTM=2583.75 Profit=0.39%
2026-07-14 13:45:32 INFO     strategy        PnL: 13:45:32 MTM=2587.00 Profit=0.39%
2026-07-14 13:45:33 INFO     strategy        PnL: 13:45:33 MTM=2622.75 Profit=0.40%
2026-07-14 13:45:34 INFO     strategy        PnL: 13:45:34 MTM=2648.75 Profit=0.40%
2026-07-14 13:45:35 INFO     strategy        PnL: 13:45:35 MTM=2567.50 Profit=0.39%
2026-07-14 13:45:36 INFO     strategy        PnL: 13:45:36 MTM=2564.25 Profit=0.39%
2026-07-14 13:45:37 INFO     strategy        PnL: 13:45:37 MTM=2616.25 Profit=0.40%
2026-07-14 13:45:38 INFO     strategy        PnL: 13:45:38 MTM=2609.75 Profit=0.40%
2026-07-14 13:45:39 INFO     strategy        PnL: 13:45:39 MTM=2642.25 Profit=0.40%
2026-07-14 13:45:40 INFO     strategy        PnL: 13:45:40 MTM=2756.00 Profit=0.42%
2026-07-14 13:45:41 INFO     strategy        PnL: 13:45:41 MTM=2606.50 Profit=0.40%
2026-07-14 13:45:42 INFO     strategy        PnL: 13:45:42 MTM=2557.75 Profit=0.39%
2026-07-14 13:45:43 INFO     strategy        PnL: 13:45:43 MTM=2570.75 Profit=0.39%
2026-07-14 13:45:44 INFO     strategy        PnL: 13:45:44 MTM=2603.25 Profit=0.40%
2026-07-14 13:45:45 INFO     strategy        PnL: 13:45:45 MTM=2596.75 Profit=0.40%
2026-07-14 13:45:46 INFO     strategy        PnL: 13:45:46 MTM=2528.50 Profit=0.39%
2026-07-14 13:45:47 INFO     strategy        PnL: 13:45:47 MTM=2574.00 Profit=0.39%
2026-07-14 13:45:48 INFO     strategy        PnL: 13:45:48 MTM=2557.75 Profit=0.39%
2026-07-14 13:45:49 INFO     strategy        PnL: 13:45:49 MTM=2606.50 Profit=0.40%
2026-07-14 13:45:50 INFO     strategy        PnL: 13:45:50 MTM=2583.75 Profit=0.39%
2026-07-14 13:45:51 INFO     strategy        PnL: 13:45:51 MTM=2505.75 Profit=0.38%
2026-07-14 13:45:52 INFO     strategy        PnL: 13:45:52 MTM=2525.25 Profit=0.38%
2026-07-14 13:45:53 INFO     strategy        PnL: 13:45:53 MTM=2551.25 Profit=0.39%
2026-07-14 13:45:54 INFO     strategy        PnL: 13:45:54 MTM=2593.50 Profit=0.40%
2026-07-14 13:45:55 INFO     strategy        PnL: 13:45:55 MTM=2626.00 Profit=0.40%
2026-07-14 13:45:56 INFO     strategy        PnL: 13:45:56 MTM=2609.75 Profit=0.40%
2026-07-14 13:45:57 INFO     strategy        PnL: 13:45:57 MTM=2603.25 Profit=0.40%
2026-07-14 13:45:58 INFO     strategy        PnL: 13:45:58 MTM=2606.50 Profit=0.40%
2026-07-14 13:45:59 INFO     strategy        PnL: 13:45:59 MTM=2655.25 Profit=0.40%
2026-07-14 13:46:00 INFO     strategy        PnL: 13:46:00 MTM=2629.25 Profit=0.40%
2026-07-14 13:46:01 INFO     strategy        PnL: 13:46:01 MTM=2655.25 Profit=0.40%
2026-07-14 13:46:02 INFO     strategy        PnL: 13:46:02 MTM=2668.25 Profit=0.41%
2026-07-14 13:46:03 INFO     strategy        PnL: 13:46:03 MTM=2687.75 Profit=0.41%
2026-07-14 13:46:04 INFO     strategy        PnL: 13:46:04 MTM=2645.50 Profit=0.40%
2026-07-14 13:46:05 INFO     strategy        PnL: 13:46:05 MTM=2717.00 Profit=0.41%
2026-07-14 13:46:06 INFO     strategy        PnL: 13:46:06 MTM=2658.50 Profit=0.40%
2026-07-14 13:46:07 INFO     strategy        PnL: 13:46:07 MTM=2626.00 Profit=0.40%
2026-07-14 13:46:08 INFO     strategy        PnL: 13:46:08 MTM=2622.75 Profit=0.40%
2026-07-14 13:46:09 INFO     strategy        PnL: 13:46:09 MTM=2652.00 Profit=0.40%
2026-07-14 13:46:11 INFO     strategy        PnL: 13:46:11 MTM=2590.25 Profit=0.39%
2026-07-14 13:46:12 INFO     strategy        PnL: 13:46:12 MTM=2619.50 Profit=0.40%
2026-07-14 13:46:13 INFO     strategy        PnL: 13:46:13 MTM=2606.50 Profit=0.40%
2026-07-14 13:46:14 INFO     strategy        PnL: 13:46:14 MTM=2658.50 Profit=0.40%
2026-07-14 13:46:15 INFO     strategy        PnL: 13:46:15 MTM=2606.50 Profit=0.40%
2026-07-14 13:46:16 INFO     strategy        PnL: 13:46:16 MTM=2603.25 Profit=0.40%
2026-07-14 13:46:17 INFO     strategy        PnL: 13:46:17 MTM=2593.50 Profit=0.40%
2026-07-14 13:46:18 INFO     strategy        PnL: 13:46:18 MTM=2596.75 Profit=0.40%
2026-07-14 13:46:19 INFO     strategy        PnL: 13:46:19 MTM=2561.00 Profit=0.39%
2026-07-14 13:46:20 INFO     strategy        PnL: 13:46:20 MTM=2603.25 Profit=0.40%
2026-07-14 13:46:21 INFO     strategy        PnL: 13:46:21 MTM=2596.75 Profit=0.40%
2026-07-14 13:46:22 INFO     strategy        PnL: 13:46:22 MTM=2652.00 Profit=0.40%
2026-07-14 13:46:23 INFO     strategy        PnL: 13:46:23 MTM=2619.50 Profit=0.40%
2026-07-14 13:46:24 INFO     strategy        PnL: 13:46:24 MTM=2587.00 Profit=0.39%
2026-07-14 13:46:25 INFO     strategy        PnL: 13:46:25 MTM=2531.75 Profit=0.39%
2026-07-14 13:46:26 INFO     strategy        PnL: 13:46:26 MTM=2609.75 Profit=0.40%
2026-07-14 13:46:27 INFO     strategy        PnL: 13:46:27 MTM=2587.00 Profit=0.39%
2026-07-14 13:46:28 INFO     strategy        PnL: 13:46:28 MTM=2603.25 Profit=0.40%
2026-07-14 13:46:29 INFO     strategy        PnL: 13:46:29 MTM=2554.50 Profit=0.39%
2026-07-14 13:46:30 INFO     strategy        PnL: 13:46:30 MTM=2596.75 Profit=0.40%
2026-07-14 13:46:31 INFO     strategy        PnL: 13:46:31 MTM=2596.75 Profit=0.40%
2026-07-14 13:46:32 INFO     strategy        PnL: 13:46:32 MTM=2600.00 Profit=0.40%
2026-07-14 13:46:33 INFO     strategy        PnL: 13:46:33 MTM=2570.75 Profit=0.39%
2026-07-14 13:46:34 INFO     strategy        PnL: 13:46:34 MTM=2544.75 Profit=0.39%
2026-07-14 13:46:35 INFO     strategy        PnL: 13:46:35 MTM=2570.75 Profit=0.39%
2026-07-14 13:46:36 INFO     strategy        PnL: 13:46:36 MTM=2639.00 Profit=0.40%
2026-07-14 13:46:37 INFO     strategy        PnL: 13:46:37 MTM=2587.00 Profit=0.39%
2026-07-14 13:46:38 INFO     strategy        PnL: 13:46:38 MTM=2561.00 Profit=0.39%
2026-07-14 13:46:39 INFO     strategy        PnL: 13:46:39 MTM=2574.00 Profit=0.39%
2026-07-14 13:46:40 INFO     strategy        PnL: 13:46:40 MTM=2603.25 Profit=0.40%
2026-07-14 13:46:41 INFO     strategy        PnL: 13:46:41 MTM=2600.00 Profit=0.40%
2026-07-14 13:46:42 INFO     strategy        PnL: 13:46:42 MTM=2613.00 Profit=0.40%
2026-07-14 13:46:43 INFO     strategy        PnL: 13:46:43 MTM=2590.25 Profit=0.39%
2026-07-14 13:46:44 INFO     strategy        PnL: 13:46:44 MTM=2704.00 Profit=0.41%
2026-07-14 13:46:45 INFO     strategy        PnL: 13:46:45 MTM=2603.25 Profit=0.40%
2026-07-14 13:46:46 INFO     strategy        PnL: 13:46:46 MTM=2678.00 Profit=0.41%
2026-07-14 13:46:47 INFO     strategy        PnL: 13:46:47 MTM=2587.00 Profit=0.39%
2026-07-14 13:46:48 INFO     strategy        PnL: 13:46:48 MTM=2564.25 Profit=0.39%
2026-07-14 13:46:49 INFO     strategy        PnL: 13:46:49 MTM=2587.00 Profit=0.39%
2026-07-14 13:46:50 INFO     strategy        PnL: 13:46:50 MTM=2574.00 Profit=0.39%
2026-07-14 13:46:51 INFO     strategy        PnL: 13:46:51 MTM=2580.50 Profit=0.39%
2026-07-14 13:46:52 INFO     strategy        PnL: 13:46:52 MTM=2525.25 Profit=0.38%
2026-07-14 13:46:53 INFO     strategy        PnL: 13:46:53 MTM=2544.75 Profit=0.39%
2026-07-14 13:46:54 INFO     strategy        PnL: 13:46:54 MTM=2538.25 Profit=0.39%
2026-07-14 13:46:55 INFO     strategy        PnL: 13:46:55 MTM=2557.75 Profit=0.39%
2026-07-14 13:46:56 INFO     strategy        PnL: 13:46:56 MTM=2587.00 Profit=0.39%
2026-07-14 13:46:57 INFO     strategy        PnL: 13:46:57 MTM=2583.75 Profit=0.39%
2026-07-14 13:46:58 INFO     strategy        PnL: 13:46:58 MTM=2590.25 Profit=0.39%
2026-07-14 13:46:59 INFO     strategy        PnL: 13:46:59 MTM=2629.25 Profit=0.40%
2026-07-14 13:47:00 INFO     strategy        PnL: 13:47:00 MTM=2616.25 Profit=0.40%
2026-07-14 13:47:01 INFO     strategy        PnL: 13:47:01 MTM=2596.75 Profit=0.40%
2026-07-14 13:47:02 INFO     strategy        PnL: 13:47:02 MTM=2613.00 Profit=0.40%
2026-07-14 13:47:03 INFO     strategy        PnL: 13:47:03 MTM=2622.75 Profit=0.40%
2026-07-14 13:47:04 INFO     strategy        PnL: 13:47:04 MTM=2681.25 Profit=0.41%
2026-07-14 13:47:05 INFO     strategy        PnL: 13:47:05 MTM=2658.50 Profit=0.40%
2026-07-14 13:47:06 INFO     strategy        PnL: 13:47:06 MTM=2665.00 Profit=0.41%
2026-07-14 13:47:07 INFO     strategy        PnL: 13:47:07 MTM=2619.50 Profit=0.40%
2026-07-14 13:47:08 INFO     strategy        PnL: 13:47:08 MTM=2609.75 Profit=0.40%
2026-07-14 13:47:09 INFO     strategy        PnL: 13:47:09 MTM=2619.50 Profit=0.40%
2026-07-14 13:47:10 INFO     strategy        PnL: 13:47:10 MTM=2587.00 Profit=0.39%
2026-07-14 13:47:11 INFO     strategy        PnL: 13:47:11 MTM=2616.25 Profit=0.40%
2026-07-14 13:47:12 INFO     strategy        PnL: 13:47:12 MTM=2606.50 Profit=0.40%
2026-07-14 13:47:13 INFO     strategy        PnL: 13:47:13 MTM=2629.25 Profit=0.40%
2026-07-14 13:47:14 INFO     strategy        PnL: 13:47:14 MTM=2613.00 Profit=0.40%
2026-07-14 13:47:15 INFO     strategy        PnL: 13:47:15 MTM=2583.75 Profit=0.39%
2026-07-14 13:47:16 INFO     strategy        PnL: 13:47:16 MTM=2603.25 Profit=0.40%
2026-07-14 13:47:17 INFO     strategy        PnL: 13:47:17 MTM=2613.00 Profit=0.40%
2026-07-14 13:47:18 INFO     strategy        PnL: 13:47:18 MTM=2626.00 Profit=0.40%
2026-07-14 13:47:20 INFO     strategy        PnL: 13:47:20 MTM=2577.25 Profit=0.39%
2026-07-14 13:47:21 INFO     strategy        PnL: 13:47:21 MTM=2587.00 Profit=0.39%
2026-07-14 13:47:22 INFO     strategy        PnL: 13:47:22 MTM=2642.25 Profit=0.40%
2026-07-14 13:47:23 INFO     strategy        PnL: 13:47:23 MTM=2580.50 Profit=0.39%
2026-07-14 13:47:24 INFO     strategy        PnL: 13:47:24 MTM=2603.25 Profit=0.40%
2026-07-14 13:47:25 INFO     strategy        PnL: 13:47:25 MTM=2629.25 Profit=0.40%
2026-07-14 13:47:26 INFO     strategy        PnL: 13:47:26 MTM=2600.00 Profit=0.40%
2026-07-14 13:47:27 INFO     strategy        PnL: 13:47:27 MTM=2593.50 Profit=0.40%
2026-07-14 13:47:28 INFO     strategy        PnL: 13:47:28 MTM=2564.25 Profit=0.39%
2026-07-14 13:47:29 INFO     strategy        PnL: 13:47:29 MTM=2603.25 Profit=0.40%
2026-07-14 13:47:30 INFO     strategy        PnL: 13:47:30 MTM=2609.75 Profit=0.40%
2026-07-14 13:47:31 INFO     strategy        PnL: 13:47:31 MTM=2600.00 Profit=0.40%
2026-07-14 13:47:32 INFO     strategy        PnL: 13:47:32 MTM=2590.25 Profit=0.39%
2026-07-14 13:47:33 INFO     strategy        PnL: 13:47:33 MTM=2596.75 Profit=0.40%
2026-07-14 13:47:34 INFO     strategy        PnL: 13:47:34 MTM=2541.50 Profit=0.39%
2026-07-14 13:47:35 INFO     strategy        PnL: 13:47:35 MTM=2583.75 Profit=0.39%
2026-07-14 13:47:36 INFO     strategy        PnL: 13:47:36 MTM=2580.50 Profit=0.39%
2026-07-14 13:47:37 INFO     strategy        PnL: 13:47:37 MTM=2593.50 Profit=0.40%
2026-07-14 13:47:38 INFO     strategy        PnL: 13:47:38 MTM=2554.50 Profit=0.39%
2026-07-14 13:47:39 INFO     strategy        PnL: 13:47:39 MTM=2580.50 Profit=0.39%
2026-07-14 13:47:40 INFO     strategy        PnL: 13:47:40 MTM=2561.00 Profit=0.39%
2026-07-14 13:47:41 INFO     strategy        PnL: 13:47:41 MTM=2577.25 Profit=0.39%
2026-07-14 13:47:42 INFO     strategy        PnL: 13:47:42 MTM=2587.00 Profit=0.39%
2026-07-14 13:47:43 INFO     strategy        PnL: 13:47:43 MTM=2548.00 Profit=0.39%
2026-07-14 13:47:44 INFO     strategy        PnL: 13:47:44 MTM=2629.25 Profit=0.40%
2026-07-14 13:47:45 INFO     strategy        PnL: 13:47:45 MTM=2658.50 Profit=0.40%
2026-07-14 13:47:46 INFO     strategy        PnL: 13:47:46 MTM=2619.50 Profit=0.40%
2026-07-14 13:47:47 INFO     strategy        PnL: 13:47:47 MTM=2613.00 Profit=0.40%
2026-07-14 13:47:48 INFO     strategy        PnL: 13:47:48 MTM=2609.75 Profit=0.40%
2026-07-14 13:47:49 INFO     strategy        PnL: 13:47:49 MTM=2593.50 Profit=0.40%
2026-07-14 13:47:50 INFO     strategy        PnL: 13:47:50 MTM=2567.50 Profit=0.39%
2026-07-14 13:47:51 INFO     strategy        PnL: 13:47:51 MTM=2574.00 Profit=0.39%
2026-07-14 13:47:52 INFO     strategy        PnL: 13:47:52 MTM=2583.75 Profit=0.39%
2026-07-14 13:47:53 INFO     strategy        PnL: 13:47:53 MTM=2580.50 Profit=0.39%
2026-07-14 13:47:54 INFO     strategy        PnL: 13:47:54 MTM=2629.25 Profit=0.40%
2026-07-14 13:47:55 INFO     strategy        PnL: 13:47:55 MTM=2616.25 Profit=0.40%
2026-07-14 13:47:56 INFO     strategy        PnL: 13:47:56 MTM=2609.75 Profit=0.40%
2026-07-14 13:47:57 INFO     strategy        PnL: 13:47:57 MTM=2577.25 Profit=0.39%
2026-07-14 13:47:58 INFO     strategy        PnL: 13:47:58 MTM=2616.25 Profit=0.40%
2026-07-14 13:47:59 INFO     strategy        PnL: 13:47:59 MTM=2629.25 Profit=0.40%
2026-07-14 13:48:00 INFO     strategy        PnL: 13:48:00 MTM=2603.25 Profit=0.40%
2026-07-14 13:48:01 INFO     strategy        PnL: 13:48:01 MTM=2609.75 Profit=0.40%
2026-07-14 13:48:02 INFO     strategy        PnL: 13:48:02 MTM=2665.00 Profit=0.41%
2026-07-14 13:48:03 INFO     strategy        PnL: 13:48:03 MTM=2561.00 Profit=0.39%
2026-07-14 13:48:04 INFO     strategy        PnL: 13:48:04 MTM=2600.00 Profit=0.40%
2026-07-14 13:48:05 INFO     strategy        PnL: 13:48:05 MTM=2655.25 Profit=0.40%
2026-07-14 13:48:06 INFO     strategy        PnL: 13:48:06 MTM=2655.25 Profit=0.40%
2026-07-14 13:48:07 INFO     strategy        PnL: 13:48:07 MTM=2603.25 Profit=0.40%
2026-07-14 13:48:08 INFO     strategy        PnL: 13:48:08 MTM=2694.25 Profit=0.41%
2026-07-14 13:48:09 INFO     strategy        PnL: 13:48:09 MTM=2681.25 Profit=0.41%
2026-07-14 13:48:10 INFO     strategy        PnL: 13:48:10 MTM=2658.50 Profit=0.40%
2026-07-14 13:48:11 INFO     strategy        PnL: 13:48:11 MTM=2691.00 Profit=0.41%
2026-07-14 13:48:12 INFO     strategy        PnL: 13:48:12 MTM=2658.50 Profit=0.40%
2026-07-14 13:48:13 INFO     strategy        PnL: 13:48:13 MTM=2700.75 Profit=0.41%
2026-07-14 13:48:14 INFO     strategy        PnL: 13:48:14 MTM=2687.75 Profit=0.41%
2026-07-14 13:48:15 INFO     strategy        PnL: 13:48:15 MTM=2622.75 Profit=0.40%
2026-07-14 13:48:16 INFO     strategy        PnL: 13:48:16 MTM=2642.25 Profit=0.40%
2026-07-14 13:48:17 INFO     strategy        PnL: 13:48:17 MTM=2622.75 Profit=0.40%
2026-07-14 13:48:18 INFO     strategy        PnL: 13:48:18 MTM=2648.75 Profit=0.40%
2026-07-14 13:48:19 INFO     strategy        PnL: 13:48:19 MTM=2580.50 Profit=0.39%
2026-07-14 13:48:20 INFO     strategy        PnL: 13:48:20 MTM=2596.75 Profit=0.40%
2026-07-14 13:48:21 INFO     strategy        PnL: 13:48:21 MTM=2590.25 Profit=0.39%
2026-07-14 13:48:22 INFO     strategy        PnL: 13:48:22 MTM=2603.25 Profit=0.40%
2026-07-14 13:48:23 INFO     strategy        PnL: 13:48:23 MTM=2603.25 Profit=0.40%
2026-07-14 13:48:24 INFO     strategy        PnL: 13:48:24 MTM=2632.50 Profit=0.40%
2026-07-14 13:48:25 INFO     strategy        PnL: 13:48:25 MTM=2652.00 Profit=0.40%
2026-07-14 13:48:26 INFO     strategy        PnL: 13:48:26 MTM=2700.75 Profit=0.41%
2026-07-14 13:48:27 INFO     strategy        PnL: 13:48:27 MTM=2645.50 Profit=0.40%
2026-07-14 13:48:28 INFO     strategy        PnL: 13:48:28 MTM=2652.00 Profit=0.40%
2026-07-14 13:48:29 INFO     strategy        PnL: 13:48:29 MTM=2661.75 Profit=0.41%
2026-07-14 13:48:30 INFO     strategy        PnL: 13:48:30 MTM=2661.75 Profit=0.41%
2026-07-14 13:48:31 INFO     strategy        PnL: 13:48:31 MTM=2668.25 Profit=0.41%
2026-07-14 13:48:32 INFO     strategy        PnL: 13:48:32 MTM=2642.25 Profit=0.40%
2026-07-14 13:48:33 INFO     strategy        PnL: 13:48:33 MTM=2665.00 Profit=0.41%
2026-07-14 13:48:34 INFO     strategy        PnL: 13:48:34 MTM=2639.00 Profit=0.40%
2026-07-14 13:48:35 INFO     strategy        PnL: 13:48:35 MTM=2652.00 Profit=0.40%
2026-07-14 13:48:36 INFO     strategy        PnL: 13:48:36 MTM=2616.25 Profit=0.40%
2026-07-14 13:48:37 INFO     strategy        PnL: 13:48:37 MTM=2626.00 Profit=0.40%
2026-07-14 13:48:38 INFO     strategy        PnL: 13:48:38 MTM=2687.75 Profit=0.41%
2026-07-14 13:48:39 INFO     strategy        PnL: 13:48:39 MTM=2629.25 Profit=0.40%
2026-07-14 13:48:40 INFO     strategy        PnL: 13:48:40 MTM=2626.00 Profit=0.40%
2026-07-14 13:48:41 INFO     strategy        PnL: 13:48:41 MTM=2613.00 Profit=0.40%
2026-07-14 13:48:42 INFO     strategy        PnL: 13:48:42 MTM=2616.25 Profit=0.40%
2026-07-14 13:48:43 INFO     strategy        PnL: 13:48:43 MTM=2603.25 Profit=0.40%
2026-07-14 13:48:44 INFO     strategy        PnL: 13:48:44 MTM=2593.50 Profit=0.40%
2026-07-14 13:48:45 INFO     strategy        PnL: 13:48:45 MTM=2593.50 Profit=0.40%
2026-07-14 13:48:46 INFO     strategy        PnL: 13:48:46 MTM=2593.50 Profit=0.40%
2026-07-14 13:48:47 INFO     strategy        PnL: 13:48:47 MTM=2613.00 Profit=0.40%
2026-07-14 13:48:48 INFO     strategy        PnL: 13:48:48 MTM=2609.75 Profit=0.40%
2026-07-14 13:48:49 INFO     strategy        PnL: 13:48:49 MTM=2583.75 Profit=0.39%
2026-07-14 13:48:50 INFO     strategy        PnL: 13:48:50 MTM=2629.25 Profit=0.40%
2026-07-14 13:48:51 INFO     strategy        PnL: 13:48:51 MTM=2645.50 Profit=0.40%
2026-07-14 13:48:52 INFO     strategy        PnL: 13:48:52 MTM=2606.50 Profit=0.40%
2026-07-14 13:48:53 INFO     strategy        PnL: 13:48:53 MTM=2616.25 Profit=0.40%
2026-07-14 13:48:54 INFO     strategy        PnL: 13:48:54 MTM=2590.25 Profit=0.39%
2026-07-14 13:48:55 INFO     strategy        PnL: 13:48:55 MTM=2626.00 Profit=0.40%
2026-07-14 13:48:56 INFO     strategy        PnL: 13:48:56 MTM=2603.25 Profit=0.40%
2026-07-14 13:48:57 INFO     strategy        PnL: 13:48:57 MTM=2645.50 Profit=0.40%
2026-07-14 13:48:58 INFO     strategy        PnL: 13:48:58 MTM=2665.00 Profit=0.41%
2026-07-14 13:48:59 INFO     strategy        PnL: 13:48:59 MTM=2619.50 Profit=0.40%
2026-07-14 13:49:00 INFO     strategy        PnL: 13:49:00 MTM=2587.00 Profit=0.39%
2026-07-14 13:49:01 INFO     strategy        PnL: 13:49:01 MTM=2596.75 Profit=0.40%
2026-07-14 13:49:03 INFO     strategy        PnL: 13:49:03 MTM=2606.50 Profit=0.40%
2026-07-14 13:49:04 INFO     strategy        PnL: 13:49:04 MTM=2587.00 Profit=0.39%
2026-07-14 13:49:05 INFO     strategy        PnL: 13:49:05 MTM=2635.75 Profit=0.40%
2026-07-14 13:49:06 INFO     strategy        PnL: 13:49:06 MTM=2590.25 Profit=0.39%
2026-07-14 13:49:07 INFO     strategy        PnL: 13:49:07 MTM=2596.75 Profit=0.40%
2026-07-14 13:49:08 INFO     strategy        PnL: 13:49:08 MTM=2603.25 Profit=0.40%
2026-07-14 13:49:09 INFO     strategy        PnL: 13:49:09 MTM=2583.75 Profit=0.39%
2026-07-14 13:49:10 INFO     strategy        PnL: 13:49:10 MTM=2609.75 Profit=0.40%
2026-07-14 13:49:11 INFO     strategy        PnL: 13:49:11 MTM=2603.25 Profit=0.40%
2026-07-14 13:49:12 INFO     strategy        PnL: 13:49:12 MTM=2574.00 Profit=0.39%
2026-07-14 13:49:13 INFO     strategy        PnL: 13:49:13 MTM=2587.00 Profit=0.39%
2026-07-14 13:49:14 INFO     strategy        PnL: 13:49:14 MTM=2590.25 Profit=0.39%
2026-07-14 13:49:15 INFO     strategy        PnL: 13:49:15 MTM=2590.25 Profit=0.39%
2026-07-14 13:49:16 INFO     strategy        PnL: 13:49:16 MTM=2577.25 Profit=0.39%
2026-07-14 13:49:17 INFO     strategy        PnL: 13:49:17 MTM=2544.75 Profit=0.39%
2026-07-14 13:49:18 INFO     strategy        PnL: 13:49:18 MTM=2629.25 Profit=0.40%
2026-07-14 13:49:19 INFO     strategy        PnL: 13:49:19 MTM=2642.25 Profit=0.40%
2026-07-14 13:49:20 INFO     strategy        PnL: 13:49:20 MTM=2613.00 Profit=0.40%
2026-07-14 13:49:21 INFO     strategy        PnL: 13:49:21 MTM=2606.50 Profit=0.40%
2026-07-14 13:49:22 INFO     strategy        PnL: 13:49:22 MTM=2629.25 Profit=0.40%
2026-07-14 13:49:23 INFO     strategy        PnL: 13:49:23 MTM=2642.25 Profit=0.40%
2026-07-14 13:49:24 INFO     strategy        PnL: 13:49:24 MTM=2648.75 Profit=0.40%
2026-07-14 13:49:25 INFO     strategy        PnL: 13:49:25 MTM=2613.00 Profit=0.40%
2026-07-14 13:49:26 INFO     strategy        PnL: 13:49:26 MTM=2603.25 Profit=0.40%
2026-07-14 13:49:27 INFO     strategy        PnL: 13:49:27 MTM=2652.00 Profit=0.40%
2026-07-14 13:49:28 INFO     strategy        PnL: 13:49:28 MTM=2629.25 Profit=0.40%
2026-07-14 13:49:29 INFO     strategy        PnL: 13:49:29 MTM=2606.50 Profit=0.40%
2026-07-14 13:49:30 INFO     strategy        PnL: 13:49:30 MTM=2629.25 Profit=0.40%
2026-07-14 13:49:31 INFO     strategy        PnL: 13:49:31 MTM=2661.75 Profit=0.41%
2026-07-14 13:49:32 INFO     strategy        PnL: 13:49:32 MTM=2658.50 Profit=0.40%
2026-07-14 13:49:33 INFO     strategy        PnL: 13:49:33 MTM=2593.50 Profit=0.40%
2026-07-14 13:49:34 INFO     strategy        PnL: 13:49:34 MTM=2603.25 Profit=0.40%
2026-07-14 13:49:35 INFO     strategy        PnL: 13:49:35 MTM=2619.50 Profit=0.40%
2026-07-14 13:49:36 INFO     strategy        PnL: 13:49:36 MTM=2606.50 Profit=0.40%
2026-07-14 13:49:37 INFO     strategy        PnL: 13:49:37 MTM=2639.00 Profit=0.40%
2026-07-14 13:49:38 INFO     strategy        PnL: 13:49:38 MTM=2616.25 Profit=0.40%
2026-07-14 13:49:39 INFO     strategy        PnL: 13:49:39 MTM=2632.50 Profit=0.40%
2026-07-14 13:49:40 INFO     strategy        PnL: 13:49:40 MTM=2619.50 Profit=0.40%
2026-07-14 13:49:41 INFO     strategy        PnL: 13:49:41 MTM=2668.25 Profit=0.41%
2026-07-14 13:49:42 INFO     strategy        PnL: 13:49:42 MTM=2639.00 Profit=0.40%
2026-07-14 13:49:43 INFO     strategy        PnL: 13:49:43 MTM=2642.25 Profit=0.40%
2026-07-14 13:49:44 INFO     strategy        PnL: 13:49:44 MTM=2590.25 Profit=0.39%
2026-07-14 13:49:45 INFO     strategy        PnL: 13:49:45 MTM=2639.00 Profit=0.40%
2026-07-14 13:49:46 INFO     strategy        PnL: 13:49:46 MTM=2668.25 Profit=0.41%
2026-07-14 13:49:47 INFO     strategy        PnL: 13:49:47 MTM=2635.75 Profit=0.40%
2026-07-14 13:49:48 INFO     strategy        PnL: 13:49:48 MTM=2639.00 Profit=0.40%
2026-07-14 13:49:49 INFO     strategy        PnL: 13:49:49 MTM=2678.00 Profit=0.41%
2026-07-14 13:49:50 INFO     strategy        PnL: 13:49:50 MTM=2671.50 Profit=0.41%
2026-07-14 13:49:51 INFO     strategy        PnL: 13:49:51 MTM=2661.75 Profit=0.41%
2026-07-14 13:49:52 INFO     strategy        PnL: 13:49:52 MTM=2674.75 Profit=0.41%
2026-07-14 13:49:53 INFO     strategy        PnL: 13:49:53 MTM=2668.25 Profit=0.41%
2026-07-14 13:49:54 INFO     strategy        PnL: 13:49:54 MTM=2635.75 Profit=0.40%
2026-07-14 13:49:55 INFO     strategy        PnL: 13:49:55 MTM=2681.25 Profit=0.41%
2026-07-14 13:49:56 INFO     strategy        PnL: 13:49:56 MTM=2704.00 Profit=0.41%
2026-07-14 13:49:57 INFO     strategy        PnL: 13:49:57 MTM=2687.75 Profit=0.41%
2026-07-14 13:49:58 INFO     strategy        PnL: 13:49:58 MTM=2694.25 Profit=0.41%
2026-07-14 13:49:59 INFO     strategy        PnL: 13:49:59 MTM=2642.25 Profit=0.40%
2026-07-14 13:50:00 INFO     strategy        PnL: 13:50:00 MTM=2743.00 Profit=0.42%
2026-07-14 13:50:01 INFO     strategy        PnL: 13:50:01 MTM=2733.25 Profit=0.42%
2026-07-14 13:50:02 INFO     strategy        PnL: 13:50:02 MTM=2697.50 Profit=0.41%
2026-07-14 13:50:03 INFO     strategy        PnL: 13:50:03 MTM=2717.00 Profit=0.41%
2026-07-14 13:50:04 INFO     strategy        PnL: 13:50:04 MTM=2704.00 Profit=0.41%
2026-07-14 13:50:05 INFO     strategy        PnL: 13:50:05 MTM=2814.50 Profit=0.43%
2026-07-14 13:50:06 INFO     strategy        PnL: 13:50:06 MTM=2752.75 Profit=0.42%
2026-07-14 13:50:07 INFO     strategy        PnL: 13:50:07 MTM=2710.50 Profit=0.41%
2026-07-14 13:50:08 INFO     strategy        PnL: 13:50:08 MTM=2730.00 Profit=0.42%
2026-07-14 13:50:09 INFO     strategy        PnL: 13:50:09 MTM=2730.00 Profit=0.42%
2026-07-14 13:50:10 INFO     strategy        PnL: 13:50:10 MTM=2772.25 Profit=0.42%
2026-07-14 13:50:11 INFO     strategy        PnL: 13:50:11 MTM=2762.50 Profit=0.42%
2026-07-14 13:50:12 INFO     strategy        PnL: 13:50:12 MTM=2817.75 Profit=0.43%
2026-07-14 13:50:13 INFO     strategy        PnL: 13:50:13 MTM=2804.75 Profit=0.43%
2026-07-14 13:50:14 INFO     strategy        PnL: 13:50:14 MTM=2730.00 Profit=0.42%
2026-07-14 13:50:15 INFO     strategy        PnL: 13:50:15 MTM=2798.25 Profit=0.43%
2026-07-14 13:50:16 INFO     strategy        PnL: 13:50:16 MTM=2801.50 Profit=0.43%
2026-07-14 13:50:17 INFO     strategy        PnL: 13:50:17 MTM=2730.00 Profit=0.42%
2026-07-14 13:50:18 INFO     strategy        PnL: 13:50:18 MTM=2762.50 Profit=0.42%
2026-07-14 13:50:19 INFO     strategy        PnL: 13:50:19 MTM=2772.25 Profit=0.42%
2026-07-14 13:50:20 INFO     strategy        PnL: 13:50:20 MTM=2775.50 Profit=0.42%
2026-07-14 13:50:21 INFO     strategy        PnL: 13:50:21 MTM=2762.50 Profit=0.42%
2026-07-14 13:50:22 INFO     strategy        PnL: 13:50:22 MTM=2736.50 Profit=0.42%
2026-07-14 13:50:23 INFO     strategy        PnL: 13:50:23 MTM=2762.50 Profit=0.42%
2026-07-14 13:50:24 INFO     strategy        PnL: 13:50:24 MTM=2746.25 Profit=0.42%
2026-07-14 13:50:25 INFO     strategy        PnL: 13:50:25 MTM=2713.75 Profit=0.41%
2026-07-14 13:50:26 INFO     strategy        PnL: 13:50:26 MTM=2791.75 Profit=0.43%
2026-07-14 13:50:27 INFO     strategy        PnL: 13:50:27 MTM=2817.75 Profit=0.43%
2026-07-14 13:50:28 INFO     strategy        PnL: 13:50:28 MTM=2791.75 Profit=0.43%
2026-07-14 13:50:29 INFO     strategy        PnL: 13:50:29 MTM=2821.00 Profit=0.43%
2026-07-14 13:50:30 INFO     strategy        PnL: 13:50:30 MTM=2801.50 Profit=0.43%
2026-07-14 13:50:31 INFO     strategy        PnL: 13:50:31 MTM=2785.25 Profit=0.42%
2026-07-14 13:50:32 INFO     strategy        PnL: 13:50:32 MTM=2752.75 Profit=0.42%
2026-07-14 13:50:33 INFO     strategy        PnL: 13:50:33 MTM=2782.00 Profit=0.42%
2026-07-14 13:50:34 INFO     strategy        PnL: 13:50:34 MTM=2775.50 Profit=0.42%
2026-07-14 13:50:35 INFO     strategy        PnL: 13:50:35 MTM=2746.25 Profit=0.42%
2026-07-14 13:50:37 INFO     strategy        PnL: 13:50:37 MTM=2782.00 Profit=0.42%
2026-07-14 13:50:38 INFO     strategy        PnL: 13:50:38 MTM=2756.00 Profit=0.42%
2026-07-14 13:50:39 INFO     strategy        PnL: 13:50:39 MTM=2782.00 Profit=0.42%
2026-07-14 13:50:40 INFO     strategy        PnL: 13:50:40 MTM=2739.75 Profit=0.42%
2026-07-14 13:50:41 INFO     strategy        PnL: 13:50:41 MTM=2759.25 Profit=0.42%
2026-07-14 13:50:42 INFO     strategy        PnL: 13:50:42 MTM=2717.00 Profit=0.41%
2026-07-14 13:50:43 INFO     strategy        PnL: 13:50:43 MTM=2723.50 Profit=0.41%
2026-07-14 13:50:44 INFO     strategy        PnL: 13:50:44 MTM=2756.00 Profit=0.42%
2026-07-14 13:50:45 INFO     strategy        PnL: 13:50:45 MTM=2704.00 Profit=0.41%
2026-07-14 13:50:46 INFO     strategy        PnL: 13:50:46 MTM=2752.75 Profit=0.42%
2026-07-14 13:50:47 INFO     strategy        PnL: 13:50:47 MTM=2736.50 Profit=0.42%
2026-07-14 13:50:48 INFO     strategy        PnL: 13:50:48 MTM=2720.25 Profit=0.41%
2026-07-14 13:50:49 INFO     strategy        PnL: 13:50:49 MTM=2681.25 Profit=0.41%
2026-07-14 13:50:50 INFO     strategy        PnL: 13:50:50 MTM=2707.25 Profit=0.41%
2026-07-14 13:50:51 INFO     strategy        PnL: 13:50:51 MTM=2691.00 Profit=0.41%
2026-07-14 13:50:52 INFO     strategy        PnL: 13:50:52 MTM=2678.00 Profit=0.41%
2026-07-14 13:50:53 INFO     strategy        PnL: 13:50:53 MTM=2704.00 Profit=0.41%
2026-07-14 13:50:54 INFO     strategy        PnL: 13:50:54 MTM=2710.50 Profit=0.41%
2026-07-14 13:50:55 INFO     strategy        PnL: 13:50:55 MTM=2717.00 Profit=0.41%
2026-07-14 13:50:56 INFO     strategy        PnL: 13:50:56 MTM=2713.75 Profit=0.41%
2026-07-14 13:50:57 INFO     strategy        PnL: 13:50:57 MTM=2726.75 Profit=0.42%
2026-07-14 13:50:58 INFO     strategy        PnL: 13:50:58 MTM=2746.25 Profit=0.42%
2026-07-14 13:50:59 INFO     strategy        PnL: 13:50:59 MTM=2700.75 Profit=0.41%
2026-07-14 13:51:00 INFO     strategy        PnL: 13:51:00 MTM=2684.50 Profit=0.41%
2026-07-14 13:51:01 INFO     strategy        PnL: 13:51:01 MTM=2733.25 Profit=0.42%
2026-07-14 13:51:02 INFO     strategy        PnL: 13:51:02 MTM=2713.75 Profit=0.41%
2026-07-14 13:51:03 INFO     strategy        PnL: 13:51:03 MTM=2720.25 Profit=0.41%
2026-07-14 13:51:04 INFO     strategy        PnL: 13:51:04 MTM=2710.50 Profit=0.41%
2026-07-14 13:51:05 INFO     strategy        PnL: 13:51:05 MTM=2658.50 Profit=0.40%
2026-07-14 13:51:06 INFO     strategy        PnL: 13:51:06 MTM=2678.00 Profit=0.41%
2026-07-14 13:51:07 INFO     strategy        PnL: 13:51:07 MTM=2684.50 Profit=0.41%
2026-07-14 13:51:08 INFO     strategy        PnL: 13:51:08 MTM=2622.75 Profit=0.40%
2026-07-14 13:51:09 INFO     strategy        PnL: 13:51:09 MTM=2648.75 Profit=0.40%
2026-07-14 13:51:10 INFO     strategy        PnL: 13:51:10 MTM=2668.25 Profit=0.41%
2026-07-14 13:51:11 INFO     strategy        PnL: 13:51:11 MTM=2635.75 Profit=0.40%
2026-07-14 13:51:12 INFO     strategy        PnL: 13:51:12 MTM=2639.00 Profit=0.40%
2026-07-14 13:51:13 INFO     strategy        PnL: 13:51:13 MTM=2648.75 Profit=0.40%
2026-07-14 13:51:14 INFO     strategy        PnL: 13:51:14 MTM=2681.25 Profit=0.41%
2026-07-14 13:51:15 INFO     strategy        PnL: 13:51:15 MTM=2674.75 Profit=0.41%
2026-07-14 13:51:16 INFO     strategy        PnL: 13:51:16 MTM=2609.75 Profit=0.40%
2026-07-14 13:51:17 INFO     strategy        PnL: 13:51:17 MTM=2661.75 Profit=0.41%
2026-07-14 13:51:18 INFO     strategy        PnL: 13:51:18 MTM=2655.25 Profit=0.40%
2026-07-14 13:51:19 INFO     strategy        PnL: 13:51:19 MTM=2691.00 Profit=0.41%
2026-07-14 13:51:20 INFO     strategy        PnL: 13:51:20 MTM=2717.00 Profit=0.41%
2026-07-14 13:51:21 INFO     strategy        PnL: 13:51:21 MTM=2665.00 Profit=0.41%
2026-07-14 13:51:22 INFO     strategy        PnL: 13:51:22 MTM=2665.00 Profit=0.41%
2026-07-14 13:51:23 INFO     strategy        PnL: 13:51:23 MTM=2726.75 Profit=0.42%
2026-07-14 13:51:24 INFO     strategy        PnL: 13:51:24 MTM=2665.00 Profit=0.41%
2026-07-14 13:51:25 INFO     strategy        PnL: 13:51:25 MTM=2655.25 Profit=0.40%
2026-07-14 13:51:26 INFO     strategy        PnL: 13:51:26 MTM=2678.00 Profit=0.41%
2026-07-14 13:51:27 INFO     strategy        PnL: 13:51:27 MTM=2720.25 Profit=0.41%
2026-07-14 13:51:28 INFO     strategy        PnL: 13:51:28 MTM=2674.75 Profit=0.41%
2026-07-14 13:51:29 INFO     strategy        PnL: 13:51:29 MTM=2655.25 Profit=0.40%
2026-07-14 13:51:30 INFO     strategy        PnL: 13:51:30 MTM=2665.00 Profit=0.41%
2026-07-14 13:51:31 INFO     strategy        PnL: 13:51:31 MTM=2710.50 Profit=0.41%
2026-07-14 13:51:32 INFO     strategy        PnL: 13:51:32 MTM=2720.25 Profit=0.41%
2026-07-14 13:51:33 INFO     strategy        PnL: 13:51:33 MTM=2684.50 Profit=0.41%
2026-07-14 13:51:34 INFO     strategy        PnL: 13:51:34 MTM=2645.50 Profit=0.40%
2026-07-14 13:51:35 INFO     strategy        PnL: 13:51:35 MTM=2671.50 Profit=0.41%
2026-07-14 13:51:36 INFO     strategy        PnL: 13:51:36 MTM=2668.25 Profit=0.41%
2026-07-14 13:51:37 INFO     strategy        PnL: 13:51:37 MTM=2694.25 Profit=0.41%
2026-07-14 13:51:38 INFO     strategy        PnL: 13:51:38 MTM=2681.25 Profit=0.41%
2026-07-14 13:51:39 INFO     strategy        PnL: 13:51:39 MTM=2736.50 Profit=0.42%
2026-07-14 13:51:40 INFO     strategy        PnL: 13:51:40 MTM=2723.50 Profit=0.41%
2026-07-14 13:51:41 INFO     strategy        PnL: 13:51:41 MTM=2717.00 Profit=0.41%
2026-07-14 13:51:42 INFO     strategy        PnL: 13:51:42 MTM=2733.25 Profit=0.42%
2026-07-14 13:51:43 INFO     strategy        PnL: 13:51:43 MTM=2700.75 Profit=0.41%
2026-07-14 13:51:44 INFO     strategy        PnL: 13:51:44 MTM=2713.75 Profit=0.41%
2026-07-14 13:51:45 INFO     strategy        PnL: 13:51:45 MTM=2739.75 Profit=0.42%
2026-07-14 13:51:46 INFO     strategy        PnL: 13:51:46 MTM=2752.75 Profit=0.42%
2026-07-14 13:51:47 INFO     strategy        PnL: 13:51:47 MTM=2752.75 Profit=0.42%
2026-07-14 13:51:48 INFO     strategy        PnL: 13:51:48 MTM=2782.00 Profit=0.42%
2026-07-14 13:51:49 INFO     strategy        PnL: 13:51:49 MTM=2743.00 Profit=0.42%
2026-07-14 13:51:50 INFO     strategy        PnL: 13:51:50 MTM=2769.00 Profit=0.42%
2026-07-14 13:51:51 INFO     strategy        PnL: 13:51:51 MTM=2782.00 Profit=0.42%
2026-07-14 13:51:52 INFO     strategy        PnL: 13:51:52 MTM=2772.25 Profit=0.42%
2026-07-14 13:51:53 INFO     strategy        PnL: 13:51:53 MTM=2765.75 Profit=0.42%
2026-07-14 13:51:54 INFO     strategy        PnL: 13:51:54 MTM=2775.50 Profit=0.42%
2026-07-14 13:51:55 INFO     strategy        PnL: 13:51:55 MTM=2772.25 Profit=0.42%
2026-07-14 13:51:56 INFO     strategy        PnL: 13:51:56 MTM=2743.00 Profit=0.42%
2026-07-14 13:51:57 INFO     strategy        PnL: 13:51:57 MTM=2733.25 Profit=0.42%
2026-07-14 13:51:58 INFO     strategy        PnL: 13:51:58 MTM=2759.25 Profit=0.42%
2026-07-14 13:51:59 INFO     strategy        PnL: 13:51:59 MTM=2739.75 Profit=0.42%
2026-07-14 13:52:00 INFO     strategy        PnL: 13:52:00 MTM=2752.75 Profit=0.42%
2026-07-14 13:52:01 INFO     strategy        PnL: 13:52:01 MTM=2717.00 Profit=0.41%
2026-07-14 13:52:02 INFO     strategy        PnL: 13:52:02 MTM=2759.25 Profit=0.42%
2026-07-14 13:52:03 INFO     strategy        PnL: 13:52:03 MTM=2710.50 Profit=0.41%
2026-07-14 13:52:04 INFO     strategy        PnL: 13:52:04 MTM=2713.75 Profit=0.41%
2026-07-14 13:52:05 INFO     strategy        PnL: 13:52:05 MTM=2707.25 Profit=0.41%
2026-07-14 13:52:06 INFO     strategy        PnL: 13:52:06 MTM=2648.75 Profit=0.40%
2026-07-14 13:52:07 INFO     strategy        PnL: 13:52:07 MTM=2720.25 Profit=0.41%
2026-07-14 13:52:08 INFO     strategy        PnL: 13:52:08 MTM=2697.50 Profit=0.41%
2026-07-14 13:52:09 INFO     strategy        PnL: 13:52:09 MTM=2687.75 Profit=0.41%
2026-07-14 13:52:10 INFO     strategy        PnL: 13:52:10 MTM=2726.75 Profit=0.42%
2026-07-14 13:52:11 INFO     strategy        PnL: 13:52:11 MTM=2733.25 Profit=0.42%
2026-07-14 13:52:13 INFO     strategy        PnL: 13:52:13 MTM=2726.75 Profit=0.42%
2026-07-14 13:52:14 INFO     strategy        PnL: 13:52:14 MTM=2749.50 Profit=0.42%
2026-07-14 13:52:15 INFO     strategy        PnL: 13:52:15 MTM=2726.75 Profit=0.42%
2026-07-14 13:52:16 INFO     strategy        PnL: 13:52:16 MTM=2704.00 Profit=0.41%
2026-07-14 13:52:17 INFO     strategy        PnL: 13:52:17 MTM=2736.50 Profit=0.42%
2026-07-14 13:52:18 INFO     strategy        PnL: 13:52:18 MTM=2713.75 Profit=0.41%
2026-07-14 13:52:19 INFO     strategy        PnL: 13:52:19 MTM=2759.25 Profit=0.42%
2026-07-14 13:52:20 INFO     strategy        PnL: 13:52:20 MTM=2704.00 Profit=0.41%
2026-07-14 13:52:21 INFO     strategy        PnL: 13:52:21 MTM=2710.50 Profit=0.41%
2026-07-14 13:52:22 INFO     strategy        PnL: 13:52:22 MTM=2700.75 Profit=0.41%
2026-07-14 13:52:23 INFO     strategy        PnL: 13:52:23 MTM=2694.25 Profit=0.41%
2026-07-14 13:52:24 INFO     strategy        PnL: 13:52:24 MTM=2678.00 Profit=0.41%
2026-07-14 13:52:25 INFO     strategy        PnL: 13:52:25 MTM=2707.25 Profit=0.41%
2026-07-14 13:52:26 INFO     strategy        PnL: 13:52:26 MTM=2678.00 Profit=0.41%
2026-07-14 13:52:27 INFO     strategy        PnL: 13:52:27 MTM=2697.50 Profit=0.41%
2026-07-14 13:52:28 INFO     strategy        PnL: 13:52:28 MTM=2691.00 Profit=0.41%
2026-07-14 13:52:29 INFO     strategy        PnL: 13:52:29 MTM=2684.50 Profit=0.41%
2026-07-14 13:52:30 INFO     strategy        PnL: 13:52:30 MTM=2661.75 Profit=0.41%
2026-07-14 13:52:31 INFO     strategy        PnL: 13:52:31 MTM=2652.00 Profit=0.40%
2026-07-14 13:52:32 INFO     strategy        PnL: 13:52:32 MTM=2687.75 Profit=0.41%
2026-07-14 13:52:33 INFO     strategy        PnL: 13:52:33 MTM=2687.75 Profit=0.41%
2026-07-14 13:52:34 INFO     strategy        PnL: 13:52:34 MTM=2684.50 Profit=0.41%
2026-07-14 13:52:35 INFO     strategy        PnL: 13:52:35 MTM=2645.50 Profit=0.40%
2026-07-14 13:52:36 INFO     strategy        PnL: 13:52:36 MTM=2661.75 Profit=0.41%
2026-07-14 13:52:37 INFO     strategy        PnL: 13:52:37 MTM=2681.25 Profit=0.41%
2026-07-14 13:52:38 INFO     strategy        PnL: 13:52:38 MTM=2707.25 Profit=0.41%
2026-07-14 13:52:39 INFO     strategy        PnL: 13:52:39 MTM=2707.25 Profit=0.41%
2026-07-14 13:52:40 INFO     strategy        PnL: 13:52:40 MTM=2749.50 Profit=0.42%
2026-07-14 13:52:41 INFO     strategy        PnL: 13:52:41 MTM=2700.75 Profit=0.41%
2026-07-14 13:52:42 INFO     strategy        PnL: 13:52:42 MTM=2674.75 Profit=0.41%
2026-07-14 13:52:43 INFO     strategy        PnL: 13:52:43 MTM=2713.75 Profit=0.41%
2026-07-14 13:52:44 INFO     strategy        PnL: 13:52:44 MTM=2697.50 Profit=0.41%
2026-07-14 13:52:45 INFO     strategy        PnL: 13:52:45 MTM=2707.25 Profit=0.41%
2026-07-14 13:52:46 INFO     strategy        PnL: 13:52:46 MTM=2700.75 Profit=0.41%
2026-07-14 13:52:47 INFO     strategy        PnL: 13:52:47 MTM=2665.00 Profit=0.41%
2026-07-14 13:52:48 INFO     strategy        PnL: 13:52:48 MTM=2704.00 Profit=0.41%
2026-07-14 13:52:49 INFO     strategy        PnL: 13:52:49 MTM=2684.50 Profit=0.41%
2026-07-14 13:52:50 INFO     strategy        PnL: 13:52:50 MTM=2713.75 Profit=0.41%
2026-07-14 13:52:51 INFO     strategy        PnL: 13:52:51 MTM=2658.50 Profit=0.40%
2026-07-14 13:52:52 INFO     strategy        PnL: 13:52:52 MTM=2687.75 Profit=0.41%
2026-07-14 13:52:53 INFO     strategy        PnL: 13:52:53 MTM=2684.50 Profit=0.41%
2026-07-14 13:52:54 INFO     strategy        PnL: 13:52:54 MTM=2681.25 Profit=0.41%
2026-07-14 13:52:55 INFO     strategy        PnL: 13:52:55 MTM=2697.50 Profit=0.41%
2026-07-14 13:52:56 INFO     strategy        PnL: 13:52:56 MTM=2700.75 Profit=0.41%
2026-07-14 13:52:57 INFO     strategy        PnL: 13:52:57 MTM=2697.50 Profit=0.41%
2026-07-14 13:52:58 INFO     strategy        PnL: 13:52:58 MTM=2720.25 Profit=0.41%
2026-07-14 13:52:59 INFO     strategy        PnL: 13:52:59 MTM=2681.25 Profit=0.41%
2026-07-14 13:53:00 INFO     strategy        PnL: 13:53:00 MTM=2717.00 Profit=0.41%
2026-07-14 13:53:01 INFO     strategy        PnL: 13:53:01 MTM=2668.25 Profit=0.41%
2026-07-14 13:53:02 INFO     strategy        PnL: 13:53:02 MTM=2697.50 Profit=0.41%
2026-07-14 13:53:03 INFO     strategy        PnL: 13:53:03 MTM=2707.25 Profit=0.41%
2026-07-14 13:53:04 INFO     strategy        PnL: 13:53:04 MTM=2713.75 Profit=0.41%
2026-07-14 13:53:05 INFO     strategy        PnL: 13:53:05 MTM=2687.75 Profit=0.41%
2026-07-14 13:53:06 INFO     strategy        PnL: 13:53:06 MTM=2661.75 Profit=0.41%
2026-07-14 13:53:07 INFO     strategy        PnL: 13:53:07 MTM=2684.50 Profit=0.41%
2026-07-14 13:53:08 INFO     strategy        PnL: 13:53:08 MTM=2671.50 Profit=0.41%
2026-07-14 13:53:09 INFO     strategy        PnL: 13:53:09 MTM=2678.00 Profit=0.41%
2026-07-14 13:53:10 INFO     strategy        PnL: 13:53:10 MTM=2658.50 Profit=0.40%
2026-07-14 13:53:11 INFO     strategy        PnL: 13:53:11 MTM=2843.75 Profit=0.43%
2026-07-14 13:53:12 INFO     strategy        PnL: 13:53:12 MTM=2652.00 Profit=0.40%
2026-07-14 13:53:13 INFO     strategy        PnL: 13:53:13 MTM=2674.75 Profit=0.41%
2026-07-14 13:53:14 INFO     strategy        PnL: 13:53:14 MTM=2678.00 Profit=0.41%
2026-07-14 13:53:15 INFO     strategy        PnL: 13:53:15 MTM=2700.75 Profit=0.41%
2026-07-14 13:53:16 INFO     strategy        PnL: 13:53:16 MTM=2720.25 Profit=0.41%
2026-07-14 13:53:17 INFO     strategy        PnL: 13:53:17 MTM=2723.50 Profit=0.41%
2026-07-14 13:53:18 INFO     strategy        PnL: 13:53:18 MTM=2694.25 Profit=0.41%
2026-07-14 13:53:19 INFO     strategy        PnL: 13:53:19 MTM=2723.50 Profit=0.41%
2026-07-14 13:53:20 INFO     strategy        PnL: 13:53:20 MTM=2674.75 Profit=0.41%
2026-07-14 13:53:21 INFO     strategy        PnL: 13:53:21 MTM=2736.50 Profit=0.42%
2026-07-14 13:53:22 INFO     strategy        PnL: 13:53:22 MTM=2691.00 Profit=0.41%
2026-07-14 13:53:23 INFO     strategy        PnL: 13:53:23 MTM=2726.75 Profit=0.42%
2026-07-14 13:53:24 INFO     strategy        PnL: 13:53:24 MTM=2717.00 Profit=0.41%
2026-07-14 13:53:25 INFO     strategy        PnL: 13:53:25 MTM=2681.25 Profit=0.41%
2026-07-14 13:53:26 INFO     strategy        PnL: 13:53:26 MTM=2694.25 Profit=0.41%
2026-07-14 13:53:27 INFO     strategy        PnL: 13:53:27 MTM=2749.50 Profit=0.42%
2026-07-14 13:53:28 INFO     strategy        PnL: 13:53:28 MTM=2661.75 Profit=0.41%
2026-07-14 13:53:29 INFO     strategy        PnL: 13:53:29 MTM=2681.25 Profit=0.41%
2026-07-14 13:53:30 INFO     strategy        PnL: 13:53:30 MTM=2687.75 Profit=0.41%
2026-07-14 13:53:31 INFO     strategy        PnL: 13:53:31 MTM=2730.00 Profit=0.42%
2026-07-14 13:53:32 INFO     strategy        PnL: 13:53:32 MTM=2720.25 Profit=0.41%
2026-07-14 13:53:33 INFO     strategy        PnL: 13:53:33 MTM=2707.25 Profit=0.41%
2026-07-14 13:53:34 INFO     strategy        PnL: 13:53:34 MTM=2687.75 Profit=0.41%
2026-07-14 13:53:35 INFO     strategy        PnL: 13:53:35 MTM=2681.25 Profit=0.41%
2026-07-14 13:53:37 INFO     strategy        PnL: 13:53:37 MTM=2684.50 Profit=0.41%
2026-07-14 13:53:38 INFO     strategy        PnL: 13:53:38 MTM=2684.50 Profit=0.41%
2026-07-14 13:53:39 INFO     strategy        PnL: 13:53:39 MTM=2739.75 Profit=0.42%
2026-07-14 13:53:40 INFO     strategy        PnL: 13:53:40 MTM=2726.75 Profit=0.42%
2026-07-14 13:53:41 INFO     strategy        PnL: 13:53:41 MTM=2700.75 Profit=0.41%
2026-07-14 13:53:42 INFO     strategy        PnL: 13:53:42 MTM=2746.25 Profit=0.42%
2026-07-14 13:53:43 INFO     strategy        PnL: 13:53:43 MTM=2726.75 Profit=0.42%
2026-07-14 13:53:44 INFO     strategy        PnL: 13:53:44 MTM=2700.75 Profit=0.41%
2026-07-14 13:53:45 INFO     strategy        PnL: 13:53:45 MTM=2720.25 Profit=0.41%
2026-07-14 13:53:46 INFO     strategy        PnL: 13:53:46 MTM=2730.00 Profit=0.42%
2026-07-14 13:53:47 INFO     strategy        PnL: 13:53:47 MTM=2739.75 Profit=0.42%
2026-07-14 13:53:48 INFO     strategy        PnL: 13:53:48 MTM=2710.50 Profit=0.41%
2026-07-14 13:53:49 INFO     strategy        PnL: 13:53:49 MTM=2746.25 Profit=0.42%
2026-07-14 13:53:50 INFO     strategy        PnL: 13:53:50 MTM=2713.75 Profit=0.41%
2026-07-14 13:53:51 INFO     strategy        PnL: 13:53:51 MTM=2730.00 Profit=0.42%
2026-07-14 13:53:52 INFO     strategy        PnL: 13:53:52 MTM=2717.00 Profit=0.41%
2026-07-14 13:53:53 INFO     strategy        PnL: 13:53:53 MTM=2733.25 Profit=0.42%
2026-07-14 13:53:54 INFO     strategy        PnL: 13:53:54 MTM=2730.00 Profit=0.42%
2026-07-14 13:53:55 INFO     strategy        PnL: 13:53:55 MTM=2759.25 Profit=0.42%
2026-07-14 13:53:56 INFO     strategy        PnL: 13:53:56 MTM=2730.00 Profit=0.42%
2026-07-14 13:53:57 INFO     strategy        PnL: 13:53:57 MTM=2713.75 Profit=0.41%
2026-07-14 13:53:58 INFO     strategy        PnL: 13:53:58 MTM=2739.75 Profit=0.42%
2026-07-14 13:53:59 INFO     strategy        PnL: 13:53:59 MTM=2733.25 Profit=0.42%
2026-07-14 13:54:00 INFO     strategy        PnL: 13:54:00 MTM=2739.75 Profit=0.42%
2026-07-14 13:54:01 INFO     strategy        PnL: 13:54:01 MTM=2704.00 Profit=0.41%
2026-07-14 13:54:02 INFO     strategy        PnL: 13:54:02 MTM=2717.00 Profit=0.41%
2026-07-14 13:54:03 INFO     strategy        PnL: 13:54:03 MTM=2723.50 Profit=0.41%
2026-07-14 13:54:04 INFO     strategy        PnL: 13:54:04 MTM=2726.75 Profit=0.42%
2026-07-14 13:54:05 INFO     strategy        PnL: 13:54:05 MTM=2713.75 Profit=0.41%
2026-07-14 13:54:06 INFO     strategy        PnL: 13:54:06 MTM=2739.75 Profit=0.42%
2026-07-14 13:54:07 INFO     strategy        PnL: 13:54:07 MTM=2733.25 Profit=0.42%
2026-07-14 13:54:08 INFO     strategy        PnL: 13:54:08 MTM=2726.75 Profit=0.42%
2026-07-14 13:54:09 INFO     strategy        PnL: 13:54:09 MTM=2762.50 Profit=0.42%
2026-07-14 13:54:10 INFO     strategy        PnL: 13:54:10 MTM=2762.50 Profit=0.42%
2026-07-14 13:54:11 INFO     strategy        PnL: 13:54:11 MTM=2713.75 Profit=0.41%
2026-07-14 13:54:12 INFO     strategy        PnL: 13:54:12 MTM=2700.75 Profit=0.41%
2026-07-14 13:54:13 INFO     strategy        PnL: 13:54:13 MTM=2733.25 Profit=0.42%
2026-07-14 13:54:14 INFO     strategy        PnL: 13:54:14 MTM=2762.50 Profit=0.42%
2026-07-14 13:54:15 INFO     strategy        PnL: 13:54:15 MTM=2717.00 Profit=0.41%
2026-07-14 13:54:16 INFO     strategy        PnL: 13:54:16 MTM=2720.25 Profit=0.41%
2026-07-14 13:54:17 INFO     strategy        PnL: 13:54:17 MTM=2723.50 Profit=0.41%
2026-07-14 13:54:18 INFO     strategy        PnL: 13:54:18 MTM=2743.00 Profit=0.42%
2026-07-14 13:54:19 INFO     strategy        PnL: 13:54:19 MTM=2762.50 Profit=0.42%
2026-07-14 13:54:20 INFO     strategy        PnL: 13:54:20 MTM=2700.75 Profit=0.41%
2026-07-14 13:54:21 INFO     strategy        PnL: 13:54:21 MTM=2736.50 Profit=0.42%
2026-07-14 13:54:22 INFO     strategy        PnL: 13:54:22 MTM=2717.00 Profit=0.41%
2026-07-14 13:54:23 INFO     strategy        PnL: 13:54:23 MTM=2707.25 Profit=0.41%
2026-07-14 13:54:24 INFO     strategy        PnL: 13:54:24 MTM=2720.25 Profit=0.41%
2026-07-14 13:54:25 INFO     strategy        PnL: 13:54:25 MTM=2730.00 Profit=0.42%
2026-07-14 13:54:26 INFO     strategy        PnL: 13:54:26 MTM=2726.75 Profit=0.42%
2026-07-14 13:54:27 INFO     strategy        PnL: 13:54:27 MTM=2713.75 Profit=0.41%
2026-07-14 13:54:28 INFO     strategy        PnL: 13:54:28 MTM=2723.50 Profit=0.41%
2026-07-14 13:54:29 INFO     strategy        PnL: 13:54:29 MTM=2684.50 Profit=0.41%
2026-07-14 13:54:30 INFO     strategy        PnL: 13:54:30 MTM=2674.75 Profit=0.41%
2026-07-14 13:54:31 INFO     strategy        PnL: 13:54:31 MTM=2694.25 Profit=0.41%
2026-07-14 13:54:32 INFO     strategy        PnL: 13:54:32 MTM=2769.00 Profit=0.42%
2026-07-14 13:54:33 INFO     strategy        PnL: 13:54:33 MTM=2694.25 Profit=0.41%
2026-07-14 13:54:34 INFO     strategy        PnL: 13:54:34 MTM=2681.25 Profit=0.41%
2026-07-14 13:54:35 INFO     strategy        PnL: 13:54:35 MTM=2691.00 Profit=0.41%
2026-07-14 13:54:36 INFO     strategy        PnL: 13:54:36 MTM=2687.75 Profit=0.41%
2026-07-14 13:54:37 INFO     strategy        PnL: 13:54:37 MTM=2700.75 Profit=0.41%
2026-07-14 13:54:38 INFO     strategy        PnL: 13:54:38 MTM=2707.25 Profit=0.41%
2026-07-14 13:54:39 INFO     strategy        PnL: 13:54:39 MTM=2687.75 Profit=0.41%
2026-07-14 13:54:40 INFO     strategy        PnL: 13:54:40 MTM=2681.25 Profit=0.41%
2026-07-14 13:54:41 INFO     strategy        PnL: 13:54:41 MTM=2681.25 Profit=0.41%
2026-07-14 13:54:42 INFO     strategy        PnL: 13:54:42 MTM=2684.50 Profit=0.41%
2026-07-14 13:54:43 INFO     strategy        PnL: 13:54:43 MTM=2694.25 Profit=0.41%
2026-07-14 13:54:44 INFO     strategy        PnL: 13:54:44 MTM=2713.75 Profit=0.41%
2026-07-14 13:54:45 INFO     strategy        PnL: 13:54:45 MTM=2668.25 Profit=0.41%
2026-07-14 13:54:46 INFO     strategy        PnL: 13:54:46 MTM=2700.75 Profit=0.41%
2026-07-14 13:54:47 INFO     strategy        PnL: 13:54:47 MTM=2684.50 Profit=0.41%
2026-07-14 13:54:48 INFO     strategy        PnL: 13:54:48 MTM=2697.50 Profit=0.41%
2026-07-14 13:54:49 INFO     strategy        PnL: 13:54:49 MTM=2723.50 Profit=0.41%
2026-07-14 13:54:50 INFO     strategy        PnL: 13:54:50 MTM=2704.00 Profit=0.41%
2026-07-14 13:54:51 INFO     strategy        PnL: 13:54:51 MTM=2710.50 Profit=0.41%
2026-07-14 13:54:52 INFO     strategy        PnL: 13:54:52 MTM=2704.00 Profit=0.41%
2026-07-14 13:54:53 INFO     strategy        PnL: 13:54:53 MTM=2691.00 Profit=0.41%
2026-07-14 13:54:54 INFO     strategy        PnL: 13:54:54 MTM=2681.25 Profit=0.41%
2026-07-14 13:54:55 INFO     strategy        PnL: 13:54:55 MTM=2684.50 Profit=0.41%
2026-07-14 13:54:56 INFO     strategy        PnL: 13:54:56 MTM=2694.25 Profit=0.41%
2026-07-14 13:54:57 INFO     strategy        PnL: 13:54:57 MTM=2694.25 Profit=0.41%
2026-07-14 13:54:58 INFO     strategy        PnL: 13:54:58 MTM=2671.50 Profit=0.41%
2026-07-14 13:54:59 INFO     strategy        PnL: 13:54:59 MTM=2674.75 Profit=0.41%
2026-07-14 13:55:00 INFO     strategy        PnL: 13:55:00 MTM=2629.25 Profit=0.40%
2026-07-14 13:55:01 INFO     strategy        PnL: 13:55:01 MTM=2694.25 Profit=0.41%
2026-07-14 13:55:02 INFO     strategy        PnL: 13:55:02 MTM=2619.50 Profit=0.40%
2026-07-14 13:55:03 INFO     strategy        PnL: 13:55:03 MTM=2658.50 Profit=0.40%
2026-07-14 13:55:04 INFO     strategy        PnL: 13:55:04 MTM=2668.25 Profit=0.41%
2026-07-14 13:55:05 INFO     strategy        PnL: 13:55:05 MTM=2671.50 Profit=0.41%
2026-07-14 13:55:06 INFO     strategy        PnL: 13:55:06 MTM=2700.75 Profit=0.41%
2026-07-14 13:55:07 INFO     strategy        PnL: 13:55:07 MTM=2681.25 Profit=0.41%
2026-07-14 13:55:08 INFO     strategy        PnL: 13:55:08 MTM=2665.00 Profit=0.41%
2026-07-14 13:55:09 INFO     strategy        PnL: 13:55:09 MTM=2678.00 Profit=0.41%
2026-07-14 13:55:10 INFO     strategy        PnL: 13:55:10 MTM=2752.75 Profit=0.42%
2026-07-14 13:55:12 INFO     strategy        PnL: 13:55:11 MTM=2639.00 Profit=0.40%
2026-07-14 13:55:13 INFO     strategy        PnL: 13:55:13 MTM=2665.00 Profit=0.41%
2026-07-14 13:55:14 INFO     strategy        PnL: 13:55:14 MTM=2665.00 Profit=0.41%
2026-07-14 13:55:15 INFO     strategy        PnL: 13:55:15 MTM=2619.50 Profit=0.40%
2026-07-14 13:55:16 INFO     strategy        PnL: 13:55:16 MTM=2515.50 Profit=0.38%
2026-07-14 13:55:17 INFO     strategy        PnL: 13:55:17 MTM=2658.50 Profit=0.40%
2026-07-14 13:55:18 INFO     strategy        PnL: 13:55:18 MTM=2674.75 Profit=0.41%
2026-07-14 13:55:19 INFO     strategy        PnL: 13:55:19 MTM=2551.25 Profit=0.39%
2026-07-14 13:55:20 INFO     strategy        PnL: 13:55:20 MTM=2668.25 Profit=0.41%
2026-07-14 13:55:21 INFO     strategy        PnL: 13:55:21 MTM=2622.75 Profit=0.40%
2026-07-14 13:55:22 INFO     strategy        PnL: 13:55:22 MTM=2603.25 Profit=0.40%
2026-07-14 13:55:23 INFO     strategy        PnL: 13:55:23 MTM=2561.00 Profit=0.39%
2026-07-14 13:55:24 INFO     strategy        PnL: 13:55:24 MTM=2561.00 Profit=0.39%
2026-07-14 13:55:25 INFO     strategy        PnL: 13:55:25 MTM=2548.00 Profit=0.39%
2026-07-14 13:55:26 INFO     strategy        PnL: 13:55:26 MTM=2596.75 Profit=0.40%
2026-07-14 13:55:27 INFO     strategy        PnL: 13:55:27 MTM=2603.25 Profit=0.40%
2026-07-14 13:55:28 INFO     strategy        PnL: 13:55:28 MTM=2606.50 Profit=0.40%
2026-07-14 13:55:29 INFO     strategy        PnL: 13:55:29 MTM=2616.25 Profit=0.40%
2026-07-14 13:55:30 INFO     strategy        PnL: 13:55:30 MTM=2600.00 Profit=0.40%
2026-07-14 13:55:31 INFO     strategy        PnL: 13:55:31 MTM=2544.75 Profit=0.39%
2026-07-14 13:55:32 INFO     strategy        PnL: 13:55:32 MTM=2522.00 Profit=0.38%
2026-07-14 13:55:33 INFO     strategy        PnL: 13:55:33 MTM=2528.50 Profit=0.39%
2026-07-14 13:55:34 INFO     strategy        PnL: 13:55:34 MTM=2531.75 Profit=0.39%
2026-07-14 13:55:35 INFO     strategy        PnL: 13:55:35 MTM=2476.50 Profit=0.38%
2026-07-14 13:55:36 INFO     strategy        PnL: 13:55:36 MTM=2531.75 Profit=0.39%
2026-07-14 13:55:37 INFO     strategy        PnL: 13:55:37 MTM=2535.00 Profit=0.39%
2026-07-14 13:55:38 INFO     strategy        PnL: 13:55:38 MTM=2583.75 Profit=0.39%
2026-07-14 13:55:39 INFO     strategy        PnL: 13:55:39 MTM=2593.50 Profit=0.40%
2026-07-14 13:55:40 INFO     strategy        PnL: 13:55:40 MTM=2632.50 Profit=0.40%
2026-07-14 13:55:41 INFO     strategy        PnL: 13:55:41 MTM=2632.50 Profit=0.40%
2026-07-14 13:55:42 INFO     strategy        PnL: 13:55:42 MTM=2616.25 Profit=0.40%
2026-07-14 13:55:43 INFO     strategy        PnL: 13:55:43 MTM=2626.00 Profit=0.40%
2026-07-14 13:55:44 INFO     strategy        PnL: 13:55:44 MTM=2606.50 Profit=0.40%
2026-07-14 13:55:45 INFO     strategy        PnL: 13:55:45 MTM=2632.50 Profit=0.40%
2026-07-14 13:55:46 INFO     strategy        PnL: 13:55:46 MTM=2652.00 Profit=0.40%
2026-07-14 13:55:47 INFO     strategy        PnL: 13:55:47 MTM=2635.75 Profit=0.40%
2026-07-14 13:55:48 INFO     strategy        PnL: 13:55:48 MTM=2632.50 Profit=0.40%
2026-07-14 13:55:49 INFO     strategy        PnL: 13:55:49 MTM=2642.25 Profit=0.40%
2026-07-14 13:55:50 INFO     strategy        PnL: 13:55:50 MTM=2645.50 Profit=0.40%
2026-07-14 13:55:51 INFO     strategy        PnL: 13:55:51 MTM=2658.50 Profit=0.40%
2026-07-14 13:55:52 INFO     strategy        PnL: 13:55:52 MTM=2639.00 Profit=0.40%
2026-07-14 13:55:53 INFO     strategy        PnL: 13:55:53 MTM=2665.00 Profit=0.41%
2026-07-14 13:55:54 INFO     strategy        PnL: 13:55:54 MTM=2684.50 Profit=0.41%
2026-07-14 13:55:55 INFO     strategy        PnL: 13:55:55 MTM=2639.00 Profit=0.40%
2026-07-14 13:55:56 INFO     strategy        PnL: 13:55:56 MTM=2648.75 Profit=0.40%
2026-07-14 13:55:57 INFO     strategy        PnL: 13:55:57 MTM=2632.50 Profit=0.40%
2026-07-14 13:55:58 INFO     strategy        PnL: 13:55:58 MTM=2661.75 Profit=0.41%
2026-07-14 13:55:59 INFO     strategy        PnL: 13:55:59 MTM=2694.25 Profit=0.41%
2026-07-14 13:56:00 INFO     strategy        PnL: 13:56:00 MTM=2671.50 Profit=0.41%
2026-07-14 13:56:01 INFO     strategy        PnL: 13:56:01 MTM=2687.75 Profit=0.41%
2026-07-14 13:56:02 INFO     strategy        PnL: 13:56:02 MTM=2678.00 Profit=0.41%
2026-07-14 13:56:03 INFO     strategy        PnL: 13:56:03 MTM=2704.00 Profit=0.41%
2026-07-14 13:56:04 INFO     strategy        PnL: 13:56:04 MTM=2639.00 Profit=0.40%
2026-07-14 13:56:05 INFO     strategy        PnL: 13:56:05 MTM=2678.00 Profit=0.41%
2026-07-14 13:56:06 INFO     strategy        PnL: 13:56:06 MTM=2661.75 Profit=0.41%
2026-07-14 13:56:07 INFO     strategy        PnL: 13:56:07 MTM=2616.25 Profit=0.40%
2026-07-14 13:56:08 INFO     strategy        PnL: 13:56:08 MTM=2642.25 Profit=0.40%
2026-07-14 13:56:09 INFO     strategy        PnL: 13:56:09 MTM=2626.00 Profit=0.40%
2026-07-14 13:56:10 INFO     strategy        PnL: 13:56:10 MTM=2830.75 Profit=0.43%
2026-07-14 13:56:11 INFO     strategy        PnL: 13:56:11 MTM=2619.50 Profit=0.40%
2026-07-14 13:56:12 INFO     strategy        PnL: 13:56:12 MTM=2648.75 Profit=0.40%
2026-07-14 13:56:13 INFO     strategy        PnL: 13:56:13 MTM=2655.25 Profit=0.40%
2026-07-14 13:56:14 INFO     strategy        PnL: 13:56:14 MTM=2694.25 Profit=0.41%
2026-07-14 13:56:15 INFO     strategy        PnL: 13:56:15 MTM=2655.25 Profit=0.40%
2026-07-14 13:56:16 INFO     strategy        PnL: 13:56:16 MTM=2648.75 Profit=0.40%
2026-07-14 13:56:17 INFO     strategy        PnL: 13:56:17 MTM=2652.00 Profit=0.40%
2026-07-14 13:56:18 INFO     strategy        PnL: 13:56:18 MTM=2678.00 Profit=0.41%
2026-07-14 13:56:19 INFO     strategy        PnL: 13:56:19 MTM=2658.50 Profit=0.40%
2026-07-14 13:56:20 INFO     strategy        PnL: 13:56:20 MTM=2658.50 Profit=0.40%
2026-07-14 13:56:21 INFO     strategy        PnL: 13:56:21 MTM=2668.25 Profit=0.41%
2026-07-14 13:56:22 INFO     strategy        PnL: 13:56:22 MTM=2635.75 Profit=0.40%
2026-07-14 13:56:23 INFO     strategy        PnL: 13:56:23 MTM=2671.50 Profit=0.41%
2026-07-14 13:56:24 INFO     strategy        PnL: 13:56:24 MTM=2619.50 Profit=0.40%
2026-07-14 13:56:25 INFO     strategy        PnL: 13:56:25 MTM=2658.50 Profit=0.40%
2026-07-14 13:56:26 INFO     strategy        PnL: 13:56:26 MTM=2684.50 Profit=0.41%
2026-07-14 13:56:27 INFO     strategy        PnL: 13:56:27 MTM=2681.25 Profit=0.41%
2026-07-14 13:56:28 INFO     strategy        PnL: 13:56:28 MTM=2648.75 Profit=0.40%
2026-07-14 13:56:30 INFO     strategy        PnL: 13:56:29 MTM=2668.25 Profit=0.41%
2026-07-14 13:56:31 INFO     strategy        PnL: 13:56:31 MTM=2639.00 Profit=0.40%
2026-07-14 13:56:32 INFO     strategy        PnL: 13:56:32 MTM=2658.50 Profit=0.40%
2026-07-14 13:56:33 INFO     strategy        PnL: 13:56:33 MTM=2645.50 Profit=0.40%
2026-07-14 13:56:34 INFO     strategy        PnL: 13:56:34 MTM=2642.25 Profit=0.40%
2026-07-14 13:56:35 INFO     strategy        PnL: 13:56:35 MTM=2652.00 Profit=0.40%
2026-07-14 13:56:36 INFO     strategy        PnL: 13:56:36 MTM=2635.75 Profit=0.40%
2026-07-14 13:56:37 INFO     strategy        PnL: 13:56:37 MTM=2635.75 Profit=0.40%
2026-07-14 13:56:38 INFO     strategy        PnL: 13:56:38 MTM=2668.25 Profit=0.41%
2026-07-14 13:56:39 INFO     strategy        PnL: 13:56:39 MTM=2658.50 Profit=0.40%
2026-07-14 13:56:40 INFO     strategy        PnL: 13:56:40 MTM=2668.25 Profit=0.41%
2026-07-14 13:56:41 INFO     strategy        PnL: 13:56:41 MTM=2691.00 Profit=0.41%
2026-07-14 13:56:42 INFO     strategy        PnL: 13:56:42 MTM=2710.50 Profit=0.41%
2026-07-14 13:56:43 INFO     strategy        PnL: 13:56:43 MTM=2687.75 Profit=0.41%
2026-07-14 13:56:44 INFO     strategy        PnL: 13:56:44 MTM=2678.00 Profit=0.41%
2026-07-14 13:56:45 INFO     strategy        PnL: 13:56:45 MTM=2658.50 Profit=0.40%
2026-07-14 13:56:46 INFO     strategy        PnL: 13:56:46 MTM=2648.75 Profit=0.40%
2026-07-14 13:56:47 INFO     strategy        PnL: 13:56:47 MTM=2583.75 Profit=0.39%
2026-07-14 13:56:48 INFO     strategy        PnL: 13:56:48 MTM=2710.50 Profit=0.41%
2026-07-14 13:56:49 INFO     strategy        PnL: 13:56:49 MTM=2678.00 Profit=0.41%
2026-07-14 13:56:50 INFO     strategy        PnL: 13:56:50 MTM=2704.00 Profit=0.41%
2026-07-14 13:56:51 INFO     strategy        PnL: 13:56:51 MTM=2697.50 Profit=0.41%
2026-07-14 13:56:52 INFO     strategy        PnL: 13:56:52 MTM=2691.00 Profit=0.41%
2026-07-14 13:56:53 INFO     strategy        PnL: 13:56:53 MTM=2681.25 Profit=0.41%
2026-07-14 13:56:54 INFO     strategy        PnL: 13:56:54 MTM=2700.75 Profit=0.41%
2026-07-14 13:56:55 INFO     strategy        PnL: 13:56:55 MTM=2707.25 Profit=0.41%
2026-07-14 13:56:56 INFO     strategy        PnL: 13:56:56 MTM=2720.25 Profit=0.41%
2026-07-14 13:56:57 INFO     strategy        PnL: 13:56:57 MTM=2665.00 Profit=0.41%
2026-07-14 13:56:58 INFO     strategy        PnL: 13:56:58 MTM=2681.25 Profit=0.41%
2026-07-14 13:56:59 INFO     strategy        PnL: 13:56:59 MTM=2681.25 Profit=0.41%
2026-07-14 13:57:00 INFO     strategy        PnL: 13:57:00 MTM=2678.00 Profit=0.41%
2026-07-14 13:57:01 INFO     strategy        PnL: 13:57:01 MTM=2678.00 Profit=0.41%
2026-07-14 13:57:02 INFO     strategy        PnL: 13:57:02 MTM=2700.75 Profit=0.41%
2026-07-14 13:57:03 INFO     strategy        PnL: 13:57:03 MTM=2678.00 Profit=0.41%
2026-07-14 13:57:04 INFO     strategy        PnL: 13:57:04 MTM=2678.00 Profit=0.41%
2026-07-14 13:57:05 INFO     strategy        PnL: 13:57:05 MTM=2668.25 Profit=0.41%
2026-07-14 13:57:06 INFO     strategy        PnL: 13:57:06 MTM=2645.50 Profit=0.40%
2026-07-14 13:57:07 INFO     strategy        PnL: 13:57:07 MTM=2687.75 Profit=0.41%
2026-07-14 13:57:08 INFO     strategy        PnL: 13:57:08 MTM=2691.00 Profit=0.41%
2026-07-14 13:57:09 INFO     strategy        PnL: 13:57:09 MTM=2678.00 Profit=0.41%
2026-07-14 13:57:10 INFO     strategy        PnL: 13:57:10 MTM=2655.25 Profit=0.40%
2026-07-14 13:57:11 INFO     strategy        PnL: 13:57:11 MTM=2687.75 Profit=0.41%
2026-07-14 13:57:12 INFO     strategy        PnL: 13:57:12 MTM=2691.00 Profit=0.41%
2026-07-14 13:57:13 INFO     strategy        PnL: 13:57:13 MTM=2626.00 Profit=0.40%
2026-07-14 13:57:14 INFO     strategy        PnL: 13:57:14 MTM=2733.25 Profit=0.42%
2026-07-14 13:57:15 INFO     strategy        PnL: 13:57:15 MTM=2668.25 Profit=0.41%
2026-07-14 13:57:16 INFO     strategy        PnL: 13:57:16 MTM=2707.25 Profit=0.41%
2026-07-14 13:57:17 INFO     strategy        PnL: 13:57:17 MTM=2697.50 Profit=0.41%
2026-07-14 13:57:18 INFO     strategy        PnL: 13:57:18 MTM=2720.25 Profit=0.41%
2026-07-14 13:57:19 INFO     strategy        PnL: 13:57:19 MTM=2713.75 Profit=0.41%
2026-07-14 13:57:20 INFO     strategy        PnL: 13:57:20 MTM=2678.00 Profit=0.41%
2026-07-14 13:57:21 INFO     strategy        PnL: 13:57:21 MTM=2713.75 Profit=0.41%
2026-07-14 13:57:22 INFO     strategy        PnL: 13:57:22 MTM=2704.00 Profit=0.41%
2026-07-14 13:57:23 INFO     strategy        PnL: 13:57:23 MTM=2700.75 Profit=0.41%
2026-07-14 13:57:24 INFO     strategy        PnL: 13:57:24 MTM=2710.50 Profit=0.41%
2026-07-14 13:57:25 INFO     strategy        PnL: 13:57:25 MTM=2700.75 Profit=0.41%
2026-07-14 13:57:26 INFO     strategy        PnL: 13:57:26 MTM=2658.50 Profit=0.40%
2026-07-14 13:57:27 INFO     strategy        PnL: 13:57:27 MTM=2671.50 Profit=0.41%
2026-07-14 13:57:28 INFO     strategy        PnL: 13:57:28 MTM=2671.50 Profit=0.41%
2026-07-14 13:57:29 INFO     strategy        PnL: 13:57:29 MTM=2678.00 Profit=0.41%
2026-07-14 13:57:30 INFO     strategy        PnL: 13:57:30 MTM=2681.25 Profit=0.41%
2026-07-14 13:57:31 INFO     strategy        PnL: 13:57:31 MTM=2661.75 Profit=0.41%
2026-07-14 13:57:32 INFO     strategy        PnL: 13:57:32 MTM=2645.50 Profit=0.40%
2026-07-14 13:57:33 INFO     strategy        PnL: 13:57:33 MTM=2665.00 Profit=0.41%
2026-07-14 13:57:34 INFO     strategy        PnL: 13:57:34 MTM=2626.00 Profit=0.40%
2026-07-14 13:57:35 INFO     strategy        PnL: 13:57:35 MTM=2622.75 Profit=0.40%
2026-07-14 13:57:36 INFO     strategy        PnL: 13:57:36 MTM=2622.75 Profit=0.40%
2026-07-14 13:57:37 INFO     strategy        PnL: 13:57:37 MTM=2645.50 Profit=0.40%
2026-07-14 13:57:38 INFO     strategy        PnL: 13:57:38 MTM=2648.75 Profit=0.40%
2026-07-14 13:57:39 INFO     strategy        PnL: 13:57:39 MTM=2635.75 Profit=0.40%
2026-07-14 13:57:40 INFO     strategy        PnL: 13:57:40 MTM=2652.00 Profit=0.40%
2026-07-14 13:57:41 INFO     strategy        PnL: 13:57:41 MTM=2671.50 Profit=0.41%
2026-07-14 13:57:42 INFO     strategy        PnL: 13:57:42 MTM=2665.00 Profit=0.41%
2026-07-14 13:57:43 INFO     strategy        PnL: 13:57:43 MTM=2632.50 Profit=0.40%
2026-07-14 13:57:44 INFO     strategy        PnL: 13:57:44 MTM=2635.75 Profit=0.40%
2026-07-14 13:57:45 INFO     strategy        PnL: 13:57:45 MTM=2613.00 Profit=0.40%
2026-07-14 13:57:46 INFO     strategy        PnL: 13:57:46 MTM=2629.25 Profit=0.40%
2026-07-14 13:57:47 INFO     strategy        PnL: 13:57:47 MTM=2648.75 Profit=0.40%
2026-07-14 13:57:48 INFO     strategy        PnL: 13:57:48 MTM=2629.25 Profit=0.40%
2026-07-14 13:57:49 INFO     strategy        PnL: 13:57:49 MTM=2600.00 Profit=0.40%
2026-07-14 13:57:50 INFO     strategy        PnL: 13:57:50 MTM=2609.75 Profit=0.40%
2026-07-14 13:57:51 INFO     strategy        PnL: 13:57:51 MTM=2668.25 Profit=0.41%
2026-07-14 13:57:52 INFO     strategy        PnL: 13:57:52 MTM=2616.25 Profit=0.40%
2026-07-14 13:57:53 INFO     strategy        PnL: 13:57:53 MTM=2635.75 Profit=0.40%
2026-07-14 13:57:54 INFO     strategy        PnL: 13:57:54 MTM=2635.75 Profit=0.40%
2026-07-14 13:57:55 INFO     strategy        PnL: 13:57:55 MTM=2635.75 Profit=0.40%
2026-07-14 13:57:56 INFO     strategy        PnL: 13:57:56 MTM=2652.00 Profit=0.40%
2026-07-14 13:57:57 INFO     strategy        PnL: 13:57:57 MTM=2626.00 Profit=0.40%
2026-07-14 13:57:59 INFO     strategy        PnL: 13:57:59 MTM=2661.75 Profit=0.41%
2026-07-14 13:58:00 INFO     strategy        PnL: 13:58:00 MTM=2697.50 Profit=0.41%
2026-07-14 13:58:01 INFO     strategy        PnL: 13:58:01 MTM=2674.75 Profit=0.41%
2026-07-14 13:58:02 INFO     strategy        PnL: 13:58:02 MTM=2681.25 Profit=0.41%
2026-07-14 13:58:03 INFO     strategy        PnL: 13:58:03 MTM=2652.00 Profit=0.40%
2026-07-14 13:58:04 INFO     strategy        PnL: 13:58:04 MTM=2668.25 Profit=0.41%
2026-07-14 13:58:05 INFO     strategy        PnL: 13:58:05 MTM=2622.75 Profit=0.40%
2026-07-14 13:58:06 INFO     strategy        PnL: 13:58:06 MTM=2687.75 Profit=0.41%
2026-07-14 13:58:07 INFO     strategy        PnL: 13:58:07 MTM=2652.00 Profit=0.40%
2026-07-14 13:58:08 INFO     strategy        PnL: 13:58:08 MTM=2668.25 Profit=0.41%
2026-07-14 13:58:09 INFO     strategy        PnL: 13:58:09 MTM=2681.25 Profit=0.41%
2026-07-14 13:58:10 INFO     strategy        PnL: 13:58:10 MTM=2684.50 Profit=0.41%
2026-07-14 13:58:11 INFO     strategy        PnL: 13:58:11 MTM=2726.75 Profit=0.42%
2026-07-14 13:58:12 INFO     strategy        PnL: 13:58:12 MTM=2697.50 Profit=0.41%
2026-07-14 13:58:13 INFO     strategy        PnL: 13:58:13 MTM=2684.50 Profit=0.41%
2026-07-14 13:58:14 INFO     strategy        PnL: 13:58:14 MTM=2726.75 Profit=0.42%
2026-07-14 13:58:15 INFO     strategy        PnL: 13:58:15 MTM=2749.50 Profit=0.42%
2026-07-14 13:58:16 INFO     strategy        PnL: 13:58:16 MTM=2723.50 Profit=0.41%
2026-07-14 13:58:17 INFO     strategy        PnL: 13:58:17 MTM=2726.75 Profit=0.42%
2026-07-14 13:58:18 INFO     strategy        PnL: 13:58:18 MTM=2762.50 Profit=0.42%
2026-07-14 13:58:19 INFO     strategy        PnL: 13:58:19 MTM=2717.00 Profit=0.41%
2026-07-14 13:58:20 INFO     strategy        PnL: 13:58:20 MTM=2704.00 Profit=0.41%
2026-07-14 13:58:21 INFO     strategy        PnL: 13:58:21 MTM=2733.25 Profit=0.42%
2026-07-14 13:58:22 INFO     strategy        PnL: 13:58:22 MTM=2684.50 Profit=0.41%
2026-07-14 13:58:23 INFO     strategy        PnL: 13:58:23 MTM=2710.50 Profit=0.41%
2026-07-14 13:58:24 INFO     strategy        PnL: 13:58:24 MTM=2713.75 Profit=0.41%
2026-07-14 13:58:25 INFO     strategy        PnL: 13:58:25 MTM=2733.25 Profit=0.42%
2026-07-14 13:58:26 INFO     strategy        PnL: 13:58:26 MTM=2717.00 Profit=0.41%
2026-07-14 13:58:27 INFO     strategy        PnL: 13:58:27 MTM=2717.00 Profit=0.41%
2026-07-14 13:58:28 INFO     strategy        PnL: 13:58:28 MTM=2749.50 Profit=0.42%
2026-07-14 13:58:29 INFO     strategy        PnL: 13:58:29 MTM=2723.50 Profit=0.41%
2026-07-14 13:58:30 INFO     strategy        PnL: 13:58:30 MTM=2687.75 Profit=0.41%
2026-07-14 13:58:31 INFO     strategy        PnL: 13:58:31 MTM=2713.75 Profit=0.41%
2026-07-14 13:58:32 INFO     strategy        PnL: 13:58:32 MTM=2697.50 Profit=0.41%
2026-07-14 13:58:33 INFO     strategy        PnL: 13:58:33 MTM=2704.00 Profit=0.41%
2026-07-14 13:58:34 INFO     strategy        PnL: 13:58:34 MTM=2691.00 Profit=0.41%
2026-07-14 13:58:35 INFO     strategy        PnL: 13:58:35 MTM=2668.25 Profit=0.41%
2026-07-14 13:58:36 INFO     strategy        PnL: 13:58:36 MTM=2678.00 Profit=0.41%
2026-07-14 13:58:37 INFO     strategy        PnL: 13:58:37 MTM=2691.00 Profit=0.41%
2026-07-14 13:58:38 INFO     strategy        PnL: 13:58:38 MTM=2717.00 Profit=0.41%
2026-07-14 13:58:39 INFO     strategy        PnL: 13:58:39 MTM=2668.25 Profit=0.41%
2026-07-14 13:58:40 INFO     strategy        PnL: 13:58:40 MTM=2720.25 Profit=0.41%
2026-07-14 13:58:41 INFO     strategy        PnL: 13:58:41 MTM=2749.50 Profit=0.42%
2026-07-14 13:58:42 INFO     strategy        PnL: 13:58:42 MTM=2756.00 Profit=0.42%
2026-07-14 13:58:43 INFO     strategy        PnL: 13:58:43 MTM=2730.00 Profit=0.42%
2026-07-14 13:58:44 INFO     strategy        PnL: 13:58:44 MTM=2778.75 Profit=0.42%
2026-07-14 13:58:45 INFO     strategy        PnL: 13:58:45 MTM=2765.75 Profit=0.42%
2026-07-14 13:58:46 INFO     strategy        PnL: 13:58:46 MTM=2778.75 Profit=0.42%
2026-07-14 13:58:47 INFO     strategy        PnL: 13:58:47 MTM=2756.00 Profit=0.42%
2026-07-14 13:58:48 INFO     strategy        PnL: 13:58:48 MTM=2772.25 Profit=0.42%
2026-07-14 13:58:49 INFO     strategy        PnL: 13:58:49 MTM=2769.00 Profit=0.42%
2026-07-14 13:58:50 INFO     strategy        PnL: 13:58:50 MTM=2772.25 Profit=0.42%
2026-07-14 13:58:51 INFO     strategy        PnL: 13:58:51 MTM=2837.25 Profit=0.43%
2026-07-14 13:58:52 INFO     strategy        PnL: 13:58:52 MTM=2817.75 Profit=0.43%
2026-07-14 13:58:53 INFO     strategy        PnL: 13:58:53 MTM=2804.75 Profit=0.43%
2026-07-14 13:58:54 INFO     strategy        PnL: 13:58:54 MTM=2804.75 Profit=0.43%
2026-07-14 13:58:55 INFO     strategy        PnL: 13:58:55 MTM=2843.75 Profit=0.43%
2026-07-14 13:58:56 INFO     strategy        PnL: 13:58:56 MTM=2853.50 Profit=0.43%
2026-07-14 13:58:57 INFO     strategy        PnL: 13:58:57 MTM=2752.75 Profit=0.42%
2026-07-14 13:58:58 INFO     strategy        PnL: 13:58:58 MTM=2869.75 Profit=0.44%
2026-07-14 13:58:59 INFO     strategy        PnL: 13:58:59 MTM=2827.50 Profit=0.43%
2026-07-14 13:59:00 INFO     strategy        PnL: 13:59:00 MTM=2860.00 Profit=0.44%
2026-07-14 13:59:01 INFO     strategy        PnL: 13:59:01 MTM=2837.25 Profit=0.43%
2026-07-14 13:59:02 INFO     strategy        PnL: 13:59:02 MTM=2804.75 Profit=0.43%
2026-07-14 13:59:03 INFO     strategy        PnL: 13:59:03 MTM=2847.00 Profit=0.43%
2026-07-14 13:59:04 INFO     strategy        PnL: 13:59:04 MTM=2769.00 Profit=0.42%
2026-07-14 13:59:05 INFO     strategy        PnL: 13:59:05 MTM=2821.00 Profit=0.43%
2026-07-14 13:59:06 INFO     strategy        PnL: 13:59:06 MTM=2827.50 Profit=0.43%
2026-07-14 13:59:08 INFO     strategy        PnL: 13:59:08 MTM=2811.25 Profit=0.43%
2026-07-14 13:59:09 INFO     strategy        PnL: 13:59:09 MTM=2843.75 Profit=0.43%
2026-07-14 13:59:10 INFO     strategy        PnL: 13:59:10 MTM=2769.00 Profit=0.42%
2026-07-14 13:59:11 INFO     strategy        PnL: 13:59:11 MTM=2811.25 Profit=0.43%
2026-07-14 13:59:12 INFO     strategy        PnL: 13:59:12 MTM=2785.25 Profit=0.42%
2026-07-14 13:59:13 INFO     strategy        PnL: 13:59:13 MTM=2782.00 Profit=0.42%
2026-07-14 13:59:14 INFO     strategy        PnL: 13:59:14 MTM=2801.50 Profit=0.43%
2026-07-14 13:59:15 INFO     strategy        PnL: 13:59:15 MTM=2788.50 Profit=0.42%
2026-07-14 13:59:16 INFO     strategy        PnL: 13:59:16 MTM=2795.00 Profit=0.43%
2026-07-14 13:59:17 INFO     strategy        PnL: 13:59:17 MTM=2840.50 Profit=0.43%
2026-07-14 13:59:18 INFO     strategy        PnL: 13:59:18 MTM=2827.50 Profit=0.43%
2026-07-14 13:59:19 INFO     strategy        PnL: 13:59:19 MTM=2808.00 Profit=0.43%
2026-07-14 13:59:20 INFO     strategy        PnL: 13:59:20 MTM=2847.00 Profit=0.43%
2026-07-14 13:59:21 INFO     strategy        PnL: 13:59:21 MTM=2814.50 Profit=0.43%
2026-07-14 13:59:22 INFO     strategy        PnL: 13:59:22 MTM=2801.50 Profit=0.43%
2026-07-14 13:59:23 INFO     strategy        PnL: 13:59:23 MTM=2889.25 Profit=0.44%
2026-07-14 13:59:24 INFO     strategy        PnL: 13:59:24 MTM=2830.75 Profit=0.43%
2026-07-14 13:59:25 INFO     strategy        PnL: 13:59:25 MTM=2837.25 Profit=0.43%
2026-07-14 13:59:26 INFO     strategy        PnL: 13:59:26 MTM=2804.75 Profit=0.43%
2026-07-14 13:59:27 INFO     strategy        PnL: 13:59:27 MTM=2801.50 Profit=0.43%
2026-07-14 13:59:28 INFO     strategy        PnL: 13:59:28 MTM=2808.00 Profit=0.43%
2026-07-14 13:59:29 INFO     strategy        PnL: 13:59:29 MTM=2791.75 Profit=0.43%
2026-07-14 13:59:30 INFO     strategy        PnL: 13:59:30 MTM=2830.75 Profit=0.43%
2026-07-14 13:59:31 INFO     strategy        PnL: 13:59:31 MTM=2817.75 Profit=0.43%
2026-07-14 13:59:32 INFO     strategy        PnL: 13:59:32 MTM=2801.50 Profit=0.43%
2026-07-14 13:59:33 INFO     strategy        PnL: 13:59:33 MTM=2785.25 Profit=0.42%
2026-07-14 13:59:34 INFO     strategy        PnL: 13:59:34 MTM=2765.75 Profit=0.42%
2026-07-14 13:59:35 INFO     strategy        PnL: 13:59:35 MTM=2791.75 Profit=0.43%
2026-07-14 13:59:36 INFO     strategy        PnL: 13:59:36 MTM=2775.50 Profit=0.42%
2026-07-14 13:59:37 INFO     strategy        PnL: 13:59:37 MTM=2782.00 Profit=0.42%
2026-07-14 13:59:38 INFO     strategy        PnL: 13:59:38 MTM=2808.00 Profit=0.43%
2026-07-14 13:59:39 INFO     strategy        PnL: 13:59:39 MTM=2772.25 Profit=0.42%
2026-07-14 13:59:40 INFO     strategy        PnL: 13:59:40 MTM=2769.00 Profit=0.42%
2026-07-14 13:59:41 INFO     strategy        PnL: 13:59:41 MTM=2752.75 Profit=0.42%
2026-07-14 13:59:42 INFO     strategy        PnL: 13:59:42 MTM=2785.25 Profit=0.42%
2026-07-14 13:59:43 INFO     strategy        PnL: 13:59:43 MTM=2752.75 Profit=0.42%
2026-07-14 13:59:44 INFO     strategy        PnL: 13:59:44 MTM=2795.00 Profit=0.43%
2026-07-14 13:59:45 INFO     strategy        PnL: 13:59:45 MTM=2778.75 Profit=0.42%
2026-07-14 13:59:46 INFO     strategy        PnL: 13:59:46 MTM=2743.00 Profit=0.42%
2026-07-14 13:59:47 INFO     strategy        PnL: 13:59:47 MTM=2772.25 Profit=0.42%
2026-07-14 13:59:48 INFO     strategy        PnL: 13:59:48 MTM=2746.25 Profit=0.42%
2026-07-14 13:59:49 INFO     strategy        PnL: 13:59:49 MTM=2759.25 Profit=0.42%
2026-07-14 13:59:50 INFO     strategy        PnL: 13:59:50 MTM=2765.75 Profit=0.42%
2026-07-14 13:59:51 INFO     strategy        PnL: 13:59:51 MTM=2759.25 Profit=0.42%
2026-07-14 13:59:52 INFO     strategy        PnL: 13:59:52 MTM=2769.00 Profit=0.42%
2026-07-14 13:59:53 INFO     strategy        PnL: 13:59:53 MTM=2775.50 Profit=0.42%
2026-07-14 13:59:54 INFO     strategy        PnL: 13:59:54 MTM=2778.75 Profit=0.42%
2026-07-14 13:59:55 INFO     strategy        PnL: 13:59:55 MTM=2746.25 Profit=0.42%
2026-07-14 13:59:56 INFO     strategy        PnL: 13:59:56 MTM=2775.50 Profit=0.42%
2026-07-14 13:59:57 INFO     strategy        PnL: 13:59:57 MTM=2811.25 Profit=0.43%
2026-07-14 13:59:58 INFO     strategy        PnL: 13:59:58 MTM=2798.25 Profit=0.43%
2026-07-14 13:59:59 INFO     strategy        PnL: 13:59:59 MTM=2775.50 Profit=0.42%
2026-07-14 14:00:00 INFO     strategy        PnL: 14:00:00 MTM=2804.75 Profit=0.43%
2026-07-14 14:00:01 INFO     strategy        PnL: 14:00:01 MTM=2769.00 Profit=0.42%
2026-07-14 14:00:02 INFO     strategy        PnL: 14:00:02 MTM=2824.25 Profit=0.43%
2026-07-14 14:00:03 INFO     strategy        PnL: 14:00:03 MTM=2801.50 Profit=0.43%
2026-07-14 14:00:04 INFO     strategy        PnL: 14:00:04 MTM=2795.00 Profit=0.43%
2026-07-14 14:00:05 INFO     strategy        PnL: 14:00:05 MTM=2808.00 Profit=0.43%
2026-07-14 14:00:06 INFO     strategy        PnL: 14:00:06 MTM=2821.00 Profit=0.43%
2026-07-14 14:00:07 INFO     strategy        PnL: 14:00:07 MTM=2856.75 Profit=0.44%
2026-07-14 14:00:08 INFO     strategy        PnL: 14:00:08 MTM=2808.00 Profit=0.43%
2026-07-14 14:00:09 INFO     strategy        PnL: 14:00:09 MTM=2808.00 Profit=0.43%
2026-07-14 14:00:10 INFO     strategy        PnL: 14:00:10 MTM=2795.00 Profit=0.43%
2026-07-14 14:00:11 INFO     strategy        PnL: 14:00:11 MTM=2782.00 Profit=0.42%
2026-07-14 14:00:12 INFO     strategy        PnL: 14:00:12 MTM=2769.00 Profit=0.42%
2026-07-14 14:00:13 INFO     strategy        PnL: 14:00:13 MTM=2811.25 Profit=0.43%
2026-07-14 14:00:14 INFO     strategy        PnL: 14:00:14 MTM=2804.75 Profit=0.43%
2026-07-14 14:00:15 INFO     strategy        PnL: 14:00:15 MTM=2785.25 Profit=0.42%
2026-07-14 14:00:16 INFO     strategy        PnL: 14:00:16 MTM=2765.75 Profit=0.42%
2026-07-14 14:00:17 INFO     strategy        PnL: 14:00:17 MTM=2817.75 Profit=0.43%
2026-07-14 14:00:18 INFO     strategy        PnL: 14:00:18 MTM=2817.75 Profit=0.43%
2026-07-14 14:00:19 INFO     strategy        PnL: 14:00:19 MTM=2791.75 Profit=0.43%
2026-07-14 14:00:20 INFO     strategy        PnL: 14:00:20 MTM=2788.50 Profit=0.42%
2026-07-14 14:00:21 INFO     strategy        PnL: 14:00:21 MTM=2785.25 Profit=0.42%
2026-07-14 14:00:22 INFO     strategy        PnL: 14:00:22 MTM=2756.00 Profit=0.42%
2026-07-14 14:00:23 INFO     strategy        PnL: 14:00:23 MTM=2759.25 Profit=0.42%
2026-07-14 14:00:24 INFO     strategy        PnL: 14:00:24 MTM=2739.75 Profit=0.42%
2026-07-14 14:00:25 INFO     strategy        PnL: 14:00:25 MTM=2752.75 Profit=0.42%
2026-07-14 14:00:26 INFO     strategy        PnL: 14:00:26 MTM=2756.00 Profit=0.42%
2026-07-14 14:00:27 INFO     strategy        PnL: 14:00:27 MTM=2769.00 Profit=0.42%
2026-07-14 14:00:28 INFO     strategy        PnL: 14:00:28 MTM=2739.75 Profit=0.42%
2026-07-14 14:00:29 INFO     strategy        PnL: 14:00:29 MTM=2749.50 Profit=0.42%
2026-07-14 14:00:30 INFO     strategy        PnL: 14:00:30 MTM=2743.00 Profit=0.42%
2026-07-14 14:00:31 INFO     strategy        PnL: 14:00:31 MTM=2720.25 Profit=0.41%
2026-07-14 14:00:32 INFO     strategy        PnL: 14:00:32 MTM=2700.75 Profit=0.41%
2026-07-14 14:00:33 INFO     strategy        PnL: 14:00:33 MTM=2772.25 Profit=0.42%
2026-07-14 14:00:34 INFO     strategy        PnL: 14:00:34 MTM=2746.25 Profit=0.42%
2026-07-14 14:00:35 INFO     strategy        PnL: 14:00:35 MTM=2678.00 Profit=0.41%
2026-07-14 14:00:36 INFO     strategy        PnL: 14:00:36 MTM=2720.25 Profit=0.41%
2026-07-14 14:00:37 INFO     strategy        PnL: 14:00:37 MTM=2704.00 Profit=0.41%
2026-07-14 14:00:38 INFO     strategy        PnL: 14:00:38 MTM=2769.00 Profit=0.42%
2026-07-14 14:00:39 INFO     strategy        PnL: 14:00:39 MTM=2759.25 Profit=0.42%
2026-07-14 14:00:40 INFO     strategy        PnL: 14:00:40 MTM=2730.00 Profit=0.42%
2026-07-14 14:00:41 INFO     strategy        PnL: 14:00:41 MTM=2739.75 Profit=0.42%
2026-07-14 14:00:42 INFO     strategy        PnL: 14:00:42 MTM=2739.75 Profit=0.42%
2026-07-14 14:00:43 INFO     strategy        PnL: 14:00:43 MTM=2720.25 Profit=0.41%
2026-07-14 14:00:44 INFO     strategy        PnL: 14:00:44 MTM=2700.75 Profit=0.41%
2026-07-14 14:00:45 INFO     strategy        PnL: 14:00:45 MTM=2697.50 Profit=0.41%
2026-07-14 14:00:46 INFO     strategy        PnL: 14:00:46 MTM=2723.50 Profit=0.41%
2026-07-14 14:00:47 INFO     strategy        PnL: 14:00:47 MTM=2723.50 Profit=0.41%
2026-07-14 14:00:48 INFO     strategy        PnL: 14:00:48 MTM=2700.75 Profit=0.41%
2026-07-14 14:00:49 INFO     strategy        PnL: 14:00:49 MTM=2749.50 Profit=0.42%
2026-07-14 14:00:50 INFO     strategy        PnL: 14:00:50 MTM=2730.00 Profit=0.42%
2026-07-14 14:00:51 INFO     strategy        PnL: 14:00:51 MTM=2743.00 Profit=0.42%
2026-07-14 14:00:52 INFO     strategy        PnL: 14:00:52 MTM=2759.25 Profit=0.42%
2026-07-14 14:00:53 INFO     strategy        PnL: 14:00:53 MTM=2736.50 Profit=0.42%
2026-07-14 14:00:54 INFO     strategy        PnL: 14:00:54 MTM=2726.75 Profit=0.42%
2026-07-14 14:00:55 INFO     strategy        PnL: 14:00:55 MTM=2769.00 Profit=0.42%
2026-07-14 14:00:56 INFO     strategy        PnL: 14:00:56 MTM=2759.25 Profit=0.42%
2026-07-14 14:00:58 INFO     strategy        PnL: 14:00:58 MTM=2798.25 Profit=0.43%
2026-07-14 14:00:59 INFO     strategy        PnL: 14:00:59 MTM=2788.50 Profit=0.42%
2026-07-14 14:01:00 INFO     strategy        PnL: 14:01:00 MTM=2752.75 Profit=0.42%
2026-07-14 14:01:01 INFO     strategy        PnL: 14:01:01 MTM=2769.00 Profit=0.42%
2026-07-14 14:01:02 INFO     strategy        PnL: 14:01:02 MTM=2769.00 Profit=0.42%
2026-07-14 14:01:03 INFO     strategy        PnL: 14:01:03 MTM=2759.25 Profit=0.42%
2026-07-14 14:01:04 INFO     strategy        PnL: 14:01:04 MTM=2765.75 Profit=0.42%
2026-07-14 14:01:05 INFO     strategy        PnL: 14:01:05 MTM=2762.50 Profit=0.42%
2026-07-14 14:01:06 INFO     strategy        PnL: 14:01:06 MTM=2743.00 Profit=0.42%
2026-07-14 14:01:07 INFO     strategy        PnL: 14:01:07 MTM=2736.50 Profit=0.42%
2026-07-14 14:01:08 INFO     strategy        PnL: 14:01:08 MTM=2739.75 Profit=0.42%
2026-07-14 14:01:09 INFO     strategy        PnL: 14:01:09 MTM=2752.75 Profit=0.42%
2026-07-14 14:01:10 INFO     strategy        PnL: 14:01:10 MTM=2756.00 Profit=0.42%
2026-07-14 14:01:11 INFO     strategy        PnL: 14:01:11 MTM=2730.00 Profit=0.42%
2026-07-14 14:01:12 INFO     strategy        PnL: 14:01:12 MTM=2798.25 Profit=0.43%
2026-07-14 14:01:13 INFO     strategy        PnL: 14:01:13 MTM=2752.75 Profit=0.42%
2026-07-14 14:01:14 INFO     strategy        PnL: 14:01:14 MTM=2788.50 Profit=0.42%
2026-07-14 14:01:15 INFO     strategy        PnL: 14:01:15 MTM=2791.75 Profit=0.43%
2026-07-14 14:01:16 INFO     strategy        PnL: 14:01:16 MTM=2808.00 Profit=0.43%
2026-07-14 14:01:17 INFO     strategy        PnL: 14:01:17 MTM=2801.50 Profit=0.43%
2026-07-14 14:01:18 INFO     strategy        PnL: 14:01:18 MTM=2785.25 Profit=0.42%
2026-07-14 14:01:19 INFO     strategy        PnL: 14:01:19 MTM=2804.75 Profit=0.43%
2026-07-14 14:01:20 INFO     strategy        PnL: 14:01:20 MTM=2827.50 Profit=0.43%
2026-07-14 14:01:21 INFO     strategy        PnL: 14:01:21 MTM=2814.50 Profit=0.43%
2026-07-14 14:01:22 INFO     strategy        PnL: 14:01:22 MTM=2824.25 Profit=0.43%
2026-07-14 14:01:23 INFO     strategy        PnL: 14:01:23 MTM=2830.75 Profit=0.43%
2026-07-14 14:01:24 INFO     strategy        PnL: 14:01:24 MTM=2798.25 Profit=0.43%
2026-07-14 14:01:25 INFO     strategy        PnL: 14:01:25 MTM=2824.25 Profit=0.43%
2026-07-14 14:01:26 INFO     strategy        PnL: 14:01:26 MTM=2785.25 Profit=0.42%
2026-07-14 14:01:27 INFO     strategy        PnL: 14:01:27 MTM=2798.25 Profit=0.43%
2026-07-14 14:01:28 INFO     strategy        PnL: 14:01:28 MTM=2749.50 Profit=0.42%
2026-07-14 14:01:29 INFO     strategy        PnL: 14:01:29 MTM=2765.75 Profit=0.42%
2026-07-14 14:01:30 INFO     strategy        PnL: 14:01:30 MTM=2759.25 Profit=0.42%
2026-07-14 14:01:31 INFO     strategy        PnL: 14:01:31 MTM=2769.00 Profit=0.42%
2026-07-14 14:01:32 INFO     strategy        PnL: 14:01:32 MTM=2808.00 Profit=0.43%
2026-07-14 14:01:33 INFO     strategy        PnL: 14:01:33 MTM=2824.25 Profit=0.43%
2026-07-14 14:01:34 INFO     strategy        PnL: 14:01:34 MTM=2808.00 Profit=0.43%
2026-07-14 14:01:35 INFO     strategy        PnL: 14:01:35 MTM=2817.75 Profit=0.43%
2026-07-14 14:01:36 INFO     strategy        PnL: 14:01:36 MTM=2798.25 Profit=0.43%
2026-07-14 14:01:37 INFO     strategy        PnL: 14:01:37 MTM=2827.50 Profit=0.43%
2026-07-14 14:01:38 INFO     strategy        PnL: 14:01:38 MTM=2778.75 Profit=0.42%
2026-07-14 14:01:39 INFO     strategy        PnL: 14:01:39 MTM=2788.50 Profit=0.42%
2026-07-14 14:01:40 INFO     strategy        PnL: 14:01:40 MTM=2769.00 Profit=0.42%
2026-07-14 14:01:41 INFO     strategy        PnL: 14:01:41 MTM=2782.00 Profit=0.42%
2026-07-14 14:01:42 INFO     strategy        PnL: 14:01:42 MTM=2798.25 Profit=0.43%
2026-07-14 14:01:43 INFO     strategy        PnL: 14:01:43 MTM=2821.00 Profit=0.43%
2026-07-14 14:01:44 INFO     strategy        PnL: 14:01:44 MTM=2817.75 Profit=0.43%
2026-07-14 14:01:45 INFO     strategy        PnL: 14:01:45 MTM=2801.50 Profit=0.43%
2026-07-14 14:01:46 INFO     strategy        PnL: 14:01:46 MTM=2860.00 Profit=0.44%
2026-07-14 14:01:47 INFO     strategy        PnL: 14:01:47 MTM=2843.75 Profit=0.43%
2026-07-14 14:01:48 INFO     strategy        PnL: 14:01:48 MTM=2804.75 Profit=0.43%
2026-07-14 14:01:49 INFO     strategy        PnL: 14:01:49 MTM=2821.00 Profit=0.43%
2026-07-14 14:01:50 INFO     strategy        PnL: 14:01:50 MTM=2847.00 Profit=0.43%
2026-07-14 14:01:51 INFO     strategy        PnL: 14:01:51 MTM=2795.00 Profit=0.43%
2026-07-14 14:01:52 INFO     strategy        PnL: 14:01:52 MTM=2834.00 Profit=0.43%
2026-07-14 14:01:53 INFO     strategy        PnL: 14:01:53 MTM=2827.50 Profit=0.43%
2026-07-14 14:01:54 INFO     strategy        PnL: 14:01:54 MTM=2804.75 Profit=0.43%
2026-07-14 14:01:55 INFO     strategy        PnL: 14:01:55 MTM=2834.00 Profit=0.43%
2026-07-14 14:01:56 INFO     strategy        PnL: 14:01:56 MTM=2817.75 Profit=0.43%
2026-07-14 14:01:57 INFO     strategy        PnL: 14:01:57 MTM=2824.25 Profit=0.43%
2026-07-14 14:01:58 INFO     strategy        PnL: 14:01:58 MTM=2873.00 Profit=0.44%
2026-07-14 14:01:59 INFO     strategy        PnL: 14:01:59 MTM=2853.50 Profit=0.43%
2026-07-14 14:02:00 INFO     strategy        PnL: 14:02:00 MTM=2853.50 Profit=0.43%
2026-07-14 14:02:01 INFO     strategy        PnL: 14:02:01 MTM=2834.00 Profit=0.43%
2026-07-14 14:02:02 INFO     strategy        PnL: 14:02:02 MTM=2843.75 Profit=0.43%
2026-07-14 14:02:03 INFO     strategy        PnL: 14:02:03 MTM=2850.25 Profit=0.43%
2026-07-14 14:02:04 INFO     strategy        PnL: 14:02:04 MTM=2853.50 Profit=0.43%
2026-07-14 14:02:05 INFO     strategy        PnL: 14:02:05 MTM=2795.00 Profit=0.43%
2026-07-14 14:02:06 INFO     strategy        PnL: 14:02:06 MTM=2811.25 Profit=0.43%
2026-07-14 14:02:07 INFO     strategy        PnL: 14:02:07 MTM=2834.00 Profit=0.43%
2026-07-14 14:02:08 INFO     strategy        PnL: 14:02:08 MTM=2847.00 Profit=0.43%
2026-07-14 14:02:09 INFO     strategy        PnL: 14:02:09 MTM=2837.25 Profit=0.43%
2026-07-14 14:02:10 INFO     strategy        PnL: 14:02:10 MTM=2866.50 Profit=0.44%
2026-07-14 14:02:11 INFO     strategy        PnL: 14:02:11 MTM=2804.75 Profit=0.43%
2026-07-14 14:02:12 INFO     strategy        PnL: 14:02:12 MTM=2869.75 Profit=0.44%
2026-07-14 14:02:13 INFO     strategy        PnL: 14:02:13 MTM=2860.00 Profit=0.44%
2026-07-14 14:02:14 INFO     strategy        PnL: 14:02:14 MTM=2869.75 Profit=0.44%
2026-07-14 14:02:15 INFO     strategy        PnL: 14:02:15 MTM=2889.25 Profit=0.44%
2026-07-14 14:02:16 INFO     strategy        PnL: 14:02:16 MTM=2847.00 Profit=0.43%
2026-07-14 14:02:17 INFO     strategy        PnL: 14:02:17 MTM=2873.00 Profit=0.44%
2026-07-14 14:02:18 INFO     strategy        PnL: 14:02:18 MTM=2876.25 Profit=0.44%
2026-07-14 14:02:19 INFO     strategy        PnL: 14:02:19 MTM=2866.50 Profit=0.44%
2026-07-14 14:02:20 INFO     strategy        PnL: 14:02:20 MTM=2850.25 Profit=0.43%
2026-07-14 14:02:21 INFO     strategy        PnL: 14:02:21 MTM=2843.75 Profit=0.43%
2026-07-14 14:02:22 INFO     strategy        PnL: 14:02:22 MTM=2866.50 Profit=0.44%
2026-07-14 14:02:23 INFO     strategy        PnL: 14:02:23 MTM=2886.00 Profit=0.44%
2026-07-14 14:02:24 INFO     strategy        PnL: 14:02:24 MTM=2850.25 Profit=0.43%
2026-07-14 14:02:25 INFO     strategy        PnL: 14:02:25 MTM=2824.25 Profit=0.43%
2026-07-14 14:02:27 INFO     strategy        PnL: 14:02:27 MTM=2869.75 Profit=0.44%
2026-07-14 14:02:28 INFO     strategy        PnL: 14:02:28 MTM=2847.00 Profit=0.43%
2026-07-14 14:02:29 INFO     strategy        PnL: 14:02:29 MTM=2876.25 Profit=0.44%
2026-07-14 14:02:30 INFO     strategy        PnL: 14:02:30 MTM=2853.50 Profit=0.43%
2026-07-14 14:02:31 INFO     strategy        PnL: 14:02:31 MTM=2837.25 Profit=0.43%
2026-07-14 14:02:32 INFO     strategy        PnL: 14:02:32 MTM=2850.25 Profit=0.43%
2026-07-14 14:02:33 INFO     strategy        PnL: 14:02:33 MTM=2882.75 Profit=0.44%
2026-07-14 14:02:34 INFO     strategy        PnL: 14:02:34 MTM=2869.75 Profit=0.44%
2026-07-14 14:02:35 INFO     strategy        PnL: 14:02:35 MTM=2869.75 Profit=0.44%
2026-07-14 14:02:36 INFO     strategy        PnL: 14:02:36 MTM=2856.75 Profit=0.44%
2026-07-14 14:02:37 INFO     strategy        PnL: 14:02:37 MTM=2873.00 Profit=0.44%
2026-07-14 14:02:38 INFO     strategy        PnL: 14:02:38 MTM=2840.50 Profit=0.43%
2026-07-14 14:02:39 INFO     strategy        PnL: 14:02:39 MTM=2860.00 Profit=0.44%
2026-07-14 14:02:40 INFO     strategy        PnL: 14:02:40 MTM=2795.00 Profit=0.43%
2026-07-14 14:02:41 INFO     strategy        PnL: 14:02:41 MTM=2840.50 Profit=0.43%
2026-07-14 14:02:42 INFO     strategy        PnL: 14:02:42 MTM=2811.25 Profit=0.43%
2026-07-14 14:02:43 INFO     strategy        PnL: 14:02:43 MTM=2847.00 Profit=0.43%
2026-07-14 14:02:44 INFO     strategy        PnL: 14:02:44 MTM=2778.75 Profit=0.42%
2026-07-14 14:02:45 INFO     strategy        PnL: 14:02:45 MTM=2886.00 Profit=0.44%
2026-07-14 14:02:46 INFO     strategy        PnL: 14:02:46 MTM=2824.25 Profit=0.43%
2026-07-14 14:02:47 INFO     strategy        PnL: 14:02:47 MTM=2782.00 Profit=0.42%
2026-07-14 14:02:48 INFO     strategy        PnL: 14:02:48 MTM=2850.25 Profit=0.43%
2026-07-14 14:02:49 INFO     strategy        PnL: 14:02:49 MTM=2788.50 Profit=0.42%
2026-07-14 14:02:50 INFO     strategy        PnL: 14:02:50 MTM=2827.50 Profit=0.43%
2026-07-14 14:02:51 INFO     strategy        PnL: 14:02:51 MTM=2856.75 Profit=0.44%
2026-07-14 14:02:52 INFO     strategy        PnL: 14:02:52 MTM=2905.50 Profit=0.44%
2026-07-14 14:02:53 INFO     strategy        PnL: 14:02:53 MTM=2853.50 Profit=0.43%
2026-07-14 14:02:54 INFO     strategy        PnL: 14:02:54 MTM=2944.50 Profit=0.45%
2026-07-14 14:02:55 INFO     strategy        PnL: 14:02:55 MTM=2873.00 Profit=0.44%
2026-07-14 14:02:56 INFO     strategy        PnL: 14:02:56 MTM=2892.50 Profit=0.44%
2026-07-14 14:02:57 INFO     strategy        PnL: 14:02:57 MTM=2993.25 Profit=0.46%
2026-07-14 14:02:58 INFO     strategy        PnL: 14:02:58 MTM=2860.00 Profit=0.44%
2026-07-14 14:02:59 INFO     strategy        PnL: 14:02:59 MTM=2860.00 Profit=0.44%
2026-07-14 14:03:00 INFO     strategy        PnL: 14:03:00 MTM=2876.25 Profit=0.44%
2026-07-14 14:03:01 INFO     strategy        PnL: 14:03:01 MTM=2850.25 Profit=0.43%
2026-07-14 14:03:02 INFO     strategy        PnL: 14:03:02 MTM=2856.75 Profit=0.44%
2026-07-14 14:03:03 INFO     strategy        PnL: 14:03:03 MTM=2866.50 Profit=0.44%
2026-07-14 14:03:04 INFO     strategy        PnL: 14:03:04 MTM=2873.00 Profit=0.44%
2026-07-14 14:03:05 INFO     strategy        PnL: 14:03:05 MTM=2850.25 Profit=0.43%
2026-07-14 14:03:06 INFO     strategy        PnL: 14:03:06 MTM=2866.50 Profit=0.44%
2026-07-14 14:03:07 INFO     strategy        PnL: 14:03:07 MTM=2876.25 Profit=0.44%
2026-07-14 14:03:08 INFO     strategy        PnL: 14:03:08 MTM=2860.00 Profit=0.44%
2026-07-14 14:03:09 INFO     strategy        PnL: 14:03:09 MTM=2889.25 Profit=0.44%
2026-07-14 14:03:10 INFO     strategy        PnL: 14:03:10 MTM=2837.25 Profit=0.43%
2026-07-14 14:03:11 INFO     strategy        PnL: 14:03:11 MTM=2840.50 Profit=0.43%
2026-07-14 14:03:12 INFO     strategy        PnL: 14:03:12 MTM=2886.00 Profit=0.44%
2026-07-14 14:03:13 INFO     strategy        PnL: 14:03:13 MTM=2886.00 Profit=0.44%
2026-07-14 14:03:14 INFO     strategy        PnL: 14:03:14 MTM=2873.00 Profit=0.44%
2026-07-14 14:03:15 INFO     strategy        PnL: 14:03:15 MTM=2843.75 Profit=0.43%
2026-07-14 14:03:16 INFO     strategy        PnL: 14:03:16 MTM=2840.50 Profit=0.43%
2026-07-14 14:03:17 INFO     strategy        PnL: 14:03:17 MTM=2801.50 Profit=0.43%
2026-07-14 14:03:18 INFO     strategy        PnL: 14:03:18 MTM=2843.75 Profit=0.43%
2026-07-14 14:03:19 INFO     strategy        PnL: 14:03:19 MTM=2850.25 Profit=0.43%
2026-07-14 14:03:20 INFO     strategy        PnL: 14:03:20 MTM=2804.75 Profit=0.43%
2026-07-14 14:03:21 INFO     strategy        PnL: 14:03:21 MTM=2847.00 Profit=0.43%
2026-07-14 14:03:22 INFO     strategy        PnL: 14:03:22 MTM=2821.00 Profit=0.43%
2026-07-14 14:03:23 INFO     strategy        PnL: 14:03:23 MTM=2830.75 Profit=0.43%
2026-07-14 14:03:24 INFO     strategy        PnL: 14:03:24 MTM=2814.50 Profit=0.43%
2026-07-14 14:03:25 INFO     strategy        PnL: 14:03:25 MTM=2817.75 Profit=0.43%
2026-07-14 14:03:26 INFO     strategy        PnL: 14:03:26 MTM=2788.50 Profit=0.42%
2026-07-14 14:03:27 INFO     strategy        PnL: 14:03:27 MTM=2804.75 Profit=0.43%
2026-07-14 14:03:28 INFO     strategy        PnL: 14:03:28 MTM=2808.00 Profit=0.43%
2026-07-14 14:03:29 INFO     strategy        PnL: 14:03:29 MTM=2759.25 Profit=0.42%
2026-07-14 14:03:30 INFO     strategy        PnL: 14:03:30 MTM=2834.00 Profit=0.43%
2026-07-14 14:03:31 INFO     strategy        PnL: 14:03:31 MTM=2834.00 Profit=0.43%
2026-07-14 14:03:32 INFO     strategy        PnL: 14:03:32 MTM=2811.25 Profit=0.43%
2026-07-14 14:03:33 INFO     strategy        PnL: 14:03:33 MTM=2788.50 Profit=0.42%
2026-07-14 14:03:34 INFO     strategy        PnL: 14:03:34 MTM=2765.75 Profit=0.42%
2026-07-14 14:03:35 INFO     strategy        PnL: 14:03:35 MTM=2795.00 Profit=0.43%
2026-07-14 14:03:36 INFO     strategy        PnL: 14:03:36 MTM=2795.00 Profit=0.43%
2026-07-14 14:03:37 INFO     strategy        PnL: 14:03:37 MTM=2817.75 Profit=0.43%
2026-07-14 14:03:38 INFO     strategy        PnL: 14:03:38 MTM=2778.75 Profit=0.42%
2026-07-14 14:03:39 INFO     strategy        PnL: 14:03:39 MTM=2830.75 Profit=0.43%
2026-07-14 14:03:40 INFO     strategy        PnL: 14:03:40 MTM=2785.25 Profit=0.42%
2026-07-14 14:03:41 INFO     strategy        PnL: 14:03:41 MTM=2791.75 Profit=0.43%
2026-07-14 14:03:42 INFO     strategy        PnL: 14:03:42 MTM=2798.25 Profit=0.43%
2026-07-14 14:03:44 INFO     strategy        PnL: 14:03:44 MTM=2808.00 Profit=0.43%
2026-07-14 14:03:45 INFO     strategy        PnL: 14:03:45 MTM=2778.75 Profit=0.42%
2026-07-14 14:03:46 INFO     strategy        PnL: 14:03:46 MTM=2843.75 Profit=0.43%
2026-07-14 14:03:47 INFO     strategy        PnL: 14:03:47 MTM=2808.00 Profit=0.43%
2026-07-14 14:03:48 INFO     strategy        PnL: 14:03:48 MTM=2788.50 Profit=0.42%
2026-07-14 14:03:49 INFO     strategy        PnL: 14:03:49 MTM=2782.00 Profit=0.42%
2026-07-14 14:03:50 INFO     strategy        PnL: 14:03:50 MTM=2782.00 Profit=0.42%
2026-07-14 14:03:51 INFO     strategy        PnL: 14:03:51 MTM=2782.00 Profit=0.42%
2026-07-14 14:03:52 INFO     strategy        PnL: 14:03:52 MTM=2804.75 Profit=0.43%
2026-07-14 14:03:53 INFO     strategy        PnL: 14:03:53 MTM=2785.25 Profit=0.42%
2026-07-14 14:03:54 INFO     strategy        PnL: 14:03:54 MTM=2759.25 Profit=0.42%
2026-07-14 14:03:55 INFO     strategy        PnL: 14:03:55 MTM=2795.00 Profit=0.43%
2026-07-14 14:03:56 INFO     strategy        PnL: 14:03:56 MTM=2756.00 Profit=0.42%
2026-07-14 14:03:57 INFO     strategy        PnL: 14:03:57 MTM=2788.50 Profit=0.42%
2026-07-14 14:03:58 INFO     strategy        PnL: 14:03:58 MTM=2775.50 Profit=0.42%
2026-07-14 14:03:59 INFO     strategy        PnL: 14:03:59 MTM=2791.75 Profit=0.43%
2026-07-14 14:04:00 INFO     strategy        PnL: 14:04:00 MTM=2765.75 Profit=0.42%
2026-07-14 14:04:01 INFO     strategy        PnL: 14:04:01 MTM=2704.00 Profit=0.41%
2026-07-14 14:04:02 INFO     strategy        PnL: 14:04:02 MTM=2746.25 Profit=0.42%
2026-07-14 14:04:03 INFO     strategy        PnL: 14:04:03 MTM=2704.00 Profit=0.41%
2026-07-14 14:04:04 INFO     strategy        PnL: 14:04:04 MTM=2726.75 Profit=0.42%
2026-07-14 14:04:05 INFO     strategy        PnL: 14:04:05 MTM=2730.00 Profit=0.42%
2026-07-14 14:04:06 INFO     strategy        PnL: 14:04:06 MTM=2726.75 Profit=0.42%
2026-07-14 14:04:07 INFO     strategy        PnL: 14:04:07 MTM=2749.50 Profit=0.42%
2026-07-14 14:04:08 INFO     strategy        PnL: 14:04:08 MTM=2743.00 Profit=0.42%
2026-07-14 14:04:09 INFO     strategy        PnL: 14:04:09 MTM=2704.00 Profit=0.41%
2026-07-14 14:04:10 INFO     strategy        PnL: 14:04:10 MTM=2739.75 Profit=0.42%
2026-07-14 14:04:11 INFO     strategy        PnL: 14:04:11 MTM=2733.25 Profit=0.42%
2026-07-14 14:04:12 INFO     strategy        PnL: 14:04:12 MTM=2668.25 Profit=0.41%
2026-07-14 14:04:13 INFO     strategy        PnL: 14:04:13 MTM=2749.50 Profit=0.42%
2026-07-14 14:04:14 INFO     strategy        PnL: 14:04:14 MTM=2746.25 Profit=0.42%
2026-07-14 14:04:15 INFO     strategy        PnL: 14:04:15 MTM=2762.50 Profit=0.42%
2026-07-14 14:04:16 INFO     strategy        PnL: 14:04:16 MTM=2749.50 Profit=0.42%
2026-07-14 14:04:17 INFO     strategy        PnL: 14:04:17 MTM=2769.00 Profit=0.42%
2026-07-14 14:04:18 INFO     strategy        PnL: 14:04:18 MTM=2772.25 Profit=0.42%
2026-07-14 14:04:19 INFO     strategy        PnL: 14:04:19 MTM=2762.50 Profit=0.42%
2026-07-14 14:04:20 INFO     strategy        PnL: 14:04:20 MTM=2778.75 Profit=0.42%
2026-07-14 14:04:21 INFO     strategy        PnL: 14:04:21 MTM=2775.50 Profit=0.42%
2026-07-14 14:04:22 INFO     strategy        PnL: 14:04:22 MTM=2726.75 Profit=0.42%
2026-07-14 14:04:23 INFO     strategy        PnL: 14:04:23 MTM=2772.25 Profit=0.42%
2026-07-14 14:04:24 INFO     strategy        PnL: 14:04:24 MTM=2808.00 Profit=0.43%
2026-07-14 14:04:25 INFO     strategy        PnL: 14:04:25 MTM=2765.75 Profit=0.42%
2026-07-14 14:04:26 INFO     strategy        PnL: 14:04:26 MTM=2791.75 Profit=0.43%
2026-07-14 14:04:27 INFO     strategy        PnL: 14:04:27 MTM=2811.25 Profit=0.43%
2026-07-14 14:04:28 INFO     strategy        PnL: 14:04:28 MTM=2775.50 Profit=0.42%
2026-07-14 14:04:29 INFO     strategy        PnL: 14:04:29 MTM=2791.75 Profit=0.43%
2026-07-14 14:04:30 INFO     strategy        PnL: 14:04:30 MTM=2808.00 Profit=0.43%
2026-07-14 14:04:31 INFO     strategy        PnL: 14:04:31 MTM=2775.50 Profit=0.42%
2026-07-14 14:04:32 INFO     strategy        PnL: 14:04:32 MTM=2876.25 Profit=0.44%
2026-07-14 14:04:33 INFO     strategy        PnL: 14:04:33 MTM=2821.00 Profit=0.43%
2026-07-14 14:04:34 INFO     strategy        PnL: 14:04:34 MTM=2814.50 Profit=0.43%
2026-07-14 14:04:35 INFO     strategy        PnL: 14:04:35 MTM=2804.75 Profit=0.43%
2026-07-14 14:04:36 INFO     strategy        PnL: 14:04:36 MTM=2827.50 Profit=0.43%
2026-07-14 14:04:37 INFO     strategy        PnL: 14:04:37 MTM=2879.50 Profit=0.44%
2026-07-14 14:04:38 INFO     strategy        PnL: 14:04:38 MTM=2830.75 Profit=0.43%
2026-07-14 14:04:39 INFO     strategy        PnL: 14:04:39 MTM=2837.25 Profit=0.43%
2026-07-14 14:04:40 INFO     strategy        PnL: 14:04:40 MTM=2814.50 Profit=0.43%
2026-07-14 14:04:41 INFO     strategy        PnL: 14:04:41 MTM=2778.75 Profit=0.42%
2026-07-14 14:04:42 INFO     strategy        PnL: 14:04:42 MTM=2775.50 Profit=0.42%
2026-07-14 14:04:43 INFO     strategy        PnL: 14:04:43 MTM=2762.50 Profit=0.42%
2026-07-14 14:04:44 INFO     strategy        PnL: 14:04:44 MTM=2795.00 Profit=0.43%
2026-07-14 14:04:45 INFO     strategy        PnL: 14:04:45 MTM=2762.50 Profit=0.42%
2026-07-14 14:04:46 INFO     strategy        PnL: 14:04:46 MTM=2811.25 Profit=0.43%
2026-07-14 14:04:47 INFO     strategy        PnL: 14:04:47 MTM=2743.00 Profit=0.42%
2026-07-14 14:04:48 INFO     strategy        PnL: 14:04:48 MTM=2736.50 Profit=0.42%
2026-07-14 14:04:49 INFO     strategy        PnL: 14:04:49 MTM=2752.75 Profit=0.42%
2026-07-14 14:04:50 INFO     strategy        PnL: 14:04:50 MTM=2726.75 Profit=0.42%
2026-07-14 14:04:51 INFO     strategy        PnL: 14:04:51 MTM=2743.00 Profit=0.42%
2026-07-14 14:04:52 INFO     strategy        PnL: 14:04:52 MTM=2759.25 Profit=0.42%
2026-07-14 14:04:53 INFO     strategy        PnL: 14:04:53 MTM=2765.75 Profit=0.42%
2026-07-14 14:04:54 INFO     strategy        PnL: 14:04:54 MTM=2759.25 Profit=0.42%
2026-07-14 14:04:55 INFO     strategy        PnL: 14:04:55 MTM=2778.75 Profit=0.42%
2026-07-14 14:04:56 INFO     strategy        PnL: 14:04:56 MTM=2808.00 Profit=0.43%
2026-07-14 14:04:57 INFO     strategy        PnL: 14:04:57 MTM=2769.00 Profit=0.42%
2026-07-14 14:04:58 INFO     strategy        PnL: 14:04:58 MTM=2795.00 Profit=0.43%
2026-07-14 14:04:59 INFO     strategy        PnL: 14:04:59 MTM=2752.75 Profit=0.42%
2026-07-14 14:05:00 INFO     strategy        PnL: 14:05:00 MTM=2791.75 Profit=0.43%
2026-07-14 14:05:01 INFO     strategy        PnL: 14:05:01 MTM=2782.00 Profit=0.42%
2026-07-14 14:05:02 INFO     strategy        PnL: 14:05:02 MTM=2775.50 Profit=0.42%
2026-07-14 14:05:03 INFO     strategy        PnL: 14:05:03 MTM=2817.75 Profit=0.43%
2026-07-14 14:05:04 INFO     strategy        PnL: 14:05:04 MTM=2808.00 Profit=0.43%
2026-07-14 14:05:05 INFO     strategy        PnL: 14:05:05 MTM=2814.50 Profit=0.43%
2026-07-14 14:05:06 INFO     strategy        PnL: 14:05:06 MTM=2834.00 Profit=0.43%
2026-07-14 14:05:07 INFO     strategy        PnL: 14:05:07 MTM=2827.50 Profit=0.43%
2026-07-14 14:05:08 INFO     strategy        PnL: 14:05:08 MTM=2873.00 Profit=0.44%
2026-07-14 14:05:09 INFO     strategy        PnL: 14:05:09 MTM=2843.75 Profit=0.43%
2026-07-14 14:05:10 INFO     strategy        PnL: 14:05:10 MTM=2814.50 Profit=0.43%
2026-07-14 14:05:11 INFO     strategy        PnL: 14:05:11 MTM=2824.25 Profit=0.43%
2026-07-14 14:05:12 INFO     strategy        PnL: 14:05:12 MTM=2778.75 Profit=0.42%
2026-07-14 14:05:13 INFO     strategy        PnL: 14:05:13 MTM=2847.00 Profit=0.43%
2026-07-14 14:05:14 INFO     strategy        PnL: 14:05:14 MTM=2843.75 Profit=0.43%
2026-07-14 14:05:15 INFO     strategy        PnL: 14:05:15 MTM=2830.75 Profit=0.43%
2026-07-14 14:05:16 INFO     strategy        PnL: 14:05:16 MTM=2817.75 Profit=0.43%
2026-07-14 14:05:17 INFO     strategy        PnL: 14:05:17 MTM=2840.50 Profit=0.43%
2026-07-14 14:05:18 INFO     strategy        PnL: 14:05:18 MTM=2853.50 Profit=0.43%
2026-07-14 14:05:19 INFO     strategy        PnL: 14:05:19 MTM=2850.25 Profit=0.43%
2026-07-14 14:05:20 INFO     strategy        PnL: 14:05:20 MTM=2843.75 Profit=0.43%
2026-07-14 14:05:21 INFO     strategy        PnL: 14:05:21 MTM=2853.50 Profit=0.43%
2026-07-14 14:05:22 INFO     strategy        PnL: 14:05:22 MTM=2853.50 Profit=0.43%
2026-07-14 14:05:23 INFO     strategy        PnL: 14:05:23 MTM=2866.50 Profit=0.44%
2026-07-14 14:05:25 INFO     strategy        PnL: 14:05:25 MTM=2856.75 Profit=0.44%
2026-07-14 14:05:26 INFO     strategy        PnL: 14:05:26 MTM=2928.25 Profit=0.45%
2026-07-14 14:05:27 INFO     strategy        PnL: 14:05:27 MTM=2869.75 Profit=0.44%
2026-07-14 14:05:28 INFO     strategy        PnL: 14:05:28 MTM=2895.75 Profit=0.44%
2026-07-14 14:05:29 INFO     strategy        PnL: 14:05:29 MTM=2873.00 Profit=0.44%
2026-07-14 14:05:30 INFO     strategy        PnL: 14:05:30 MTM=2876.25 Profit=0.44%
2026-07-14 14:05:31 INFO     strategy        PnL: 14:05:31 MTM=2905.50 Profit=0.44%
2026-07-14 14:05:32 INFO     strategy        PnL: 14:05:32 MTM=2882.75 Profit=0.44%
2026-07-14 14:05:33 INFO     strategy        PnL: 14:05:33 MTM=2853.50 Profit=0.43%
2026-07-14 14:05:34 INFO     strategy        PnL: 14:05:34 MTM=2834.00 Profit=0.43%
2026-07-14 14:05:35 INFO     strategy        PnL: 14:05:35 MTM=2876.25 Profit=0.44%
2026-07-14 14:05:36 INFO     strategy        PnL: 14:05:36 MTM=2886.00 Profit=0.44%
2026-07-14 14:05:37 INFO     strategy        PnL: 14:05:37 MTM=2879.50 Profit=0.44%
2026-07-14 14:05:38 INFO     strategy        PnL: 14:05:38 MTM=2866.50 Profit=0.44%
2026-07-14 14:05:39 INFO     strategy        PnL: 14:05:39 MTM=2876.25 Profit=0.44%
2026-07-14 14:05:40 INFO     strategy        PnL: 14:05:40 MTM=2886.00 Profit=0.44%
2026-07-14 14:05:41 INFO     strategy        PnL: 14:05:41 MTM=2902.25 Profit=0.44%
2026-07-14 14:05:42 INFO     strategy        PnL: 14:05:42 MTM=2856.75 Profit=0.44%
2026-07-14 14:05:43 INFO     strategy        PnL: 14:05:43 MTM=2892.50 Profit=0.44%
2026-07-14 14:05:44 INFO     strategy        PnL: 14:05:44 MTM=2895.75 Profit=0.44%
2026-07-14 14:05:45 INFO     strategy        PnL: 14:05:45 MTM=2983.50 Profit=0.45%
2026-07-14 14:05:46 INFO     strategy        PnL: 14:05:46 MTM=2921.75 Profit=0.45%
2026-07-14 14:05:47 INFO     strategy        PnL: 14:05:47 MTM=2925.00 Profit=0.45%
2026-07-14 14:05:48 INFO     strategy        PnL: 14:05:48 MTM=2869.75 Profit=0.44%
2026-07-14 14:05:49 INFO     strategy        PnL: 14:05:49 MTM=2873.00 Profit=0.44%
2026-07-14 14:05:50 INFO     strategy        PnL: 14:05:50 MTM=2814.50 Profit=0.43%
2026-07-14 14:05:51 INFO     strategy        PnL: 14:05:51 MTM=2847.00 Profit=0.43%
2026-07-14 14:05:52 INFO     strategy        PnL: 14:05:52 MTM=2863.25 Profit=0.44%
2026-07-14 14:05:53 INFO     strategy        PnL: 14:05:53 MTM=2866.50 Profit=0.44%
2026-07-14 14:05:54 INFO     strategy        PnL: 14:05:54 MTM=2827.50 Profit=0.43%
2026-07-14 14:05:55 INFO     strategy        PnL: 14:05:55 MTM=2830.75 Profit=0.43%
2026-07-14 14:05:56 INFO     strategy        PnL: 14:05:56 MTM=2863.25 Profit=0.44%
2026-07-14 14:05:57 INFO     strategy        PnL: 14:05:57 MTM=2840.50 Profit=0.43%
2026-07-14 14:05:58 INFO     strategy        PnL: 14:05:58 MTM=2830.75 Profit=0.43%
2026-07-14 14:05:59 INFO     strategy        PnL: 14:05:59 MTM=2821.00 Profit=0.43%
2026-07-14 14:06:00 INFO     strategy        PnL: 14:06:00 MTM=2824.25 Profit=0.43%
2026-07-14 14:06:01 INFO     strategy        PnL: 14:06:01 MTM=2798.25 Profit=0.43%
2026-07-14 14:06:02 INFO     strategy        PnL: 14:06:02 MTM=2824.25 Profit=0.43%
2026-07-14 14:06:03 INFO     strategy        PnL: 14:06:03 MTM=2834.00 Profit=0.43%
2026-07-14 14:06:04 INFO     strategy        PnL: 14:06:04 MTM=2850.25 Profit=0.43%
2026-07-14 14:06:05 INFO     strategy        PnL: 14:06:05 MTM=2827.50 Profit=0.43%
2026-07-14 14:06:06 INFO     strategy        PnL: 14:06:06 MTM=2853.50 Profit=0.43%
2026-07-14 14:06:07 INFO     strategy        PnL: 14:06:07 MTM=2856.75 Profit=0.44%
2026-07-14 14:06:08 INFO     strategy        PnL: 14:06:08 MTM=2847.00 Profit=0.43%
2026-07-14 14:06:09 INFO     strategy        PnL: 14:06:09 MTM=2843.75 Profit=0.43%
2026-07-14 14:06:10 INFO     strategy        PnL: 14:06:10 MTM=2847.00 Profit=0.43%
2026-07-14 14:06:11 INFO     strategy        PnL: 14:06:11 MTM=2850.25 Profit=0.43%
2026-07-14 14:06:12 INFO     strategy        PnL: 14:06:12 MTM=2866.50 Profit=0.44%
2026-07-14 14:06:13 INFO     strategy        PnL: 14:06:13 MTM=2834.00 Profit=0.43%
2026-07-14 14:06:14 INFO     strategy        PnL: 14:06:14 MTM=2837.25 Profit=0.43%
2026-07-14 14:06:15 INFO     strategy        PnL: 14:06:15 MTM=2853.50 Profit=0.43%
2026-07-14 14:06:16 INFO     strategy        PnL: 14:06:16 MTM=2866.50 Profit=0.44%
2026-07-14 14:06:17 INFO     strategy        PnL: 14:06:17 MTM=2834.00 Profit=0.43%
2026-07-14 14:06:18 INFO     strategy        PnL: 14:06:18 MTM=2850.25 Profit=0.43%
2026-07-14 14:06:19 INFO     strategy        PnL: 14:06:19 MTM=2804.75 Profit=0.43%
2026-07-14 14:06:20 INFO     strategy        PnL: 14:06:20 MTM=2788.50 Profit=0.42%
2026-07-14 14:06:21 INFO     strategy        PnL: 14:06:21 MTM=2775.50 Profit=0.42%
2026-07-14 14:06:22 INFO     strategy        PnL: 14:06:22 MTM=2795.00 Profit=0.43%
2026-07-14 14:06:23 INFO     strategy        PnL: 14:06:23 MTM=2817.75 Profit=0.43%
2026-07-14 14:06:24 INFO     strategy        PnL: 14:06:24 MTM=2746.25 Profit=0.42%
2026-07-14 14:06:25 INFO     strategy        PnL: 14:06:25 MTM=2837.25 Profit=0.43%
2026-07-14 14:06:26 INFO     strategy        PnL: 14:06:26 MTM=2785.25 Profit=0.42%
2026-07-14 14:06:27 INFO     strategy        PnL: 14:06:27 MTM=2775.50 Profit=0.42%
2026-07-14 14:06:28 INFO     strategy        PnL: 14:06:28 MTM=2817.75 Profit=0.43%
2026-07-14 14:06:29 INFO     strategy        PnL: 14:06:29 MTM=2791.75 Profit=0.43%
2026-07-14 14:06:30 INFO     strategy        PnL: 14:06:30 MTM=2801.50 Profit=0.43%
2026-07-14 14:06:31 INFO     strategy        PnL: 14:06:31 MTM=2785.25 Profit=0.42%
2026-07-14 14:06:32 INFO     strategy        PnL: 14:06:32 MTM=2821.00 Profit=0.43%
2026-07-14 14:06:33 INFO     strategy        PnL: 14:06:33 MTM=2752.75 Profit=0.42%
2026-07-14 14:06:34 INFO     strategy        PnL: 14:06:34 MTM=2769.00 Profit=0.42%
2026-07-14 14:06:35 INFO     strategy        PnL: 14:06:35 MTM=2821.00 Profit=0.43%
2026-07-14 14:06:36 INFO     strategy        PnL: 14:06:36 MTM=2798.25 Profit=0.43%
2026-07-14 14:06:37 INFO     strategy        PnL: 14:06:37 MTM=2824.25 Profit=0.43%
2026-07-14 14:06:38 INFO     strategy        PnL: 14:06:38 MTM=2778.75 Profit=0.42%
2026-07-14 14:06:39 INFO     strategy        PnL: 14:06:39 MTM=2837.25 Profit=0.43%
2026-07-14 14:06:40 INFO     strategy        PnL: 14:06:40 MTM=2830.75 Profit=0.43%
2026-07-14 14:06:41 INFO     strategy        PnL: 14:06:41 MTM=2795.00 Profit=0.43%
2026-07-14 14:06:42 INFO     strategy        PnL: 14:06:42 MTM=2814.50 Profit=0.43%
2026-07-14 14:06:43 INFO     strategy        PnL: 14:06:43 MTM=2827.50 Profit=0.43%
2026-07-14 14:06:44 INFO     strategy        PnL: 14:06:44 MTM=2856.75 Profit=0.44%
2026-07-14 14:06:45 INFO     strategy        PnL: 14:06:45 MTM=2860.00 Profit=0.44%
2026-07-14 14:06:46 INFO     strategy        PnL: 14:06:46 MTM=2850.25 Profit=0.43%
2026-07-14 14:06:47 INFO     strategy        PnL: 14:06:47 MTM=2850.25 Profit=0.43%
2026-07-14 14:06:48 INFO     strategy        PnL: 14:06:48 MTM=2853.50 Profit=0.43%
2026-07-14 14:06:49 INFO     strategy        PnL: 14:06:49 MTM=2817.75 Profit=0.43%
2026-07-14 14:06:50 INFO     strategy        PnL: 14:06:50 MTM=2843.75 Profit=0.43%
2026-07-14 14:06:51 INFO     strategy        PnL: 14:06:51 MTM=2821.00 Profit=0.43%
2026-07-14 14:06:52 INFO     strategy        PnL: 14:06:52 MTM=2850.25 Profit=0.43%
2026-07-14 14:06:54 INFO     strategy        PnL: 14:06:54 MTM=2817.75 Profit=0.43%
2026-07-14 14:06:55 INFO     strategy        PnL: 14:06:55 MTM=2814.50 Profit=0.43%
2026-07-14 14:06:56 INFO     strategy        PnL: 14:06:56 MTM=2847.00 Profit=0.43%
2026-07-14 14:06:57 INFO     strategy        PnL: 14:06:57 MTM=2808.00 Profit=0.43%
2026-07-14 14:06:58 INFO     strategy        PnL: 14:06:58 MTM=2798.25 Profit=0.43%
2026-07-14 14:06:59 INFO     strategy        PnL: 14:06:59 MTM=2801.50 Profit=0.43%
2026-07-14 14:07:00 INFO     strategy        PnL: 14:07:00 MTM=2795.00 Profit=0.43%
2026-07-14 14:07:01 INFO     strategy        PnL: 14:07:01 MTM=2804.75 Profit=0.43%
2026-07-14 14:07:02 INFO     strategy        PnL: 14:07:02 MTM=2814.50 Profit=0.43%
2026-07-14 14:07:03 INFO     strategy        PnL: 14:07:03 MTM=2817.75 Profit=0.43%
2026-07-14 14:07:04 INFO     strategy        PnL: 14:07:04 MTM=2830.75 Profit=0.43%
2026-07-14 14:07:05 INFO     strategy        PnL: 14:07:05 MTM=2804.75 Profit=0.43%
2026-07-14 14:07:06 INFO     strategy        PnL: 14:07:06 MTM=2788.50 Profit=0.42%
2026-07-14 14:07:07 INFO     strategy        PnL: 14:07:07 MTM=2804.75 Profit=0.43%
2026-07-14 14:07:08 INFO     strategy        PnL: 14:07:08 MTM=2811.25 Profit=0.43%
2026-07-14 14:07:09 INFO     strategy        PnL: 14:07:09 MTM=2817.75 Profit=0.43%
2026-07-14 14:07:10 INFO     strategy        PnL: 14:07:10 MTM=2765.75 Profit=0.42%
2026-07-14 14:07:11 INFO     strategy        PnL: 14:07:11 MTM=2791.75 Profit=0.43%
2026-07-14 14:07:12 INFO     strategy        PnL: 14:07:12 MTM=2814.50 Profit=0.43%
2026-07-14 14:07:13 INFO     strategy        PnL: 14:07:13 MTM=2827.50 Profit=0.43%
2026-07-14 14:07:14 INFO     strategy        PnL: 14:07:14 MTM=2830.75 Profit=0.43%
2026-07-14 14:07:15 INFO     strategy        PnL: 14:07:15 MTM=2837.25 Profit=0.43%
2026-07-14 14:07:16 INFO     strategy        PnL: 14:07:16 MTM=2808.00 Profit=0.43%
2026-07-14 14:07:17 INFO     strategy        PnL: 14:07:17 MTM=2847.00 Profit=0.43%
2026-07-14 14:07:18 INFO     strategy        PnL: 14:07:18 MTM=2804.75 Profit=0.43%
2026-07-14 14:07:19 INFO     strategy        PnL: 14:07:19 MTM=2811.25 Profit=0.43%
2026-07-14 14:07:20 INFO     strategy        PnL: 14:07:20 MTM=2830.75 Profit=0.43%
2026-07-14 14:07:21 INFO     strategy        PnL: 14:07:21 MTM=2808.00 Profit=0.43%
2026-07-14 14:07:22 INFO     strategy        PnL: 14:07:22 MTM=2791.75 Profit=0.43%
2026-07-14 14:07:23 INFO     strategy        PnL: 14:07:23 MTM=2827.50 Profit=0.43%
2026-07-14 14:07:24 INFO     strategy        PnL: 14:07:24 MTM=2834.00 Profit=0.43%
2026-07-14 14:07:25 INFO     strategy        PnL: 14:07:25 MTM=2824.25 Profit=0.43%
2026-07-14 14:07:26 INFO     strategy        PnL: 14:07:26 MTM=2863.25 Profit=0.44%
2026-07-14 14:07:27 INFO     strategy        PnL: 14:07:27 MTM=2827.50 Profit=0.43%
2026-07-14 14:07:28 INFO     strategy        PnL: 14:07:28 MTM=2850.25 Profit=0.43%
2026-07-14 14:07:29 INFO     strategy        PnL: 14:07:29 MTM=2840.50 Profit=0.43%
2026-07-14 14:07:30 INFO     strategy        PnL: 14:07:30 MTM=2824.25 Profit=0.43%
2026-07-14 14:07:31 INFO     strategy        PnL: 14:07:31 MTM=2843.75 Profit=0.43%
2026-07-14 14:07:32 INFO     strategy        PnL: 14:07:32 MTM=2827.50 Profit=0.43%
2026-07-14 14:07:33 INFO     strategy        PnL: 14:07:33 MTM=2902.25 Profit=0.44%
2026-07-14 14:07:34 INFO     strategy        PnL: 14:07:34 MTM=2814.50 Profit=0.43%
2026-07-14 14:07:35 INFO     strategy        PnL: 14:07:35 MTM=2830.75 Profit=0.43%
2026-07-14 14:07:36 INFO     strategy        PnL: 14:07:36 MTM=2873.00 Profit=0.44%
2026-07-14 14:07:37 INFO     strategy        PnL: 14:07:37 MTM=2827.50 Profit=0.43%
2026-07-14 14:07:38 INFO     strategy        PnL: 14:07:38 MTM=2860.00 Profit=0.44%
2026-07-14 14:07:39 INFO     strategy        PnL: 14:07:39 MTM=2856.75 Profit=0.44%
2026-07-14 14:07:40 INFO     strategy        PnL: 14:07:40 MTM=2876.25 Profit=0.44%
2026-07-14 14:07:41 INFO     strategy        PnL: 14:07:41 MTM=2869.75 Profit=0.44%
2026-07-14 14:07:42 INFO     strategy        PnL: 14:07:42 MTM=2860.00 Profit=0.44%
2026-07-14 14:07:43 INFO     strategy        PnL: 14:07:43 MTM=2882.75 Profit=0.44%
2026-07-14 14:07:44 INFO     strategy        PnL: 14:07:44 MTM=2889.25 Profit=0.44%
2026-07-14 14:07:45 INFO     strategy        PnL: 14:07:45 MTM=2850.25 Profit=0.43%
2026-07-14 14:07:46 INFO     strategy        PnL: 14:07:46 MTM=2856.75 Profit=0.44%
2026-07-14 14:07:47 INFO     strategy        PnL: 14:07:47 MTM=2895.75 Profit=0.44%
2026-07-14 14:07:48 INFO     strategy        PnL: 14:07:48 MTM=2889.25 Profit=0.44%
2026-07-14 14:07:49 INFO     strategy        PnL: 14:07:49 MTM=2834.00 Profit=0.43%
2026-07-14 14:07:50 INFO     strategy        PnL: 14:07:50 MTM=2905.50 Profit=0.44%
2026-07-14 14:07:51 INFO     strategy        PnL: 14:07:51 MTM=2912.00 Profit=0.44%
2026-07-14 14:07:52 INFO     strategy        PnL: 14:07:52 MTM=2905.50 Profit=0.44%
2026-07-14 14:07:53 INFO     strategy        PnL: 14:07:53 MTM=2908.75 Profit=0.44%
2026-07-14 14:07:54 INFO     strategy        PnL: 14:07:54 MTM=2912.00 Profit=0.44%
2026-07-14 14:07:55 INFO     strategy        PnL: 14:07:55 MTM=2915.25 Profit=0.44%
2026-07-14 14:07:56 INFO     strategy        PnL: 14:07:56 MTM=2889.25 Profit=0.44%
2026-07-14 14:07:57 INFO     strategy        PnL: 14:07:57 MTM=2876.25 Profit=0.44%
2026-07-14 14:07:58 INFO     strategy        PnL: 14:07:58 MTM=2915.25 Profit=0.44%
2026-07-14 14:07:59 INFO     strategy        PnL: 14:07:59 MTM=2899.00 Profit=0.44%
2026-07-14 14:08:00 INFO     strategy        PnL: 14:08:00 MTM=2892.50 Profit=0.44%
2026-07-14 14:08:01 INFO     strategy        PnL: 14:08:01 MTM=2921.75 Profit=0.45%
2026-07-14 14:08:02 INFO     strategy        PnL: 14:08:02 MTM=2928.25 Profit=0.45%
2026-07-14 14:08:03 INFO     strategy        PnL: 14:08:03 MTM=2918.50 Profit=0.44%
2026-07-14 14:08:04 INFO     strategy        PnL: 14:08:04 MTM=2925.00 Profit=0.45%
2026-07-14 14:08:05 INFO     strategy        PnL: 14:08:05 MTM=2912.00 Profit=0.44%
2026-07-14 14:08:06 INFO     strategy        PnL: 14:08:06 MTM=2941.25 Profit=0.45%
2026-07-14 14:08:07 INFO     strategy        PnL: 14:08:07 MTM=2908.75 Profit=0.44%
2026-07-14 14:08:08 INFO     strategy        PnL: 14:08:08 MTM=2973.75 Profit=0.45%
2026-07-14 14:08:09 INFO     strategy        PnL: 14:08:09 MTM=2960.75 Profit=0.45%
2026-07-14 14:08:10 INFO     strategy        PnL: 14:08:10 MTM=2941.25 Profit=0.45%
2026-07-14 14:08:11 INFO     strategy        PnL: 14:08:11 MTM=2960.75 Profit=0.45%
2026-07-14 14:08:12 INFO     strategy        PnL: 14:08:12 MTM=2993.25 Profit=0.46%
2026-07-14 14:08:13 INFO     strategy        PnL: 14:08:13 MTM=2934.75 Profit=0.45%
2026-07-14 14:08:14 INFO     strategy        PnL: 14:08:14 MTM=2947.75 Profit=0.45%
2026-07-14 14:08:15 INFO     strategy        PnL: 14:08:15 MTM=2947.75 Profit=0.45%
2026-07-14 14:08:16 INFO     strategy        PnL: 14:08:16 MTM=2934.75 Profit=0.45%
2026-07-14 14:08:17 INFO     strategy        PnL: 14:08:17 MTM=2944.50 Profit=0.45%
2026-07-14 14:08:19 INFO     strategy        PnL: 14:08:18 MTM=2941.25 Profit=0.45%
2026-07-14 14:08:20 INFO     strategy        PnL: 14:08:20 MTM=2986.75 Profit=0.45%
2026-07-14 14:08:21 INFO     strategy        PnL: 14:08:21 MTM=2951.00 Profit=0.45%
2026-07-14 14:08:22 INFO     strategy        PnL: 14:08:22 MTM=2977.00 Profit=0.45%
2026-07-14 14:08:23 INFO     strategy        PnL: 14:08:23 MTM=2964.00 Profit=0.45%
2026-07-14 14:08:24 INFO     strategy        PnL: 14:08:24 MTM=2934.75 Profit=0.45%
2026-07-14 14:08:25 INFO     strategy        PnL: 14:08:25 MTM=2951.00 Profit=0.45%
2026-07-14 14:08:26 INFO     strategy        PnL: 14:08:26 MTM=2970.50 Profit=0.45%
2026-07-14 14:08:27 INFO     strategy        PnL: 14:08:27 MTM=2944.50 Profit=0.45%
2026-07-14 14:08:28 INFO     strategy        PnL: 14:08:28 MTM=2944.50 Profit=0.45%
2026-07-14 14:08:29 INFO     strategy        PnL: 14:08:29 MTM=2964.00 Profit=0.45%
2026-07-14 14:08:30 INFO     strategy        PnL: 14:08:30 MTM=2973.75 Profit=0.45%
2026-07-14 14:08:31 INFO     strategy        PnL: 14:08:31 MTM=2980.25 Profit=0.45%
2026-07-14 14:08:32 INFO     strategy        PnL: 14:08:32 MTM=2951.00 Profit=0.45%
2026-07-14 14:08:33 INFO     strategy        PnL: 14:08:33 MTM=2957.50 Profit=0.45%
2026-07-14 14:08:34 INFO     strategy        PnL: 14:08:34 MTM=2931.50 Profit=0.45%
2026-07-14 14:08:35 INFO     strategy        PnL: 14:08:35 MTM=2915.25 Profit=0.44%
2026-07-14 14:08:36 INFO     strategy        PnL: 14:08:36 MTM=2934.75 Profit=0.45%
2026-07-14 14:08:37 INFO     strategy        PnL: 14:08:37 MTM=2921.75 Profit=0.45%
2026-07-14 14:08:38 INFO     strategy        PnL: 14:08:38 MTM=2941.25 Profit=0.45%
2026-07-14 14:08:39 INFO     strategy        PnL: 14:08:39 MTM=2938.00 Profit=0.45%
2026-07-14 14:08:40 INFO     strategy        PnL: 14:08:40 MTM=2921.75 Profit=0.45%
2026-07-14 14:08:41 INFO     strategy        PnL: 14:08:41 MTM=2931.50 Profit=0.45%
2026-07-14 14:08:42 INFO     strategy        PnL: 14:08:42 MTM=2957.50 Profit=0.45%
2026-07-14 14:08:43 INFO     strategy        PnL: 14:08:43 MTM=2931.50 Profit=0.45%
2026-07-14 14:08:44 INFO     strategy        PnL: 14:08:44 MTM=2957.50 Profit=0.45%
2026-07-14 14:08:45 INFO     strategy        PnL: 14:08:45 MTM=2964.00 Profit=0.45%
2026-07-14 14:08:46 INFO     strategy        PnL: 14:08:46 MTM=3012.75 Profit=0.46%
2026-07-14 14:08:47 INFO     strategy        PnL: 14:08:47 MTM=3022.50 Profit=0.46%
2026-07-14 14:08:48 INFO     strategy        PnL: 14:08:48 MTM=2973.75 Profit=0.45%
2026-07-14 14:08:49 INFO     strategy        PnL: 14:08:49 MTM=3191.50 Profit=0.49%
2026-07-14 14:08:50 INFO     strategy        PnL: 14:08:50 MTM=3009.50 Profit=0.46%
2026-07-14 14:08:51 INFO     strategy        PnL: 14:08:51 MTM=3113.50 Profit=0.47%
2026-07-14 14:08:52 INFO     strategy        PnL: 14:08:52 MTM=3019.25 Profit=0.46%
2026-07-14 14:08:53 INFO     strategy        PnL: 14:08:53 MTM=3058.25 Profit=0.47%
2026-07-14 14:08:54 INFO     strategy        PnL: 14:08:54 MTM=3149.25 Profit=0.48%
2026-07-14 14:08:55 INFO     strategy        PnL: 14:08:55 MTM=3094.00 Profit=0.47%
2026-07-14 14:08:56 INFO     strategy        PnL: 14:08:56 MTM=3155.75 Profit=0.48%
2026-07-14 14:08:57 INFO     strategy        PnL: 14:08:57 MTM=3146.00 Profit=0.48%
2026-07-14 14:08:58 INFO     strategy        PnL: 14:08:58 MTM=3094.00 Profit=0.47%
2026-07-14 14:08:59 INFO     strategy        PnL: 14:08:59 MTM=3110.25 Profit=0.47%
2026-07-14 14:09:00 INFO     strategy        PnL: 14:09:00 MTM=3113.50 Profit=0.47%
2026-07-14 14:09:01 INFO     strategy        PnL: 14:09:01 MTM=3074.50 Profit=0.47%
2026-07-14 14:09:02 INFO     strategy        PnL: 14:09:02 MTM=3084.25 Profit=0.47%
2026-07-14 14:09:03 INFO     strategy        PnL: 14:09:03 MTM=3087.50 Profit=0.47%
2026-07-14 14:09:04 INFO     strategy        PnL: 14:09:04 MTM=3133.00 Profit=0.48%
2026-07-14 14:09:05 INFO     strategy        PnL: 14:09:05 MTM=3100.50 Profit=0.47%
2026-07-14 14:09:06 INFO     strategy        PnL: 14:09:06 MTM=3107.00 Profit=0.47%
2026-07-14 14:09:07 INFO     strategy        PnL: 14:09:07 MTM=3051.75 Profit=0.46%
2026-07-14 14:09:08 INFO     strategy        PnL: 14:09:08 MTM=3055.00 Profit=0.47%
2026-07-14 14:09:09 INFO     strategy        PnL: 14:09:09 MTM=3012.75 Profit=0.46%
2026-07-14 14:09:10 INFO     strategy        PnL: 14:09:10 MTM=3035.50 Profit=0.46%
2026-07-14 14:09:11 INFO     strategy        PnL: 14:09:11 MTM=3113.50 Profit=0.47%
2026-07-14 14:09:12 INFO     strategy        PnL: 14:09:12 MTM=3090.75 Profit=0.47%
2026-07-14 14:09:13 INFO     strategy        PnL: 14:09:13 MTM=3068.00 Profit=0.47%
2026-07-14 14:09:14 INFO     strategy        PnL: 14:09:14 MTM=3071.25 Profit=0.47%
2026-07-14 14:09:15 INFO     strategy        PnL: 14:09:15 MTM=3048.50 Profit=0.46%
2026-07-14 14:09:16 INFO     strategy        PnL: 14:09:16 MTM=3055.00 Profit=0.47%
2026-07-14 14:09:17 INFO     strategy        PnL: 14:09:17 MTM=3061.50 Profit=0.47%
2026-07-14 14:09:18 INFO     strategy        PnL: 14:09:18 MTM=3016.00 Profit=0.46%
2026-07-14 14:09:19 INFO     strategy        PnL: 14:09:19 MTM=3055.00 Profit=0.47%
2026-07-14 14:09:20 INFO     strategy        PnL: 14:09:20 MTM=3071.25 Profit=0.47%
2026-07-14 14:09:21 INFO     strategy        PnL: 14:09:21 MTM=3058.25 Profit=0.47%
2026-07-14 14:09:22 INFO     strategy        PnL: 14:09:22 MTM=3068.00 Profit=0.47%
2026-07-14 14:09:23 INFO     strategy        PnL: 14:09:23 MTM=3055.00 Profit=0.47%
2026-07-14 14:09:24 INFO     strategy        PnL: 14:09:24 MTM=3282.50 Profit=0.50%
2026-07-14 14:09:25 INFO     strategy        PnL: 14:09:25 MTM=3142.75 Profit=0.48%
2026-07-14 14:09:26 INFO     strategy        PnL: 14:09:26 MTM=3061.50 Profit=0.47%
2026-07-14 14:09:27 INFO     strategy        PnL: 14:09:27 MTM=3084.25 Profit=0.47%
2026-07-14 14:09:28 INFO     strategy        PnL: 14:09:28 MTM=3016.00 Profit=0.46%
2026-07-14 14:09:29 INFO     strategy        PnL: 14:09:29 MTM=3064.75 Profit=0.47%
2026-07-14 14:09:30 INFO     strategy        PnL: 14:09:30 MTM=3064.75 Profit=0.47%
2026-07-14 14:09:31 INFO     strategy        PnL: 14:09:31 MTM=2967.25 Profit=0.45%
2026-07-14 14:09:32 INFO     strategy        PnL: 14:09:32 MTM=3071.25 Profit=0.47%
2026-07-14 14:09:33 INFO     strategy        PnL: 14:09:33 MTM=3058.25 Profit=0.47%
2026-07-14 14:09:34 INFO     strategy        PnL: 14:09:34 MTM=3068.00 Profit=0.47%
2026-07-14 14:09:36 INFO     strategy        PnL: 14:09:36 MTM=3016.00 Profit=0.46%
2026-07-14 14:09:37 INFO     strategy        PnL: 14:09:37 MTM=3061.50 Profit=0.47%
2026-07-14 14:09:38 INFO     strategy        PnL: 14:09:38 MTM=3042.00 Profit=0.46%
2026-07-14 14:09:39 INFO     strategy        PnL: 14:09:39 MTM=3035.50 Profit=0.46%
2026-07-14 14:09:40 INFO     strategy        PnL: 14:09:40 MTM=3003.00 Profit=0.46%
2026-07-14 14:09:41 INFO     strategy        PnL: 14:09:41 MTM=3068.00 Profit=0.47%
2026-07-14 14:09:42 INFO     strategy        PnL: 14:09:42 MTM=3019.25 Profit=0.46%
2026-07-14 14:09:43 INFO     strategy        PnL: 14:09:43 MTM=3019.25 Profit=0.46%
2026-07-14 14:09:44 INFO     strategy        PnL: 14:09:44 MTM=3016.00 Profit=0.46%
2026-07-14 14:09:45 INFO     strategy        PnL: 14:09:45 MTM=2999.75 Profit=0.46%
2026-07-14 14:09:46 INFO     strategy        PnL: 14:09:46 MTM=2993.25 Profit=0.46%
2026-07-14 14:09:47 INFO     strategy        PnL: 14:09:47 MTM=3009.50 Profit=0.46%
2026-07-14 14:09:48 INFO     strategy        PnL: 14:09:48 MTM=3009.50 Profit=0.46%
2026-07-14 14:09:49 INFO     strategy        PnL: 14:09:49 MTM=3006.25 Profit=0.46%
2026-07-14 14:09:50 INFO     strategy        PnL: 14:09:50 MTM=2977.00 Profit=0.45%
2026-07-14 14:09:51 INFO     strategy        PnL: 14:09:51 MTM=3058.25 Profit=0.47%
2026-07-14 14:09:52 INFO     strategy        PnL: 14:09:52 MTM=2921.75 Profit=0.45%
2026-07-14 14:09:53 INFO     strategy        PnL: 14:09:53 MTM=2970.50 Profit=0.45%
2026-07-14 14:09:54 INFO     strategy        PnL: 14:09:54 MTM=2954.25 Profit=0.45%
2026-07-14 14:09:55 INFO     strategy        PnL: 14:09:55 MTM=2954.25 Profit=0.45%
2026-07-14 14:09:56 INFO     strategy        PnL: 14:09:56 MTM=2973.75 Profit=0.45%
2026-07-14 14:09:57 INFO     strategy        PnL: 14:09:57 MTM=2983.50 Profit=0.45%
2026-07-14 14:09:58 INFO     strategy        PnL: 14:09:58 MTM=3081.00 Profit=0.47%
2026-07-14 14:09:59 INFO     strategy        PnL: 14:09:59 MTM=3019.25 Profit=0.46%
2026-07-14 14:10:00 INFO     strategy        PnL: 14:10:00 MTM=3022.50 Profit=0.46%
2026-07-14 14:10:01 INFO     strategy        PnL: 14:10:01 MTM=3006.25 Profit=0.46%
2026-07-14 14:10:02 INFO     strategy        PnL: 14:10:02 MTM=3055.00 Profit=0.47%
2026-07-14 14:10:03 INFO     strategy        PnL: 14:10:03 MTM=3019.25 Profit=0.46%
2026-07-14 14:10:04 INFO     strategy        PnL: 14:10:04 MTM=2938.00 Profit=0.45%
2026-07-14 14:10:05 INFO     strategy        PnL: 14:10:05 MTM=2951.00 Profit=0.45%
2026-07-14 14:10:06 INFO     strategy        PnL: 14:10:06 MTM=2951.00 Profit=0.45%
2026-07-14 14:10:07 INFO     strategy        PnL: 14:10:07 MTM=2960.75 Profit=0.45%
2026-07-14 14:10:08 INFO     strategy        PnL: 14:10:08 MTM=2954.25 Profit=0.45%
2026-07-14 14:10:09 INFO     strategy        PnL: 14:10:09 MTM=2983.50 Profit=0.45%
2026-07-14 14:10:10 INFO     strategy        PnL: 14:10:10 MTM=2996.50 Profit=0.46%
2026-07-14 14:10:11 INFO     strategy        PnL: 14:10:11 MTM=3003.00 Profit=0.46%
2026-07-14 14:10:12 INFO     strategy        PnL: 14:10:12 MTM=3081.00 Profit=0.47%
2026-07-14 14:10:13 INFO     strategy        PnL: 14:10:13 MTM=3009.50 Profit=0.46%
2026-07-14 14:10:14 INFO     strategy        PnL: 14:10:14 MTM=3025.75 Profit=0.46%
2026-07-14 14:10:15 INFO     strategy        PnL: 14:10:15 MTM=2983.50 Profit=0.45%
2026-07-14 14:10:16 INFO     strategy        PnL: 14:10:16 MTM=3025.75 Profit=0.46%
2026-07-14 14:10:17 INFO     strategy        PnL: 14:10:17 MTM=3003.00 Profit=0.46%
2026-07-14 14:10:18 INFO     strategy        PnL: 14:10:18 MTM=2990.00 Profit=0.46%
2026-07-14 14:10:19 INFO     strategy        PnL: 14:10:19 MTM=2999.75 Profit=0.46%
2026-07-14 14:10:20 INFO     strategy        PnL: 14:10:20 MTM=3009.50 Profit=0.46%
2026-07-14 14:10:21 INFO     strategy        PnL: 14:10:21 MTM=2964.00 Profit=0.45%
2026-07-14 14:10:22 INFO     strategy        PnL: 14:10:22 MTM=2980.25 Profit=0.45%
2026-07-14 14:10:23 INFO     strategy        PnL: 14:10:23 MTM=2983.50 Profit=0.45%
2026-07-14 14:10:24 INFO     strategy        PnL: 14:10:24 MTM=3012.75 Profit=0.46%
2026-07-14 14:10:25 INFO     strategy        PnL: 14:10:25 MTM=2957.50 Profit=0.45%
2026-07-14 14:10:26 INFO     strategy        PnL: 14:10:26 MTM=2931.50 Profit=0.45%
2026-07-14 14:10:27 INFO     strategy        PnL: 14:10:27 MTM=2990.00 Profit=0.46%
2026-07-14 14:10:28 INFO     strategy        PnL: 14:10:28 MTM=2960.75 Profit=0.45%
2026-07-14 14:10:29 INFO     strategy        PnL: 14:10:29 MTM=2973.75 Profit=0.45%
2026-07-14 14:10:30 INFO     strategy        PnL: 14:10:30 MTM=3100.50 Profit=0.47%
2026-07-14 14:10:31 INFO     strategy        PnL: 14:10:31 MTM=2999.75 Profit=0.46%
2026-07-14 14:10:32 INFO     strategy        PnL: 14:10:32 MTM=2934.75 Profit=0.45%
2026-07-14 14:10:33 INFO     strategy        PnL: 14:10:33 MTM=2973.75 Profit=0.45%
2026-07-14 14:10:34 INFO     strategy        PnL: 14:10:34 MTM=2996.50 Profit=0.46%
2026-07-14 14:10:35 INFO     strategy        PnL: 14:10:35 MTM=2908.75 Profit=0.44%
2026-07-14 14:10:36 INFO     strategy        PnL: 14:10:36 MTM=2912.00 Profit=0.44%
2026-07-14 14:10:37 INFO     strategy        PnL: 14:10:37 MTM=2967.25 Profit=0.45%
2026-07-14 14:10:38 INFO     strategy        PnL: 14:10:38 MTM=2941.25 Profit=0.45%
2026-07-14 14:10:39 INFO     strategy        PnL: 14:10:39 MTM=2944.50 Profit=0.45%
2026-07-14 14:10:40 INFO     strategy        PnL: 14:10:40 MTM=2918.50 Profit=0.44%
2026-07-14 14:10:41 INFO     strategy        PnL: 14:10:41 MTM=2944.50 Profit=0.45%
2026-07-14 14:10:42 INFO     strategy        PnL: 14:10:42 MTM=2941.25 Profit=0.45%
2026-07-14 14:10:43 INFO     strategy        PnL: 14:10:43 MTM=2921.75 Profit=0.45%
2026-07-14 14:10:44 INFO     strategy        PnL: 14:10:44 MTM=2879.50 Profit=0.44%
2026-07-14 14:10:45 INFO     strategy        PnL: 14:10:45 MTM=2980.25 Profit=0.45%
2026-07-14 14:10:46 INFO     strategy        PnL: 14:10:46 MTM=2908.75 Profit=0.44%
2026-07-14 14:10:47 INFO     strategy        PnL: 14:10:47 MTM=2938.00 Profit=0.45%
2026-07-14 14:10:49 INFO     strategy        PnL: 14:10:48 MTM=2928.25 Profit=0.45%
2026-07-14 14:10:50 INFO     strategy        PnL: 14:10:50 MTM=2908.75 Profit=0.44%
2026-07-14 14:10:51 INFO     strategy        PnL: 14:10:51 MTM=2915.25 Profit=0.44%
2026-07-14 14:10:52 INFO     strategy        PnL: 14:10:52 MTM=2954.25 Profit=0.45%
2026-07-14 14:10:53 INFO     strategy        PnL: 14:10:53 MTM=2957.50 Profit=0.45%
2026-07-14 14:10:54 INFO     strategy        PnL: 14:10:54 MTM=2954.25 Profit=0.45%
2026-07-14 14:10:55 INFO     strategy        PnL: 14:10:55 MTM=2977.00 Profit=0.45%
2026-07-14 14:10:56 INFO     strategy        PnL: 14:10:56 MTM=2970.50 Profit=0.45%
2026-07-14 14:10:57 INFO     strategy        PnL: 14:10:57 MTM=2951.00 Profit=0.45%
2026-07-14 14:10:58 INFO     strategy        PnL: 14:10:58 MTM=2970.50 Profit=0.45%
2026-07-14 14:10:59 INFO     strategy        PnL: 14:10:59 MTM=3055.00 Profit=0.47%
2026-07-14 14:11:00 INFO     strategy        PnL: 14:11:00 MTM=3019.25 Profit=0.46%
2026-07-14 14:11:01 INFO     strategy        PnL: 14:11:01 MTM=2996.50 Profit=0.46%
2026-07-14 14:11:02 INFO     strategy        PnL: 14:11:02 MTM=2902.25 Profit=0.44%
2026-07-14 14:11:03 INFO     strategy        PnL: 14:11:03 MTM=2902.25 Profit=0.44%
2026-07-14 14:11:04 INFO     strategy        PnL: 14:11:04 MTM=2869.75 Profit=0.44%
2026-07-14 14:11:05 INFO     strategy        PnL: 14:11:05 MTM=2944.50 Profit=0.45%
2026-07-14 14:11:06 INFO     strategy        PnL: 14:11:06 MTM=2986.75 Profit=0.45%
2026-07-14 14:11:07 INFO     strategy        PnL: 14:11:07 MTM=2882.75 Profit=0.44%
2026-07-14 14:11:08 INFO     strategy        PnL: 14:11:08 MTM=2863.25 Profit=0.44%
2026-07-14 14:11:09 INFO     strategy        PnL: 14:11:09 MTM=2899.00 Profit=0.44%
2026-07-14 14:11:10 INFO     strategy        PnL: 14:11:10 MTM=2824.25 Profit=0.43%
2026-07-14 14:11:11 INFO     strategy        PnL: 14:11:11 MTM=3035.50 Profit=0.46%
2026-07-14 14:11:12 INFO     strategy        PnL: 14:11:12 MTM=2921.75 Profit=0.45%
2026-07-14 14:11:13 INFO     strategy        PnL: 14:11:13 MTM=2905.50 Profit=0.44%
2026-07-14 14:11:14 INFO     strategy        PnL: 14:11:14 MTM=2938.00 Profit=0.45%
2026-07-14 14:11:15 INFO     strategy        PnL: 14:11:15 MTM=2951.00 Profit=0.45%
2026-07-14 14:11:16 INFO     strategy        PnL: 14:11:16 MTM=2889.25 Profit=0.44%
2026-07-14 14:11:17 INFO     strategy        PnL: 14:11:17 MTM=2882.75 Profit=0.44%
2026-07-14 14:11:18 INFO     strategy        PnL: 14:11:18 MTM=2964.00 Profit=0.45%
2026-07-14 14:11:19 INFO     strategy        PnL: 14:11:19 MTM=2960.75 Profit=0.45%
2026-07-14 14:11:20 INFO     strategy        PnL: 14:11:20 MTM=2980.25 Profit=0.45%
2026-07-14 14:11:21 INFO     strategy        PnL: 14:11:21 MTM=2999.75 Profit=0.46%
2026-07-14 14:11:22 INFO     strategy        PnL: 14:11:22 MTM=2967.25 Profit=0.45%
2026-07-14 14:11:23 INFO     strategy        PnL: 14:11:23 MTM=2980.25 Profit=0.45%
2026-07-14 14:11:24 INFO     strategy        PnL: 14:11:24 MTM=2980.25 Profit=0.45%
2026-07-14 14:11:25 INFO     strategy        PnL: 14:11:25 MTM=3045.25 Profit=0.46%
2026-07-14 14:11:26 INFO     strategy        PnL: 14:11:26 MTM=3019.25 Profit=0.46%
2026-07-14 14:11:27 INFO     strategy        PnL: 14:11:27 MTM=3016.00 Profit=0.46%
2026-07-14 14:11:28 INFO     strategy        PnL: 14:11:28 MTM=3035.50 Profit=0.46%
2026-07-14 14:11:29 INFO     strategy        PnL: 14:11:29 MTM=3025.75 Profit=0.46%
2026-07-14 14:11:30 INFO     strategy        PnL: 14:11:30 MTM=3032.25 Profit=0.46%
2026-07-14 14:11:31 INFO     strategy        PnL: 14:11:31 MTM=2964.00 Profit=0.45%
2026-07-14 14:11:32 INFO     strategy        PnL: 14:11:32 MTM=3051.75 Profit=0.46%
2026-07-14 14:11:33 INFO     strategy        PnL: 14:11:33 MTM=3064.75 Profit=0.47%
2026-07-14 14:11:34 INFO     strategy        PnL: 14:11:34 MTM=3061.50 Profit=0.47%
2026-07-14 14:11:35 INFO     strategy        PnL: 14:11:35 MTM=3068.00 Profit=0.47%
2026-07-14 14:11:36 INFO     strategy        PnL: 14:11:36 MTM=3045.25 Profit=0.46%
2026-07-14 14:11:37 INFO     strategy        PnL: 14:11:37 MTM=2980.25 Profit=0.45%
2026-07-14 14:11:38 INFO     strategy        PnL: 14:11:38 MTM=3016.00 Profit=0.46%
2026-07-14 14:11:39 INFO     strategy        PnL: 14:11:39 MTM=2973.75 Profit=0.45%
2026-07-14 14:11:40 INFO     strategy        PnL: 14:11:40 MTM=3029.00 Profit=0.46%
2026-07-14 14:11:41 INFO     strategy        PnL: 14:11:41 MTM=3022.50 Profit=0.46%
2026-07-14 14:11:42 INFO     strategy        PnL: 14:11:42 MTM=2977.00 Profit=0.45%
2026-07-14 14:11:43 INFO     strategy        PnL: 14:11:43 MTM=2957.50 Profit=0.45%
2026-07-14 14:11:44 INFO     strategy        PnL: 14:11:44 MTM=2931.50 Profit=0.45%
2026-07-14 14:11:45 INFO     strategy        PnL: 14:11:45 MTM=2986.75 Profit=0.45%
2026-07-14 14:11:46 INFO     strategy        PnL: 14:11:46 MTM=2973.75 Profit=0.45%
2026-07-14 14:11:47 INFO     strategy        PnL: 14:11:47 MTM=2993.25 Profit=0.46%
2026-07-14 14:11:48 INFO     strategy        PnL: 14:11:48 MTM=2990.00 Profit=0.46%
2026-07-14 14:11:49 INFO     strategy        PnL: 14:11:49 MTM=2977.00 Profit=0.45%
2026-07-14 14:11:50 INFO     strategy        PnL: 14:11:50 MTM=2970.50 Profit=0.45%
2026-07-14 14:11:51 INFO     strategy        PnL: 14:11:51 MTM=2983.50 Profit=0.45%
2026-07-14 14:11:52 INFO     strategy        PnL: 14:11:52 MTM=2986.75 Profit=0.45%
2026-07-14 14:11:53 INFO     strategy        PnL: 14:11:53 MTM=2954.25 Profit=0.45%
2026-07-14 14:11:54 INFO     strategy        PnL: 14:11:54 MTM=3045.25 Profit=0.46%
2026-07-14 14:11:55 INFO     strategy        PnL: 14:11:55 MTM=3048.50 Profit=0.46%
2026-07-14 14:11:56 INFO     strategy        PnL: 14:11:56 MTM=3061.50 Profit=0.47%
2026-07-14 14:11:57 INFO     strategy        PnL: 14:11:57 MTM=3061.50 Profit=0.47%
2026-07-14 14:11:58 INFO     strategy        PnL: 14:11:58 MTM=3064.75 Profit=0.47%
2026-07-14 14:11:59 INFO     strategy        PnL: 14:11:59 MTM=3058.25 Profit=0.47%
2026-07-14 14:12:00 INFO     strategy        PnL: 14:12:00 MTM=3068.00 Profit=0.47%
2026-07-14 14:12:01 INFO     strategy        PnL: 14:12:01 MTM=3035.50 Profit=0.46%
2026-07-14 14:12:02 INFO     strategy        PnL: 14:12:02 MTM=2990.00 Profit=0.46%
2026-07-14 14:12:03 INFO     strategy        PnL: 14:12:03 MTM=3055.00 Profit=0.47%
2026-07-14 14:12:04 INFO     strategy        PnL: 14:12:04 MTM=3016.00 Profit=0.46%
2026-07-14 14:12:05 INFO     strategy        PnL: 14:12:05 MTM=3071.25 Profit=0.47%
2026-07-14 14:12:06 INFO     strategy        PnL: 14:12:06 MTM=3022.50 Profit=0.46%
2026-07-14 14:12:07 INFO     strategy        PnL: 14:12:07 MTM=3068.00 Profit=0.47%
2026-07-14 14:12:08 INFO     strategy        PnL: 14:12:08 MTM=3025.75 Profit=0.46%
2026-07-14 14:12:09 INFO     strategy        PnL: 14:12:09 MTM=3051.75 Profit=0.46%
2026-07-14 14:12:10 INFO     strategy        PnL: 14:12:10 MTM=3025.75 Profit=0.46%
2026-07-14 14:12:11 INFO     strategy        PnL: 14:12:11 MTM=3074.50 Profit=0.47%
2026-07-14 14:12:13 INFO     strategy        PnL: 14:12:13 MTM=3077.75 Profit=0.47%
2026-07-14 14:12:14 INFO     strategy        PnL: 14:12:14 MTM=3087.50 Profit=0.47%
2026-07-14 14:12:15 INFO     strategy        PnL: 14:12:15 MTM=3071.25 Profit=0.47%
2026-07-14 14:12:16 INFO     strategy        PnL: 14:12:16 MTM=3081.00 Profit=0.47%
2026-07-14 14:12:17 INFO     strategy        PnL: 14:12:17 MTM=3058.25 Profit=0.47%
2026-07-14 14:12:18 INFO     strategy        PnL: 14:12:18 MTM=3071.25 Profit=0.47%
2026-07-14 14:12:19 INFO     strategy        PnL: 14:12:19 MTM=3068.00 Profit=0.47%
2026-07-14 14:12:20 INFO     strategy        PnL: 14:12:20 MTM=3084.25 Profit=0.47%
2026-07-14 14:12:21 INFO     strategy        PnL: 14:12:21 MTM=3107.00 Profit=0.47%
2026-07-14 14:12:22 INFO     strategy        PnL: 14:12:22 MTM=3051.75 Profit=0.46%
2026-07-14 14:12:23 INFO     strategy        PnL: 14:12:23 MTM=3061.50 Profit=0.47%
2026-07-14 14:12:24 INFO     strategy        PnL: 14:12:24 MTM=3032.25 Profit=0.46%
2026-07-14 14:12:25 INFO     strategy        PnL: 14:12:25 MTM=3032.25 Profit=0.46%
2026-07-14 14:12:26 INFO     strategy        PnL: 14:12:26 MTM=3045.25 Profit=0.46%
2026-07-14 14:12:27 INFO     strategy        PnL: 14:12:27 MTM=2986.75 Profit=0.45%
2026-07-14 14:12:28 INFO     strategy        PnL: 14:12:28 MTM=3084.25 Profit=0.47%
2026-07-14 14:12:29 INFO     strategy        PnL: 14:12:29 MTM=3003.00 Profit=0.46%
2026-07-14 14:12:30 INFO     strategy        PnL: 14:12:30 MTM=3009.50 Profit=0.46%
2026-07-14 14:12:31 INFO     strategy        PnL: 14:12:31 MTM=2967.25 Profit=0.45%
2026-07-14 14:12:32 INFO     strategy        PnL: 14:12:32 MTM=2954.25 Profit=0.45%
2026-07-14 14:12:33 INFO     strategy        PnL: 14:12:33 MTM=2960.75 Profit=0.45%
2026-07-14 14:12:34 INFO     strategy        PnL: 14:12:34 MTM=2986.75 Profit=0.45%
2026-07-14 14:12:35 INFO     strategy        PnL: 14:12:35 MTM=2964.00 Profit=0.45%
2026-07-14 14:12:36 INFO     strategy        PnL: 14:12:36 MTM=2986.75 Profit=0.45%
2026-07-14 14:12:37 INFO     strategy        PnL: 14:12:37 MTM=2951.00 Profit=0.45%
2026-07-14 14:12:38 INFO     strategy        PnL: 14:12:38 MTM=2915.25 Profit=0.44%
2026-07-14 14:12:39 INFO     strategy        PnL: 14:12:39 MTM=2954.25 Profit=0.45%
2026-07-14 14:12:40 INFO     strategy        PnL: 14:12:40 MTM=2957.50 Profit=0.45%
2026-07-14 14:12:41 INFO     strategy        PnL: 14:12:41 MTM=2915.25 Profit=0.44%
2026-07-14 14:12:42 INFO     strategy        PnL: 14:12:42 MTM=2938.00 Profit=0.45%
2026-07-14 14:12:43 INFO     strategy        PnL: 14:12:43 MTM=2934.75 Profit=0.45%
2026-07-14 14:12:44 INFO     strategy        PnL: 14:12:44 MTM=2869.75 Profit=0.44%
2026-07-14 14:12:45 INFO     strategy        PnL: 14:12:45 MTM=2889.25 Profit=0.44%
2026-07-14 14:12:46 INFO     strategy        PnL: 14:12:46 MTM=2960.75 Profit=0.45%
2026-07-14 14:12:47 INFO     strategy        PnL: 14:12:47 MTM=2882.75 Profit=0.44%
2026-07-14 14:12:48 INFO     strategy        PnL: 14:12:48 MTM=2889.25 Profit=0.44%
2026-07-14 14:12:49 INFO     strategy        PnL: 14:12:49 MTM=2795.00 Profit=0.43%
2026-07-14 14:12:50 INFO     strategy        PnL: 14:12:50 MTM=2853.50 Profit=0.43%
2026-07-14 14:12:51 INFO     strategy        PnL: 14:12:51 MTM=2834.00 Profit=0.43%
2026-07-14 14:12:52 INFO     strategy        PnL: 14:12:52 MTM=2869.75 Profit=0.44%
2026-07-14 14:12:53 INFO     strategy        PnL: 14:12:53 MTM=2840.50 Profit=0.43%
2026-07-14 14:12:54 INFO     strategy        PnL: 14:12:54 MTM=2827.50 Profit=0.43%
2026-07-14 14:12:55 INFO     strategy        PnL: 14:12:55 MTM=2840.50 Profit=0.43%
2026-07-14 14:12:56 INFO     strategy        PnL: 14:12:56 MTM=2876.25 Profit=0.44%
2026-07-14 14:12:57 INFO     strategy        PnL: 14:12:57 MTM=2876.25 Profit=0.44%
2026-07-14 14:12:58 INFO     strategy        PnL: 14:12:58 MTM=2925.00 Profit=0.45%
2026-07-14 14:12:59 INFO     strategy        PnL: 14:12:59 MTM=2899.00 Profit=0.44%
2026-07-14 14:13:00 INFO     strategy        PnL: 14:13:00 MTM=2863.25 Profit=0.44%
2026-07-14 14:13:01 INFO     strategy        PnL: 14:13:01 MTM=2925.00 Profit=0.45%
2026-07-14 14:13:02 INFO     strategy        PnL: 14:13:02 MTM=2938.00 Profit=0.45%
2026-07-14 14:13:03 INFO     strategy        PnL: 14:13:03 MTM=2934.75 Profit=0.45%
2026-07-14 14:13:04 INFO     strategy        PnL: 14:13:04 MTM=2876.25 Profit=0.44%
2026-07-14 14:13:05 INFO     strategy        PnL: 14:13:05 MTM=2873.00 Profit=0.44%
2026-07-14 14:13:06 INFO     strategy        PnL: 14:13:06 MTM=2869.75 Profit=0.44%
2026-07-14 14:13:07 INFO     strategy        PnL: 14:13:07 MTM=2873.00 Profit=0.44%
2026-07-14 14:13:08 INFO     strategy        PnL: 14:13:08 MTM=2876.25 Profit=0.44%
2026-07-14 14:13:09 INFO     strategy        PnL: 14:13:09 MTM=2853.50 Profit=0.43%
2026-07-14 14:13:10 INFO     strategy        PnL: 14:13:10 MTM=2886.00 Profit=0.44%
2026-07-14 14:13:11 INFO     strategy        PnL: 14:13:11 MTM=2879.50 Profit=0.44%
2026-07-14 14:13:12 INFO     strategy        PnL: 14:13:12 MTM=2879.50 Profit=0.44%
2026-07-14 14:13:13 INFO     strategy        PnL: 14:13:13 MTM=2915.25 Profit=0.44%
2026-07-14 14:13:14 INFO     strategy        PnL: 14:13:14 MTM=2902.25 Profit=0.44%
2026-07-14 14:13:16 INFO     strategy        PnL: 14:13:16 MTM=2925.00 Profit=0.45%
2026-07-14 14:13:17 INFO     strategy        PnL: 14:13:17 MTM=2876.25 Profit=0.44%
2026-07-14 14:13:18 INFO     strategy        PnL: 14:13:18 MTM=2886.00 Profit=0.44%
2026-07-14 14:13:19 INFO     strategy        PnL: 14:13:19 MTM=2866.50 Profit=0.44%
2026-07-14 14:13:20 INFO     strategy        PnL: 14:13:20 MTM=2895.75 Profit=0.44%
2026-07-14 14:13:21 INFO     strategy        PnL: 14:13:21 MTM=2830.75 Profit=0.43%
2026-07-14 14:13:22 INFO     strategy        PnL: 14:13:22 MTM=2873.00 Profit=0.44%
2026-07-14 14:13:23 INFO     strategy        PnL: 14:13:23 MTM=2847.00 Profit=0.43%
2026-07-14 14:13:24 INFO     strategy        PnL: 14:13:24 MTM=2814.50 Profit=0.43%
2026-07-14 14:13:25 INFO     strategy        PnL: 14:13:25 MTM=2817.75 Profit=0.43%
2026-07-14 14:13:26 INFO     strategy        PnL: 14:13:26 MTM=2814.50 Profit=0.43%
2026-07-14 14:13:27 INFO     strategy        PnL: 14:13:27 MTM=2775.50 Profit=0.42%
2026-07-14 14:13:28 INFO     strategy        PnL: 14:13:28 MTM=2814.50 Profit=0.43%
2026-07-14 14:13:29 INFO     strategy        PnL: 14:13:29 MTM=2817.75 Profit=0.43%
2026-07-14 14:13:30 INFO     strategy        PnL: 14:13:30 MTM=2847.00 Profit=0.43%
2026-07-14 14:13:31 INFO     strategy        PnL: 14:13:31 MTM=2830.75 Profit=0.43%
2026-07-14 14:13:32 INFO     strategy        PnL: 14:13:32 MTM=2798.25 Profit=0.43%
2026-07-14 14:13:33 INFO     strategy        PnL: 14:13:33 MTM=2785.25 Profit=0.42%
2026-07-14 14:13:34 INFO     strategy        PnL: 14:13:34 MTM=2801.50 Profit=0.43%
2026-07-14 14:13:35 INFO     strategy        PnL: 14:13:35 MTM=2785.25 Profit=0.42%
2026-07-14 14:13:36 INFO     strategy        PnL: 14:13:36 MTM=2808.00 Profit=0.43%
2026-07-14 14:13:37 INFO     strategy        PnL: 14:13:37 MTM=2830.75 Profit=0.43%
2026-07-14 14:13:38 INFO     strategy        PnL: 14:13:38 MTM=2850.25 Profit=0.43%
2026-07-14 14:13:39 INFO     strategy        PnL: 14:13:39 MTM=2863.25 Profit=0.44%
2026-07-14 14:13:40 INFO     strategy        PnL: 14:13:40 MTM=2860.00 Profit=0.44%
2026-07-14 14:13:41 INFO     strategy        PnL: 14:13:41 MTM=2808.00 Profit=0.43%
2026-07-14 14:13:42 INFO     strategy        PnL: 14:13:42 MTM=2830.75 Profit=0.43%
2026-07-14 14:13:43 INFO     strategy        PnL: 14:13:43 MTM=2801.50 Profit=0.43%
2026-07-14 14:13:44 INFO     strategy        PnL: 14:13:44 MTM=2860.00 Profit=0.44%
2026-07-14 14:13:45 INFO     strategy        PnL: 14:13:45 MTM=2830.75 Profit=0.43%
2026-07-14 14:13:46 INFO     strategy        PnL: 14:13:46 MTM=2886.00 Profit=0.44%
2026-07-14 14:13:47 INFO     strategy        PnL: 14:13:47 MTM=2850.25 Profit=0.43%
2026-07-14 14:13:48 INFO     strategy        PnL: 14:13:48 MTM=2902.25 Profit=0.44%
2026-07-14 14:13:49 INFO     strategy        PnL: 14:13:49 MTM=2856.75 Profit=0.44%
2026-07-14 14:13:50 INFO     strategy        PnL: 14:13:50 MTM=2834.00 Profit=0.43%
2026-07-14 14:13:51 INFO     strategy        PnL: 14:13:51 MTM=2791.75 Profit=0.43%
2026-07-14 14:13:52 INFO     strategy        PnL: 14:13:52 MTM=2824.25 Profit=0.43%
2026-07-14 14:13:53 INFO     strategy        PnL: 14:13:53 MTM=2840.50 Profit=0.43%
2026-07-14 14:13:54 INFO     strategy        PnL: 14:13:54 MTM=2843.75 Profit=0.43%
2026-07-14 14:13:55 INFO     strategy        PnL: 14:13:55 MTM=2860.00 Profit=0.44%
2026-07-14 14:13:56 INFO     strategy        PnL: 14:13:56 MTM=2928.25 Profit=0.45%
2026-07-14 14:13:57 INFO     strategy        PnL: 14:13:57 MTM=2873.00 Profit=0.44%
2026-07-14 14:13:58 INFO     strategy        PnL: 14:13:58 MTM=2889.25 Profit=0.44%
2026-07-14 14:13:59 INFO     strategy        PnL: 14:13:59 MTM=2863.25 Profit=0.44%
2026-07-14 14:14:00 INFO     strategy        PnL: 14:14:00 MTM=2879.50 Profit=0.44%
2026-07-14 14:14:01 INFO     strategy        PnL: 14:14:01 MTM=2905.50 Profit=0.44%
2026-07-14 14:14:02 INFO     strategy        PnL: 14:14:02 MTM=2934.75 Profit=0.45%
2026-07-14 14:14:03 INFO     strategy        PnL: 14:14:03 MTM=2879.50 Profit=0.44%
2026-07-14 14:14:04 INFO     strategy        PnL: 14:14:04 MTM=2879.50 Profit=0.44%
2026-07-14 14:14:05 INFO     strategy        PnL: 14:14:05 MTM=2895.75 Profit=0.44%
2026-07-14 14:14:06 INFO     strategy        PnL: 14:14:06 MTM=2899.00 Profit=0.44%
2026-07-14 14:14:07 INFO     strategy        PnL: 14:14:07 MTM=2983.50 Profit=0.45%
2026-07-14 14:14:08 INFO     strategy        PnL: 14:14:08 MTM=2964.00 Profit=0.45%
2026-07-14 14:14:09 INFO     strategy        PnL: 14:14:09 MTM=2925.00 Profit=0.45%
2026-07-14 14:14:10 INFO     strategy        PnL: 14:14:10 MTM=2954.25 Profit=0.45%
2026-07-14 14:14:11 INFO     strategy        PnL: 14:14:11 MTM=2908.75 Profit=0.44%
2026-07-14 14:14:12 INFO     strategy        PnL: 14:14:12 MTM=2918.50 Profit=0.44%
2026-07-14 14:14:13 INFO     strategy        PnL: 14:14:13 MTM=2889.25 Profit=0.44%
2026-07-14 14:14:14 INFO     strategy        PnL: 14:14:14 MTM=2921.75 Profit=0.45%
2026-07-14 14:14:15 INFO     strategy        PnL: 14:14:15 MTM=2882.75 Profit=0.44%
2026-07-14 14:14:16 INFO     strategy        PnL: 14:14:16 MTM=2850.25 Profit=0.43%
2026-07-14 14:14:17 INFO     strategy        PnL: 14:14:17 MTM=2873.00 Profit=0.44%
2026-07-14 14:14:18 INFO     strategy        PnL: 14:14:18 MTM=2882.75 Profit=0.44%
2026-07-14 14:14:19 INFO     strategy        PnL: 14:14:19 MTM=2902.25 Profit=0.44%
2026-07-14 14:14:20 INFO     strategy        PnL: 14:14:20 MTM=2879.50 Profit=0.44%
2026-07-14 14:14:21 INFO     strategy        PnL: 14:14:21 MTM=2889.25 Profit=0.44%
2026-07-14 14:14:22 INFO     strategy        PnL: 14:14:22 MTM=2879.50 Profit=0.44%
2026-07-14 14:14:23 INFO     strategy        PnL: 14:14:23 MTM=2873.00 Profit=0.44%
2026-07-14 14:14:24 INFO     strategy        PnL: 14:14:24 MTM=2860.00 Profit=0.44%
2026-07-14 14:14:25 INFO     strategy        PnL: 14:14:25 MTM=2895.75 Profit=0.44%
2026-07-14 14:14:26 INFO     strategy        PnL: 14:14:26 MTM=2889.25 Profit=0.44%
2026-07-14 14:14:27 INFO     strategy        PnL: 14:14:27 MTM=2899.00 Profit=0.44%
2026-07-14 14:14:28 INFO     strategy        PnL: 14:14:28 MTM=2895.75 Profit=0.44%
2026-07-14 14:14:29 INFO     strategy        PnL: 14:14:29 MTM=2908.75 Profit=0.44%
2026-07-14 14:14:30 INFO     strategy        PnL: 14:14:30 MTM=2912.00 Profit=0.44%
2026-07-14 14:14:31 INFO     strategy        PnL: 14:14:31 MTM=2915.25 Profit=0.44%
2026-07-14 14:14:32 INFO     strategy        PnL: 14:14:32 MTM=2918.50 Profit=0.44%
2026-07-14 14:14:33 INFO     strategy        PnL: 14:14:33 MTM=2899.00 Profit=0.44%
2026-07-14 14:14:34 INFO     strategy        PnL: 14:14:34 MTM=2944.50 Profit=0.45%
2026-07-14 14:14:35 INFO     strategy        PnL: 14:14:35 MTM=2928.25 Profit=0.45%
2026-07-14 14:14:36 INFO     strategy        PnL: 14:14:36 MTM=2944.50 Profit=0.45%
2026-07-14 14:14:37 INFO     strategy        PnL: 14:14:37 MTM=2921.75 Profit=0.45%
2026-07-14 14:14:38 INFO     strategy        PnL: 14:14:38 MTM=2970.50 Profit=0.45%
2026-07-14 14:14:39 INFO     strategy        PnL: 14:14:39 MTM=2986.75 Profit=0.45%
2026-07-14 14:14:40 INFO     strategy        PnL: 14:14:40 MTM=2999.75 Profit=0.46%
2026-07-14 14:14:41 INFO     strategy        PnL: 14:14:41 MTM=2964.00 Profit=0.45%
2026-07-14 14:14:42 INFO     strategy        PnL: 14:14:42 MTM=2996.50 Profit=0.46%
2026-07-14 14:14:43 INFO     strategy        PnL: 14:14:43 MTM=2973.75 Profit=0.45%
2026-07-14 14:14:44 INFO     strategy        PnL: 14:14:44 MTM=2970.50 Profit=0.45%
2026-07-14 14:14:45 INFO     strategy        PnL: 14:14:45 MTM=3016.00 Profit=0.46%
2026-07-14 14:14:46 INFO     strategy        PnL: 14:14:46 MTM=2996.50 Profit=0.46%
2026-07-14 14:14:47 INFO     strategy        PnL: 14:14:47 MTM=2970.50 Profit=0.45%
2026-07-14 14:14:48 INFO     strategy        PnL: 14:14:48 MTM=2973.75 Profit=0.45%
2026-07-14 14:14:49 INFO     strategy        PnL: 14:14:49 MTM=2983.50 Profit=0.45%
2026-07-14 14:14:50 INFO     strategy        PnL: 14:14:50 MTM=2941.25 Profit=0.45%
2026-07-14 14:14:52 INFO     strategy        PnL: 14:14:51 MTM=2951.00 Profit=0.45%
2026-07-14 14:14:53 INFO     strategy        PnL: 14:14:53 MTM=2983.50 Profit=0.45%
2026-07-14 14:14:54 INFO     strategy        PnL: 14:14:54 MTM=2957.50 Profit=0.45%
2026-07-14 14:14:55 INFO     strategy        PnL: 14:14:55 MTM=2951.00 Profit=0.45%
2026-07-14 14:14:56 INFO     strategy        PnL: 14:14:56 MTM=2938.00 Profit=0.45%
2026-07-14 14:14:57 INFO     strategy        PnL: 14:14:57 MTM=2951.00 Profit=0.45%
2026-07-14 14:14:58 INFO     strategy        PnL: 14:14:58 MTM=2951.00 Profit=0.45%
2026-07-14 14:14:59 INFO     strategy        PnL: 14:14:59 MTM=2938.00 Profit=0.45%
2026-07-14 14:15:00 INFO     strategy        PnL: 14:15:00 MTM=2947.75 Profit=0.45%
2026-07-14 14:15:01 INFO     strategy        PnL: 14:15:01 MTM=2951.00 Profit=0.45%
2026-07-14 14:15:02 INFO     strategy        PnL: 14:15:02 MTM=2954.25 Profit=0.45%
2026-07-14 14:15:03 INFO     strategy        PnL: 14:15:03 MTM=2967.25 Profit=0.45%
2026-07-14 14:15:04 INFO     strategy        PnL: 14:15:04 MTM=2970.50 Profit=0.45%
2026-07-14 14:15:05 INFO     strategy        PnL: 14:15:05 MTM=2951.00 Profit=0.45%
2026-07-14 14:15:06 INFO     strategy        PnL: 14:15:06 MTM=2977.00 Profit=0.45%
2026-07-14 14:15:07 INFO     strategy        PnL: 14:15:07 MTM=2999.75 Profit=0.46%
2026-07-14 14:15:08 INFO     strategy        PnL: 14:15:08 MTM=3006.25 Profit=0.46%
2026-07-14 14:15:09 INFO     strategy        PnL: 14:15:09 MTM=2999.75 Profit=0.46%
2026-07-14 14:15:10 INFO     strategy        PnL: 14:15:10 MTM=2993.25 Profit=0.46%
2026-07-14 14:15:11 INFO     strategy        PnL: 14:15:11 MTM=2951.00 Profit=0.45%
2026-07-14 14:15:12 INFO     strategy        PnL: 14:15:12 MTM=3022.50 Profit=0.46%
2026-07-14 14:15:13 INFO     strategy        PnL: 14:15:13 MTM=3032.25 Profit=0.46%
2026-07-14 14:15:14 INFO     strategy        PnL: 14:15:14 MTM=2993.25 Profit=0.46%
2026-07-14 14:15:15 INFO     strategy        PnL: 14:15:15 MTM=2941.25 Profit=0.45%
2026-07-14 14:15:16 INFO     strategy        PnL: 14:15:16 MTM=2954.25 Profit=0.45%
2026-07-14 14:15:17 INFO     strategy        PnL: 14:15:17 MTM=2921.75 Profit=0.45%
2026-07-14 14:15:18 INFO     strategy        PnL: 14:15:18 MTM=2902.25 Profit=0.44%
2026-07-14 14:15:19 INFO     strategy        PnL: 14:15:19 MTM=2915.25 Profit=0.44%
2026-07-14 14:15:20 INFO     strategy        PnL: 14:15:20 MTM=2928.25 Profit=0.45%
2026-07-14 14:15:21 INFO     strategy        PnL: 14:15:21 MTM=2921.75 Profit=0.45%
2026-07-14 14:15:22 INFO     strategy        PnL: 14:15:22 MTM=2934.75 Profit=0.45%
2026-07-14 14:15:23 INFO     strategy        PnL: 14:15:23 MTM=2967.25 Profit=0.45%
2026-07-14 14:15:24 INFO     strategy        PnL: 14:15:24 MTM=2970.50 Profit=0.45%
2026-07-14 14:15:25 INFO     strategy        PnL: 14:15:25 MTM=2899.00 Profit=0.44%
2026-07-14 14:15:26 INFO     strategy        PnL: 14:15:26 MTM=2931.50 Profit=0.45%
2026-07-14 14:15:27 INFO     strategy        PnL: 14:15:27 MTM=2899.00 Profit=0.44%
2026-07-14 14:15:28 INFO     strategy        PnL: 14:15:28 MTM=2895.75 Profit=0.44%
2026-07-14 14:15:29 INFO     strategy        PnL: 14:15:29 MTM=2921.75 Profit=0.45%
2026-07-14 14:15:30 INFO     strategy        PnL: 14:15:30 MTM=2869.75 Profit=0.44%
2026-07-14 14:15:31 INFO     strategy        PnL: 14:15:31 MTM=2947.75 Profit=0.45%
2026-07-14 14:15:32 INFO     strategy        PnL: 14:15:32 MTM=2873.00 Profit=0.44%
2026-07-14 14:15:33 INFO     strategy        PnL: 14:15:33 MTM=2889.25 Profit=0.44%
2026-07-14 14:15:34 INFO     strategy        PnL: 14:15:34 MTM=2931.50 Profit=0.45%
2026-07-14 14:15:35 INFO     strategy        PnL: 14:15:35 MTM=2866.50 Profit=0.44%
2026-07-14 14:15:36 INFO     strategy        PnL: 14:15:36 MTM=2899.00 Profit=0.44%
2026-07-14 14:15:37 INFO     strategy        PnL: 14:15:37 MTM=2873.00 Profit=0.44%
2026-07-14 14:15:38 INFO     strategy        PnL: 14:15:38 MTM=2847.00 Profit=0.43%
2026-07-14 14:15:39 INFO     strategy        PnL: 14:15:39 MTM=2847.00 Profit=0.43%
2026-07-14 14:15:40 INFO     strategy        PnL: 14:15:40 MTM=2834.00 Profit=0.43%
2026-07-14 14:15:41 INFO     strategy        PnL: 14:15:41 MTM=2837.25 Profit=0.43%
2026-07-14 14:15:42 INFO     strategy        PnL: 14:15:42 MTM=2840.50 Profit=0.43%
2026-07-14 14:15:43 INFO     strategy        PnL: 14:15:43 MTM=2843.75 Profit=0.43%
2026-07-14 14:15:44 INFO     strategy        PnL: 14:15:44 MTM=2938.00 Profit=0.45%
2026-07-14 14:15:45 INFO     strategy        PnL: 14:15:45 MTM=2895.75 Profit=0.44%
2026-07-14 14:15:46 INFO     strategy        PnL: 14:15:46 MTM=2873.00 Profit=0.44%
2026-07-14 14:15:47 INFO     strategy        PnL: 14:15:47 MTM=2889.25 Profit=0.44%
2026-07-14 14:15:48 INFO     strategy        PnL: 14:15:48 MTM=2892.50 Profit=0.44%
2026-07-14 14:15:49 INFO     strategy        PnL: 14:15:49 MTM=2895.75 Profit=0.44%
2026-07-14 14:15:50 INFO     strategy        PnL: 14:15:50 MTM=2902.25 Profit=0.44%
2026-07-14 14:15:51 INFO     strategy        PnL: 14:15:51 MTM=2912.00 Profit=0.44%
2026-07-14 14:15:52 INFO     strategy        PnL: 14:15:52 MTM=2899.00 Profit=0.44%
2026-07-14 14:15:53 INFO     strategy        PnL: 14:15:53 MTM=2889.25 Profit=0.44%
2026-07-14 14:15:54 INFO     strategy        PnL: 14:15:54 MTM=2918.50 Profit=0.44%
2026-07-14 14:15:55 INFO     strategy        PnL: 14:15:55 MTM=2915.25 Profit=0.44%
2026-07-14 14:15:56 INFO     strategy        PnL: 14:15:56 MTM=2886.00 Profit=0.44%
2026-07-14 14:15:57 INFO     strategy        PnL: 14:15:57 MTM=2886.00 Profit=0.44%
2026-07-14 14:15:59 INFO     strategy        PnL: 14:15:58 MTM=2879.50 Profit=0.44%
2026-07-14 14:16:00 INFO     strategy        PnL: 14:16:00 MTM=2944.50 Profit=0.45%
2026-07-14 14:16:01 INFO     strategy        PnL: 14:16:01 MTM=2999.75 Profit=0.46%
2026-07-14 14:16:02 INFO     strategy        PnL: 14:16:02 MTM=2928.25 Profit=0.45%
2026-07-14 14:16:03 INFO     strategy        PnL: 14:16:03 MTM=2921.75 Profit=0.45%
2026-07-14 14:16:04 INFO     strategy        PnL: 14:16:04 MTM=2957.50 Profit=0.45%
2026-07-14 14:16:05 INFO     strategy        PnL: 14:16:05 MTM=2918.50 Profit=0.44%
2026-07-14 14:16:06 INFO     strategy        PnL: 14:16:06 MTM=2934.75 Profit=0.45%
2026-07-14 14:16:07 INFO     strategy        PnL: 14:16:07 MTM=2915.25 Profit=0.44%
2026-07-14 14:16:08 INFO     strategy        PnL: 14:16:08 MTM=2925.00 Profit=0.45%
2026-07-14 14:16:09 INFO     strategy        PnL: 14:16:09 MTM=2947.75 Profit=0.45%
2026-07-14 14:16:10 INFO     strategy        PnL: 14:16:10 MTM=2973.75 Profit=0.45%
2026-07-14 14:16:11 INFO     strategy        PnL: 14:16:11 MTM=2957.50 Profit=0.45%
2026-07-14 14:16:12 INFO     strategy        PnL: 14:16:12 MTM=2951.00 Profit=0.45%
2026-07-14 14:16:13 INFO     strategy        PnL: 14:16:13 MTM=2921.75 Profit=0.45%
2026-07-14 14:16:14 INFO     strategy        PnL: 14:16:14 MTM=2925.00 Profit=0.45%
2026-07-14 14:16:15 INFO     strategy        PnL: 14:16:15 MTM=2951.00 Profit=0.45%
2026-07-14 14:16:16 INFO     strategy        PnL: 14:16:16 MTM=2934.75 Profit=0.45%
2026-07-14 14:16:17 INFO     strategy        PnL: 14:16:17 MTM=2934.75 Profit=0.45%
2026-07-14 14:16:18 INFO     strategy        PnL: 14:16:18 MTM=2918.50 Profit=0.44%
2026-07-14 14:16:19 INFO     strategy        PnL: 14:16:19 MTM=2908.75 Profit=0.44%
2026-07-14 14:16:20 INFO     strategy        PnL: 14:16:20 MTM=2892.50 Profit=0.44%
2026-07-14 14:16:21 INFO     strategy        PnL: 14:16:21 MTM=2934.75 Profit=0.45%
2026-07-14 14:16:22 INFO     strategy        PnL: 14:16:22 MTM=2912.00 Profit=0.44%
2026-07-14 14:16:23 INFO     strategy        PnL: 14:16:23 MTM=2730.00 Profit=0.42%
2026-07-14 14:16:24 INFO     strategy        PnL: 14:16:24 MTM=3016.00 Profit=0.46%
2026-07-14 14:16:25 INFO     strategy        PnL: 14:16:25 MTM=2983.50 Profit=0.45%
2026-07-14 14:16:26 INFO     strategy        PnL: 14:16:26 MTM=3003.00 Profit=0.46%
2026-07-14 14:16:27 INFO     strategy        PnL: 14:16:27 MTM=2970.50 Profit=0.45%
2026-07-14 14:16:28 INFO     strategy        PnL: 14:16:28 MTM=2983.50 Profit=0.45%
2026-07-14 14:16:29 INFO     strategy        PnL: 14:16:29 MTM=2980.25 Profit=0.45%
2026-07-14 14:16:30 INFO     strategy        PnL: 14:16:30 MTM=2986.75 Profit=0.45%
2026-07-14 14:16:31 INFO     strategy        PnL: 14:16:31 MTM=2983.50 Profit=0.45%
2026-07-14 14:16:32 INFO     strategy        PnL: 14:16:32 MTM=2990.00 Profit=0.46%
2026-07-14 14:16:33 INFO     strategy        PnL: 14:16:33 MTM=2986.75 Profit=0.45%
2026-07-14 14:16:34 INFO     strategy        PnL: 14:16:34 MTM=2954.25 Profit=0.45%
2026-07-14 14:16:35 INFO     strategy        PnL: 14:16:35 MTM=2967.25 Profit=0.45%
2026-07-14 14:16:36 INFO     strategy        PnL: 14:16:36 MTM=2931.50 Profit=0.45%
2026-07-14 14:16:37 INFO     strategy        PnL: 14:16:37 MTM=2944.50 Profit=0.45%
2026-07-14 14:16:38 INFO     strategy        PnL: 14:16:38 MTM=2941.25 Profit=0.45%
2026-07-14 14:16:39 INFO     strategy        PnL: 14:16:39 MTM=2925.00 Profit=0.45%
2026-07-14 14:16:40 INFO     strategy        PnL: 14:16:40 MTM=2941.25 Profit=0.45%
2026-07-14 14:16:41 INFO     strategy        PnL: 14:16:41 MTM=2951.00 Profit=0.45%
2026-07-14 14:16:42 INFO     strategy        PnL: 14:16:42 MTM=2912.00 Profit=0.44%
2026-07-14 14:16:43 INFO     strategy        PnL: 14:16:43 MTM=2934.75 Profit=0.45%
2026-07-14 14:16:44 INFO     strategy        PnL: 14:16:44 MTM=2960.75 Profit=0.45%
2026-07-14 14:16:45 INFO     strategy        PnL: 14:16:45 MTM=2993.25 Profit=0.46%
2026-07-14 14:16:46 INFO     strategy        PnL: 14:16:46 MTM=2973.75 Profit=0.45%
2026-07-14 14:16:47 INFO     strategy        PnL: 14:16:47 MTM=2986.75 Profit=0.45%
2026-07-14 14:16:48 INFO     strategy        PnL: 14:16:48 MTM=2993.25 Profit=0.46%
2026-07-14 14:16:49 INFO     strategy        PnL: 14:16:49 MTM=2977.00 Profit=0.45%
2026-07-14 14:16:50 INFO     strategy        PnL: 14:16:50 MTM=2960.75 Profit=0.45%
2026-07-14 14:16:51 INFO     strategy        PnL: 14:16:51 MTM=3022.50 Profit=0.46%
2026-07-14 14:16:52 INFO     strategy        PnL: 14:16:52 MTM=2980.25 Profit=0.45%
2026-07-14 14:16:53 INFO     strategy        PnL: 14:16:53 MTM=3019.25 Profit=0.46%
2026-07-14 14:16:54 INFO     strategy        PnL: 14:16:54 MTM=3006.25 Profit=0.46%
2026-07-14 14:16:55 INFO     strategy        PnL: 14:16:55 MTM=2915.25 Profit=0.44%
2026-07-14 14:16:56 INFO     strategy        PnL: 14:16:56 MTM=2947.75 Profit=0.45%
2026-07-14 14:16:57 INFO     strategy        PnL: 14:16:57 MTM=2999.75 Profit=0.46%
2026-07-14 14:16:58 INFO     strategy        PnL: 14:16:58 MTM=2964.00 Profit=0.45%
2026-07-14 14:16:59 INFO     strategy        PnL: 14:16:59 MTM=2983.50 Profit=0.45%
2026-07-14 14:17:00 INFO     strategy        PnL: 14:17:00 MTM=2973.75 Profit=0.45%
2026-07-14 14:17:01 INFO     strategy        PnL: 14:17:01 MTM=3009.50 Profit=0.46%
2026-07-14 14:17:02 INFO     strategy        PnL: 14:17:02 MTM=2977.00 Profit=0.45%
2026-07-14 14:17:03 INFO     strategy        PnL: 14:17:03 MTM=3051.75 Profit=0.46%
2026-07-14 14:17:04 INFO     strategy        PnL: 14:17:04 MTM=3022.50 Profit=0.46%
2026-07-14 14:17:05 INFO     strategy        PnL: 14:17:05 MTM=3012.75 Profit=0.46%
2026-07-14 14:17:06 INFO     strategy        PnL: 14:17:06 MTM=2977.00 Profit=0.45%
2026-07-14 14:17:07 INFO     strategy        PnL: 14:17:07 MTM=2993.25 Profit=0.46%
2026-07-14 14:17:08 INFO     strategy        PnL: 14:17:08 MTM=2980.25 Profit=0.45%
2026-07-14 14:17:09 INFO     strategy        PnL: 14:17:09 MTM=2947.75 Profit=0.45%
2026-07-14 14:17:10 INFO     strategy        PnL: 14:17:10 MTM=3003.00 Profit=0.46%
2026-07-14 14:17:11 INFO     strategy        PnL: 14:17:11 MTM=3009.50 Profit=0.46%
2026-07-14 14:17:12 INFO     strategy        PnL: 14:17:12 MTM=2990.00 Profit=0.46%
2026-07-14 14:17:14 INFO     strategy        PnL: 14:17:14 MTM=3074.50 Profit=0.47%
2026-07-14 14:17:15 INFO     strategy        PnL: 14:17:15 MTM=3074.50 Profit=0.47%
2026-07-14 14:17:16 INFO     strategy        PnL: 14:17:16 MTM=3022.50 Profit=0.46%
2026-07-14 14:17:17 INFO     strategy        PnL: 14:17:17 MTM=3009.50 Profit=0.46%
2026-07-14 14:17:18 INFO     strategy        PnL: 14:17:18 MTM=3025.75 Profit=0.46%
2026-07-14 14:17:19 INFO     strategy        PnL: 14:17:19 MTM=3019.25 Profit=0.46%
2026-07-14 14:17:20 INFO     strategy        PnL: 14:17:20 MTM=3068.00 Profit=0.47%
2026-07-14 14:17:21 INFO     strategy        PnL: 14:17:21 MTM=3048.50 Profit=0.46%
2026-07-14 14:17:22 INFO     strategy        PnL: 14:17:22 MTM=3042.00 Profit=0.46%
2026-07-14 14:17:23 INFO     strategy        PnL: 14:17:23 MTM=3068.00 Profit=0.47%
2026-07-14 14:17:24 INFO     strategy        PnL: 14:17:24 MTM=3071.25 Profit=0.47%
2026-07-14 14:17:25 INFO     strategy        PnL: 14:17:25 MTM=2993.25 Profit=0.46%
2026-07-14 14:17:26 INFO     strategy        PnL: 14:17:26 MTM=3035.50 Profit=0.46%
2026-07-14 14:17:27 INFO     strategy        PnL: 14:17:27 MTM=3061.50 Profit=0.47%
2026-07-14 14:17:28 INFO     strategy        PnL: 14:17:28 MTM=3032.25 Profit=0.46%
2026-07-14 14:17:29 INFO     strategy        PnL: 14:17:29 MTM=3029.00 Profit=0.46%
2026-07-14 14:17:30 INFO     strategy        PnL: 14:17:30 MTM=3071.25 Profit=0.47%
2026-07-14 14:17:31 INFO     strategy        PnL: 14:17:31 MTM=3042.00 Profit=0.46%
2026-07-14 14:17:32 INFO     strategy        PnL: 14:17:32 MTM=3051.75 Profit=0.46%
2026-07-14 14:17:33 INFO     strategy        PnL: 14:17:33 MTM=3107.00 Profit=0.47%
2026-07-14 14:17:34 INFO     strategy        PnL: 14:17:34 MTM=3035.50 Profit=0.46%
2026-07-14 14:17:35 INFO     strategy        PnL: 14:17:35 MTM=3055.00 Profit=0.47%
2026-07-14 14:17:36 INFO     strategy        PnL: 14:17:36 MTM=3087.50 Profit=0.47%
2026-07-14 14:17:37 INFO     strategy        PnL: 14:17:37 MTM=3068.00 Profit=0.47%
2026-07-14 14:17:38 INFO     strategy        PnL: 14:17:38 MTM=3084.25 Profit=0.47%
2026-07-14 14:17:39 INFO     strategy        PnL: 14:17:39 MTM=3081.00 Profit=0.47%
2026-07-14 14:17:40 INFO     strategy        PnL: 14:17:40 MTM=3084.25 Profit=0.47%
2026-07-14 14:17:41 INFO     strategy        PnL: 14:17:41 MTM=3035.50 Profit=0.46%
2026-07-14 14:17:42 INFO     strategy        PnL: 14:17:42 MTM=3068.00 Profit=0.47%
2026-07-14 14:17:43 INFO     strategy        PnL: 14:17:43 MTM=3084.25 Profit=0.47%
2026-07-14 14:17:44 INFO     strategy        PnL: 14:17:44 MTM=3058.25 Profit=0.47%
2026-07-14 14:17:45 INFO     strategy        PnL: 14:17:45 MTM=3058.25 Profit=0.47%
2026-07-14 14:17:46 INFO     strategy        PnL: 14:17:46 MTM=3048.50 Profit=0.46%
2026-07-14 14:17:47 INFO     strategy        PnL: 14:17:47 MTM=3051.75 Profit=0.46%
2026-07-14 14:17:48 INFO     strategy        PnL: 14:17:48 MTM=3022.50 Profit=0.46%
2026-07-14 14:17:49 INFO     strategy        PnL: 14:17:49 MTM=3019.25 Profit=0.46%
2026-07-14 14:17:50 INFO     strategy        PnL: 14:17:50 MTM=3025.75 Profit=0.46%
2026-07-14 14:17:51 INFO     strategy        PnL: 14:17:51 MTM=3061.50 Profit=0.47%
2026-07-14 14:17:52 INFO     strategy        PnL: 14:17:52 MTM=3012.75 Profit=0.46%
2026-07-14 14:17:53 INFO     strategy        PnL: 14:17:53 MTM=3048.50 Profit=0.46%
2026-07-14 14:17:54 INFO     strategy        PnL: 14:17:54 MTM=3055.00 Profit=0.47%
2026-07-14 14:17:55 INFO     strategy        PnL: 14:17:55 MTM=3003.00 Profit=0.46%
2026-07-14 14:17:56 INFO     strategy        PnL: 14:17:56 MTM=3042.00 Profit=0.46%
2026-07-14 14:17:57 INFO     strategy        PnL: 14:17:57 MTM=3084.25 Profit=0.47%
2026-07-14 14:17:58 INFO     strategy        PnL: 14:17:58 MTM=3016.00 Profit=0.46%
2026-07-14 14:17:59 INFO     strategy        PnL: 14:17:59 MTM=2980.25 Profit=0.45%
2026-07-14 14:18:00 INFO     strategy        PnL: 14:18:00 MTM=3019.25 Profit=0.46%
2026-07-14 14:18:01 INFO     strategy        PnL: 14:18:01 MTM=3025.75 Profit=0.46%
2026-07-14 14:18:02 INFO     strategy        PnL: 14:18:02 MTM=3042.00 Profit=0.46%
2026-07-14 14:18:03 INFO     strategy        PnL: 14:18:03 MTM=3038.75 Profit=0.46%
2026-07-14 14:18:04 INFO     strategy        PnL: 14:18:04 MTM=3025.75 Profit=0.46%
2026-07-14 14:18:05 INFO     strategy        PnL: 14:18:05 MTM=3038.75 Profit=0.46%
2026-07-14 14:18:06 INFO     strategy        PnL: 14:18:06 MTM=3038.75 Profit=0.46%
2026-07-14 14:18:07 INFO     strategy        PnL: 14:18:07 MTM=3116.75 Profit=0.47%
2026-07-14 14:18:08 INFO     strategy        PnL: 14:18:08 MTM=3038.75 Profit=0.46%
2026-07-14 14:18:09 INFO     strategy        PnL: 14:18:09 MTM=2905.50 Profit=0.44%
2026-07-14 14:18:10 INFO     strategy        PnL: 14:18:10 MTM=2983.50 Profit=0.45%
2026-07-14 14:18:11 INFO     strategy        PnL: 14:18:11 MTM=2980.25 Profit=0.45%
2026-07-14 14:18:12 INFO     strategy        PnL: 14:18:12 MTM=2905.50 Profit=0.44%
2026-07-14 14:18:13 INFO     strategy        PnL: 14:18:13 MTM=3032.25 Profit=0.46%
2026-07-14 14:18:14 INFO     strategy        PnL: 14:18:14 MTM=3048.50 Profit=0.46%
2026-07-14 14:18:15 INFO     strategy        PnL: 14:18:15 MTM=2973.75 Profit=0.45%
2026-07-14 14:18:16 INFO     strategy        PnL: 14:18:16 MTM=3009.50 Profit=0.46%
2026-07-14 14:18:17 INFO     strategy        PnL: 14:18:17 MTM=2954.25 Profit=0.45%
2026-07-14 14:18:18 INFO     strategy        PnL: 14:18:18 MTM=3045.25 Profit=0.46%
2026-07-14 14:18:19 INFO     strategy        PnL: 14:18:19 MTM=2999.75 Profit=0.46%
2026-07-14 14:18:20 INFO     strategy        PnL: 14:18:20 MTM=3081.00 Profit=0.47%
2026-07-14 14:18:21 INFO     strategy        PnL: 14:18:21 MTM=3162.25 Profit=0.48%
2026-07-14 14:18:22 INFO     strategy        PnL: 14:18:22 MTM=3081.00 Profit=0.47%
2026-07-14 14:18:23 INFO     strategy        PnL: 14:18:23 MTM=3142.75 Profit=0.48%
2026-07-14 14:18:24 INFO     strategy        PnL: 14:18:24 MTM=3178.50 Profit=0.48%
2026-07-14 14:18:25 INFO     strategy        PnL: 14:18:25 MTM=3029.00 Profit=0.46%
2026-07-14 14:18:26 INFO     strategy        PnL: 14:18:26 MTM=3113.50 Profit=0.47%
2026-07-14 14:18:27 INFO     strategy        PnL: 14:18:27 MTM=3094.00 Profit=0.47%
2026-07-14 14:18:28 INFO     strategy        PnL: 14:18:28 MTM=3045.25 Profit=0.46%
2026-07-14 14:18:29 INFO     strategy        PnL: 14:18:29 MTM=3068.00 Profit=0.47%
2026-07-14 14:18:30 INFO     strategy        PnL: 14:18:30 MTM=3048.50 Profit=0.46%
2026-07-14 14:18:31 INFO     strategy        PnL: 14:18:31 MTM=3061.50 Profit=0.47%
2026-07-14 14:18:32 INFO     strategy        PnL: 14:18:32 MTM=2993.25 Profit=0.46%
2026-07-14 14:18:33 INFO     strategy        PnL: 14:18:33 MTM=3077.75 Profit=0.47%
2026-07-14 14:18:34 INFO     strategy        PnL: 14:18:34 MTM=3051.75 Profit=0.46%
2026-07-14 14:18:35 INFO     strategy        PnL: 14:18:35 MTM=3045.25 Profit=0.46%
2026-07-14 14:18:36 INFO     strategy        PnL: 14:18:36 MTM=3032.25 Profit=0.46%
2026-07-14 14:18:37 INFO     strategy        PnL: 14:18:37 MTM=2999.75 Profit=0.46%
2026-07-14 14:18:38 INFO     strategy        PnL: 14:18:38 MTM=3025.75 Profit=0.46%
2026-07-14 14:18:39 INFO     strategy        PnL: 14:18:39 MTM=2999.75 Profit=0.46%
2026-07-14 14:18:41 INFO     strategy        PnL: 14:18:41 MTM=2980.25 Profit=0.45%
2026-07-14 14:18:42 INFO     strategy        PnL: 14:18:42 MTM=2986.75 Profit=0.45%
2026-07-14 14:18:43 INFO     strategy        PnL: 14:18:43 MTM=2960.75 Profit=0.45%
2026-07-14 14:18:44 INFO     strategy        PnL: 14:18:44 MTM=2957.50 Profit=0.45%
2026-07-14 14:18:45 INFO     strategy        PnL: 14:18:45 MTM=2960.75 Profit=0.45%
2026-07-14 14:18:46 INFO     strategy        PnL: 14:18:46 MTM=2986.75 Profit=0.45%
2026-07-14 14:18:47 INFO     strategy        PnL: 14:18:47 MTM=3012.75 Profit=0.46%
2026-07-14 14:18:48 INFO     strategy        PnL: 14:18:48 MTM=3012.75 Profit=0.46%
2026-07-14 14:18:49 INFO     strategy        PnL: 14:18:49 MTM=2986.75 Profit=0.45%
2026-07-14 14:18:50 INFO     strategy        PnL: 14:18:50 MTM=2960.75 Profit=0.45%
2026-07-14 14:18:51 INFO     strategy        PnL: 14:18:51 MTM=3009.50 Profit=0.46%
2026-07-14 14:18:52 INFO     strategy        PnL: 14:18:52 MTM=2957.50 Profit=0.45%
2026-07-14 14:18:53 INFO     strategy        PnL: 14:18:53 MTM=2973.75 Profit=0.45%
2026-07-14 14:18:54 INFO     strategy        PnL: 14:18:54 MTM=2980.25 Profit=0.45%
2026-07-14 14:18:55 INFO     strategy        PnL: 14:18:55 MTM=2999.75 Profit=0.46%
2026-07-14 14:18:56 INFO     strategy        PnL: 14:18:56 MTM=2970.50 Profit=0.45%
2026-07-14 14:18:57 INFO     strategy        PnL: 14:18:57 MTM=2977.00 Profit=0.45%
2026-07-14 14:18:58 INFO     strategy        PnL: 14:18:58 MTM=3025.75 Profit=0.46%
2026-07-14 14:18:59 INFO     strategy        PnL: 14:18:59 MTM=3019.25 Profit=0.46%
2026-07-14 14:19:00 INFO     strategy        PnL: 14:19:00 MTM=2996.50 Profit=0.46%
2026-07-14 14:19:01 INFO     strategy        PnL: 14:19:01 MTM=3019.25 Profit=0.46%
2026-07-14 14:19:02 INFO     strategy        PnL: 14:19:02 MTM=3051.75 Profit=0.46%
2026-07-14 14:19:03 INFO     strategy        PnL: 14:19:03 MTM=3003.00 Profit=0.46%
2026-07-14 14:19:04 INFO     strategy        PnL: 14:19:04 MTM=3025.75 Profit=0.46%
2026-07-14 14:19:05 INFO     strategy        PnL: 14:19:05 MTM=2973.75 Profit=0.45%
2026-07-14 14:19:06 INFO     strategy        PnL: 14:19:06 MTM=3019.25 Profit=0.46%
2026-07-14 14:19:07 INFO     strategy        PnL: 14:19:07 MTM=3035.50 Profit=0.46%
2026-07-14 14:19:08 INFO     strategy        PnL: 14:19:08 MTM=2999.75 Profit=0.46%
2026-07-14 14:19:09 INFO     strategy        PnL: 14:19:09 MTM=2999.75 Profit=0.46%
2026-07-14 14:19:10 INFO     strategy        PnL: 14:19:10 MTM=2947.75 Profit=0.45%
2026-07-14 14:19:11 INFO     strategy        PnL: 14:19:11 MTM=3038.75 Profit=0.46%
2026-07-14 14:19:12 INFO     strategy        PnL: 14:19:12 MTM=3025.75 Profit=0.46%
2026-07-14 14:19:13 INFO     strategy        PnL: 14:19:13 MTM=3025.75 Profit=0.46%
2026-07-14 14:19:14 INFO     strategy        PnL: 14:19:14 MTM=3025.75 Profit=0.46%
2026-07-14 14:19:15 INFO     strategy        PnL: 14:19:15 MTM=3012.75 Profit=0.46%
2026-07-14 14:19:16 INFO     strategy        PnL: 14:19:16 MTM=2993.25 Profit=0.46%
2026-07-14 14:19:17 INFO     strategy        PnL: 14:19:17 MTM=3061.50 Profit=0.47%
2026-07-14 14:19:18 INFO     strategy        PnL: 14:19:18 MTM=3064.75 Profit=0.47%
2026-07-14 14:19:19 INFO     strategy        PnL: 14:19:19 MTM=3012.75 Profit=0.46%
2026-07-14 14:19:20 INFO     strategy        PnL: 14:19:20 MTM=3029.00 Profit=0.46%
2026-07-14 14:19:21 INFO     strategy        PnL: 14:19:21 MTM=3094.00 Profit=0.47%
2026-07-14 14:19:22 INFO     strategy        PnL: 14:19:22 MTM=3035.50 Profit=0.46%
2026-07-14 14:19:23 INFO     strategy        PnL: 14:19:23 MTM=3042.00 Profit=0.46%
2026-07-14 14:19:24 INFO     strategy        PnL: 14:19:24 MTM=3051.75 Profit=0.46%
2026-07-14 14:19:25 INFO     strategy        PnL: 14:19:25 MTM=3071.25 Profit=0.47%
2026-07-14 14:19:26 INFO     strategy        PnL: 14:19:26 MTM=3064.75 Profit=0.47%
2026-07-14 14:19:27 INFO     strategy        PnL: 14:19:27 MTM=3042.00 Profit=0.46%
2026-07-14 14:19:28 INFO     strategy        PnL: 14:19:28 MTM=3032.25 Profit=0.46%
2026-07-14 14:19:29 INFO     strategy        PnL: 14:19:29 MTM=3051.75 Profit=0.46%
2026-07-14 14:19:30 INFO     strategy        PnL: 14:19:30 MTM=3042.00 Profit=0.46%
2026-07-14 14:19:31 INFO     strategy        PnL: 14:19:31 MTM=3077.75 Profit=0.47%
2026-07-14 14:19:32 INFO     strategy        PnL: 14:19:32 MTM=3068.00 Profit=0.47%
2026-07-14 14:19:33 INFO     strategy        PnL: 14:19:33 MTM=3025.75 Profit=0.46%
2026-07-14 14:19:34 INFO     strategy        PnL: 14:19:34 MTM=3064.75 Profit=0.47%
2026-07-14 14:19:35 INFO     strategy        PnL: 14:19:35 MTM=3042.00 Profit=0.46%
2026-07-14 14:19:36 INFO     strategy        PnL: 14:19:36 MTM=3035.50 Profit=0.46%
2026-07-14 14:19:37 INFO     strategy        PnL: 14:19:37 MTM=3035.50 Profit=0.46%
2026-07-14 14:19:38 INFO     strategy        PnL: 14:19:38 MTM=3123.25 Profit=0.48%
2026-07-14 14:19:39 INFO     strategy        PnL: 14:19:39 MTM=3051.75 Profit=0.46%
2026-07-14 14:19:40 INFO     strategy        PnL: 14:19:40 MTM=3055.00 Profit=0.47%
2026-07-14 14:19:41 INFO     strategy        PnL: 14:19:41 MTM=3061.50 Profit=0.47%
2026-07-14 14:19:42 INFO     strategy        PnL: 14:19:42 MTM=3103.75 Profit=0.47%
2026-07-14 14:19:43 INFO     strategy        PnL: 14:19:43 MTM=3077.75 Profit=0.47%
2026-07-14 14:19:44 INFO     strategy        PnL: 14:19:44 MTM=3051.75 Profit=0.46%
2026-07-14 14:19:45 INFO     strategy        PnL: 14:19:45 MTM=2993.25 Profit=0.46%
2026-07-14 14:19:46 INFO     strategy        PnL: 14:19:46 MTM=3012.75 Profit=0.46%
2026-07-14 14:19:47 INFO     strategy        PnL: 14:19:47 MTM=3042.00 Profit=0.46%
2026-07-14 14:19:48 INFO     strategy        PnL: 14:19:48 MTM=3029.00 Profit=0.46%
2026-07-14 14:19:49 INFO     strategy        PnL: 14:19:49 MTM=3055.00 Profit=0.47%
2026-07-14 14:19:50 INFO     strategy        PnL: 14:19:50 MTM=3061.50 Profit=0.47%
2026-07-14 14:19:51 INFO     strategy        PnL: 14:19:51 MTM=3110.25 Profit=0.47%
2026-07-14 14:19:52 INFO     strategy        PnL: 14:19:52 MTM=3032.25 Profit=0.46%
2026-07-14 14:19:53 INFO     strategy        PnL: 14:19:53 MTM=3029.00 Profit=0.46%
2026-07-14 14:19:55 INFO     strategy        PnL: 14:19:55 MTM=3025.75 Profit=0.46%
2026-07-14 14:19:56 INFO     strategy        PnL: 14:19:56 MTM=3110.25 Profit=0.47%
2026-07-14 14:19:57 INFO     strategy        PnL: 14:19:57 MTM=3071.25 Profit=0.47%
2026-07-14 14:19:58 INFO     strategy        PnL: 14:19:58 MTM=3064.75 Profit=0.47%
2026-07-14 14:19:59 INFO     strategy        PnL: 14:19:59 MTM=3068.00 Profit=0.47%
2026-07-14 14:20:00 INFO     strategy        PnL: 14:20:00 MTM=3074.50 Profit=0.47%
2026-07-14 14:20:01 INFO     strategy        PnL: 14:20:01 MTM=3126.50 Profit=0.48%
2026-07-14 14:20:02 INFO     strategy        PnL: 14:20:02 MTM=3042.00 Profit=0.46%
2026-07-14 14:20:03 INFO     strategy        PnL: 14:20:03 MTM=3074.50 Profit=0.47%
2026-07-14 14:20:04 INFO     strategy        PnL: 14:20:04 MTM=3064.75 Profit=0.47%
2026-07-14 14:20:05 INFO     strategy        PnL: 14:20:05 MTM=3084.25 Profit=0.47%
2026-07-14 14:20:06 INFO     strategy        PnL: 14:20:06 MTM=3048.50 Profit=0.46%
2026-07-14 14:20:07 INFO     strategy        PnL: 14:20:07 MTM=3051.75 Profit=0.46%
2026-07-14 14:20:08 INFO     strategy        PnL: 14:20:08 MTM=3045.25 Profit=0.46%
2026-07-14 14:20:09 INFO     strategy        PnL: 14:20:09 MTM=3058.25 Profit=0.47%
2026-07-14 14:20:10 INFO     strategy        PnL: 14:20:10 MTM=3100.50 Profit=0.47%
2026-07-14 14:20:11 INFO     strategy        PnL: 14:20:11 MTM=3081.00 Profit=0.47%
2026-07-14 14:20:12 INFO     strategy        PnL: 14:20:12 MTM=3068.00 Profit=0.47%
2026-07-14 14:20:13 INFO     strategy        PnL: 14:20:13 MTM=3042.00 Profit=0.46%
2026-07-14 14:20:14 INFO     strategy        PnL: 14:20:14 MTM=3045.25 Profit=0.46%
2026-07-14 14:20:15 INFO     strategy        PnL: 14:20:15 MTM=3058.25 Profit=0.47%
2026-07-14 14:20:16 INFO     strategy        PnL: 14:20:16 MTM=3103.75 Profit=0.47%
2026-07-14 14:20:17 INFO     strategy        PnL: 14:20:17 MTM=3081.00 Profit=0.47%
2026-07-14 14:20:18 INFO     strategy        PnL: 14:20:18 MTM=3074.50 Profit=0.47%
2026-07-14 14:20:19 INFO     strategy        PnL: 14:20:19 MTM=3038.75 Profit=0.46%
2026-07-14 14:20:20 INFO     strategy        PnL: 14:20:20 MTM=3029.00 Profit=0.46%
2026-07-14 14:20:21 INFO     strategy        PnL: 14:20:21 MTM=2993.25 Profit=0.46%
2026-07-14 14:20:22 INFO     strategy        PnL: 14:20:22 MTM=2986.75 Profit=0.45%
2026-07-14 14:20:23 INFO     strategy        PnL: 14:20:23 MTM=3019.25 Profit=0.46%
2026-07-14 14:20:24 INFO     strategy        PnL: 14:20:24 MTM=3003.00 Profit=0.46%
2026-07-14 14:20:25 INFO     strategy        PnL: 14:20:25 MTM=3061.50 Profit=0.47%
2026-07-14 14:20:26 INFO     strategy        PnL: 14:20:26 MTM=3038.75 Profit=0.46%
2026-07-14 14:20:27 INFO     strategy        PnL: 14:20:27 MTM=3045.25 Profit=0.46%
2026-07-14 14:20:28 INFO     strategy        PnL: 14:20:28 MTM=3051.75 Profit=0.46%
2026-07-14 14:20:29 INFO     strategy        PnL: 14:20:29 MTM=3074.50 Profit=0.47%
2026-07-14 14:20:30 INFO     strategy        PnL: 14:20:30 MTM=3019.25 Profit=0.46%
2026-07-14 14:20:31 INFO     strategy        PnL: 14:20:31 MTM=3029.00 Profit=0.46%
2026-07-14 14:20:32 INFO     strategy        PnL: 14:20:32 MTM=3016.00 Profit=0.46%
2026-07-14 14:20:33 INFO     strategy        PnL: 14:20:33 MTM=2993.25 Profit=0.46%
2026-07-14 14:20:34 INFO     strategy        PnL: 14:20:34 MTM=3006.25 Profit=0.46%
2026-07-14 14:20:35 INFO     strategy        PnL: 14:20:35 MTM=3016.00 Profit=0.46%
2026-07-14 14:20:36 INFO     strategy        PnL: 14:20:36 MTM=3012.75 Profit=0.46%
2026-07-14 14:20:37 INFO     strategy        PnL: 14:20:37 MTM=2973.75 Profit=0.45%
2026-07-14 14:20:38 INFO     strategy        PnL: 14:20:38 MTM=3038.75 Profit=0.46%
2026-07-14 14:20:39 INFO     strategy        PnL: 14:20:39 MTM=3051.75 Profit=0.46%
2026-07-14 14:20:40 INFO     strategy        PnL: 14:20:40 MTM=3051.75 Profit=0.46%
2026-07-14 14:20:41 INFO     strategy        PnL: 14:20:41 MTM=3029.00 Profit=0.46%
2026-07-14 14:20:42 INFO     strategy        PnL: 14:20:42 MTM=2999.75 Profit=0.46%
2026-07-14 14:20:43 INFO     strategy        PnL: 14:20:43 MTM=3012.75 Profit=0.46%
2026-07-14 14:20:44 INFO     strategy        PnL: 14:20:44 MTM=3025.75 Profit=0.46%
2026-07-14 14:20:45 INFO     strategy        PnL: 14:20:45 MTM=3003.00 Profit=0.46%
2026-07-14 14:20:46 INFO     strategy        PnL: 14:20:46 MTM=3029.00 Profit=0.46%
2026-07-14 14:20:47 INFO     strategy        PnL: 14:20:47 MTM=2951.00 Profit=0.45%
2026-07-14 14:20:48 INFO     strategy        PnL: 14:20:48 MTM=2941.25 Profit=0.45%
2026-07-14 14:20:49 INFO     strategy        PnL: 14:20:49 MTM=2957.50 Profit=0.45%
2026-07-14 14:20:50 INFO     strategy        PnL: 14:20:50 MTM=2973.75 Profit=0.45%
2026-07-14 14:20:51 INFO     strategy        PnL: 14:20:51 MTM=2996.50 Profit=0.46%
2026-07-14 14:20:52 INFO     strategy        PnL: 14:20:52 MTM=3003.00 Profit=0.46%
2026-07-14 14:20:53 INFO     strategy        PnL: 14:20:53 MTM=2980.25 Profit=0.45%
2026-07-14 14:20:54 INFO     strategy        PnL: 14:20:54 MTM=2986.75 Profit=0.45%
2026-07-14 14:20:55 INFO     strategy        PnL: 14:20:55 MTM=3042.00 Profit=0.46%
2026-07-14 14:20:56 INFO     strategy        PnL: 14:20:56 MTM=2980.25 Profit=0.45%
2026-07-14 14:20:57 INFO     strategy        PnL: 14:20:57 MTM=2977.00 Profit=0.45%
2026-07-14 14:20:58 INFO     strategy        PnL: 14:20:58 MTM=3016.00 Profit=0.46%
2026-07-14 14:20:59 INFO     strategy        PnL: 14:20:59 MTM=2895.75 Profit=0.44%
2026-07-14 14:21:00 INFO     strategy        PnL: 14:21:00 MTM=2986.75 Profit=0.45%
2026-07-14 14:21:01 INFO     strategy        PnL: 14:21:01 MTM=2990.00 Profit=0.46%
2026-07-14 14:21:02 INFO     strategy        PnL: 14:21:02 MTM=3012.75 Profit=0.46%
2026-07-14 14:21:04 INFO     strategy        PnL: 14:21:04 MTM=3016.00 Profit=0.46%
2026-07-14 14:21:05 INFO     strategy        PnL: 14:21:05 MTM=3003.00 Profit=0.46%
2026-07-14 14:21:06 INFO     strategy        PnL: 14:21:06 MTM=2973.75 Profit=0.45%
2026-07-14 14:21:07 INFO     strategy        PnL: 14:21:07 MTM=3009.50 Profit=0.46%
2026-07-14 14:21:08 INFO     strategy        PnL: 14:21:08 MTM=3045.25 Profit=0.46%
2026-07-14 14:21:09 INFO     strategy        PnL: 14:21:09 MTM=3038.75 Profit=0.46%
2026-07-14 14:21:10 INFO     strategy        PnL: 14:21:10 MTM=3022.50 Profit=0.46%
2026-07-14 14:21:11 INFO     strategy        PnL: 14:21:11 MTM=3019.25 Profit=0.46%
2026-07-14 14:21:12 INFO     strategy        PnL: 14:21:12 MTM=2996.50 Profit=0.46%
2026-07-14 14:21:13 INFO     strategy        PnL: 14:21:13 MTM=3071.25 Profit=0.47%
2026-07-14 14:21:14 INFO     strategy        PnL: 14:21:14 MTM=3058.25 Profit=0.47%
2026-07-14 14:21:15 INFO     strategy        PnL: 14:21:15 MTM=3045.25 Profit=0.46%
2026-07-14 14:21:16 INFO     strategy        PnL: 14:21:16 MTM=3042.00 Profit=0.46%
2026-07-14 14:21:17 INFO     strategy        PnL: 14:21:17 MTM=3051.75 Profit=0.46%
2026-07-14 14:21:18 INFO     strategy        PnL: 14:21:18 MTM=3074.50 Profit=0.47%
2026-07-14 14:21:19 INFO     strategy        PnL: 14:21:19 MTM=3035.50 Profit=0.46%
2026-07-14 14:21:20 INFO     strategy        PnL: 14:21:20 MTM=3019.25 Profit=0.46%
2026-07-14 14:21:21 INFO     strategy        PnL: 14:21:21 MTM=3084.25 Profit=0.47%
2026-07-14 14:21:22 INFO     strategy        PnL: 14:21:22 MTM=3061.50 Profit=0.47%
2026-07-14 14:21:23 INFO     strategy        PnL: 14:21:23 MTM=3051.75 Profit=0.46%
2026-07-14 14:21:24 INFO     strategy        PnL: 14:21:24 MTM=3068.00 Profit=0.47%
2026-07-14 14:21:25 INFO     strategy        PnL: 14:21:25 MTM=3071.25 Profit=0.47%
2026-07-14 14:21:26 INFO     strategy        PnL: 14:21:26 MTM=3022.50 Profit=0.46%
2026-07-14 14:21:27 INFO     strategy        PnL: 14:21:27 MTM=3064.75 Profit=0.47%
2026-07-14 14:21:28 INFO     strategy        PnL: 14:21:28 MTM=3035.50 Profit=0.46%
2026-07-14 14:21:29 INFO     strategy        PnL: 14:21:29 MTM=3061.50 Profit=0.47%
2026-07-14 14:21:30 INFO     strategy        PnL: 14:21:30 MTM=3045.25 Profit=0.46%
2026-07-14 14:21:31 INFO     strategy        PnL: 14:21:31 MTM=3045.25 Profit=0.46%
2026-07-14 14:21:32 INFO     strategy        PnL: 14:21:32 MTM=3071.25 Profit=0.47%
2026-07-14 14:21:33 INFO     strategy        PnL: 14:21:33 MTM=3055.00 Profit=0.47%
2026-07-14 14:21:34 INFO     strategy        PnL: 14:21:34 MTM=3025.75 Profit=0.46%
2026-07-14 14:21:35 INFO     strategy        PnL: 14:21:35 MTM=3042.00 Profit=0.46%
2026-07-14 14:21:36 INFO     strategy        PnL: 14:21:36 MTM=3045.25 Profit=0.46%
2026-07-14 14:21:37 INFO     strategy        PnL: 14:21:37 MTM=3058.25 Profit=0.47%
2026-07-14 14:21:38 INFO     strategy        PnL: 14:21:38 MTM=3048.50 Profit=0.46%
2026-07-14 14:21:39 INFO     strategy        PnL: 14:21:39 MTM=3051.75 Profit=0.46%
2026-07-14 14:21:40 INFO     strategy        PnL: 14:21:40 MTM=3032.25 Profit=0.46%
2026-07-14 14:21:41 INFO     strategy        PnL: 14:21:41 MTM=3071.25 Profit=0.47%
2026-07-14 14:21:42 INFO     strategy        PnL: 14:21:42 MTM=3045.25 Profit=0.46%
2026-07-14 14:21:43 INFO     strategy        PnL: 14:21:43 MTM=3045.25 Profit=0.46%
2026-07-14 14:21:44 INFO     strategy        PnL: 14:21:44 MTM=3029.00 Profit=0.46%
2026-07-14 14:21:45 INFO     strategy        PnL: 14:21:45 MTM=3055.00 Profit=0.47%
2026-07-14 14:21:46 INFO     strategy        PnL: 14:21:46 MTM=3042.00 Profit=0.46%
2026-07-14 14:21:47 INFO     strategy        PnL: 14:21:47 MTM=3068.00 Profit=0.47%
2026-07-14 14:21:48 INFO     strategy        PnL: 14:21:48 MTM=3048.50 Profit=0.46%
2026-07-14 14:21:49 INFO     strategy        PnL: 14:21:49 MTM=3077.75 Profit=0.47%
2026-07-14 14:21:50 INFO     strategy        PnL: 14:21:50 MTM=3035.50 Profit=0.46%
2026-07-14 14:21:51 INFO     strategy        PnL: 14:21:51 MTM=3042.00 Profit=0.46%
2026-07-14 14:21:52 INFO     strategy        PnL: 14:21:52 MTM=3035.50 Profit=0.46%
2026-07-14 14:21:53 INFO     strategy        PnL: 14:21:53 MTM=3029.00 Profit=0.46%
2026-07-14 14:21:54 INFO     strategy        PnL: 14:21:54 MTM=3051.75 Profit=0.46%
2026-07-14 14:21:55 INFO     strategy        PnL: 14:21:55 MTM=3016.00 Profit=0.46%
2026-07-14 14:21:56 INFO     strategy        PnL: 14:21:56 MTM=3068.00 Profit=0.47%
2026-07-14 14:21:57 INFO     strategy        PnL: 14:21:57 MTM=3016.00 Profit=0.46%
2026-07-14 14:21:58 INFO     strategy        PnL: 14:21:58 MTM=3032.25 Profit=0.46%
2026-07-14 14:21:59 INFO     strategy        PnL: 14:21:59 MTM=3019.25 Profit=0.46%
2026-07-14 14:22:00 INFO     strategy        PnL: 14:22:00 MTM=3055.00 Profit=0.47%
2026-07-14 14:22:01 INFO     strategy        PnL: 14:22:01 MTM=3035.50 Profit=0.46%
2026-07-14 14:22:02 INFO     strategy        PnL: 14:22:02 MTM=2996.50 Profit=0.46%
2026-07-14 14:22:03 INFO     strategy        PnL: 14:22:03 MTM=3032.25 Profit=0.46%
2026-07-14 14:22:04 INFO     strategy        PnL: 14:22:04 MTM=3019.25 Profit=0.46%
2026-07-14 14:22:05 INFO     strategy        PnL: 14:22:05 MTM=3006.25 Profit=0.46%
2026-07-14 14:22:06 INFO     strategy        PnL: 14:22:06 MTM=3003.00 Profit=0.46%
2026-07-14 14:22:07 INFO     strategy        PnL: 14:22:07 MTM=3116.75 Profit=0.47%
2026-07-14 14:22:09 INFO     strategy        PnL: 14:22:08 MTM=2980.25 Profit=0.45%
2026-07-14 14:22:10 INFO     strategy        PnL: 14:22:10 MTM=2986.75 Profit=0.45%
2026-07-14 14:22:11 INFO     strategy        PnL: 14:22:11 MTM=2996.50 Profit=0.46%
2026-07-14 14:22:12 INFO     strategy        PnL: 14:22:12 MTM=3006.25 Profit=0.46%
2026-07-14 14:22:13 INFO     strategy        PnL: 14:22:13 MTM=3025.75 Profit=0.46%
2026-07-14 14:22:14 INFO     strategy        PnL: 14:22:14 MTM=3048.50 Profit=0.46%
2026-07-14 14:22:15 INFO     strategy        PnL: 14:22:15 MTM=3035.50 Profit=0.46%
2026-07-14 14:22:16 INFO     strategy        PnL: 14:22:16 MTM=3003.00 Profit=0.46%
2026-07-14 14:22:17 INFO     strategy        PnL: 14:22:17 MTM=3058.25 Profit=0.47%
2026-07-14 14:22:18 INFO     strategy        PnL: 14:22:18 MTM=3006.25 Profit=0.46%
2026-07-14 14:22:19 INFO     strategy        PnL: 14:22:19 MTM=2993.25 Profit=0.46%
2026-07-14 14:22:20 INFO     strategy        PnL: 14:22:20 MTM=2967.25 Profit=0.45%
2026-07-14 14:22:21 INFO     strategy        PnL: 14:22:21 MTM=2980.25 Profit=0.45%
2026-07-14 14:22:22 INFO     strategy        PnL: 14:22:22 MTM=3012.75 Profit=0.46%
2026-07-14 14:22:23 INFO     strategy        PnL: 14:22:23 MTM=2973.75 Profit=0.45%
2026-07-14 14:22:24 INFO     strategy        PnL: 14:22:24 MTM=2990.00 Profit=0.46%
2026-07-14 14:22:25 INFO     strategy        PnL: 14:22:25 MTM=3038.75 Profit=0.46%
2026-07-14 14:22:26 INFO     strategy        PnL: 14:22:26 MTM=3016.00 Profit=0.46%
2026-07-14 14:22:27 INFO     strategy        PnL: 14:22:27 MTM=3009.50 Profit=0.46%
2026-07-14 14:22:28 INFO     strategy        PnL: 14:22:28 MTM=2980.25 Profit=0.45%
2026-07-14 14:22:29 INFO     strategy        PnL: 14:22:29 MTM=2993.25 Profit=0.46%
2026-07-14 14:22:30 INFO     strategy        PnL: 14:22:30 MTM=2957.50 Profit=0.45%
2026-07-14 14:22:31 INFO     strategy        PnL: 14:22:31 MTM=2980.25 Profit=0.45%
2026-07-14 14:22:32 INFO     strategy        PnL: 14:22:32 MTM=3009.50 Profit=0.46%
2026-07-14 14:22:33 INFO     strategy        PnL: 14:22:33 MTM=2990.00 Profit=0.46%
2026-07-14 14:22:34 INFO     strategy        PnL: 14:22:34 MTM=3006.25 Profit=0.46%
2026-07-14 14:22:35 INFO     strategy        PnL: 14:22:35 MTM=2983.50 Profit=0.45%
2026-07-14 14:22:36 INFO     strategy        PnL: 14:22:36 MTM=2977.00 Profit=0.45%
2026-07-14 14:22:37 INFO     strategy        PnL: 14:22:37 MTM=2999.75 Profit=0.46%
2026-07-14 14:22:38 INFO     strategy        PnL: 14:22:38 MTM=2983.50 Profit=0.45%
2026-07-14 14:22:39 INFO     strategy        PnL: 14:22:39 MTM=3006.25 Profit=0.46%
2026-07-14 14:22:40 INFO     strategy        PnL: 14:22:40 MTM=3045.25 Profit=0.46%
2026-07-14 14:22:41 INFO     strategy        PnL: 14:22:41 MTM=3025.75 Profit=0.46%
2026-07-14 14:22:42 INFO     strategy        PnL: 14:22:42 MTM=3022.50 Profit=0.46%
2026-07-14 14:22:43 INFO     strategy        PnL: 14:22:43 MTM=3019.25 Profit=0.46%
2026-07-14 14:22:44 INFO     strategy        PnL: 14:22:44 MTM=3016.00 Profit=0.46%
2026-07-14 14:22:45 INFO     strategy        PnL: 14:22:45 MTM=3003.00 Profit=0.46%
2026-07-14 14:22:46 INFO     strategy        PnL: 14:22:46 MTM=3107.00 Profit=0.47%
2026-07-14 14:22:47 INFO     strategy        PnL: 14:22:47 MTM=3012.75 Profit=0.46%
2026-07-14 14:22:48 INFO     strategy        PnL: 14:22:48 MTM=3029.00 Profit=0.46%
2026-07-14 14:22:49 INFO     strategy        PnL: 14:22:49 MTM=3038.75 Profit=0.46%
2026-07-14 14:22:50 INFO     strategy        PnL: 14:22:50 MTM=3064.75 Profit=0.47%
2026-07-14 14:22:51 INFO     strategy        PnL: 14:22:51 MTM=3042.00 Profit=0.46%
2026-07-14 14:22:52 INFO     strategy        PnL: 14:22:52 MTM=3019.25 Profit=0.46%
2026-07-14 14:22:53 INFO     strategy        PnL: 14:22:53 MTM=3019.25 Profit=0.46%
2026-07-14 14:22:54 INFO     strategy        PnL: 14:22:54 MTM=3016.00 Profit=0.46%
2026-07-14 14:22:55 INFO     strategy        PnL: 14:22:55 MTM=2999.75 Profit=0.46%
2026-07-14 14:22:56 INFO     strategy        PnL: 14:22:56 MTM=3016.00 Profit=0.46%
2026-07-14 14:22:57 INFO     strategy        PnL: 14:22:57 MTM=3029.00 Profit=0.46%
2026-07-14 14:22:58 INFO     strategy        PnL: 14:22:58 MTM=3068.00 Profit=0.47%
2026-07-14 14:22:59 INFO     strategy        PnL: 14:22:59 MTM=3090.75 Profit=0.47%
2026-07-14 14:23:00 INFO     strategy        PnL: 14:23:00 MTM=3071.25 Profit=0.47%
2026-07-14 14:23:01 INFO     strategy        PnL: 14:23:01 MTM=3081.00 Profit=0.47%
2026-07-14 14:23:02 INFO     strategy        PnL: 14:23:02 MTM=3025.75 Profit=0.46%
2026-07-14 14:23:03 INFO     strategy        PnL: 14:23:03 MTM=3058.25 Profit=0.47%
2026-07-14 14:23:04 INFO     strategy        PnL: 14:23:04 MTM=2996.50 Profit=0.46%
2026-07-14 14:23:05 INFO     strategy        PnL: 14:23:05 MTM=2990.00 Profit=0.46%
2026-07-14 14:23:06 INFO     strategy        PnL: 14:23:06 MTM=3048.50 Profit=0.46%
2026-07-14 14:23:07 INFO     strategy        PnL: 14:23:07 MTM=3016.00 Profit=0.46%
2026-07-14 14:23:08 INFO     strategy        PnL: 14:23:08 MTM=3084.25 Profit=0.47%
2026-07-14 14:23:09 INFO     strategy        PnL: 14:23:09 MTM=3038.75 Profit=0.46%
2026-07-14 14:23:10 INFO     strategy        PnL: 14:23:10 MTM=2957.50 Profit=0.45%
2026-07-14 14:23:11 INFO     strategy        PnL: 14:23:11 MTM=3064.75 Profit=0.47%
2026-07-14 14:23:12 INFO     strategy        PnL: 14:23:12 MTM=3019.25 Profit=0.46%
2026-07-14 14:23:13 INFO     strategy        PnL: 14:23:13 MTM=3012.75 Profit=0.46%
2026-07-14 14:23:14 INFO     strategy        PnL: 14:23:14 MTM=3012.75 Profit=0.46%
2026-07-14 14:23:15 INFO     strategy        PnL: 14:23:15 MTM=3042.00 Profit=0.46%
2026-07-14 14:23:16 INFO     strategy        PnL: 14:23:16 MTM=3094.00 Profit=0.47%
2026-07-14 14:23:17 INFO     strategy        PnL: 14:23:17 MTM=2999.75 Profit=0.46%
2026-07-14 14:23:18 INFO     strategy        PnL: 14:23:18 MTM=3048.50 Profit=0.46%
2026-07-14 14:23:19 INFO     strategy        PnL: 14:23:19 MTM=3006.25 Profit=0.46%
2026-07-14 14:23:20 INFO     strategy        PnL: 14:23:20 MTM=3068.00 Profit=0.47%
2026-07-14 14:23:21 INFO     strategy        PnL: 14:23:21 MTM=3090.75 Profit=0.47%
2026-07-14 14:23:22 INFO     strategy        PnL: 14:23:22 MTM=3084.25 Profit=0.47%
2026-07-14 14:23:23 INFO     strategy        PnL: 14:23:23 MTM=3051.75 Profit=0.46%
2026-07-14 14:23:24 INFO     strategy        PnL: 14:23:24 MTM=3058.25 Profit=0.47%
2026-07-14 14:23:25 INFO     strategy        PnL: 14:23:25 MTM=3084.25 Profit=0.47%
2026-07-14 14:23:26 INFO     strategy        PnL: 14:23:26 MTM=3012.75 Profit=0.46%
2026-07-14 14:23:27 INFO     strategy        PnL: 14:23:27 MTM=3068.00 Profit=0.47%
2026-07-14 14:23:28 INFO     strategy        PnL: 14:23:28 MTM=3061.50 Profit=0.47%
2026-07-14 14:23:29 INFO     strategy        PnL: 14:23:29 MTM=3064.75 Profit=0.47%
2026-07-14 14:23:31 INFO     strategy        PnL: 14:23:30 MTM=3081.00 Profit=0.47%
2026-07-14 14:23:32 INFO     strategy        PnL: 14:23:32 MTM=3022.50 Profit=0.46%
2026-07-14 14:23:33 INFO     strategy        PnL: 14:23:33 MTM=3045.25 Profit=0.46%
2026-07-14 14:23:34 INFO     strategy        PnL: 14:23:34 MTM=2990.00 Profit=0.46%
2026-07-14 14:23:35 INFO     strategy        PnL: 14:23:35 MTM=3009.50 Profit=0.46%
2026-07-14 14:23:36 INFO     strategy        PnL: 14:23:36 MTM=3032.25 Profit=0.46%
2026-07-14 14:23:37 INFO     strategy        PnL: 14:23:37 MTM=3016.00 Profit=0.46%
2026-07-14 14:23:38 INFO     strategy        PnL: 14:23:38 MTM=3103.75 Profit=0.47%
2026-07-14 14:23:39 INFO     strategy        PnL: 14:23:39 MTM=2938.00 Profit=0.45%
2026-07-14 14:23:40 INFO     strategy        PnL: 14:23:40 MTM=2934.75 Profit=0.45%
2026-07-14 14:23:41 INFO     strategy        PnL: 14:23:41 MTM=3012.75 Profit=0.46%
2026-07-14 14:23:42 INFO     strategy        PnL: 14:23:42 MTM=2977.00 Profit=0.45%
2026-07-14 14:23:43 INFO     strategy        PnL: 14:23:43 MTM=2970.50 Profit=0.45%
2026-07-14 14:23:44 INFO     strategy        PnL: 14:23:44 MTM=2947.75 Profit=0.45%
2026-07-14 14:23:45 INFO     strategy        PnL: 14:23:45 MTM=2996.50 Profit=0.46%
2026-07-14 14:23:46 INFO     strategy        PnL: 14:23:46 MTM=2980.25 Profit=0.45%
2026-07-14 14:23:47 INFO     strategy        PnL: 14:23:47 MTM=2986.75 Profit=0.45%
2026-07-14 14:23:48 INFO     strategy        PnL: 14:23:48 MTM=2996.50 Profit=0.46%
2026-07-14 14:23:49 INFO     strategy        PnL: 14:23:49 MTM=2954.25 Profit=0.45%
2026-07-14 14:23:50 INFO     strategy        PnL: 14:23:50 MTM=3022.50 Profit=0.46%
2026-07-14 14:23:51 INFO     strategy        PnL: 14:23:51 MTM=3003.00 Profit=0.46%
2026-07-14 14:23:52 INFO     strategy        PnL: 14:23:52 MTM=2964.00 Profit=0.45%
2026-07-14 14:23:53 INFO     strategy        PnL: 14:23:53 MTM=3003.00 Profit=0.46%
2026-07-14 14:23:54 INFO     strategy        PnL: 14:23:54 MTM=3016.00 Profit=0.46%
2026-07-14 14:23:55 INFO     strategy        PnL: 14:23:55 MTM=2977.00 Profit=0.45%
2026-07-14 14:23:56 INFO     strategy        PnL: 14:23:56 MTM=2938.00 Profit=0.45%
2026-07-14 14:23:57 INFO     strategy        PnL: 14:23:57 MTM=3016.00 Profit=0.46%
2026-07-14 14:23:58 INFO     strategy        PnL: 14:23:58 MTM=2983.50 Profit=0.45%
2026-07-14 14:23:59 INFO     strategy        PnL: 14:23:59 MTM=2967.25 Profit=0.45%
2026-07-14 14:24:00 INFO     strategy        PnL: 14:24:00 MTM=2970.50 Profit=0.45%
2026-07-14 14:24:01 INFO     strategy        PnL: 14:24:01 MTM=2964.00 Profit=0.45%
2026-07-14 14:24:02 INFO     strategy        PnL: 14:24:02 MTM=3016.00 Profit=0.46%
2026-07-14 14:24:03 INFO     strategy        PnL: 14:24:03 MTM=2973.75 Profit=0.45%
2026-07-14 14:24:04 INFO     strategy        PnL: 14:24:04 MTM=2980.25 Profit=0.45%
2026-07-14 14:24:05 INFO     strategy        PnL: 14:24:05 MTM=2996.50 Profit=0.46%
2026-07-14 14:24:06 INFO     strategy        PnL: 14:24:06 MTM=2996.50 Profit=0.46%
2026-07-14 14:24:07 INFO     strategy        PnL: 14:24:07 MTM=2980.25 Profit=0.45%
2026-07-14 14:24:08 INFO     strategy        PnL: 14:24:08 MTM=3012.75 Profit=0.46%
2026-07-14 14:24:09 INFO     strategy        PnL: 14:24:09 MTM=2996.50 Profit=0.46%
2026-07-14 14:24:10 INFO     strategy        PnL: 14:24:10 MTM=3006.25 Profit=0.46%
2026-07-14 14:24:11 INFO     strategy        PnL: 14:24:11 MTM=3006.25 Profit=0.46%
2026-07-14 14:24:12 INFO     strategy        PnL: 14:24:12 MTM=2986.75 Profit=0.45%
2026-07-14 14:24:13 INFO     strategy        PnL: 14:24:13 MTM=3022.50 Profit=0.46%
2026-07-14 14:24:14 INFO     strategy        PnL: 14:24:14 MTM=2980.25 Profit=0.45%
2026-07-14 14:24:15 INFO     strategy        PnL: 14:24:15 MTM=2967.25 Profit=0.45%
2026-07-14 14:24:16 INFO     strategy        PnL: 14:24:16 MTM=2954.25 Profit=0.45%
2026-07-14 14:24:17 INFO     strategy        PnL: 14:24:17 MTM=2960.75 Profit=0.45%
2026-07-14 14:24:18 INFO     strategy        PnL: 14:24:18 MTM=2973.75 Profit=0.45%
2026-07-14 14:24:19 INFO     strategy        PnL: 14:24:19 MTM=2980.25 Profit=0.45%
2026-07-14 14:24:20 INFO     strategy        PnL: 14:24:20 MTM=2970.50 Profit=0.45%
2026-07-14 14:24:21 INFO     strategy        PnL: 14:24:21 MTM=2873.00 Profit=0.44%
2026-07-14 14:24:22 INFO     strategy        PnL: 14:24:22 MTM=2986.75 Profit=0.45%
2026-07-14 14:24:23 INFO     strategy        PnL: 14:24:23 MTM=2951.00 Profit=0.45%
2026-07-14 14:24:24 INFO     strategy        PnL: 14:24:24 MTM=2973.75 Profit=0.45%
2026-07-14 14:24:25 INFO     strategy        PnL: 14:24:25 MTM=2980.25 Profit=0.45%
2026-07-14 14:24:26 INFO     strategy        PnL: 14:24:26 MTM=3025.75 Profit=0.46%
2026-07-14 14:24:27 INFO     strategy        PnL: 14:24:27 MTM=3022.50 Profit=0.46%
2026-07-14 14:24:28 INFO     strategy        PnL: 14:24:28 MTM=3022.50 Profit=0.46%
2026-07-14 14:24:29 INFO     strategy        PnL: 14:24:29 MTM=3003.00 Profit=0.46%
2026-07-14 14:24:30 INFO     strategy        PnL: 14:24:30 MTM=3006.25 Profit=0.46%
2026-07-14 14:24:31 INFO     strategy        PnL: 14:24:31 MTM=2993.25 Profit=0.46%
2026-07-14 14:24:32 INFO     strategy        PnL: 14:24:32 MTM=2964.00 Profit=0.45%
2026-07-14 14:24:33 INFO     strategy        PnL: 14:24:33 MTM=2999.75 Profit=0.46%
2026-07-14 14:24:34 INFO     strategy        PnL: 14:24:34 MTM=3006.25 Profit=0.46%
2026-07-14 14:24:35 INFO     strategy        PnL: 14:24:35 MTM=2990.00 Profit=0.46%
2026-07-14 14:24:36 INFO     strategy        PnL: 14:24:36 MTM=3016.00 Profit=0.46%
2026-07-14 14:24:37 INFO     strategy        PnL: 14:24:37 MTM=3074.50 Profit=0.47%
2026-07-14 14:24:38 INFO     strategy        PnL: 14:24:38 MTM=3035.50 Profit=0.46%
2026-07-14 14:24:39 INFO     strategy        PnL: 14:24:39 MTM=3032.25 Profit=0.46%
2026-07-14 14:24:40 INFO     strategy        PnL: 14:24:40 MTM=3003.00 Profit=0.46%
2026-07-14 14:24:41 INFO     strategy        PnL: 14:24:41 MTM=3003.00 Profit=0.46%
2026-07-14 14:24:42 INFO     strategy        PnL: 14:24:42 MTM=3025.75 Profit=0.46%
2026-07-14 14:24:43 INFO     strategy        PnL: 14:24:43 MTM=3022.50 Profit=0.46%
2026-07-14 14:24:44 INFO     strategy        PnL: 14:24:44 MTM=2999.75 Profit=0.46%
2026-07-14 14:24:45 INFO     strategy        PnL: 14:24:45 MTM=3038.75 Profit=0.46%
2026-07-14 14:24:46 INFO     strategy        PnL: 14:24:46 MTM=3019.25 Profit=0.46%
2026-07-14 14:24:47 INFO     strategy        PnL: 14:24:47 MTM=2980.25 Profit=0.45%
2026-07-14 14:24:48 INFO     strategy        PnL: 14:24:48 MTM=3029.00 Profit=0.46%
2026-07-14 14:24:49 INFO     strategy        PnL: 14:24:49 MTM=3022.50 Profit=0.46%
2026-07-14 14:24:50 INFO     strategy        PnL: 14:24:50 MTM=3016.00 Profit=0.46%
2026-07-14 14:24:51 INFO     strategy        PnL: 14:24:51 MTM=3016.00 Profit=0.46%
2026-07-14 14:24:52 INFO     strategy        PnL: 14:24:52 MTM=3042.00 Profit=0.46%
2026-07-14 14:24:54 INFO     strategy        PnL: 14:24:54 MTM=3051.75 Profit=0.46%
2026-07-14 14:24:55 INFO     strategy        PnL: 14:24:55 MTM=3048.50 Profit=0.46%
2026-07-14 14:24:56 INFO     strategy        PnL: 14:24:56 MTM=3035.50 Profit=0.46%
2026-07-14 14:24:57 INFO     strategy        PnL: 14:24:57 MTM=3022.50 Profit=0.46%
2026-07-14 14:24:58 INFO     strategy        PnL: 14:24:58 MTM=3006.25 Profit=0.46%
2026-07-14 14:24:59 INFO     strategy        PnL: 14:24:59 MTM=3038.75 Profit=0.46%
2026-07-14 14:25:00 INFO     strategy        PnL: 14:25:00 MTM=3006.25 Profit=0.46%
2026-07-14 14:25:01 INFO     strategy        PnL: 14:25:01 MTM=2957.50 Profit=0.45%
2026-07-14 14:25:02 INFO     strategy        PnL: 14:25:02 MTM=2921.75 Profit=0.45%
2026-07-14 14:25:03 INFO     strategy        PnL: 14:25:03 MTM=3022.50 Profit=0.46%
2026-07-14 14:25:04 INFO     strategy        PnL: 14:25:04 MTM=3084.25 Profit=0.47%
2026-07-14 14:25:05 INFO     strategy        PnL: 14:25:05 MTM=3048.50 Profit=0.46%
2026-07-14 14:25:06 INFO     strategy        PnL: 14:25:06 MTM=3032.25 Profit=0.46%
2026-07-14 14:25:07 INFO     strategy        PnL: 14:25:07 MTM=2999.75 Profit=0.46%
2026-07-14 14:25:08 INFO     strategy        PnL: 14:25:08 MTM=3048.50 Profit=0.46%
2026-07-14 14:25:09 INFO     strategy        PnL: 14:25:09 MTM=3022.50 Profit=0.46%
2026-07-14 14:25:10 INFO     strategy        PnL: 14:25:10 MTM=3019.25 Profit=0.46%
2026-07-14 14:25:11 INFO     strategy        PnL: 14:25:11 MTM=3032.25 Profit=0.46%
2026-07-14 14:25:12 INFO     strategy        PnL: 14:25:12 MTM=3029.00 Profit=0.46%
2026-07-14 14:25:13 INFO     strategy        PnL: 14:25:13 MTM=3032.25 Profit=0.46%
2026-07-14 14:25:14 INFO     strategy        PnL: 14:25:14 MTM=3016.00 Profit=0.46%
2026-07-14 14:25:15 INFO     strategy        PnL: 14:25:15 MTM=3016.00 Profit=0.46%
2026-07-14 14:25:16 INFO     strategy        PnL: 14:25:16 MTM=2973.75 Profit=0.45%
2026-07-14 14:25:17 INFO     strategy        PnL: 14:25:17 MTM=3029.00 Profit=0.46%
2026-07-14 14:25:18 INFO     strategy        PnL: 14:25:18 MTM=2983.50 Profit=0.45%
2026-07-14 14:25:19 INFO     strategy        PnL: 14:25:19 MTM=3022.50 Profit=0.46%
2026-07-14 14:25:20 INFO     strategy        PnL: 14:25:20 MTM=2983.50 Profit=0.45%
2026-07-14 14:25:21 INFO     strategy        PnL: 14:25:21 MTM=3116.75 Profit=0.47%
2026-07-14 14:25:22 INFO     strategy        PnL: 14:25:22 MTM=3012.75 Profit=0.46%
2026-07-14 14:25:23 INFO     strategy        PnL: 14:25:23 MTM=2996.50 Profit=0.46%
2026-07-14 14:25:24 INFO     strategy        PnL: 14:25:24 MTM=2986.75 Profit=0.45%
2026-07-14 14:25:25 INFO     strategy        PnL: 14:25:25 MTM=2999.75 Profit=0.46%
2026-07-14 14:25:26 INFO     strategy        PnL: 14:25:26 MTM=2993.25 Profit=0.46%
2026-07-14 14:25:27 INFO     strategy        PnL: 14:25:27 MTM=2983.50 Profit=0.45%
2026-07-14 14:25:28 INFO     strategy        PnL: 14:25:28 MTM=3009.50 Profit=0.46%
2026-07-14 14:25:29 INFO     strategy        PnL: 14:25:29 MTM=2999.75 Profit=0.46%
2026-07-14 14:25:30 INFO     strategy        PnL: 14:25:30 MTM=3038.75 Profit=0.46%
2026-07-14 14:25:31 INFO     strategy        PnL: 14:25:31 MTM=3035.50 Profit=0.46%
2026-07-14 14:25:32 INFO     strategy        PnL: 14:25:32 MTM=3074.50 Profit=0.47%
2026-07-14 14:25:33 INFO     strategy        PnL: 14:25:33 MTM=2908.75 Profit=0.44%
2026-07-14 14:25:34 INFO     strategy        PnL: 14:25:34 MTM=3019.25 Profit=0.46%
2026-07-14 14:25:35 INFO     strategy        PnL: 14:25:35 MTM=3012.75 Profit=0.46%
2026-07-14 14:25:36 INFO     strategy        PnL: 14:25:36 MTM=3009.50 Profit=0.46%
2026-07-14 14:25:37 INFO     strategy        PnL: 14:25:37 MTM=2993.25 Profit=0.46%
2026-07-14 14:25:38 INFO     strategy        PnL: 14:25:38 MTM=3003.00 Profit=0.46%
2026-07-14 14:25:39 INFO     strategy        PnL: 14:25:39 MTM=3032.25 Profit=0.46%
2026-07-14 14:25:40 INFO     strategy        PnL: 14:25:40 MTM=3025.75 Profit=0.46%
2026-07-14 14:25:41 INFO     strategy        PnL: 14:25:41 MTM=3022.50 Profit=0.46%
2026-07-14 14:25:42 INFO     strategy        PnL: 14:25:42 MTM=3003.00 Profit=0.46%
2026-07-14 14:25:43 INFO     strategy        PnL: 14:25:43 MTM=3019.25 Profit=0.46%
2026-07-14 14:25:44 INFO     strategy        PnL: 14:25:44 MTM=3038.75 Profit=0.46%
2026-07-14 14:25:45 INFO     strategy        PnL: 14:25:45 MTM=3006.25 Profit=0.46%
2026-07-14 14:25:46 INFO     strategy        PnL: 14:25:46 MTM=3012.75 Profit=0.46%
2026-07-14 14:25:47 INFO     strategy        PnL: 14:25:47 MTM=3025.75 Profit=0.46%
2026-07-14 14:25:48 INFO     strategy        PnL: 14:25:48 MTM=3068.00 Profit=0.47%
2026-07-14 14:25:49 INFO     strategy        PnL: 14:25:49 MTM=3058.25 Profit=0.47%
2026-07-14 14:25:50 INFO     strategy        PnL: 14:25:50 MTM=3068.00 Profit=0.47%
2026-07-14 14:25:51 INFO     strategy        PnL: 14:25:51 MTM=3032.25 Profit=0.46%
2026-07-14 14:25:52 INFO     strategy        PnL: 14:25:52 MTM=3032.25 Profit=0.46%
2026-07-14 14:25:53 INFO     strategy        PnL: 14:25:53 MTM=3035.50 Profit=0.46%
2026-07-14 14:25:54 INFO     strategy        PnL: 14:25:54 MTM=3071.25 Profit=0.47%
2026-07-14 14:25:55 INFO     strategy        PnL: 14:25:55 MTM=3071.25 Profit=0.47%
2026-07-14 14:25:56 INFO     strategy        PnL: 14:25:56 MTM=3016.00 Profit=0.46%
2026-07-14 14:25:57 INFO     strategy        PnL: 14:25:57 MTM=3064.75 Profit=0.47%
2026-07-14 14:25:58 INFO     strategy        PnL: 14:25:58 MTM=3029.00 Profit=0.46%
2026-07-14 14:25:59 INFO     strategy        PnL: 14:25:59 MTM=3058.25 Profit=0.47%
2026-07-14 14:26:00 INFO     strategy        PnL: 14:26:00 MTM=3055.00 Profit=0.47%
2026-07-14 14:26:01 INFO     strategy        PnL: 14:26:01 MTM=3051.75 Profit=0.46%
2026-07-14 14:26:02 INFO     strategy        PnL: 14:26:02 MTM=3064.75 Profit=0.47%
2026-07-14 14:26:03 INFO     strategy        PnL: 14:26:03 MTM=3077.75 Profit=0.47%
2026-07-14 14:26:04 INFO     strategy        PnL: 14:26:04 MTM=3035.50 Profit=0.46%
2026-07-14 14:26:05 INFO     strategy        PnL: 14:26:05 MTM=3087.50 Profit=0.47%
2026-07-14 14:26:06 INFO     strategy        PnL: 14:26:06 MTM=3051.75 Profit=0.46%
2026-07-14 14:26:07 INFO     strategy        PnL: 14:26:07 MTM=2999.75 Profit=0.46%
2026-07-14 14:26:08 INFO     strategy        PnL: 14:26:08 MTM=3042.00 Profit=0.46%
2026-07-14 14:26:09 INFO     strategy        PnL: 14:26:09 MTM=3084.25 Profit=0.47%
2026-07-14 14:26:10 INFO     strategy        PnL: 14:26:10 MTM=2957.50 Profit=0.45%
2026-07-14 14:26:11 INFO     strategy        PnL: 14:26:11 MTM=3058.25 Profit=0.47%
2026-07-14 14:26:12 INFO     strategy        PnL: 14:26:12 MTM=3048.50 Profit=0.46%
2026-07-14 14:26:13 INFO     strategy        PnL: 14:26:13 MTM=3045.25 Profit=0.46%
2026-07-14 14:26:14 INFO     strategy        PnL: 14:26:14 MTM=3022.50 Profit=0.46%
2026-07-14 14:26:15 INFO     strategy        PnL: 14:26:15 MTM=3061.50 Profit=0.47%
2026-07-14 14:26:16 INFO     strategy        PnL: 14:26:16 MTM=3094.00 Profit=0.47%
2026-07-14 14:26:18 INFO     strategy        PnL: 14:26:18 MTM=3058.25 Profit=0.47%
2026-07-14 14:26:19 INFO     strategy        PnL: 14:26:19 MTM=3022.50 Profit=0.46%
2026-07-14 14:26:20 INFO     strategy        PnL: 14:26:20 MTM=3071.25 Profit=0.47%
2026-07-14 14:26:21 INFO     strategy        PnL: 14:26:21 MTM=3058.25 Profit=0.47%
2026-07-14 14:26:22 INFO     strategy        PnL: 14:26:22 MTM=3016.00 Profit=0.46%
2026-07-14 14:26:23 INFO     strategy        PnL: 14:26:23 MTM=3113.50 Profit=0.47%
2026-07-14 14:26:24 INFO     strategy        PnL: 14:26:24 MTM=3038.75 Profit=0.46%
2026-07-14 14:26:25 INFO     strategy        PnL: 14:26:25 MTM=3055.00 Profit=0.47%
2026-07-14 14:26:26 INFO     strategy        PnL: 14:26:26 MTM=3022.50 Profit=0.46%
2026-07-14 14:26:27 INFO     strategy        PnL: 14:26:27 MTM=3006.25 Profit=0.46%
2026-07-14 14:26:28 INFO     strategy        PnL: 14:26:28 MTM=2990.00 Profit=0.46%
2026-07-14 14:26:29 INFO     strategy        PnL: 14:26:29 MTM=2990.00 Profit=0.46%
2026-07-14 14:26:30 INFO     strategy        PnL: 14:26:30 MTM=3012.75 Profit=0.46%
2026-07-14 14:26:31 INFO     strategy        PnL: 14:26:31 MTM=3055.00 Profit=0.47%
2026-07-14 14:26:32 INFO     strategy        PnL: 14:26:32 MTM=3012.75 Profit=0.46%
2026-07-14 14:26:33 INFO     strategy        PnL: 14:26:33 MTM=3029.00 Profit=0.46%
2026-07-14 14:26:34 INFO     strategy        PnL: 14:26:34 MTM=2970.50 Profit=0.45%
2026-07-14 14:26:35 INFO     strategy        PnL: 14:26:35 MTM=3019.25 Profit=0.46%
2026-07-14 14:26:36 INFO     strategy        PnL: 14:26:36 MTM=3019.25 Profit=0.46%
2026-07-14 14:26:37 INFO     strategy        PnL: 14:26:37 MTM=3016.00 Profit=0.46%
2026-07-14 14:26:38 INFO     strategy        PnL: 14:26:38 MTM=2986.75 Profit=0.45%
2026-07-14 14:26:39 INFO     strategy        PnL: 14:26:39 MTM=3016.00 Profit=0.46%
2026-07-14 14:26:40 INFO     strategy        PnL: 14:26:40 MTM=3025.75 Profit=0.46%
2026-07-14 14:26:41 INFO     strategy        PnL: 14:26:41 MTM=3025.75 Profit=0.46%
2026-07-14 14:26:42 INFO     strategy        PnL: 14:26:42 MTM=3016.00 Profit=0.46%
2026-07-14 14:26:43 INFO     strategy        PnL: 14:26:43 MTM=2980.25 Profit=0.45%
2026-07-14 14:26:44 INFO     strategy        PnL: 14:26:44 MTM=3061.50 Profit=0.47%
2026-07-14 14:26:45 INFO     strategy        PnL: 14:26:45 MTM=2983.50 Profit=0.45%
2026-07-14 14:26:46 INFO     strategy        PnL: 14:26:46 MTM=3009.50 Profit=0.46%
2026-07-14 14:26:47 INFO     strategy        PnL: 14:26:47 MTM=3025.75 Profit=0.46%
2026-07-14 14:26:48 INFO     strategy        PnL: 14:26:48 MTM=3003.00 Profit=0.46%
2026-07-14 14:26:49 INFO     strategy        PnL: 14:26:49 MTM=2993.25 Profit=0.46%
2026-07-14 14:26:50 INFO     strategy        PnL: 14:26:50 MTM=2993.25 Profit=0.46%
2026-07-14 14:26:51 INFO     strategy        PnL: 14:26:51 MTM=3019.25 Profit=0.46%
2026-07-14 14:26:52 INFO     strategy        PnL: 14:26:52 MTM=3019.25 Profit=0.46%
2026-07-14 14:26:53 INFO     strategy        PnL: 14:26:53 MTM=3081.00 Profit=0.47%
2026-07-14 14:26:54 INFO     strategy        PnL: 14:26:54 MTM=3048.50 Profit=0.46%
2026-07-14 14:26:55 INFO     strategy        PnL: 14:26:55 MTM=3055.00 Profit=0.47%
2026-07-14 14:26:56 INFO     strategy        PnL: 14:26:56 MTM=3055.00 Profit=0.47%
2026-07-14 14:26:57 INFO     strategy        PnL: 14:26:57 MTM=3084.25 Profit=0.47%
2026-07-14 14:26:58 INFO     strategy        PnL: 14:26:58 MTM=3009.50 Profit=0.46%
2026-07-14 14:26:59 INFO     strategy        PnL: 14:26:59 MTM=3058.25 Profit=0.47%
2026-07-14 14:27:00 INFO     strategy        PnL: 14:27:00 MTM=3022.50 Profit=0.46%
2026-07-14 14:27:01 INFO     strategy        PnL: 14:27:01 MTM=3032.25 Profit=0.46%
2026-07-14 14:27:02 INFO     strategy        PnL: 14:27:02 MTM=2905.50 Profit=0.44%
2026-07-14 14:27:03 INFO     strategy        PnL: 14:27:03 MTM=3038.75 Profit=0.46%
2026-07-14 14:27:04 INFO     strategy        PnL: 14:27:04 MTM=3025.75 Profit=0.46%
2026-07-14 14:27:05 INFO     strategy        PnL: 14:27:05 MTM=3009.50 Profit=0.46%
2026-07-14 14:27:06 INFO     strategy        PnL: 14:27:06 MTM=3048.50 Profit=0.46%
2026-07-14 14:27:07 INFO     strategy        PnL: 14:27:07 MTM=3012.75 Profit=0.46%
2026-07-14 14:27:08 INFO     strategy        PnL: 14:27:08 MTM=3035.50 Profit=0.46%
2026-07-14 14:27:09 INFO     strategy        PnL: 14:27:09 MTM=3025.75 Profit=0.46%
2026-07-14 14:27:10 INFO     strategy        PnL: 14:27:10 MTM=3055.00 Profit=0.47%
2026-07-14 14:27:11 INFO     strategy        PnL: 14:27:11 MTM=3006.25 Profit=0.46%
2026-07-14 14:27:12 INFO     strategy        PnL: 14:27:12 MTM=3038.75 Profit=0.46%
2026-07-14 14:27:13 INFO     strategy        PnL: 14:27:13 MTM=3032.25 Profit=0.46%
2026-07-14 14:27:14 INFO     strategy        PnL: 14:27:14 MTM=3016.00 Profit=0.46%
2026-07-14 14:27:15 INFO     strategy        PnL: 14:27:15 MTM=3006.25 Profit=0.46%
2026-07-14 14:27:16 INFO     strategy        PnL: 14:27:16 MTM=2999.75 Profit=0.46%
2026-07-14 14:27:17 INFO     strategy        PnL: 14:27:17 MTM=2993.25 Profit=0.46%
2026-07-14 14:27:18 INFO     strategy        PnL: 14:27:18 MTM=2970.50 Profit=0.45%
2026-07-14 14:27:19 INFO     strategy        PnL: 14:27:19 MTM=3038.75 Profit=0.46%
2026-07-14 14:27:20 INFO     strategy        PnL: 14:27:20 MTM=2999.75 Profit=0.46%
2026-07-14 14:27:21 INFO     strategy        PnL: 14:27:21 MTM=2973.75 Profit=0.45%
2026-07-14 14:27:22 INFO     strategy        PnL: 14:27:22 MTM=3012.75 Profit=0.46%
2026-07-14 14:27:24 INFO     strategy        PnL: 14:27:23 MTM=2934.75 Profit=0.45%
2026-07-14 14:27:25 INFO     strategy        PnL: 14:27:25 MTM=2938.00 Profit=0.45%
2026-07-14 14:27:26 INFO     strategy        PnL: 14:27:26 MTM=2957.50 Profit=0.45%
2026-07-14 14:27:27 INFO     strategy        PnL: 14:27:27 MTM=2951.00 Profit=0.45%
2026-07-14 14:27:28 INFO     strategy        PnL: 14:27:28 MTM=2996.50 Profit=0.46%
2026-07-14 14:27:29 INFO     strategy        PnL: 14:27:29 MTM=3003.00 Profit=0.46%
2026-07-14 14:27:30 INFO     strategy        PnL: 14:27:30 MTM=3022.50 Profit=0.46%
2026-07-14 14:27:31 INFO     strategy        PnL: 14:27:31 MTM=2990.00 Profit=0.46%
2026-07-14 14:27:32 INFO     strategy        PnL: 14:27:32 MTM=3016.00 Profit=0.46%
2026-07-14 14:27:33 INFO     strategy        PnL: 14:27:33 MTM=3006.25 Profit=0.46%
2026-07-14 14:27:34 INFO     strategy        PnL: 14:27:34 MTM=2999.75 Profit=0.46%
2026-07-14 14:27:35 INFO     strategy        PnL: 14:27:35 MTM=3016.00 Profit=0.46%
2026-07-14 14:27:36 INFO     strategy        PnL: 14:27:36 MTM=3055.00 Profit=0.47%
2026-07-14 14:27:37 INFO     strategy        PnL: 14:27:37 MTM=2993.25 Profit=0.46%
2026-07-14 14:27:38 INFO     strategy        PnL: 14:27:38 MTM=3006.25 Profit=0.46%
2026-07-14 14:27:39 INFO     strategy        PnL: 14:27:39 MTM=2980.25 Profit=0.45%
2026-07-14 14:27:40 INFO     strategy        PnL: 14:27:40 MTM=2892.50 Profit=0.44%
2026-07-14 14:27:41 INFO     strategy        PnL: 14:27:41 MTM=2967.25 Profit=0.45%
2026-07-14 14:27:42 INFO     strategy        PnL: 14:27:42 MTM=2947.75 Profit=0.45%
2026-07-14 14:27:43 INFO     strategy        PnL: 14:27:43 MTM=2977.00 Profit=0.45%
2026-07-14 14:27:44 INFO     strategy        PnL: 14:27:44 MTM=2934.75 Profit=0.45%
2026-07-14 14:27:45 INFO     strategy        PnL: 14:27:45 MTM=2892.50 Profit=0.44%
2026-07-14 14:27:46 INFO     strategy        PnL: 14:27:46 MTM=2986.75 Profit=0.45%
2026-07-14 14:27:47 INFO     strategy        PnL: 14:27:47 MTM=2983.50 Profit=0.45%
2026-07-14 14:27:48 INFO     strategy        PnL: 14:27:48 MTM=2996.50 Profit=0.46%
2026-07-14 14:27:49 INFO     strategy        PnL: 14:27:49 MTM=2964.00 Profit=0.45%
2026-07-14 14:27:50 INFO     strategy        PnL: 14:27:50 MTM=2999.75 Profit=0.46%
2026-07-14 14:27:51 INFO     strategy        PnL: 14:27:51 MTM=2951.00 Profit=0.45%
2026-07-14 14:27:52 INFO     strategy        PnL: 14:27:52 MTM=2986.75 Profit=0.45%
2026-07-14 14:27:53 INFO     strategy        PnL: 14:27:53 MTM=2938.00 Profit=0.45%
2026-07-14 14:27:54 INFO     strategy        PnL: 14:27:54 MTM=2967.25 Profit=0.45%
2026-07-14 14:27:55 INFO     strategy        PnL: 14:27:55 MTM=2912.00 Profit=0.44%
2026-07-14 14:27:56 INFO     strategy        PnL: 14:27:56 MTM=2944.50 Profit=0.45%
2026-07-14 14:27:57 INFO     strategy        PnL: 14:27:57 MTM=2928.25 Profit=0.45%
2026-07-14 14:27:58 INFO     strategy        PnL: 14:27:58 MTM=3012.75 Profit=0.46%
2026-07-14 14:27:59 INFO     strategy        PnL: 14:27:59 MTM=2921.75 Profit=0.45%
2026-07-14 14:28:00 INFO     strategy        PnL: 14:28:00 MTM=3045.25 Profit=0.46%
2026-07-14 14:28:01 INFO     strategy        PnL: 14:28:01 MTM=3025.75 Profit=0.46%
2026-07-14 14:28:02 INFO     strategy        PnL: 14:28:02 MTM=3055.00 Profit=0.47%
2026-07-14 14:28:03 INFO     strategy        PnL: 14:28:03 MTM=2899.00 Profit=0.44%
2026-07-14 14:28:04 INFO     strategy        PnL: 14:28:04 MTM=2980.25 Profit=0.45%
2026-07-14 14:28:05 INFO     strategy        PnL: 14:28:05 MTM=2772.25 Profit=0.42%
2026-07-14 14:28:06 INFO     strategy        PnL: 14:28:06 MTM=2908.75 Profit=0.44%
2026-07-14 14:28:07 INFO     strategy        PnL: 14:28:07 MTM=2970.50 Profit=0.45%
2026-07-14 14:28:08 INFO     strategy        PnL: 14:28:08 MTM=3006.25 Profit=0.46%
2026-07-14 14:28:09 INFO     strategy        PnL: 14:28:09 MTM=3016.00 Profit=0.46%
2026-07-14 14:28:10 INFO     strategy        PnL: 14:28:10 MTM=2908.75 Profit=0.44%
2026-07-14 14:28:11 INFO     strategy        PnL: 14:28:11 MTM=3012.75 Profit=0.46%
2026-07-14 14:28:12 INFO     strategy        PnL: 14:28:12 MTM=2964.00 Profit=0.45%
2026-07-14 14:28:13 INFO     strategy        PnL: 14:28:13 MTM=3009.50 Profit=0.46%
2026-07-14 14:28:14 INFO     strategy        PnL: 14:28:14 MTM=3025.75 Profit=0.46%
2026-07-14 14:28:15 INFO     strategy        PnL: 14:28:15 MTM=3003.00 Profit=0.46%
2026-07-14 14:28:16 INFO     strategy        PnL: 14:28:16 MTM=3022.50 Profit=0.46%
2026-07-14 14:28:17 INFO     strategy        PnL: 14:28:17 MTM=3084.25 Profit=0.47%
2026-07-14 14:28:18 INFO     strategy        PnL: 14:28:18 MTM=3045.25 Profit=0.46%
2026-07-14 14:28:19 INFO     strategy        PnL: 14:28:19 MTM=3019.25 Profit=0.46%
2026-07-14 14:28:20 INFO     strategy        PnL: 14:28:20 MTM=3019.25 Profit=0.46%
2026-07-14 14:28:21 INFO     strategy        PnL: 14:28:21 MTM=2980.25 Profit=0.45%
2026-07-14 14:28:22 INFO     strategy        PnL: 14:28:22 MTM=3051.75 Profit=0.46%
2026-07-14 14:28:23 INFO     strategy        PnL: 14:28:23 MTM=3038.75 Profit=0.46%
2026-07-14 14:28:24 INFO     strategy        PnL: 14:28:24 MTM=3058.25 Profit=0.47%
2026-07-14 14:28:25 INFO     strategy        PnL: 14:28:25 MTM=3094.00 Profit=0.47%
2026-07-14 14:28:26 INFO     strategy        PnL: 14:28:26 MTM=3003.00 Profit=0.46%
2026-07-14 14:28:27 INFO     strategy        PnL: 14:28:27 MTM=3071.25 Profit=0.47%
2026-07-14 14:28:28 INFO     strategy        PnL: 14:28:28 MTM=3032.25 Profit=0.46%
2026-07-14 14:28:29 INFO     strategy        PnL: 14:28:29 MTM=3087.50 Profit=0.47%
2026-07-14 14:28:30 INFO     strategy        PnL: 14:28:30 MTM=3058.25 Profit=0.47%
2026-07-14 14:28:31 INFO     strategy        PnL: 14:28:31 MTM=3025.75 Profit=0.46%
2026-07-14 14:28:32 INFO     strategy        PnL: 14:28:32 MTM=3058.25 Profit=0.47%
2026-07-14 14:28:33 INFO     strategy        PnL: 14:28:33 MTM=3068.00 Profit=0.47%
2026-07-14 14:28:34 INFO     strategy        PnL: 14:28:34 MTM=3068.00 Profit=0.47%
2026-07-14 14:28:35 INFO     strategy        PnL: 14:28:35 MTM=3100.50 Profit=0.47%
2026-07-14 14:28:36 INFO     strategy        PnL: 14:28:36 MTM=3142.75 Profit=0.48%
2026-07-14 14:28:37 INFO     strategy        PnL: 14:28:37 MTM=3113.50 Profit=0.47%
2026-07-14 14:28:38 INFO     strategy        PnL: 14:28:38 MTM=3149.25 Profit=0.48%
2026-07-14 14:28:39 INFO     strategy        PnL: 14:28:39 MTM=3068.00 Profit=0.47%
2026-07-14 14:28:40 INFO     strategy        PnL: 14:28:40 MTM=3022.50 Profit=0.46%
2026-07-14 14:28:41 INFO     strategy        PnL: 14:28:41 MTM=3087.50 Profit=0.47%
2026-07-14 14:28:42 INFO     strategy        PnL: 14:28:42 MTM=3107.00 Profit=0.47%
2026-07-14 14:28:43 INFO     strategy        PnL: 14:28:43 MTM=3042.00 Profit=0.46%
2026-07-14 14:28:44 INFO     strategy        PnL: 14:28:44 MTM=3032.25 Profit=0.46%
2026-07-14 14:28:45 INFO     strategy        PnL: 14:28:45 MTM=3032.25 Profit=0.46%
2026-07-14 14:28:46 INFO     strategy        PnL: 14:28:46 MTM=3064.75 Profit=0.47%
2026-07-14 14:28:47 INFO     strategy        PnL: 14:28:47 MTM=2957.50 Profit=0.45%
2026-07-14 14:28:48 INFO     strategy        PnL: 14:28:48 MTM=3061.50 Profit=0.47%
2026-07-14 14:28:49 INFO     strategy        PnL: 14:28:49 MTM=3087.50 Profit=0.47%
2026-07-14 14:28:50 INFO     strategy        PnL: 14:28:50 MTM=3016.00 Profit=0.46%
2026-07-14 14:28:51 INFO     strategy        PnL: 14:28:51 MTM=3077.75 Profit=0.47%
2026-07-14 14:28:53 INFO     strategy        PnL: 14:28:53 MTM=3068.00 Profit=0.47%
2026-07-14 14:28:54 INFO     strategy        PnL: 14:28:54 MTM=3071.25 Profit=0.47%
2026-07-14 14:28:55 INFO     strategy        PnL: 14:28:55 MTM=3061.50 Profit=0.47%
2026-07-14 14:28:56 INFO     strategy        PnL: 14:28:56 MTM=3071.25 Profit=0.47%
2026-07-14 14:28:57 INFO     strategy        PnL: 14:28:57 MTM=3077.75 Profit=0.47%
2026-07-14 14:28:58 INFO     strategy        PnL: 14:28:58 MTM=3133.00 Profit=0.48%
2026-07-14 14:28:59 INFO     strategy        PnL: 14:28:59 MTM=3123.25 Profit=0.48%
2026-07-14 14:29:00 INFO     strategy        PnL: 14:29:00 MTM=3097.25 Profit=0.47%
2026-07-14 14:29:01 INFO     strategy        PnL: 14:29:01 MTM=3061.50 Profit=0.47%
2026-07-14 14:29:02 INFO     strategy        PnL: 14:29:02 MTM=3071.25 Profit=0.47%
2026-07-14 14:29:03 INFO     strategy        PnL: 14:29:03 MTM=3090.75 Profit=0.47%
2026-07-14 14:29:04 INFO     strategy        PnL: 14:29:04 MTM=3032.25 Profit=0.46%
2026-07-14 14:29:05 INFO     strategy        PnL: 14:29:05 MTM=3081.00 Profit=0.47%
2026-07-14 14:29:06 INFO     strategy        PnL: 14:29:06 MTM=3146.00 Profit=0.48%
2026-07-14 14:29:07 INFO     strategy        PnL: 14:29:07 MTM=3055.00 Profit=0.47%
2026-07-14 14:29:08 INFO     strategy        PnL: 14:29:08 MTM=3048.50 Profit=0.46%
2026-07-14 14:29:09 INFO     strategy        PnL: 14:29:09 MTM=3087.50 Profit=0.47%
2026-07-14 14:29:10 INFO     strategy        PnL: 14:29:10 MTM=3022.50 Profit=0.46%
2026-07-14 14:29:11 INFO     strategy        PnL: 14:29:11 MTM=3048.50 Profit=0.46%
2026-07-14 14:29:12 INFO     strategy        PnL: 14:29:12 MTM=3090.75 Profit=0.47%
2026-07-14 14:29:13 INFO     strategy        PnL: 14:29:13 MTM=3071.25 Profit=0.47%
2026-07-14 14:29:14 INFO     strategy        PnL: 14:29:14 MTM=3045.25 Profit=0.46%
2026-07-14 14:29:15 INFO     strategy        PnL: 14:29:15 MTM=3077.75 Profit=0.47%
2026-07-14 14:29:16 INFO     strategy        PnL: 14:29:16 MTM=3103.75 Profit=0.47%
2026-07-14 14:29:17 INFO     strategy        PnL: 14:29:17 MTM=3110.25 Profit=0.47%
2026-07-14 14:29:18 INFO     strategy        PnL: 14:29:18 MTM=3097.25 Profit=0.47%
2026-07-14 14:29:19 INFO     strategy        PnL: 14:29:19 MTM=3084.25 Profit=0.47%
2026-07-14 14:29:20 INFO     strategy        PnL: 14:29:20 MTM=3087.50 Profit=0.47%
2026-07-14 14:29:21 INFO     strategy        PnL: 14:29:21 MTM=3084.25 Profit=0.47%
2026-07-14 14:29:22 INFO     strategy        PnL: 14:29:22 MTM=3042.00 Profit=0.46%
2026-07-14 14:29:23 INFO     strategy        PnL: 14:29:23 MTM=3051.75 Profit=0.46%
2026-07-14 14:29:24 INFO     strategy        PnL: 14:29:24 MTM=3081.00 Profit=0.47%
2026-07-14 14:29:25 INFO     strategy        PnL: 14:29:25 MTM=3058.25 Profit=0.47%
2026-07-14 14:29:26 INFO     strategy        PnL: 14:29:26 MTM=3019.25 Profit=0.46%
2026-07-14 14:29:27 INFO     strategy        PnL: 14:29:27 MTM=2954.25 Profit=0.45%
2026-07-14 14:29:28 INFO     strategy        PnL: 14:29:28 MTM=2964.00 Profit=0.45%
2026-07-14 14:29:29 INFO     strategy        PnL: 14:29:29 MTM=2970.50 Profit=0.45%
2026-07-14 14:29:30 INFO     strategy        PnL: 14:29:30 MTM=3012.75 Profit=0.46%
2026-07-14 14:29:31 INFO     strategy        PnL: 14:29:31 MTM=2993.25 Profit=0.46%
2026-07-14 14:29:32 INFO     strategy        PnL: 14:29:32 MTM=2999.75 Profit=0.46%
2026-07-14 14:29:33 INFO     strategy        PnL: 14:29:33 MTM=3006.25 Profit=0.46%
2026-07-14 14:29:34 INFO     strategy        PnL: 14:29:34 MTM=3009.50 Profit=0.46%
2026-07-14 14:29:35 INFO     strategy        PnL: 14:29:35 MTM=2957.50 Profit=0.45%
2026-07-14 14:29:36 INFO     strategy        PnL: 14:29:36 MTM=2990.00 Profit=0.46%
2026-07-14 14:29:37 INFO     strategy        PnL: 14:29:37 MTM=3035.50 Profit=0.46%
2026-07-14 14:29:38 INFO     strategy        PnL: 14:29:38 MTM=3032.25 Profit=0.46%
2026-07-14 14:29:39 INFO     strategy        PnL: 14:29:39 MTM=3012.75 Profit=0.46%
2026-07-14 14:29:40 INFO     strategy        PnL: 14:29:40 MTM=2986.75 Profit=0.45%
2026-07-14 14:29:41 INFO     strategy        PnL: 14:29:41 MTM=3038.75 Profit=0.46%
2026-07-14 14:29:42 INFO     strategy        PnL: 14:29:42 MTM=3019.25 Profit=0.46%
2026-07-14 14:29:43 INFO     strategy        PnL: 14:29:43 MTM=2967.25 Profit=0.45%
2026-07-14 14:29:44 INFO     strategy        PnL: 14:29:44 MTM=2970.50 Profit=0.45%
2026-07-14 14:29:45 INFO     strategy        PnL: 14:29:45 MTM=3019.25 Profit=0.46%
2026-07-14 14:29:46 INFO     strategy        PnL: 14:29:46 MTM=3045.25 Profit=0.46%
2026-07-14 14:29:47 INFO     strategy        PnL: 14:29:47 MTM=3035.50 Profit=0.46%
2026-07-14 14:29:48 INFO     strategy        PnL: 14:29:48 MTM=3038.75 Profit=0.46%
2026-07-14 14:29:49 INFO     strategy        PnL: 14:29:49 MTM=3032.25 Profit=0.46%
2026-07-14 14:29:50 INFO     strategy        PnL: 14:29:50 MTM=3045.25 Profit=0.46%
2026-07-14 14:29:51 INFO     strategy        PnL: 14:29:51 MTM=2986.75 Profit=0.45%
2026-07-14 14:29:52 INFO     strategy        PnL: 14:29:52 MTM=2999.75 Profit=0.46%
2026-07-14 14:29:53 INFO     strategy        PnL: 14:29:53 MTM=2999.75 Profit=0.46%
2026-07-14 14:29:54 INFO     strategy        PnL: 14:29:54 MTM=2993.25 Profit=0.46%
2026-07-14 14:29:55 INFO     strategy        PnL: 14:29:55 MTM=2993.25 Profit=0.46%
2026-07-14 14:29:56 INFO     strategy        PnL: 14:29:56 MTM=2980.25 Profit=0.45%
2026-07-14 14:29:57 INFO     strategy        PnL: 14:29:57 MTM=2983.50 Profit=0.45%
2026-07-14 14:29:58 INFO     strategy        PnL: 14:29:58 MTM=3071.25 Profit=0.47%
2026-07-14 14:29:59 INFO     strategy        PnL: 14:29:59 MTM=3068.00 Profit=0.47%
2026-07-14 14:30:00 INFO     strategy        PnL: 14:30:00 MTM=3090.75 Profit=0.47%
2026-07-14 14:30:01 INFO     strategy        PnL: 14:30:01 MTM=3029.00 Profit=0.46%
2026-07-14 14:30:02 INFO     strategy        PnL: 14:30:02 MTM=3074.50 Profit=0.47%
2026-07-14 14:30:03 INFO     strategy        PnL: 14:30:03 MTM=3074.50 Profit=0.47%
2026-07-14 14:30:04 INFO     strategy        PnL: 14:30:04 MTM=2970.50 Profit=0.45%
2026-07-14 14:30:05 INFO     strategy        PnL: 14:30:05 MTM=2993.25 Profit=0.46%
2026-07-14 14:30:06 INFO     strategy        PnL: 14:30:06 MTM=3032.25 Profit=0.46%
2026-07-14 14:30:08 INFO     strategy        PnL: 14:30:07 MTM=3012.75 Profit=0.46%
2026-07-14 14:30:09 INFO     strategy        PnL: 14:30:09 MTM=3045.25 Profit=0.46%
2026-07-14 14:30:10 INFO     strategy        PnL: 14:30:10 MTM=3019.25 Profit=0.46%
2026-07-14 14:30:11 INFO     strategy        PnL: 14:30:11 MTM=3074.50 Profit=0.47%
2026-07-14 14:30:12 INFO     strategy        PnL: 14:30:12 MTM=3045.25 Profit=0.46%
2026-07-14 14:30:13 INFO     strategy        PnL: 14:30:13 MTM=3038.75 Profit=0.46%
2026-07-14 14:30:14 INFO     strategy        PnL: 14:30:14 MTM=3038.75 Profit=0.46%
2026-07-14 14:30:15 INFO     strategy        PnL: 14:30:15 MTM=3038.75 Profit=0.46%
2026-07-14 14:30:16 INFO     strategy        PnL: 14:30:16 MTM=3025.75 Profit=0.46%
2026-07-14 14:30:17 INFO     strategy        PnL: 14:30:17 MTM=3012.75 Profit=0.46%
2026-07-14 14:30:18 INFO     strategy        PnL: 14:30:18 MTM=2964.00 Profit=0.45%
2026-07-14 14:30:19 INFO     strategy        PnL: 14:30:19 MTM=2967.25 Profit=0.45%
2026-07-14 14:30:20 INFO     strategy        PnL: 14:30:20 MTM=2999.75 Profit=0.46%
2026-07-14 14:30:21 INFO     strategy        PnL: 14:30:21 MTM=3068.00 Profit=0.47%
2026-07-14 14:30:22 INFO     strategy        PnL: 14:30:22 MTM=2902.25 Profit=0.44%
2026-07-14 14:30:23 INFO     strategy        PnL: 14:30:23 MTM=2834.00 Profit=0.43%
2026-07-14 14:30:24 INFO     strategy        PnL: 14:30:24 MTM=2941.25 Profit=0.45%
2026-07-14 14:30:25 INFO     strategy        PnL: 14:30:25 MTM=2951.00 Profit=0.45%
2026-07-14 14:30:26 INFO     strategy        PnL: 14:30:26 MTM=2902.25 Profit=0.44%
2026-07-14 14:30:27 INFO     strategy        PnL: 14:30:27 MTM=2941.25 Profit=0.45%
2026-07-14 14:30:28 INFO     strategy        PnL: 14:30:28 MTM=2947.75 Profit=0.45%
2026-07-14 14:30:29 INFO     strategy        PnL: 14:30:29 MTM=2899.00 Profit=0.44%
2026-07-14 14:30:30 INFO     strategy        PnL: 14:30:30 MTM=2915.25 Profit=0.44%
2026-07-14 14:30:31 INFO     strategy        PnL: 14:30:31 MTM=2934.75 Profit=0.45%
2026-07-14 14:30:32 INFO     strategy        PnL: 14:30:32 MTM=2921.75 Profit=0.45%
2026-07-14 14:30:33 INFO     strategy        PnL: 14:30:33 MTM=2947.75 Profit=0.45%
2026-07-14 14:30:34 INFO     strategy        PnL: 14:30:34 MTM=2957.50 Profit=0.45%
2026-07-14 14:30:35 INFO     strategy        PnL: 14:30:35 MTM=2983.50 Profit=0.45%
2026-07-14 14:30:36 INFO     strategy        PnL: 14:30:36 MTM=2957.50 Profit=0.45%
2026-07-14 14:30:37 INFO     strategy        PnL: 14:30:37 MTM=2908.75 Profit=0.44%
2026-07-14 14:30:38 INFO     strategy        PnL: 14:30:38 MTM=2918.50 Profit=0.44%
2026-07-14 14:30:39 INFO     strategy        PnL: 14:30:39 MTM=2941.25 Profit=0.45%
2026-07-14 14:30:40 INFO     strategy        PnL: 14:30:40 MTM=2944.50 Profit=0.45%
2026-07-14 14:30:41 INFO     strategy        PnL: 14:30:41 MTM=2915.25 Profit=0.44%
2026-07-14 14:30:42 INFO     strategy        PnL: 14:30:42 MTM=2931.50 Profit=0.45%
2026-07-14 14:30:43 INFO     strategy        PnL: 14:30:43 MTM=2941.25 Profit=0.45%
2026-07-14 14:30:44 INFO     strategy        PnL: 14:30:44 MTM=2973.75 Profit=0.45%
2026-07-14 14:30:45 INFO     strategy        PnL: 14:30:45 MTM=2915.25 Profit=0.44%
2026-07-14 14:30:46 INFO     strategy        PnL: 14:30:46 MTM=2957.50 Profit=0.45%
2026-07-14 14:30:47 INFO     strategy        PnL: 14:30:47 MTM=2951.00 Profit=0.45%
2026-07-14 14:30:48 INFO     strategy        PnL: 14:30:48 MTM=2951.00 Profit=0.45%
2026-07-14 14:30:49 INFO     strategy        PnL: 14:30:49 MTM=2944.50 Profit=0.45%
2026-07-14 14:30:50 INFO     strategy        PnL: 14:30:50 MTM=2925.00 Profit=0.45%
2026-07-14 14:30:51 INFO     strategy        PnL: 14:30:51 MTM=2954.25 Profit=0.45%
2026-07-14 14:30:52 INFO     strategy        PnL: 14:30:52 MTM=2999.75 Profit=0.46%
2026-07-14 14:30:53 INFO     strategy        PnL: 14:30:53 MTM=2892.50 Profit=0.44%
2026-07-14 14:30:54 INFO     strategy        PnL: 14:30:54 MTM=2931.50 Profit=0.45%
2026-07-14 14:30:55 INFO     strategy        PnL: 14:30:55 MTM=2964.00 Profit=0.45%
2026-07-14 14:30:56 INFO     strategy        PnL: 14:30:56 MTM=2912.00 Profit=0.44%
2026-07-14 14:30:57 INFO     strategy        PnL: 14:30:57 MTM=2905.50 Profit=0.44%
2026-07-14 14:30:58 INFO     strategy        PnL: 14:30:58 MTM=2941.25 Profit=0.45%
2026-07-14 14:30:59 INFO     strategy        PnL: 14:30:59 MTM=2899.00 Profit=0.44%
2026-07-14 14:31:00 INFO     strategy        PnL: 14:31:00 MTM=2928.25 Profit=0.45%
2026-07-14 14:31:01 INFO     strategy        PnL: 14:31:01 MTM=2925.00 Profit=0.45%
2026-07-14 14:31:02 INFO     strategy        PnL: 14:31:02 MTM=2990.00 Profit=0.46%
2026-07-14 14:31:03 INFO     strategy        PnL: 14:31:03 MTM=2970.50 Profit=0.45%
2026-07-14 14:31:04 INFO     strategy        PnL: 14:31:04 MTM=2980.25 Profit=0.45%
2026-07-14 14:31:05 INFO     strategy        PnL: 14:31:05 MTM=2918.50 Profit=0.44%
2026-07-14 14:31:06 INFO     strategy        PnL: 14:31:06 MTM=2941.25 Profit=0.45%
2026-07-14 14:31:07 INFO     strategy        PnL: 14:31:07 MTM=2947.75 Profit=0.45%
2026-07-14 14:31:08 INFO     strategy        PnL: 14:31:08 MTM=2957.50 Profit=0.45%
2026-07-14 14:31:09 INFO     strategy        PnL: 14:31:09 MTM=2970.50 Profit=0.45%
2026-07-14 14:31:10 INFO     strategy        PnL: 14:31:10 MTM=2967.25 Profit=0.45%
2026-07-14 14:31:11 INFO     strategy        PnL: 14:31:11 MTM=2964.00 Profit=0.45%
2026-07-14 14:31:12 INFO     strategy        PnL: 14:31:12 MTM=2983.50 Profit=0.45%
2026-07-14 14:31:13 INFO     strategy        PnL: 14:31:13 MTM=2977.00 Profit=0.45%
2026-07-14 14:31:14 INFO     strategy        PnL: 14:31:14 MTM=2970.50 Profit=0.45%
2026-07-14 14:31:15 INFO     strategy        PnL: 14:31:15 MTM=2970.50 Profit=0.45%
2026-07-14 14:31:16 INFO     strategy        PnL: 14:31:16 MTM=2954.25 Profit=0.45%
2026-07-14 14:31:17 INFO     strategy        PnL: 14:31:17 MTM=2954.25 Profit=0.45%
2026-07-14 14:31:18 INFO     strategy        PnL: 14:31:18 MTM=2918.50 Profit=0.44%
2026-07-14 14:31:19 INFO     strategy        PnL: 14:31:19 MTM=2938.00 Profit=0.45%
2026-07-14 14:31:20 INFO     strategy        PnL: 14:31:20 MTM=2980.25 Profit=0.45%
2026-07-14 14:31:22 INFO     strategy        PnL: 14:31:22 MTM=2918.50 Profit=0.44%
2026-07-14 14:31:23 INFO     strategy        PnL: 14:31:23 MTM=2886.00 Profit=0.44%
2026-07-14 14:31:24 INFO     strategy        PnL: 14:31:24 MTM=3016.00 Profit=0.46%
2026-07-14 14:31:25 INFO     strategy        PnL: 14:31:25 MTM=2918.50 Profit=0.44%
2026-07-14 14:31:26 INFO     strategy        PnL: 14:31:26 MTM=2941.25 Profit=0.45%
2026-07-14 14:31:27 INFO     strategy        PnL: 14:31:27 MTM=2934.75 Profit=0.45%
2026-07-14 14:31:28 INFO     strategy        PnL: 14:31:28 MTM=2895.75 Profit=0.44%
2026-07-14 14:31:29 INFO     strategy        PnL: 14:31:29 MTM=2912.00 Profit=0.44%
2026-07-14 14:31:30 INFO     strategy        PnL: 14:31:30 MTM=2934.75 Profit=0.45%
2026-07-14 14:31:31 INFO     strategy        PnL: 14:31:31 MTM=2941.25 Profit=0.45%
2026-07-14 14:31:32 INFO     strategy        PnL: 14:31:32 MTM=2967.25 Profit=0.45%
2026-07-14 14:31:33 INFO     strategy        PnL: 14:31:33 MTM=2951.00 Profit=0.45%
2026-07-14 14:31:34 INFO     strategy        PnL: 14:31:34 MTM=2912.00 Profit=0.44%
2026-07-14 14:31:35 INFO     strategy        PnL: 14:31:35 MTM=2970.50 Profit=0.45%
2026-07-14 14:31:36 INFO     strategy        PnL: 14:31:36 MTM=2912.00 Profit=0.44%
2026-07-14 14:31:37 INFO     strategy        PnL: 14:31:37 MTM=2970.50 Profit=0.45%
2026-07-14 14:31:38 INFO     strategy        PnL: 14:31:38 MTM=2941.25 Profit=0.45%
2026-07-14 14:31:39 INFO     strategy        PnL: 14:31:39 MTM=2957.50 Profit=0.45%
2026-07-14 14:31:40 INFO     strategy        PnL: 14:31:40 MTM=2970.50 Profit=0.45%
2026-07-14 14:31:41 INFO     strategy        PnL: 14:31:41 MTM=3016.00 Profit=0.46%
2026-07-14 14:31:42 INFO     strategy        PnL: 14:31:42 MTM=3012.75 Profit=0.46%
2026-07-14 14:31:43 INFO     strategy        PnL: 14:31:43 MTM=3032.25 Profit=0.46%
2026-07-14 14:31:44 INFO     strategy        PnL: 14:31:44 MTM=2986.75 Profit=0.45%
2026-07-14 14:31:45 INFO     strategy        PnL: 14:31:45 MTM=2964.00 Profit=0.45%
2026-07-14 14:31:46 INFO     strategy        PnL: 14:31:46 MTM=2993.25 Profit=0.46%
2026-07-14 14:31:47 INFO     strategy        PnL: 14:31:47 MTM=2996.50 Profit=0.46%
2026-07-14 14:31:48 INFO     strategy        PnL: 14:31:48 MTM=3016.00 Profit=0.46%
2026-07-14 14:31:49 INFO     strategy        PnL: 14:31:49 MTM=2993.25 Profit=0.46%
2026-07-14 14:31:50 INFO     strategy        PnL: 14:31:50 MTM=3022.50 Profit=0.46%
2026-07-14 14:31:51 INFO     strategy        PnL: 14:31:51 MTM=3025.75 Profit=0.46%
2026-07-14 14:31:52 INFO     strategy        PnL: 14:31:52 MTM=2986.75 Profit=0.45%
2026-07-14 14:31:53 INFO     strategy        PnL: 14:31:53 MTM=2970.50 Profit=0.45%
2026-07-14 14:31:54 INFO     strategy        PnL: 14:31:54 MTM=2977.00 Profit=0.45%
2026-07-14 14:31:55 INFO     strategy        PnL: 14:31:55 MTM=3009.50 Profit=0.46%
2026-07-14 14:31:56 INFO     strategy        PnL: 14:31:56 MTM=3029.00 Profit=0.46%
2026-07-14 14:31:57 INFO     strategy        PnL: 14:31:57 MTM=2977.00 Profit=0.45%
2026-07-14 14:31:58 INFO     strategy        PnL: 14:31:58 MTM=3035.50 Profit=0.46%
2026-07-14 14:31:59 INFO     strategy        PnL: 14:31:59 MTM=2993.25 Profit=0.46%
2026-07-14 14:32:00 INFO     strategy        PnL: 14:32:00 MTM=3038.75 Profit=0.46%
2026-07-14 14:32:01 INFO     strategy        PnL: 14:32:01 MTM=3077.75 Profit=0.47%
2026-07-14 14:32:02 INFO     strategy        PnL: 14:32:02 MTM=3097.25 Profit=0.47%
2026-07-14 14:32:03 INFO     strategy        PnL: 14:32:03 MTM=3048.50 Profit=0.46%
2026-07-14 14:32:04 INFO     strategy        PnL: 14:32:04 MTM=3042.00 Profit=0.46%
2026-07-14 14:32:05 INFO     strategy        PnL: 14:32:05 MTM=3061.50 Profit=0.47%
2026-07-14 14:32:06 INFO     strategy        PnL: 14:32:06 MTM=2996.50 Profit=0.46%
2026-07-14 14:32:07 INFO     strategy        PnL: 14:32:07 MTM=3045.25 Profit=0.46%
2026-07-14 14:32:08 INFO     strategy        PnL: 14:32:08 MTM=3045.25 Profit=0.46%
2026-07-14 14:32:09 INFO     strategy        PnL: 14:32:09 MTM=3045.25 Profit=0.46%
2026-07-14 14:32:10 INFO     strategy        PnL: 14:32:10 MTM=3051.75 Profit=0.46%
2026-07-14 14:32:11 INFO     strategy        PnL: 14:32:11 MTM=3071.25 Profit=0.47%
2026-07-14 14:32:12 INFO     strategy        PnL: 14:32:12 MTM=3051.75 Profit=0.46%
2026-07-14 14:32:13 INFO     strategy        PnL: 14:32:13 MTM=3064.75 Profit=0.47%
2026-07-14 14:32:14 INFO     strategy        PnL: 14:32:14 MTM=3064.75 Profit=0.47%
2026-07-14 14:32:15 INFO     strategy        PnL: 14:32:15 MTM=3103.75 Profit=0.47%
2026-07-14 14:32:16 INFO     strategy        PnL: 14:32:16 MTM=3068.00 Profit=0.47%
2026-07-14 14:32:17 INFO     strategy        PnL: 14:32:17 MTM=3081.00 Profit=0.47%
2026-07-14 14:32:18 INFO     strategy        PnL: 14:32:18 MTM=3064.75 Profit=0.47%
2026-07-14 14:32:19 INFO     strategy        PnL: 14:32:19 MTM=3071.25 Profit=0.47%
2026-07-14 14:32:20 INFO     strategy        PnL: 14:32:20 MTM=3058.25 Profit=0.47%
2026-07-14 14:32:21 INFO     strategy        PnL: 14:32:21 MTM=3097.25 Profit=0.47%
2026-07-14 14:32:22 INFO     strategy        PnL: 14:32:22 MTM=3061.50 Profit=0.47%
2026-07-14 14:32:23 INFO     strategy        PnL: 14:32:23 MTM=3058.25 Profit=0.47%
2026-07-14 14:32:24 INFO     strategy        PnL: 14:32:24 MTM=3103.75 Profit=0.47%
2026-07-14 14:32:25 INFO     strategy        PnL: 14:32:25 MTM=3068.00 Profit=0.47%
2026-07-14 14:32:26 INFO     strategy        PnL: 14:32:26 MTM=3016.00 Profit=0.46%
2026-07-14 14:32:27 INFO     strategy        PnL: 14:32:27 MTM=3077.75 Profit=0.47%
2026-07-14 14:32:28 INFO     strategy        PnL: 14:32:28 MTM=3090.75 Profit=0.47%
2026-07-14 14:32:29 INFO     strategy        PnL: 14:32:29 MTM=3113.50 Profit=0.47%
2026-07-14 14:32:30 INFO     strategy        PnL: 14:32:30 MTM=3071.25 Profit=0.47%
2026-07-14 14:32:31 INFO     strategy        PnL: 14:32:31 MTM=3045.25 Profit=0.46%
2026-07-14 14:32:32 INFO     strategy        PnL: 14:32:32 MTM=3100.50 Profit=0.47%
2026-07-14 14:32:33 INFO     strategy        PnL: 14:32:33 MTM=3042.00 Profit=0.46%
2026-07-14 14:32:34 INFO     strategy        PnL: 14:32:34 MTM=3038.75 Profit=0.46%
2026-07-14 14:32:35 INFO     strategy        PnL: 14:32:35 MTM=3012.75 Profit=0.46%
2026-07-14 14:32:36 INFO     strategy        PnL: 14:32:36 MTM=3084.25 Profit=0.47%
2026-07-14 14:32:37 INFO     strategy        PnL: 14:32:37 MTM=3061.50 Profit=0.47%
2026-07-14 14:32:38 INFO     strategy        PnL: 14:32:38 MTM=3084.25 Profit=0.47%
2026-07-14 14:32:40 INFO     strategy        PnL: 14:32:40 MTM=3003.00 Profit=0.46%
2026-07-14 14:32:41 INFO     strategy        PnL: 14:32:41 MTM=3058.25 Profit=0.47%
2026-07-14 14:32:42 INFO     strategy        PnL: 14:32:42 MTM=3022.50 Profit=0.46%
2026-07-14 14:32:43 INFO     strategy        PnL: 14:32:43 MTM=3055.00 Profit=0.47%
2026-07-14 14:32:44 INFO     strategy        PnL: 14:32:44 MTM=3019.25 Profit=0.46%
2026-07-14 14:32:45 INFO     strategy        PnL: 14:32:45 MTM=3003.00 Profit=0.46%
2026-07-14 14:32:46 INFO     strategy        PnL: 14:32:46 MTM=3025.75 Profit=0.46%
2026-07-14 14:32:47 INFO     strategy        PnL: 14:32:47 MTM=3019.25 Profit=0.46%
2026-07-14 14:32:48 INFO     strategy        PnL: 14:32:48 MTM=3058.25 Profit=0.47%
2026-07-14 14:32:49 INFO     strategy        PnL: 14:32:49 MTM=3019.25 Profit=0.46%
2026-07-14 14:32:50 INFO     strategy        PnL: 14:32:50 MTM=2986.75 Profit=0.45%
2026-07-14 14:32:51 INFO     strategy        PnL: 14:32:51 MTM=3035.50 Profit=0.46%
2026-07-14 14:32:52 INFO     strategy        PnL: 14:32:52 MTM=2996.50 Profit=0.46%
2026-07-14 14:32:53 INFO     strategy        PnL: 14:32:53 MTM=3038.75 Profit=0.46%
2026-07-14 14:32:54 INFO     strategy        PnL: 14:32:54 MTM=3042.00 Profit=0.46%
2026-07-14 14:32:55 INFO     strategy        PnL: 14:32:55 MTM=3035.50 Profit=0.46%
2026-07-14 14:32:56 INFO     strategy        PnL: 14:32:56 MTM=3084.25 Profit=0.47%
2026-07-14 14:32:57 INFO     strategy        PnL: 14:32:57 MTM=3064.75 Profit=0.47%
2026-07-14 14:32:58 INFO     strategy        PnL: 14:32:58 MTM=3058.25 Profit=0.47%
2026-07-14 14:32:59 INFO     strategy        PnL: 14:32:59 MTM=3071.25 Profit=0.47%
2026-07-14 14:33:00 INFO     strategy        PnL: 14:33:00 MTM=3055.00 Profit=0.47%
2026-07-14 14:33:01 INFO     strategy        PnL: 14:33:01 MTM=3094.00 Profit=0.47%
2026-07-14 14:33:02 INFO     strategy        PnL: 14:33:02 MTM=3064.75 Profit=0.47%
2026-07-14 14:33:03 INFO     strategy        PnL: 14:33:03 MTM=3055.00 Profit=0.47%
2026-07-14 14:33:04 INFO     strategy        PnL: 14:33:04 MTM=3071.25 Profit=0.47%
2026-07-14 14:33:05 INFO     strategy        PnL: 14:33:05 MTM=3068.00 Profit=0.47%
2026-07-14 14:33:06 INFO     strategy        PnL: 14:33:06 MTM=3126.50 Profit=0.48%
2026-07-14 14:33:07 INFO     strategy        PnL: 14:33:07 MTM=3100.50 Profit=0.47%
2026-07-14 14:33:08 INFO     strategy        PnL: 14:33:08 MTM=3077.75 Profit=0.47%
2026-07-14 14:33:09 INFO     strategy        PnL: 14:33:09 MTM=3094.00 Profit=0.47%
2026-07-14 14:33:10 INFO     strategy        PnL: 14:33:10 MTM=3048.50 Profit=0.46%
2026-07-14 14:33:11 INFO     strategy        PnL: 14:33:11 MTM=3077.75 Profit=0.47%
2026-07-14 14:33:12 INFO     strategy        PnL: 14:33:12 MTM=3081.00 Profit=0.47%
2026-07-14 14:33:13 INFO     strategy        PnL: 14:33:13 MTM=3116.75 Profit=0.47%
2026-07-14 14:33:14 INFO     strategy        PnL: 14:33:14 MTM=3081.00 Profit=0.47%
2026-07-14 14:33:15 INFO     strategy        PnL: 14:33:15 MTM=3022.50 Profit=0.46%
2026-07-14 14:33:16 INFO     strategy        PnL: 14:33:16 MTM=3051.75 Profit=0.46%
2026-07-14 14:33:17 INFO     strategy        PnL: 14:33:17 MTM=3042.00 Profit=0.46%
2026-07-14 14:33:18 INFO     strategy        PnL: 14:33:18 MTM=3055.00 Profit=0.47%
2026-07-14 14:33:19 INFO     strategy        PnL: 14:33:19 MTM=3071.25 Profit=0.47%
2026-07-14 14:33:20 INFO     strategy        PnL: 14:33:20 MTM=3064.75 Profit=0.47%
2026-07-14 14:33:21 INFO     strategy        PnL: 14:33:21 MTM=3048.50 Profit=0.46%
2026-07-14 14:33:22 INFO     strategy        PnL: 14:33:22 MTM=3097.25 Profit=0.47%
2026-07-14 14:33:23 INFO     strategy        PnL: 14:33:23 MTM=3084.25 Profit=0.47%
2026-07-14 14:33:24 INFO     strategy        PnL: 14:33:24 MTM=3051.75 Profit=0.46%
2026-07-14 14:33:25 INFO     strategy        PnL: 14:33:25 MTM=3110.25 Profit=0.47%
2026-07-14 14:33:26 INFO     strategy        PnL: 14:33:26 MTM=3068.00 Profit=0.47%
2026-07-14 14:33:27 INFO     strategy        PnL: 14:33:27 MTM=3087.50 Profit=0.47%
2026-07-14 14:33:28 INFO     strategy        PnL: 14:33:28 MTM=3055.00 Profit=0.47%
2026-07-14 14:33:29 INFO     strategy        PnL: 14:33:29 MTM=3097.25 Profit=0.47%
2026-07-14 14:33:30 INFO     strategy        PnL: 14:33:30 MTM=3058.25 Profit=0.47%
2026-07-14 14:33:31 INFO     strategy        PnL: 14:33:31 MTM=3032.25 Profit=0.46%
2026-07-14 14:33:32 INFO     strategy        PnL: 14:33:32 MTM=3048.50 Profit=0.46%
2026-07-14 14:33:33 INFO     strategy        PnL: 14:33:33 MTM=3032.25 Profit=0.46%
2026-07-14 14:33:34 INFO     strategy        PnL: 14:33:34 MTM=3097.25 Profit=0.47%
2026-07-14 14:33:35 INFO     strategy        PnL: 14:33:35 MTM=3064.75 Profit=0.47%
2026-07-14 14:33:36 INFO     strategy        PnL: 14:33:36 MTM=3071.25 Profit=0.47%
2026-07-14 14:33:37 INFO     strategy        PnL: 14:33:37 MTM=3064.75 Profit=0.47%
2026-07-14 14:33:38 INFO     strategy        PnL: 14:33:38 MTM=3019.25 Profit=0.46%
2026-07-14 14:33:39 INFO     strategy        PnL: 14:33:39 MTM=3042.00 Profit=0.46%
2026-07-14 14:33:40 INFO     strategy        PnL: 14:33:40 MTM=3025.75 Profit=0.46%
2026-07-14 14:33:41 INFO     strategy        PnL: 14:33:41 MTM=3035.50 Profit=0.46%
2026-07-14 14:33:42 INFO     strategy        PnL: 14:33:42 MTM=3029.00 Profit=0.46%
2026-07-14 14:33:43 INFO     strategy        PnL: 14:33:43 MTM=3035.50 Profit=0.46%
2026-07-14 14:33:44 INFO     strategy        PnL: 14:33:44 MTM=3038.75 Profit=0.46%
2026-07-14 14:33:45 INFO     strategy        PnL: 14:33:45 MTM=2993.25 Profit=0.46%
2026-07-14 14:33:46 INFO     strategy        PnL: 14:33:46 MTM=3003.00 Profit=0.46%
2026-07-14 14:33:47 INFO     strategy        PnL: 14:33:47 MTM=2970.50 Profit=0.45%
2026-07-14 14:33:48 INFO     strategy        PnL: 14:33:48 MTM=2999.75 Profit=0.46%
2026-07-14 14:33:49 INFO     strategy        PnL: 14:33:49 MTM=3009.50 Profit=0.46%
2026-07-14 14:33:50 INFO     strategy        PnL: 14:33:50 MTM=2990.00 Profit=0.46%
2026-07-14 14:33:51 INFO     strategy        PnL: 14:33:51 MTM=3006.25 Profit=0.46%
2026-07-14 14:33:52 INFO     strategy        PnL: 14:33:52 MTM=3097.25 Profit=0.47%
2026-07-14 14:33:53 INFO     strategy        PnL: 14:33:53 MTM=3077.75 Profit=0.47%
2026-07-14 14:33:54 INFO     strategy        PnL: 14:33:54 MTM=3061.50 Profit=0.47%
2026-07-14 14:33:55 INFO     strategy        PnL: 14:33:55 MTM=3074.50 Profit=0.47%
2026-07-14 14:33:56 INFO     strategy        PnL: 14:33:56 MTM=3068.00 Profit=0.47%
2026-07-14 14:33:57 INFO     strategy        PnL: 14:33:57 MTM=3003.00 Profit=0.46%
2026-07-14 14:33:58 INFO     strategy        PnL: 14:33:58 MTM=3038.75 Profit=0.46%
2026-07-14 14:33:59 INFO     strategy        PnL: 14:33:59 MTM=3009.50 Profit=0.46%
2026-07-14 14:34:00 INFO     strategy        PnL: 14:34:00 MTM=3048.50 Profit=0.46%
2026-07-14 14:34:01 INFO     strategy        PnL: 14:34:01 MTM=3074.50 Profit=0.47%
2026-07-14 14:34:02 INFO     strategy        PnL: 14:34:02 MTM=3045.25 Profit=0.46%
2026-07-14 14:34:03 INFO     strategy        PnL: 14:34:03 MTM=3042.00 Profit=0.46%
2026-07-14 14:34:04 INFO     strategy        PnL: 14:34:04 MTM=3055.00 Profit=0.47%
2026-07-14 14:34:05 INFO     strategy        PnL: 14:34:05 MTM=3071.25 Profit=0.47%
2026-07-14 14:34:06 INFO     strategy        PnL: 14:34:06 MTM=3061.50 Profit=0.47%
2026-07-14 14:34:07 INFO     strategy        PnL: 14:34:07 MTM=3061.50 Profit=0.47%
2026-07-14 14:34:08 INFO     strategy        PnL: 14:34:08 MTM=2996.50 Profit=0.46%
2026-07-14 14:34:09 INFO     strategy        PnL: 14:34:09 MTM=3084.25 Profit=0.47%
2026-07-14 14:34:10 INFO     strategy        PnL: 14:34:10 MTM=3038.75 Profit=0.46%
2026-07-14 14:34:11 INFO     strategy        PnL: 14:34:11 MTM=3081.00 Profit=0.47%
2026-07-14 14:34:12 INFO     strategy        PnL: 14:34:12 MTM=3071.25 Profit=0.47%
2026-07-14 14:34:14 INFO     strategy        PnL: 14:34:14 MTM=3032.25 Profit=0.46%
2026-07-14 14:34:15 INFO     strategy        PnL: 14:34:15 MTM=3084.25 Profit=0.47%
2026-07-14 14:34:16 INFO     strategy        PnL: 14:34:16 MTM=3107.00 Profit=0.47%
2026-07-14 14:34:17 INFO     strategy        PnL: 14:34:17 MTM=3087.50 Profit=0.47%
2026-07-14 14:34:18 INFO     strategy        PnL: 14:34:18 MTM=3074.50 Profit=0.47%
2026-07-14 14:34:19 INFO     strategy        PnL: 14:34:19 MTM=3074.50 Profit=0.47%
2026-07-14 14:34:20 INFO     strategy        PnL: 14:34:20 MTM=3051.75 Profit=0.46%
2026-07-14 14:34:21 INFO     strategy        PnL: 14:34:21 MTM=3068.00 Profit=0.47%
2026-07-14 14:34:22 INFO     strategy        PnL: 14:34:22 MTM=3051.75 Profit=0.46%
2026-07-14 14:34:23 INFO     strategy        PnL: 14:34:23 MTM=3077.75 Profit=0.47%
2026-07-14 14:34:24 INFO     strategy        PnL: 14:34:24 MTM=3061.50 Profit=0.47%
2026-07-14 14:34:25 INFO     strategy        PnL: 14:34:25 MTM=3048.50 Profit=0.46%
2026-07-14 14:34:26 INFO     strategy        PnL: 14:34:26 MTM=3058.25 Profit=0.47%
2026-07-14 14:34:27 INFO     strategy        PnL: 14:34:27 MTM=3090.75 Profit=0.47%
2026-07-14 14:34:28 INFO     strategy        PnL: 14:34:28 MTM=3071.25 Profit=0.47%
2026-07-14 14:34:29 INFO     strategy        PnL: 14:34:29 MTM=3055.00 Profit=0.47%
2026-07-14 14:34:30 INFO     strategy        PnL: 14:34:30 MTM=3097.25 Profit=0.47%
2026-07-14 14:34:31 INFO     strategy        PnL: 14:34:31 MTM=3110.25 Profit=0.47%
2026-07-14 14:34:32 INFO     strategy        PnL: 14:34:32 MTM=3032.25 Profit=0.46%
2026-07-14 14:34:33 INFO     strategy        PnL: 14:34:33 MTM=3090.75 Profit=0.47%
2026-07-14 14:34:34 INFO     strategy        PnL: 14:34:34 MTM=3077.75 Profit=0.47%
2026-07-14 14:34:35 INFO     strategy        PnL: 14:34:35 MTM=3058.25 Profit=0.47%
2026-07-14 14:34:36 INFO     strategy        PnL: 14:34:36 MTM=3084.25 Profit=0.47%
2026-07-14 14:34:37 INFO     strategy        PnL: 14:34:37 MTM=3142.75 Profit=0.48%
2026-07-14 14:34:38 INFO     strategy        PnL: 14:34:38 MTM=3084.25 Profit=0.47%
2026-07-14 14:34:39 INFO     strategy        PnL: 14:34:39 MTM=3100.50 Profit=0.47%
2026-07-14 14:34:40 INFO     strategy        PnL: 14:34:40 MTM=3025.75 Profit=0.46%
2026-07-14 14:34:41 INFO     strategy        PnL: 14:34:41 MTM=3097.25 Profit=0.47%
2026-07-14 14:34:42 INFO     strategy        PnL: 14:34:42 MTM=3061.50 Profit=0.47%
2026-07-14 14:34:43 INFO     strategy        PnL: 14:34:43 MTM=3084.25 Profit=0.47%
2026-07-14 14:34:44 INFO     strategy        PnL: 14:34:44 MTM=3123.25 Profit=0.48%
2026-07-14 14:34:45 INFO     strategy        PnL: 14:34:45 MTM=3074.50 Profit=0.47%
2026-07-14 14:34:46 INFO     strategy        PnL: 14:34:46 MTM=3084.25 Profit=0.47%
2026-07-14 14:34:47 INFO     strategy        PnL: 14:34:47 MTM=3084.25 Profit=0.47%
2026-07-14 14:34:48 INFO     strategy        PnL: 14:34:48 MTM=3081.00 Profit=0.47%
2026-07-14 14:34:49 INFO     strategy        PnL: 14:34:49 MTM=3087.50 Profit=0.47%
2026-07-14 14:34:50 INFO     strategy        PnL: 14:34:50 MTM=3126.50 Profit=0.48%
2026-07-14 14:34:51 INFO     strategy        PnL: 14:34:51 MTM=3058.25 Profit=0.47%
2026-07-14 14:34:52 INFO     strategy        PnL: 14:34:52 MTM=3081.00 Profit=0.47%
2026-07-14 14:34:53 INFO     strategy        PnL: 14:34:53 MTM=3003.00 Profit=0.46%
2026-07-14 14:34:54 INFO     strategy        PnL: 14:34:54 MTM=2902.25 Profit=0.44%
2026-07-14 14:34:55 INFO     strategy        PnL: 14:34:55 MTM=3032.25 Profit=0.46%
2026-07-14 14:34:56 INFO     strategy        PnL: 14:34:56 MTM=2996.50 Profit=0.46%
2026-07-14 14:34:57 INFO     strategy        PnL: 14:34:57 MTM=3068.00 Profit=0.47%
2026-07-14 14:34:58 INFO     strategy        PnL: 14:34:58 MTM=3055.00 Profit=0.47%
2026-07-14 14:34:59 INFO     strategy        PnL: 14:34:59 MTM=3120.00 Profit=0.48%
2026-07-14 14:35:00 INFO     strategy        PnL: 14:35:00 MTM=3055.00 Profit=0.47%
2026-07-14 14:35:01 INFO     strategy        PnL: 14:35:01 MTM=3081.00 Profit=0.47%
2026-07-14 14:35:02 INFO     strategy        PnL: 14:35:02 MTM=2837.25 Profit=0.43%
2026-07-14 14:35:03 INFO     strategy        PnL: 14:35:03 MTM=2886.00 Profit=0.44%
2026-07-14 14:35:04 INFO     strategy        PnL: 14:35:04 MTM=2954.25 Profit=0.45%
2026-07-14 14:35:05 INFO     strategy        PnL: 14:35:05 MTM=2912.00 Profit=0.44%
2026-07-14 14:35:06 INFO     strategy        PnL: 14:35:06 MTM=2944.50 Profit=0.45%
2026-07-14 14:35:07 INFO     strategy        PnL: 14:35:07 MTM=2967.25 Profit=0.45%
2026-07-14 14:35:08 INFO     strategy        PnL: 14:35:08 MTM=2902.25 Profit=0.44%
2026-07-14 14:35:09 INFO     strategy        PnL: 14:35:09 MTM=2889.25 Profit=0.44%
2026-07-14 14:35:10 INFO     strategy        PnL: 14:35:10 MTM=2834.00 Profit=0.43%
2026-07-14 14:35:11 INFO     strategy        PnL: 14:35:11 MTM=2934.75 Profit=0.45%
2026-07-14 14:35:12 INFO     strategy        PnL: 14:35:12 MTM=2902.25 Profit=0.44%
2026-07-14 14:35:13 INFO     strategy        PnL: 14:35:13 MTM=2970.50 Profit=0.45%
2026-07-14 14:35:14 INFO     strategy        PnL: 14:35:14 MTM=2921.75 Profit=0.45%
2026-07-14 14:35:15 INFO     strategy        PnL: 14:35:15 MTM=2957.50 Profit=0.45%
2026-07-14 14:35:16 INFO     strategy        PnL: 14:35:16 MTM=2951.00 Profit=0.45%
2026-07-14 14:35:17 INFO     strategy        PnL: 14:35:17 MTM=2925.00 Profit=0.45%
2026-07-14 14:35:18 INFO     strategy        PnL: 14:35:18 MTM=2895.75 Profit=0.44%
2026-07-14 14:35:19 INFO     strategy        PnL: 14:35:19 MTM=2860.00 Profit=0.44%
2026-07-14 14:35:20 INFO     strategy        PnL: 14:35:20 MTM=2889.25 Profit=0.44%
2026-07-14 14:35:21 INFO     strategy        PnL: 14:35:21 MTM=2687.75 Profit=0.41%
2026-07-14 14:35:22 INFO     strategy        PnL: 14:35:22 MTM=2782.00 Profit=0.42%
2026-07-14 14:35:23 INFO     strategy        PnL: 14:35:23 MTM=2791.75 Profit=0.43%
2026-07-14 14:35:24 INFO     strategy        PnL: 14:35:24 MTM=2879.50 Profit=0.44%
2026-07-14 14:35:25 INFO     strategy        PnL: 14:35:25 MTM=2697.50 Profit=0.41%
2026-07-14 14:35:26 INFO     strategy        PnL: 14:35:26 MTM=2860.00 Profit=0.44%
2026-07-14 14:35:27 INFO     strategy        PnL: 14:35:27 MTM=2915.25 Profit=0.44%
2026-07-14 14:35:28 INFO     strategy        PnL: 14:35:28 MTM=2876.25 Profit=0.44%
2026-07-14 14:35:29 INFO     strategy        PnL: 14:35:29 MTM=2840.50 Profit=0.43%
2026-07-14 14:35:30 INFO     strategy        PnL: 14:35:30 MTM=2895.75 Profit=0.44%
2026-07-14 14:35:31 INFO     strategy        PnL: 14:35:31 MTM=2866.50 Profit=0.44%
2026-07-14 14:35:32 INFO     strategy        PnL: 14:35:32 MTM=2892.50 Profit=0.44%
2026-07-14 14:35:33 INFO     strategy        PnL: 14:35:33 MTM=2866.50 Profit=0.44%
2026-07-14 14:35:34 INFO     strategy        PnL: 14:35:34 MTM=2921.75 Profit=0.45%
2026-07-14 14:35:35 INFO     strategy        PnL: 14:35:35 MTM=2895.75 Profit=0.44%
2026-07-14 14:35:37 INFO     strategy        PnL: 14:35:37 MTM=2908.75 Profit=0.44%
2026-07-14 14:35:38 INFO     strategy        PnL: 14:35:38 MTM=2895.75 Profit=0.44%
2026-07-14 14:35:39 INFO     strategy        PnL: 14:35:39 MTM=2947.75 Profit=0.45%
2026-07-14 14:35:40 INFO     strategy        PnL: 14:35:40 MTM=2967.25 Profit=0.45%
2026-07-14 14:35:41 INFO     strategy        PnL: 14:35:41 MTM=2947.75 Profit=0.45%
2026-07-14 14:35:42 INFO     strategy        PnL: 14:35:42 MTM=2921.75 Profit=0.45%
2026-07-14 14:35:43 INFO     strategy        PnL: 14:35:43 MTM=2908.75 Profit=0.44%
2026-07-14 14:35:44 INFO     strategy        PnL: 14:35:44 MTM=2973.75 Profit=0.45%
2026-07-14 14:35:45 INFO     strategy        PnL: 14:35:45 MTM=3025.75 Profit=0.46%
2026-07-14 14:35:46 INFO     strategy        PnL: 14:35:46 MTM=2918.50 Profit=0.44%
2026-07-14 14:35:47 INFO     strategy        PnL: 14:35:47 MTM=3045.25 Profit=0.46%
2026-07-14 14:35:48 INFO     strategy        PnL: 14:35:48 MTM=3032.25 Profit=0.46%
2026-07-14 14:35:49 INFO     strategy        PnL: 14:35:49 MTM=3045.25 Profit=0.46%
2026-07-14 14:35:50 INFO     strategy        PnL: 14:35:50 MTM=3009.50 Profit=0.46%
2026-07-14 14:35:51 INFO     strategy        PnL: 14:35:51 MTM=3029.00 Profit=0.46%
2026-07-14 14:35:52 INFO     strategy        PnL: 14:35:52 MTM=2986.75 Profit=0.45%
2026-07-14 14:35:53 INFO     strategy        PnL: 14:35:53 MTM=3012.75 Profit=0.46%
2026-07-14 14:35:54 INFO     strategy        PnL: 14:35:54 MTM=3032.25 Profit=0.46%
2026-07-14 14:35:55 INFO     strategy        PnL: 14:35:55 MTM=2986.75 Profit=0.45%
2026-07-14 14:35:56 INFO     strategy        PnL: 14:35:56 MTM=2902.25 Profit=0.44%
2026-07-14 14:35:57 INFO     strategy        PnL: 14:35:57 MTM=3009.50 Profit=0.46%
2026-07-14 14:35:58 INFO     strategy        PnL: 14:35:58 MTM=2938.00 Profit=0.45%
2026-07-14 14:35:59 INFO     strategy        PnL: 14:35:59 MTM=2996.50 Profit=0.46%
2026-07-14 14:36:00 INFO     strategy        PnL: 14:36:00 MTM=3045.25 Profit=0.46%
2026-07-14 14:36:01 INFO     strategy        PnL: 14:36:01 MTM=3058.25 Profit=0.47%
2026-07-14 14:36:02 INFO     strategy        PnL: 14:36:02 MTM=3035.50 Profit=0.46%
2026-07-14 14:36:03 INFO     strategy        PnL: 14:36:03 MTM=3149.25 Profit=0.48%
2026-07-14 14:36:04 INFO     strategy        PnL: 14:36:04 MTM=3120.00 Profit=0.48%
2026-07-14 14:36:05 INFO     strategy        PnL: 14:36:05 MTM=3123.25 Profit=0.48%
2026-07-14 14:36:06 INFO     strategy        PnL: 14:36:06 MTM=3103.75 Profit=0.47%
2026-07-14 14:36:07 INFO     strategy        PnL: 14:36:07 MTM=3133.00 Profit=0.48%
2026-07-14 14:36:08 INFO     strategy        PnL: 14:36:08 MTM=3149.25 Profit=0.48%
2026-07-14 14:36:09 INFO     strategy        PnL: 14:36:09 MTM=3139.50 Profit=0.48%
2026-07-14 14:36:10 INFO     strategy        PnL: 14:36:10 MTM=3136.25 Profit=0.48%
2026-07-14 14:36:11 INFO     strategy        PnL: 14:36:11 MTM=3068.00 Profit=0.47%
2026-07-14 14:36:12 INFO     strategy        PnL: 14:36:12 MTM=3097.25 Profit=0.47%
2026-07-14 14:36:13 INFO     strategy        PnL: 14:36:13 MTM=3087.50 Profit=0.47%
2026-07-14 14:36:14 INFO     strategy        PnL: 14:36:14 MTM=3123.25 Profit=0.48%
2026-07-14 14:36:15 INFO     strategy        PnL: 14:36:15 MTM=3055.00 Profit=0.47%
2026-07-14 14:36:16 INFO     strategy        PnL: 14:36:16 MTM=3110.25 Profit=0.47%
2026-07-14 14:36:17 INFO     strategy        PnL: 14:36:17 MTM=3152.50 Profit=0.48%
2026-07-14 14:36:18 INFO     strategy        PnL: 14:36:18 MTM=3113.50 Profit=0.47%
2026-07-14 14:36:19 INFO     strategy        PnL: 14:36:19 MTM=3094.00 Profit=0.47%
2026-07-14 14:36:20 INFO     strategy        PnL: 14:36:20 MTM=3136.25 Profit=0.48%
2026-07-14 14:36:21 INFO     strategy        PnL: 14:36:21 MTM=3084.25 Profit=0.47%
2026-07-14 14:36:22 INFO     strategy        PnL: 14:36:22 MTM=3110.25 Profit=0.47%
2026-07-14 14:36:23 INFO     strategy        PnL: 14:36:23 MTM=3136.25 Profit=0.48%
2026-07-14 14:36:24 INFO     strategy        PnL: 14:36:24 MTM=3149.25 Profit=0.48%
2026-07-14 14:36:25 INFO     strategy        PnL: 14:36:25 MTM=3133.00 Profit=0.48%
2026-07-14 14:36:26 INFO     strategy        PnL: 14:36:26 MTM=3159.00 Profit=0.48%
2026-07-14 14:36:27 INFO     strategy        PnL: 14:36:27 MTM=3120.00 Profit=0.48%
2026-07-14 14:36:28 INFO     strategy        PnL: 14:36:28 MTM=3139.50 Profit=0.48%
2026-07-14 14:36:29 INFO     strategy        PnL: 14:36:29 MTM=3129.75 Profit=0.48%
2026-07-14 14:36:30 INFO     strategy        PnL: 14:36:30 MTM=3220.75 Profit=0.49%
2026-07-14 14:36:31 INFO     strategy        PnL: 14:36:31 MTM=3204.50 Profit=0.49%
2026-07-14 14:36:32 INFO     strategy        PnL: 14:36:32 MTM=3191.50 Profit=0.49%
2026-07-14 14:36:33 INFO     strategy        PnL: 14:36:33 MTM=3185.00 Profit=0.49%
2026-07-14 14:36:34 INFO     strategy        PnL: 14:36:34 MTM=3253.25 Profit=0.50%
2026-07-14 14:36:35 INFO     strategy        PnL: 14:36:35 MTM=3237.00 Profit=0.49%
2026-07-14 14:36:36 INFO     strategy        PnL: 14:36:36 MTM=3233.75 Profit=0.49%
2026-07-14 14:36:37 INFO     strategy        PnL: 14:36:37 MTM=3233.75 Profit=0.49%
2026-07-14 14:36:38 INFO     strategy        PnL: 14:36:38 MTM=3217.50 Profit=0.49%
2026-07-14 14:36:39 INFO     strategy        PnL: 14:36:39 MTM=3194.75 Profit=0.49%
2026-07-14 14:36:40 INFO     strategy        PnL: 14:36:40 MTM=3272.75 Profit=0.50%
2026-07-14 14:36:41 INFO     strategy        PnL: 14:36:41 MTM=3217.50 Profit=0.49%
2026-07-14 14:36:42 INFO     strategy        PnL: 14:36:42 MTM=3250.00 Profit=0.50%
2026-07-14 14:36:43 INFO     strategy        PnL: 14:36:43 MTM=3240.25 Profit=0.49%
2026-07-14 14:36:44 INFO     strategy        PnL: 14:36:44 MTM=3178.50 Profit=0.48%
2026-07-14 14:36:45 INFO     strategy        PnL: 14:36:45 MTM=3211.00 Profit=0.49%
2026-07-14 14:36:47 INFO     strategy        PnL: 14:36:46 MTM=3155.75 Profit=0.48%
2026-07-14 14:36:48 INFO     strategy        PnL: 14:36:48 MTM=3214.25 Profit=0.49%
2026-07-14 14:36:49 INFO     strategy        PnL: 14:36:49 MTM=3224.00 Profit=0.49%
2026-07-14 14:36:50 INFO     strategy        PnL: 14:36:50 MTM=3214.25 Profit=0.49%
2026-07-14 14:36:51 INFO     strategy        PnL: 14:36:51 MTM=3263.00 Profit=0.50%
2026-07-14 14:36:52 INFO     strategy        PnL: 14:36:52 MTM=3165.50 Profit=0.48%
2026-07-14 14:36:53 INFO     strategy        PnL: 14:36:53 MTM=3282.50 Profit=0.50%
2026-07-14 14:36:54 INFO     strategy        PnL: 14:36:54 MTM=3331.25 Profit=0.51%
2026-07-14 14:36:55 INFO     strategy        PnL: 14:36:55 MTM=3224.00 Profit=0.49%
2026-07-14 14:36:56 INFO     strategy        PnL: 14:36:56 MTM=3396.25 Profit=0.52%
2026-07-14 14:36:57 INFO     strategy        PnL: 14:36:57 MTM=3415.75 Profit=0.52%
2026-07-14 14:36:58 INFO     strategy        PnL: 14:36:58 MTM=3337.75 Profit=0.51%
2026-07-14 14:36:59 INFO     strategy        PnL: 14:36:59 MTM=3363.75 Profit=0.51%
2026-07-14 14:37:00 INFO     strategy        PnL: 14:37:00 MTM=3350.75 Profit=0.51%
2026-07-14 14:37:01 INFO     strategy        PnL: 14:37:01 MTM=3406.00 Profit=0.52%
2026-07-14 14:37:02 INFO     strategy        PnL: 14:37:02 MTM=3396.25 Profit=0.52%
2026-07-14 14:37:03 INFO     strategy        PnL: 14:37:03 MTM=3402.75 Profit=0.52%
2026-07-14 14:37:04 INFO     strategy        PnL: 14:37:04 MTM=3305.25 Profit=0.50%
2026-07-14 14:37:05 INFO     strategy        PnL: 14:37:05 MTM=3367.00 Profit=0.51%
2026-07-14 14:37:06 INFO     strategy        PnL: 14:37:06 MTM=3331.25 Profit=0.51%
2026-07-14 14:37:07 INFO     strategy        PnL: 14:37:07 MTM=3360.50 Profit=0.51%
2026-07-14 14:37:08 INFO     strategy        PnL: 14:37:08 MTM=3467.75 Profit=0.53%
2026-07-14 14:37:09 INFO     strategy        PnL: 14:37:09 MTM=3354.00 Profit=0.51%
2026-07-14 14:37:10 INFO     strategy        PnL: 14:37:10 MTM=3383.25 Profit=0.52%
2026-07-14 14:37:11 INFO     strategy        PnL: 14:37:11 MTM=3298.75 Profit=0.50%
2026-07-14 14:37:12 INFO     strategy        PnL: 14:37:12 MTM=3354.00 Profit=0.51%
2026-07-14 14:37:13 INFO     strategy        PnL: 14:37:13 MTM=3354.00 Profit=0.51%
2026-07-14 14:37:14 INFO     strategy        PnL: 14:37:14 MTM=3298.75 Profit=0.50%
2026-07-14 14:37:15 INFO     strategy        PnL: 14:37:15 MTM=3344.25 Profit=0.51%
2026-07-14 14:37:16 INFO     strategy        PnL: 14:37:16 MTM=3289.00 Profit=0.50%
2026-07-14 14:37:17 INFO     strategy        PnL: 14:37:17 MTM=3276.00 Profit=0.50%
2026-07-14 14:37:18 INFO     strategy        PnL: 14:37:18 MTM=3334.50 Profit=0.51%
2026-07-14 14:37:19 INFO     strategy        PnL: 14:37:19 MTM=3360.50 Profit=0.51%
2026-07-14 14:37:20 INFO     strategy        PnL: 14:37:20 MTM=3386.50 Profit=0.52%
2026-07-14 14:37:21 INFO     strategy        PnL: 14:37:21 MTM=3298.75 Profit=0.50%
2026-07-14 14:37:22 INFO     strategy        PnL: 14:37:22 MTM=3324.75 Profit=0.51%
2026-07-14 14:37:23 INFO     strategy        PnL: 14:37:23 MTM=3263.00 Profit=0.50%
2026-07-14 14:37:24 INFO     strategy        PnL: 14:37:24 MTM=3292.25 Profit=0.50%
2026-07-14 14:37:25 INFO     strategy        PnL: 14:37:25 MTM=3285.75 Profit=0.50%
2026-07-14 14:37:26 INFO     strategy        PnL: 14:37:26 MTM=3308.50 Profit=0.50%
2026-07-14 14:37:27 INFO     strategy        PnL: 14:37:27 MTM=3250.00 Profit=0.50%
2026-07-14 14:37:28 INFO     strategy        PnL: 14:37:28 MTM=3250.00 Profit=0.50%
2026-07-14 14:37:29 INFO     strategy        PnL: 14:37:29 MTM=3289.00 Profit=0.50%
2026-07-14 14:37:30 INFO     strategy        PnL: 14:37:30 MTM=3279.25 Profit=0.50%
2026-07-14 14:37:31 INFO     strategy        PnL: 14:37:31 MTM=3276.00 Profit=0.50%
2026-07-14 14:37:32 INFO     strategy        PnL: 14:37:32 MTM=3256.50 Profit=0.50%
2026-07-14 14:37:33 INFO     strategy        PnL: 14:37:33 MTM=3269.50 Profit=0.50%
2026-07-14 14:37:34 INFO     strategy        PnL: 14:37:34 MTM=3298.75 Profit=0.50%
2026-07-14 14:37:35 INFO     strategy        PnL: 14:37:35 MTM=3259.75 Profit=0.50%
2026-07-14 14:37:36 INFO     strategy        PnL: 14:37:36 MTM=3250.00 Profit=0.50%
2026-07-14 14:37:37 INFO     strategy        PnL: 14:37:37 MTM=3266.25 Profit=0.50%
2026-07-14 14:37:38 INFO     strategy        PnL: 14:37:38 MTM=3282.50 Profit=0.50%
2026-07-14 14:37:39 INFO     strategy        PnL: 14:37:39 MTM=3243.50 Profit=0.49%
2026-07-14 14:37:40 INFO     strategy        PnL: 14:37:40 MTM=3308.50 Profit=0.50%
2026-07-14 14:37:41 INFO     strategy        PnL: 14:37:41 MTM=3263.00 Profit=0.50%
2026-07-14 14:37:42 INFO     strategy        PnL: 14:37:42 MTM=3311.75 Profit=0.50%
2026-07-14 14:37:43 INFO     strategy        PnL: 14:37:43 MTM=3295.50 Profit=0.50%
2026-07-14 14:37:44 INFO     strategy        PnL: 14:37:44 MTM=3217.50 Profit=0.49%
2026-07-14 14:37:45 INFO     strategy        PnL: 14:37:45 MTM=3344.25 Profit=0.51%
2026-07-14 14:37:46 INFO     strategy        PnL: 14:37:46 MTM=3289.00 Profit=0.50%
2026-07-14 14:37:47 INFO     strategy        PnL: 14:37:47 MTM=3279.25 Profit=0.50%
2026-07-14 14:37:48 INFO     strategy        PnL: 14:37:48 MTM=3269.50 Profit=0.50%
2026-07-14 14:37:49 INFO     strategy        PnL: 14:37:49 MTM=3224.00 Profit=0.49%
2026-07-14 14:37:50 INFO     strategy        PnL: 14:37:50 MTM=3276.00 Profit=0.50%
2026-07-14 14:37:51 INFO     strategy        PnL: 14:37:51 MTM=3344.25 Profit=0.51%
2026-07-14 14:37:52 INFO     strategy        PnL: 14:37:52 MTM=3272.75 Profit=0.50%
2026-07-14 14:37:53 INFO     strategy        PnL: 14:37:53 MTM=3220.75 Profit=0.49%
2026-07-14 14:37:54 INFO     strategy        PnL: 14:37:54 MTM=3285.75 Profit=0.50%
2026-07-14 14:37:55 INFO     strategy        PnL: 14:37:55 MTM=3250.00 Profit=0.50%
2026-07-14 14:37:56 INFO     strategy        PnL: 14:37:56 MTM=3272.75 Profit=0.50%
2026-07-14 14:37:57 INFO     strategy        PnL: 14:37:57 MTM=3253.25 Profit=0.50%
2026-07-14 14:37:58 INFO     strategy        PnL: 14:37:58 MTM=3243.50 Profit=0.49%
2026-07-14 14:37:59 INFO     strategy        PnL: 14:37:59 MTM=3240.25 Profit=0.49%
2026-07-14 14:38:00 INFO     strategy        PnL: 14:38:00 MTM=3263.00 Profit=0.50%
2026-07-14 14:38:01 INFO     strategy        PnL: 14:38:01 MTM=3233.75 Profit=0.49%
2026-07-14 14:38:02 INFO     strategy        PnL: 14:38:02 MTM=3230.50 Profit=0.49%
2026-07-14 14:38:03 INFO     strategy        PnL: 14:38:03 MTM=3217.50 Profit=0.49%
2026-07-14 14:38:05 INFO     strategy        PnL: 14:38:04 MTM=3250.00 Profit=0.50%
2026-07-14 14:38:06 INFO     strategy        PnL: 14:38:06 MTM=3227.25 Profit=0.49%
2026-07-14 14:38:07 INFO     strategy        PnL: 14:38:07 MTM=3227.25 Profit=0.49%
2026-07-14 14:38:08 INFO     strategy        PnL: 14:38:08 MTM=3269.50 Profit=0.50%
2026-07-14 14:38:09 INFO     strategy        PnL: 14:38:09 MTM=3172.00 Profit=0.48%
2026-07-14 14:38:10 INFO     strategy        PnL: 14:38:10 MTM=3142.75 Profit=0.48%
2026-07-14 14:38:11 INFO     strategy        PnL: 14:38:11 MTM=3240.25 Profit=0.49%
2026-07-14 14:38:12 INFO     strategy        PnL: 14:38:12 MTM=3207.75 Profit=0.49%
2026-07-14 14:38:13 INFO     strategy        PnL: 14:38:13 MTM=3201.25 Profit=0.49%
2026-07-14 14:38:14 INFO     strategy        PnL: 14:38:14 MTM=3207.75 Profit=0.49%
2026-07-14 14:38:15 INFO     strategy        PnL: 14:38:15 MTM=3224.00 Profit=0.49%
2026-07-14 14:38:16 INFO     strategy        PnL: 14:38:16 MTM=3243.50 Profit=0.49%
2026-07-14 14:38:17 INFO     strategy        PnL: 14:38:17 MTM=3201.25 Profit=0.49%
2026-07-14 14:38:18 INFO     strategy        PnL: 14:38:18 MTM=3298.75 Profit=0.50%
2026-07-14 14:38:19 INFO     strategy        PnL: 14:38:19 MTM=3272.75 Profit=0.50%
2026-07-14 14:38:20 INFO     strategy        PnL: 14:38:20 MTM=3214.25 Profit=0.49%
2026-07-14 14:38:21 INFO     strategy        PnL: 14:38:21 MTM=3276.00 Profit=0.50%
2026-07-14 14:38:22 INFO     strategy        PnL: 14:38:22 MTM=3289.00 Profit=0.50%
2026-07-14 14:38:23 INFO     strategy        PnL: 14:38:23 MTM=3305.25 Profit=0.50%
2026-07-14 14:38:24 INFO     strategy        PnL: 14:38:24 MTM=3279.25 Profit=0.50%
2026-07-14 14:38:25 INFO     strategy        PnL: 14:38:25 MTM=3237.00 Profit=0.49%
2026-07-14 14:38:26 INFO     strategy        PnL: 14:38:26 MTM=3276.00 Profit=0.50%
2026-07-14 14:38:27 INFO     strategy        PnL: 14:38:27 MTM=3263.00 Profit=0.50%
2026-07-14 14:38:28 INFO     strategy        PnL: 14:38:28 MTM=3250.00 Profit=0.50%
2026-07-14 14:38:29 INFO     strategy        PnL: 14:38:29 MTM=3256.50 Profit=0.50%
2026-07-14 14:38:30 INFO     strategy        PnL: 14:38:30 MTM=3311.75 Profit=0.50%
2026-07-14 14:38:31 INFO     strategy        PnL: 14:38:31 MTM=3295.50 Profit=0.50%
2026-07-14 14:38:32 INFO     strategy        PnL: 14:38:32 MTM=3279.25 Profit=0.50%
2026-07-14 14:38:33 INFO     strategy        PnL: 14:38:33 MTM=3295.50 Profit=0.50%
2026-07-14 14:38:34 INFO     strategy        PnL: 14:38:34 MTM=3266.25 Profit=0.50%
2026-07-14 14:38:35 INFO     strategy        PnL: 14:38:35 MTM=3321.50 Profit=0.51%
2026-07-14 14:38:36 INFO     strategy        PnL: 14:38:36 MTM=3292.25 Profit=0.50%
2026-07-14 14:38:37 INFO     strategy        PnL: 14:38:37 MTM=3298.75 Profit=0.50%
2026-07-14 14:38:38 INFO     strategy        PnL: 14:38:38 MTM=3295.50 Profit=0.50%
2026-07-14 14:38:39 INFO     strategy        PnL: 14:38:39 MTM=3331.25 Profit=0.51%
2026-07-14 14:38:40 INFO     strategy        PnL: 14:38:40 MTM=3350.75 Profit=0.51%
2026-07-14 14:38:41 INFO     strategy        PnL: 14:38:41 MTM=3337.75 Profit=0.51%
2026-07-14 14:38:42 INFO     strategy        PnL: 14:38:42 MTM=3279.25 Profit=0.50%
2026-07-14 14:38:43 INFO     strategy        PnL: 14:38:43 MTM=3230.50 Profit=0.49%
2026-07-14 14:38:44 INFO     strategy        PnL: 14:38:44 MTM=3328.00 Profit=0.51%
2026-07-14 14:38:45 INFO     strategy        PnL: 14:38:45 MTM=3311.75 Profit=0.50%
2026-07-14 14:38:46 INFO     strategy        PnL: 14:38:46 MTM=3285.75 Profit=0.50%
2026-07-14 14:38:47 INFO     strategy        PnL: 14:38:47 MTM=3259.75 Profit=0.50%
2026-07-14 14:38:48 INFO     strategy        PnL: 14:38:48 MTM=3305.25 Profit=0.50%
2026-07-14 14:38:49 INFO     strategy        PnL: 14:38:49 MTM=3302.00 Profit=0.50%
2026-07-14 14:38:50 INFO     strategy        PnL: 14:38:50 MTM=3285.75 Profit=0.50%
2026-07-14 14:38:51 INFO     strategy        PnL: 14:38:51 MTM=3350.75 Profit=0.51%
2026-07-14 14:38:52 INFO     strategy        PnL: 14:38:52 MTM=3311.75 Profit=0.50%
2026-07-14 14:38:53 INFO     strategy        PnL: 14:38:53 MTM=3370.25 Profit=0.51%
2026-07-14 14:38:54 INFO     strategy        PnL: 14:38:54 MTM=3337.75 Profit=0.51%
2026-07-14 14:38:55 INFO     strategy        PnL: 14:38:55 MTM=3380.00 Profit=0.51%
2026-07-14 14:38:56 INFO     strategy        PnL: 14:38:56 MTM=3279.25 Profit=0.50%
2026-07-14 14:38:57 INFO     strategy        PnL: 14:38:57 MTM=3347.50 Profit=0.51%
2026-07-14 14:38:58 INFO     strategy        PnL: 14:38:58 MTM=3334.50 Profit=0.51%
2026-07-14 14:38:59 INFO     strategy        PnL: 14:38:59 MTM=3315.00 Profit=0.50%
2026-07-14 14:39:00 INFO     strategy        PnL: 14:39:00 MTM=3298.75 Profit=0.50%
2026-07-14 14:39:01 INFO     strategy        PnL: 14:39:01 MTM=3302.00 Profit=0.50%
2026-07-14 14:39:02 INFO     strategy        PnL: 14:39:02 MTM=3250.00 Profit=0.50%
2026-07-14 14:39:03 INFO     strategy        PnL: 14:39:03 MTM=3289.00 Profit=0.50%
2026-07-14 14:39:04 INFO     strategy        PnL: 14:39:04 MTM=3266.25 Profit=0.50%
2026-07-14 14:39:05 INFO     strategy        PnL: 14:39:05 MTM=3256.50 Profit=0.50%
2026-07-14 14:39:06 INFO     strategy        PnL: 14:39:06 MTM=3282.50 Profit=0.50%
2026-07-14 14:39:07 INFO     strategy        PnL: 14:39:07 MTM=3308.50 Profit=0.50%
2026-07-14 14:39:08 INFO     strategy        PnL: 14:39:08 MTM=3250.00 Profit=0.50%
2026-07-14 14:39:09 INFO     strategy        PnL: 14:39:09 MTM=3263.00 Profit=0.50%
2026-07-14 14:39:10 INFO     strategy        PnL: 14:39:10 MTM=3256.50 Profit=0.50%
2026-07-14 14:39:11 INFO     strategy        PnL: 14:39:11 MTM=3308.50 Profit=0.50%
2026-07-14 14:39:12 INFO     strategy        PnL: 14:39:12 MTM=3266.25 Profit=0.50%
2026-07-14 14:39:13 INFO     strategy        PnL: 14:39:13 MTM=3246.75 Profit=0.49%
2026-07-14 14:39:14 INFO     strategy        PnL: 14:39:14 MTM=3282.50 Profit=0.50%
2026-07-14 14:39:15 INFO     strategy        PnL: 14:39:15 MTM=3354.00 Profit=0.51%
2026-07-14 14:39:16 INFO     strategy        PnL: 14:39:16 MTM=3331.25 Profit=0.51%
2026-07-14 14:39:17 INFO     strategy        PnL: 14:39:17 MTM=3373.50 Profit=0.51%
2026-07-14 14:39:18 INFO     strategy        PnL: 14:39:18 MTM=3318.25 Profit=0.51%
2026-07-14 14:39:19 INFO     strategy        PnL: 14:39:19 MTM=3357.25 Profit=0.51%
2026-07-14 14:39:20 INFO     strategy        PnL: 14:39:20 MTM=3269.50 Profit=0.50%
2026-07-14 14:39:21 INFO     strategy        PnL: 14:39:21 MTM=3357.25 Profit=0.51%
2026-07-14 14:39:22 INFO     strategy        PnL: 14:39:22 MTM=3350.75 Profit=0.51%
2026-07-14 14:39:23 INFO     strategy        PnL: 14:39:23 MTM=3376.75 Profit=0.51%
2026-07-14 14:39:25 INFO     strategy        PnL: 14:39:25 MTM=3360.50 Profit=0.51%
2026-07-14 14:39:26 INFO     strategy        PnL: 14:39:26 MTM=3380.00 Profit=0.51%
2026-07-14 14:39:27 INFO     strategy        PnL: 14:39:27 MTM=3328.00 Profit=0.51%
2026-07-14 14:39:28 INFO     strategy        PnL: 14:39:28 MTM=3432.00 Profit=0.52%
2026-07-14 14:39:29 INFO     strategy        PnL: 14:39:29 MTM=3363.75 Profit=0.51%
2026-07-14 14:39:30 INFO     strategy        PnL: 14:39:30 MTM=3376.75 Profit=0.51%
2026-07-14 14:39:31 INFO     strategy        PnL: 14:39:31 MTM=3350.75 Profit=0.51%
2026-07-14 14:39:32 INFO     strategy        PnL: 14:39:32 MTM=3354.00 Profit=0.51%
2026-07-14 14:39:33 INFO     strategy        PnL: 14:39:33 MTM=3350.75 Profit=0.51%
2026-07-14 14:39:34 INFO     strategy        PnL: 14:39:34 MTM=3373.50 Profit=0.51%
2026-07-14 14:39:35 INFO     strategy        PnL: 14:39:35 MTM=3324.75 Profit=0.51%
2026-07-14 14:39:36 INFO     strategy        PnL: 14:39:36 MTM=3305.25 Profit=0.50%
2026-07-14 14:39:37 INFO     strategy        PnL: 14:39:37 MTM=3259.75 Profit=0.50%
2026-07-14 14:39:38 INFO     strategy        PnL: 14:39:38 MTM=3289.00 Profit=0.50%
2026-07-14 14:39:39 INFO     strategy        PnL: 14:39:39 MTM=3282.50 Profit=0.50%
2026-07-14 14:39:40 INFO     strategy        PnL: 14:39:40 MTM=3256.50 Profit=0.50%
2026-07-14 14:39:41 INFO     strategy        PnL: 14:39:41 MTM=3243.50 Profit=0.49%
2026-07-14 14:39:42 INFO     strategy        PnL: 14:39:42 MTM=3285.75 Profit=0.50%
2026-07-14 14:39:43 INFO     strategy        PnL: 14:39:43 MTM=3227.25 Profit=0.49%
2026-07-14 14:39:44 INFO     strategy        PnL: 14:39:44 MTM=3276.00 Profit=0.50%
2026-07-14 14:39:45 INFO     strategy        PnL: 14:39:45 MTM=3269.50 Profit=0.50%
2026-07-14 14:39:46 INFO     strategy        PnL: 14:39:46 MTM=3272.75 Profit=0.50%
2026-07-14 14:39:47 INFO     strategy        PnL: 14:39:47 MTM=3259.75 Profit=0.50%
2026-07-14 14:39:48 INFO     strategy        PnL: 14:39:48 MTM=3324.75 Profit=0.51%
2026-07-14 14:39:49 INFO     strategy        PnL: 14:39:49 MTM=3292.25 Profit=0.50%
2026-07-14 14:39:50 INFO     strategy        PnL: 14:39:50 MTM=3337.75 Profit=0.51%
2026-07-14 14:39:51 INFO     strategy        PnL: 14:39:51 MTM=3324.75 Profit=0.51%
2026-07-14 14:39:52 INFO     strategy        PnL: 14:39:52 MTM=3246.75 Profit=0.49%
2026-07-14 14:39:53 INFO     strategy        PnL: 14:39:53 MTM=3276.00 Profit=0.50%
2026-07-14 14:39:54 INFO     strategy        PnL: 14:39:54 MTM=3328.00 Profit=0.51%
2026-07-14 14:39:55 INFO     strategy        PnL: 14:39:55 MTM=3289.00 Profit=0.50%
2026-07-14 14:39:56 INFO     strategy        PnL: 14:39:56 MTM=3324.75 Profit=0.51%
2026-07-14 14:39:57 INFO     strategy        PnL: 14:39:57 MTM=3318.25 Profit=0.51%
2026-07-14 14:39:58 INFO     strategy        PnL: 14:39:58 MTM=3285.75 Profit=0.50%
2026-07-14 14:39:59 INFO     strategy        PnL: 14:39:59 MTM=3354.00 Profit=0.51%
2026-07-14 14:40:00 INFO     strategy        PnL: 14:40:00 MTM=3357.25 Profit=0.51%
2026-07-14 14:40:01 INFO     strategy        PnL: 14:40:01 MTM=3328.00 Profit=0.51%
2026-07-14 14:40:02 INFO     strategy        PnL: 14:40:02 MTM=3331.25 Profit=0.51%
2026-07-14 14:40:03 INFO     strategy        PnL: 14:40:03 MTM=3341.00 Profit=0.51%
2026-07-14 14:40:04 INFO     strategy        PnL: 14:40:04 MTM=3350.75 Profit=0.51%
2026-07-14 14:40:05 INFO     strategy        PnL: 14:40:05 MTM=3441.75 Profit=0.52%
2026-07-14 14:40:06 INFO     strategy        PnL: 14:40:06 MTM=3302.00 Profit=0.50%
2026-07-14 14:40:07 INFO     strategy        PnL: 14:40:07 MTM=3376.75 Profit=0.51%
2026-07-14 14:40:08 INFO     strategy        PnL: 14:40:08 MTM=3373.50 Profit=0.51%
2026-07-14 14:40:09 INFO     strategy        PnL: 14:40:09 MTM=3315.00 Profit=0.50%
2026-07-14 14:40:10 INFO     strategy        PnL: 14:40:10 MTM=3344.25 Profit=0.51%
2026-07-14 14:40:11 INFO     strategy        PnL: 14:40:11 MTM=3328.00 Profit=0.51%
2026-07-14 14:40:12 INFO     strategy        PnL: 14:40:12 MTM=3318.25 Profit=0.51%
2026-07-14 14:40:13 INFO     strategy        PnL: 14:40:13 MTM=3347.50 Profit=0.51%
2026-07-14 14:40:14 INFO     strategy        PnL: 14:40:14 MTM=3341.00 Profit=0.51%
2026-07-14 14:40:15 INFO     strategy        PnL: 14:40:15 MTM=3318.25 Profit=0.51%
2026-07-14 14:40:16 INFO     strategy        PnL: 14:40:16 MTM=3350.75 Profit=0.51%
2026-07-14 14:40:17 INFO     strategy        PnL: 14:40:17 MTM=3298.75 Profit=0.50%
2026-07-14 14:40:18 INFO     strategy        PnL: 14:40:18 MTM=3298.75 Profit=0.50%
2026-07-14 14:40:19 INFO     strategy        PnL: 14:40:19 MTM=3272.75 Profit=0.50%
2026-07-14 14:40:20 INFO     strategy        PnL: 14:40:20 MTM=3295.50 Profit=0.50%
2026-07-14 14:40:21 INFO     strategy        PnL: 14:40:21 MTM=3321.50 Profit=0.51%
2026-07-14 14:40:22 INFO     strategy        PnL: 14:40:22 MTM=3308.50 Profit=0.50%
2026-07-14 14:40:23 INFO     strategy        PnL: 14:40:23 MTM=3305.25 Profit=0.50%
2026-07-14 14:40:24 INFO     strategy        PnL: 14:40:24 MTM=3289.00 Profit=0.50%
2026-07-14 14:40:25 INFO     strategy        PnL: 14:40:25 MTM=3272.75 Profit=0.50%
2026-07-14 14:40:26 INFO     strategy        PnL: 14:40:26 MTM=3308.50 Profit=0.50%
2026-07-14 14:40:27 INFO     strategy        PnL: 14:40:27 MTM=3354.00 Profit=0.51%
2026-07-14 14:40:28 INFO     strategy        PnL: 14:40:28 MTM=3331.25 Profit=0.51%
2026-07-14 14:40:29 INFO     strategy        PnL: 14:40:29 MTM=3337.75 Profit=0.51%
2026-07-14 14:40:30 INFO     strategy        PnL: 14:40:30 MTM=3331.25 Profit=0.51%
2026-07-14 14:40:31 INFO     strategy        PnL: 14:40:31 MTM=3318.25 Profit=0.51%
2026-07-14 14:40:32 INFO     strategy        PnL: 14:40:32 MTM=3373.50 Profit=0.51%
2026-07-14 14:40:33 INFO     strategy        PnL: 14:40:33 MTM=3399.50 Profit=0.52%
2026-07-14 14:40:34 INFO     strategy        PnL: 14:40:34 MTM=3383.25 Profit=0.52%
2026-07-14 14:40:35 INFO     strategy        PnL: 14:40:35 MTM=3370.25 Profit=0.51%
2026-07-14 14:40:36 INFO     strategy        PnL: 14:40:36 MTM=3383.25 Profit=0.52%
2026-07-14 14:40:38 INFO     strategy        PnL: 14:40:38 MTM=3341.00 Profit=0.51%
2026-07-14 14:40:39 INFO     strategy        PnL: 14:40:39 MTM=3383.25 Profit=0.52%
2026-07-14 14:40:40 INFO     strategy        PnL: 14:40:40 MTM=3363.75 Profit=0.51%
2026-07-14 14:40:41 INFO     strategy        PnL: 14:40:41 MTM=3380.00 Profit=0.51%
2026-07-14 14:40:42 INFO     strategy        PnL: 14:40:42 MTM=3396.25 Profit=0.52%
2026-07-14 14:40:43 INFO     strategy        PnL: 14:40:43 MTM=3341.00 Profit=0.51%
2026-07-14 14:40:44 INFO     strategy        PnL: 14:40:44 MTM=3409.25 Profit=0.52%
2026-07-14 14:40:45 INFO     strategy        PnL: 14:40:45 MTM=3370.25 Profit=0.51%
2026-07-14 14:40:46 INFO     strategy        PnL: 14:40:46 MTM=3386.50 Profit=0.52%
2026-07-14 14:40:47 INFO     strategy        PnL: 14:40:47 MTM=3350.75 Profit=0.51%
2026-07-14 14:40:48 INFO     strategy        PnL: 14:40:48 MTM=3376.75 Profit=0.51%
2026-07-14 14:40:49 INFO     strategy        PnL: 14:40:49 MTM=3376.75 Profit=0.51%
2026-07-14 14:40:50 INFO     strategy        PnL: 14:40:50 MTM=3363.75 Profit=0.51%
2026-07-14 14:40:51 INFO     strategy        PnL: 14:40:51 MTM=3350.75 Profit=0.51%
2026-07-14 14:40:52 INFO     strategy        PnL: 14:40:52 MTM=3357.25 Profit=0.51%
2026-07-14 14:40:53 INFO     strategy        PnL: 14:40:53 MTM=3363.75 Profit=0.51%
2026-07-14 14:40:54 INFO     strategy        PnL: 14:40:54 MTM=3360.50 Profit=0.51%
2026-07-14 14:40:55 INFO     strategy        PnL: 14:40:55 MTM=3360.50 Profit=0.51%
2026-07-14 14:40:56 INFO     strategy        PnL: 14:40:56 MTM=3328.00 Profit=0.51%
2026-07-14 14:40:57 INFO     strategy        PnL: 14:40:57 MTM=3350.75 Profit=0.51%
2026-07-14 14:40:58 INFO     strategy        PnL: 14:40:58 MTM=3360.50 Profit=0.51%
2026-07-14 14:40:59 INFO     strategy        PnL: 14:40:59 MTM=3360.50 Profit=0.51%
2026-07-14 14:41:00 INFO     strategy        PnL: 14:41:00 MTM=3354.00 Profit=0.51%
2026-07-14 14:41:01 INFO     strategy        PnL: 14:41:01 MTM=3350.75 Profit=0.51%
2026-07-14 14:41:02 INFO     strategy        PnL: 14:41:02 MTM=3363.75 Profit=0.51%
2026-07-14 14:41:03 INFO     strategy        PnL: 14:41:03 MTM=3354.00 Profit=0.51%
2026-07-14 14:41:04 INFO     strategy        PnL: 14:41:04 MTM=3344.25 Profit=0.51%
2026-07-14 14:41:05 INFO     strategy        PnL: 14:41:05 MTM=3328.00 Profit=0.51%
2026-07-14 14:41:06 INFO     strategy        PnL: 14:41:06 MTM=3269.50 Profit=0.50%
2026-07-14 14:41:07 INFO     strategy        PnL: 14:41:07 MTM=3279.25 Profit=0.50%
2026-07-14 14:41:08 INFO     strategy        PnL: 14:41:08 MTM=3334.50 Profit=0.51%
2026-07-14 14:41:09 INFO     strategy        PnL: 14:41:09 MTM=3380.00 Profit=0.51%
2026-07-14 14:41:10 INFO     strategy        PnL: 14:41:10 MTM=3289.00 Profit=0.50%
2026-07-14 14:41:11 INFO     strategy        PnL: 14:41:11 MTM=3373.50 Profit=0.51%
2026-07-14 14:41:12 INFO     strategy        PnL: 14:41:12 MTM=3308.50 Profit=0.50%
2026-07-14 14:41:13 INFO     strategy        PnL: 14:41:13 MTM=3308.50 Profit=0.50%
2026-07-14 14:41:14 INFO     strategy        PnL: 14:41:14 MTM=3315.00 Profit=0.50%
2026-07-14 14:41:15 INFO     strategy        PnL: 14:41:15 MTM=3263.00 Profit=0.50%
2026-07-14 14:41:16 INFO     strategy        PnL: 14:41:16 MTM=3308.50 Profit=0.50%
2026-07-14 14:41:17 INFO     strategy        PnL: 14:41:17 MTM=3315.00 Profit=0.50%
2026-07-14 14:41:18 INFO     strategy        PnL: 14:41:18 MTM=3302.00 Profit=0.50%
2026-07-14 14:41:19 INFO     strategy        PnL: 14:41:19 MTM=3276.00 Profit=0.50%
2026-07-14 14:41:20 INFO     strategy        PnL: 14:41:20 MTM=3315.00 Profit=0.50%
2026-07-14 14:41:21 INFO     strategy        PnL: 14:41:21 MTM=3302.00 Profit=0.50%
2026-07-14 14:41:22 INFO     strategy        PnL: 14:41:22 MTM=3354.00 Profit=0.51%
2026-07-14 14:41:23 INFO     strategy        PnL: 14:41:23 MTM=3311.75 Profit=0.50%
2026-07-14 14:41:24 INFO     strategy        PnL: 14:41:24 MTM=3331.25 Profit=0.51%
2026-07-14 14:41:25 INFO     strategy        PnL: 14:41:25 MTM=3279.25 Profit=0.50%
2026-07-14 14:41:26 INFO     strategy        PnL: 14:41:26 MTM=3324.75 Profit=0.51%
2026-07-14 14:41:27 INFO     strategy        PnL: 14:41:27 MTM=3328.00 Profit=0.51%
2026-07-14 14:41:28 INFO     strategy        PnL: 14:41:28 MTM=3240.25 Profit=0.49%
2026-07-14 14:41:29 INFO     strategy        PnL: 14:41:29 MTM=3269.50 Profit=0.50%
2026-07-14 14:41:30 INFO     strategy        PnL: 14:41:30 MTM=3269.50 Profit=0.50%
2026-07-14 14:41:31 INFO     strategy        PnL: 14:41:31 MTM=3295.50 Profit=0.50%
2026-07-14 14:41:32 INFO     strategy        PnL: 14:41:32 MTM=3282.50 Profit=0.50%
2026-07-14 14:41:33 INFO     strategy        PnL: 14:41:33 MTM=3256.50 Profit=0.50%
2026-07-14 14:41:34 INFO     strategy        PnL: 14:41:34 MTM=3282.50 Profit=0.50%
2026-07-14 14:41:35 INFO     strategy        PnL: 14:41:35 MTM=3272.75 Profit=0.50%
2026-07-14 14:41:36 INFO     strategy        PnL: 14:41:36 MTM=3311.75 Profit=0.50%
2026-07-14 14:41:37 INFO     strategy        PnL: 14:41:37 MTM=3250.00 Profit=0.50%
2026-07-14 14:41:38 INFO     strategy        PnL: 14:41:38 MTM=3279.25 Profit=0.50%
2026-07-14 14:41:39 INFO     strategy        PnL: 14:41:39 MTM=3315.00 Profit=0.50%
2026-07-14 14:41:40 INFO     strategy        PnL: 14:41:40 MTM=3285.75 Profit=0.50%
2026-07-14 14:41:41 INFO     strategy        PnL: 14:41:41 MTM=3295.50 Profit=0.50%
2026-07-14 14:41:42 INFO     strategy        PnL: 14:41:42 MTM=3295.50 Profit=0.50%
2026-07-14 14:41:43 INFO     strategy        PnL: 14:41:43 MTM=3441.75 Profit=0.52%
2026-07-14 14:41:44 INFO     strategy        PnL: 14:41:44 MTM=3256.50 Profit=0.50%
2026-07-14 14:41:45 INFO     strategy        PnL: 14:41:45 MTM=3298.75 Profit=0.50%
2026-07-14 14:41:46 INFO     strategy        PnL: 14:41:46 MTM=3243.50 Profit=0.49%
2026-07-14 14:41:47 INFO     strategy        PnL: 14:41:47 MTM=3233.75 Profit=0.49%
2026-07-14 14:41:49 INFO     strategy        PnL: 14:41:49 MTM=3259.75 Profit=0.50%
2026-07-14 14:41:50 INFO     strategy        PnL: 14:41:50 MTM=3243.50 Profit=0.49%
2026-07-14 14:41:51 INFO     strategy        PnL: 14:41:51 MTM=3240.25 Profit=0.49%
2026-07-14 14:41:52 INFO     strategy        PnL: 14:41:52 MTM=3214.25 Profit=0.49%
2026-07-14 14:41:53 INFO     strategy        PnL: 14:41:53 MTM=3266.25 Profit=0.50%
2026-07-14 14:41:54 INFO     strategy        PnL: 14:41:54 MTM=3243.50 Profit=0.49%
2026-07-14 14:41:55 INFO     strategy        PnL: 14:41:55 MTM=3165.50 Profit=0.48%
2026-07-14 14:41:56 INFO     strategy        PnL: 14:41:56 MTM=3220.75 Profit=0.49%
2026-07-14 14:41:57 INFO     strategy        PnL: 14:41:57 MTM=3201.25 Profit=0.49%
2026-07-14 14:41:58 INFO     strategy        PnL: 14:41:58 MTM=3246.75 Profit=0.49%
2026-07-14 14:41:59 INFO     strategy        PnL: 14:41:59 MTM=3207.75 Profit=0.49%
2026-07-14 14:42:00 INFO     strategy        PnL: 14:42:00 MTM=3217.50 Profit=0.49%
2026-07-14 14:42:01 INFO     strategy        PnL: 14:42:01 MTM=3227.25 Profit=0.49%
2026-07-14 14:42:02 INFO     strategy        PnL: 14:42:02 MTM=3194.75 Profit=0.49%
2026-07-14 14:42:03 INFO     strategy        PnL: 14:42:03 MTM=3081.00 Profit=0.47%
2026-07-14 14:42:04 INFO     strategy        PnL: 14:42:04 MTM=3110.25 Profit=0.47%
2026-07-14 14:42:05 INFO     strategy        PnL: 14:42:05 MTM=3081.00 Profit=0.47%
2026-07-14 14:42:06 INFO     strategy        PnL: 14:42:06 MTM=3084.25 Profit=0.47%
2026-07-14 14:42:07 INFO     strategy        PnL: 14:42:07 MTM=3087.50 Profit=0.47%
2026-07-14 14:42:08 INFO     strategy        PnL: 14:42:08 MTM=3038.75 Profit=0.46%
2026-07-14 14:42:09 INFO     strategy        PnL: 14:42:09 MTM=3068.00 Profit=0.47%
2026-07-14 14:42:10 INFO     strategy        PnL: 14:42:10 MTM=3110.25 Profit=0.47%
2026-07-14 14:42:11 INFO     strategy        PnL: 14:42:11 MTM=3172.00 Profit=0.48%
2026-07-14 14:42:12 INFO     strategy        PnL: 14:42:12 MTM=3094.00 Profit=0.47%
2026-07-14 14:42:13 INFO     strategy        PnL: 14:42:13 MTM=3087.50 Profit=0.47%
2026-07-14 14:42:14 INFO     strategy        PnL: 14:42:14 MTM=3090.75 Profit=0.47%
2026-07-14 14:42:15 INFO     strategy        PnL: 14:42:15 MTM=3084.25 Profit=0.47%
2026-07-14 14:42:16 INFO     strategy        PnL: 14:42:16 MTM=3201.25 Profit=0.49%
2026-07-14 14:42:17 INFO     strategy        PnL: 14:42:17 MTM=3107.00 Profit=0.47%
2026-07-14 14:42:18 INFO     strategy        PnL: 14:42:18 MTM=3113.50 Profit=0.47%
2026-07-14 14:42:19 INFO     strategy        PnL: 14:42:19 MTM=3139.50 Profit=0.48%
2026-07-14 14:42:20 INFO     strategy        PnL: 14:42:20 MTM=3159.00 Profit=0.48%
2026-07-14 14:42:21 INFO     strategy        PnL: 14:42:21 MTM=3126.50 Profit=0.48%
2026-07-14 14:42:22 INFO     strategy        PnL: 14:42:22 MTM=3116.75 Profit=0.47%
2026-07-14 14:42:23 INFO     strategy        PnL: 14:42:23 MTM=3139.50 Profit=0.48%
2026-07-14 14:42:24 INFO     strategy        PnL: 14:42:24 MTM=3100.50 Profit=0.47%
2026-07-14 14:42:25 INFO     strategy        PnL: 14:42:25 MTM=3084.25 Profit=0.47%
2026-07-14 14:42:26 INFO     strategy        PnL: 14:42:26 MTM=3097.25 Profit=0.47%
2026-07-14 14:42:27 INFO     strategy        PnL: 14:42:27 MTM=3142.75 Profit=0.48%
2026-07-14 14:42:28 INFO     strategy        PnL: 14:42:28 MTM=3149.25 Profit=0.48%
2026-07-14 14:42:29 INFO     strategy        PnL: 14:42:29 MTM=3181.75 Profit=0.48%
2026-07-14 14:42:30 INFO     strategy        PnL: 14:42:30 MTM=3188.25 Profit=0.49%
2026-07-14 14:42:31 INFO     strategy        PnL: 14:42:31 MTM=3207.75 Profit=0.49%
2026-07-14 14:42:32 INFO     strategy        PnL: 14:42:32 MTM=3133.00 Profit=0.48%
2026-07-14 14:42:33 INFO     strategy        PnL: 14:42:33 MTM=3165.50 Profit=0.48%
2026-07-14 14:42:34 INFO     strategy        PnL: 14:42:34 MTM=3159.00 Profit=0.48%
2026-07-14 14:42:35 INFO     strategy        PnL: 14:42:35 MTM=3165.50 Profit=0.48%
2026-07-14 14:42:36 INFO     strategy        PnL: 14:42:36 MTM=3152.50 Profit=0.48%
2026-07-14 14:42:37 INFO     strategy        PnL: 14:42:37 MTM=3159.00 Profit=0.48%
2026-07-14 14:42:38 INFO     strategy        PnL: 14:42:38 MTM=3136.25 Profit=0.48%
2026-07-14 14:42:39 INFO     strategy        PnL: 14:42:39 MTM=3139.50 Profit=0.48%
2026-07-14 14:42:40 INFO     strategy        PnL: 14:42:40 MTM=3129.75 Profit=0.48%
2026-07-14 14:42:41 INFO     strategy        PnL: 14:42:41 MTM=3123.25 Profit=0.48%
2026-07-14 14:42:42 INFO     strategy        PnL: 14:42:42 MTM=3181.75 Profit=0.48%
2026-07-14 14:42:43 INFO     strategy        PnL: 14:42:43 MTM=3120.00 Profit=0.48%
2026-07-14 14:42:44 INFO     strategy        PnL: 14:42:44 MTM=3074.50 Profit=0.47%
2026-07-14 14:42:45 INFO     strategy        PnL: 14:42:45 MTM=3123.25 Profit=0.48%
2026-07-14 14:42:46 INFO     strategy        PnL: 14:42:46 MTM=3016.00 Profit=0.46%
2026-07-14 14:42:47 INFO     strategy        PnL: 14:42:47 MTM=3107.00 Profit=0.47%
2026-07-14 14:42:48 INFO     strategy        PnL: 14:42:48 MTM=3032.25 Profit=0.46%
2026-07-14 14:42:49 INFO     strategy        PnL: 14:42:49 MTM=3068.00 Profit=0.47%
2026-07-14 14:42:50 INFO     strategy        PnL: 14:42:50 MTM=3126.50 Profit=0.48%
2026-07-14 14:42:51 INFO     strategy        PnL: 14:42:51 MTM=3074.50 Profit=0.47%
2026-07-14 14:42:52 INFO     strategy        PnL: 14:42:52 MTM=3159.00 Profit=0.48%
2026-07-14 14:42:53 INFO     strategy        PnL: 14:42:53 MTM=3139.50 Profit=0.48%
2026-07-14 14:42:54 INFO     strategy        PnL: 14:42:54 MTM=3126.50 Profit=0.48%
2026-07-14 14:42:55 INFO     strategy        PnL: 14:42:55 MTM=3116.75 Profit=0.47%
2026-07-14 14:42:56 INFO     strategy        PnL: 14:42:56 MTM=3081.00 Profit=0.47%
2026-07-14 14:42:57 INFO     strategy        PnL: 14:42:57 MTM=3129.75 Profit=0.48%
2026-07-14 14:42:58 INFO     strategy        PnL: 14:42:58 MTM=3126.50 Profit=0.48%
2026-07-14 14:42:59 INFO     strategy        PnL: 14:42:59 MTM=3129.75 Profit=0.48%
2026-07-14 14:43:00 INFO     strategy        PnL: 14:43:00 MTM=3126.50 Profit=0.48%
2026-07-14 14:43:01 INFO     strategy        PnL: 14:43:01 MTM=3136.25 Profit=0.48%
2026-07-14 14:43:02 INFO     strategy        PnL: 14:43:02 MTM=3136.25 Profit=0.48%
2026-07-14 14:43:03 INFO     strategy        PnL: 14:43:03 MTM=3133.00 Profit=0.48%
2026-07-14 14:43:04 INFO     strategy        PnL: 14:43:04 MTM=3142.75 Profit=0.48%
2026-07-14 14:43:05 INFO     strategy        PnL: 14:43:05 MTM=3162.25 Profit=0.48%
2026-07-14 14:43:06 INFO     strategy        PnL: 14:43:06 MTM=3152.50 Profit=0.48%
2026-07-14 14:43:07 INFO     strategy        PnL: 14:43:07 MTM=3126.50 Profit=0.48%
2026-07-14 14:43:08 INFO     strategy        PnL: 14:43:08 MTM=3168.75 Profit=0.48%
2026-07-14 14:43:10 INFO     strategy        PnL: 14:43:10 MTM=3126.50 Profit=0.48%
2026-07-14 14:43:11 INFO     strategy        PnL: 14:43:11 MTM=3113.50 Profit=0.47%
2026-07-14 14:43:12 INFO     strategy        PnL: 14:43:12 MTM=3185.00 Profit=0.49%
2026-07-14 14:43:13 INFO     strategy        PnL: 14:43:13 MTM=3201.25 Profit=0.49%
2026-07-14 14:43:14 INFO     strategy        PnL: 14:43:14 MTM=3149.25 Profit=0.48%
2026-07-14 14:43:15 INFO     strategy        PnL: 14:43:15 MTM=3120.00 Profit=0.48%
2026-07-14 14:43:16 INFO     strategy        PnL: 14:43:16 MTM=3120.00 Profit=0.48%
2026-07-14 14:43:17 INFO     strategy        PnL: 14:43:17 MTM=3123.25 Profit=0.48%
2026-07-14 14:43:18 INFO     strategy        PnL: 14:43:18 MTM=3227.25 Profit=0.49%
2026-07-14 14:43:19 INFO     strategy        PnL: 14:43:19 MTM=3149.25 Profit=0.48%
2026-07-14 14:43:20 INFO     strategy        PnL: 14:43:20 MTM=3168.75 Profit=0.48%
2026-07-14 14:43:21 INFO     strategy        PnL: 14:43:21 MTM=3217.50 Profit=0.49%
2026-07-14 14:43:22 INFO     strategy        PnL: 14:43:22 MTM=3146.00 Profit=0.48%
2026-07-14 14:43:23 INFO     strategy        PnL: 14:43:23 MTM=3146.00 Profit=0.48%
2026-07-14 14:43:24 INFO     strategy        PnL: 14:43:24 MTM=3136.25 Profit=0.48%
2026-07-14 14:43:25 INFO     strategy        PnL: 14:43:25 MTM=3168.75 Profit=0.48%
2026-07-14 14:43:26 INFO     strategy        PnL: 14:43:26 MTM=3198.00 Profit=0.49%
2026-07-14 14:43:27 INFO     strategy        PnL: 14:43:27 MTM=3191.50 Profit=0.49%
2026-07-14 14:43:28 INFO     strategy        PnL: 14:43:28 MTM=3188.25 Profit=0.49%
2026-07-14 14:43:29 INFO     strategy        PnL: 14:43:29 MTM=3237.00 Profit=0.49%
2026-07-14 14:43:30 INFO     strategy        PnL: 14:43:30 MTM=3250.00 Profit=0.50%
2026-07-14 14:43:31 INFO     strategy        PnL: 14:43:31 MTM=3298.75 Profit=0.50%
2026-07-14 14:43:32 INFO     strategy        PnL: 14:43:32 MTM=3269.50 Profit=0.50%
2026-07-14 14:43:33 INFO     strategy        PnL: 14:43:33 MTM=3282.50 Profit=0.50%
2026-07-14 14:43:34 INFO     strategy        PnL: 14:43:34 MTM=3269.50 Profit=0.50%
2026-07-14 14:43:35 INFO     strategy        PnL: 14:43:35 MTM=3240.25 Profit=0.49%
2026-07-14 14:43:36 INFO     strategy        PnL: 14:43:36 MTM=3256.50 Profit=0.50%
2026-07-14 14:43:37 INFO     strategy        PnL: 14:43:37 MTM=3256.50 Profit=0.50%
2026-07-14 14:43:38 INFO     strategy        PnL: 14:43:38 MTM=3289.00 Profit=0.50%
2026-07-14 14:43:39 INFO     strategy        PnL: 14:43:39 MTM=3230.50 Profit=0.49%
2026-07-14 14:43:40 INFO     strategy        PnL: 14:43:40 MTM=3243.50 Profit=0.49%
2026-07-14 14:43:41 INFO     strategy        PnL: 14:43:41 MTM=3227.25 Profit=0.49%
2026-07-14 14:43:42 INFO     strategy        PnL: 14:43:42 MTM=3328.00 Profit=0.51%
2026-07-14 14:43:43 INFO     strategy        PnL: 14:43:43 MTM=3263.00 Profit=0.50%
2026-07-14 14:43:44 INFO     strategy        PnL: 14:43:44 MTM=3295.50 Profit=0.50%
2026-07-14 14:43:45 INFO     strategy        PnL: 14:43:45 MTM=3295.50 Profit=0.50%
2026-07-14 14:43:46 INFO     strategy        PnL: 14:43:46 MTM=3367.00 Profit=0.51%
2026-07-14 14:43:47 INFO     strategy        PnL: 14:43:47 MTM=3357.25 Profit=0.51%
2026-07-14 14:43:48 INFO     strategy        PnL: 14:43:48 MTM=3399.50 Profit=0.52%
2026-07-14 14:43:49 INFO     strategy        PnL: 14:43:49 MTM=3341.00 Profit=0.51%
2026-07-14 14:43:50 INFO     strategy        PnL: 14:43:50 MTM=3292.25 Profit=0.50%
2026-07-14 14:43:51 INFO     strategy        PnL: 14:43:51 MTM=3328.00 Profit=0.51%
2026-07-14 14:43:52 INFO     strategy        PnL: 14:43:52 MTM=3328.00 Profit=0.51%
2026-07-14 14:43:53 INFO     strategy        PnL: 14:43:53 MTM=3350.75 Profit=0.51%
2026-07-14 14:43:54 INFO     strategy        PnL: 14:43:54 MTM=3315.00 Profit=0.50%
2026-07-14 14:43:55 INFO     strategy        PnL: 14:43:55 MTM=3324.75 Profit=0.51%
2026-07-14 14:43:56 INFO     strategy        PnL: 14:43:56 MTM=3354.00 Profit=0.51%
2026-07-14 14:43:57 INFO     strategy        PnL: 14:43:57 MTM=3337.75 Profit=0.51%
2026-07-14 14:43:58 INFO     strategy        PnL: 14:43:58 MTM=3324.75 Profit=0.51%
2026-07-14 14:43:59 INFO     strategy        PnL: 14:43:59 MTM=3315.00 Profit=0.50%
2026-07-14 14:44:00 INFO     strategy        PnL: 14:44:00 MTM=3337.75 Profit=0.51%
2026-07-14 14:44:01 INFO     strategy        PnL: 14:44:01 MTM=3311.75 Profit=0.50%
2026-07-14 14:44:02 INFO     strategy        PnL: 14:44:02 MTM=3331.25 Profit=0.51%
2026-07-14 14:44:03 INFO     strategy        PnL: 14:44:03 MTM=3308.50 Profit=0.50%
2026-07-14 14:44:04 INFO     strategy        PnL: 14:44:04 MTM=3305.25 Profit=0.50%
2026-07-14 14:44:05 INFO     strategy        PnL: 14:44:05 MTM=3315.00 Profit=0.50%
2026-07-14 14:44:06 INFO     strategy        PnL: 14:44:06 MTM=3308.50 Profit=0.50%
2026-07-14 14:44:07 INFO     strategy        PnL: 14:44:07 MTM=3311.75 Profit=0.50%
2026-07-14 14:44:08 INFO     strategy        PnL: 14:44:08 MTM=3308.50 Profit=0.50%
2026-07-14 14:44:09 INFO     strategy        PnL: 14:44:09 MTM=3292.25 Profit=0.50%
2026-07-14 14:44:10 INFO     strategy        PnL: 14:44:10 MTM=3357.25 Profit=0.51%
2026-07-14 14:44:11 INFO     strategy        PnL: 14:44:11 MTM=3311.75 Profit=0.50%
2026-07-14 14:44:12 INFO     strategy        PnL: 14:44:12 MTM=3285.75 Profit=0.50%
2026-07-14 14:44:13 INFO     strategy        PnL: 14:44:13 MTM=3298.75 Profit=0.50%
2026-07-14 14:44:14 INFO     strategy        PnL: 14:44:14 MTM=3331.25 Profit=0.51%
2026-07-14 14:44:15 INFO     strategy        PnL: 14:44:15 MTM=3259.75 Profit=0.50%
2026-07-14 14:44:17 INFO     strategy        PnL: 14:44:17 MTM=3276.00 Profit=0.50%
2026-07-14 14:44:18 INFO     strategy        PnL: 14:44:18 MTM=3240.25 Profit=0.49%
2026-07-14 14:44:19 INFO     strategy        PnL: 14:44:19 MTM=3311.75 Profit=0.50%
2026-07-14 14:44:20 INFO     strategy        PnL: 14:44:20 MTM=3331.25 Profit=0.51%
2026-07-14 14:44:21 INFO     strategy        PnL: 14:44:21 MTM=3315.00 Profit=0.50%
2026-07-14 14:44:22 INFO     strategy        PnL: 14:44:22 MTM=3337.75 Profit=0.51%
2026-07-14 14:44:23 INFO     strategy        PnL: 14:44:23 MTM=3263.00 Profit=0.50%
2026-07-14 14:44:24 INFO     strategy        PnL: 14:44:24 MTM=3344.25 Profit=0.51%
2026-07-14 14:44:25 INFO     strategy        PnL: 14:44:25 MTM=3331.25 Profit=0.51%
2026-07-14 14:44:26 INFO     strategy        PnL: 14:44:26 MTM=3399.50 Profit=0.52%
2026-07-14 14:44:27 INFO     strategy        PnL: 14:44:27 MTM=3341.00 Profit=0.51%
2026-07-14 14:44:28 INFO     strategy        PnL: 14:44:28 MTM=3347.50 Profit=0.51%
2026-07-14 14:44:29 INFO     strategy        PnL: 14:44:29 MTM=3344.25 Profit=0.51%
2026-07-14 14:44:30 INFO     strategy        PnL: 14:44:30 MTM=3331.25 Profit=0.51%
2026-07-14 14:44:31 INFO     strategy        PnL: 14:44:31 MTM=3253.25 Profit=0.50%
2026-07-14 14:44:32 INFO     strategy        PnL: 14:44:32 MTM=3305.25 Profit=0.50%
2026-07-14 14:44:33 INFO     strategy        PnL: 14:44:33 MTM=3292.25 Profit=0.50%
2026-07-14 14:44:34 INFO     strategy        PnL: 14:44:34 MTM=3321.50 Profit=0.51%
2026-07-14 14:44:35 INFO     strategy        PnL: 14:44:35 MTM=3305.25 Profit=0.50%
2026-07-14 14:44:36 INFO     strategy        PnL: 14:44:36 MTM=3305.25 Profit=0.50%
2026-07-14 14:44:37 INFO     strategy        PnL: 14:44:37 MTM=3295.50 Profit=0.50%
2026-07-14 14:44:38 INFO     strategy        PnL: 14:44:38 MTM=3295.50 Profit=0.50%
2026-07-14 14:44:39 INFO     strategy        PnL: 14:44:39 MTM=3282.50 Profit=0.50%
2026-07-14 14:44:40 INFO     strategy        PnL: 14:44:40 MTM=3308.50 Profit=0.50%
2026-07-14 14:44:41 INFO     strategy        PnL: 14:44:41 MTM=3308.50 Profit=0.50%
2026-07-14 14:44:42 INFO     strategy        PnL: 14:44:42 MTM=3305.25 Profit=0.50%
2026-07-14 14:44:43 INFO     strategy        PnL: 14:44:43 MTM=3308.50 Profit=0.50%
2026-07-14 14:44:44 INFO     strategy        PnL: 14:44:44 MTM=3253.25 Profit=0.50%
2026-07-14 14:44:45 INFO     strategy        PnL: 14:44:45 MTM=3285.75 Profit=0.50%
2026-07-14 14:44:46 INFO     strategy        PnL: 14:44:46 MTM=3237.00 Profit=0.49%
2026-07-14 14:44:47 INFO     strategy        PnL: 14:44:47 MTM=3237.00 Profit=0.49%
2026-07-14 14:44:48 INFO     strategy        PnL: 14:44:48 MTM=3289.00 Profit=0.50%
2026-07-14 14:44:49 INFO     strategy        PnL: 14:44:49 MTM=3272.75 Profit=0.50%
2026-07-14 14:44:50 INFO     strategy        PnL: 14:44:50 MTM=3295.50 Profit=0.50%
2026-07-14 14:44:51 INFO     strategy        PnL: 14:44:51 MTM=3289.00 Profit=0.50%
2026-07-14 14:44:52 INFO     strategy        PnL: 14:44:52 MTM=3298.75 Profit=0.50%
2026-07-14 14:44:53 INFO     strategy        PnL: 14:44:53 MTM=3263.00 Profit=0.50%
2026-07-14 14:44:54 INFO     strategy        PnL: 14:44:54 MTM=3246.75 Profit=0.49%
2026-07-14 14:44:55 INFO     strategy        PnL: 14:44:55 MTM=3311.75 Profit=0.50%
2026-07-14 14:44:56 INFO     strategy        PnL: 14:44:56 MTM=3282.50 Profit=0.50%
2026-07-14 14:44:57 INFO     strategy        PnL: 14:44:57 MTM=3272.75 Profit=0.50%
2026-07-14 14:44:58 INFO     strategy        PnL: 14:44:58 MTM=3282.50 Profit=0.50%
2026-07-14 14:44:59 INFO     strategy        PnL: 14:44:59 MTM=3298.75 Profit=0.50%
2026-07-14 14:45:00 INFO     strategy        PnL: 14:45:00 MTM=3295.50 Profit=0.50%
2026-07-14 14:45:01 INFO     strategy        PnL: 14:45:01 MTM=3259.75 Profit=0.50%
2026-07-14 14:45:02 INFO     strategy        PnL: 14:45:02 MTM=3276.00 Profit=0.50%
2026-07-14 14:45:03 INFO     strategy        PnL: 14:45:03 MTM=3308.50 Profit=0.50%
2026-07-14 14:45:04 INFO     strategy        PnL: 14:45:04 MTM=3315.00 Profit=0.50%
2026-07-14 14:45:05 INFO     strategy        PnL: 14:45:05 MTM=3289.00 Profit=0.50%
2026-07-14 14:45:06 INFO     strategy        PnL: 14:45:06 MTM=3318.25 Profit=0.51%
2026-07-14 14:45:07 INFO     strategy        PnL: 14:45:07 MTM=3230.50 Profit=0.49%
2026-07-14 14:45:08 INFO     strategy        PnL: 14:45:08 MTM=3318.25 Profit=0.51%
2026-07-14 14:45:09 INFO     strategy        PnL: 14:45:09 MTM=3321.50 Profit=0.51%
2026-07-14 14:45:10 INFO     strategy        PnL: 14:45:10 MTM=3285.75 Profit=0.50%
2026-07-14 14:45:11 INFO     strategy        PnL: 14:45:11 MTM=3344.25 Profit=0.51%
2026-07-14 14:45:12 INFO     strategy        PnL: 14:45:12 MTM=3279.25 Profit=0.50%
2026-07-14 14:45:13 INFO     strategy        PnL: 14:45:13 MTM=3282.50 Profit=0.50%
2026-07-14 14:45:14 INFO     strategy        PnL: 14:45:14 MTM=3188.25 Profit=0.49%
2026-07-14 14:45:15 INFO     strategy        PnL: 14:45:15 MTM=3276.00 Profit=0.50%
2026-07-14 14:45:16 INFO     strategy        PnL: 14:45:16 MTM=3279.25 Profit=0.50%
2026-07-14 14:45:17 INFO     strategy        PnL: 14:45:17 MTM=3279.25 Profit=0.50%
2026-07-14 14:45:18 INFO     strategy        PnL: 14:45:18 MTM=3237.00 Profit=0.49%
2026-07-14 14:45:19 INFO     strategy        PnL: 14:45:19 MTM=3269.50 Profit=0.50%
2026-07-14 14:45:20 INFO     strategy        PnL: 14:45:20 MTM=3279.25 Profit=0.50%
2026-07-14 14:45:21 INFO     strategy        PnL: 14:45:21 MTM=3311.75 Profit=0.50%
2026-07-14 14:45:22 INFO     strategy        PnL: 14:45:22 MTM=3246.75 Profit=0.49%
2026-07-14 14:45:23 INFO     strategy        PnL: 14:45:23 MTM=3279.25 Profit=0.50%
2026-07-14 14:45:25 INFO     strategy        PnL: 14:45:25 MTM=3217.50 Profit=0.49%
2026-07-14 14:45:26 INFO     strategy        PnL: 14:45:26 MTM=3279.25 Profit=0.50%
2026-07-14 14:45:27 INFO     strategy        PnL: 14:45:27 MTM=3230.50 Profit=0.49%
2026-07-14 14:45:28 INFO     strategy        PnL: 14:45:28 MTM=3253.25 Profit=0.50%
2026-07-14 14:45:29 INFO     strategy        PnL: 14:45:29 MTM=3250.00 Profit=0.50%
2026-07-14 14:45:30 INFO     strategy        PnL: 14:45:30 MTM=3256.50 Profit=0.50%
2026-07-14 14:45:31 INFO     strategy        PnL: 14:45:31 MTM=3240.25 Profit=0.49%
2026-07-14 14:45:32 INFO     strategy        PnL: 14:45:32 MTM=3230.50 Profit=0.49%
2026-07-14 14:45:33 INFO     strategy        PnL: 14:45:33 MTM=3237.00 Profit=0.49%
2026-07-14 14:45:34 INFO     strategy        PnL: 14:45:34 MTM=3224.00 Profit=0.49%
2026-07-14 14:45:35 INFO     strategy        PnL: 14:45:35 MTM=3214.25 Profit=0.49%
2026-07-14 14:45:36 INFO     strategy        PnL: 14:45:36 MTM=3269.50 Profit=0.50%
2026-07-14 14:45:37 INFO     strategy        PnL: 14:45:37 MTM=3292.25 Profit=0.50%
2026-07-14 14:45:38 INFO     strategy        PnL: 14:45:38 MTM=3246.75 Profit=0.49%
2026-07-14 14:45:39 INFO     strategy        PnL: 14:45:39 MTM=3165.50 Profit=0.48%
2026-07-14 14:45:40 INFO     strategy        PnL: 14:45:40 MTM=3240.25 Profit=0.49%
2026-07-14 14:45:41 INFO     strategy        PnL: 14:45:41 MTM=3272.75 Profit=0.50%
2026-07-14 14:45:42 INFO     strategy        PnL: 14:45:42 MTM=3259.75 Profit=0.50%
2026-07-14 14:45:43 INFO     strategy        PnL: 14:45:43 MTM=3237.00 Profit=0.49%
2026-07-14 14:45:44 INFO     strategy        PnL: 14:45:44 MTM=3240.25 Profit=0.49%
2026-07-14 14:45:45 INFO     strategy        PnL: 14:45:45 MTM=3256.50 Profit=0.50%
2026-07-14 14:45:46 INFO     strategy        PnL: 14:45:46 MTM=3214.25 Profit=0.49%
2026-07-14 14:45:47 INFO     strategy        PnL: 14:45:47 MTM=3220.75 Profit=0.49%
2026-07-14 14:45:48 INFO     strategy        PnL: 14:45:48 MTM=3253.25 Profit=0.50%
2026-07-14 14:45:49 INFO     strategy        PnL: 14:45:49 MTM=3279.25 Profit=0.50%
2026-07-14 14:45:50 INFO     strategy        PnL: 14:45:50 MTM=3233.75 Profit=0.49%
2026-07-14 14:45:51 INFO     strategy        PnL: 14:45:51 MTM=3204.50 Profit=0.49%
2026-07-14 14:45:52 INFO     strategy        PnL: 14:45:52 MTM=3220.75 Profit=0.49%
2026-07-14 14:45:53 INFO     strategy        PnL: 14:45:53 MTM=3224.00 Profit=0.49%
2026-07-14 14:45:54 INFO     strategy        PnL: 14:45:54 MTM=3253.25 Profit=0.50%
2026-07-14 14:45:55 INFO     strategy        PnL: 14:45:55 MTM=3211.00 Profit=0.49%
2026-07-14 14:45:56 INFO     strategy        PnL: 14:45:56 MTM=3152.50 Profit=0.48%
2026-07-14 14:45:57 INFO     strategy        PnL: 14:45:57 MTM=3168.75 Profit=0.48%
2026-07-14 14:45:58 INFO     strategy        PnL: 14:45:58 MTM=3185.00 Profit=0.49%
2026-07-14 14:45:59 INFO     strategy        PnL: 14:45:59 MTM=3321.50 Profit=0.51%
2026-07-14 14:46:00 INFO     strategy        PnL: 14:46:00 MTM=3285.75 Profit=0.50%
2026-07-14 14:46:01 INFO     strategy        PnL: 14:46:01 MTM=3344.25 Profit=0.51%
2026-07-14 14:46:02 INFO     strategy        PnL: 14:46:02 MTM=3224.00 Profit=0.49%
2026-07-14 14:46:03 INFO     strategy        PnL: 14:46:03 MTM=3347.50 Profit=0.51%
2026-07-14 14:46:04 INFO     strategy        PnL: 14:46:04 MTM=3188.25 Profit=0.49%
2026-07-14 14:46:05 INFO     strategy        PnL: 14:46:05 MTM=3201.25 Profit=0.49%
2026-07-14 14:46:06 INFO     strategy        PnL: 14:46:06 MTM=3191.50 Profit=0.49%
2026-07-14 14:46:07 INFO     strategy        PnL: 14:46:07 MTM=3272.75 Profit=0.50%
2026-07-14 14:46:08 INFO     strategy        PnL: 14:46:08 MTM=3230.50 Profit=0.49%
2026-07-14 14:46:09 INFO     strategy        PnL: 14:46:09 MTM=3227.25 Profit=0.49%
2026-07-14 14:46:10 INFO     strategy        PnL: 14:46:10 MTM=3334.50 Profit=0.51%
2026-07-14 14:46:11 INFO     strategy        PnL: 14:46:11 MTM=3253.25 Profit=0.50%
2026-07-14 14:46:12 INFO     strategy        PnL: 14:46:12 MTM=3253.25 Profit=0.50%
2026-07-14 14:46:13 INFO     strategy        PnL: 14:46:13 MTM=3269.50 Profit=0.50%
2026-07-14 14:46:14 INFO     strategy        PnL: 14:46:14 MTM=3272.75 Profit=0.50%
2026-07-14 14:46:15 INFO     strategy        PnL: 14:46:15 MTM=3263.00 Profit=0.50%
2026-07-14 14:46:16 INFO     strategy        PnL: 14:46:16 MTM=3259.75 Profit=0.50%
2026-07-14 14:46:17 INFO     strategy        PnL: 14:46:17 MTM=3266.25 Profit=0.50%
2026-07-14 14:46:18 INFO     strategy        PnL: 14:46:18 MTM=3308.50 Profit=0.50%
2026-07-14 14:46:19 INFO     strategy        PnL: 14:46:19 MTM=3324.75 Profit=0.51%
2026-07-14 14:46:20 INFO     strategy        PnL: 14:46:20 MTM=3269.50 Profit=0.50%
2026-07-14 14:46:21 INFO     strategy        PnL: 14:46:21 MTM=3198.00 Profit=0.49%
2026-07-14 14:46:22 INFO     strategy        PnL: 14:46:22 MTM=3308.50 Profit=0.50%
2026-07-14 14:46:23 INFO     strategy        PnL: 14:46:23 MTM=3289.00 Profit=0.50%
2026-07-14 14:46:24 INFO     strategy        PnL: 14:46:24 MTM=3354.00 Profit=0.51%
2026-07-14 14:46:25 INFO     strategy        PnL: 14:46:25 MTM=3295.50 Profit=0.50%
2026-07-14 14:46:26 INFO     strategy        PnL: 14:46:26 MTM=3224.00 Profit=0.49%
2026-07-14 14:46:27 INFO     strategy        PnL: 14:46:27 MTM=3276.00 Profit=0.50%
2026-07-14 14:46:28 INFO     strategy        PnL: 14:46:28 MTM=3295.50 Profit=0.50%
2026-07-14 14:46:29 INFO     strategy        PnL: 14:46:29 MTM=3279.25 Profit=0.50%
2026-07-14 14:46:30 INFO     strategy        PnL: 14:46:30 MTM=3347.50 Profit=0.51%
2026-07-14 14:46:31 INFO     strategy        PnL: 14:46:31 MTM=3334.50 Profit=0.51%
2026-07-14 14:46:32 INFO     strategy        PnL: 14:46:32 MTM=3298.75 Profit=0.50%
2026-07-14 14:46:33 INFO     strategy        PnL: 14:46:33 MTM=3308.50 Profit=0.50%
2026-07-14 14:46:34 INFO     strategy        PnL: 14:46:34 MTM=3341.00 Profit=0.51%
2026-07-14 14:46:35 INFO     strategy        PnL: 14:46:35 MTM=3282.50 Profit=0.50%
2026-07-14 14:46:36 INFO     strategy        PnL: 14:46:36 MTM=3308.50 Profit=0.50%
2026-07-14 14:46:37 INFO     strategy        PnL: 14:46:37 MTM=3269.50 Profit=0.50%
2026-07-14 14:46:38 INFO     strategy        PnL: 14:46:38 MTM=3308.50 Profit=0.50%
2026-07-14 14:46:39 INFO     strategy        PnL: 14:46:39 MTM=3285.75 Profit=0.50%
2026-07-14 14:46:40 INFO     strategy        PnL: 14:46:40 MTM=3237.00 Profit=0.49%
2026-07-14 14:46:41 INFO     strategy        PnL: 14:46:41 MTM=3292.25 Profit=0.50%
2026-07-14 14:46:42 INFO     strategy        PnL: 14:46:42 MTM=3217.50 Profit=0.49%
2026-07-14 14:46:43 INFO     strategy        PnL: 14:46:43 MTM=3289.00 Profit=0.50%
2026-07-14 14:46:44 INFO     strategy        PnL: 14:46:44 MTM=3194.75 Profit=0.49%
2026-07-14 14:46:45 INFO     strategy        PnL: 14:46:45 MTM=3230.50 Profit=0.49%
2026-07-14 14:46:46 INFO     strategy        PnL: 14:46:46 MTM=3276.00 Profit=0.50%
2026-07-14 14:46:47 INFO     strategy        PnL: 14:46:47 MTM=3263.00 Profit=0.50%
2026-07-14 14:46:48 INFO     strategy        PnL: 14:46:48 MTM=3318.25 Profit=0.51%
2026-07-14 14:46:49 INFO     strategy        PnL: 14:46:49 MTM=3318.25 Profit=0.51%
2026-07-14 14:46:51 INFO     strategy        PnL: 14:46:51 MTM=3321.50 Profit=0.51%
2026-07-14 14:46:52 INFO     strategy        PnL: 14:46:52 MTM=3285.75 Profit=0.50%
2026-07-14 14:46:53 INFO     strategy        PnL: 14:46:53 MTM=3298.75 Profit=0.50%
2026-07-14 14:46:54 INFO     strategy        PnL: 14:46:54 MTM=3305.25 Profit=0.50%
2026-07-14 14:46:55 INFO     strategy        PnL: 14:46:55 MTM=3328.00 Profit=0.51%
2026-07-14 14:46:56 INFO     strategy        PnL: 14:46:56 MTM=3276.00 Profit=0.50%
2026-07-14 14:46:57 INFO     strategy        PnL: 14:46:57 MTM=3324.75 Profit=0.51%
2026-07-14 14:46:58 INFO     strategy        PnL: 14:46:58 MTM=3341.00 Profit=0.51%
2026-07-14 14:46:59 INFO     strategy        PnL: 14:46:59 MTM=3305.25 Profit=0.50%
2026-07-14 14:47:00 INFO     strategy        PnL: 14:47:00 MTM=3259.75 Profit=0.50%
2026-07-14 14:47:01 INFO     strategy        PnL: 14:47:01 MTM=3441.75 Profit=0.52%
2026-07-14 14:47:02 INFO     strategy        PnL: 14:47:02 MTM=3305.25 Profit=0.50%
2026-07-14 14:47:03 INFO     strategy        PnL: 14:47:03 MTM=3308.50 Profit=0.50%
2026-07-14 14:47:04 INFO     strategy        PnL: 14:47:04 MTM=3279.25 Profit=0.50%
2026-07-14 14:47:05 INFO     strategy        PnL: 14:47:05 MTM=3230.50 Profit=0.49%
2026-07-14 14:47:06 INFO     strategy        PnL: 14:47:06 MTM=3292.25 Profit=0.50%
2026-07-14 14:47:07 INFO     strategy        PnL: 14:47:07 MTM=3256.50 Profit=0.50%
2026-07-14 14:47:08 INFO     strategy        PnL: 14:47:08 MTM=3139.50 Profit=0.48%
2026-07-14 14:47:09 INFO     strategy        PnL: 14:47:09 MTM=3311.75 Profit=0.50%
2026-07-14 14:47:10 INFO     strategy        PnL: 14:47:10 MTM=3266.25 Profit=0.50%
2026-07-14 14:47:11 INFO     strategy        PnL: 14:47:11 MTM=3263.00 Profit=0.50%
2026-07-14 14:47:12 INFO     strategy        PnL: 14:47:12 MTM=3272.75 Profit=0.50%
2026-07-14 14:47:13 INFO     strategy        PnL: 14:47:13 MTM=3233.75 Profit=0.49%
2026-07-14 14:47:14 INFO     strategy        PnL: 14:47:14 MTM=3292.25 Profit=0.50%
2026-07-14 14:47:15 INFO     strategy        PnL: 14:47:15 MTM=3315.00 Profit=0.50%
2026-07-14 14:47:16 INFO     strategy        PnL: 14:47:16 MTM=3315.00 Profit=0.50%
2026-07-14 14:47:17 INFO     strategy        PnL: 14:47:17 MTM=3308.50 Profit=0.50%
2026-07-14 14:47:18 INFO     strategy        PnL: 14:47:18 MTM=3285.75 Profit=0.50%
2026-07-14 14:47:19 INFO     strategy        PnL: 14:47:19 MTM=3276.00 Profit=0.50%
2026-07-14 14:47:20 INFO     strategy        PnL: 14:47:20 MTM=3272.75 Profit=0.50%
2026-07-14 14:47:21 INFO     strategy        PnL: 14:47:21 MTM=3263.00 Profit=0.50%
2026-07-14 14:47:22 INFO     strategy        PnL: 14:47:22 MTM=3269.50 Profit=0.50%
2026-07-14 14:47:23 INFO     strategy        PnL: 14:47:23 MTM=3285.75 Profit=0.50%
2026-07-14 14:47:24 INFO     strategy        PnL: 14:47:24 MTM=3305.25 Profit=0.50%
2026-07-14 14:47:25 INFO     strategy        PnL: 14:47:25 MTM=3279.25 Profit=0.50%
2026-07-14 14:47:26 INFO     strategy        PnL: 14:47:26 MTM=3266.25 Profit=0.50%
2026-07-14 14:47:27 INFO     strategy        PnL: 14:47:27 MTM=3259.75 Profit=0.50%
2026-07-14 14:47:28 INFO     strategy        PnL: 14:47:28 MTM=3269.50 Profit=0.50%
2026-07-14 14:47:29 INFO     strategy        PnL: 14:47:29 MTM=3350.75 Profit=0.51%
2026-07-14 14:47:30 INFO     strategy        PnL: 14:47:30 MTM=3276.00 Profit=0.50%
2026-07-14 14:47:31 INFO     strategy        PnL: 14:47:31 MTM=3152.50 Profit=0.48%
2026-07-14 14:47:32 INFO     strategy        PnL: 14:47:32 MTM=3302.00 Profit=0.50%
2026-07-14 14:47:33 INFO     strategy        PnL: 14:47:33 MTM=3419.00 Profit=0.52%
2026-07-14 14:47:34 INFO     strategy        PnL: 14:47:34 MTM=3347.50 Profit=0.51%
2026-07-14 14:47:35 INFO     strategy        PnL: 14:47:35 MTM=3328.00 Profit=0.51%
2026-07-14 14:47:36 INFO     strategy        PnL: 14:47:36 MTM=3428.75 Profit=0.52%
2026-07-14 14:47:37 INFO     strategy        PnL: 14:47:37 MTM=3305.25 Profit=0.50%
2026-07-14 14:47:38 INFO     strategy        PnL: 14:47:38 MTM=3321.50 Profit=0.51%
2026-07-14 14:47:39 INFO     strategy        PnL: 14:47:39 MTM=3298.75 Profit=0.50%
2026-07-14 14:47:40 INFO     strategy        PnL: 14:47:40 MTM=3357.25 Profit=0.51%
2026-07-14 14:47:41 INFO     strategy        PnL: 14:47:41 MTM=3341.00 Profit=0.51%
2026-07-14 14:47:42 INFO     strategy        PnL: 14:47:42 MTM=3376.75 Profit=0.51%
2026-07-14 14:47:43 INFO     strategy        PnL: 14:47:43 MTM=3513.25 Profit=0.54%
2026-07-14 14:47:44 INFO     strategy        PnL: 14:47:44 MTM=3454.75 Profit=0.53%
2026-07-14 14:47:45 INFO     strategy        PnL: 14:47:45 MTM=3386.50 Profit=0.52%
2026-07-14 14:47:46 INFO     strategy        PnL: 14:47:46 MTM=3295.50 Profit=0.50%
2026-07-14 14:47:47 INFO     strategy        PnL: 14:47:47 MTM=3506.75 Profit=0.53%
2026-07-14 14:47:48 INFO     strategy        PnL: 14:47:48 MTM=3282.50 Profit=0.50%
2026-07-14 14:47:49 INFO     strategy        PnL: 14:47:49 MTM=2996.50 Profit=0.46%
2026-07-14 14:47:50 INFO     strategy        PnL: 14:47:50 MTM=3471.00 Profit=0.53%
2026-07-14 14:47:51 INFO     strategy        PnL: 14:47:51 MTM=3308.50 Profit=0.50%
2026-07-14 14:47:52 INFO     strategy        PnL: 14:47:52 MTM=3311.75 Profit=0.50%
2026-07-14 14:47:53 INFO     strategy        PnL: 14:47:53 MTM=3412.50 Profit=0.52%
2026-07-14 14:47:54 INFO     strategy        PnL: 14:47:54 MTM=3324.75 Profit=0.51%
2026-07-14 14:47:55 INFO     strategy        PnL: 14:47:55 MTM=3393.00 Profit=0.52%
2026-07-14 14:47:56 INFO     strategy        PnL: 14:47:56 MTM=3282.50 Profit=0.50%
2026-07-14 14:47:57 INFO     strategy        PnL: 14:47:57 MTM=3562.00 Profit=0.54%
2026-07-14 14:47:58 INFO     strategy        PnL: 14:47:58 MTM=3328.00 Profit=0.51%
2026-07-14 14:47:59 INFO     strategy        PnL: 14:47:59 MTM=3266.25 Profit=0.50%
2026-07-14 14:48:00 INFO     strategy        PnL: 14:48:00 MTM=3191.50 Profit=0.49%
2026-07-14 14:48:01 INFO     strategy        PnL: 14:48:01 MTM=3298.75 Profit=0.50%
2026-07-14 14:48:02 INFO     strategy        PnL: 14:48:02 MTM=3123.25 Profit=0.48%
2026-07-14 14:48:03 INFO     strategy        PnL: 14:48:03 MTM=3123.25 Profit=0.48%
2026-07-14 14:48:04 INFO     strategy        PnL: 14:48:04 MTM=3220.75 Profit=0.49%
2026-07-14 14:48:06 INFO     strategy        PnL: 14:48:05 MTM=3048.50 Profit=0.46%
2026-07-14 14:48:07 INFO     strategy        PnL: 14:48:07 MTM=3311.75 Profit=0.50%
2026-07-14 14:48:08 INFO     strategy        PnL: 14:48:08 MTM=3185.00 Profit=0.49%
2026-07-14 14:48:09 INFO     strategy        PnL: 14:48:09 MTM=3328.00 Profit=0.51%
2026-07-14 14:48:10 INFO     strategy        PnL: 14:48:10 MTM=3506.75 Profit=0.53%
2026-07-14 14:48:11 INFO     strategy        PnL: 14:48:11 MTM=3432.00 Profit=0.52%
2026-07-14 14:48:12 INFO     strategy        PnL: 14:48:12 MTM=3367.00 Profit=0.51%
2026-07-14 14:48:13 INFO     strategy        PnL: 14:48:13 MTM=3315.00 Profit=0.50%
2026-07-14 14:48:14 INFO     strategy        PnL: 14:48:14 MTM=3432.00 Profit=0.52%
2026-07-14 14:48:15 INFO     strategy        PnL: 14:48:15 MTM=3516.50 Profit=0.54%
2026-07-14 14:48:16 INFO     strategy        PnL: 14:48:16 MTM=3289.00 Profit=0.50%
2026-07-14 14:48:17 INFO     strategy        PnL: 14:48:17 MTM=3467.75 Profit=0.53%
2026-07-14 14:48:18 INFO     strategy        PnL: 14:48:18 MTM=3328.00 Profit=0.51%
2026-07-14 14:48:19 INFO     strategy        PnL: 14:48:19 MTM=3272.75 Profit=0.50%
2026-07-14 14:48:20 INFO     strategy        PnL: 14:48:20 MTM=3402.75 Profit=0.52%
2026-07-14 14:48:21 INFO     strategy        PnL: 14:48:21 MTM=3422.25 Profit=0.52%
2026-07-14 14:48:22 INFO     strategy        PnL: 14:48:22 MTM=3367.00 Profit=0.51%
2026-07-14 14:48:23 INFO     strategy        PnL: 14:48:23 MTM=3393.00 Profit=0.52%
2026-07-14 14:48:24 INFO     strategy        PnL: 14:48:24 MTM=3389.75 Profit=0.52%
2026-07-14 14:48:25 INFO     strategy        PnL: 14:48:25 MTM=3435.25 Profit=0.52%
2026-07-14 14:48:26 INFO     strategy        PnL: 14:48:26 MTM=3461.25 Profit=0.53%
2026-07-14 14:48:27 INFO     strategy        PnL: 14:48:27 MTM=3451.50 Profit=0.53%
2026-07-14 14:48:28 INFO     strategy        PnL: 14:48:28 MTM=3334.50 Profit=0.51%
2026-07-14 14:48:29 INFO     strategy        PnL: 14:48:29 MTM=3477.50 Profit=0.53%
2026-07-14 14:48:30 INFO     strategy        PnL: 14:48:30 MTM=3428.75 Profit=0.52%
2026-07-14 14:48:31 INFO     strategy        PnL: 14:48:31 MTM=3480.75 Profit=0.53%
2026-07-14 14:48:32 INFO     strategy        PnL: 14:48:32 MTM=3513.25 Profit=0.54%
2026-07-14 14:48:33 INFO     strategy        PnL: 14:48:33 MTM=3575.00 Profit=0.54%
2026-07-14 14:48:34 INFO     strategy        PnL: 14:48:34 MTM=3565.25 Profit=0.54%
2026-07-14 14:48:35 INFO     strategy        PnL: 14:48:35 MTM=3536.00 Profit=0.54%
2026-07-14 14:48:36 INFO     strategy        PnL: 14:48:36 MTM=3727.75 Profit=0.57%
2026-07-14 14:48:37 INFO     strategy        PnL: 14:48:37 MTM=3549.00 Profit=0.54%
2026-07-14 14:48:38 INFO     strategy        PnL: 14:48:38 MTM=3558.75 Profit=0.54%
2026-07-14 14:48:39 INFO     strategy        PnL: 14:48:39 MTM=3461.25 Profit=0.53%
2026-07-14 14:48:40 INFO     strategy        PnL: 14:48:40 MTM=3571.75 Profit=0.54%
2026-07-14 14:48:41 INFO     strategy        PnL: 14:48:41 MTM=3471.00 Profit=0.53%
2026-07-14 14:48:42 INFO     strategy        PnL: 14:48:42 MTM=3458.00 Profit=0.53%
2026-07-14 14:48:43 INFO     strategy        PnL: 14:48:43 MTM=3497.00 Profit=0.53%
2026-07-14 14:48:44 INFO     strategy        PnL: 14:48:44 MTM=3480.75 Profit=0.53%
2026-07-14 14:48:45 INFO     strategy        PnL: 14:48:45 MTM=3484.00 Profit=0.53%
2026-07-14 14:48:46 INFO     strategy        PnL: 14:48:46 MTM=3487.25 Profit=0.53%
2026-07-14 14:48:47 INFO     strategy        PnL: 14:48:47 MTM=3513.25 Profit=0.54%
2026-07-14 14:48:48 INFO     strategy        PnL: 14:48:48 MTM=3506.75 Profit=0.53%
2026-07-14 14:48:49 INFO     strategy        PnL: 14:48:49 MTM=3614.00 Profit=0.55%
2026-07-14 14:48:50 INFO     strategy        PnL: 14:48:50 MTM=3610.75 Profit=0.55%
2026-07-14 14:48:51 INFO     strategy        PnL: 14:48:51 MTM=3653.00 Profit=0.56%
2026-07-14 14:48:52 INFO     strategy        PnL: 14:48:52 MTM=3627.00 Profit=0.55%
2026-07-14 14:48:53 INFO     strategy        PnL: 14:48:53 MTM=3594.50 Profit=0.55%
2026-07-14 14:48:54 INFO     strategy        PnL: 14:48:54 MTM=3656.25 Profit=0.56%
2026-07-14 14:48:55 INFO     strategy        PnL: 14:48:55 MTM=3617.25 Profit=0.55%
2026-07-14 14:48:56 INFO     strategy        PnL: 14:48:56 MTM=3714.75 Profit=0.57%
2026-07-14 14:48:57 INFO     strategy        PnL: 14:48:57 MTM=3575.00 Profit=0.54%
2026-07-14 14:48:58 INFO     strategy        PnL: 14:48:58 MTM=3630.25 Profit=0.55%
2026-07-14 14:48:59 INFO     strategy        PnL: 14:48:59 MTM=3581.50 Profit=0.55%
2026-07-14 14:49:00 INFO     strategy        PnL: 14:49:00 MTM=3646.50 Profit=0.56%
2026-07-14 14:49:01 INFO     strategy        PnL: 14:49:01 MTM=3666.00 Profit=0.56%
2026-07-14 14:49:02 INFO     strategy        PnL: 14:49:02 MTM=3672.50 Profit=0.56%
2026-07-14 14:49:03 INFO     strategy        PnL: 14:49:03 MTM=3737.50 Profit=0.57%
2026-07-14 14:49:04 INFO     strategy        PnL: 14:49:04 MTM=3659.50 Profit=0.56%
2026-07-14 14:49:05 INFO     strategy        PnL: 14:49:05 MTM=3649.75 Profit=0.56%
2026-07-14 14:49:06 INFO     strategy        PnL: 14:49:06 MTM=3692.00 Profit=0.56%
2026-07-14 14:49:07 INFO     strategy        PnL: 14:49:07 MTM=3617.25 Profit=0.55%
2026-07-14 14:49:08 INFO     strategy        PnL: 14:49:08 MTM=3588.00 Profit=0.55%
2026-07-14 14:49:09 INFO     strategy        PnL: 14:49:09 MTM=3656.25 Profit=0.56%
2026-07-14 14:49:10 INFO     strategy        PnL: 14:49:10 MTM=3588.00 Profit=0.55%
2026-07-14 14:49:11 INFO     strategy        PnL: 14:49:11 MTM=3630.25 Profit=0.55%
2026-07-14 14:49:13 INFO     strategy        PnL: 14:49:12 MTM=3675.75 Profit=0.56%
2026-07-14 14:49:14 INFO     strategy        PnL: 14:49:14 MTM=3698.50 Profit=0.56%
2026-07-14 14:49:15 INFO     strategy        PnL: 14:49:15 MTM=3640.00 Profit=0.55%
2026-07-14 14:49:16 INFO     strategy        PnL: 14:49:16 MTM=3649.75 Profit=0.56%
2026-07-14 14:49:17 INFO     strategy        PnL: 14:49:17 MTM=3711.50 Profit=0.57%
2026-07-14 14:49:18 INFO     strategy        PnL: 14:49:18 MTM=3727.75 Profit=0.57%
2026-07-14 14:49:19 INFO     strategy        PnL: 14:49:19 MTM=3727.75 Profit=0.57%
2026-07-14 14:49:20 INFO     strategy        PnL: 14:49:20 MTM=3734.25 Profit=0.57%
2026-07-14 14:49:21 INFO     strategy        PnL: 14:49:21 MTM=3792.75 Profit=0.58%
2026-07-14 14:49:22 INFO     strategy        PnL: 14:49:22 MTM=3708.25 Profit=0.56%
2026-07-14 14:49:23 INFO     strategy        PnL: 14:49:23 MTM=3818.75 Profit=0.58%
2026-07-14 14:49:24 INFO     strategy        PnL: 14:49:24 MTM=3984.50 Profit=0.61%
2026-07-14 14:49:25 INFO     strategy        PnL: 14:49:25 MTM=3698.50 Profit=0.56%
2026-07-14 14:49:26 INFO     strategy        PnL: 14:49:26 MTM=3763.50 Profit=0.57%
2026-07-14 14:49:27 INFO     strategy        PnL: 14:49:27 MTM=3698.50 Profit=0.56%
2026-07-14 14:49:28 INFO     strategy        PnL: 14:49:28 MTM=3724.50 Profit=0.57%
2026-07-14 14:49:29 INFO     strategy        PnL: 14:49:29 MTM=3737.50 Profit=0.57%
2026-07-14 14:49:30 INFO     strategy        PnL: 14:49:30 MTM=3698.50 Profit=0.56%
2026-07-14 14:49:31 INFO     strategy        PnL: 14:49:31 MTM=3685.50 Profit=0.56%
2026-07-14 14:49:32 INFO     strategy        PnL: 14:49:32 MTM=3805.75 Profit=0.58%
2026-07-14 14:49:33 INFO     strategy        PnL: 14:49:33 MTM=3773.25 Profit=0.57%
2026-07-14 14:49:34 INFO     strategy        PnL: 14:49:34 MTM=3763.50 Profit=0.57%
2026-07-14 14:49:35 INFO     strategy        PnL: 14:49:35 MTM=3744.00 Profit=0.57%
2026-07-14 14:49:36 INFO     strategy        PnL: 14:49:36 MTM=3773.25 Profit=0.57%
2026-07-14 14:49:37 INFO     strategy        PnL: 14:49:37 MTM=3708.25 Profit=0.56%
2026-07-14 14:49:38 INFO     strategy        PnL: 14:49:38 MTM=3721.25 Profit=0.57%
2026-07-14 14:49:39 INFO     strategy        PnL: 14:49:39 MTM=3718.00 Profit=0.57%
2026-07-14 14:49:40 INFO     strategy        PnL: 14:49:40 MTM=3721.25 Profit=0.57%
2026-07-14 14:49:41 INFO     strategy        PnL: 14:49:41 MTM=3727.75 Profit=0.57%
2026-07-14 14:49:42 INFO     strategy        PnL: 14:49:42 MTM=3841.50 Profit=0.59%
2026-07-14 14:49:43 INFO     strategy        PnL: 14:49:43 MTM=3708.25 Profit=0.56%
2026-07-14 14:49:44 INFO     strategy        PnL: 14:49:44 MTM=3705.00 Profit=0.56%
2026-07-14 14:49:45 INFO     strategy        PnL: 14:49:45 MTM=3692.00 Profit=0.56%
2026-07-14 14:49:46 INFO     strategy        PnL: 14:49:46 MTM=3747.25 Profit=0.57%
2026-07-14 14:49:47 INFO     strategy        PnL: 14:49:47 MTM=3809.00 Profit=0.58%
2026-07-14 14:49:48 INFO     strategy        PnL: 14:49:48 MTM=3731.00 Profit=0.57%
2026-07-14 14:49:49 INFO     strategy        PnL: 14:49:49 MTM=3714.75 Profit=0.57%
2026-07-14 14:49:50 INFO     strategy        PnL: 14:49:50 MTM=3675.75 Profit=0.56%
2026-07-14 14:49:51 INFO     strategy        PnL: 14:49:51 MTM=3675.75 Profit=0.56%
2026-07-14 14:49:52 INFO     strategy        PnL: 14:49:52 MTM=3610.75 Profit=0.55%
2026-07-14 14:49:53 INFO     strategy        PnL: 14:49:53 MTM=3607.50 Profit=0.55%
2026-07-14 14:49:54 INFO     strategy        PnL: 14:49:54 MTM=3523.00 Profit=0.54%
2026-07-14 14:49:55 INFO     strategy        PnL: 14:49:55 MTM=3445.00 Profit=0.52%
2026-07-14 14:49:56 INFO     strategy        PnL: 14:49:56 MTM=3581.50 Profit=0.55%
2026-07-14 14:49:57 INFO     strategy        PnL: 14:49:57 MTM=3682.25 Profit=0.56%
2026-07-14 14:49:58 INFO     strategy        PnL: 14:49:58 MTM=3594.50 Profit=0.55%
2026-07-14 14:49:59 INFO     strategy        PnL: 14:49:59 MTM=3532.75 Profit=0.54%
2026-07-14 14:50:00 INFO     strategy        PnL: 14:50:00 MTM=3636.75 Profit=0.55%
2026-07-14 14:50:01 INFO     strategy        PnL: 14:50:01 MTM=3740.75 Profit=0.57%
2026-07-14 14:50:02 INFO     strategy        PnL: 14:50:02 MTM=3545.75 Profit=0.54%
2026-07-14 14:50:03 INFO     strategy        PnL: 14:50:03 MTM=3630.25 Profit=0.55%
2026-07-14 14:50:04 INFO     strategy        PnL: 14:50:04 MTM=3526.25 Profit=0.54%
2026-07-14 14:50:05 INFO     strategy        PnL: 14:50:05 MTM=3630.25 Profit=0.55%
2026-07-14 14:50:06 INFO     strategy        PnL: 14:50:06 MTM=3571.75 Profit=0.54%
2026-07-14 14:50:07 INFO     strategy        PnL: 14:50:07 MTM=3597.75 Profit=0.55%
2026-07-14 14:50:08 INFO     strategy        PnL: 14:50:08 MTM=3617.25 Profit=0.55%
2026-07-14 14:50:09 INFO     strategy        PnL: 14:50:09 MTM=3552.25 Profit=0.54%
2026-07-14 14:50:10 INFO     strategy        PnL: 14:50:10 MTM=3675.75 Profit=0.56%
2026-07-14 14:50:11 INFO     strategy        PnL: 14:50:11 MTM=3578.25 Profit=0.55%
2026-07-14 14:50:12 INFO     strategy        PnL: 14:50:12 MTM=3591.25 Profit=0.55%
2026-07-14 14:50:13 INFO     strategy        PnL: 14:50:13 MTM=3656.25 Profit=0.56%
2026-07-14 14:50:14 INFO     strategy        PnL: 14:50:14 MTM=3727.75 Profit=0.57%
2026-07-14 14:50:15 INFO     strategy        PnL: 14:50:15 MTM=3688.75 Profit=0.56%
2026-07-14 14:50:16 INFO     strategy        PnL: 14:50:16 MTM=3662.75 Profit=0.56%
2026-07-14 14:50:17 INFO     strategy        PnL: 14:50:17 MTM=3646.50 Profit=0.56%
2026-07-14 14:50:18 INFO     strategy        PnL: 14:50:18 MTM=3610.75 Profit=0.55%
2026-07-14 14:50:19 INFO     strategy        PnL: 14:50:19 MTM=3578.25 Profit=0.55%
2026-07-14 14:50:20 INFO     strategy        PnL: 14:50:20 MTM=3662.75 Profit=0.56%
2026-07-14 14:50:21 INFO     strategy        PnL: 14:50:21 MTM=3705.00 Profit=0.56%
2026-07-14 14:50:22 INFO     strategy        PnL: 14:50:22 MTM=3669.25 Profit=0.56%
2026-07-14 14:50:23 INFO     strategy        PnL: 14:50:23 MTM=3682.25 Profit=0.56%
2026-07-14 14:50:24 INFO     strategy        PnL: 14:50:24 MTM=3734.25 Profit=0.57%
2026-07-14 14:50:25 INFO     strategy        PnL: 14:50:25 MTM=3656.25 Profit=0.56%
2026-07-14 14:50:26 INFO     strategy        PnL: 14:50:26 MTM=3737.50 Profit=0.57%
2026-07-14 14:50:27 INFO     strategy        PnL: 14:50:27 MTM=3656.25 Profit=0.56%
2026-07-14 14:50:28 INFO     strategy        PnL: 14:50:28 MTM=3578.25 Profit=0.55%
2026-07-14 14:50:29 INFO     strategy        PnL: 14:50:29 MTM=3636.75 Profit=0.55%
2026-07-14 14:50:30 INFO     strategy        PnL: 14:50:30 MTM=3672.50 Profit=0.56%
2026-07-14 14:50:31 INFO     strategy        PnL: 14:50:31 MTM=3630.25 Profit=0.55%
2026-07-14 14:50:32 INFO     strategy        PnL: 14:50:32 MTM=3594.50 Profit=0.55%
2026-07-14 14:50:33 INFO     strategy        PnL: 14:50:33 MTM=3646.50 Profit=0.56%
2026-07-14 14:50:34 INFO     strategy        PnL: 14:50:34 MTM=3718.00 Profit=0.57%
2026-07-14 14:50:35 INFO     strategy        PnL: 14:50:35 MTM=3529.50 Profit=0.54%
2026-07-14 14:50:36 INFO     strategy        PnL: 14:50:36 MTM=3653.00 Profit=0.56%
2026-07-14 14:50:37 INFO     strategy        PnL: 14:50:37 MTM=3695.25 Profit=0.56%
2026-07-14 14:50:38 INFO     strategy        PnL: 14:50:38 MTM=3682.25 Profit=0.56%
2026-07-14 14:50:39 INFO     strategy        PnL: 14:50:39 MTM=3653.00 Profit=0.56%
2026-07-14 14:50:40 INFO     strategy        PnL: 14:50:40 MTM=3695.25 Profit=0.56%
2026-07-14 14:50:42 INFO     strategy        PnL: 14:50:41 MTM=3620.50 Profit=0.55%
2026-07-14 14:50:43 INFO     strategy        PnL: 14:50:43 MTM=3682.25 Profit=0.56%
2026-07-14 14:50:44 INFO     strategy        PnL: 14:50:44 MTM=3656.25 Profit=0.56%
2026-07-14 14:50:45 INFO     strategy        PnL: 14:50:45 MTM=3799.25 Profit=0.58%
2026-07-14 14:50:46 INFO     strategy        PnL: 14:50:46 MTM=3675.75 Profit=0.56%
2026-07-14 14:50:47 INFO     strategy        PnL: 14:50:47 MTM=3675.75 Profit=0.56%
2026-07-14 14:50:48 INFO     strategy        PnL: 14:50:48 MTM=3607.50 Profit=0.55%
2026-07-14 14:50:49 INFO     strategy        PnL: 14:50:49 MTM=3659.50 Profit=0.56%
2026-07-14 14:50:50 INFO     strategy        PnL: 14:50:50 MTM=3643.25 Profit=0.55%
2026-07-14 14:50:51 INFO     strategy        PnL: 14:50:51 MTM=3685.50 Profit=0.56%
2026-07-14 14:50:52 INFO     strategy        PnL: 14:50:52 MTM=3718.00 Profit=0.57%
2026-07-14 14:50:53 INFO     strategy        PnL: 14:50:53 MTM=3695.25 Profit=0.56%
2026-07-14 14:50:54 INFO     strategy        PnL: 14:50:54 MTM=3623.75 Profit=0.55%
2026-07-14 14:50:55 INFO     strategy        PnL: 14:50:55 MTM=3708.25 Profit=0.56%
2026-07-14 14:50:56 INFO     strategy        PnL: 14:50:56 MTM=3669.25 Profit=0.56%
2026-07-14 14:50:57 INFO     strategy        PnL: 14:50:57 MTM=3545.75 Profit=0.54%
2026-07-14 14:50:58 INFO     strategy        PnL: 14:50:58 MTM=3633.50 Profit=0.55%
2026-07-14 14:50:59 INFO     strategy        PnL: 14:50:59 MTM=3666.00 Profit=0.56%
2026-07-14 14:51:00 INFO     strategy        PnL: 14:51:00 MTM=3578.25 Profit=0.55%
2026-07-14 14:51:01 INFO     strategy        PnL: 14:51:01 MTM=3692.00 Profit=0.56%
2026-07-14 14:51:02 INFO     strategy        PnL: 14:51:02 MTM=3591.25 Profit=0.55%
2026-07-14 14:51:03 INFO     strategy        PnL: 14:51:03 MTM=3565.25 Profit=0.54%
2026-07-14 14:51:04 INFO     strategy        PnL: 14:51:04 MTM=3646.50 Profit=0.56%
2026-07-14 14:51:05 INFO     strategy        PnL: 14:51:05 MTM=3627.00 Profit=0.55%
2026-07-14 14:51:06 INFO     strategy        PnL: 14:51:06 MTM=3500.25 Profit=0.53%
2026-07-14 14:51:07 INFO     strategy        PnL: 14:51:07 MTM=3578.25 Profit=0.55%
2026-07-14 14:51:08 INFO     strategy        PnL: 14:51:08 MTM=3536.00 Profit=0.54%
2026-07-14 14:51:09 INFO     strategy        PnL: 14:51:09 MTM=3542.50 Profit=0.54%
2026-07-14 14:51:10 INFO     strategy        PnL: 14:51:10 MTM=3445.00 Profit=0.52%
2026-07-14 14:51:11 INFO     strategy        PnL: 14:51:11 MTM=3490.50 Profit=0.53%
2026-07-14 14:51:12 INFO     strategy        PnL: 14:51:12 MTM=3484.00 Profit=0.53%
2026-07-14 14:51:13 INFO     strategy        PnL: 14:51:13 MTM=3666.00 Profit=0.56%
2026-07-14 14:51:14 INFO     strategy        PnL: 14:51:14 MTM=3568.50 Profit=0.54%
2026-07-14 14:51:15 INFO     strategy        PnL: 14:51:15 MTM=3653.00 Profit=0.56%
2026-07-14 14:51:16 INFO     strategy        PnL: 14:51:16 MTM=3594.50 Profit=0.55%
2026-07-14 14:51:17 INFO     strategy        PnL: 14:51:17 MTM=3536.00 Profit=0.54%
2026-07-14 14:51:18 INFO     strategy        PnL: 14:51:18 MTM=3672.50 Profit=0.56%
2026-07-14 14:51:19 INFO     strategy        PnL: 14:51:19 MTM=3750.50 Profit=0.57%
2026-07-14 14:51:20 INFO     strategy        PnL: 14:51:20 MTM=3692.00 Profit=0.56%
2026-07-14 14:51:21 INFO     strategy        PnL: 14:51:21 MTM=3643.25 Profit=0.55%
2026-07-14 14:51:22 INFO     strategy        PnL: 14:51:22 MTM=3630.25 Profit=0.55%
2026-07-14 14:51:23 INFO     strategy        PnL: 14:51:23 MTM=3688.75 Profit=0.56%
2026-07-14 14:51:24 INFO     strategy        PnL: 14:51:24 MTM=3688.75 Profit=0.56%
2026-07-14 14:51:25 INFO     strategy        PnL: 14:51:25 MTM=3682.25 Profit=0.56%
2026-07-14 14:51:26 INFO     strategy        PnL: 14:51:26 MTM=3653.00 Profit=0.56%
2026-07-14 14:51:27 INFO     strategy        PnL: 14:51:27 MTM=3666.00 Profit=0.56%
2026-07-14 14:51:28 INFO     strategy        PnL: 14:51:28 MTM=3724.50 Profit=0.57%
2026-07-14 14:51:29 INFO     strategy        PnL: 14:51:29 MTM=3685.50 Profit=0.56%
2026-07-14 14:51:30 INFO     strategy        PnL: 14:51:30 MTM=3779.75 Profit=0.58%
2026-07-14 14:51:31 INFO     strategy        PnL: 14:51:31 MTM=3740.75 Profit=0.57%
2026-07-14 14:51:32 INFO     strategy        PnL: 14:51:32 MTM=3757.00 Profit=0.57%
2026-07-14 14:51:33 INFO     strategy        PnL: 14:51:33 MTM=3916.25 Profit=0.60%
2026-07-14 14:51:34 INFO     strategy        PnL: 14:51:34 MTM=3877.25 Profit=0.59%
2026-07-14 14:51:35 INFO     strategy        PnL: 14:51:35 MTM=3815.50 Profit=0.58%
2026-07-14 14:51:36 INFO     strategy        PnL: 14:51:36 MTM=3835.00 Profit=0.58%
2026-07-14 14:51:37 INFO     strategy        PnL: 14:51:37 MTM=3636.75 Profit=0.55%
2026-07-14 14:51:38 INFO     strategy        PnL: 14:51:38 MTM=4017.00 Profit=0.61%
2026-07-14 14:51:39 INFO     strategy        PnL: 14:51:39 MTM=4121.00 Profit=0.63%
2026-07-14 14:51:40 INFO     strategy        PnL: 14:51:40 MTM=3805.75 Profit=0.58%
2026-07-14 14:51:41 INFO     strategy        PnL: 14:51:41 MTM=3984.50 Profit=0.61%
2026-07-14 14:51:42 INFO     strategy        PnL: 14:51:42 MTM=3916.25 Profit=0.60%
2026-07-14 14:51:43 INFO     strategy        PnL: 14:51:43 MTM=3935.75 Profit=0.60%
2026-07-14 14:51:44 INFO     strategy        PnL: 14:51:44 MTM=3913.00 Profit=0.60%
2026-07-14 14:51:45 INFO     strategy        PnL: 14:51:45 MTM=3974.75 Profit=0.61%
2026-07-14 14:51:46 INFO     strategy        PnL: 14:51:46 MTM=3955.25 Profit=0.60%
2026-07-14 14:51:47 INFO     strategy        PnL: 14:51:47 MTM=4004.00 Profit=0.61%
2026-07-14 14:51:48 INFO     strategy        PnL: 14:51:48 MTM=4111.25 Profit=0.63%
2026-07-14 14:51:49 INFO     strategy        PnL: 14:51:49 MTM=3968.25 Profit=0.60%
2026-07-14 14:51:50 INFO     strategy        PnL: 14:51:50 MTM=4078.75 Profit=0.62%
2026-07-14 14:51:51 INFO     strategy        PnL: 14:51:51 MTM=3935.75 Profit=0.60%
2026-07-14 14:51:52 INFO     strategy        PnL: 14:51:52 MTM=3874.00 Profit=0.59%
2026-07-14 14:51:53 INFO     strategy        PnL: 14:51:53 MTM=3974.75 Profit=0.61%
2026-07-14 14:51:54 INFO     strategy        PnL: 14:51:54 MTM=3864.25 Profit=0.59%
2026-07-14 14:51:55 INFO     strategy        PnL: 14:51:55 MTM=3913.00 Profit=0.60%
2026-07-14 14:51:56 INFO     strategy        PnL: 14:51:56 MTM=3854.50 Profit=0.59%
2026-07-14 14:51:57 INFO     strategy        PnL: 14:51:57 MTM=3913.00 Profit=0.60%
2026-07-14 14:51:58 INFO     strategy        PnL: 14:51:58 MTM=3890.25 Profit=0.59%
2026-07-14 14:51:59 INFO     strategy        PnL: 14:51:59 MTM=3857.75 Profit=0.59%
2026-07-14 14:52:00 INFO     strategy        PnL: 14:52:00 MTM=3939.00 Profit=0.60%
2026-07-14 14:52:01 INFO     strategy        PnL: 14:52:01 MTM=3874.00 Profit=0.59%
2026-07-14 14:52:02 INFO     strategy        PnL: 14:52:02 MTM=3890.25 Profit=0.59%
2026-07-14 14:52:03 INFO     strategy        PnL: 14:52:03 MTM=3883.75 Profit=0.59%
2026-07-14 14:52:05 INFO     strategy        PnL: 14:52:04 MTM=3893.50 Profit=0.59%
2026-07-14 14:52:06 INFO     strategy        PnL: 14:52:06 MTM=3896.75 Profit=0.59%
2026-07-14 14:52:07 INFO     strategy        PnL: 14:52:07 MTM=3747.25 Profit=0.57%
2026-07-14 14:52:08 INFO     strategy        PnL: 14:52:08 MTM=3825.25 Profit=0.58%
2026-07-14 14:52:09 INFO     strategy        PnL: 14:52:09 MTM=3906.50 Profit=0.60%
2026-07-14 14:52:10 INFO     strategy        PnL: 14:52:10 MTM=3812.25 Profit=0.58%
2026-07-14 14:52:11 INFO     strategy        PnL: 14:52:11 MTM=3822.00 Profit=0.58%
2026-07-14 14:52:12 INFO     strategy        PnL: 14:52:12 MTM=3760.25 Profit=0.57%
2026-07-14 14:52:13 INFO     strategy        PnL: 14:52:13 MTM=3913.00 Profit=0.60%
2026-07-14 14:52:14 INFO     strategy        PnL: 14:52:14 MTM=3877.25 Profit=0.59%
2026-07-14 14:52:15 INFO     strategy        PnL: 14:52:15 MTM=3900.00 Profit=0.59%
2026-07-14 14:52:16 INFO     strategy        PnL: 14:52:16 MTM=3887.00 Profit=0.59%
2026-07-14 14:52:17 INFO     strategy        PnL: 14:52:17 MTM=3987.75 Profit=0.61%
2026-07-14 14:52:18 INFO     strategy        PnL: 14:52:18 MTM=4004.00 Profit=0.61%
2026-07-14 14:52:19 INFO     strategy        PnL: 14:52:19 MTM=3939.00 Profit=0.60%
2026-07-14 14:52:20 INFO     strategy        PnL: 14:52:20 MTM=3929.25 Profit=0.60%
2026-07-14 14:52:21 INFO     strategy        PnL: 14:52:21 MTM=3932.50 Profit=0.60%
2026-07-14 14:52:22 INFO     strategy        PnL: 14:52:22 MTM=3922.75 Profit=0.60%
2026-07-14 14:52:23 INFO     strategy        PnL: 14:52:23 MTM=3919.50 Profit=0.60%
2026-07-14 14:52:24 INFO     strategy        PnL: 14:52:24 MTM=3932.50 Profit=0.60%
2026-07-14 14:52:25 INFO     strategy        PnL: 14:52:25 MTM=3870.75 Profit=0.59%
2026-07-14 14:52:26 INFO     strategy        PnL: 14:52:26 MTM=3913.00 Profit=0.60%
2026-07-14 14:52:27 INFO     strategy        PnL: 14:52:27 MTM=3877.25 Profit=0.59%
2026-07-14 14:52:28 INFO     strategy        PnL: 14:52:28 MTM=3870.75 Profit=0.59%
2026-07-14 14:52:29 INFO     strategy        PnL: 14:52:29 MTM=3922.75 Profit=0.60%
2026-07-14 14:52:30 INFO     strategy        PnL: 14:52:30 MTM=3802.50 Profit=0.58%
2026-07-14 14:52:31 INFO     strategy        PnL: 14:52:31 MTM=3887.00 Profit=0.59%
2026-07-14 14:52:32 INFO     strategy        PnL: 14:52:32 MTM=3799.25 Profit=0.58%
2026-07-14 14:52:33 INFO     strategy        PnL: 14:52:33 MTM=3731.00 Profit=0.57%
2026-07-14 14:52:34 INFO     strategy        PnL: 14:52:34 MTM=3773.25 Profit=0.57%
2026-07-14 14:52:35 INFO     strategy        PnL: 14:52:35 MTM=3753.75 Profit=0.57%
2026-07-14 14:52:36 INFO     strategy        PnL: 14:52:36 MTM=3779.75 Profit=0.58%
2026-07-14 14:52:37 INFO     strategy        PnL: 14:52:37 MTM=3789.50 Profit=0.58%
2026-07-14 14:52:38 INFO     strategy        PnL: 14:52:38 MTM=3747.25 Profit=0.57%
2026-07-14 14:52:39 INFO     strategy        PnL: 14:52:39 MTM=3805.75 Profit=0.58%
2026-07-14 14:52:40 INFO     strategy        PnL: 14:52:40 MTM=3851.25 Profit=0.59%
2026-07-14 14:52:41 INFO     strategy        PnL: 14:52:41 MTM=3854.50 Profit=0.59%
2026-07-14 14:52:42 INFO     strategy        PnL: 14:52:42 MTM=3753.75 Profit=0.57%
2026-07-14 14:52:43 INFO     strategy        PnL: 14:52:43 MTM=3792.75 Profit=0.58%
2026-07-14 14:52:44 INFO     strategy        PnL: 14:52:44 MTM=3799.25 Profit=0.58%
2026-07-14 14:52:45 INFO     strategy        PnL: 14:52:45 MTM=3792.75 Profit=0.58%
2026-07-14 14:52:46 INFO     strategy        PnL: 14:52:46 MTM=3692.00 Profit=0.56%
2026-07-14 14:52:47 INFO     strategy        PnL: 14:52:47 MTM=3880.50 Profit=0.59%
2026-07-14 14:52:48 INFO     strategy        PnL: 14:52:48 MTM=3854.50 Profit=0.59%
2026-07-14 14:52:49 INFO     strategy        PnL: 14:52:49 MTM=3766.75 Profit=0.57%
2026-07-14 14:52:50 INFO     strategy        PnL: 14:52:50 MTM=3750.50 Profit=0.57%
2026-07-14 14:52:51 INFO     strategy        PnL: 14:52:51 MTM=3828.50 Profit=0.58%
2026-07-14 14:52:52 INFO     strategy        PnL: 14:52:52 MTM=3854.50 Profit=0.59%
2026-07-14 14:52:53 INFO     strategy        PnL: 14:52:53 MTM=3779.75 Profit=0.58%
2026-07-14 14:52:54 INFO     strategy        PnL: 14:52:54 MTM=3760.25 Profit=0.57%
2026-07-14 14:52:55 INFO     strategy        PnL: 14:52:55 MTM=3766.75 Profit=0.57%
2026-07-14 14:52:56 INFO     strategy        PnL: 14:52:56 MTM=3896.75 Profit=0.59%
2026-07-14 14:52:57 INFO     strategy        PnL: 14:52:57 MTM=3818.75 Profit=0.58%
2026-07-14 14:52:58 INFO     strategy        PnL: 14:52:58 MTM=3864.25 Profit=0.59%
2026-07-14 14:52:59 INFO     strategy        PnL: 14:52:59 MTM=3877.25 Profit=0.59%
2026-07-14 14:53:00 INFO     strategy        PnL: 14:53:00 MTM=3864.25 Profit=0.59%
2026-07-14 14:53:01 INFO     strategy        PnL: 14:53:01 MTM=3864.25 Profit=0.59%
2026-07-14 14:53:02 INFO     strategy        PnL: 14:53:02 MTM=3805.75 Profit=0.58%
2026-07-14 14:53:03 INFO     strategy        PnL: 14:53:03 MTM=3666.00 Profit=0.56%
2026-07-14 14:53:04 INFO     strategy        PnL: 14:53:04 MTM=3818.75 Profit=0.58%
2026-07-14 14:53:05 INFO     strategy        PnL: 14:53:05 MTM=3763.50 Profit=0.57%
2026-07-14 14:53:06 INFO     strategy        PnL: 14:53:06 MTM=3796.00 Profit=0.58%
2026-07-14 14:53:07 INFO     strategy        PnL: 14:53:07 MTM=3861.00 Profit=0.59%
2026-07-14 14:53:08 INFO     strategy        PnL: 14:53:08 MTM=3747.25 Profit=0.57%
2026-07-14 14:53:09 INFO     strategy        PnL: 14:53:09 MTM=3838.25 Profit=0.58%
2026-07-14 14:53:10 INFO     strategy        PnL: 14:53:10 MTM=3734.25 Profit=0.57%
2026-07-14 14:53:11 INFO     strategy        PnL: 14:53:11 MTM=3887.00 Profit=0.59%
2026-07-14 14:53:12 INFO     strategy        PnL: 14:53:12 MTM=3926.00 Profit=0.60%
2026-07-14 14:53:13 INFO     strategy        PnL: 14:53:13 MTM=3770.00 Profit=0.57%
2026-07-14 14:53:14 INFO     strategy        PnL: 14:53:14 MTM=3828.50 Profit=0.58%
2026-07-14 14:53:15 INFO     strategy        PnL: 14:53:15 MTM=3799.25 Profit=0.58%
2026-07-14 14:53:16 INFO     strategy        PnL: 14:53:16 MTM=3770.00 Profit=0.57%
2026-07-14 14:53:17 INFO     strategy        PnL: 14:53:17 MTM=3815.50 Profit=0.58%
2026-07-14 14:53:18 INFO     strategy        PnL: 14:53:18 MTM=3721.25 Profit=0.57%
2026-07-14 14:53:19 INFO     strategy        PnL: 14:53:19 MTM=3783.00 Profit=0.58%
2026-07-14 14:53:20 INFO     strategy        PnL: 14:53:20 MTM=3831.75 Profit=0.58%
2026-07-14 14:53:22 INFO     strategy        PnL: 14:53:21 MTM=3857.75 Profit=0.59%
2026-07-14 14:53:23 INFO     strategy        PnL: 14:53:23 MTM=3809.00 Profit=0.58%
2026-07-14 14:53:24 INFO     strategy        PnL: 14:53:24 MTM=3818.75 Profit=0.58%
2026-07-14 14:53:25 INFO     strategy        PnL: 14:53:25 MTM=3815.50 Profit=0.58%
2026-07-14 14:53:26 INFO     strategy        PnL: 14:53:26 MTM=3909.75 Profit=0.60%
2026-07-14 14:53:27 INFO     strategy        PnL: 14:53:27 MTM=3909.75 Profit=0.60%
2026-07-14 14:53:28 INFO     strategy        PnL: 14:53:28 MTM=3822.00 Profit=0.58%
2026-07-14 14:53:29 INFO     strategy        PnL: 14:53:29 MTM=3841.50 Profit=0.59%
2026-07-14 14:53:30 INFO     strategy        PnL: 14:53:30 MTM=3861.00 Profit=0.59%
2026-07-14 14:53:31 INFO     strategy        PnL: 14:53:31 MTM=3844.75 Profit=0.59%
2026-07-14 14:53:32 INFO     strategy        PnL: 14:53:32 MTM=3750.50 Profit=0.57%
2026-07-14 14:53:33 INFO     strategy        PnL: 14:53:33 MTM=3854.50 Profit=0.59%
2026-07-14 14:53:34 INFO     strategy        PnL: 14:53:34 MTM=3731.00 Profit=0.57%
2026-07-14 14:53:35 INFO     strategy        PnL: 14:53:35 MTM=3786.25 Profit=0.58%
2026-07-14 14:53:36 INFO     strategy        PnL: 14:53:36 MTM=3760.25 Profit=0.57%
2026-07-14 14:53:37 INFO     strategy        PnL: 14:53:37 MTM=3744.00 Profit=0.57%
2026-07-14 14:53:38 INFO     strategy        PnL: 14:53:38 MTM=3711.50 Profit=0.57%
2026-07-14 14:53:39 INFO     strategy        PnL: 14:53:39 MTM=3792.75 Profit=0.58%
2026-07-14 14:53:40 INFO     strategy        PnL: 14:53:40 MTM=3844.75 Profit=0.59%
2026-07-14 14:53:41 INFO     strategy        PnL: 14:53:41 MTM=3783.00 Profit=0.58%
2026-07-14 14:53:42 INFO     strategy        PnL: 14:53:42 MTM=3750.50 Profit=0.57%
2026-07-14 14:53:43 INFO     strategy        PnL: 14:53:43 MTM=3776.50 Profit=0.58%
2026-07-14 14:53:44 INFO     strategy        PnL: 14:53:44 MTM=3815.50 Profit=0.58%
2026-07-14 14:53:45 INFO     strategy        PnL: 14:53:45 MTM=3545.75 Profit=0.54%
2026-07-14 14:53:46 INFO     strategy        PnL: 14:53:46 MTM=3698.50 Profit=0.56%
2026-07-14 14:53:47 INFO     strategy        PnL: 14:53:47 MTM=3653.00 Profit=0.56%
2026-07-14 14:53:48 INFO     strategy        PnL: 14:53:48 MTM=3763.50 Profit=0.57%
2026-07-14 14:53:49 INFO     strategy        PnL: 14:53:49 MTM=3766.75 Profit=0.57%
2026-07-14 14:53:50 INFO     strategy        PnL: 14:53:50 MTM=3747.25 Profit=0.57%
2026-07-14 14:53:51 INFO     strategy        PnL: 14:53:51 MTM=3688.75 Profit=0.56%
2026-07-14 14:53:52 INFO     strategy        PnL: 14:53:52 MTM=3737.50 Profit=0.57%
2026-07-14 14:53:53 INFO     strategy        PnL: 14:53:53 MTM=3724.50 Profit=0.57%
2026-07-14 14:53:54 INFO     strategy        PnL: 14:53:54 MTM=3692.00 Profit=0.56%
2026-07-14 14:53:55 INFO     strategy        PnL: 14:53:55 MTM=3734.25 Profit=0.57%
2026-07-14 14:53:56 INFO     strategy        PnL: 14:53:56 MTM=3727.75 Profit=0.57%
2026-07-14 14:53:57 INFO     strategy        PnL: 14:53:57 MTM=3705.00 Profit=0.56%
2026-07-14 14:53:58 INFO     strategy        PnL: 14:53:58 MTM=3770.00 Profit=0.57%
2026-07-14 14:53:59 INFO     strategy        PnL: 14:53:59 MTM=3685.50 Profit=0.56%
2026-07-14 14:54:00 INFO     strategy        PnL: 14:54:00 MTM=3753.75 Profit=0.57%
2026-07-14 14:54:01 INFO     strategy        PnL: 14:54:01 MTM=3796.00 Profit=0.58%
2026-07-14 14:54:02 INFO     strategy        PnL: 14:54:02 MTM=3737.50 Profit=0.57%
2026-07-14 14:54:03 INFO     strategy        PnL: 14:54:03 MTM=3851.25 Profit=0.59%
2026-07-14 14:54:04 INFO     strategy        PnL: 14:54:04 MTM=3835.00 Profit=0.58%
2026-07-14 14:54:05 INFO     strategy        PnL: 14:54:05 MTM=3766.75 Profit=0.57%
2026-07-14 14:54:06 INFO     strategy        PnL: 14:54:06 MTM=3870.75 Profit=0.59%
2026-07-14 14:54:07 INFO     strategy        PnL: 14:54:07 MTM=3822.00 Profit=0.58%
2026-07-14 14:54:08 INFO     strategy        PnL: 14:54:08 MTM=3766.75 Profit=0.57%
2026-07-14 14:54:09 INFO     strategy        PnL: 14:54:09 MTM=3822.00 Profit=0.58%
2026-07-14 14:54:10 INFO     strategy        PnL: 14:54:10 MTM=3835.00 Profit=0.58%
2026-07-14 14:54:11 INFO     strategy        PnL: 14:54:11 MTM=3789.50 Profit=0.58%
2026-07-14 14:54:12 INFO     strategy        PnL: 14:54:12 MTM=3822.00 Profit=0.58%
2026-07-14 14:54:13 INFO     strategy        PnL: 14:54:13 MTM=3662.75 Profit=0.56%
2026-07-14 14:54:14 INFO     strategy        PnL: 14:54:14 MTM=3796.00 Profit=0.58%
2026-07-14 14:54:15 INFO     strategy        PnL: 14:54:15 MTM=3737.50 Profit=0.57%
2026-07-14 14:54:16 INFO     strategy        PnL: 14:54:16 MTM=3805.75 Profit=0.58%
2026-07-14 14:54:17 INFO     strategy        PnL: 14:54:17 MTM=3812.25 Profit=0.58%
2026-07-14 14:54:18 INFO     strategy        PnL: 14:54:18 MTM=3812.25 Profit=0.58%
2026-07-14 14:54:19 INFO     strategy        PnL: 14:54:19 MTM=3848.00 Profit=0.59%
2026-07-14 14:54:20 INFO     strategy        PnL: 14:54:20 MTM=3818.75 Profit=0.58%
2026-07-14 14:54:21 INFO     strategy        PnL: 14:54:21 MTM=3864.25 Profit=0.59%
2026-07-14 14:54:22 INFO     strategy        PnL: 14:54:22 MTM=3916.25 Profit=0.60%
2026-07-14 14:54:23 INFO     strategy        PnL: 14:54:23 MTM=3909.75 Profit=0.60%
2026-07-14 14:54:24 INFO     strategy        PnL: 14:54:24 MTM=3851.25 Profit=0.59%
2026-07-14 14:54:25 INFO     strategy        PnL: 14:54:25 MTM=3818.75 Profit=0.58%
2026-07-14 14:54:26 INFO     strategy        PnL: 14:54:26 MTM=3864.25 Profit=0.59%
2026-07-14 14:54:27 INFO     strategy        PnL: 14:54:27 MTM=3922.75 Profit=0.60%
2026-07-14 14:54:28 INFO     strategy        PnL: 14:54:28 MTM=3870.75 Profit=0.59%
2026-07-14 14:54:29 INFO     strategy        PnL: 14:54:29 MTM=3880.50 Profit=0.59%
2026-07-14 14:54:30 INFO     strategy        PnL: 14:54:30 MTM=3896.75 Profit=0.59%
2026-07-14 14:54:31 INFO     strategy        PnL: 14:54:31 MTM=3874.00 Profit=0.59%
2026-07-14 14:54:32 INFO     strategy        PnL: 14:54:32 MTM=3932.50 Profit=0.60%
2026-07-14 14:54:33 INFO     strategy        PnL: 14:54:33 MTM=3887.00 Profit=0.59%
2026-07-14 14:54:34 INFO     strategy        PnL: 14:54:34 MTM=3987.75 Profit=0.61%
2026-07-14 14:54:35 INFO     strategy        PnL: 14:54:35 MTM=3913.00 Profit=0.60%
2026-07-14 14:54:36 INFO     strategy        PnL: 14:54:36 MTM=3984.50 Profit=0.61%
2026-07-14 14:54:37 INFO     strategy        PnL: 14:54:37 MTM=3971.50 Profit=0.60%
2026-07-14 14:54:38 INFO     strategy        PnL: 14:54:38 MTM=3916.25 Profit=0.60%
2026-07-14 14:54:39 INFO     strategy        PnL: 14:54:39 MTM=4069.00 Profit=0.62%
2026-07-14 14:54:40 INFO     strategy        PnL: 14:54:40 MTM=3997.50 Profit=0.61%
2026-07-14 14:54:41 INFO     strategy        PnL: 14:54:41 MTM=4062.50 Profit=0.62%
2026-07-14 14:54:42 INFO     strategy        PnL: 14:54:42 MTM=4010.50 Profit=0.61%
2026-07-14 14:54:43 INFO     strategy        PnL: 14:54:43 MTM=4095.00 Profit=0.62%
2026-07-14 14:54:44 INFO     strategy        PnL: 14:54:44 MTM=4062.50 Profit=0.62%
2026-07-14 14:54:45 INFO     strategy        PnL: 14:54:45 MTM=4049.50 Profit=0.62%
2026-07-14 14:54:46 INFO     strategy        PnL: 14:54:46 MTM=3952.00 Profit=0.60%
2026-07-14 14:54:47 INFO     strategy        PnL: 14:54:47 MTM=4046.25 Profit=0.62%
2026-07-14 14:54:49 INFO     strategy        PnL: 14:54:49 MTM=4130.75 Profit=0.63%
2026-07-14 14:54:50 INFO     strategy        PnL: 14:54:50 MTM=4046.25 Profit=0.62%
2026-07-14 14:54:51 INFO     strategy        PnL: 14:54:51 MTM=3939.00 Profit=0.60%
2026-07-14 14:54:52 INFO     strategy        PnL: 14:54:52 MTM=4215.25 Profit=0.64%
2026-07-14 14:54:53 INFO     strategy        PnL: 14:54:53 MTM=4121.00 Profit=0.63%
2026-07-14 14:54:54 INFO     strategy        PnL: 14:54:54 MTM=4160.00 Profit=0.63%
2026-07-14 14:54:55 INFO     strategy        PnL: 14:54:55 MTM=4072.25 Profit=0.62%
2026-07-14 14:54:56 INFO     strategy        PnL: 14:54:56 MTM=4114.50 Profit=0.63%
2026-07-14 14:54:57 INFO     strategy        PnL: 14:54:57 MTM=4085.25 Profit=0.62%
2026-07-14 14:54:58 INFO     strategy        PnL: 14:54:58 MTM=4182.75 Profit=0.64%
2026-07-14 14:54:59 INFO     strategy        PnL: 14:54:59 MTM=4195.75 Profit=0.64%
2026-07-14 14:55:00 INFO     strategy        PnL: 14:55:00 MTM=4147.00 Profit=0.63%
2026-07-14 14:55:01 INFO     strategy        PnL: 14:55:01 MTM=4192.50 Profit=0.64%
2026-07-14 14:55:02 INFO     strategy        PnL: 14:55:02 MTM=4238.00 Profit=0.65%
2026-07-14 14:55:03 INFO     strategy        PnL: 14:55:03 MTM=4247.75 Profit=0.65%
2026-07-14 14:55:04 INFO     strategy        PnL: 14:55:04 MTM=4124.25 Profit=0.63%
2026-07-14 14:55:05 INFO     strategy        PnL: 14:55:05 MTM=4241.25 Profit=0.65%
2026-07-14 14:55:06 INFO     strategy        PnL: 14:55:06 MTM=3978.00 Profit=0.61%
2026-07-14 14:55:07 INFO     strategy        PnL: 14:55:07 MTM=4140.50 Profit=0.63%
2026-07-14 14:55:08 INFO     strategy        PnL: 14:55:08 MTM=4176.25 Profit=0.64%
2026-07-14 14:55:09 INFO     strategy        PnL: 14:55:09 MTM=4156.75 Profit=0.63%
2026-07-14 14:55:10 INFO     strategy        PnL: 14:55:10 MTM=4153.50 Profit=0.63%
2026-07-14 14:55:11 INFO     strategy        PnL: 14:55:11 MTM=4130.75 Profit=0.63%
2026-07-14 14:55:12 INFO     strategy        PnL: 14:55:12 MTM=4130.75 Profit=0.63%
2026-07-14 14:55:13 INFO     strategy        PnL: 14:55:13 MTM=4212.00 Profit=0.64%
2026-07-14 14:55:14 INFO     strategy        PnL: 14:55:14 MTM=4147.00 Profit=0.63%
2026-07-14 14:55:15 INFO     strategy        PnL: 14:55:15 MTM=4127.50 Profit=0.63%
2026-07-14 14:55:16 INFO     strategy        PnL: 14:55:16 MTM=4072.25 Profit=0.62%
2026-07-14 14:55:17 INFO     strategy        PnL: 14:55:17 MTM=4117.75 Profit=0.63%
2026-07-14 14:55:18 INFO     strategy        PnL: 14:55:18 MTM=4069.00 Profit=0.62%
2026-07-14 14:55:19 INFO     strategy        PnL: 14:55:19 MTM=4215.25 Profit=0.64%
2026-07-14 14:55:20 INFO     strategy        PnL: 14:55:20 MTM=4056.00 Profit=0.62%
2026-07-14 14:55:21 INFO     strategy        PnL: 14:55:21 MTM=4150.25 Profit=0.63%
2026-07-14 14:55:22 INFO     strategy        PnL: 14:55:22 MTM=4095.00 Profit=0.62%
2026-07-14 14:55:23 INFO     strategy        PnL: 14:55:23 MTM=4039.75 Profit=0.62%
2026-07-14 14:55:24 INFO     strategy        PnL: 14:55:24 MTM=3974.75 Profit=0.61%
2026-07-14 14:55:25 INFO     strategy        PnL: 14:55:25 MTM=3952.00 Profit=0.60%
2026-07-14 14:55:26 INFO     strategy        PnL: 14:55:26 MTM=3844.75 Profit=0.59%
2026-07-14 14:55:27 INFO     strategy        PnL: 14:55:27 MTM=3896.75 Profit=0.59%
2026-07-14 14:55:28 INFO     strategy        PnL: 14:55:28 MTM=3997.50 Profit=0.61%
2026-07-14 14:55:29 INFO     strategy        PnL: 14:55:29 MTM=4013.75 Profit=0.61%
2026-07-14 14:55:30 INFO     strategy        PnL: 14:55:30 MTM=3929.25 Profit=0.60%
2026-07-14 14:55:31 INFO     strategy        PnL: 14:55:31 MTM=3974.75 Profit=0.61%
2026-07-14 14:55:32 INFO     strategy        PnL: 14:55:32 MTM=3939.00 Profit=0.60%
2026-07-14 14:55:33 INFO     strategy        PnL: 14:55:33 MTM=3922.75 Profit=0.60%
2026-07-14 14:55:34 INFO     strategy        PnL: 14:55:34 MTM=3932.50 Profit=0.60%
2026-07-14 14:55:35 INFO     strategy        PnL: 14:55:35 MTM=3822.00 Profit=0.58%
2026-07-14 14:55:36 INFO     strategy        PnL: 14:55:36 MTM=3893.50 Profit=0.59%
2026-07-14 14:55:37 INFO     strategy        PnL: 14:55:37 MTM=3968.25 Profit=0.60%
2026-07-14 14:55:38 INFO     strategy        PnL: 14:55:38 MTM=3968.25 Profit=0.60%
2026-07-14 14:55:39 INFO     strategy        PnL: 14:55:39 MTM=3958.50 Profit=0.60%
2026-07-14 14:55:40 INFO     strategy        PnL: 14:55:40 MTM=3971.50 Profit=0.60%
2026-07-14 14:55:41 INFO     strategy        PnL: 14:55:41 MTM=3994.25 Profit=0.61%
2026-07-14 14:55:42 INFO     strategy        PnL: 14:55:42 MTM=3965.00 Profit=0.60%
2026-07-14 14:55:43 INFO     strategy        PnL: 14:55:43 MTM=3932.50 Profit=0.60%
2026-07-14 14:55:44 INFO     strategy        PnL: 14:55:44 MTM=3870.75 Profit=0.59%
2026-07-14 14:55:45 INFO     strategy        PnL: 14:55:45 MTM=3877.25 Profit=0.59%
2026-07-14 14:55:46 INFO     strategy        PnL: 14:55:46 MTM=3854.50 Profit=0.59%
2026-07-14 14:55:47 INFO     strategy        PnL: 14:55:47 MTM=3848.00 Profit=0.59%
2026-07-14 14:55:48 INFO     strategy        PnL: 14:55:48 MTM=3848.00 Profit=0.59%
2026-07-14 14:55:49 INFO     strategy        PnL: 14:55:49 MTM=3900.00 Profit=0.59%
2026-07-14 14:55:50 INFO     strategy        PnL: 14:55:50 MTM=3978.00 Profit=0.61%
2026-07-14 14:55:51 INFO     strategy        PnL: 14:55:51 MTM=4075.50 Profit=0.62%
2026-07-14 14:55:52 INFO     strategy        PnL: 14:55:52 MTM=3890.25 Profit=0.59%
2026-07-14 14:55:53 INFO     strategy        PnL: 14:55:53 MTM=4030.00 Profit=0.61%
2026-07-14 14:55:54 INFO     strategy        PnL: 14:55:54 MTM=3753.75 Profit=0.57%
2026-07-14 14:55:55 INFO     strategy        PnL: 14:55:55 MTM=3932.50 Profit=0.60%
2026-07-14 14:55:56 INFO     strategy        PnL: 14:55:56 MTM=3978.00 Profit=0.61%
2026-07-14 14:55:57 INFO     strategy        PnL: 14:55:57 MTM=3870.75 Profit=0.59%
2026-07-14 14:55:58 INFO     strategy        PnL: 14:55:58 MTM=4114.50 Profit=0.63%
2026-07-14 14:55:59 INFO     strategy        PnL: 14:55:59 MTM=3861.00 Profit=0.59%
2026-07-14 14:56:00 INFO     strategy        PnL: 14:56:00 MTM=4085.25 Profit=0.62%
2026-07-14 14:56:01 INFO     strategy        PnL: 14:56:01 MTM=3857.75 Profit=0.59%
2026-07-14 14:56:02 INFO     strategy        PnL: 14:56:02 MTM=4007.25 Profit=0.61%
2026-07-14 14:56:03 INFO     strategy        PnL: 14:56:03 MTM=4117.75 Profit=0.63%
2026-07-14 14:56:04 INFO     strategy        PnL: 14:56:04 MTM=4056.00 Profit=0.62%
2026-07-14 14:56:06 INFO     strategy        PnL: 14:56:06 MTM=3903.25 Profit=0.59%
2026-07-14 14:56:07 INFO     strategy        PnL: 14:56:07 MTM=4030.00 Profit=0.61%
2026-07-14 14:56:08 INFO     strategy        PnL: 14:56:08 MTM=3909.75 Profit=0.60%
2026-07-14 14:56:09 INFO     strategy        PnL: 14:56:09 MTM=4088.50 Profit=0.62%
2026-07-14 14:56:10 INFO     strategy        PnL: 14:56:10 MTM=3945.50 Profit=0.60%
2026-07-14 14:56:11 INFO     strategy        PnL: 14:56:11 MTM=3948.75 Profit=0.60%
2026-07-14 14:56:12 INFO     strategy        PnL: 14:56:12 MTM=3913.00 Profit=0.60%
2026-07-14 14:56:13 INFO     strategy        PnL: 14:56:13 MTM=3974.75 Profit=0.61%
2026-07-14 14:56:14 INFO     strategy        PnL: 14:56:14 MTM=4020.25 Profit=0.61%
2026-07-14 14:56:15 INFO     strategy        PnL: 14:56:15 MTM=4069.00 Profit=0.62%
2026-07-14 14:56:16 INFO     strategy        PnL: 14:56:16 MTM=3945.50 Profit=0.60%
2026-07-14 14:56:17 INFO     strategy        PnL: 14:56:17 MTM=4000.75 Profit=0.61%
2026-07-14 14:56:18 INFO     strategy        PnL: 14:56:18 MTM=3978.00 Profit=0.61%
2026-07-14 14:56:19 INFO     strategy        PnL: 14:56:19 MTM=3974.75 Profit=0.61%
2026-07-14 14:56:20 INFO     strategy        PnL: 14:56:20 MTM=4013.75 Profit=0.61%
2026-07-14 14:56:21 INFO     strategy        PnL: 14:56:21 MTM=3984.50 Profit=0.61%
2026-07-14 14:56:22 INFO     strategy        PnL: 14:56:22 MTM=4147.00 Profit=0.63%
2026-07-14 14:56:23 INFO     strategy        PnL: 14:56:23 MTM=3971.50 Profit=0.60%
2026-07-14 14:56:24 INFO     strategy        PnL: 14:56:24 MTM=4026.75 Profit=0.61%
2026-07-14 14:56:25 INFO     strategy        PnL: 14:56:25 MTM=4036.50 Profit=0.61%
2026-07-14 14:56:26 INFO     strategy        PnL: 14:56:26 MTM=3974.75 Profit=0.61%
2026-07-14 14:56:27 INFO     strategy        PnL: 14:56:27 MTM=3903.25 Profit=0.59%
2026-07-14 14:56:28 INFO     strategy        PnL: 14:56:28 MTM=3984.50 Profit=0.61%
2026-07-14 14:56:29 INFO     strategy        PnL: 14:56:29 MTM=3968.25 Profit=0.60%
2026-07-14 14:56:30 INFO     strategy        PnL: 14:56:30 MTM=3870.75 Profit=0.59%
2026-07-14 14:56:31 INFO     strategy        PnL: 14:56:31 MTM=3893.50 Profit=0.59%
2026-07-14 14:56:32 INFO     strategy        PnL: 14:56:32 MTM=3864.25 Profit=0.59%
2026-07-14 14:56:33 INFO     strategy        PnL: 14:56:33 MTM=3809.00 Profit=0.58%
2026-07-14 14:56:34 INFO     strategy        PnL: 14:56:34 MTM=3744.00 Profit=0.57%
2026-07-14 14:56:35 INFO     strategy        PnL: 14:56:35 MTM=3831.75 Profit=0.58%
2026-07-14 14:56:36 INFO     strategy        PnL: 14:56:36 MTM=3812.25 Profit=0.58%
2026-07-14 14:56:37 INFO     strategy        PnL: 14:56:37 MTM=3792.75 Profit=0.58%
2026-07-14 14:56:38 INFO     strategy        PnL: 14:56:38 MTM=3857.75 Profit=0.59%
2026-07-14 14:56:39 INFO     strategy        PnL: 14:56:39 MTM=3854.50 Profit=0.59%
2026-07-14 14:56:40 INFO     strategy        PnL: 14:56:40 MTM=3893.50 Profit=0.59%
2026-07-14 14:56:41 INFO     strategy        PnL: 14:56:41 MTM=3903.25 Profit=0.59%
2026-07-14 14:56:42 INFO     strategy        PnL: 14:56:42 MTM=3783.00 Profit=0.58%
2026-07-14 14:56:43 INFO     strategy        PnL: 14:56:43 MTM=3939.00 Profit=0.60%
2026-07-14 14:56:44 INFO     strategy        PnL: 14:56:44 MTM=3760.25 Profit=0.57%
2026-07-14 14:56:45 INFO     strategy        PnL: 14:56:45 MTM=3809.00 Profit=0.58%
2026-07-14 14:56:46 INFO     strategy        PnL: 14:56:46 MTM=3672.50 Profit=0.56%
2026-07-14 14:56:47 INFO     strategy        PnL: 14:56:47 MTM=3630.25 Profit=0.55%
2026-07-14 14:56:48 INFO     strategy        PnL: 14:56:48 MTM=3633.50 Profit=0.55%
2026-07-14 14:56:49 INFO     strategy        PnL: 14:56:49 MTM=3692.00 Profit=0.56%
2026-07-14 14:56:50 INFO     strategy        PnL: 14:56:50 MTM=3815.50 Profit=0.58%
2026-07-14 14:56:51 INFO     strategy        PnL: 14:56:51 MTM=3711.50 Profit=0.57%
2026-07-14 14:56:52 INFO     strategy        PnL: 14:56:52 MTM=3828.50 Profit=0.58%
2026-07-14 14:56:53 INFO     strategy        PnL: 14:56:53 MTM=3890.25 Profit=0.59%
2026-07-14 14:56:54 INFO     strategy        PnL: 14:56:54 MTM=3734.25 Profit=0.57%
2026-07-14 14:56:55 INFO     strategy        PnL: 14:56:55 MTM=3887.00 Profit=0.59%
2026-07-14 14:56:56 INFO     strategy        PnL: 14:56:56 MTM=3792.75 Profit=0.58%
2026-07-14 14:56:57 INFO     strategy        PnL: 14:56:57 MTM=3909.75 Profit=0.60%
2026-07-14 14:56:58 INFO     strategy        PnL: 14:56:58 MTM=4062.50 Profit=0.62%
2026-07-14 14:56:59 INFO     strategy        PnL: 14:56:59 MTM=4065.75 Profit=0.62%
2026-07-14 14:57:00 INFO     strategy        PnL: 14:57:00 MTM=3926.00 Profit=0.60%
2026-07-14 14:57:01 INFO     strategy        PnL: 14:57:01 MTM=4065.75 Profit=0.62%
2026-07-14 14:57:02 INFO     strategy        PnL: 14:57:02 MTM=3948.75 Profit=0.60%
2026-07-14 14:57:03 INFO     strategy        PnL: 14:57:03 MTM=3913.00 Profit=0.60%
2026-07-14 14:57:04 INFO     strategy        PnL: 14:57:04 MTM=3867.50 Profit=0.59%
2026-07-14 14:57:05 INFO     strategy        PnL: 14:57:05 MTM=3890.25 Profit=0.59%
2026-07-14 14:57:06 INFO     strategy        PnL: 14:57:06 MTM=3955.25 Profit=0.60%
2026-07-14 14:57:07 INFO     strategy        PnL: 14:57:07 MTM=3900.00 Profit=0.59%
2026-07-14 14:57:08 INFO     strategy        PnL: 14:57:08 MTM=3981.25 Profit=0.61%
2026-07-14 14:57:09 INFO     strategy        PnL: 14:57:09 MTM=4199.00 Profit=0.64%
2026-07-14 14:57:10 INFO     strategy        PnL: 14:57:10 MTM=3987.75 Profit=0.61%
2026-07-14 14:57:11 INFO     strategy        PnL: 14:57:11 MTM=3997.50 Profit=0.61%
2026-07-14 14:57:12 INFO     strategy        PnL: 14:57:12 MTM=4134.00 Profit=0.63%
2026-07-14 14:57:13 INFO     strategy        PnL: 14:57:13 MTM=4085.25 Profit=0.62%
2026-07-14 14:57:14 INFO     strategy        PnL: 14:57:14 MTM=4150.25 Profit=0.63%
2026-07-14 14:57:15 INFO     strategy        PnL: 14:57:15 MTM=4036.50 Profit=0.61%
2026-07-14 14:57:16 INFO     strategy        PnL: 14:57:16 MTM=4056.00 Profit=0.62%
2026-07-14 14:57:17 INFO     strategy        PnL: 14:57:17 MTM=4026.75 Profit=0.61%
2026-07-14 14:57:18 INFO     strategy        PnL: 14:57:18 MTM=4033.25 Profit=0.61%
2026-07-14 14:57:20 INFO     strategy        PnL: 14:57:20 MTM=4088.50 Profit=0.62%
2026-07-14 14:57:21 INFO     strategy        PnL: 14:57:21 MTM=3994.25 Profit=0.61%
2026-07-14 14:57:22 INFO     strategy        PnL: 14:57:22 MTM=4075.50 Profit=0.62%
2026-07-14 14:57:23 INFO     strategy        PnL: 14:57:23 MTM=3981.25 Profit=0.61%
2026-07-14 14:57:24 INFO     strategy        PnL: 14:57:24 MTM=4020.25 Profit=0.61%
2026-07-14 14:57:25 INFO     strategy        PnL: 14:57:25 MTM=3945.50 Profit=0.60%
2026-07-14 14:57:26 INFO     strategy        PnL: 14:57:26 MTM=3978.00 Profit=0.61%
2026-07-14 14:57:27 INFO     strategy        PnL: 14:57:27 MTM=3955.25 Profit=0.60%
2026-07-14 14:57:28 INFO     strategy        PnL: 14:57:28 MTM=3952.00 Profit=0.60%
2026-07-14 14:57:29 INFO     strategy        PnL: 14:57:29 MTM=3974.75 Profit=0.61%
2026-07-14 14:57:30 INFO     strategy        PnL: 14:57:30 MTM=3961.75 Profit=0.60%
2026-07-14 14:57:31 INFO     strategy        PnL: 14:57:31 MTM=4023.50 Profit=0.61%
2026-07-14 14:57:32 INFO     strategy        PnL: 14:57:32 MTM=3978.00 Profit=0.61%
2026-07-14 14:57:33 INFO     strategy        PnL: 14:57:33 MTM=3926.00 Profit=0.60%
2026-07-14 14:57:34 INFO     strategy        PnL: 14:57:34 MTM=3965.00 Profit=0.60%
2026-07-14 14:57:35 INFO     strategy        PnL: 14:57:35 MTM=3916.25 Profit=0.60%
2026-07-14 14:57:36 INFO     strategy        PnL: 14:57:36 MTM=3961.75 Profit=0.60%
2026-07-14 14:57:37 INFO     strategy        PnL: 14:57:37 MTM=3932.50 Profit=0.60%
2026-07-14 14:57:38 INFO     strategy        PnL: 14:57:38 MTM=3900.00 Profit=0.59%
2026-07-14 14:57:39 INFO     strategy        PnL: 14:57:39 MTM=3900.00 Profit=0.59%
2026-07-14 14:57:40 INFO     strategy        PnL: 14:57:40 MTM=3825.25 Profit=0.58%
2026-07-14 14:57:41 INFO     strategy        PnL: 14:57:41 MTM=3909.75 Profit=0.60%
2026-07-14 14:57:42 INFO     strategy        PnL: 14:57:42 MTM=3942.25 Profit=0.60%
2026-07-14 14:57:43 INFO     strategy        PnL: 14:57:43 MTM=3906.50 Profit=0.60%
2026-07-14 14:57:44 INFO     strategy        PnL: 14:57:44 MTM=3906.50 Profit=0.60%
2026-07-14 14:57:45 INFO     strategy        PnL: 14:57:45 MTM=3867.50 Profit=0.59%
2026-07-14 14:57:46 INFO     strategy        PnL: 14:57:46 MTM=3916.25 Profit=0.60%
2026-07-14 14:57:47 INFO     strategy        PnL: 14:57:47 MTM=3841.50 Profit=0.59%
2026-07-14 14:57:48 INFO     strategy        PnL: 14:57:48 MTM=3864.25 Profit=0.59%
2026-07-14 14:57:49 INFO     strategy        PnL: 14:57:49 MTM=3896.75 Profit=0.59%
2026-07-14 14:57:50 INFO     strategy        PnL: 14:57:50 MTM=3929.25 Profit=0.60%
2026-07-14 14:57:51 INFO     strategy        PnL: 14:57:51 MTM=3958.50 Profit=0.60%
2026-07-14 14:57:52 INFO     strategy        PnL: 14:57:52 MTM=3916.25 Profit=0.60%
2026-07-14 14:57:53 INFO     strategy        PnL: 14:57:53 MTM=3942.25 Profit=0.60%
2026-07-14 14:57:54 INFO     strategy        PnL: 14:57:54 MTM=3919.50 Profit=0.60%
2026-07-14 14:57:55 INFO     strategy        PnL: 14:57:55 MTM=3926.00 Profit=0.60%
2026-07-14 14:57:56 INFO     strategy        PnL: 14:57:56 MTM=3978.00 Profit=0.61%
2026-07-14 14:57:57 INFO     strategy        PnL: 14:57:57 MTM=3939.00 Profit=0.60%
2026-07-14 14:57:58 INFO     strategy        PnL: 14:57:58 MTM=3838.25 Profit=0.58%
2026-07-14 14:57:59 INFO     strategy        PnL: 14:57:59 MTM=3809.00 Profit=0.58%
2026-07-14 14:58:00 INFO     strategy        PnL: 14:58:00 MTM=3731.00 Profit=0.57%
2026-07-14 14:58:01 INFO     strategy        PnL: 14:58:01 MTM=3770.00 Profit=0.57%
2026-07-14 14:58:02 INFO     strategy        PnL: 14:58:02 MTM=3799.25 Profit=0.58%
2026-07-14 14:58:03 INFO     strategy        PnL: 14:58:03 MTM=3799.25 Profit=0.58%
2026-07-14 14:58:04 INFO     strategy        PnL: 14:58:04 MTM=3747.25 Profit=0.57%
2026-07-14 14:58:05 INFO     strategy        PnL: 14:58:05 MTM=3721.25 Profit=0.57%
2026-07-14 14:58:06 INFO     strategy        PnL: 14:58:06 MTM=3773.25 Profit=0.57%
2026-07-14 14:58:07 INFO     strategy        PnL: 14:58:07 MTM=3753.75 Profit=0.57%
2026-07-14 14:58:08 INFO     strategy        PnL: 14:58:08 MTM=3760.25 Profit=0.57%
2026-07-14 14:58:09 INFO     strategy        PnL: 14:58:09 MTM=3815.50 Profit=0.58%
2026-07-14 14:58:10 INFO     strategy        PnL: 14:58:10 MTM=3792.75 Profit=0.58%
2026-07-14 14:58:11 INFO     strategy        PnL: 14:58:11 MTM=3831.75 Profit=0.58%
2026-07-14 14:58:12 INFO     strategy        PnL: 14:58:12 MTM=3835.00 Profit=0.58%
2026-07-14 14:58:13 INFO     strategy        PnL: 14:58:13 MTM=3848.00 Profit=0.59%
2026-07-14 14:58:14 INFO     strategy        PnL: 14:58:14 MTM=3799.25 Profit=0.58%
2026-07-14 14:58:15 INFO     strategy        PnL: 14:58:15 MTM=3835.00 Profit=0.58%
2026-07-14 14:58:16 INFO     strategy        PnL: 14:58:16 MTM=3786.25 Profit=0.58%
2026-07-14 14:58:17 INFO     strategy        PnL: 14:58:17 MTM=3770.00 Profit=0.57%
2026-07-14 14:58:18 INFO     strategy        PnL: 14:58:18 MTM=3861.00 Profit=0.59%
2026-07-14 14:58:19 INFO     strategy        PnL: 14:58:19 MTM=3773.25 Profit=0.57%
2026-07-14 14:58:20 INFO     strategy        PnL: 14:58:20 MTM=3822.00 Profit=0.58%
2026-07-14 14:58:21 INFO     strategy        PnL: 14:58:21 MTM=3714.75 Profit=0.57%
2026-07-14 14:58:22 INFO     strategy        PnL: 14:58:22 MTM=3792.75 Profit=0.58%
2026-07-14 14:58:23 INFO     strategy        PnL: 14:58:23 MTM=3669.25 Profit=0.56%
2026-07-14 14:58:24 INFO     strategy        PnL: 14:58:24 MTM=3815.50 Profit=0.58%
2026-07-14 14:58:25 INFO     strategy        PnL: 14:58:25 MTM=3812.25 Profit=0.58%
2026-07-14 14:58:26 INFO     strategy        PnL: 14:58:26 MTM=3909.75 Profit=0.60%
2026-07-14 14:58:27 INFO     strategy        PnL: 14:58:27 MTM=3835.00 Profit=0.58%
2026-07-14 14:58:28 INFO     strategy        PnL: 14:58:28 MTM=3900.00 Profit=0.59%
2026-07-14 14:58:30 INFO     strategy        PnL: 14:58:30 MTM=3877.25 Profit=0.59%
2026-07-14 14:58:31 INFO     strategy        PnL: 14:58:31 MTM=3825.25 Profit=0.58%
2026-07-14 14:58:32 INFO     strategy        PnL: 14:58:32 MTM=3838.25 Profit=0.58%
2026-07-14 14:58:33 INFO     strategy        PnL: 14:58:33 MTM=3789.50 Profit=0.58%
2026-07-14 14:58:34 INFO     strategy        PnL: 14:58:34 MTM=3812.25 Profit=0.58%
2026-07-14 14:58:35 INFO     strategy        PnL: 14:58:35 MTM=3757.00 Profit=0.57%
2026-07-14 14:58:36 INFO     strategy        PnL: 14:58:36 MTM=3766.75 Profit=0.57%
2026-07-14 14:58:37 INFO     strategy        PnL: 14:58:37 MTM=3760.25 Profit=0.57%
2026-07-14 14:58:38 INFO     strategy        PnL: 14:58:38 MTM=3825.25 Profit=0.58%
2026-07-14 14:58:39 INFO     strategy        PnL: 14:58:39 MTM=3838.25 Profit=0.58%
2026-07-14 14:58:40 INFO     strategy        PnL: 14:58:40 MTM=3805.75 Profit=0.58%
2026-07-14 14:58:41 INFO     strategy        PnL: 14:58:41 MTM=3877.25 Profit=0.59%
2026-07-14 14:58:42 INFO     strategy        PnL: 14:58:42 MTM=3776.50 Profit=0.58%
2026-07-14 14:58:43 INFO     strategy        PnL: 14:58:43 MTM=3838.25 Profit=0.58%
2026-07-14 14:58:44 INFO     strategy        PnL: 14:58:44 MTM=3870.75 Profit=0.59%
2026-07-14 14:58:45 INFO     strategy        PnL: 14:58:45 MTM=3841.50 Profit=0.59%
2026-07-14 14:58:46 INFO     strategy        PnL: 14:58:46 MTM=3942.25 Profit=0.60%
2026-07-14 14:58:47 INFO     strategy        PnL: 14:58:47 MTM=3932.50 Profit=0.60%
2026-07-14 14:58:48 INFO     strategy        PnL: 14:58:48 MTM=3991.00 Profit=0.61%
2026-07-14 14:58:49 INFO     strategy        PnL: 14:58:49 MTM=3991.00 Profit=0.61%
2026-07-14 14:58:50 INFO     strategy        PnL: 14:58:50 MTM=3913.00 Profit=0.60%
2026-07-14 14:58:51 INFO     strategy        PnL: 14:58:51 MTM=3968.25 Profit=0.60%
2026-07-14 14:58:52 INFO     strategy        PnL: 14:58:52 MTM=3932.50 Profit=0.60%
2026-07-14 14:58:53 INFO     strategy        PnL: 14:58:53 MTM=3994.25 Profit=0.61%
2026-07-14 14:58:54 INFO     strategy        PnL: 14:58:54 MTM=3968.25 Profit=0.60%
2026-07-14 14:58:55 INFO     strategy        PnL: 14:58:55 MTM=3844.75 Profit=0.59%
2026-07-14 14:58:56 INFO     strategy        PnL: 14:58:56 MTM=3913.00 Profit=0.60%
2026-07-14 14:58:57 INFO     strategy        PnL: 14:58:57 MTM=4010.50 Profit=0.61%
2026-07-14 14:58:58 INFO     strategy        PnL: 14:58:58 MTM=3955.25 Profit=0.60%
2026-07-14 14:58:59 INFO     strategy        PnL: 14:58:59 MTM=3916.25 Profit=0.60%
2026-07-14 14:59:00 INFO     strategy        PnL: 14:59:00 MTM=3870.75 Profit=0.59%
2026-07-14 14:59:01 INFO     strategy        PnL: 14:59:01 MTM=3776.50 Profit=0.58%
2026-07-14 14:59:02 INFO     strategy        PnL: 14:59:02 MTM=3844.75 Profit=0.59%
2026-07-14 14:59:03 INFO     strategy        PnL: 14:59:03 MTM=3854.50 Profit=0.59%
2026-07-14 14:59:04 INFO     strategy        PnL: 14:59:04 MTM=3848.00 Profit=0.59%
2026-07-14 14:59:05 INFO     strategy        PnL: 14:59:05 MTM=3909.75 Profit=0.60%
2026-07-14 14:59:06 INFO     strategy        PnL: 14:59:06 MTM=3831.75 Profit=0.58%
2026-07-14 14:59:07 INFO     strategy        PnL: 14:59:07 MTM=3861.00 Profit=0.59%
2026-07-14 14:59:08 INFO     strategy        PnL: 14:59:08 MTM=3818.75 Profit=0.58%
2026-07-14 14:59:09 INFO     strategy        PnL: 14:59:09 MTM=3818.75 Profit=0.58%
2026-07-14 14:59:10 INFO     strategy        PnL: 14:59:10 MTM=3805.75 Profit=0.58%
2026-07-14 14:59:11 INFO     strategy        PnL: 14:59:11 MTM=3916.25 Profit=0.60%
2026-07-14 14:59:12 INFO     strategy        PnL: 14:59:12 MTM=3981.25 Profit=0.61%
2026-07-14 14:59:13 INFO     strategy        PnL: 14:59:13 MTM=3919.50 Profit=0.60%
2026-07-14 14:59:14 INFO     strategy        PnL: 14:59:14 MTM=3903.25 Profit=0.59%
2026-07-14 14:59:15 INFO     strategy        PnL: 14:59:15 MTM=3887.00 Profit=0.59%
2026-07-14 14:59:16 INFO     strategy        PnL: 14:59:16 MTM=3835.00 Profit=0.58%
2026-07-14 14:59:17 INFO     strategy        PnL: 14:59:17 MTM=3831.75 Profit=0.58%
2026-07-14 14:59:18 INFO     strategy        PnL: 14:59:18 MTM=3890.25 Profit=0.59%
2026-07-14 14:59:19 INFO     strategy        PnL: 14:59:19 MTM=3818.75 Profit=0.58%
2026-07-14 14:59:20 INFO     strategy        PnL: 14:59:20 MTM=3805.75 Profit=0.58%
2026-07-14 14:59:21 INFO     strategy        PnL: 14:59:21 MTM=3874.00 Profit=0.59%
2026-07-14 14:59:22 INFO     strategy        PnL: 14:59:22 MTM=3887.00 Profit=0.59%
2026-07-14 14:59:23 INFO     strategy        PnL: 14:59:23 MTM=3896.75 Profit=0.59%
2026-07-14 14:59:24 INFO     strategy        PnL: 14:59:24 MTM=3877.25 Profit=0.59%
2026-07-14 14:59:25 INFO     strategy        PnL: 14:59:25 MTM=3867.50 Profit=0.59%
2026-07-14 14:59:26 INFO     strategy        PnL: 14:59:26 MTM=3870.75 Profit=0.59%
2026-07-14 14:59:27 INFO     strategy        PnL: 14:59:27 MTM=3906.50 Profit=0.60%
2026-07-14 14:59:28 INFO     strategy        PnL: 14:59:28 MTM=3750.50 Profit=0.57%
2026-07-14 14:59:29 INFO     strategy        PnL: 14:59:29 MTM=3857.75 Profit=0.59%
2026-07-14 14:59:30 INFO     strategy        PnL: 14:59:30 MTM=3828.50 Profit=0.58%
2026-07-14 14:59:31 INFO     strategy        PnL: 14:59:31 MTM=3981.25 Profit=0.61%
2026-07-14 14:59:32 INFO     strategy        PnL: 14:59:32 MTM=4091.75 Profit=0.62%
2026-07-14 14:59:33 INFO     strategy        PnL: 14:59:33 MTM=4004.00 Profit=0.61%
2026-07-14 14:59:34 INFO     strategy        PnL: 14:59:34 MTM=3942.25 Profit=0.60%
2026-07-14 14:59:35 INFO     strategy        PnL: 14:59:35 MTM=3965.00 Profit=0.60%
2026-07-14 14:59:36 INFO     strategy        PnL: 14:59:36 MTM=4049.50 Profit=0.62%
2026-07-14 14:59:37 INFO     strategy        PnL: 14:59:37 MTM=3971.50 Profit=0.60%
2026-07-14 14:59:38 INFO     strategy        PnL: 14:59:38 MTM=4046.25 Profit=0.62%
2026-07-14 14:59:39 INFO     strategy        PnL: 14:59:39 MTM=3968.25 Profit=0.60%
2026-07-14 14:59:40 INFO     strategy        PnL: 14:59:40 MTM=3932.50 Profit=0.60%
2026-07-14 14:59:41 INFO     strategy        PnL: 14:59:41 MTM=3952.00 Profit=0.60%
2026-07-14 14:59:42 INFO     strategy        PnL: 14:59:42 MTM=3922.75 Profit=0.60%
2026-07-14 14:59:43 INFO     strategy        PnL: 14:59:43 MTM=3948.75 Profit=0.60%
2026-07-14 14:59:44 INFO     strategy        PnL: 14:59:44 MTM=3916.25 Profit=0.60%
2026-07-14 14:59:45 INFO     strategy        PnL: 14:59:45 MTM=3796.00 Profit=0.58%
2026-07-14 14:59:46 INFO     strategy        PnL: 14:59:46 MTM=3906.50 Profit=0.60%
2026-07-14 14:59:47 INFO     strategy        PnL: 14:59:47 MTM=3939.00 Profit=0.60%
2026-07-14 14:59:48 INFO     strategy        PnL: 14:59:48 MTM=3939.00 Profit=0.60%
2026-07-14 14:59:49 INFO     strategy        PnL: 14:59:49 MTM=3929.25 Profit=0.60%
2026-07-14 14:59:50 INFO     strategy        PnL: 14:59:50 MTM=3932.50 Profit=0.60%
2026-07-14 14:59:51 INFO     strategy        PnL: 14:59:51 MTM=3913.00 Profit=0.60%
2026-07-14 14:59:52 INFO     strategy        PnL: 14:59:52 MTM=3896.75 Profit=0.59%
2026-07-14 14:59:53 INFO     strategy        PnL: 14:59:53 MTM=4098.25 Profit=0.62%
2026-07-14 14:59:54 INFO     strategy        PnL: 14:59:54 MTM=3939.00 Profit=0.60%
2026-07-14 14:59:55 INFO     strategy        PnL: 14:59:55 MTM=3922.75 Profit=0.60%
2026-07-14 14:59:56 INFO     strategy        PnL: 14:59:56 MTM=3958.50 Profit=0.60%
2026-07-14 14:59:57 INFO     strategy        PnL: 14:59:57 MTM=4072.25 Profit=0.62%
2026-07-14 14:59:58 INFO     strategy        PnL: 14:59:58 MTM=4124.25 Profit=0.63%
2026-07-14 14:59:59 INFO     strategy        PnL: 14:59:59 MTM=3903.25 Profit=0.59%
2026-07-14 15:00:00 INFO     strategy        PnL: 15:00:00 MTM=3945.50 Profit=0.60%
2026-07-14 15:00:01 INFO     strategy        PnL: 15:00:01 MTM=3766.75 Profit=0.57%
2026-07-14 15:00:02 INFO     strategy        PnL: 15:00:02 MTM=3363.75 Profit=0.51%
2026-07-14 15:00:04 INFO     strategy        PnL: 15:00:03 MTM=3724.50 Profit=0.57%
2026-07-14 15:00:05 INFO     strategy        PnL: 15:00:05 MTM=3987.75 Profit=0.61%
2026-07-14 15:00:06 INFO     strategy        PnL: 15:00:06 MTM=3870.75 Profit=0.59%
2026-07-14 15:00:07 INFO     strategy        PnL: 15:00:07 MTM=3679.00 Profit=0.56%
2026-07-14 15:00:08 INFO     strategy        PnL: 15:00:08 MTM=3568.50 Profit=0.54%
2026-07-14 15:00:09 INFO     strategy        PnL: 15:00:09 MTM=3893.50 Profit=0.59%
2026-07-14 15:00:10 INFO     strategy        PnL: 15:00:10 MTM=3870.75 Profit=0.59%
2026-07-14 15:00:11 INFO     strategy        PnL: 15:00:11 MTM=3965.00 Profit=0.60%
2026-07-14 15:00:12 INFO     strategy        PnL: 15:00:12 MTM=4072.25 Profit=0.62%
2026-07-14 15:00:13 INFO     strategy        PnL: 15:00:13 MTM=4098.25 Profit=0.62%
2026-07-14 15:00:14 INFO     strategy        PnL: 15:00:14 MTM=3874.00 Profit=0.59%
2026-07-14 15:00:15 INFO     strategy        PnL: 15:00:15 MTM=3467.75 Profit=0.53%
2026-07-14 15:00:16 INFO     strategy        PnL: 15:00:16 MTM=3500.25 Profit=0.53%
2026-07-14 15:00:17 INFO     strategy        PnL: 15:00:17 MTM=3675.75 Profit=0.56%
2026-07-14 15:00:18 INFO     strategy        PnL: 15:00:18 MTM=3451.50 Profit=0.53%
2026-07-14 15:00:19 INFO     strategy        PnL: 15:00:19 MTM=3529.50 Profit=0.54%
2026-07-14 15:00:20 INFO     strategy        PnL: 15:00:20 MTM=3545.75 Profit=0.54%
2026-07-14 15:00:21 INFO     strategy        PnL: 15:00:21 MTM=3757.00 Profit=0.57%
2026-07-14 15:00:22 INFO     strategy        PnL: 15:00:22 MTM=3844.75 Profit=0.59%
2026-07-14 15:00:23 INFO     strategy        PnL: 15:00:23 MTM=3493.75 Profit=0.53%
2026-07-14 15:00:24 INFO     strategy        PnL: 15:00:24 MTM=3467.75 Profit=0.53%
2026-07-14 15:00:25 INFO     strategy        PnL: 15:00:25 MTM=3516.50 Profit=0.54%
2026-07-14 15:00:26 INFO     strategy        PnL: 15:00:26 MTM=3783.00 Profit=0.58%
2026-07-14 15:00:27 INFO     strategy        PnL: 15:00:27 MTM=3682.25 Profit=0.56%
2026-07-14 15:00:28 INFO     strategy        PnL: 15:00:28 MTM=3672.50 Profit=0.56%
2026-07-14 15:00:29 INFO     strategy        PnL: 15:00:29 MTM=3698.50 Profit=0.56%
2026-07-14 15:00:30 INFO     strategy        PnL: 15:00:30 MTM=3604.25 Profit=0.55%
2026-07-14 15:00:31 INFO     strategy        PnL: 15:00:31 MTM=3744.00 Profit=0.57%
2026-07-14 15:00:32 INFO     strategy        PnL: 15:00:32 MTM=3763.50 Profit=0.57%
2026-07-14 15:00:33 INFO     strategy        PnL: 15:00:33 MTM=3617.25 Profit=0.55%
2026-07-14 15:00:34 INFO     strategy        PnL: 15:00:34 MTM=3480.75 Profit=0.53%
2026-07-14 15:00:35 INFO     strategy        PnL: 15:00:35 MTM=3519.75 Profit=0.54%
2026-07-14 15:00:36 INFO     strategy        PnL: 15:00:36 MTM=3399.50 Profit=0.52%
2026-07-14 15:00:37 INFO     strategy        PnL: 15:00:37 MTM=3438.50 Profit=0.52%
2026-07-14 15:00:38 INFO     strategy        PnL: 15:00:38 MTM=3376.75 Profit=0.51%
2026-07-14 15:00:39 INFO     strategy        PnL: 15:00:39 MTM=3253.25 Profit=0.50%
2026-07-14 15:00:40 INFO     strategy        PnL: 15:00:40 MTM=3474.25 Profit=0.53%
2026-07-14 15:00:41 INFO     strategy        PnL: 15:00:41 MTM=3529.50 Profit=0.54%
2026-07-14 15:00:42 INFO     strategy        PnL: 15:00:42 MTM=3581.50 Profit=0.55%
2026-07-14 15:00:43 INFO     strategy        PnL: 15:00:43 MTM=3350.75 Profit=0.51%
2026-07-14 15:00:44 INFO     strategy        PnL: 15:00:44 MTM=3451.50 Profit=0.53%
2026-07-14 15:00:45 INFO     strategy        PnL: 15:00:45 MTM=3539.25 Profit=0.54%
2026-07-14 15:00:46 INFO     strategy        PnL: 15:00:46 MTM=3347.50 Profit=0.51%
2026-07-14 15:00:47 INFO     strategy        PnL: 15:00:47 MTM=3347.50 Profit=0.51%
2026-07-14 15:00:48 INFO     strategy        PnL: 15:00:48 MTM=3454.75 Profit=0.53%
2026-07-14 15:00:49 INFO     strategy        PnL: 15:00:49 MTM=3422.25 Profit=0.52%
2026-07-14 15:00:50 INFO     strategy        PnL: 15:00:50 MTM=3565.25 Profit=0.54%
2026-07-14 15:00:51 INFO     strategy        PnL: 15:00:51 MTM=3354.00 Profit=0.51%
2026-07-14 15:00:52 INFO     strategy        PnL: 15:00:52 MTM=3315.00 Profit=0.50%
2026-07-14 15:00:53 INFO     strategy        PnL: 15:00:53 MTM=3432.00 Profit=0.52%
2026-07-14 15:00:54 INFO     strategy        PnL: 15:00:54 MTM=3422.25 Profit=0.52%
2026-07-14 15:00:55 INFO     strategy        PnL: 15:00:55 MTM=3503.50 Profit=0.53%
2026-07-14 15:00:56 INFO     strategy        PnL: 15:00:56 MTM=3263.00 Profit=0.50%
2026-07-14 15:00:57 INFO     strategy        PnL: 15:00:57 MTM=3308.50 Profit=0.50%
2026-07-14 15:00:58 INFO     strategy        PnL: 15:00:58 MTM=3263.00 Profit=0.50%
2026-07-14 15:00:59 INFO     strategy        PnL: 15:00:59 MTM=3513.25 Profit=0.54%
2026-07-14 15:01:00 INFO     strategy        PnL: 15:01:00 MTM=3328.00 Profit=0.51%
2026-07-14 15:01:01 INFO     strategy        PnL: 15:01:01 MTM=3337.75 Profit=0.51%
2026-07-14 15:01:02 INFO     strategy        PnL: 15:01:02 MTM=3438.50 Profit=0.52%
2026-07-14 15:01:03 INFO     strategy        PnL: 15:01:03 MTM=3438.50 Profit=0.52%
2026-07-14 15:01:04 INFO     strategy        PnL: 15:01:04 MTM=3734.25 Profit=0.57%
2026-07-14 15:01:05 INFO     strategy        PnL: 15:01:05 MTM=3750.50 Profit=0.57%
2026-07-14 15:01:06 INFO     strategy        PnL: 15:01:06 MTM=3662.75 Profit=0.56%
2026-07-14 15:01:07 INFO     strategy        PnL: 15:01:07 MTM=3822.00 Profit=0.58%
2026-07-14 15:01:08 INFO     strategy        PnL: 15:01:08 MTM=3903.25 Profit=0.59%
2026-07-14 15:01:09 INFO     strategy        PnL: 15:01:09 MTM=3935.75 Profit=0.60%
2026-07-14 15:01:10 INFO     strategy        PnL: 15:01:10 MTM=4023.50 Profit=0.61%
2026-07-14 15:01:11 INFO     strategy        PnL: 15:01:11 MTM=3857.75 Profit=0.59%
2026-07-14 15:01:12 INFO     strategy        PnL: 15:01:12 MTM=3893.50 Profit=0.59%
2026-07-14 15:01:13 INFO     strategy        PnL: 15:01:13 MTM=3883.75 Profit=0.59%
2026-07-14 15:01:14 INFO     strategy        PnL: 15:01:14 MTM=3968.25 Profit=0.60%
2026-07-14 15:01:15 INFO     strategy        PnL: 15:01:15 MTM=4124.25 Profit=0.63%
2026-07-14 15:01:16 INFO     strategy        PnL: 15:01:16 MTM=4127.50 Profit=0.63%
2026-07-14 15:01:17 INFO     strategy        PnL: 15:01:17 MTM=4078.75 Profit=0.62%
2026-07-14 15:01:18 INFO     strategy        PnL: 15:01:18 MTM=4244.50 Profit=0.65%
2026-07-14 15:01:19 INFO     strategy        PnL: 15:01:19 MTM=4277.00 Profit=0.65%
2026-07-14 15:01:21 INFO     strategy        PnL: 15:01:20 MTM=4199.00 Profit=0.64%
2026-07-14 15:01:22 INFO     strategy        PnL: 15:01:22 MTM=4231.50 Profit=0.64%
2026-07-14 15:01:23 INFO     strategy        PnL: 15:01:23 MTM=4364.75 Profit=0.66%
2026-07-14 15:01:24 INFO     strategy        PnL: 15:01:24 MTM=4212.00 Profit=0.64%
2026-07-14 15:01:25 INFO     strategy        PnL: 15:01:25 MTM=4296.50 Profit=0.65%
2026-07-14 15:01:26 INFO     strategy        PnL: 15:01:26 MTM=4195.75 Profit=0.64%
2026-07-14 15:01:27 INFO     strategy        PnL: 15:01:27 MTM=4234.75 Profit=0.65%
2026-07-14 15:01:28 INFO     strategy        PnL: 15:01:28 MTM=4238.00 Profit=0.65%
2026-07-14 15:01:29 INFO     strategy        PnL: 15:01:29 MTM=4228.25 Profit=0.64%
2026-07-14 15:01:30 INFO     strategy        PnL: 15:01:30 MTM=4257.50 Profit=0.65%
2026-07-14 15:01:31 INFO     strategy        PnL: 15:01:31 MTM=4270.50 Profit=0.65%
2026-07-14 15:01:32 INFO     strategy        PnL: 15:01:32 MTM=4108.00 Profit=0.63%
2026-07-14 15:01:33 INFO     strategy        PnL: 15:01:33 MTM=4121.00 Profit=0.63%
2026-07-14 15:01:34 INFO     strategy        PnL: 15:01:34 MTM=4036.50 Profit=0.61%
2026-07-14 15:01:35 INFO     strategy        PnL: 15:01:35 MTM=3987.75 Profit=0.61%
2026-07-14 15:01:36 INFO     strategy        PnL: 15:01:36 MTM=4059.25 Profit=0.62%
2026-07-14 15:01:37 INFO     strategy        PnL: 15:01:37 MTM=4017.00 Profit=0.61%
2026-07-14 15:01:38 INFO     strategy        PnL: 15:01:38 MTM=4007.25 Profit=0.61%
2026-07-14 15:01:39 INFO     strategy        PnL: 15:01:39 MTM=3994.25 Profit=0.61%
2026-07-14 15:01:40 INFO     strategy        PnL: 15:01:40 MTM=3932.50 Profit=0.60%
2026-07-14 15:01:41 INFO     strategy        PnL: 15:01:41 MTM=3945.50 Profit=0.60%
2026-07-14 15:01:42 INFO     strategy        PnL: 15:01:42 MTM=3893.50 Profit=0.59%
2026-07-14 15:01:43 INFO     strategy        PnL: 15:01:43 MTM=4013.75 Profit=0.61%
2026-07-14 15:01:44 INFO     strategy        PnL: 15:01:44 MTM=4098.25 Profit=0.62%
2026-07-14 15:01:45 INFO     strategy        PnL: 15:01:45 MTM=3945.50 Profit=0.60%
2026-07-14 15:01:46 INFO     strategy        PnL: 15:01:46 MTM=4013.75 Profit=0.61%
2026-07-14 15:01:47 INFO     strategy        PnL: 15:01:47 MTM=4043.00 Profit=0.62%
2026-07-14 15:01:48 INFO     strategy        PnL: 15:01:48 MTM=3939.00 Profit=0.60%
2026-07-14 15:01:49 INFO     strategy        PnL: 15:01:49 MTM=3939.00 Profit=0.60%
2026-07-14 15:01:50 INFO     strategy        PnL: 15:01:50 MTM=3900.00 Profit=0.59%
2026-07-14 15:01:51 INFO     strategy        PnL: 15:01:51 MTM=3968.25 Profit=0.60%
2026-07-14 15:01:52 INFO     strategy        PnL: 15:01:52 MTM=4013.75 Profit=0.61%
2026-07-14 15:01:53 INFO     strategy        PnL: 15:01:53 MTM=3968.25 Profit=0.60%
2026-07-14 15:01:54 INFO     strategy        PnL: 15:01:54 MTM=3974.75 Profit=0.61%
2026-07-14 15:01:55 INFO     strategy        PnL: 15:01:55 MTM=3942.25 Profit=0.60%
2026-07-14 15:01:56 INFO     strategy        PnL: 15:01:56 MTM=4020.25 Profit=0.61%
2026-07-14 15:01:57 INFO     strategy        PnL: 15:01:57 MTM=3991.00 Profit=0.61%
2026-07-14 15:01:58 INFO     strategy        PnL: 15:01:58 MTM=3991.00 Profit=0.61%
2026-07-14 15:01:59 INFO     strategy        PnL: 15:01:59 MTM=4046.25 Profit=0.62%
2026-07-14 15:02:00 INFO     strategy        PnL: 15:02:00 MTM=3919.50 Profit=0.60%
2026-07-14 15:02:01 INFO     strategy        PnL: 15:02:01 MTM=3952.00 Profit=0.60%
2026-07-14 15:02:02 INFO     strategy        PnL: 15:02:02 MTM=3981.25 Profit=0.61%
2026-07-14 15:02:03 INFO     strategy        PnL: 15:02:03 MTM=4091.75 Profit=0.62%
2026-07-14 15:02:04 INFO     strategy        PnL: 15:02:04 MTM=4023.50 Profit=0.61%
2026-07-14 15:02:05 INFO     strategy        PnL: 15:02:05 MTM=4069.00 Profit=0.62%
2026-07-14 15:02:06 INFO     strategy        PnL: 15:02:06 MTM=4049.50 Profit=0.62%
2026-07-14 15:02:07 INFO     strategy        PnL: 15:02:07 MTM=4134.00 Profit=0.63%
2026-07-14 15:02:08 INFO     strategy        PnL: 15:02:08 MTM=4065.75 Profit=0.62%
2026-07-14 15:02:09 INFO     strategy        PnL: 15:02:09 MTM=4059.25 Profit=0.62%
2026-07-14 15:02:10 INFO     strategy        PnL: 15:02:10 MTM=3857.75 Profit=0.59%
2026-07-14 15:02:11 INFO     strategy        PnL: 15:02:11 MTM=3913.00 Profit=0.60%
2026-07-14 15:02:12 INFO     strategy        PnL: 15:02:12 MTM=3815.50 Profit=0.58%
2026-07-14 15:02:13 INFO     strategy        PnL: 15:02:13 MTM=3825.25 Profit=0.58%
2026-07-14 15:02:14 INFO     strategy        PnL: 15:02:14 MTM=3796.00 Profit=0.58%
2026-07-14 15:02:15 INFO     strategy        PnL: 15:02:15 MTM=3825.25 Profit=0.58%
2026-07-14 15:02:16 INFO     strategy        PnL: 15:02:16 MTM=3831.75 Profit=0.58%
2026-07-14 15:02:17 INFO     strategy        PnL: 15:02:17 MTM=3942.25 Profit=0.60%
2026-07-14 15:02:18 INFO     strategy        PnL: 15:02:18 MTM=3952.00 Profit=0.60%
2026-07-14 15:02:19 INFO     strategy        PnL: 15:02:19 MTM=3958.50 Profit=0.60%
2026-07-14 15:02:20 INFO     strategy        PnL: 15:02:20 MTM=3867.50 Profit=0.59%
2026-07-14 15:02:21 INFO     strategy        PnL: 15:02:21 MTM=3822.00 Profit=0.58%
2026-07-14 15:02:22 INFO     strategy        PnL: 15:02:22 MTM=3867.50 Profit=0.59%
2026-07-14 15:02:23 INFO     strategy        PnL: 15:02:23 MTM=3909.75 Profit=0.60%
2026-07-14 15:02:24 INFO     strategy        PnL: 15:02:24 MTM=3841.50 Profit=0.59%
2026-07-14 15:02:25 INFO     strategy        PnL: 15:02:25 MTM=3773.25 Profit=0.57%
2026-07-14 15:02:26 INFO     strategy        PnL: 15:02:26 MTM=3825.25 Profit=0.58%
2026-07-14 15:02:27 INFO     strategy        PnL: 15:02:27 MTM=3838.25 Profit=0.58%
2026-07-14 15:02:28 INFO     strategy        PnL: 15:02:28 MTM=3779.75 Profit=0.58%
2026-07-14 15:02:29 INFO     strategy        PnL: 15:02:29 MTM=3815.50 Profit=0.58%
2026-07-14 15:02:30 INFO     strategy        PnL: 15:02:30 MTM=3773.25 Profit=0.57%
2026-07-14 15:02:31 INFO     strategy        PnL: 15:02:31 MTM=3776.50 Profit=0.58%
2026-07-14 15:02:32 INFO     strategy        PnL: 15:02:32 MTM=3783.00 Profit=0.58%
2026-07-14 15:02:33 INFO     strategy        PnL: 15:02:33 MTM=3779.75 Profit=0.58%
2026-07-14 15:02:34 INFO     strategy        PnL: 15:02:34 MTM=3779.75 Profit=0.58%
2026-07-14 15:02:35 INFO     strategy        PnL: 15:02:35 MTM=3649.75 Profit=0.56%
2026-07-14 15:02:36 INFO     strategy        PnL: 15:02:36 MTM=3776.50 Profit=0.58%
2026-07-14 15:02:37 INFO     strategy        PnL: 15:02:37 MTM=3766.75 Profit=0.57%
2026-07-14 15:02:38 INFO     strategy        PnL: 15:02:38 MTM=3783.00 Profit=0.58%
2026-07-14 15:02:39 INFO     strategy        PnL: 15:02:39 MTM=3789.50 Profit=0.58%
2026-07-14 15:02:40 INFO     strategy        PnL: 15:02:40 MTM=3763.50 Profit=0.57%
2026-07-14 15:02:41 INFO     strategy        PnL: 15:02:41 MTM=3737.50 Profit=0.57%
2026-07-14 15:02:42 INFO     strategy        PnL: 15:02:42 MTM=3737.50 Profit=0.57%
2026-07-14 15:02:43 INFO     strategy        PnL: 15:02:43 MTM=3900.00 Profit=0.59%
2026-07-14 15:02:44 INFO     strategy        PnL: 15:02:44 MTM=3991.00 Profit=0.61%
2026-07-14 15:02:45 INFO     strategy        PnL: 15:02:45 MTM=3913.00 Profit=0.60%
2026-07-14 15:02:47 INFO     strategy        PnL: 15:02:47 MTM=3991.00 Profit=0.61%
2026-07-14 15:02:48 INFO     strategy        PnL: 15:02:48 MTM=3991.00 Profit=0.61%
2026-07-14 15:02:49 INFO     strategy        PnL: 15:02:49 MTM=3939.00 Profit=0.60%
2026-07-14 15:02:50 INFO     strategy        PnL: 15:02:50 MTM=3968.25 Profit=0.60%
2026-07-14 15:02:51 INFO     strategy        PnL: 15:02:51 MTM=4020.25 Profit=0.61%
2026-07-14 15:02:52 INFO     strategy        PnL: 15:02:52 MTM=4007.25 Profit=0.61%
2026-07-14 15:02:53 INFO     strategy        PnL: 15:02:53 MTM=4000.75 Profit=0.61%
2026-07-14 15:02:54 INFO     strategy        PnL: 15:02:54 MTM=4039.75 Profit=0.62%
2026-07-14 15:02:55 INFO     strategy        PnL: 15:02:55 MTM=4134.00 Profit=0.63%
2026-07-14 15:02:56 INFO     strategy        PnL: 15:02:56 MTM=4137.25 Profit=0.63%
2026-07-14 15:02:57 INFO     strategy        PnL: 15:02:57 MTM=4153.50 Profit=0.63%
2026-07-14 15:02:58 INFO     strategy        PnL: 15:02:58 MTM=4130.75 Profit=0.63%
2026-07-14 15:02:59 INFO     strategy        PnL: 15:02:59 MTM=4069.00 Profit=0.62%
2026-07-14 15:03:00 INFO     strategy        PnL: 15:03:00 MTM=4039.75 Profit=0.62%
2026-07-14 15:03:01 INFO     strategy        PnL: 15:03:01 MTM=4036.50 Profit=0.61%
2026-07-14 15:03:02 INFO     strategy        PnL: 15:03:02 MTM=4111.25 Profit=0.63%
2026-07-14 15:03:03 INFO     strategy        PnL: 15:03:03 MTM=4104.75 Profit=0.63%
2026-07-14 15:03:04 INFO     strategy        PnL: 15:03:04 MTM=4117.75 Profit=0.63%
2026-07-14 15:03:05 INFO     strategy        PnL: 15:03:05 MTM=4293.25 Profit=0.65%
2026-07-14 15:03:06 INFO     strategy        PnL: 15:03:06 MTM=4361.50 Profit=0.66%
2026-07-14 15:03:07 INFO     strategy        PnL: 15:03:07 MTM=4325.75 Profit=0.66%
2026-07-14 15:03:08 INFO     strategy        PnL: 15:03:08 MTM=4241.25 Profit=0.65%
2026-07-14 15:03:09 INFO     strategy        PnL: 15:03:09 MTM=4290.00 Profit=0.65%
2026-07-14 15:03:10 INFO     strategy        PnL: 15:03:10 MTM=4280.25 Profit=0.65%
2026-07-14 15:03:11 INFO     strategy        PnL: 15:03:11 MTM=4277.00 Profit=0.65%
2026-07-14 15:03:12 INFO     strategy        PnL: 15:03:12 MTM=4342.00 Profit=0.66%
2026-07-14 15:03:13 INFO     strategy        PnL: 15:03:13 MTM=4433.00 Profit=0.68%
2026-07-14 15:03:14 INFO     strategy        PnL: 15:03:14 MTM=4355.00 Profit=0.66%
2026-07-14 15:03:15 INFO     strategy        PnL: 15:03:15 MTM=4485.00 Profit=0.68%
2026-07-14 15:03:16 INFO     strategy        PnL: 15:03:16 MTM=4488.25 Profit=0.68%
2026-07-14 15:03:17 INFO     strategy        PnL: 15:03:17 MTM=4579.25 Profit=0.70%
2026-07-14 15:03:18 INFO     strategy        PnL: 15:03:18 MTM=4524.00 Profit=0.69%
2026-07-14 15:03:19 INFO     strategy        PnL: 15:03:19 MTM=4511.00 Profit=0.69%
2026-07-14 15:03:20 INFO     strategy        PnL: 15:03:20 MTM=4478.50 Profit=0.68%
2026-07-14 15:03:21 INFO     strategy        PnL: 15:03:21 MTM=4449.25 Profit=0.68%
2026-07-14 15:03:22 INFO     strategy        PnL: 15:03:22 MTM=4429.75 Profit=0.67%
2026-07-14 15:03:23 INFO     strategy        PnL: 15:03:23 MTM=4400.50 Profit=0.67%
2026-07-14 15:03:24 INFO     strategy        PnL: 15:03:24 MTM=4394.00 Profit=0.67%
2026-07-14 15:03:25 INFO     strategy        PnL: 15:03:25 MTM=4351.75 Profit=0.66%
2026-07-14 15:03:26 INFO     strategy        PnL: 15:03:26 MTM=4394.00 Profit=0.67%
2026-07-14 15:03:27 INFO     strategy        PnL: 15:03:27 MTM=4306.25 Profit=0.66%
2026-07-14 15:03:28 INFO     strategy        PnL: 15:03:28 MTM=4244.50 Profit=0.65%
2026-07-14 15:03:29 INFO     strategy        PnL: 15:03:29 MTM=4225.00 Profit=0.64%
2026-07-14 15:03:30 INFO     strategy        PnL: 15:03:30 MTM=4169.75 Profit=0.64%
2026-07-14 15:03:31 INFO     strategy        PnL: 15:03:31 MTM=4143.75 Profit=0.63%
2026-07-14 15:03:32 INFO     strategy        PnL: 15:03:32 MTM=4160.00 Profit=0.63%
2026-07-14 15:03:33 INFO     strategy        PnL: 15:03:33 MTM=4088.50 Profit=0.62%
2026-07-14 15:03:34 INFO     strategy        PnL: 15:03:34 MTM=4101.50 Profit=0.62%
2026-07-14 15:03:35 INFO     strategy        PnL: 15:03:35 MTM=4121.00 Profit=0.63%
2026-07-14 15:03:36 INFO     strategy        PnL: 15:03:36 MTM=4140.50 Profit=0.63%
2026-07-14 15:03:37 INFO     strategy        PnL: 15:03:37 MTM=4169.75 Profit=0.64%
2026-07-14 15:03:38 INFO     strategy        PnL: 15:03:38 MTM=4228.25 Profit=0.64%
2026-07-14 15:03:39 INFO     strategy        PnL: 15:03:39 MTM=4260.75 Profit=0.65%
2026-07-14 15:03:40 INFO     strategy        PnL: 15:03:40 MTM=4147.00 Profit=0.63%
2026-07-14 15:03:41 INFO     strategy        PnL: 15:03:41 MTM=4179.50 Profit=0.64%
2026-07-14 15:03:42 INFO     strategy        PnL: 15:03:42 MTM=4140.50 Profit=0.63%
2026-07-14 15:03:43 INFO     strategy        PnL: 15:03:43 MTM=4137.25 Profit=0.63%
2026-07-14 15:03:44 INFO     strategy        PnL: 15:03:44 MTM=4101.50 Profit=0.62%
2026-07-14 15:03:45 INFO     strategy        PnL: 15:03:45 MTM=4137.25 Profit=0.63%
2026-07-14 15:03:46 INFO     strategy        PnL: 15:03:46 MTM=4182.75 Profit=0.64%
2026-07-14 15:03:47 INFO     strategy        PnL: 15:03:47 MTM=4199.00 Profit=0.64%
2026-07-14 15:03:48 INFO     strategy        PnL: 15:03:48 MTM=4143.75 Profit=0.63%
2026-07-14 15:03:49 INFO     strategy        PnL: 15:03:49 MTM=4091.75 Profit=0.62%
2026-07-14 15:03:50 INFO     strategy        PnL: 15:03:50 MTM=4179.50 Profit=0.64%
2026-07-14 15:03:51 INFO     strategy        PnL: 15:03:51 MTM=4169.75 Profit=0.64%
2026-07-14 15:03:52 INFO     strategy        PnL: 15:03:52 MTM=4111.25 Profit=0.63%
2026-07-14 15:03:53 INFO     strategy        PnL: 15:03:53 MTM=4026.75 Profit=0.61%
2026-07-14 15:03:54 INFO     strategy        PnL: 15:03:54 MTM=4056.00 Profit=0.62%
2026-07-14 15:03:55 INFO     strategy        PnL: 15:03:55 MTM=3987.75 Profit=0.61%
2026-07-14 15:03:56 INFO     strategy        PnL: 15:03:56 MTM=4010.50 Profit=0.61%
2026-07-14 15:03:57 INFO     strategy        PnL: 15:03:57 MTM=4043.00 Profit=0.62%
2026-07-14 15:03:58 INFO     strategy        PnL: 15:03:58 MTM=4033.25 Profit=0.61%
2026-07-14 15:03:59 INFO     strategy        PnL: 15:03:59 MTM=4062.50 Profit=0.62%
2026-07-14 15:04:00 INFO     strategy        PnL: 15:04:00 MTM=4082.00 Profit=0.62%
2026-07-14 15:04:01 INFO     strategy        PnL: 15:04:01 MTM=4062.50 Profit=0.62%
2026-07-14 15:04:02 INFO     strategy        PnL: 15:04:02 MTM=4082.00 Profit=0.62%
2026-07-14 15:04:03 INFO     strategy        PnL: 15:04:03 MTM=4033.25 Profit=0.61%
2026-07-14 15:04:04 INFO     strategy        PnL: 15:04:04 MTM=3984.50 Profit=0.61%
2026-07-14 15:04:05 INFO     strategy        PnL: 15:04:05 MTM=3919.50 Profit=0.60%
2026-07-14 15:04:06 INFO     strategy        PnL: 15:04:06 MTM=3877.25 Profit=0.59%
2026-07-14 15:04:07 INFO     strategy        PnL: 15:04:07 MTM=3890.25 Profit=0.59%
2026-07-14 15:04:08 INFO     strategy        PnL: 15:04:08 MTM=3952.00 Profit=0.60%
2026-07-14 15:04:09 INFO     strategy        PnL: 15:04:09 MTM=3965.00 Profit=0.60%
2026-07-14 15:04:10 INFO     strategy        PnL: 15:04:10 MTM=3958.50 Profit=0.60%
2026-07-14 15:04:11 INFO     strategy        PnL: 15:04:11 MTM=3935.75 Profit=0.60%
2026-07-14 15:04:12 INFO     strategy        PnL: 15:04:12 MTM=3893.50 Profit=0.59%
2026-07-14 15:04:13 INFO     strategy        PnL: 15:04:13 MTM=3900.00 Profit=0.59%
2026-07-14 15:04:14 INFO     strategy        PnL: 15:04:14 MTM=3870.75 Profit=0.59%
2026-07-14 15:04:15 INFO     strategy        PnL: 15:04:15 MTM=3919.50 Profit=0.60%
2026-07-14 15:04:17 INFO     strategy        PnL: 15:04:16 MTM=3906.50 Profit=0.60%
2026-07-14 15:04:18 INFO     strategy        PnL: 15:04:18 MTM=3896.75 Profit=0.59%
2026-07-14 15:04:19 INFO     strategy        PnL: 15:04:19 MTM=3870.75 Profit=0.59%
2026-07-14 15:04:20 INFO     strategy        PnL: 15:04:20 MTM=3877.25 Profit=0.59%
2026-07-14 15:04:21 INFO     strategy        PnL: 15:04:21 MTM=4013.75 Profit=0.61%
2026-07-14 15:04:22 INFO     strategy        PnL: 15:04:22 MTM=4013.75 Profit=0.61%
2026-07-14 15:04:23 INFO     strategy        PnL: 15:04:23 MTM=4052.75 Profit=0.62%
2026-07-14 15:04:24 INFO     strategy        PnL: 15:04:24 MTM=4017.00 Profit=0.61%
2026-07-14 15:04:25 INFO     strategy        PnL: 15:04:25 MTM=4017.00 Profit=0.61%
2026-07-14 15:04:26 INFO     strategy        PnL: 15:04:26 MTM=3987.75 Profit=0.61%
2026-07-14 15:04:27 INFO     strategy        PnL: 15:04:27 MTM=3994.25 Profit=0.61%
2026-07-14 15:04:28 INFO     strategy        PnL: 15:04:28 MTM=3981.25 Profit=0.61%
2026-07-14 15:04:29 INFO     strategy        PnL: 15:04:29 MTM=3968.25 Profit=0.60%
2026-07-14 15:04:30 INFO     strategy        PnL: 15:04:30 MTM=3994.25 Profit=0.61%
2026-07-14 15:04:31 INFO     strategy        PnL: 15:04:31 MTM=3978.00 Profit=0.61%
2026-07-14 15:04:32 INFO     strategy        PnL: 15:04:32 MTM=3958.50 Profit=0.60%
2026-07-14 15:04:33 INFO     strategy        PnL: 15:04:33 MTM=3939.00 Profit=0.60%
2026-07-14 15:04:34 INFO     strategy        PnL: 15:04:34 MTM=4036.50 Profit=0.61%
2026-07-14 15:04:35 INFO     strategy        PnL: 15:04:35 MTM=4023.50 Profit=0.61%
2026-07-14 15:04:36 INFO     strategy        PnL: 15:04:36 MTM=4033.25 Profit=0.61%
2026-07-14 15:04:37 INFO     strategy        PnL: 15:04:37 MTM=4085.25 Profit=0.62%
2026-07-14 15:04:38 INFO     strategy        PnL: 15:04:38 MTM=3984.50 Profit=0.61%
2026-07-14 15:04:39 INFO     strategy        PnL: 15:04:39 MTM=4023.50 Profit=0.61%
2026-07-14 15:04:40 INFO     strategy        PnL: 15:04:40 MTM=3997.50 Profit=0.61%
2026-07-14 15:04:41 INFO     strategy        PnL: 15:04:41 MTM=3965.00 Profit=0.60%
2026-07-14 15:04:42 INFO     strategy        PnL: 15:04:42 MTM=3932.50 Profit=0.60%
2026-07-14 15:04:43 INFO     strategy        PnL: 15:04:43 MTM=3887.00 Profit=0.59%
2026-07-14 15:04:44 INFO     strategy        PnL: 15:04:44 MTM=3880.50 Profit=0.59%
2026-07-14 15:04:45 INFO     strategy        PnL: 15:04:45 MTM=3877.25 Profit=0.59%
2026-07-14 15:04:46 INFO     strategy        PnL: 15:04:46 MTM=3909.75 Profit=0.60%
2026-07-14 15:04:47 INFO     strategy        PnL: 15:04:47 MTM=3942.25 Profit=0.60%
2026-07-14 15:04:48 INFO     strategy        PnL: 15:04:48 MTM=3906.50 Profit=0.60%
2026-07-14 15:04:49 INFO     strategy        PnL: 15:04:49 MTM=3913.00 Profit=0.60%
2026-07-14 15:04:50 INFO     strategy        PnL: 15:04:50 MTM=3903.25 Profit=0.59%
2026-07-14 15:04:51 INFO     strategy        PnL: 15:04:51 MTM=3877.25 Profit=0.59%
2026-07-14 15:04:52 INFO     strategy        PnL: 15:04:52 MTM=3861.00 Profit=0.59%
2026-07-14 15:04:53 INFO     strategy        PnL: 15:04:53 MTM=3877.25 Profit=0.59%
2026-07-14 15:04:54 INFO     strategy        PnL: 15:04:54 MTM=3890.25 Profit=0.59%
2026-07-14 15:04:55 INFO     strategy        PnL: 15:04:55 MTM=3844.75 Profit=0.59%
2026-07-14 15:04:56 INFO     strategy        PnL: 15:04:56 MTM=3896.75 Profit=0.59%
2026-07-14 15:04:57 INFO     strategy        PnL: 15:04:57 MTM=3838.25 Profit=0.58%
2026-07-14 15:04:58 INFO     strategy        PnL: 15:04:58 MTM=3874.00 Profit=0.59%
2026-07-14 15:04:59 INFO     strategy        PnL: 15:04:59 MTM=3825.25 Profit=0.58%
2026-07-14 15:05:00 INFO     strategy        PnL: 15:05:00 MTM=3825.25 Profit=0.58%
2026-07-14 15:05:01 INFO     strategy        PnL: 15:05:01 MTM=3831.75 Profit=0.58%
2026-07-14 15:05:02 INFO     strategy        PnL: 15:05:02 MTM=3822.00 Profit=0.58%
2026-07-14 15:05:03 INFO     strategy        PnL: 15:05:03 MTM=3779.75 Profit=0.58%
2026-07-14 15:05:04 INFO     strategy        PnL: 15:05:04 MTM=3825.25 Profit=0.58%
2026-07-14 15:05:05 INFO     strategy        PnL: 15:05:05 MTM=3809.00 Profit=0.58%
2026-07-14 15:05:06 INFO     strategy        PnL: 15:05:06 MTM=3874.00 Profit=0.59%
2026-07-14 15:05:07 INFO     strategy        PnL: 15:05:07 MTM=3926.00 Profit=0.60%
2026-07-14 15:05:08 INFO     strategy        PnL: 15:05:08 MTM=3887.00 Profit=0.59%
2026-07-14 15:05:09 INFO     strategy        PnL: 15:05:09 MTM=3864.25 Profit=0.59%
2026-07-14 15:05:10 INFO     strategy        PnL: 15:05:10 MTM=3906.50 Profit=0.60%
2026-07-14 15:05:11 INFO     strategy        PnL: 15:05:11 MTM=3958.50 Profit=0.60%
2026-07-14 15:05:12 INFO     strategy        PnL: 15:05:12 MTM=3942.25 Profit=0.60%
2026-07-14 15:05:13 INFO     strategy        PnL: 15:05:13 MTM=3974.75 Profit=0.61%
2026-07-14 15:05:14 INFO     strategy        PnL: 15:05:14 MTM=3968.25 Profit=0.60%
2026-07-14 15:05:15 INFO     strategy        PnL: 15:05:15 MTM=3981.25 Profit=0.61%
2026-07-14 15:05:16 INFO     strategy        PnL: 15:05:16 MTM=3896.75 Profit=0.59%
2026-07-14 15:05:17 INFO     strategy        PnL: 15:05:17 MTM=3870.75 Profit=0.59%
2026-07-14 15:05:18 INFO     strategy        PnL: 15:05:18 MTM=3893.50 Profit=0.59%
2026-07-14 15:05:19 INFO     strategy        PnL: 15:05:19 MTM=3890.25 Profit=0.59%
2026-07-14 15:05:20 INFO     strategy        PnL: 15:05:20 MTM=3916.25 Profit=0.60%
2026-07-14 15:05:21 INFO     strategy        PnL: 15:05:21 MTM=3900.00 Profit=0.59%
2026-07-14 15:05:22 INFO     strategy        PnL: 15:05:22 MTM=3935.75 Profit=0.60%
2026-07-14 15:05:23 INFO     strategy        PnL: 15:05:23 MTM=3961.75 Profit=0.60%
2026-07-14 15:05:24 INFO     strategy        PnL: 15:05:24 MTM=3987.75 Profit=0.61%
2026-07-14 15:05:25 INFO     strategy        PnL: 15:05:25 MTM=4007.25 Profit=0.61%
2026-07-14 15:05:26 INFO     strategy        PnL: 15:05:26 MTM=3922.75 Profit=0.60%
2026-07-14 15:05:27 INFO     strategy        PnL: 15:05:27 MTM=3864.25 Profit=0.59%
2026-07-14 15:05:28 INFO     strategy        PnL: 15:05:28 MTM=3861.00 Profit=0.59%
2026-07-14 15:05:29 INFO     strategy        PnL: 15:05:29 MTM=3893.50 Profit=0.59%
2026-07-14 15:05:30 INFO     strategy        PnL: 15:05:30 MTM=3909.75 Profit=0.60%
2026-07-14 15:05:31 INFO     strategy        PnL: 15:05:31 MTM=3851.25 Profit=0.59%
2026-07-14 15:05:32 INFO     strategy        PnL: 15:05:32 MTM=3861.00 Profit=0.59%
2026-07-14 15:05:33 INFO     strategy        PnL: 15:05:33 MTM=3909.75 Profit=0.60%
2026-07-14 15:05:34 INFO     strategy        PnL: 15:05:34 MTM=3942.25 Profit=0.60%
2026-07-14 15:05:35 INFO     strategy        PnL: 15:05:35 MTM=3880.50 Profit=0.59%
2026-07-14 15:05:36 INFO     strategy        PnL: 15:05:36 MTM=3883.75 Profit=0.59%
2026-07-14 15:05:37 INFO     strategy        PnL: 15:05:37 MTM=3857.75 Profit=0.59%
2026-07-14 15:05:38 INFO     strategy        PnL: 15:05:38 MTM=3874.00 Profit=0.59%
2026-07-14 15:05:40 INFO     strategy        PnL: 15:05:39 MTM=3851.25 Profit=0.59%
2026-07-14 15:05:41 INFO     strategy        PnL: 15:05:41 MTM=3870.75 Profit=0.59%
2026-07-14 15:05:42 INFO     strategy        PnL: 15:05:42 MTM=3867.50 Profit=0.59%
2026-07-14 15:05:43 INFO     strategy        PnL: 15:05:43 MTM=3890.25 Profit=0.59%
2026-07-14 15:05:44 INFO     strategy        PnL: 15:05:44 MTM=3877.25 Profit=0.59%
2026-07-14 15:05:45 INFO     strategy        PnL: 15:05:45 MTM=3893.50 Profit=0.59%
2026-07-14 15:05:46 INFO     strategy        PnL: 15:05:46 MTM=3900.00 Profit=0.59%
2026-07-14 15:05:47 INFO     strategy        PnL: 15:05:47 MTM=3893.50 Profit=0.59%
2026-07-14 15:05:48 INFO     strategy        PnL: 15:05:48 MTM=3874.00 Profit=0.59%
2026-07-14 15:05:49 INFO     strategy        PnL: 15:05:49 MTM=3854.50 Profit=0.59%
2026-07-14 15:05:50 INFO     strategy        PnL: 15:05:50 MTM=3825.25 Profit=0.58%
2026-07-14 15:05:51 INFO     strategy        PnL: 15:05:51 MTM=3815.50 Profit=0.58%
2026-07-14 15:05:52 INFO     strategy        PnL: 15:05:52 MTM=3675.75 Profit=0.56%
2026-07-14 15:05:53 INFO     strategy        PnL: 15:05:53 MTM=3675.75 Profit=0.56%
2026-07-14 15:05:54 INFO     strategy        PnL: 15:05:54 MTM=3461.25 Profit=0.53%
2026-07-14 15:05:55 INFO     strategy        PnL: 15:05:55 MTM=3432.00 Profit=0.52%
2026-07-14 15:05:56 INFO     strategy        PnL: 15:05:56 MTM=3419.00 Profit=0.52%
2026-07-14 15:05:57 INFO     strategy        PnL: 15:05:57 MTM=3240.25 Profit=0.49%
2026-07-14 15:05:58 INFO     strategy        PnL: 15:05:58 MTM=3240.25 Profit=0.49%
2026-07-14 15:05:59 INFO     strategy        PnL: 15:05:59 MTM=3194.75 Profit=0.49%
2026-07-14 15:06:00 INFO     strategy        PnL: 15:06:00 MTM=3204.50 Profit=0.49%
2026-07-14 15:06:01 INFO     strategy        PnL: 15:06:01 MTM=3126.50 Profit=0.48%
2026-07-14 15:06:02 INFO     strategy        PnL: 15:06:02 MTM=3019.25 Profit=0.46%
2026-07-14 15:06:03 INFO     strategy        PnL: 15:06:03 MTM=3009.50 Profit=0.46%
2026-07-14 15:06:04 INFO     strategy        PnL: 15:06:04 MTM=3055.00 Profit=0.47%
2026-07-14 15:06:05 INFO     strategy        PnL: 15:06:05 MTM=3110.25 Profit=0.47%
2026-07-14 15:06:06 INFO     strategy        PnL: 15:06:06 MTM=3110.25 Profit=0.47%
2026-07-14 15:06:07 INFO     strategy        PnL: 15:06:07 MTM=3081.00 Profit=0.47%
2026-07-14 15:06:08 INFO     strategy        PnL: 15:06:08 MTM=3129.75 Profit=0.48%
2026-07-14 15:06:09 INFO     strategy        PnL: 15:06:09 MTM=3253.25 Profit=0.50%
2026-07-14 15:06:10 INFO     strategy        PnL: 15:06:10 MTM=3259.75 Profit=0.50%
2026-07-14 15:06:11 INFO     strategy        PnL: 15:06:11 MTM=3220.75 Profit=0.49%
2026-07-14 15:06:12 INFO     strategy        PnL: 15:06:12 MTM=3172.00 Profit=0.48%
2026-07-14 15:06:13 INFO     strategy        PnL: 15:06:13 MTM=3191.50 Profit=0.49%
2026-07-14 15:06:14 INFO     strategy        PnL: 15:06:14 MTM=3204.50 Profit=0.49%
2026-07-14 15:06:15 INFO     strategy        PnL: 15:06:15 MTM=3243.50 Profit=0.49%
2026-07-14 15:06:16 INFO     strategy        PnL: 15:06:16 MTM=3276.00 Profit=0.50%
2026-07-14 15:06:17 INFO     strategy        PnL: 15:06:17 MTM=3305.25 Profit=0.50%
2026-07-14 15:06:18 INFO     strategy        PnL: 15:06:18 MTM=3318.25 Profit=0.51%
2026-07-14 15:06:19 INFO     strategy        PnL: 15:06:19 MTM=3308.50 Profit=0.50%
2026-07-14 15:06:20 INFO     strategy        PnL: 15:06:20 MTM=3324.75 Profit=0.51%
2026-07-14 15:06:21 INFO     strategy        PnL: 15:06:21 MTM=3393.00 Profit=0.52%
2026-07-14 15:06:22 INFO     strategy        PnL: 15:06:22 MTM=3412.50 Profit=0.52%
2026-07-14 15:06:23 INFO     strategy        PnL: 15:06:23 MTM=3448.25 Profit=0.53%
2026-07-14 15:06:24 INFO     strategy        PnL: 15:06:24 MTM=3399.50 Profit=0.52%
2026-07-14 15:06:25 INFO     strategy        PnL: 15:06:25 MTM=3428.75 Profit=0.52%
2026-07-14 15:06:26 INFO     strategy        PnL: 15:06:26 MTM=3477.50 Profit=0.53%
2026-07-14 15:06:27 INFO     strategy        PnL: 15:06:27 MTM=3461.25 Profit=0.53%
2026-07-14 15:06:28 INFO     strategy        PnL: 15:06:28 MTM=3484.00 Profit=0.53%
2026-07-14 15:06:29 INFO     strategy        PnL: 15:06:29 MTM=3523.00 Profit=0.54%
2026-07-14 15:06:30 INFO     strategy        PnL: 15:06:30 MTM=3461.25 Profit=0.53%
2026-07-14 15:06:31 INFO     strategy        PnL: 15:06:31 MTM=3454.75 Profit=0.53%
2026-07-14 15:06:32 INFO     strategy        PnL: 15:06:32 MTM=3467.75 Profit=0.53%
2026-07-14 15:06:33 INFO     strategy        PnL: 15:06:33 MTM=3623.75 Profit=0.55%
2026-07-14 15:06:34 INFO     strategy        PnL: 15:06:34 MTM=3617.25 Profit=0.55%
2026-07-14 15:06:35 INFO     strategy        PnL: 15:06:35 MTM=3627.00 Profit=0.55%
2026-07-14 15:06:36 INFO     strategy        PnL: 15:06:36 MTM=3643.25 Profit=0.55%
2026-07-14 15:06:37 INFO     strategy        PnL: 15:06:37 MTM=3653.00 Profit=0.56%
2026-07-14 15:06:38 INFO     strategy        PnL: 15:06:38 MTM=3646.50 Profit=0.56%
2026-07-14 15:06:39 INFO     strategy        PnL: 15:06:39 MTM=3646.50 Profit=0.56%
2026-07-14 15:06:40 INFO     strategy        PnL: 15:06:40 MTM=3594.50 Profit=0.55%
2026-07-14 15:06:41 INFO     strategy        PnL: 15:06:41 MTM=3610.75 Profit=0.55%
2026-07-14 15:06:42 INFO     strategy        PnL: 15:06:42 MTM=3607.50 Profit=0.55%
2026-07-14 15:06:43 INFO     strategy        PnL: 15:06:43 MTM=3630.25 Profit=0.55%
2026-07-14 15:06:44 INFO     strategy        PnL: 15:06:44 MTM=3591.25 Profit=0.55%
2026-07-14 15:06:45 INFO     strategy        PnL: 15:06:45 MTM=3552.25 Profit=0.54%
2026-07-14 15:06:46 INFO     strategy        PnL: 15:06:46 MTM=3584.75 Profit=0.55%
2026-07-14 15:06:47 INFO     strategy        PnL: 15:06:47 MTM=3575.00 Profit=0.54%
2026-07-14 15:06:48 INFO     strategy        PnL: 15:06:48 MTM=3640.00 Profit=0.55%
2026-07-14 15:06:49 INFO     strategy        PnL: 15:06:49 MTM=3562.00 Profit=0.54%
2026-07-14 15:06:50 INFO     strategy        PnL: 15:06:50 MTM=3640.00 Profit=0.55%
2026-07-14 15:06:51 INFO     strategy        PnL: 15:06:51 MTM=3669.25 Profit=0.56%
2026-07-14 15:06:52 INFO     strategy        PnL: 15:06:52 MTM=3688.75 Profit=0.56%
2026-07-14 15:06:53 INFO     strategy        PnL: 15:06:53 MTM=3776.50 Profit=0.58%
2026-07-14 15:06:54 INFO     strategy        PnL: 15:06:54 MTM=3789.50 Profit=0.58%
2026-07-14 15:06:55 INFO     strategy        PnL: 15:06:55 MTM=3705.00 Profit=0.56%
2026-07-14 15:06:56 INFO     strategy        PnL: 15:06:56 MTM=3747.25 Profit=0.57%
2026-07-14 15:06:57 INFO     strategy        PnL: 15:06:57 MTM=3714.75 Profit=0.57%
2026-07-14 15:06:58 INFO     strategy        PnL: 15:06:58 MTM=3708.25 Profit=0.56%
2026-07-14 15:06:59 INFO     strategy        PnL: 15:06:59 MTM=3688.75 Profit=0.56%
2026-07-14 15:07:00 INFO     strategy        PnL: 15:07:00 MTM=3649.75 Profit=0.56%
2026-07-14 15:07:01 INFO     strategy        PnL: 15:07:01 MTM=3568.50 Profit=0.54%
2026-07-14 15:07:02 INFO     strategy        PnL: 15:07:02 MTM=3565.25 Profit=0.54%
2026-07-14 15:07:03 INFO     strategy        PnL: 15:07:03 MTM=3640.00 Profit=0.55%
2026-07-14 15:07:05 INFO     strategy        PnL: 15:07:04 MTM=3672.50 Profit=0.56%
2026-07-14 15:07:06 INFO     strategy        PnL: 15:07:06 MTM=3649.75 Profit=0.56%
2026-07-14 15:07:07 INFO     strategy        PnL: 15:07:07 MTM=3708.25 Profit=0.56%
2026-07-14 15:07:08 INFO     strategy        PnL: 15:07:08 MTM=3727.75 Profit=0.57%
2026-07-14 15:07:09 INFO     strategy        PnL: 15:07:09 MTM=3718.00 Profit=0.57%
2026-07-14 15:07:10 INFO     strategy        PnL: 15:07:10 MTM=3753.75 Profit=0.57%
2026-07-14 15:07:11 INFO     strategy        PnL: 15:07:11 MTM=3737.50 Profit=0.57%
2026-07-14 15:07:12 INFO     strategy        PnL: 15:07:12 MTM=3753.75 Profit=0.57%
2026-07-14 15:07:13 INFO     strategy        PnL: 15:07:13 MTM=3705.00 Profit=0.56%
2026-07-14 15:07:14 INFO     strategy        PnL: 15:07:14 MTM=3688.75 Profit=0.56%
2026-07-14 15:07:15 INFO     strategy        PnL: 15:07:15 MTM=3734.25 Profit=0.57%
2026-07-14 15:07:16 INFO     strategy        PnL: 15:07:16 MTM=3718.00 Profit=0.57%
2026-07-14 15:07:17 INFO     strategy        PnL: 15:07:17 MTM=3685.50 Profit=0.56%
2026-07-14 15:07:18 INFO     strategy        PnL: 15:07:18 MTM=3701.75 Profit=0.56%
2026-07-14 15:07:19 INFO     strategy        PnL: 15:07:19 MTM=3744.00 Profit=0.57%
2026-07-14 15:07:20 INFO     strategy        PnL: 15:07:20 MTM=3724.50 Profit=0.57%
2026-07-14 15:07:21 INFO     strategy        PnL: 15:07:21 MTM=3718.00 Profit=0.57%
2026-07-14 15:07:22 INFO     strategy        PnL: 15:07:22 MTM=3666.00 Profit=0.56%
2026-07-14 15:07:23 INFO     strategy        PnL: 15:07:23 MTM=3588.00 Profit=0.55%
2026-07-14 15:07:24 INFO     strategy        PnL: 15:07:24 MTM=3630.25 Profit=0.55%
2026-07-14 15:07:25 INFO     strategy        PnL: 15:07:25 MTM=3633.50 Profit=0.55%
2026-07-14 15:07:26 INFO     strategy        PnL: 15:07:26 MTM=3636.75 Profit=0.55%
2026-07-14 15:07:27 INFO     strategy        PnL: 15:07:27 MTM=3607.50 Profit=0.55%
2026-07-14 15:07:28 INFO     strategy        PnL: 15:07:28 MTM=3623.75 Profit=0.55%
2026-07-14 15:07:29 INFO     strategy        PnL: 15:07:29 MTM=3659.50 Profit=0.56%
2026-07-14 15:07:30 INFO     strategy        PnL: 15:07:30 MTM=3705.00 Profit=0.56%
2026-07-14 15:07:31 INFO     strategy        PnL: 15:07:31 MTM=3688.75 Profit=0.56%
2026-07-14 15:07:32 INFO     strategy        PnL: 15:07:32 MTM=3662.75 Profit=0.56%
2026-07-14 15:07:33 INFO     strategy        PnL: 15:07:33 MTM=3669.25 Profit=0.56%
2026-07-14 15:07:34 INFO     strategy        PnL: 15:07:34 MTM=3620.50 Profit=0.55%
2026-07-14 15:07:35 INFO     strategy        PnL: 15:07:35 MTM=3607.50 Profit=0.55%
2026-07-14 15:07:36 INFO     strategy        PnL: 15:07:36 MTM=3604.25 Profit=0.55%
2026-07-14 15:07:37 INFO     strategy        PnL: 15:07:37 MTM=3610.75 Profit=0.55%
2026-07-14 15:07:38 INFO     strategy        PnL: 15:07:38 MTM=3536.00 Profit=0.54%
2026-07-14 15:07:39 INFO     strategy        PnL: 15:07:39 MTM=3526.25 Profit=0.54%
2026-07-14 15:07:40 INFO     strategy        PnL: 15:07:40 MTM=3513.25 Profit=0.54%
2026-07-14 15:07:41 INFO     strategy        PnL: 15:07:41 MTM=3516.50 Profit=0.54%
2026-07-14 15:07:42 INFO     strategy        PnL: 15:07:42 MTM=3526.25 Profit=0.54%
2026-07-14 15:07:43 INFO     strategy        PnL: 15:07:43 MTM=3493.75 Profit=0.53%
2026-07-14 15:07:44 INFO     strategy        PnL: 15:07:44 MTM=3497.00 Profit=0.53%
2026-07-14 15:07:45 INFO     strategy        PnL: 15:07:45 MTM=3406.00 Profit=0.52%
2026-07-14 15:07:46 INFO     strategy        PnL: 15:07:46 MTM=3435.25 Profit=0.52%
2026-07-14 15:07:47 INFO     strategy        PnL: 15:07:47 MTM=3435.25 Profit=0.52%
2026-07-14 15:07:48 INFO     strategy        PnL: 15:07:48 MTM=3367.00 Profit=0.51%
2026-07-14 15:07:49 INFO     strategy        PnL: 15:07:49 MTM=3324.75 Profit=0.51%
2026-07-14 15:07:50 INFO     strategy        PnL: 15:07:50 MTM=3337.75 Profit=0.51%
2026-07-14 15:07:51 INFO     strategy        PnL: 15:07:51 MTM=3311.75 Profit=0.50%
2026-07-14 15:07:52 INFO     strategy        PnL: 15:07:52 MTM=3246.75 Profit=0.49%
2026-07-14 15:07:53 INFO     strategy        PnL: 15:07:53 MTM=3263.00 Profit=0.50%
2026-07-14 15:07:54 INFO     strategy        PnL: 15:07:54 MTM=3266.25 Profit=0.50%
2026-07-14 15:07:55 INFO     strategy        PnL: 15:07:55 MTM=3292.25 Profit=0.50%
2026-07-14 15:07:56 INFO     strategy        PnL: 15:07:56 MTM=3269.50 Profit=0.50%
2026-07-14 15:07:57 INFO     strategy        PnL: 15:07:57 MTM=3298.75 Profit=0.50%
2026-07-14 15:07:58 INFO     strategy        PnL: 15:07:58 MTM=3347.50 Profit=0.51%
2026-07-14 15:07:59 INFO     strategy        PnL: 15:07:59 MTM=3406.00 Profit=0.52%
2026-07-14 15:08:00 INFO     strategy        PnL: 15:08:00 MTM=3396.25 Profit=0.52%
2026-07-14 15:08:01 INFO     strategy        PnL: 15:08:01 MTM=3386.50 Profit=0.52%
2026-07-14 15:08:02 INFO     strategy        PnL: 15:08:02 MTM=3367.00 Profit=0.51%
2026-07-14 15:08:03 INFO     strategy        PnL: 15:08:03 MTM=3367.00 Profit=0.51%
2026-07-14 15:08:04 INFO     strategy        PnL: 15:08:04 MTM=3344.25 Profit=0.51%
2026-07-14 15:08:05 INFO     strategy        PnL: 15:08:05 MTM=3367.00 Profit=0.51%
2026-07-14 15:08:06 INFO     strategy        PnL: 15:08:06 MTM=3344.25 Profit=0.51%
2026-07-14 15:08:07 INFO     strategy        PnL: 15:08:07 MTM=3406.00 Profit=0.52%
2026-07-14 15:08:08 INFO     strategy        PnL: 15:08:08 MTM=3393.00 Profit=0.52%
2026-07-14 15:08:09 INFO     strategy        PnL: 15:08:09 MTM=3380.00 Profit=0.51%
2026-07-14 15:08:10 INFO     strategy        PnL: 15:08:10 MTM=3402.75 Profit=0.52%
2026-07-14 15:08:11 INFO     strategy        PnL: 15:08:11 MTM=3415.75 Profit=0.52%
2026-07-14 15:08:12 INFO     strategy        PnL: 15:08:12 MTM=3363.75 Profit=0.51%
2026-07-14 15:08:13 INFO     strategy        PnL: 15:08:13 MTM=3334.50 Profit=0.51%
2026-07-14 15:08:14 INFO     strategy        PnL: 15:08:14 MTM=3360.50 Profit=0.51%
2026-07-14 15:08:16 INFO     strategy        PnL: 15:08:16 MTM=3367.00 Profit=0.51%
2026-07-14 15:08:17 INFO     strategy        PnL: 15:08:17 MTM=3409.25 Profit=0.52%
2026-07-14 15:08:18 INFO     strategy        PnL: 15:08:18 MTM=3393.00 Profit=0.52%
2026-07-14 15:08:19 INFO     strategy        PnL: 15:08:19 MTM=3409.25 Profit=0.52%
2026-07-14 15:08:20 INFO     strategy        PnL: 15:08:20 MTM=3422.25 Profit=0.52%
2026-07-14 15:08:21 INFO     strategy        PnL: 15:08:21 MTM=3380.00 Profit=0.51%
2026-07-14 15:08:22 INFO     strategy        PnL: 15:08:22 MTM=3363.75 Profit=0.51%
2026-07-14 15:08:23 INFO     strategy        PnL: 15:08:23 MTM=3311.75 Profit=0.50%
2026-07-14 15:08:24 INFO     strategy        PnL: 15:08:24 MTM=3240.25 Profit=0.49%
2026-07-14 15:08:25 INFO     strategy        PnL: 15:08:25 MTM=3253.25 Profit=0.50%
2026-07-14 15:08:26 INFO     strategy        PnL: 15:08:26 MTM=3289.00 Profit=0.50%
2026-07-14 15:08:27 INFO     strategy        PnL: 15:08:27 MTM=3292.25 Profit=0.50%
2026-07-14 15:08:28 INFO     strategy        PnL: 15:08:28 MTM=3289.00 Profit=0.50%
2026-07-14 15:08:29 INFO     strategy        PnL: 15:08:29 MTM=3367.00 Profit=0.51%
2026-07-14 15:08:30 INFO     strategy        PnL: 15:08:30 MTM=3380.00 Profit=0.51%
2026-07-14 15:08:31 INFO     strategy        PnL: 15:08:31 MTM=3389.75 Profit=0.52%
2026-07-14 15:08:32 INFO     strategy        PnL: 15:08:32 MTM=3380.00 Profit=0.51%
2026-07-14 15:08:33 INFO     strategy        PnL: 15:08:33 MTM=3370.25 Profit=0.51%
2026-07-14 15:08:34 INFO     strategy        PnL: 15:08:34 MTM=3419.00 Profit=0.52%
2026-07-14 15:08:35 INFO     strategy        PnL: 15:08:35 MTM=3428.75 Profit=0.52%
2026-07-14 15:08:36 INFO     strategy        PnL: 15:08:36 MTM=3484.00 Profit=0.53%
2026-07-14 15:08:37 INFO     strategy        PnL: 15:08:37 MTM=3477.50 Profit=0.53%
2026-07-14 15:08:38 INFO     strategy        PnL: 15:08:38 MTM=3464.50 Profit=0.53%
2026-07-14 15:08:39 INFO     strategy        PnL: 15:08:39 MTM=3441.75 Profit=0.52%
2026-07-14 15:08:40 INFO     strategy        PnL: 15:08:40 MTM=3464.50 Profit=0.53%
2026-07-14 15:08:41 INFO     strategy        PnL: 15:08:41 MTM=3441.75 Profit=0.52%
2026-07-14 15:08:42 INFO     strategy        PnL: 15:08:42 MTM=3464.50 Profit=0.53%
2026-07-14 15:08:43 INFO     strategy        PnL: 15:08:43 MTM=3464.50 Profit=0.53%
2026-07-14 15:08:44 INFO     strategy        PnL: 15:08:44 MTM=3441.75 Profit=0.52%
2026-07-14 15:08:45 INFO     strategy        PnL: 15:08:45 MTM=3480.75 Profit=0.53%
2026-07-14 15:08:46 INFO     strategy        PnL: 15:08:46 MTM=3490.50 Profit=0.53%
2026-07-14 15:08:47 INFO     strategy        PnL: 15:08:47 MTM=3480.75 Profit=0.53%
2026-07-14 15:08:48 INFO     strategy        PnL: 15:08:48 MTM=3568.50 Profit=0.54%
2026-07-14 15:08:49 INFO     strategy        PnL: 15:08:49 MTM=3575.00 Profit=0.54%
2026-07-14 15:08:50 INFO     strategy        PnL: 15:08:50 MTM=3545.75 Profit=0.54%
2026-07-14 15:08:51 INFO     strategy        PnL: 15:08:51 MTM=3558.75 Profit=0.54%
2026-07-14 15:08:52 INFO     strategy        PnL: 15:08:52 MTM=3545.75 Profit=0.54%
2026-07-14 15:08:53 INFO     strategy        PnL: 15:08:53 MTM=3545.75 Profit=0.54%
2026-07-14 15:08:54 INFO     strategy        PnL: 15:08:54 MTM=3490.50 Profit=0.53%
2026-07-14 15:08:55 INFO     strategy        PnL: 15:08:55 MTM=3513.25 Profit=0.54%
2026-07-14 15:08:56 INFO     strategy        PnL: 15:08:56 MTM=3542.50 Profit=0.54%
2026-07-14 15:08:57 INFO     strategy        PnL: 15:08:57 MTM=3571.75 Profit=0.54%
2026-07-14 15:08:58 INFO     strategy        PnL: 15:08:58 MTM=3555.50 Profit=0.54%
2026-07-14 15:08:59 INFO     strategy        PnL: 15:08:59 MTM=3581.50 Profit=0.55%
2026-07-14 15:09:00 INFO     strategy        PnL: 15:09:00 MTM=3646.50 Profit=0.56%
2026-07-14 15:09:01 INFO     strategy        PnL: 15:09:01 MTM=3545.75 Profit=0.54%
2026-07-14 15:09:02 INFO     strategy        PnL: 15:09:02 MTM=3523.00 Profit=0.54%
2026-07-14 15:09:03 INFO     strategy        PnL: 15:09:03 MTM=3519.75 Profit=0.54%
2026-07-14 15:09:04 INFO     strategy        PnL: 15:09:04 MTM=3571.75 Profit=0.54%
2026-07-14 15:09:05 INFO     strategy        PnL: 15:09:05 MTM=3578.25 Profit=0.55%
2026-07-14 15:09:06 INFO     strategy        PnL: 15:09:06 MTM=3562.00 Profit=0.54%
2026-07-14 15:09:07 INFO     strategy        PnL: 15:09:07 MTM=3526.25 Profit=0.54%
2026-07-14 15:09:08 INFO     strategy        PnL: 15:09:08 MTM=3474.25 Profit=0.53%
2026-07-14 15:09:09 INFO     strategy        PnL: 15:09:09 MTM=3454.75 Profit=0.53%
2026-07-14 15:09:10 INFO     strategy        PnL: 15:09:10 MTM=3354.00 Profit=0.51%
2026-07-14 15:09:11 INFO     strategy        PnL: 15:09:11 MTM=3419.00 Profit=0.52%
2026-07-14 15:09:12 INFO     strategy        PnL: 15:09:12 MTM=3422.25 Profit=0.52%
2026-07-14 15:09:13 INFO     strategy        PnL: 15:09:13 MTM=3435.25 Profit=0.52%
2026-07-14 15:09:14 INFO     strategy        PnL: 15:09:14 MTM=3451.50 Profit=0.53%
2026-07-14 15:09:15 INFO     strategy        PnL: 15:09:15 MTM=3415.75 Profit=0.52%
2026-07-14 15:09:16 INFO     strategy        PnL: 15:09:16 MTM=3454.75 Profit=0.53%
2026-07-14 15:09:17 INFO     strategy        PnL: 15:09:17 MTM=3445.00 Profit=0.52%
2026-07-14 15:09:18 INFO     strategy        PnL: 15:09:18 MTM=3419.00 Profit=0.52%
2026-07-14 15:09:19 INFO     strategy        PnL: 15:09:19 MTM=3432.00 Profit=0.52%
2026-07-14 15:09:20 INFO     strategy        PnL: 15:09:20 MTM=3451.50 Profit=0.53%
2026-07-14 15:09:21 INFO     strategy        PnL: 15:09:21 MTM=3451.50 Profit=0.53%
2026-07-14 15:09:22 INFO     strategy        PnL: 15:09:22 MTM=3461.25 Profit=0.53%
2026-07-14 15:09:23 INFO     strategy        PnL: 15:09:23 MTM=3477.50 Profit=0.53%
2026-07-14 15:09:24 INFO     strategy        PnL: 15:09:24 MTM=3529.50 Profit=0.54%
2026-07-14 15:09:25 INFO     strategy        PnL: 15:09:25 MTM=3493.75 Profit=0.53%
2026-07-14 15:09:26 INFO     strategy        PnL: 15:09:26 MTM=3513.25 Profit=0.54%
2026-07-14 15:09:27 INFO     strategy        PnL: 15:09:27 MTM=3503.50 Profit=0.53%
2026-07-14 15:09:28 INFO     strategy        PnL: 15:09:28 MTM=3480.75 Profit=0.53%
2026-07-14 15:09:29 INFO     strategy        PnL: 15:09:29 MTM=3484.00 Profit=0.53%
2026-07-14 15:09:30 INFO     strategy        PnL: 15:09:30 MTM=3519.75 Profit=0.54%
2026-07-14 15:09:31 INFO     strategy        PnL: 15:09:31 MTM=3523.00 Profit=0.54%
2026-07-14 15:09:32 INFO     strategy        PnL: 15:09:32 MTM=3519.75 Profit=0.54%
2026-07-14 15:09:33 INFO     strategy        PnL: 15:09:33 MTM=3519.75 Profit=0.54%
2026-07-14 15:09:34 INFO     strategy        PnL: 15:09:34 MTM=3506.75 Profit=0.53%
2026-07-14 15:09:35 INFO     strategy        PnL: 15:09:35 MTM=3487.25 Profit=0.53%
2026-07-14 15:09:36 INFO     strategy        PnL: 15:09:36 MTM=3461.25 Profit=0.53%
2026-07-14 15:09:37 INFO     strategy        PnL: 15:09:37 MTM=3409.25 Profit=0.52%
2026-07-14 15:09:38 INFO     strategy        PnL: 15:09:38 MTM=3428.75 Profit=0.52%
2026-07-14 15:09:39 INFO     strategy        PnL: 15:09:39 MTM=3419.00 Profit=0.52%
2026-07-14 15:09:40 INFO     strategy        PnL: 15:09:40 MTM=3402.75 Profit=0.52%
2026-07-14 15:09:41 INFO     strategy        PnL: 15:09:41 MTM=3415.75 Profit=0.52%
2026-07-14 15:09:42 INFO     strategy        PnL: 15:09:42 MTM=3422.25 Profit=0.52%
2026-07-14 15:09:43 INFO     strategy        PnL: 15:09:43 MTM=3428.75 Profit=0.52%
2026-07-14 15:09:44 INFO     strategy        PnL: 15:09:44 MTM=3412.50 Profit=0.52%
2026-07-14 15:09:45 INFO     strategy        PnL: 15:09:45 MTM=3376.75 Profit=0.51%
2026-07-14 15:09:46 INFO     strategy        PnL: 15:09:46 MTM=3402.75 Profit=0.52%
2026-07-14 15:09:48 INFO     strategy        PnL: 15:09:48 MTM=3370.25 Profit=0.51%
2026-07-14 15:09:49 INFO     strategy        PnL: 15:09:49 MTM=3341.00 Profit=0.51%
2026-07-14 15:09:50 INFO     strategy        PnL: 15:09:50 MTM=3373.50 Profit=0.51%
2026-07-14 15:09:51 INFO     strategy        PnL: 15:09:51 MTM=3350.75 Profit=0.51%
2026-07-14 15:09:52 INFO     strategy        PnL: 15:09:52 MTM=3360.50 Profit=0.51%
2026-07-14 15:09:53 INFO     strategy        PnL: 15:09:53 MTM=3389.75 Profit=0.52%
2026-07-14 15:09:54 INFO     strategy        PnL: 15:09:54 MTM=3354.00 Profit=0.51%
2026-07-14 15:09:55 INFO     strategy        PnL: 15:09:55 MTM=3380.00 Profit=0.51%
2026-07-14 15:09:56 INFO     strategy        PnL: 15:09:56 MTM=3367.00 Profit=0.51%
2026-07-14 15:09:57 INFO     strategy        PnL: 15:09:57 MTM=3328.00 Profit=0.51%
2026-07-14 15:09:58 INFO     strategy        PnL: 15:09:58 MTM=3318.25 Profit=0.51%
2026-07-14 15:09:59 INFO     strategy        PnL: 15:09:59 MTM=3295.50 Profit=0.50%
2026-07-14 15:10:00 INFO     strategy        PnL: 15:10:00 MTM=3328.00 Profit=0.51%
2026-07-14 15:10:01 INFO     strategy        PnL: 15:10:01 MTM=3370.25 Profit=0.51%
2026-07-14 15:10:02 INFO     strategy        PnL: 15:10:02 MTM=3373.50 Profit=0.51%
2026-07-14 15:10:03 INFO     strategy        PnL: 15:10:03 MTM=3399.50 Profit=0.52%
2026-07-14 15:10:04 INFO     strategy        PnL: 15:10:04 MTM=3360.50 Profit=0.51%
2026-07-14 15:10:05 INFO     strategy        PnL: 15:10:05 MTM=3363.75 Profit=0.51%
2026-07-14 15:10:06 INFO     strategy        PnL: 15:10:06 MTM=3389.75 Profit=0.52%
2026-07-14 15:10:07 INFO     strategy        PnL: 15:10:07 MTM=3386.50 Profit=0.52%
2026-07-14 15:10:08 INFO     strategy        PnL: 15:10:08 MTM=3393.00 Profit=0.52%
2026-07-14 15:10:09 INFO     strategy        PnL: 15:10:09 MTM=3373.50 Profit=0.51%
2026-07-14 15:10:10 INFO     strategy        PnL: 15:10:10 MTM=3428.75 Profit=0.52%
2026-07-14 15:10:11 INFO     strategy        PnL: 15:10:11 MTM=3399.50 Profit=0.52%
2026-07-14 15:10:12 INFO     strategy        PnL: 15:10:12 MTM=3409.25 Profit=0.52%
2026-07-14 15:10:13 INFO     strategy        PnL: 15:10:13 MTM=3367.00 Profit=0.51%
2026-07-14 15:10:14 INFO     strategy        PnL: 15:10:14 MTM=3354.00 Profit=0.51%
2026-07-14 15:10:15 INFO     strategy        PnL: 15:10:15 MTM=3324.75 Profit=0.51%
2026-07-14 15:10:16 INFO     strategy        PnL: 15:10:16 MTM=3328.00 Profit=0.51%
2026-07-14 15:10:17 INFO     strategy        PnL: 15:10:17 MTM=3321.50 Profit=0.51%
2026-07-14 15:10:18 INFO     strategy        PnL: 15:10:18 MTM=3373.50 Profit=0.51%
2026-07-14 15:10:19 INFO     strategy        PnL: 15:10:19 MTM=3396.25 Profit=0.52%
2026-07-14 15:10:20 INFO     strategy        PnL: 15:10:20 MTM=3357.25 Profit=0.51%
2026-07-14 15:10:21 INFO     strategy        PnL: 15:10:21 MTM=3357.25 Profit=0.51%
2026-07-14 15:10:22 INFO     strategy        PnL: 15:10:22 MTM=3357.25 Profit=0.51%
2026-07-14 15:10:23 INFO     strategy        PnL: 15:10:23 MTM=3363.75 Profit=0.51%
2026-07-14 15:10:24 INFO     strategy        PnL: 15:10:24 MTM=3357.25 Profit=0.51%
2026-07-14 15:10:25 INFO     strategy        PnL: 15:10:25 MTM=3422.25 Profit=0.52%
2026-07-14 15:10:26 INFO     strategy        PnL: 15:10:26 MTM=3428.75 Profit=0.52%
2026-07-14 15:10:27 INFO     strategy        PnL: 15:10:27 MTM=3412.50 Profit=0.52%
2026-07-14 15:10:28 INFO     strategy        PnL: 15:10:28 MTM=3425.50 Profit=0.52%
2026-07-14 15:10:29 INFO     strategy        PnL: 15:10:29 MTM=3422.25 Profit=0.52%
2026-07-14 15:10:30 INFO     strategy        PnL: 15:10:30 MTM=3438.50 Profit=0.52%
2026-07-14 15:10:31 INFO     strategy        PnL: 15:10:31 MTM=3461.25 Profit=0.53%
2026-07-14 15:10:32 INFO     strategy        PnL: 15:10:32 MTM=3422.25 Profit=0.52%
2026-07-14 15:10:33 INFO     strategy        PnL: 15:10:33 MTM=3432.00 Profit=0.52%
2026-07-14 15:10:34 INFO     strategy        PnL: 15:10:34 MTM=3458.00 Profit=0.53%
2026-07-14 15:10:35 INFO     strategy        PnL: 15:10:35 MTM=3467.75 Profit=0.53%
2026-07-14 15:10:36 INFO     strategy        PnL: 15:10:36 MTM=3454.75 Profit=0.53%
2026-07-14 15:10:37 INFO     strategy        PnL: 15:10:37 MTM=3425.50 Profit=0.52%
2026-07-14 15:10:38 INFO     strategy        PnL: 15:10:38 MTM=3432.00 Profit=0.52%
2026-07-14 15:10:39 INFO     strategy        PnL: 15:10:39 MTM=3438.50 Profit=0.52%
2026-07-14 15:10:40 INFO     strategy        PnL: 15:10:40 MTM=3445.00 Profit=0.52%
2026-07-14 15:10:41 INFO     strategy        PnL: 15:10:41 MTM=3490.50 Profit=0.53%
2026-07-14 15:10:42 INFO     strategy        PnL: 15:10:42 MTM=3464.50 Profit=0.53%
2026-07-14 15:10:43 INFO     strategy        PnL: 15:10:43 MTM=3461.25 Profit=0.53%
2026-07-14 15:10:44 INFO     strategy        PnL: 15:10:44 MTM=3438.50 Profit=0.52%
2026-07-14 15:10:45 INFO     strategy        PnL: 15:10:45 MTM=3467.75 Profit=0.53%
2026-07-14 15:10:46 INFO     strategy        PnL: 15:10:46 MTM=3474.25 Profit=0.53%
2026-07-14 15:10:47 INFO     strategy        PnL: 15:10:47 MTM=3458.00 Profit=0.53%
2026-07-14 15:10:48 INFO     strategy        PnL: 15:10:48 MTM=3477.50 Profit=0.53%
2026-07-14 15:10:49 INFO     strategy        PnL: 15:10:49 MTM=3471.00 Profit=0.53%
2026-07-14 15:10:50 INFO     strategy        PnL: 15:10:50 MTM=3510.00 Profit=0.53%
2026-07-14 15:10:51 INFO     strategy        PnL: 15:10:51 MTM=3510.00 Profit=0.53%
2026-07-14 15:10:52 INFO     strategy        PnL: 15:10:52 MTM=3484.00 Profit=0.53%
2026-07-14 15:10:53 INFO     strategy        PnL: 15:10:53 MTM=3467.75 Profit=0.53%
2026-07-14 15:10:54 INFO     strategy        PnL: 15:10:54 MTM=3454.75 Profit=0.53%
2026-07-14 15:10:55 INFO     strategy        PnL: 15:10:55 MTM=3477.50 Profit=0.53%
2026-07-14 15:10:56 INFO     strategy        PnL: 15:10:56 MTM=3464.50 Profit=0.53%
2026-07-14 15:10:57 INFO     strategy        PnL: 15:10:57 MTM=3454.75 Profit=0.53%
2026-07-14 15:10:58 INFO     strategy        PnL: 15:10:58 MTM=3412.50 Profit=0.52%
2026-07-14 15:10:59 INFO     strategy        PnL: 15:10:59 MTM=3432.00 Profit=0.52%
2026-07-14 15:11:00 INFO     strategy        PnL: 15:11:00 MTM=3464.50 Profit=0.53%
2026-07-14 15:11:01 INFO     strategy        PnL: 15:11:01 MTM=3471.00 Profit=0.53%
2026-07-14 15:11:02 INFO     strategy        PnL: 15:11:02 MTM=3454.75 Profit=0.53%
2026-07-14 15:11:03 INFO     strategy        PnL: 15:11:03 MTM=3477.50 Profit=0.53%
2026-07-14 15:11:04 INFO     strategy        PnL: 15:11:04 MTM=3484.00 Profit=0.53%
2026-07-14 15:11:05 INFO     strategy        PnL: 15:11:05 MTM=3497.00 Profit=0.53%
2026-07-14 15:11:06 INFO     strategy        PnL: 15:11:06 MTM=3490.50 Profit=0.53%
2026-07-14 15:11:07 INFO     strategy        PnL: 15:11:07 MTM=3510.00 Profit=0.53%
2026-07-14 15:11:08 INFO     strategy        PnL: 15:11:08 MTM=3510.00 Profit=0.53%
2026-07-14 15:11:09 INFO     strategy        PnL: 15:11:09 MTM=3513.25 Profit=0.54%
2026-07-14 15:11:10 INFO     strategy        PnL: 15:11:10 MTM=3506.75 Profit=0.53%
2026-07-14 15:11:11 INFO     strategy        PnL: 15:11:11 MTM=3506.75 Profit=0.53%
2026-07-14 15:11:12 INFO     strategy        PnL: 15:11:12 MTM=3474.25 Profit=0.53%
2026-07-14 15:11:13 INFO     strategy        PnL: 15:11:13 MTM=3487.25 Profit=0.53%
2026-07-14 15:11:14 INFO     strategy        PnL: 15:11:14 MTM=3490.50 Profit=0.53%
2026-07-14 15:11:16 INFO     strategy        PnL: 15:11:15 MTM=3493.75 Profit=0.53%
2026-07-14 15:11:17 INFO     strategy        PnL: 15:11:17 MTM=3480.75 Profit=0.53%
2026-07-14 15:11:18 INFO     strategy        PnL: 15:11:18 MTM=3523.00 Profit=0.54%
2026-07-14 15:11:19 INFO     strategy        PnL: 15:11:19 MTM=3562.00 Profit=0.54%
2026-07-14 15:11:20 INFO     strategy        PnL: 15:11:20 MTM=3545.75 Profit=0.54%
2026-07-14 15:11:21 INFO     strategy        PnL: 15:11:21 MTM=3549.00 Profit=0.54%
2026-07-14 15:11:22 INFO     strategy        PnL: 15:11:22 MTM=3601.00 Profit=0.55%
2026-07-14 15:11:23 INFO     strategy        PnL: 15:11:23 MTM=3601.00 Profit=0.55%
2026-07-14 15:11:24 INFO     strategy        PnL: 15:11:24 MTM=3581.50 Profit=0.55%
2026-07-14 15:11:25 INFO     strategy        PnL: 15:11:25 MTM=3575.00 Profit=0.54%
2026-07-14 15:11:26 INFO     strategy        PnL: 15:11:26 MTM=3565.25 Profit=0.54%
2026-07-14 15:11:27 INFO     strategy        PnL: 15:11:27 MTM=3565.25 Profit=0.54%
2026-07-14 15:11:28 INFO     strategy        PnL: 15:11:28 MTM=3578.25 Profit=0.55%
2026-07-14 15:11:29 INFO     strategy        PnL: 15:11:29 MTM=3568.50 Profit=0.54%
2026-07-14 15:11:30 INFO     strategy        PnL: 15:11:30 MTM=3549.00 Profit=0.54%
2026-07-14 15:11:31 INFO     strategy        PnL: 15:11:31 MTM=3532.75 Profit=0.54%
2026-07-14 15:11:32 INFO     strategy        PnL: 15:11:32 MTM=3523.00 Profit=0.54%
2026-07-14 15:11:33 INFO     strategy        PnL: 15:11:33 MTM=3532.75 Profit=0.54%
2026-07-14 15:11:34 INFO     strategy        PnL: 15:11:34 MTM=3532.75 Profit=0.54%
2026-07-14 15:11:35 INFO     strategy        PnL: 15:11:35 MTM=3523.00 Profit=0.54%
2026-07-14 15:11:36 INFO     strategy        PnL: 15:11:36 MTM=3500.25 Profit=0.53%
2026-07-14 15:11:37 INFO     strategy        PnL: 15:11:37 MTM=3490.50 Profit=0.53%
2026-07-14 15:11:38 INFO     strategy        PnL: 15:11:38 MTM=3497.00 Profit=0.53%
2026-07-14 15:11:39 INFO     strategy        PnL: 15:11:39 MTM=3484.00 Profit=0.53%
2026-07-14 15:11:40 INFO     strategy        PnL: 15:11:40 MTM=3480.75 Profit=0.53%
2026-07-14 15:11:41 INFO     strategy        PnL: 15:11:41 MTM=3461.25 Profit=0.53%
2026-07-14 15:11:42 INFO     strategy        PnL: 15:11:42 MTM=3454.75 Profit=0.53%
2026-07-14 15:11:43 INFO     strategy        PnL: 15:11:43 MTM=3506.75 Profit=0.53%
2026-07-14 15:11:44 INFO     strategy        PnL: 15:11:44 MTM=3484.00 Profit=0.53%
2026-07-14 15:11:45 INFO     strategy        PnL: 15:11:45 MTM=3490.50 Profit=0.53%
2026-07-14 15:11:46 INFO     strategy        PnL: 15:11:46 MTM=3539.25 Profit=0.54%
2026-07-14 15:11:47 INFO     strategy        PnL: 15:11:47 MTM=3552.25 Profit=0.54%
2026-07-14 15:11:48 INFO     strategy        PnL: 15:11:48 MTM=3552.25 Profit=0.54%
2026-07-14 15:11:49 INFO     strategy        PnL: 15:11:49 MTM=3588.00 Profit=0.55%
2026-07-14 15:11:50 INFO     strategy        PnL: 15:11:50 MTM=3578.25 Profit=0.55%
2026-07-14 15:11:51 INFO     strategy        PnL: 15:11:51 MTM=3568.50 Profit=0.54%
2026-07-14 15:11:52 INFO     strategy        PnL: 15:11:52 MTM=3597.75 Profit=0.55%
2026-07-14 15:11:53 INFO     strategy        PnL: 15:11:53 MTM=3594.50 Profit=0.55%
2026-07-14 15:11:54 INFO     strategy        PnL: 15:11:54 MTM=3656.25 Profit=0.56%
2026-07-14 15:11:55 INFO     strategy        PnL: 15:11:55 MTM=3675.75 Profit=0.56%
2026-07-14 15:11:56 INFO     strategy        PnL: 15:11:56 MTM=3718.00 Profit=0.57%
2026-07-14 15:11:57 INFO     strategy        PnL: 15:11:57 MTM=3718.00 Profit=0.57%
2026-07-14 15:11:58 INFO     strategy        PnL: 15:11:58 MTM=3724.50 Profit=0.57%
2026-07-14 15:11:59 INFO     strategy        PnL: 15:11:59 MTM=3760.25 Profit=0.57%
2026-07-14 15:12:00 INFO     strategy        PnL: 15:12:00 MTM=3773.25 Profit=0.57%
2026-07-14 15:12:01 INFO     strategy        PnL: 15:12:01 MTM=3812.25 Profit=0.58%
2026-07-14 15:12:02 INFO     strategy        PnL: 15:12:02 MTM=3831.75 Profit=0.58%
2026-07-14 15:12:03 INFO     strategy        PnL: 15:12:03 MTM=3848.00 Profit=0.59%
2026-07-14 15:12:04 INFO     strategy        PnL: 15:12:04 MTM=3851.25 Profit=0.59%
2026-07-14 15:12:05 INFO     strategy        PnL: 15:12:05 MTM=3841.50 Profit=0.59%
2026-07-14 15:12:06 INFO     strategy        PnL: 15:12:06 MTM=3880.50 Profit=0.59%
2026-07-14 15:12:07 INFO     strategy        PnL: 15:12:07 MTM=3883.75 Profit=0.59%
2026-07-14 15:12:08 INFO     strategy        PnL: 15:12:08 MTM=3831.75 Profit=0.58%
2026-07-14 15:12:09 INFO     strategy        PnL: 15:12:09 MTM=3854.50 Profit=0.59%
2026-07-14 15:12:10 INFO     strategy        PnL: 15:12:10 MTM=3844.75 Profit=0.59%
2026-07-14 15:12:11 INFO     strategy        PnL: 15:12:11 MTM=3903.25 Profit=0.59%
2026-07-14 15:12:12 INFO     strategy        PnL: 15:12:12 MTM=3893.50 Profit=0.59%
2026-07-14 15:12:13 INFO     strategy        PnL: 15:12:13 MTM=3887.00 Profit=0.59%
2026-07-14 15:12:14 INFO     strategy        PnL: 15:12:14 MTM=3838.25 Profit=0.58%
2026-07-14 15:12:15 INFO     strategy        PnL: 15:12:15 MTM=3815.50 Profit=0.58%
2026-07-14 15:12:16 INFO     strategy        PnL: 15:12:16 MTM=3783.00 Profit=0.58%
2026-07-14 15:12:17 INFO     strategy        PnL: 15:12:17 MTM=3796.00 Profit=0.58%
2026-07-14 15:12:18 INFO     strategy        PnL: 15:12:18 MTM=3822.00 Profit=0.58%
2026-07-14 15:12:19 INFO     strategy        PnL: 15:12:19 MTM=3822.00 Profit=0.58%
2026-07-14 15:12:20 INFO     strategy        PnL: 15:12:20 MTM=3838.25 Profit=0.58%
2026-07-14 15:12:21 INFO     strategy        PnL: 15:12:21 MTM=3828.50 Profit=0.58%
2026-07-14 15:12:22 INFO     strategy        PnL: 15:12:22 MTM=3822.00 Profit=0.58%
2026-07-14 15:12:23 INFO     strategy        PnL: 15:12:23 MTM=3802.50 Profit=0.58%
2026-07-14 15:12:24 INFO     strategy        PnL: 15:12:24 MTM=3776.50 Profit=0.58%
2026-07-14 15:12:25 INFO     strategy        PnL: 15:12:25 MTM=3792.75 Profit=0.58%
2026-07-14 15:12:26 INFO     strategy        PnL: 15:12:26 MTM=3831.75 Profit=0.58%
2026-07-14 15:12:27 INFO     strategy        PnL: 15:12:27 MTM=3851.25 Profit=0.59%
2026-07-14 15:12:28 INFO     strategy        PnL: 15:12:28 MTM=3896.75 Profit=0.59%
2026-07-14 15:12:29 INFO     strategy        PnL: 15:12:29 MTM=3913.00 Profit=0.60%
2026-07-14 15:12:30 INFO     strategy        PnL: 15:12:30 MTM=3952.00 Profit=0.60%
2026-07-14 15:12:31 INFO     strategy        PnL: 15:12:31 MTM=3991.00 Profit=0.61%
2026-07-14 15:12:32 INFO     strategy        PnL: 15:12:32 MTM=3929.25 Profit=0.60%
2026-07-14 15:12:33 INFO     strategy        PnL: 15:12:33 MTM=3984.50 Profit=0.61%
2026-07-14 15:12:34 INFO     strategy        PnL: 15:12:34 MTM=3978.00 Profit=0.61%
2026-07-14 15:12:35 INFO     strategy        PnL: 15:12:35 MTM=4052.75 Profit=0.62%
2026-07-14 15:12:36 INFO     strategy        PnL: 15:12:36 MTM=4046.25 Profit=0.62%
2026-07-14 15:12:37 INFO     strategy        PnL: 15:12:37 MTM=4046.25 Profit=0.62%
2026-07-14 15:12:38 INFO     strategy        PnL: 15:12:38 MTM=4075.50 Profit=0.62%
2026-07-14 15:12:40 INFO     strategy        PnL: 15:12:40 MTM=4091.75 Profit=0.62%
2026-07-14 15:12:41 INFO     strategy        PnL: 15:12:41 MTM=4043.00 Profit=0.62%
2026-07-14 15:12:42 INFO     strategy        PnL: 15:12:42 MTM=4088.50 Profit=0.62%
2026-07-14 15:12:43 INFO     strategy        PnL: 15:12:43 MTM=4140.50 Profit=0.63%
2026-07-14 15:12:44 INFO     strategy        PnL: 15:12:44 MTM=4134.00 Profit=0.63%
2026-07-14 15:12:45 INFO     strategy        PnL: 15:12:45 MTM=4114.50 Profit=0.63%
2026-07-14 15:12:46 INFO     strategy        PnL: 15:12:46 MTM=4130.75 Profit=0.63%
2026-07-14 15:12:47 INFO     strategy        PnL: 15:12:47 MTM=4117.75 Profit=0.63%
2026-07-14 15:12:48 INFO     strategy        PnL: 15:12:48 MTM=4179.50 Profit=0.64%
2026-07-14 15:12:49 INFO     strategy        PnL: 15:12:49 MTM=4179.50 Profit=0.64%
2026-07-14 15:12:50 INFO     strategy        PnL: 15:12:50 MTM=4189.25 Profit=0.64%
2026-07-14 15:12:51 INFO     strategy        PnL: 15:12:51 MTM=4234.75 Profit=0.65%
2026-07-14 15:12:52 INFO     strategy        PnL: 15:12:52 MTM=4273.75 Profit=0.65%
2026-07-14 15:12:53 INFO     strategy        PnL: 15:12:53 MTM=4283.50 Profit=0.65%
2026-07-14 15:12:54 INFO     strategy        PnL: 15:12:54 MTM=4257.50 Profit=0.65%
2026-07-14 15:12:55 INFO     strategy        PnL: 15:12:55 MTM=4273.75 Profit=0.65%
2026-07-14 15:12:56 INFO     strategy        PnL: 15:12:56 MTM=4264.00 Profit=0.65%
2026-07-14 15:12:57 INFO     strategy        PnL: 15:12:57 MTM=4325.75 Profit=0.66%
2026-07-14 15:12:58 INFO     strategy        PnL: 15:12:58 MTM=4319.25 Profit=0.66%
2026-07-14 15:12:59 INFO     strategy        PnL: 15:12:59 MTM=4364.75 Profit=0.66%
2026-07-14 15:13:00 INFO     strategy        PnL: 15:13:00 MTM=4381.00 Profit=0.67%
2026-07-14 15:13:01 INFO     strategy        PnL: 15:13:01 MTM=4316.00 Profit=0.66%
2026-07-14 15:13:02 INFO     strategy        PnL: 15:13:02 MTM=4257.50 Profit=0.65%
2026-07-14 15:13:03 INFO     strategy        PnL: 15:13:03 MTM=4277.00 Profit=0.65%
2026-07-14 15:13:04 INFO     strategy        PnL: 15:13:04 MTM=4205.50 Profit=0.64%
2026-07-14 15:13:05 INFO     strategy        PnL: 15:13:05 MTM=4195.75 Profit=0.64%
2026-07-14 15:13:06 INFO     strategy        PnL: 15:13:06 MTM=4260.75 Profit=0.65%
2026-07-14 15:13:07 INFO     strategy        PnL: 15:13:07 MTM=4267.25 Profit=0.65%
2026-07-14 15:13:08 INFO     strategy        PnL: 15:13:08 MTM=4267.25 Profit=0.65%
2026-07-14 15:13:09 INFO     strategy        PnL: 15:13:09 MTM=4290.00 Profit=0.65%
2026-07-14 15:13:10 INFO     strategy        PnL: 15:13:10 MTM=4280.25 Profit=0.65%
2026-07-14 15:13:11 INFO     strategy        PnL: 15:13:11 MTM=4267.25 Profit=0.65%
2026-07-14 15:13:12 INFO     strategy        PnL: 15:13:12 MTM=4335.50 Profit=0.66%
2026-07-14 15:13:13 INFO     strategy        PnL: 15:13:13 MTM=4335.50 Profit=0.66%
2026-07-14 15:13:14 INFO     strategy        PnL: 15:13:14 MTM=4361.50 Profit=0.66%
2026-07-14 15:13:15 INFO     strategy        PnL: 15:13:15 MTM=4316.00 Profit=0.66%
2026-07-14 15:13:16 INFO     strategy        PnL: 15:13:16 MTM=4403.75 Profit=0.67%
2026-07-14 15:13:17 INFO     strategy        PnL: 15:13:17 MTM=4381.00 Profit=0.67%
2026-07-14 15:13:18 INFO     strategy        PnL: 15:13:18 MTM=4384.25 Profit=0.67%
2026-07-14 15:13:19 INFO     strategy        PnL: 15:13:19 MTM=4420.00 Profit=0.67%
2026-07-14 15:13:20 INFO     strategy        PnL: 15:13:20 MTM=4468.75 Profit=0.68%
2026-07-14 15:13:21 INFO     strategy        PnL: 15:13:21 MTM=4478.50 Profit=0.68%
2026-07-14 15:13:22 INFO     strategy        PnL: 15:13:22 MTM=4439.50 Profit=0.68%
2026-07-14 15:13:23 INFO     strategy        PnL: 15:13:23 MTM=4452.50 Profit=0.68%
2026-07-14 15:13:24 INFO     strategy        PnL: 15:13:24 MTM=4524.00 Profit=0.69%
2026-07-14 15:13:25 INFO     strategy        PnL: 15:13:25 MTM=4579.25 Profit=0.70%
2026-07-14 15:13:26 INFO     strategy        PnL: 15:13:26 MTM=4527.25 Profit=0.69%
2026-07-14 15:13:27 INFO     strategy        PnL: 15:13:27 MTM=4494.75 Profit=0.68%
2026-07-14 15:13:28 INFO     strategy        PnL: 15:13:28 MTM=4455.75 Profit=0.68%
2026-07-14 15:13:29 INFO     strategy        PnL: 15:13:29 MTM=4468.75 Profit=0.68%
2026-07-14 15:13:30 INFO     strategy        PnL: 15:13:30 MTM=4387.50 Profit=0.67%
2026-07-14 15:13:31 INFO     strategy        PnL: 15:13:31 MTM=4433.00 Profit=0.68%
2026-07-14 15:13:32 INFO     strategy        PnL: 15:13:32 MTM=4403.75 Profit=0.67%
2026-07-14 15:13:33 INFO     strategy        PnL: 15:13:33 MTM=4413.50 Profit=0.67%
2026-07-14 15:13:34 INFO     strategy        PnL: 15:13:34 MTM=4397.25 Profit=0.67%
2026-07-14 15:13:35 INFO     strategy        PnL: 15:13:35 MTM=4449.25 Profit=0.68%
2026-07-14 15:13:36 INFO     strategy        PnL: 15:13:36 MTM=4501.25 Profit=0.69%
2026-07-14 15:13:37 INFO     strategy        PnL: 15:13:37 MTM=4507.75 Profit=0.69%
2026-07-14 15:13:38 INFO     strategy        PnL: 15:13:38 MTM=4511.00 Profit=0.69%
2026-07-14 15:13:39 INFO     strategy        PnL: 15:13:39 MTM=4540.25 Profit=0.69%
2026-07-14 15:13:40 INFO     strategy        PnL: 15:13:40 MTM=4585.75 Profit=0.70%
2026-07-14 15:13:41 INFO     strategy        PnL: 15:13:41 MTM=4595.50 Profit=0.70%
2026-07-14 15:13:42 INFO     strategy        PnL: 15:13:42 MTM=4598.75 Profit=0.70%
2026-07-14 15:13:43 INFO     strategy        PnL: 15:13:43 MTM=4628.00 Profit=0.70%
2026-07-14 15:13:44 INFO     strategy        PnL: 15:13:44 MTM=4598.75 Profit=0.70%
2026-07-14 15:13:45 INFO     strategy        PnL: 15:13:45 MTM=4618.25 Profit=0.70%
2026-07-14 15:13:46 INFO     strategy        PnL: 15:13:46 MTM=4689.75 Profit=0.71%
2026-07-14 15:13:47 INFO     strategy        PnL: 15:13:47 MTM=4663.75 Profit=0.71%
2026-07-14 15:13:48 INFO     strategy        PnL: 15:13:48 MTM=4683.25 Profit=0.71%
2026-07-14 15:13:49 INFO     strategy        PnL: 15:13:49 MTM=4670.25 Profit=0.71%
2026-07-14 15:13:50 INFO     strategy        PnL: 15:13:50 MTM=4673.50 Profit=0.71%
2026-07-14 15:13:51 INFO     strategy        PnL: 15:13:51 MTM=4676.75 Profit=0.71%
2026-07-14 15:13:52 INFO     strategy        PnL: 15:13:52 MTM=4628.00 Profit=0.70%
2026-07-14 15:13:53 INFO     strategy        PnL: 15:13:53 MTM=4618.25 Profit=0.70%
2026-07-14 15:13:54 INFO     strategy        PnL: 15:13:54 MTM=4624.75 Profit=0.70%
2026-07-14 15:13:55 INFO     strategy        PnL: 15:13:55 MTM=4615.00 Profit=0.70%
2026-07-14 15:13:56 INFO     strategy        PnL: 15:13:56 MTM=4566.25 Profit=0.70%
2026-07-14 15:13:57 INFO     strategy        PnL: 15:13:57 MTM=4553.25 Profit=0.69%
2026-07-14 15:13:58 INFO     strategy        PnL: 15:13:58 MTM=4520.75 Profit=0.69%
2026-07-14 15:13:59 INFO     strategy        PnL: 15:13:59 MTM=4553.25 Profit=0.69%
2026-07-14 15:14:00 INFO     strategy        PnL: 15:14:00 MTM=4481.75 Profit=0.68%
2026-07-14 15:14:01 INFO     strategy        PnL: 15:14:01 MTM=4426.50 Profit=0.67%
2026-07-14 15:14:02 INFO     strategy        PnL: 15:14:02 MTM=4433.00 Profit=0.68%
2026-07-14 15:14:03 INFO     strategy        PnL: 15:14:03 MTM=4442.75 Profit=0.68%
2026-07-14 15:14:04 INFO     strategy        PnL: 15:14:04 MTM=4446.00 Profit=0.68%
2026-07-14 15:14:05 INFO     strategy        PnL: 15:14:05 MTM=4488.25 Profit=0.68%
2026-07-14 15:14:06 INFO     strategy        PnL: 15:14:06 MTM=4514.25 Profit=0.69%
2026-07-14 15:14:07 INFO     strategy        PnL: 15:14:07 MTM=4465.50 Profit=0.68%
2026-07-14 15:14:08 INFO     strategy        PnL: 15:14:08 MTM=4478.50 Profit=0.68%
2026-07-14 15:14:09 INFO     strategy        PnL: 15:14:09 MTM=4472.00 Profit=0.68%
2026-07-14 15:14:10 INFO     strategy        PnL: 15:14:10 MTM=4501.25 Profit=0.69%
2026-07-14 15:14:11 INFO     strategy        PnL: 15:14:11 MTM=4511.00 Profit=0.69%
2026-07-14 15:14:12 INFO     strategy        PnL: 15:14:12 MTM=4501.25 Profit=0.69%
2026-07-14 15:14:13 INFO     strategy        PnL: 15:14:13 MTM=4446.00 Profit=0.68%
2026-07-14 15:14:14 INFO     strategy        PnL: 15:14:14 MTM=4400.50 Profit=0.67%
2026-07-14 15:14:15 INFO     strategy        PnL: 15:14:15 MTM=4371.25 Profit=0.67%
2026-07-14 15:14:16 INFO     strategy        PnL: 15:14:16 MTM=4413.50 Profit=0.67%
2026-07-14 15:14:17 INFO     strategy        PnL: 15:14:17 MTM=4384.25 Profit=0.67%
2026-07-14 15:14:19 INFO     strategy        PnL: 15:14:19 MTM=4400.50 Profit=0.67%
2026-07-14 15:14:20 INFO     strategy        PnL: 15:14:20 MTM=4377.75 Profit=0.67%
2026-07-14 15:14:21 INFO     strategy        PnL: 15:14:21 MTM=4390.75 Profit=0.67%
2026-07-14 15:14:22 INFO     strategy        PnL: 15:14:22 MTM=4416.75 Profit=0.67%
2026-07-14 15:14:23 INFO     strategy        PnL: 15:14:23 MTM=4501.25 Profit=0.69%
2026-07-14 15:14:24 INFO     strategy        PnL: 15:14:24 MTM=4465.50 Profit=0.68%
2026-07-14 15:14:25 INFO     strategy        PnL: 15:14:25 MTM=4423.25 Profit=0.67%
2026-07-14 15:14:26 INFO     strategy        PnL: 15:14:26 MTM=4429.75 Profit=0.67%
2026-07-14 15:14:27 INFO     strategy        PnL: 15:14:27 MTM=4449.25 Profit=0.68%
2026-07-14 15:14:28 INFO     strategy        PnL: 15:14:28 MTM=4481.75 Profit=0.68%
2026-07-14 15:14:29 INFO     strategy        PnL: 15:14:29 MTM=4468.75 Profit=0.68%
2026-07-14 15:14:30 INFO     strategy        PnL: 15:14:30 MTM=4504.50 Profit=0.69%
2026-07-14 15:14:31 INFO     strategy        PnL: 15:14:31 MTM=4488.25 Profit=0.68%
2026-07-14 15:14:32 INFO     strategy        PnL: 15:14:32 MTM=4511.00 Profit=0.69%
2026-07-14 15:14:33 INFO     strategy        PnL: 15:14:33 MTM=4491.50 Profit=0.68%
2026-07-14 15:14:34 INFO     strategy        PnL: 15:14:34 MTM=4481.75 Profit=0.68%
2026-07-14 15:14:35 INFO     strategy        PnL: 15:14:35 MTM=4485.00 Profit=0.68%
2026-07-14 15:14:36 INFO     strategy        PnL: 15:14:36 MTM=4465.50 Profit=0.68%
2026-07-14 15:14:37 INFO     strategy        PnL: 15:14:37 MTM=4452.50 Profit=0.68%
2026-07-14 15:14:38 INFO     strategy        PnL: 15:14:38 MTM=4439.50 Profit=0.68%
2026-07-14 15:14:39 INFO     strategy        PnL: 15:14:39 MTM=4416.75 Profit=0.67%
2026-07-14 15:14:40 INFO     strategy        PnL: 15:14:40 MTM=4407.00 Profit=0.67%
2026-07-14 15:14:41 INFO     strategy        PnL: 15:14:41 MTM=4394.00 Profit=0.67%
2026-07-14 15:14:42 INFO     strategy        PnL: 15:14:42 MTM=4403.75 Profit=0.67%
2026-07-14 15:14:43 INFO     strategy        PnL: 15:14:43 MTM=4355.00 Profit=0.66%
2026-07-14 15:14:44 INFO     strategy        PnL: 15:14:44 MTM=4387.50 Profit=0.67%
2026-07-14 15:14:45 INFO     strategy        PnL: 15:14:45 MTM=4384.25 Profit=0.67%
2026-07-14 15:14:46 INFO     strategy        PnL: 15:14:46 MTM=4423.25 Profit=0.67%
2026-07-14 15:14:47 INFO     strategy        PnL: 15:14:47 MTM=4416.75 Profit=0.67%
2026-07-14 15:14:48 INFO     strategy        PnL: 15:14:48 MTM=4426.50 Profit=0.67%
2026-07-14 15:14:49 INFO     strategy        PnL: 15:14:49 MTM=4394.00 Profit=0.67%
2026-07-14 15:14:50 INFO     strategy        PnL: 15:14:50 MTM=4400.50 Profit=0.67%
2026-07-14 15:14:51 INFO     strategy        PnL: 15:14:51 MTM=4439.50 Profit=0.68%
2026-07-14 15:14:52 INFO     strategy        PnL: 15:14:52 MTM=4423.25 Profit=0.67%
2026-07-14 15:14:53 INFO     strategy        PnL: 15:14:53 MTM=4394.00 Profit=0.67%
2026-07-14 15:14:54 INFO     strategy        PnL: 15:14:54 MTM=4413.50 Profit=0.67%
2026-07-14 15:14:55 INFO     strategy        PnL: 15:14:55 MTM=4407.00 Profit=0.67%
2026-07-14 15:14:56 INFO     strategy        PnL: 15:14:56 MTM=4394.00 Profit=0.67%
2026-07-14 15:14:57 INFO     strategy        PnL: 15:14:57 MTM=4394.00 Profit=0.67%
2026-07-14 15:14:58 INFO     strategy        PnL: 15:14:58 MTM=4377.75 Profit=0.67%
2026-07-14 15:14:59 INFO     strategy        PnL: 15:14:59 MTM=4387.50 Profit=0.67%
2026-07-14 15:15:00 INFO     strategy        PnL: 15:15:00 MTM=4306.25 Profit=0.66%
2026-07-14 15:15:01 INFO     strategy        PnL: 15:15:01 MTM=4394.00 Profit=0.67%
2026-07-14 15:15:02 INFO     strategy        PnL: 15:15:02 MTM=4472.00 Profit=0.68%
2026-07-14 15:15:03 INFO     strategy        PnL: 15:15:03 MTM=4498.00 Profit=0.69%
2026-07-14 15:15:04 INFO     strategy        PnL: 15:15:04 MTM=4488.25 Profit=0.68%
2026-07-14 15:15:05 INFO     strategy        PnL: 15:15:05 MTM=4485.00 Profit=0.68%
2026-07-14 15:15:06 INFO     strategy        PnL: 15:15:06 MTM=4475.25 Profit=0.68%
2026-07-14 15:15:07 INFO     strategy        PnL: 15:15:07 MTM=4462.25 Profit=0.68%
2026-07-14 15:15:08 INFO     strategy        PnL: 15:15:08 MTM=4439.50 Profit=0.68%
2026-07-14 15:15:09 INFO     strategy        PnL: 15:15:09 MTM=4429.75 Profit=0.67%
2026-07-14 15:15:10 INFO     strategy        PnL: 15:15:10 MTM=4426.50 Profit=0.67%
2026-07-14 15:15:11 INFO     strategy        PnL: 15:15:11 MTM=4452.50 Profit=0.68%
2026-07-14 15:15:12 INFO     strategy        PnL: 15:15:12 MTM=4416.75 Profit=0.67%
2026-07-14 15:15:13 INFO     strategy        PnL: 15:15:13 MTM=4410.25 Profit=0.67%
2026-07-14 15:15:14 INFO     strategy        PnL: 15:15:14 MTM=4390.75 Profit=0.67%
2026-07-14 15:15:15 INFO     strategy        PnL: 15:15:15 MTM=4332.25 Profit=0.66%
2026-07-14 15:15:16 INFO     strategy        PnL: 15:15:16 MTM=4342.00 Profit=0.66%
2026-07-14 15:15:17 INFO     strategy        PnL: 15:15:17 MTM=4355.00 Profit=0.66%
2026-07-14 15:15:18 INFO     strategy        PnL: 15:15:18 MTM=4394.00 Profit=0.67%
2026-07-14 15:15:19 INFO     strategy        PnL: 15:15:19 MTM=4390.75 Profit=0.67%
2026-07-14 15:15:20 INFO     strategy        PnL: 15:15:20 MTM=4374.50 Profit=0.67%
2026-07-14 15:15:21 INFO     strategy        PnL: 15:15:21 MTM=4416.75 Profit=0.67%
2026-07-14 15:15:22 INFO     strategy        PnL: 15:15:22 MTM=4436.25 Profit=0.68%
2026-07-14 15:15:23 INFO     strategy        PnL: 15:15:23 MTM=4420.00 Profit=0.67%
2026-07-14 15:15:24 INFO     strategy        PnL: 15:15:24 MTM=4433.00 Profit=0.68%
2026-07-14 15:15:25 INFO     strategy        PnL: 15:15:25 MTM=4410.25 Profit=0.67%
2026-07-14 15:15:26 INFO     strategy        PnL: 15:15:26 MTM=4439.50 Profit=0.68%
2026-07-14 15:15:27 INFO     strategy        PnL: 15:15:27 MTM=4400.50 Profit=0.67%
2026-07-14 15:15:28 INFO     strategy        PnL: 15:15:28 MTM=4358.25 Profit=0.66%
2026-07-14 15:15:29 INFO     strategy        PnL: 15:15:29 MTM=4358.25 Profit=0.66%
2026-07-14 15:15:30 INFO     strategy        PnL: 15:15:30 MTM=4335.50 Profit=0.66%
2026-07-14 15:15:31 INFO     strategy        PnL: 15:15:31 MTM=4335.50 Profit=0.66%
2026-07-14 15:15:32 INFO     strategy        PnL: 15:15:32 MTM=4338.75 Profit=0.66%
2026-07-14 15:15:33 INFO     strategy        PnL: 15:15:33 MTM=4355.00 Profit=0.66%
2026-07-14 15:15:34 INFO     strategy        PnL: 15:15:34 MTM=4332.25 Profit=0.66%
2026-07-14 15:15:35 INFO     strategy        PnL: 15:15:35 MTM=4394.00 Profit=0.67%
2026-07-14 15:15:36 INFO     strategy        PnL: 15:15:36 MTM=4381.00 Profit=0.67%
2026-07-14 15:15:37 INFO     strategy        PnL: 15:15:37 MTM=4384.25 Profit=0.67%
2026-07-14 15:15:38 INFO     strategy        PnL: 15:15:38 MTM=4355.00 Profit=0.66%
2026-07-14 15:15:39 INFO     strategy        PnL: 15:15:39 MTM=4355.00 Profit=0.66%
2026-07-14 15:15:40 INFO     strategy        PnL: 15:15:40 MTM=4377.75 Profit=0.67%
2026-07-14 15:15:41 INFO     strategy        PnL: 15:15:41 MTM=4361.50 Profit=0.66%
2026-07-14 15:15:42 INFO     strategy        PnL: 15:15:42 MTM=4358.25 Profit=0.66%
2026-07-14 15:15:43 INFO     strategy        PnL: 15:15:43 MTM=4371.25 Profit=0.67%
2026-07-14 15:15:45 INFO     strategy        PnL: 15:15:45 MTM=4371.25 Profit=0.67%
2026-07-14 15:15:46 INFO     strategy        PnL: 15:15:46 MTM=4371.25 Profit=0.67%
2026-07-14 15:15:47 INFO     strategy        PnL: 15:15:47 MTM=4403.75 Profit=0.67%
2026-07-14 15:15:48 INFO     strategy        PnL: 15:15:48 MTM=4446.00 Profit=0.68%
2026-07-14 15:15:49 INFO     strategy        PnL: 15:15:49 MTM=4468.75 Profit=0.68%
2026-07-14 15:15:50 INFO     strategy        PnL: 15:15:50 MTM=4468.75 Profit=0.68%
2026-07-14 15:15:51 INFO     strategy        PnL: 15:15:51 MTM=4468.75 Profit=0.68%
2026-07-14 15:15:52 INFO     strategy        PnL: 15:15:52 MTM=4472.00 Profit=0.68%
2026-07-14 15:15:53 INFO     strategy        PnL: 15:15:53 MTM=4472.00 Profit=0.68%
2026-07-14 15:15:54 INFO     strategy        PnL: 15:15:54 MTM=4459.00 Profit=0.68%
2026-07-14 15:15:55 INFO     strategy        PnL: 15:15:55 MTM=4472.00 Profit=0.68%
2026-07-14 15:15:56 INFO     strategy        PnL: 15:15:56 MTM=4439.50 Profit=0.68%
2026-07-14 15:15:57 INFO     strategy        PnL: 15:15:57 MTM=4433.00 Profit=0.68%
2026-07-14 15:15:58 INFO     strategy        PnL: 15:15:58 MTM=4436.25 Profit=0.68%
2026-07-14 15:15:59 INFO     strategy        PnL: 15:15:59 MTM=4433.00 Profit=0.68%
2026-07-14 15:16:00 INFO     strategy        PnL: 15:16:00 MTM=4449.25 Profit=0.68%
2026-07-14 15:16:01 INFO     strategy        PnL: 15:16:01 MTM=4452.50 Profit=0.68%
2026-07-14 15:16:02 INFO     strategy        PnL: 15:16:02 MTM=4459.00 Profit=0.68%
2026-07-14 15:16:03 INFO     strategy        PnL: 15:16:03 MTM=4465.50 Profit=0.68%
2026-07-14 15:16:04 INFO     strategy        PnL: 15:16:04 MTM=4498.00 Profit=0.69%
2026-07-14 15:16:05 INFO     strategy        PnL: 15:16:05 MTM=4553.25 Profit=0.69%
2026-07-14 15:16:06 INFO     strategy        PnL: 15:16:06 MTM=4563.00 Profit=0.70%
2026-07-14 15:16:07 INFO     strategy        PnL: 15:16:07 MTM=4602.00 Profit=0.70%
2026-07-14 15:16:08 INFO     strategy        PnL: 15:16:08 MTM=4611.75 Profit=0.70%
2026-07-14 15:16:09 INFO     strategy        PnL: 15:16:09 MTM=4660.50 Profit=0.71%
2026-07-14 15:16:10 INFO     strategy        PnL: 15:16:10 MTM=4663.75 Profit=0.71%
2026-07-14 15:16:11 INFO     strategy        PnL: 15:16:11 MTM=4654.00 Profit=0.71%
2026-07-14 15:16:12 INFO     strategy        PnL: 15:16:12 MTM=4641.00 Profit=0.71%
2026-07-14 15:16:13 INFO     strategy        PnL: 15:16:13 MTM=4585.75 Profit=0.70%
2026-07-14 15:16:14 INFO     strategy        PnL: 15:16:14 MTM=4608.50 Profit=0.70%
2026-07-14 15:16:15 INFO     strategy        PnL: 15:16:15 MTM=4657.25 Profit=0.71%
2026-07-14 15:16:16 INFO     strategy        PnL: 15:16:16 MTM=4654.00 Profit=0.71%
2026-07-14 15:16:17 INFO     strategy        PnL: 15:16:17 MTM=4725.50 Profit=0.72%
2026-07-14 15:16:18 INFO     strategy        PnL: 15:16:18 MTM=4712.50 Profit=0.72%
2026-07-14 15:16:19 INFO     strategy        PnL: 15:16:19 MTM=4676.75 Profit=0.71%
2026-07-14 15:16:20 INFO     strategy        PnL: 15:16:20 MTM=4709.25 Profit=0.72%
2026-07-14 15:16:21 INFO     strategy        PnL: 15:16:21 MTM=4709.25 Profit=0.72%
2026-07-14 15:16:22 INFO     strategy        PnL: 15:16:22 MTM=4777.50 Profit=0.73%
2026-07-14 15:16:23 INFO     strategy        PnL: 15:16:23 MTM=4761.25 Profit=0.73%
2026-07-14 15:16:24 INFO     strategy        PnL: 15:16:24 MTM=4816.50 Profit=0.73%
2026-07-14 15:16:25 INFO     strategy        PnL: 15:16:25 MTM=4787.25 Profit=0.73%
2026-07-14 15:16:26 INFO     strategy        PnL: 15:16:26 MTM=4787.25 Profit=0.73%
2026-07-14 15:16:27 INFO     strategy        PnL: 15:16:27 MTM=4784.00 Profit=0.73%
2026-07-14 15:16:28 INFO     strategy        PnL: 15:16:28 MTM=4764.50 Profit=0.73%
2026-07-14 15:16:29 INFO     strategy        PnL: 15:16:29 MTM=4764.50 Profit=0.73%
2026-07-14 15:16:30 INFO     strategy        PnL: 15:16:30 MTM=4738.50 Profit=0.72%
2026-07-14 15:16:31 INFO     strategy        PnL: 15:16:31 MTM=4745.00 Profit=0.72%
2026-07-14 15:16:32 INFO     strategy        PnL: 15:16:32 MTM=4715.75 Profit=0.72%
2026-07-14 15:16:33 INFO     strategy        PnL: 15:16:33 MTM=4689.75 Profit=0.71%
2026-07-14 15:16:34 INFO     strategy        PnL: 15:16:34 MTM=4719.00 Profit=0.72%
2026-07-14 15:16:35 INFO     strategy        PnL: 15:16:35 MTM=4719.00 Profit=0.72%
2026-07-14 15:16:36 INFO     strategy        PnL: 15:16:36 MTM=4715.75 Profit=0.72%
2026-07-14 15:16:37 INFO     strategy        PnL: 15:16:37 MTM=4686.50 Profit=0.71%
2026-07-14 15:16:38 INFO     strategy        PnL: 15:16:38 MTM=4624.75 Profit=0.70%
2026-07-14 15:16:39 INFO     strategy        PnL: 15:16:39 MTM=4641.00 Profit=0.71%
2026-07-14 15:16:40 INFO     strategy        PnL: 15:16:40 MTM=4650.75 Profit=0.71%
2026-07-14 15:16:41 INFO     strategy        PnL: 15:16:41 MTM=4673.50 Profit=0.71%
2026-07-14 15:16:42 INFO     strategy        PnL: 15:16:42 MTM=4670.25 Profit=0.71%
2026-07-14 15:16:43 INFO     strategy        PnL: 15:16:43 MTM=4673.50 Profit=0.71%
2026-07-14 15:16:44 INFO     strategy        PnL: 15:16:44 MTM=4686.50 Profit=0.71%
2026-07-14 15:16:45 INFO     strategy        PnL: 15:16:45 MTM=4667.00 Profit=0.71%
2026-07-14 15:16:46 INFO     strategy        PnL: 15:16:46 MTM=4676.75 Profit=0.71%
2026-07-14 15:16:47 INFO     strategy        PnL: 15:16:47 MTM=4680.00 Profit=0.71%
2026-07-14 15:16:48 INFO     strategy        PnL: 15:16:48 MTM=4676.75 Profit=0.71%
2026-07-14 15:16:49 INFO     strategy        PnL: 15:16:49 MTM=4657.25 Profit=0.71%
2026-07-14 15:16:50 INFO     strategy        PnL: 15:16:50 MTM=4644.25 Profit=0.71%
2026-07-14 15:16:51 INFO     strategy        PnL: 15:16:51 MTM=4686.50 Profit=0.71%
2026-07-14 15:16:52 INFO     strategy        PnL: 15:16:52 MTM=4709.25 Profit=0.72%
2026-07-14 15:16:53 INFO     strategy        PnL: 15:16:53 MTM=4673.50 Profit=0.71%
2026-07-14 15:16:54 INFO     strategy        PnL: 15:16:54 MTM=4667.00 Profit=0.71%
2026-07-14 15:16:55 INFO     strategy        PnL: 15:16:55 MTM=4628.00 Profit=0.70%
2026-07-14 15:16:56 INFO     strategy        PnL: 15:16:56 MTM=4683.25 Profit=0.71%
2026-07-14 15:16:57 INFO     strategy        PnL: 15:16:57 MTM=4709.25 Profit=0.72%
2026-07-14 15:16:58 INFO     strategy        PnL: 15:16:58 MTM=4706.00 Profit=0.72%
2026-07-14 15:16:59 INFO     strategy        PnL: 15:16:59 MTM=4722.25 Profit=0.72%
2026-07-14 15:17:00 INFO     strategy        PnL: 15:17:00 MTM=4702.75 Profit=0.72%
2026-07-14 15:17:01 INFO     strategy        PnL: 15:17:01 MTM=4650.75 Profit=0.71%
2026-07-14 15:17:02 INFO     strategy        PnL: 15:17:02 MTM=4670.25 Profit=0.71%
2026-07-14 15:17:03 INFO     strategy        PnL: 15:17:03 MTM=4644.25 Profit=0.71%
2026-07-14 15:17:04 INFO     strategy        PnL: 15:17:04 MTM=4631.25 Profit=0.71%
2026-07-14 15:17:06 INFO     strategy        PnL: 15:17:06 MTM=4618.25 Profit=0.70%
2026-07-14 15:17:07 INFO     strategy        PnL: 15:17:07 MTM=4605.25 Profit=0.70%
2026-07-14 15:17:08 INFO     strategy        PnL: 15:17:08 MTM=4602.00 Profit=0.70%
2026-07-14 15:17:09 INFO     strategy        PnL: 15:17:09 MTM=4572.75 Profit=0.70%
2026-07-14 15:17:10 INFO     strategy        PnL: 15:17:10 MTM=4563.00 Profit=0.70%
2026-07-14 15:17:11 INFO     strategy        PnL: 15:17:11 MTM=4566.25 Profit=0.70%
2026-07-14 15:17:12 INFO     strategy        PnL: 15:17:12 MTM=4576.00 Profit=0.70%
2026-07-14 15:17:13 INFO     strategy        PnL: 15:17:13 MTM=4589.00 Profit=0.70%
2026-07-14 15:17:14 INFO     strategy        PnL: 15:17:14 MTM=4569.50 Profit=0.70%
2026-07-14 15:17:15 INFO     strategy        PnL: 15:17:15 MTM=4550.00 Profit=0.69%
2026-07-14 15:17:16 INFO     strategy        PnL: 15:17:16 MTM=4550.00 Profit=0.69%
2026-07-14 15:17:17 INFO     strategy        PnL: 15:17:17 MTM=4514.25 Profit=0.69%
2026-07-14 15:17:18 INFO     strategy        PnL: 15:17:18 MTM=4514.25 Profit=0.69%
2026-07-14 15:17:19 INFO     strategy        PnL: 15:17:19 MTM=4511.00 Profit=0.69%
2026-07-14 15:17:20 INFO     strategy        PnL: 15:17:20 MTM=4498.00 Profit=0.69%
2026-07-14 15:17:21 INFO     strategy        PnL: 15:17:21 MTM=4459.00 Profit=0.68%
2026-07-14 15:17:22 INFO     strategy        PnL: 15:17:22 MTM=4481.75 Profit=0.68%
2026-07-14 15:17:23 INFO     strategy        PnL: 15:17:23 MTM=4543.50 Profit=0.69%
2026-07-14 15:17:24 INFO     strategy        PnL: 15:17:24 MTM=4507.75 Profit=0.69%
2026-07-14 15:17:25 INFO     strategy        PnL: 15:17:25 MTM=4524.00 Profit=0.69%
2026-07-14 15:17:26 INFO     strategy        PnL: 15:17:26 MTM=4520.75 Profit=0.69%
2026-07-14 15:17:27 INFO     strategy        PnL: 15:17:27 MTM=4559.75 Profit=0.69%
2026-07-14 15:17:28 INFO     strategy        PnL: 15:17:28 MTM=4559.75 Profit=0.69%
2026-07-14 15:17:29 INFO     strategy        PnL: 15:17:29 MTM=4543.50 Profit=0.69%
2026-07-14 15:17:30 INFO     strategy        PnL: 15:17:30 MTM=4527.25 Profit=0.69%
2026-07-14 15:17:31 INFO     strategy        PnL: 15:17:31 MTM=4533.75 Profit=0.69%
2026-07-14 15:17:32 INFO     strategy        PnL: 15:17:32 MTM=4498.00 Profit=0.69%
2026-07-14 15:17:33 INFO     strategy        PnL: 15:17:33 MTM=4468.75 Profit=0.68%
2026-07-14 15:17:34 INFO     strategy        PnL: 15:17:34 MTM=4442.75 Profit=0.68%
2026-07-14 15:17:35 INFO     strategy        PnL: 15:17:35 MTM=4468.75 Profit=0.68%
2026-07-14 15:17:36 INFO     strategy        PnL: 15:17:36 MTM=4449.25 Profit=0.68%
2026-07-14 15:17:37 INFO     strategy        PnL: 15:17:37 MTM=4446.00 Profit=0.68%
2026-07-14 15:17:38 INFO     strategy        PnL: 15:17:38 MTM=4433.00 Profit=0.68%
2026-07-14 15:17:39 INFO     strategy        PnL: 15:17:39 MTM=4449.25 Profit=0.68%
2026-07-14 15:17:40 INFO     strategy        PnL: 15:17:40 MTM=4478.50 Profit=0.68%
2026-07-14 15:17:41 INFO     strategy        PnL: 15:17:41 MTM=4468.75 Profit=0.68%
2026-07-14 15:17:42 INFO     strategy        PnL: 15:17:42 MTM=4475.25 Profit=0.68%
2026-07-14 15:17:43 INFO     strategy        PnL: 15:17:43 MTM=4475.25 Profit=0.68%
2026-07-14 15:17:44 INFO     strategy        PnL: 15:17:44 MTM=4475.25 Profit=0.68%
2026-07-14 15:17:45 INFO     strategy        PnL: 15:17:45 MTM=4488.25 Profit=0.68%
2026-07-14 15:17:46 INFO     strategy        PnL: 15:17:46 MTM=4511.00 Profit=0.69%
2026-07-14 15:17:47 INFO     strategy        PnL: 15:17:47 MTM=4504.50 Profit=0.69%
2026-07-14 15:17:48 INFO     strategy        PnL: 15:17:48 MTM=4468.75 Profit=0.68%
2026-07-14 15:17:49 INFO     strategy        PnL: 15:17:49 MTM=4472.00 Profit=0.68%
2026-07-14 15:17:50 INFO     strategy        PnL: 15:17:50 MTM=4472.00 Profit=0.68%
2026-07-14 15:17:51 INFO     strategy        PnL: 15:17:51 MTM=4481.75 Profit=0.68%
2026-07-14 15:17:52 INFO     strategy        PnL: 15:17:52 MTM=4472.00 Profit=0.68%
2026-07-14 15:17:53 INFO     strategy        PnL: 15:17:53 MTM=4520.75 Profit=0.69%
2026-07-14 15:17:54 INFO     strategy        PnL: 15:17:54 MTM=4524.00 Profit=0.69%
2026-07-14 15:17:55 INFO     strategy        PnL: 15:17:55 MTM=4566.25 Profit=0.70%
2026-07-14 15:17:56 INFO     strategy        PnL: 15:17:56 MTM=4569.50 Profit=0.70%
2026-07-14 15:17:57 INFO     strategy        PnL: 15:17:57 MTM=4595.50 Profit=0.70%
2026-07-14 15:17:58 INFO     strategy        PnL: 15:17:58 MTM=4644.25 Profit=0.71%
2026-07-14 15:17:59 INFO     strategy        PnL: 15:17:59 MTM=4667.00 Profit=0.71%
2026-07-14 15:18:00 INFO     strategy        PnL: 15:18:00 MTM=4660.50 Profit=0.71%
2026-07-14 15:18:01 INFO     strategy        PnL: 15:18:01 MTM=4647.50 Profit=0.71%
2026-07-14 15:18:02 INFO     strategy        PnL: 15:18:02 MTM=4634.50 Profit=0.71%
2026-07-14 15:18:03 INFO     strategy        PnL: 15:18:03 MTM=4654.00 Profit=0.71%
2026-07-14 15:18:04 INFO     strategy        PnL: 15:18:04 MTM=4644.25 Profit=0.71%
2026-07-14 15:18:05 INFO     strategy        PnL: 15:18:05 MTM=4676.75 Profit=0.71%
2026-07-14 15:18:06 INFO     strategy        PnL: 15:18:06 MTM=4696.25 Profit=0.72%
2026-07-14 15:18:07 INFO     strategy        PnL: 15:18:07 MTM=4715.75 Profit=0.72%
2026-07-14 15:18:08 INFO     strategy        PnL: 15:18:08 MTM=4683.25 Profit=0.71%
2026-07-14 15:18:09 INFO     strategy        PnL: 15:18:09 MTM=4663.75 Profit=0.71%
2026-07-14 15:18:10 INFO     strategy        PnL: 15:18:10 MTM=4696.25 Profit=0.72%
2026-07-14 15:18:11 INFO     strategy        PnL: 15:18:11 MTM=4706.00 Profit=0.72%
2026-07-14 15:18:12 INFO     strategy        PnL: 15:18:12 MTM=4715.75 Profit=0.72%
2026-07-14 15:18:13 INFO     strategy        PnL: 15:18:13 MTM=4696.25 Profit=0.72%
2026-07-14 15:18:14 INFO     strategy        PnL: 15:18:14 MTM=4683.25 Profit=0.71%
2026-07-14 15:18:15 INFO     strategy        PnL: 15:18:15 MTM=4663.75 Profit=0.71%
2026-07-14 15:18:16 INFO     strategy        PnL: 15:18:16 MTM=4673.50 Profit=0.71%
2026-07-14 15:18:17 INFO     strategy        PnL: 15:18:17 MTM=4663.75 Profit=0.71%
2026-07-14 15:18:18 INFO     strategy        PnL: 15:18:18 MTM=4647.50 Profit=0.71%
2026-07-14 15:18:19 INFO     strategy        PnL: 15:18:19 MTM=4667.00 Profit=0.71%
2026-07-14 15:18:20 INFO     strategy        PnL: 15:18:20 MTM=4628.00 Profit=0.70%
2026-07-14 15:18:21 INFO     strategy        PnL: 15:18:21 MTM=4641.00 Profit=0.71%
2026-07-14 15:18:22 INFO     strategy        PnL: 15:18:22 MTM=4647.50 Profit=0.71%
2026-07-14 15:18:23 INFO     strategy        PnL: 15:18:23 MTM=4605.25 Profit=0.70%
2026-07-14 15:18:24 INFO     strategy        PnL: 15:18:24 MTM=4598.75 Profit=0.70%
2026-07-14 15:18:25 INFO     strategy        PnL: 15:18:25 MTM=4624.75 Profit=0.70%
2026-07-14 15:18:26 INFO     strategy        PnL: 15:18:26 MTM=4634.50 Profit=0.71%
2026-07-14 15:18:27 INFO     strategy        PnL: 15:18:27 MTM=4628.00 Profit=0.70%
2026-07-14 15:18:28 INFO     strategy        PnL: 15:18:28 MTM=4644.25 Profit=0.71%
2026-07-14 15:18:29 INFO     strategy        PnL: 15:18:29 MTM=4647.50 Profit=0.71%
2026-07-14 15:18:30 INFO     strategy        PnL: 15:18:30 MTM=4647.50 Profit=0.71%
2026-07-14 15:18:32 INFO     strategy        PnL: 15:18:32 MTM=4631.25 Profit=0.71%
2026-07-14 15:18:33 INFO     strategy        PnL: 15:18:33 MTM=4611.75 Profit=0.70%
2026-07-14 15:18:34 INFO     strategy        PnL: 15:18:34 MTM=4605.25 Profit=0.70%
2026-07-14 15:18:35 INFO     strategy        PnL: 15:18:35 MTM=4605.25 Profit=0.70%
2026-07-14 15:18:36 INFO     strategy        PnL: 15:18:36 MTM=4605.25 Profit=0.70%
2026-07-14 15:18:37 INFO     strategy        PnL: 15:18:37 MTM=4602.00 Profit=0.70%
2026-07-14 15:18:38 INFO     strategy        PnL: 15:18:38 MTM=4618.25 Profit=0.70%
2026-07-14 15:18:39 INFO     strategy        PnL: 15:18:39 MTM=4650.75 Profit=0.71%
2026-07-14 15:18:40 INFO     strategy        PnL: 15:18:40 MTM=4647.50 Profit=0.71%
2026-07-14 15:18:41 INFO     strategy        PnL: 15:18:41 MTM=4641.00 Profit=0.71%
2026-07-14 15:18:42 INFO     strategy        PnL: 15:18:42 MTM=4657.25 Profit=0.71%
2026-07-14 15:18:43 INFO     strategy        PnL: 15:18:43 MTM=4696.25 Profit=0.72%
2026-07-14 15:18:44 INFO     strategy        PnL: 15:18:44 MTM=4715.75 Profit=0.72%
2026-07-14 15:18:45 INFO     strategy        PnL: 15:18:45 MTM=4719.00 Profit=0.72%
2026-07-14 15:18:46 INFO     strategy        PnL: 15:18:46 MTM=4709.25 Profit=0.72%
2026-07-14 15:18:47 INFO     strategy        PnL: 15:18:47 MTM=4719.00 Profit=0.72%
2026-07-14 15:18:48 INFO     strategy        PnL: 15:18:48 MTM=4761.25 Profit=0.73%
2026-07-14 15:18:49 INFO     strategy        PnL: 15:18:49 MTM=4735.25 Profit=0.72%
2026-07-14 15:18:50 INFO     strategy        PnL: 15:18:50 MTM=4712.50 Profit=0.72%
2026-07-14 15:18:51 INFO     strategy        PnL: 15:18:51 MTM=4719.00 Profit=0.72%
2026-07-14 15:18:52 INFO     strategy        PnL: 15:18:52 MTM=4745.00 Profit=0.72%
2026-07-14 15:18:53 INFO     strategy        PnL: 15:18:53 MTM=4735.25 Profit=0.72%
2026-07-14 15:18:54 INFO     strategy        PnL: 15:18:54 MTM=4712.50 Profit=0.72%
2026-07-14 15:18:55 INFO     strategy        PnL: 15:18:55 MTM=4732.00 Profit=0.72%
2026-07-14 15:18:56 INFO     strategy        PnL: 15:18:56 MTM=4719.00 Profit=0.72%
2026-07-14 15:18:57 INFO     strategy        PnL: 15:18:57 MTM=4732.00 Profit=0.72%
2026-07-14 15:18:58 INFO     strategy        PnL: 15:18:58 MTM=4764.50 Profit=0.73%
2026-07-14 15:18:59 INFO     strategy        PnL: 15:18:59 MTM=4771.00 Profit=0.73%
2026-07-14 15:19:00 INFO     strategy        PnL: 15:19:00 MTM=4784.00 Profit=0.73%
2026-07-14 15:19:01 INFO     strategy        PnL: 15:19:01 MTM=4728.75 Profit=0.72%
2026-07-14 15:19:02 INFO     strategy        PnL: 15:19:02 MTM=4758.00 Profit=0.72%
2026-07-14 15:19:03 INFO     strategy        PnL: 15:19:03 MTM=4764.50 Profit=0.73%
2026-07-14 15:19:04 INFO     strategy        PnL: 15:19:04 MTM=4738.50 Profit=0.72%
2026-07-14 15:19:05 INFO     strategy        PnL: 15:19:05 MTM=4732.00 Profit=0.72%
2026-07-14 15:19:06 INFO     strategy        PnL: 15:19:06 MTM=4735.25 Profit=0.72%
2026-07-14 15:19:07 INFO     strategy        PnL: 15:19:07 MTM=4741.75 Profit=0.72%
2026-07-14 15:19:08 INFO     strategy        PnL: 15:19:08 MTM=4738.50 Profit=0.72%
2026-07-14 15:19:09 INFO     strategy        PnL: 15:19:09 MTM=4745.00 Profit=0.72%
2026-07-14 15:19:10 INFO     strategy        PnL: 15:19:10 MTM=4670.25 Profit=0.71%
2026-07-14 15:19:11 INFO     strategy        PnL: 15:19:11 MTM=4673.50 Profit=0.71%
2026-07-14 15:19:12 INFO     strategy        PnL: 15:19:12 MTM=4663.75 Profit=0.71%
2026-07-14 15:19:13 INFO     strategy        PnL: 15:19:13 MTM=4722.25 Profit=0.72%
2026-07-14 15:19:14 INFO     strategy        PnL: 15:19:14 MTM=4686.50 Profit=0.71%
2026-07-14 15:19:15 INFO     strategy        PnL: 15:19:15 MTM=4696.25 Profit=0.72%
2026-07-14 15:19:16 INFO     strategy        PnL: 15:19:16 MTM=4745.00 Profit=0.72%
2026-07-14 15:19:17 INFO     strategy        PnL: 15:19:17 MTM=4719.00 Profit=0.72%
2026-07-14 15:19:18 INFO     strategy        PnL: 15:19:18 MTM=4715.75 Profit=0.72%
2026-07-14 15:19:19 INFO     strategy        PnL: 15:19:19 MTM=4728.75 Profit=0.72%
2026-07-14 15:19:20 INFO     strategy        PnL: 15:19:20 MTM=4702.75 Profit=0.72%
2026-07-14 15:19:21 INFO     strategy        PnL: 15:19:21 MTM=4699.50 Profit=0.72%
2026-07-14 15:19:22 INFO     strategy        PnL: 15:19:22 MTM=4719.00 Profit=0.72%
2026-07-14 15:19:23 INFO     strategy        PnL: 15:19:23 MTM=4715.75 Profit=0.72%
2026-07-14 15:19:24 INFO     strategy        PnL: 15:19:24 MTM=4735.25 Profit=0.72%
2026-07-14 15:19:25 INFO     strategy        PnL: 15:19:25 MTM=4715.75 Profit=0.72%
2026-07-14 15:19:26 INFO     strategy        PnL: 15:19:26 MTM=4728.75 Profit=0.72%
2026-07-14 15:19:27 INFO     strategy        PnL: 15:19:27 MTM=4686.50 Profit=0.71%
2026-07-14 15:19:28 INFO     strategy        PnL: 15:19:28 MTM=4667.00 Profit=0.71%
2026-07-14 15:19:29 INFO     strategy        PnL: 15:19:29 MTM=4644.25 Profit=0.71%
2026-07-14 15:19:30 INFO     strategy        PnL: 15:19:30 MTM=4637.75 Profit=0.71%
2026-07-14 15:19:31 INFO     strategy        PnL: 15:19:31 MTM=4654.00 Profit=0.71%
2026-07-14 15:19:32 INFO     strategy        PnL: 15:19:32 MTM=4663.75 Profit=0.71%
2026-07-14 15:19:33 INFO     strategy        PnL: 15:19:33 MTM=4660.50 Profit=0.71%
2026-07-14 15:19:34 INFO     strategy        PnL: 15:19:34 MTM=4650.75 Profit=0.71%
2026-07-14 15:19:35 INFO     strategy        PnL: 15:19:35 MTM=4654.00 Profit=0.71%
2026-07-14 15:19:36 INFO     strategy        PnL: 15:19:36 MTM=4667.00 Profit=0.71%
2026-07-14 15:19:37 INFO     strategy        PnL: 15:19:37 MTM=4654.00 Profit=0.71%
2026-07-14 15:19:38 INFO     strategy        PnL: 15:19:38 MTM=4680.00 Profit=0.71%
2026-07-14 15:19:39 INFO     strategy        PnL: 15:19:39 MTM=4683.25 Profit=0.71%
2026-07-14 15:19:40 INFO     strategy        PnL: 15:19:40 MTM=4657.25 Profit=0.71%
2026-07-14 15:19:41 INFO     strategy        PnL: 15:19:41 MTM=4676.75 Profit=0.71%
2026-07-14 15:19:42 INFO     strategy        PnL: 15:19:42 MTM=4670.25 Profit=0.71%
2026-07-14 15:19:43 INFO     strategy        PnL: 15:19:43 MTM=4683.25 Profit=0.71%
2026-07-14 15:19:44 INFO     strategy        PnL: 15:19:44 MTM=4650.75 Profit=0.71%
2026-07-14 15:19:45 INFO     strategy        PnL: 15:19:45 MTM=4680.00 Profit=0.71%
2026-07-14 15:19:46 INFO     strategy        PnL: 15:19:46 MTM=4650.75 Profit=0.71%
2026-07-14 15:19:47 INFO     strategy        PnL: 15:19:47 MTM=4644.25 Profit=0.71%
2026-07-14 15:19:48 INFO     strategy        PnL: 15:19:48 MTM=4631.25 Profit=0.71%
2026-07-14 15:19:49 INFO     strategy        PnL: 15:19:49 MTM=4644.25 Profit=0.71%
2026-07-14 15:19:50 INFO     strategy        PnL: 15:19:50 MTM=4654.00 Profit=0.71%
2026-07-14 15:19:51 INFO     strategy        PnL: 15:19:51 MTM=4663.75 Profit=0.71%
2026-07-14 15:19:53 INFO     strategy        PnL: 15:19:52 MTM=4654.00 Profit=0.71%
2026-07-14 15:19:54 INFO     strategy        PnL: 15:19:54 MTM=4693.00 Profit=0.71%
2026-07-14 15:19:55 INFO     strategy        PnL: 15:19:55 MTM=4673.50 Profit=0.71%
2026-07-14 15:19:56 INFO     strategy        PnL: 15:19:56 MTM=4699.50 Profit=0.72%
2026-07-14 15:19:57 INFO     strategy        PnL: 15:19:57 MTM=4702.75 Profit=0.72%
2026-07-14 15:19:58 INFO     strategy        PnL: 15:19:58 MTM=4699.50 Profit=0.72%
2026-07-14 15:19:59 INFO     strategy        PnL: 15:19:59 MTM=4693.00 Profit=0.71%
2026-07-14 15:20:00 INFO     strategy        PnL: 15:20:00 MTM=4680.00 Profit=0.71%
2026-07-14 15:20:01 INFO     strategy        PnL: 15:20:01 MTM=4667.00 Profit=0.71%
2026-07-14 15:20:02 INFO     strategy        PnL: 15:20:02 MTM=4650.75 Profit=0.71%
2026-07-14 15:20:03 INFO     strategy        PnL: 15:20:03 MTM=4667.00 Profit=0.71%
2026-07-14 15:20:04 INFO     strategy        PnL: 15:20:04 MTM=4618.25 Profit=0.70%
2026-07-14 15:20:05 INFO     strategy        PnL: 15:20:05 MTM=4628.00 Profit=0.70%
2026-07-14 15:20:06 INFO     strategy        PnL: 15:20:06 MTM=4650.75 Profit=0.71%
2026-07-14 15:20:07 INFO     strategy        PnL: 15:20:07 MTM=4650.75 Profit=0.71%
2026-07-14 15:20:08 INFO     strategy        PnL: 15:20:08 MTM=4650.75 Profit=0.71%
2026-07-14 15:20:09 INFO     strategy        PnL: 15:20:09 MTM=4696.25 Profit=0.72%
2026-07-14 15:20:10 INFO     strategy        PnL: 15:20:10 MTM=4706.00 Profit=0.72%
2026-07-14 15:20:11 INFO     strategy        PnL: 15:20:11 MTM=4706.00 Profit=0.72%
2026-07-14 15:20:12 INFO     strategy        PnL: 15:20:12 MTM=4719.00 Profit=0.72%
2026-07-14 15:20:13 INFO     strategy        PnL: 15:20:13 MTM=4696.25 Profit=0.72%
2026-07-14 15:20:14 INFO     strategy        PnL: 15:20:14 MTM=4689.75 Profit=0.71%
2026-07-14 15:20:15 INFO     strategy        PnL: 15:20:15 MTM=4693.00 Profit=0.71%
2026-07-14 15:20:16 INFO     strategy        PnL: 15:20:16 MTM=4680.00 Profit=0.71%
2026-07-14 15:20:17 INFO     strategy        PnL: 15:20:17 MTM=4667.00 Profit=0.71%
2026-07-14 15:20:18 INFO     strategy        PnL: 15:20:18 MTM=4680.00 Profit=0.71%
2026-07-14 15:20:19 INFO     strategy        PnL: 15:20:19 MTM=4657.25 Profit=0.71%
2026-07-14 15:20:20 INFO     strategy        PnL: 15:20:20 MTM=4693.00 Profit=0.71%
2026-07-14 15:20:21 INFO     strategy        PnL: 15:20:21 MTM=4657.25 Profit=0.71%
2026-07-14 15:20:22 INFO     strategy        PnL: 15:20:22 MTM=4680.00 Profit=0.71%
2026-07-14 15:20:23 INFO     strategy        PnL: 15:20:23 MTM=4683.25 Profit=0.71%
2026-07-14 15:20:24 INFO     strategy        PnL: 15:20:24 MTM=4673.50 Profit=0.71%
2026-07-14 15:20:25 INFO     strategy        PnL: 15:20:25 MTM=4670.25 Profit=0.71%
2026-07-14 15:20:26 INFO     strategy        PnL: 15:20:26 MTM=4706.00 Profit=0.72%
2026-07-14 15:20:27 INFO     strategy        PnL: 15:20:27 MTM=4699.50 Profit=0.72%
2026-07-14 15:20:28 INFO     strategy        PnL: 15:20:28 MTM=4693.00 Profit=0.71%
2026-07-14 15:20:29 INFO     strategy        PnL: 15:20:29 MTM=4712.50 Profit=0.72%
2026-07-14 15:20:30 INFO     strategy        PnL: 15:20:30 MTM=4706.00 Profit=0.72%
2026-07-14 15:20:31 INFO     strategy        PnL: 15:20:31 MTM=4689.75 Profit=0.71%
2026-07-14 15:20:32 INFO     strategy        PnL: 15:20:32 MTM=4712.50 Profit=0.72%
2026-07-14 15:20:33 INFO     strategy        PnL: 15:20:33 MTM=4696.25 Profit=0.72%
2026-07-14 15:20:34 INFO     strategy        PnL: 15:20:34 MTM=4670.25 Profit=0.71%
2026-07-14 15:20:35 INFO     strategy        PnL: 15:20:35 MTM=4660.50 Profit=0.71%
2026-07-14 15:20:36 INFO     strategy        PnL: 15:20:36 MTM=4618.25 Profit=0.70%
2026-07-14 15:20:37 INFO     strategy        PnL: 15:20:37 MTM=4628.00 Profit=0.70%
2026-07-14 15:20:38 INFO     strategy        PnL: 15:20:38 MTM=4618.25 Profit=0.70%
2026-07-14 15:20:39 INFO     strategy        PnL: 15:20:39 MTM=4637.75 Profit=0.71%
2026-07-14 15:20:40 INFO     strategy        PnL: 15:20:40 MTM=4624.75 Profit=0.70%
2026-07-14 15:20:41 INFO     strategy        PnL: 15:20:41 MTM=4660.50 Profit=0.71%
2026-07-14 15:20:42 INFO     strategy        PnL: 15:20:42 MTM=4628.00 Profit=0.70%
2026-07-14 15:20:43 INFO     strategy        PnL: 15:20:43 MTM=4602.00 Profit=0.70%
2026-07-14 15:20:44 INFO     strategy        PnL: 15:20:44 MTM=4592.25 Profit=0.70%
2026-07-14 15:20:45 INFO     strategy        PnL: 15:20:45 MTM=4576.00 Profit=0.70%
2026-07-14 15:20:46 INFO     strategy        PnL: 15:20:46 MTM=4595.50 Profit=0.70%
2026-07-14 15:20:47 INFO     strategy        PnL: 15:20:47 MTM=4589.00 Profit=0.70%
2026-07-14 15:20:48 INFO     strategy        PnL: 15:20:48 MTM=4589.00 Profit=0.70%
2026-07-14 15:20:49 INFO     strategy        PnL: 15:20:49 MTM=4585.75 Profit=0.70%
2026-07-14 15:20:50 INFO     strategy        PnL: 15:20:50 MTM=4582.50 Profit=0.70%
2026-07-14 15:20:51 INFO     strategy        PnL: 15:20:51 MTM=4556.50 Profit=0.69%
2026-07-14 15:20:52 INFO     strategy        PnL: 15:20:52 MTM=4572.75 Profit=0.70%
2026-07-14 15:20:53 INFO     strategy        PnL: 15:20:53 MTM=4533.75 Profit=0.69%
2026-07-14 15:20:54 INFO     strategy        PnL: 15:20:54 MTM=4527.25 Profit=0.69%
2026-07-14 15:20:55 INFO     strategy        PnL: 15:20:55 MTM=4514.25 Profit=0.69%
2026-07-14 15:20:56 INFO     strategy        PnL: 15:20:56 MTM=4504.50 Profit=0.69%
2026-07-14 15:20:57 INFO     strategy        PnL: 15:20:57 MTM=4485.00 Profit=0.68%
2026-07-14 15:20:58 INFO     strategy        PnL: 15:20:58 MTM=4485.00 Profit=0.68%
2026-07-14 15:20:59 INFO     strategy        PnL: 15:20:59 MTM=4475.25 Profit=0.68%
2026-07-14 15:21:01 INFO     strategy        PnL: 15:21:01 MTM=4455.75 Profit=0.68%
2026-07-14 15:21:02 INFO     strategy        PnL: 15:21:02 MTM=4488.25 Profit=0.68%
2026-07-14 15:21:03 INFO     strategy        PnL: 15:21:03 MTM=4491.50 Profit=0.68%
2026-07-14 15:21:04 INFO     strategy        PnL: 15:21:04 MTM=4498.00 Profit=0.69%
2026-07-14 15:21:05 INFO     strategy        PnL: 15:21:05 MTM=4494.75 Profit=0.68%
2026-07-14 15:21:06 INFO     strategy        PnL: 15:21:06 MTM=4520.75 Profit=0.69%
2026-07-14 15:21:07 INFO     strategy        PnL: 15:21:07 MTM=4511.00 Profit=0.69%
2026-07-14 15:21:08 INFO     strategy        PnL: 15:21:08 MTM=4524.00 Profit=0.69%
2026-07-14 15:21:09 INFO     strategy        PnL: 15:21:09 MTM=4501.25 Profit=0.69%
2026-07-14 15:21:10 INFO     strategy        PnL: 15:21:10 MTM=4524.00 Profit=0.69%
2026-07-14 15:21:11 INFO     strategy        PnL: 15:21:11 MTM=4485.00 Profit=0.68%
2026-07-14 15:21:12 INFO     strategy        PnL: 15:21:12 MTM=4478.50 Profit=0.68%
2026-07-14 15:21:13 INFO     strategy        PnL: 15:21:13 MTM=4475.25 Profit=0.68%
2026-07-14 15:21:14 INFO     strategy        PnL: 15:21:14 MTM=4465.50 Profit=0.68%
2026-07-14 15:21:15 INFO     strategy        PnL: 15:21:15 MTM=4462.25 Profit=0.68%
2026-07-14 15:21:16 INFO     strategy        PnL: 15:21:16 MTM=4446.00 Profit=0.68%
2026-07-14 15:21:17 INFO     strategy        PnL: 15:21:17 MTM=4449.25 Profit=0.68%
2026-07-14 15:21:18 INFO     strategy        PnL: 15:21:18 MTM=4442.75 Profit=0.68%
2026-07-14 15:21:19 INFO     strategy        PnL: 15:21:19 MTM=4462.25 Profit=0.68%
2026-07-14 15:21:20 INFO     strategy        PnL: 15:21:20 MTM=4429.75 Profit=0.67%
2026-07-14 15:21:21 INFO     strategy        PnL: 15:21:21 MTM=4446.00 Profit=0.68%
2026-07-14 15:21:22 INFO     strategy        PnL: 15:21:22 MTM=4455.75 Profit=0.68%
2026-07-14 15:21:23 INFO     strategy        PnL: 15:21:23 MTM=4449.25 Profit=0.68%
2026-07-14 15:21:24 INFO     strategy        PnL: 15:21:24 MTM=4468.75 Profit=0.68%
2026-07-14 15:21:25 INFO     strategy        PnL: 15:21:25 MTM=4478.50 Profit=0.68%
2026-07-14 15:21:26 INFO     strategy        PnL: 15:21:26 MTM=4478.50 Profit=0.68%
2026-07-14 15:21:27 INFO     strategy        PnL: 15:21:27 MTM=4478.50 Profit=0.68%
2026-07-14 15:21:28 INFO     strategy        PnL: 15:21:28 MTM=4455.75 Profit=0.68%
2026-07-14 15:21:29 INFO     strategy        PnL: 15:21:29 MTM=4481.75 Profit=0.68%
2026-07-14 15:21:30 INFO     strategy        PnL: 15:21:30 MTM=4481.75 Profit=0.68%
2026-07-14 15:21:31 INFO     strategy        PnL: 15:21:31 MTM=4485.00 Profit=0.68%
2026-07-14 15:21:32 INFO     strategy        PnL: 15:21:32 MTM=4452.50 Profit=0.68%
2026-07-14 15:21:33 INFO     strategy        PnL: 15:21:33 MTM=4449.25 Profit=0.68%
2026-07-14 15:21:34 INFO     strategy        PnL: 15:21:34 MTM=4433.00 Profit=0.68%
2026-07-14 15:21:35 INFO     strategy        PnL: 15:21:35 MTM=4439.50 Profit=0.68%
2026-07-14 15:21:36 INFO     strategy        PnL: 15:21:36 MTM=4446.00 Profit=0.68%
2026-07-14 15:21:37 INFO     strategy        PnL: 15:21:37 MTM=4420.00 Profit=0.67%
2026-07-14 15:21:38 INFO     strategy        PnL: 15:21:38 MTM=4387.50 Profit=0.67%
2026-07-14 15:21:39 INFO     strategy        PnL: 15:21:39 MTM=4423.25 Profit=0.67%
2026-07-14 15:21:40 INFO     strategy        PnL: 15:21:40 MTM=4403.75 Profit=0.67%
2026-07-14 15:21:41 INFO     strategy        PnL: 15:21:41 MTM=4397.25 Profit=0.67%
2026-07-14 15:21:42 INFO     strategy        PnL: 15:21:42 MTM=4407.00 Profit=0.67%
2026-07-14 15:21:43 INFO     strategy        PnL: 15:21:43 MTM=4374.50 Profit=0.67%
2026-07-14 15:21:44 INFO     strategy        PnL: 15:21:44 MTM=4381.00 Profit=0.67%
2026-07-14 15:21:45 INFO     strategy        PnL: 15:21:45 MTM=4368.00 Profit=0.67%
2026-07-14 15:21:46 INFO     strategy        PnL: 15:21:46 MTM=4377.75 Profit=0.67%
2026-07-14 15:21:47 INFO     strategy        PnL: 15:21:47 MTM=4377.75 Profit=0.67%
2026-07-14 15:21:48 INFO     strategy        PnL: 15:21:48 MTM=4384.25 Profit=0.67%
2026-07-14 15:21:49 INFO     strategy        PnL: 15:21:49 MTM=4384.25 Profit=0.67%
2026-07-14 15:21:50 INFO     strategy        PnL: 15:21:50 MTM=4403.75 Profit=0.67%
2026-07-14 15:21:51 INFO     strategy        PnL: 15:21:51 MTM=4384.25 Profit=0.67%
2026-07-14 15:21:52 INFO     strategy        PnL: 15:21:52 MTM=4374.50 Profit=0.67%
2026-07-14 15:21:53 INFO     strategy        PnL: 15:21:53 MTM=4397.25 Profit=0.67%
2026-07-14 15:21:54 INFO     strategy        PnL: 15:21:54 MTM=4403.75 Profit=0.67%
2026-07-14 15:21:55 INFO     strategy        PnL: 15:21:55 MTM=4403.75 Profit=0.67%
2026-07-14 15:21:56 INFO     strategy        PnL: 15:21:56 MTM=4407.00 Profit=0.67%
2026-07-14 15:21:57 INFO     strategy        PnL: 15:21:57 MTM=4403.75 Profit=0.67%
2026-07-14 15:21:58 INFO     strategy        PnL: 15:21:58 MTM=4426.50 Profit=0.67%
2026-07-14 15:21:59 INFO     strategy        PnL: 15:21:59 MTM=4433.00 Profit=0.68%
2026-07-14 15:22:00 INFO     strategy        PnL: 15:22:00 MTM=4416.75 Profit=0.67%
2026-07-14 15:22:01 INFO     strategy        PnL: 15:22:01 MTM=4433.00 Profit=0.68%
2026-07-14 15:22:02 INFO     strategy        PnL: 15:22:02 MTM=4442.75 Profit=0.68%
2026-07-14 15:22:03 INFO     strategy        PnL: 15:22:03 MTM=4420.00 Profit=0.67%
2026-07-14 15:22:04 INFO     strategy        PnL: 15:22:04 MTM=4407.00 Profit=0.67%
2026-07-14 15:22:05 INFO     strategy        PnL: 15:22:05 MTM=4413.50 Profit=0.67%
2026-07-14 15:22:06 INFO     strategy        PnL: 15:22:06 MTM=4410.25 Profit=0.67%
2026-07-14 15:22:07 INFO     strategy        PnL: 15:22:07 MTM=4397.25 Profit=0.67%
2026-07-14 15:22:08 INFO     strategy        PnL: 15:22:08 MTM=4410.25 Profit=0.67%
2026-07-14 15:22:09 INFO     strategy        PnL: 15:22:09 MTM=4429.75 Profit=0.67%
2026-07-14 15:22:10 INFO     strategy        PnL: 15:22:10 MTM=4407.00 Profit=0.67%
2026-07-14 15:22:11 INFO     strategy        PnL: 15:22:11 MTM=4449.25 Profit=0.68%
2026-07-14 15:22:12 INFO     strategy        PnL: 15:22:12 MTM=4413.50 Profit=0.67%
2026-07-14 15:22:13 INFO     strategy        PnL: 15:22:13 MTM=4410.25 Profit=0.67%
2026-07-14 15:22:14 INFO     strategy        PnL: 15:22:14 MTM=4407.00 Profit=0.67%
2026-07-14 15:22:16 INFO     strategy        PnL: 15:22:15 MTM=4442.75 Profit=0.68%
2026-07-14 15:22:17 INFO     strategy        PnL: 15:22:17 MTM=4433.00 Profit=0.68%
2026-07-14 15:22:18 INFO     strategy        PnL: 15:22:18 MTM=4442.75 Profit=0.68%
2026-07-14 15:22:19 INFO     strategy        PnL: 15:22:19 MTM=4426.50 Profit=0.67%
2026-07-14 15:22:20 INFO     strategy        PnL: 15:22:20 MTM=4400.50 Profit=0.67%
2026-07-14 15:22:21 INFO     strategy        PnL: 15:22:21 MTM=4413.50 Profit=0.67%
2026-07-14 15:22:22 INFO     strategy        PnL: 15:22:22 MTM=4381.00 Profit=0.67%
2026-07-14 15:22:23 INFO     strategy        PnL: 15:22:23 MTM=4394.00 Profit=0.67%
2026-07-14 15:22:24 INFO     strategy        PnL: 15:22:24 MTM=4403.75 Profit=0.67%
2026-07-14 15:22:25 INFO     strategy        PnL: 15:22:25 MTM=4397.25 Profit=0.67%
2026-07-14 15:22:26 INFO     strategy        PnL: 15:22:26 MTM=4423.25 Profit=0.67%
2026-07-14 15:22:27 INFO     strategy        PnL: 15:22:27 MTM=4413.50 Profit=0.67%
2026-07-14 15:22:28 INFO     strategy        PnL: 15:22:28 MTM=4429.75 Profit=0.67%
2026-07-14 15:22:29 INFO     strategy        PnL: 15:22:29 MTM=4413.50 Profit=0.67%
2026-07-14 15:22:30 INFO     strategy        PnL: 15:22:30 MTM=4429.75 Profit=0.67%
2026-07-14 15:22:31 INFO     strategy        PnL: 15:22:31 MTM=4410.25 Profit=0.67%
2026-07-14 15:22:32 INFO     strategy        PnL: 15:22:32 MTM=4410.25 Profit=0.67%
2026-07-14 15:22:33 INFO     strategy        PnL: 15:22:33 MTM=4387.50 Profit=0.67%
2026-07-14 15:22:34 INFO     strategy        PnL: 15:22:34 MTM=4400.50 Profit=0.67%
2026-07-14 15:22:35 INFO     strategy        PnL: 15:22:35 MTM=4390.75 Profit=0.67%
2026-07-14 15:22:36 INFO     strategy        PnL: 15:22:36 MTM=4433.00 Profit=0.68%
2026-07-14 15:22:37 INFO     strategy        PnL: 15:22:37 MTM=4429.75 Profit=0.67%
2026-07-14 15:22:38 INFO     strategy        PnL: 15:22:38 MTM=4439.50 Profit=0.68%
2026-07-14 15:22:39 INFO     strategy        PnL: 15:22:39 MTM=4459.00 Profit=0.68%
2026-07-14 15:22:40 INFO     strategy        PnL: 15:22:40 MTM=4452.50 Profit=0.68%
2026-07-14 15:22:41 INFO     strategy        PnL: 15:22:41 MTM=4465.50 Profit=0.68%
2026-07-14 15:22:42 INFO     strategy        PnL: 15:22:42 MTM=4475.25 Profit=0.68%
2026-07-14 15:22:43 INFO     strategy        PnL: 15:22:43 MTM=4465.50 Profit=0.68%
2026-07-14 15:22:44 INFO     strategy        PnL: 15:22:44 MTM=4494.75 Profit=0.68%
2026-07-14 15:22:45 INFO     strategy        PnL: 15:22:45 MTM=4494.75 Profit=0.68%
2026-07-14 15:22:46 INFO     strategy        PnL: 15:22:46 MTM=4472.00 Profit=0.68%
2026-07-14 15:22:47 INFO     strategy        PnL: 15:22:47 MTM=4491.50 Profit=0.68%
2026-07-14 15:22:48 INFO     strategy        PnL: 15:22:48 MTM=4491.50 Profit=0.68%
2026-07-14 15:22:49 INFO     strategy        PnL: 15:22:49 MTM=4485.00 Profit=0.68%
2026-07-14 15:22:50 INFO     strategy        PnL: 15:22:50 MTM=4472.00 Profit=0.68%
2026-07-14 15:22:51 INFO     strategy        PnL: 15:22:51 MTM=4472.00 Profit=0.68%
2026-07-14 15:22:52 INFO     strategy        PnL: 15:22:52 MTM=4462.25 Profit=0.68%
2026-07-14 15:22:53 INFO     strategy        PnL: 15:22:53 MTM=4478.50 Profit=0.68%
2026-07-14 15:22:54 INFO     strategy        PnL: 15:22:54 MTM=4472.00 Profit=0.68%
2026-07-14 15:22:55 INFO     strategy        PnL: 15:22:55 MTM=4475.25 Profit=0.68%
2026-07-14 15:22:56 INFO     strategy        PnL: 15:22:56 MTM=4488.25 Profit=0.68%
2026-07-14 15:22:57 INFO     strategy        PnL: 15:22:57 MTM=4468.75 Profit=0.68%
2026-07-14 15:22:58 INFO     strategy        PnL: 15:22:58 MTM=4478.50 Profit=0.68%
2026-07-14 15:22:59 INFO     strategy        PnL: 15:22:59 MTM=4481.75 Profit=0.68%
2026-07-14 15:23:00 INFO     strategy        PnL: 15:23:00 MTM=4468.75 Profit=0.68%
2026-07-14 15:23:01 INFO     strategy        PnL: 15:23:01 MTM=4462.25 Profit=0.68%
2026-07-14 15:23:02 INFO     strategy        PnL: 15:23:02 MTM=4475.25 Profit=0.68%
2026-07-14 15:23:03 INFO     strategy        PnL: 15:23:03 MTM=4465.50 Profit=0.68%
2026-07-14 15:23:04 INFO     strategy        PnL: 15:23:04 MTM=4468.75 Profit=0.68%
2026-07-14 15:23:05 INFO     strategy        PnL: 15:23:05 MTM=4436.25 Profit=0.68%
2026-07-14 15:23:06 INFO     strategy        PnL: 15:23:06 MTM=4449.25 Profit=0.68%
2026-07-14 15:23:07 INFO     strategy        PnL: 15:23:07 MTM=4442.75 Profit=0.68%
2026-07-14 15:23:08 INFO     strategy        PnL: 15:23:08 MTM=4468.75 Profit=0.68%
2026-07-14 15:23:09 INFO     strategy        PnL: 15:23:09 MTM=4423.25 Profit=0.67%
2026-07-14 15:23:10 INFO     strategy        PnL: 15:23:10 MTM=4423.25 Profit=0.67%
2026-07-14 15:23:11 INFO     strategy        PnL: 15:23:11 MTM=4429.75 Profit=0.67%
2026-07-14 15:23:12 INFO     strategy        PnL: 15:23:12 MTM=4416.75 Profit=0.67%
2026-07-14 15:23:13 INFO     strategy        PnL: 15:23:13 MTM=4397.25 Profit=0.67%
2026-07-14 15:23:14 INFO     strategy        PnL: 15:23:14 MTM=4381.00 Profit=0.67%
2026-07-14 15:23:15 INFO     strategy        PnL: 15:23:15 MTM=4381.00 Profit=0.67%
2026-07-14 15:23:16 INFO     strategy        PnL: 15:23:16 MTM=4377.75 Profit=0.67%
2026-07-14 15:23:17 INFO     strategy        PnL: 15:23:17 MTM=4407.00 Profit=0.67%
2026-07-14 15:23:18 INFO     strategy        PnL: 15:23:18 MTM=4394.00 Profit=0.67%
2026-07-14 15:23:19 INFO     strategy        PnL: 15:23:19 MTM=4368.00 Profit=0.67%
2026-07-14 15:23:20 INFO     strategy        PnL: 15:23:20 MTM=4390.75 Profit=0.67%
2026-07-14 15:23:21 INFO     strategy        PnL: 15:23:21 MTM=4400.50 Profit=0.67%
2026-07-14 15:23:22 INFO     strategy        PnL: 15:23:22 MTM=4394.00 Profit=0.67%
2026-07-14 15:23:23 INFO     strategy        PnL: 15:23:23 MTM=4413.50 Profit=0.67%
2026-07-14 15:23:24 INFO     strategy        PnL: 15:23:24 MTM=4410.25 Profit=0.67%
2026-07-14 15:23:25 INFO     strategy        PnL: 15:23:25 MTM=4416.75 Profit=0.67%
2026-07-14 15:23:26 INFO     strategy        PnL: 15:23:26 MTM=4400.50 Profit=0.67%
2026-07-14 15:23:27 INFO     strategy        PnL: 15:23:27 MTM=4407.00 Profit=0.67%
2026-07-14 15:23:28 INFO     strategy        PnL: 15:23:28 MTM=4394.00 Profit=0.67%
2026-07-14 15:23:29 INFO     strategy        PnL: 15:23:29 MTM=4394.00 Profit=0.67%
2026-07-14 15:23:30 INFO     strategy        PnL: 15:23:30 MTM=4394.00 Profit=0.67%
2026-07-14 15:23:31 INFO     strategy        PnL: 15:23:31 MTM=4387.50 Profit=0.67%
2026-07-14 15:23:32 INFO     strategy        PnL: 15:23:32 MTM=4361.50 Profit=0.66%
2026-07-14 15:23:33 INFO     strategy        PnL: 15:23:33 MTM=4384.25 Profit=0.67%
2026-07-14 15:23:34 INFO     strategy        PnL: 15:23:34 MTM=4381.00 Profit=0.67%
2026-07-14 15:23:35 INFO     strategy        PnL: 15:23:35 MTM=4377.75 Profit=0.67%
2026-07-14 15:23:36 INFO     strategy        PnL: 15:23:36 MTM=4374.50 Profit=0.67%
2026-07-14 15:23:37 INFO     strategy        PnL: 15:23:37 MTM=4377.75 Profit=0.67%
2026-07-14 15:23:38 INFO     strategy        PnL: 15:23:38 MTM=4394.00 Profit=0.67%
2026-07-14 15:23:40 INFO     strategy        PnL: 15:23:40 MTM=4390.75 Profit=0.67%
2026-07-14 15:23:41 INFO     strategy        PnL: 15:23:41 MTM=4387.50 Profit=0.67%
2026-07-14 15:23:42 INFO     strategy        PnL: 15:23:42 MTM=4403.75 Profit=0.67%
2026-07-14 15:23:43 INFO     strategy        PnL: 15:23:43 MTM=4390.75 Profit=0.67%
2026-07-14 15:23:44 INFO     strategy        PnL: 15:23:44 MTM=4390.75 Profit=0.67%
2026-07-14 15:23:45 INFO     strategy        PnL: 15:23:45 MTM=4387.50 Profit=0.67%
2026-07-14 15:23:46 INFO     strategy        PnL: 15:23:46 MTM=4381.00 Profit=0.67%
2026-07-14 15:23:47 INFO     strategy        PnL: 15:23:47 MTM=4420.00 Profit=0.67%
2026-07-14 15:23:48 INFO     strategy        PnL: 15:23:48 MTM=4387.50 Profit=0.67%
2026-07-14 15:23:49 INFO     strategy        PnL: 15:23:49 MTM=4403.75 Profit=0.67%
2026-07-14 15:23:50 INFO     strategy        PnL: 15:23:50 MTM=4413.50 Profit=0.67%
2026-07-14 15:23:51 INFO     strategy        PnL: 15:23:51 MTM=4403.75 Profit=0.67%
2026-07-14 15:23:52 INFO     strategy        PnL: 15:23:52 MTM=4387.50 Profit=0.67%
2026-07-14 15:23:53 INFO     strategy        PnL: 15:23:53 MTM=4407.00 Profit=0.67%
2026-07-14 15:23:54 INFO     strategy        PnL: 15:23:54 MTM=4416.75 Profit=0.67%
2026-07-14 15:23:55 INFO     strategy        PnL: 15:23:55 MTM=4420.00 Profit=0.67%
2026-07-14 15:23:56 INFO     strategy        PnL: 15:23:56 MTM=4420.00 Profit=0.67%
2026-07-14 15:23:57 INFO     strategy        PnL: 15:23:57 MTM=4416.75 Profit=0.67%
2026-07-14 15:23:58 INFO     strategy        PnL: 15:23:58 MTM=4410.25 Profit=0.67%
2026-07-14 15:23:59 INFO     strategy        PnL: 15:23:59 MTM=4384.25 Profit=0.67%
2026-07-14 15:24:00 INFO     strategy        PnL: 15:24:00 MTM=4420.00 Profit=0.67%
2026-07-14 15:24:01 INFO     strategy        PnL: 15:24:01 MTM=4416.75 Profit=0.67%
2026-07-14 15:24:02 INFO     strategy        PnL: 15:24:02 MTM=4410.25 Profit=0.67%
2026-07-14 15:24:03 INFO     strategy        PnL: 15:24:03 MTM=4420.00 Profit=0.67%
2026-07-14 15:24:04 INFO     strategy        PnL: 15:24:04 MTM=4416.75 Profit=0.67%
2026-07-14 15:24:05 INFO     strategy        PnL: 15:24:05 MTM=4429.75 Profit=0.67%
2026-07-14 15:24:06 INFO     strategy        PnL: 15:24:06 MTM=4429.75 Profit=0.67%
2026-07-14 15:24:07 INFO     strategy        PnL: 15:24:07 MTM=4420.00 Profit=0.67%
2026-07-14 15:24:08 INFO     strategy        PnL: 15:24:08 MTM=4407.00 Profit=0.67%
2026-07-14 15:24:09 INFO     strategy        PnL: 15:24:09 MTM=4420.00 Profit=0.67%
2026-07-14 15:24:10 INFO     strategy        PnL: 15:24:10 MTM=4416.75 Profit=0.67%
2026-07-14 15:24:11 INFO     strategy        PnL: 15:24:11 MTM=4410.25 Profit=0.67%
2026-07-14 15:24:12 INFO     strategy        PnL: 15:24:12 MTM=4429.75 Profit=0.67%
2026-07-14 15:24:13 INFO     strategy        PnL: 15:24:13 MTM=4413.50 Profit=0.67%
2026-07-14 15:24:14 INFO     strategy        PnL: 15:24:14 MTM=4413.50 Profit=0.67%
2026-07-14 15:24:15 INFO     strategy        PnL: 15:24:15 MTM=4423.25 Profit=0.67%
2026-07-14 15:24:16 INFO     strategy        PnL: 15:24:16 MTM=4403.75 Profit=0.67%
2026-07-14 15:24:17 INFO     strategy        PnL: 15:24:17 MTM=4384.25 Profit=0.67%
2026-07-14 15:24:18 INFO     strategy        PnL: 15:24:18 MTM=4407.00 Profit=0.67%
2026-07-14 15:24:19 INFO     strategy        PnL: 15:24:19 MTM=4381.00 Profit=0.67%
2026-07-14 15:24:20 INFO     strategy        PnL: 15:24:20 MTM=4387.50 Profit=0.67%
2026-07-14 15:24:21 INFO     strategy        PnL: 15:24:21 MTM=4355.00 Profit=0.66%
2026-07-14 15:24:22 INFO     strategy        PnL: 15:24:22 MTM=4397.25 Profit=0.67%
2026-07-14 15:24:23 INFO     strategy        PnL: 15:24:23 MTM=4400.50 Profit=0.67%
2026-07-14 15:24:24 INFO     strategy        PnL: 15:24:24 MTM=4361.50 Profit=0.66%
2026-07-14 15:24:25 INFO     strategy        PnL: 15:24:25 MTM=4387.50 Profit=0.67%
2026-07-14 15:24:26 INFO     strategy        PnL: 15:24:26 MTM=4390.75 Profit=0.67%
2026-07-14 15:24:27 INFO     strategy        PnL: 15:24:27 MTM=4387.50 Profit=0.67%
2026-07-14 15:24:28 INFO     strategy        PnL: 15:24:28 MTM=4394.00 Profit=0.67%
2026-07-14 15:24:29 INFO     strategy        PnL: 15:24:29 MTM=4397.25 Profit=0.67%
2026-07-14 15:24:30 INFO     strategy        PnL: 15:24:30 MTM=4390.75 Profit=0.67%
2026-07-14 15:24:31 INFO     strategy        PnL: 15:24:31 MTM=4397.25 Profit=0.67%
2026-07-14 15:24:33 INFO     strategy        PnL: 15:24:33 MTM=4394.00 Profit=0.67%
2026-07-14 15:24:34 INFO     strategy        PnL: 15:24:34 MTM=4394.00 Profit=0.67%
2026-07-14 15:24:35 INFO     strategy        PnL: 15:24:35 MTM=4384.25 Profit=0.67%
2026-07-14 15:24:36 INFO     strategy        PnL: 15:24:36 MTM=4384.25 Profit=0.67%
2026-07-14 15:24:37 INFO     strategy        PnL: 15:24:37 MTM=4381.00 Profit=0.67%
2026-07-14 15:24:38 INFO     strategy        PnL: 15:24:38 MTM=4387.50 Profit=0.67%
2026-07-14 15:24:39 INFO     strategy        PnL: 15:24:39 MTM=4397.25 Profit=0.67%
2026-07-14 15:24:40 INFO     strategy        PnL: 15:24:40 MTM=4384.25 Profit=0.67%
2026-07-14 15:24:41 INFO     strategy        PnL: 15:24:41 MTM=4390.75 Profit=0.67%
2026-07-14 15:24:42 INFO     strategy        PnL: 15:24:42 MTM=4390.75 Profit=0.67%
2026-07-14 15:24:43 INFO     strategy        PnL: 15:24:43 MTM=4387.50 Profit=0.67%
2026-07-14 15:24:44 INFO     strategy        PnL: 15:24:44 MTM=4390.75 Profit=0.67%
2026-07-14 15:24:45 INFO     strategy        PnL: 15:24:45 MTM=4381.00 Profit=0.67%
2026-07-14 15:24:46 INFO     strategy        PnL: 15:24:46 MTM=4377.75 Profit=0.67%
2026-07-14 15:24:47 INFO     strategy        PnL: 15:24:47 MTM=4394.00 Profit=0.67%
2026-07-14 15:24:48 INFO     strategy        PnL: 15:24:48 MTM=4394.00 Profit=0.67%
2026-07-14 15:24:49 INFO     strategy        PnL: 15:24:49 MTM=4397.25 Profit=0.67%
2026-07-14 15:24:50 INFO     strategy        PnL: 15:24:50 MTM=4394.00 Profit=0.67%
2026-07-14 15:24:51 INFO     strategy        PnL: 15:24:51 MTM=4381.00 Profit=0.67%
2026-07-14 15:24:52 INFO     strategy        PnL: 15:24:52 MTM=4397.25 Profit=0.67%
2026-07-14 15:24:53 INFO     strategy        PnL: 15:24:53 MTM=4384.25 Profit=0.67%
2026-07-14 15:24:54 INFO     strategy        PnL: 15:24:54 MTM=4390.75 Profit=0.67%
2026-07-14 15:24:55 INFO     strategy        PnL: 15:24:55 MTM=4407.00 Profit=0.67%
2026-07-14 15:24:56 INFO     strategy        PnL: 15:24:56 MTM=4403.75 Profit=0.67%
2026-07-14 15:24:57 INFO     strategy        PnL: 15:24:57 MTM=4377.75 Profit=0.67%
2026-07-14 15:24:58 INFO     strategy        PnL: 15:24:58 MTM=4394.00 Profit=0.67%
2026-07-14 15:24:59 INFO     strategy        PnL: 15:24:59 MTM=4413.50 Profit=0.67%
2026-07-14 15:25:00 INFO     strategy        PnL: 15:25:00 MTM=4397.25 Profit=0.67%
2026-07-14 15:25:01 INFO     strategy        PnL: 15:25:01 MTM=4387.50 Profit=0.67%
2026-07-14 15:25:02 INFO     strategy        PnL: 15:25:02 MTM=4416.75 Profit=0.67%
2026-07-14 15:25:03 INFO     strategy        PnL: 15:25:03 MTM=4429.75 Profit=0.67%
2026-07-14 15:25:04 INFO     strategy        PnL: 15:25:04 MTM=4429.75 Profit=0.67%
2026-07-14 15:25:05 INFO     strategy        PnL: 15:25:05 MTM=4416.75 Profit=0.67%
2026-07-14 15:25:06 INFO     strategy        PnL: 15:25:06 MTM=4416.75 Profit=0.67%
2026-07-14 15:25:07 INFO     strategy        PnL: 15:25:07 MTM=4394.00 Profit=0.67%
2026-07-14 15:25:08 INFO     strategy        PnL: 15:25:08 MTM=4403.75 Profit=0.67%
2026-07-14 15:25:09 INFO     strategy        PnL: 15:25:09 MTM=4403.75 Profit=0.67%
2026-07-14 15:25:10 INFO     strategy        PnL: 15:25:10 MTM=4387.50 Profit=0.67%
2026-07-14 15:25:11 INFO     strategy        PnL: 15:25:11 MTM=4400.50 Profit=0.67%
2026-07-14 15:25:12 INFO     strategy        PnL: 15:25:12 MTM=4413.50 Profit=0.67%
2026-07-14 15:25:13 INFO     strategy        PnL: 15:25:13 MTM=4400.50 Profit=0.67%
2026-07-14 15:25:14 INFO     strategy        PnL: 15:25:14 MTM=4390.75 Profit=0.67%
2026-07-14 15:25:15 INFO     strategy        PnL: 15:25:15 MTM=4394.00 Profit=0.67%
2026-07-14 15:25:16 INFO     strategy        PnL: 15:25:16 MTM=4384.25 Profit=0.67%
2026-07-14 15:25:17 INFO     strategy        PnL: 15:25:17 MTM=4397.25 Profit=0.67%
2026-07-14 15:25:18 INFO     strategy        PnL: 15:25:18 MTM=4381.00 Profit=0.67%
2026-07-14 15:25:19 INFO     strategy        PnL: 15:25:19 MTM=4413.50 Profit=0.67%
2026-07-14 15:25:20 INFO     strategy        PnL: 15:25:20 MTM=4390.75 Profit=0.67%
2026-07-14 15:25:21 INFO     strategy        PnL: 15:25:21 MTM=4413.50 Profit=0.67%
2026-07-14 15:25:22 INFO     strategy        PnL: 15:25:22 MTM=4397.25 Profit=0.67%
2026-07-14 15:25:23 INFO     strategy        PnL: 15:25:23 MTM=4400.50 Profit=0.67%
2026-07-14 15:25:24 INFO     strategy        PnL: 15:25:24 MTM=4390.75 Profit=0.67%
2026-07-14 15:25:25 INFO     strategy        PnL: 15:25:25 MTM=4394.00 Profit=0.67%
2026-07-14 15:25:26 INFO     strategy        PnL: 15:25:26 MTM=4397.25 Profit=0.67%
2026-07-14 15:25:27 INFO     strategy        PnL: 15:25:27 MTM=4410.25 Profit=0.67%
2026-07-14 15:25:28 INFO     strategy        PnL: 15:25:28 MTM=4390.75 Profit=0.67%
2026-07-14 15:25:29 INFO     strategy        PnL: 15:25:29 MTM=4403.75 Profit=0.67%
2026-07-14 15:25:30 INFO     strategy        PnL: 15:25:30 MTM=4416.75 Profit=0.67%
2026-07-14 15:25:31 INFO     strategy        PnL: 15:25:31 MTM=4420.00 Profit=0.67%
2026-07-14 15:25:32 INFO     strategy        PnL: 15:25:32 MTM=4429.75 Profit=0.67%
2026-07-14 15:25:33 INFO     strategy        PnL: 15:25:33 MTM=4426.50 Profit=0.67%
2026-07-14 15:25:34 INFO     strategy        PnL: 15:25:34 MTM=4442.75 Profit=0.68%
2026-07-14 15:25:35 INFO     strategy        PnL: 15:25:35 MTM=4442.75 Profit=0.68%
2026-07-14 15:25:36 INFO     strategy        PnL: 15:25:36 MTM=4442.75 Profit=0.68%
2026-07-14 15:25:37 INFO     strategy        PnL: 15:25:37 MTM=4423.25 Profit=0.67%
2026-07-14 15:25:38 INFO     strategy        PnL: 15:25:38 MTM=4439.50 Profit=0.68%
2026-07-14 15:25:39 INFO     strategy        PnL: 15:25:39 MTM=4429.75 Profit=0.67%
2026-07-14 15:25:40 INFO     strategy        PnL: 15:25:40 MTM=4420.00 Profit=0.67%
2026-07-14 15:25:41 INFO     strategy        PnL: 15:25:41 MTM=4420.00 Profit=0.67%
2026-07-14 15:25:42 INFO     strategy        PnL: 15:25:42 MTM=4436.25 Profit=0.68%
2026-07-14 15:25:43 INFO     strategy        PnL: 15:25:43 MTM=4420.00 Profit=0.67%
2026-07-14 15:25:44 INFO     strategy        PnL: 15:25:44 MTM=4426.50 Profit=0.67%
2026-07-14 15:25:45 INFO     strategy        PnL: 15:25:45 MTM=4439.50 Profit=0.68%
2026-07-14 15:25:46 INFO     strategy        PnL: 15:25:46 MTM=4423.25 Profit=0.67%
2026-07-14 15:25:47 INFO     strategy        PnL: 15:25:47 MTM=4420.00 Profit=0.67%
2026-07-14 15:25:48 INFO     strategy        PnL: 15:25:48 MTM=4423.25 Profit=0.67%
2026-07-14 15:25:49 INFO     strategy        PnL: 15:25:49 MTM=4413.50 Profit=0.67%
2026-07-14 15:25:50 INFO     strategy        PnL: 15:25:50 MTM=4429.75 Profit=0.67%
2026-07-14 15:25:51 INFO     strategy        PnL: 15:25:51 MTM=4423.25 Profit=0.67%
2026-07-14 15:25:52 INFO     strategy        PnL: 15:25:52 MTM=4407.00 Profit=0.67%
2026-07-14 15:25:53 INFO     strategy        PnL: 15:25:53 MTM=4407.00 Profit=0.67%
2026-07-14 15:25:54 INFO     strategy        PnL: 15:25:54 MTM=4407.00 Profit=0.67%
2026-07-14 15:25:55 INFO     strategy        PnL: 15:25:55 MTM=4426.50 Profit=0.67%
2026-07-14 15:25:56 INFO     strategy        PnL: 15:25:56 MTM=4426.50 Profit=0.67%
2026-07-14 15:25:57 INFO     strategy        PnL: 15:25:57 MTM=4429.75 Profit=0.67%
2026-07-14 15:25:58 INFO     strategy        PnL: 15:25:58 MTM=4423.25 Profit=0.67%
2026-07-14 15:25:59 INFO     strategy        PnL: 15:25:59 MTM=4423.25 Profit=0.67%
2026-07-14 15:26:00 INFO     strategy        PnL: 15:26:00 MTM=4420.00 Profit=0.67%
2026-07-14 15:26:01 INFO     strategy        PnL: 15:26:01 MTM=4407.00 Profit=0.67%
2026-07-14 15:26:02 INFO     strategy        PnL: 15:26:02 MTM=4413.50 Profit=0.67%
2026-07-14 15:26:03 INFO     strategy        PnL: 15:26:03 MTM=4416.75 Profit=0.67%
2026-07-14 15:26:04 INFO     strategy        PnL: 15:26:04 MTM=4423.25 Profit=0.67%
2026-07-14 15:26:05 INFO     strategy        PnL: 15:26:05 MTM=4400.50 Profit=0.67%
2026-07-14 15:26:06 INFO     strategy        PnL: 15:26:06 MTM=4413.50 Profit=0.67%
2026-07-14 15:26:07 INFO     strategy        PnL: 15:26:07 MTM=4416.75 Profit=0.67%
2026-07-14 15:26:08 INFO     strategy        PnL: 15:26:08 MTM=4410.25 Profit=0.67%
2026-07-14 15:26:09 INFO     strategy        PnL: 15:26:09 MTM=4410.25 Profit=0.67%
2026-07-14 15:26:10 INFO     strategy        PnL: 15:26:10 MTM=4400.50 Profit=0.67%
2026-07-14 15:26:11 INFO     strategy        PnL: 15:26:11 MTM=4413.50 Profit=0.67%
2026-07-14 15:26:12 INFO     strategy        PnL: 15:26:12 MTM=4423.25 Profit=0.67%
2026-07-14 15:26:13 INFO     strategy        PnL: 15:26:13 MTM=4410.25 Profit=0.67%
2026-07-14 15:26:14 INFO     strategy        PnL: 15:26:14 MTM=4433.00 Profit=0.68%
2026-07-14 15:26:15 INFO     strategy        PnL: 15:26:15 MTM=4416.75 Profit=0.67%
2026-07-14 15:26:16 INFO     strategy        PnL: 15:26:16 MTM=4416.75 Profit=0.67%
2026-07-14 15:26:17 INFO     strategy        PnL: 15:26:17 MTM=4416.75 Profit=0.67%
2026-07-14 15:26:18 INFO     strategy        PnL: 15:26:18 MTM=4433.00 Profit=0.68%
2026-07-14 15:26:19 INFO     strategy        PnL: 15:26:19 MTM=4429.75 Profit=0.67%
2026-07-14 15:26:20 INFO     strategy        PnL: 15:26:20 MTM=4420.00 Profit=0.67%
2026-07-14 15:26:21 INFO     strategy        PnL: 15:26:21 MTM=4439.50 Profit=0.68%
2026-07-14 15:26:22 INFO     strategy        PnL: 15:26:22 MTM=4455.75 Profit=0.68%
2026-07-14 15:26:23 INFO     strategy        PnL: 15:26:23 MTM=4449.25 Profit=0.68%
2026-07-14 15:26:24 INFO     strategy        PnL: 15:26:24 MTM=4472.00 Profit=0.68%
2026-07-14 15:26:25 INFO     strategy        PnL: 15:26:25 MTM=4465.50 Profit=0.68%
2026-07-14 15:26:26 INFO     strategy        PnL: 15:26:26 MTM=4468.75 Profit=0.68%
2026-07-14 15:26:27 INFO     strategy        PnL: 15:26:27 MTM=4478.50 Profit=0.68%
2026-07-14 15:26:28 INFO     strategy        PnL: 15:26:28 MTM=4468.75 Profit=0.68%
2026-07-14 15:26:29 INFO     strategy        PnL: 15:26:29 MTM=4462.25 Profit=0.68%
2026-07-14 15:26:30 INFO     strategy        PnL: 15:26:30 MTM=4455.75 Profit=0.68%
2026-07-14 15:26:31 INFO     strategy        PnL: 15:26:31 MTM=4465.50 Profit=0.68%
2026-07-14 15:26:33 INFO     strategy        PnL: 15:26:32 MTM=4478.50 Profit=0.68%
2026-07-14 15:26:34 INFO     strategy        PnL: 15:26:34 MTM=4436.25 Profit=0.68%
2026-07-14 15:26:35 INFO     strategy        PnL: 15:26:35 MTM=4442.75 Profit=0.68%
2026-07-14 15:26:36 INFO     strategy        PnL: 15:26:36 MTM=4449.25 Profit=0.68%
2026-07-14 15:26:37 INFO     strategy        PnL: 15:26:37 MTM=4436.25 Profit=0.68%
2026-07-14 15:26:38 INFO     strategy        PnL: 15:26:38 MTM=4439.50 Profit=0.68%
2026-07-14 15:26:39 INFO     strategy        PnL: 15:26:39 MTM=4452.50 Profit=0.68%
2026-07-14 15:26:40 INFO     strategy        PnL: 15:26:40 MTM=4436.25 Profit=0.68%
2026-07-14 15:26:41 INFO     strategy        PnL: 15:26:41 MTM=4449.25 Profit=0.68%
2026-07-14 15:26:42 INFO     strategy        PnL: 15:26:42 MTM=4442.75 Profit=0.68%
2026-07-14 15:26:43 INFO     strategy        PnL: 15:26:43 MTM=4449.25 Profit=0.68%
2026-07-14 15:26:44 INFO     strategy        PnL: 15:26:44 MTM=4455.75 Profit=0.68%
2026-07-14 15:26:45 INFO     strategy        PnL: 15:26:45 MTM=4446.00 Profit=0.68%
2026-07-14 15:26:46 INFO     strategy        PnL: 15:26:46 MTM=4449.25 Profit=0.68%
2026-07-14 15:26:47 INFO     strategy        PnL: 15:26:47 MTM=4439.50 Profit=0.68%
2026-07-14 15:26:48 INFO     strategy        PnL: 15:26:48 MTM=4426.50 Profit=0.67%
2026-07-14 15:26:49 INFO     strategy        PnL: 15:26:49 MTM=4429.75 Profit=0.67%
2026-07-14 15:26:50 INFO     strategy        PnL: 15:26:50 MTM=4446.00 Profit=0.68%
2026-07-14 15:26:51 INFO     strategy        PnL: 15:26:51 MTM=4433.00 Profit=0.68%
2026-07-14 15:26:52 INFO     strategy        PnL: 15:26:52 MTM=4439.50 Profit=0.68%
2026-07-14 15:26:53 INFO     strategy        PnL: 15:26:53 MTM=4449.25 Profit=0.68%
2026-07-14 15:26:54 INFO     strategy        PnL: 15:26:54 MTM=4446.00 Profit=0.68%
2026-07-14 15:26:55 INFO     strategy        PnL: 15:26:55 MTM=4439.50 Profit=0.68%
2026-07-14 15:26:56 INFO     strategy        PnL: 15:26:56 MTM=4449.25 Profit=0.68%
2026-07-14 15:26:57 INFO     strategy        PnL: 15:26:57 MTM=4436.25 Profit=0.68%
2026-07-14 15:26:58 INFO     strategy        PnL: 15:26:58 MTM=4452.50 Profit=0.68%
2026-07-14 15:26:59 INFO     strategy        PnL: 15:26:59 MTM=4459.00 Profit=0.68%
2026-07-14 15:27:00 INFO     strategy        Scheduled exit at 15:27:00
2026-07-14 15:27:00 INFO     strategy        Exit completed: reason=SCHEDULED_EXIT final_mtm=4455.75
2026-07-14 15:27:00 INFO     strategy        Session finalized: PnL=4455.75 reason=SCHEDULED_EXIT
