2026-07-21 12:18:25 INFO     strategy        Strategy starting: NIFTY expiry=2026-07-21
2026-07-21 12:18:26 INFO     strategy        Position entered: ATM=24150 SELL CE=24250 SELL PE=24050 MTM=0.00 Margin=664911.00
2026-07-21 12:18:26 INFO     strategy        Monitoring started
2026-07-21 12:18:26 INFO     strategy        PnL: 12:18:26 MTM=0.00 Profit=0.00%
2026-07-21 12:18:27 INFO     strategy        PnL: 12:18:27 MTM=19.50 Profit=0.00%
2026-07-21 12:18:28 INFO     strategy        PnL: 12:18:28 MTM=3.25 Profit=0.00%
2026-07-21 12:18:29 INFO     strategy        PnL: 12:18:29 MTM=-6.50 Loss=0.00%
2026-07-21 12:18:30 INFO     strategy        PnL: 12:18:30 MTM=-3.25 Loss=0.00%
2026-07-21 12:18:31 INFO     strategy        PnL: 12:18:31 MTM=6.50 Profit=0.00%
2026-07-21 12:18:32 INFO     strategy        PnL: 12:18:32 MTM=22.75 Profit=0.00%
2026-07-21 12:18:33 INFO     strategy        PnL: 12:18:33 MTM=3.25 Profit=0.00%
2026-07-21 12:18:34 INFO     strategy        PnL: 12:18:34 MTM=0.00 Profit=0.00%
2026-07-21 12:18:35 INFO     strategy        PnL: 12:18:35 MTM=-9.75 Loss=0.00%
2026-07-21 12:18:36 INFO     strategy        PnL: 12:18:36 MTM=16.25 Profit=0.00%
2026-07-21 12:18:37 INFO     strategy        PnL: 12:18:37 MTM=-3.25 Loss=0.00%
2026-07-21 12:18:38 INFO     strategy        PnL: 12:18:38 MTM=-3.25 Loss=0.00%
2026-07-21 12:18:40 INFO     strategy        PnL: 12:18:40 MTM=3.25 Profit=0.00%
2026-07-21 12:18:41 INFO     strategy        PnL: 12:18:41 MTM=-0.00 Loss=0.00%
2026-07-21 12:18:42 INFO     strategy        PnL: 12:18:42 MTM=9.75 Profit=0.00%
2026-07-21 12:18:43 INFO     strategy        PnL: 12:18:43 MTM=-6.50 Loss=0.00%
2026-07-21 12:18:44 INFO     strategy        PnL: 12:18:44 MTM=-6.50 Loss=0.00%
2026-07-21 12:18:45 INFO     strategy        PnL: 12:18:45 MTM=-3.25 Loss=0.00%
2026-07-21 12:18:46 INFO     strategy        PnL: 12:18:46 MTM=-16.25 Loss=0.00%
2026-07-21 12:18:47 INFO     strategy        PnL: 12:18:47 MTM=3.25 Profit=0.00%
2026-07-21 12:18:48 INFO     strategy        PnL: 12:18:48 MTM=9.75 Profit=0.00%
2026-07-21 12:18:49 INFO     strategy        PnL: 12:18:49 MTM=0.00 Profit=0.00%
2026-07-21 12:18:50 INFO     strategy        PnL: 12:18:50 MTM=13.00 Profit=0.00%
2026-07-21 12:18:51 INFO     strategy        PnL: 12:18:51 MTM=0.00 Profit=0.00%
2026-07-21 12:18:52 INFO     strategy        PnL: 12:18:52 MTM=9.75 Profit=0.00%
2026-07-21 12:18:53 INFO     strategy        PnL: 12:18:53 MTM=-3.25 Loss=0.00%
2026-07-21 12:18:54 INFO     strategy        PnL: 12:18:54 MTM=-3.25 Loss=0.00%
2026-07-21 12:18:55 INFO     strategy        PnL: 12:18:55 MTM=-13.00 Loss=0.00%
2026-07-21 12:18:56 INFO     strategy        PnL: 12:18:56 MTM=-9.75 Loss=0.00%
2026-07-21 12:18:57 INFO     strategy        PnL: 12:18:57 MTM=0.00 Profit=0.00%
2026-07-21 12:18:58 INFO     strategy        PnL: 12:18:58 MTM=9.75 Profit=0.00%
2026-07-21 12:18:59 INFO     strategy        PnL: 12:18:59 MTM=-6.50 Loss=0.00%
2026-07-21 12:19:00 INFO     strategy        PnL: 12:19:00 MTM=13.00 Profit=0.00%
2026-07-21 12:19:01 INFO     strategy        PnL: 12:19:01 MTM=3.25 Profit=0.00%
2026-07-21 12:19:02 INFO     strategy        PnL: 12:19:02 MTM=6.50 Profit=0.00%
2026-07-21 12:19:03 INFO     strategy        PnL: 12:19:03 MTM=32.50 Profit=0.00%
2026-07-21 12:19:04 INFO     strategy        PnL: 12:19:04 MTM=-6.50 Loss=0.00%
2026-07-21 12:19:05 INFO     strategy        PnL: 12:19:05 MTM=-6.50 Loss=0.00%
2026-07-21 12:19:06 INFO     strategy        PnL: 12:19:06 MTM=9.75 Profit=0.00%
2026-07-21 12:19:07 INFO     strategy        PnL: 12:19:07 MTM=16.25 Profit=0.00%
2026-07-21 12:19:08 INFO     strategy        PnL: 12:19:08 MTM=32.50 Profit=0.00%
2026-07-21 12:19:09 INFO     strategy        PnL: 12:19:09 MTM=19.50 Profit=0.00%
2026-07-21 12:19:10 INFO     strategy        PnL: 12:19:10 MTM=19.50 Profit=0.00%
2026-07-21 12:19:11 INFO     strategy        PnL: 12:19:11 MTM=6.50 Profit=0.00%
2026-07-21 12:19:12 INFO     strategy        PnL: 12:19:12 MTM=-16.25 Loss=0.00%
2026-07-21 12:19:13 INFO     strategy        PnL: 12:19:13 MTM=13.00 Profit=0.00%
2026-07-21 12:19:14 INFO     strategy        PnL: 12:19:14 MTM=3.25 Profit=0.00%
2026-07-21 12:19:15 INFO     strategy        PnL: 12:19:15 MTM=26.00 Profit=0.00%
2026-07-21 12:19:16 INFO     strategy        PnL: 12:19:16 MTM=26.00 Profit=0.00%
2026-07-21 12:19:17 INFO     strategy        PnL: 12:19:17 MTM=6.50 Profit=0.00%
2026-07-21 12:19:18 INFO     strategy        PnL: 12:19:18 MTM=6.50 Profit=0.00%
2026-07-21 12:19:19 INFO     strategy        PnL: 12:19:19 MTM=22.75 Profit=0.00%
2026-07-21 12:19:20 INFO     strategy        PnL: 12:19:20 MTM=-9.75 Loss=0.00%
2026-07-21 12:19:21 INFO     strategy        PnL: 12:19:21 MTM=19.50 Profit=0.00%
2026-07-21 12:19:22 INFO     strategy        PnL: 12:19:22 MTM=6.50 Profit=0.00%
2026-07-21 12:19:23 INFO     strategy        PnL: 12:19:23 MTM=6.50 Profit=0.00%
2026-07-21 12:19:24 INFO     strategy        PnL: 12:19:24 MTM=13.00 Profit=0.00%
2026-07-21 12:19:25 INFO     strategy        PnL: 12:19:25 MTM=13.00 Profit=0.00%
2026-07-21 12:19:26 INFO     strategy        PnL: 12:19:26 MTM=0.00 Profit=0.00%
2026-07-21 12:19:27 INFO     strategy        PnL: 12:19:27 MTM=13.00 Profit=0.00%
2026-07-21 12:19:28 INFO     strategy        PnL: 12:19:28 MTM=19.50 Profit=0.00%
2026-07-21 12:19:29 INFO     strategy        PnL: 12:19:29 MTM=16.25 Profit=0.00%
2026-07-21 12:19:30 INFO     strategy        PnL: 12:19:30 MTM=3.25 Profit=0.00%
2026-07-21 12:19:31 INFO     strategy        PnL: 12:19:31 MTM=32.50 Profit=0.00%
2026-07-21 12:19:32 INFO     strategy        PnL: 12:19:32 MTM=0.00 Profit=0.00%
2026-07-21 12:19:33 INFO     strategy        PnL: 12:19:33 MTM=3.25 Profit=0.00%
2026-07-21 12:19:34 INFO     strategy        PnL: 12:19:34 MTM=13.00 Profit=0.00%
2026-07-21 12:19:35 INFO     strategy        PnL: 12:19:35 MTM=-3.25 Loss=0.00%
2026-07-21 12:19:36 INFO     strategy        PnL: 12:19:36 MTM=26.00 Profit=0.00%
2026-07-21 12:19:37 INFO     strategy        PnL: 12:19:37 MTM=16.25 Profit=0.00%
2026-07-21 12:19:38 INFO     strategy        PnL: 12:19:38 MTM=19.50 Profit=0.00%
2026-07-21 12:19:39 INFO     strategy        PnL: 12:19:39 MTM=16.25 Profit=0.00%
2026-07-21 12:19:40 INFO     strategy        PnL: 12:19:40 MTM=-9.75 Loss=0.00%
2026-07-21 12:19:41 INFO     strategy        PnL: 12:19:41 MTM=6.50 Profit=0.00%
2026-07-21 12:19:42 INFO     strategy        PnL: 12:19:42 MTM=16.25 Profit=0.00%
2026-07-21 12:19:43 INFO     strategy        PnL: 12:19:43 MTM=13.00 Profit=0.00%
2026-07-21 12:19:44 INFO     strategy        PnL: 12:19:44 MTM=6.50 Profit=0.00%
2026-07-21 12:19:45 INFO     strategy        PnL: 12:19:45 MTM=19.50 Profit=0.00%
2026-07-21 12:19:46 INFO     strategy        PnL: 12:19:46 MTM=22.75 Profit=0.00%
2026-07-21 12:19:47 INFO     strategy        PnL: 12:19:47 MTM=19.50 Profit=0.00%
2026-07-21 12:19:48 INFO     strategy        PnL: 12:19:48 MTM=13.00 Profit=0.00%
2026-07-21 12:19:49 INFO     strategy        PnL: 12:19:49 MTM=35.75 Profit=0.01%
2026-07-21 12:19:50 INFO     strategy        PnL: 12:19:50 MTM=3.25 Profit=0.00%
2026-07-21 12:19:51 INFO     strategy        PnL: 12:19:51 MTM=3.25 Profit=0.00%
2026-07-21 12:19:52 INFO     strategy        PnL: 12:19:52 MTM=19.50 Profit=0.00%
2026-07-21 12:19:53 INFO     strategy        PnL: 12:19:53 MTM=26.00 Profit=0.00%
2026-07-21 12:19:54 INFO     strategy        PnL: 12:19:54 MTM=6.50 Profit=0.00%
2026-07-21 12:19:55 INFO     strategy        PnL: 12:19:55 MTM=16.25 Profit=0.00%
2026-07-21 12:19:56 INFO     strategy        PnL: 12:19:56 MTM=26.00 Profit=0.00%
2026-07-21 12:19:57 INFO     strategy        PnL: 12:19:57 MTM=19.50 Profit=0.00%
2026-07-21 12:19:58 INFO     strategy        PnL: 12:19:58 MTM=26.00 Profit=0.00%
2026-07-21 12:19:59 INFO     strategy        PnL: 12:19:59 MTM=9.75 Profit=0.00%
2026-07-21 12:20:00 INFO     strategy        PnL: 12:20:00 MTM=13.00 Profit=0.00%
2026-07-21 12:20:01 INFO     strategy        PnL: 12:20:01 MTM=-9.75 Loss=0.00%
2026-07-21 12:20:02 INFO     strategy        PnL: 12:20:02 MTM=-3.25 Loss=0.00%
2026-07-21 12:20:03 INFO     strategy        PnL: 12:20:03 MTM=13.00 Profit=0.00%
2026-07-21 12:20:04 INFO     strategy        PnL: 12:20:04 MTM=6.50 Profit=0.00%
2026-07-21 12:20:05 INFO     strategy        PnL: 12:20:05 MTM=16.25 Profit=0.00%
2026-07-21 12:20:06 INFO     strategy        PnL: 12:20:06 MTM=6.50 Profit=0.00%
2026-07-21 12:20:07 INFO     strategy        PnL: 12:20:07 MTM=16.25 Profit=0.00%
2026-07-21 12:20:08 INFO     strategy        PnL: 12:20:08 MTM=6.50 Profit=0.00%
2026-07-21 12:20:09 INFO     strategy        PnL: 12:20:09 MTM=-9.75 Loss=0.00%
2026-07-21 12:20:10 INFO     strategy        PnL: 12:20:10 MTM=6.50 Profit=0.00%
2026-07-21 12:20:11 INFO     strategy        PnL: 12:20:11 MTM=-3.25 Loss=0.00%
2026-07-21 12:20:12 INFO     strategy        PnL: 12:20:12 MTM=-3.25 Loss=0.00%
2026-07-21 12:20:13 INFO     strategy        PnL: 12:20:13 MTM=-9.75 Loss=0.00%
2026-07-21 12:20:14 INFO     strategy        PnL: 12:20:14 MTM=0.00 Profit=0.00%
2026-07-21 12:20:15 INFO     strategy        PnL: 12:20:15 MTM=13.00 Profit=0.00%
2026-07-21 12:20:16 INFO     strategy        PnL: 12:20:16 MTM=-9.75 Loss=0.00%
2026-07-21 12:20:17 INFO     strategy        PnL: 12:20:17 MTM=3.25 Profit=0.00%
2026-07-21 12:20:18 INFO     strategy        PnL: 12:20:18 MTM=6.50 Profit=0.00%
2026-07-21 12:20:19 INFO     strategy        PnL: 12:20:19 MTM=3.25 Profit=0.00%
2026-07-21 12:20:20 INFO     strategy        PnL: 12:20:20 MTM=-9.75 Loss=0.00%
2026-07-21 12:20:21 INFO     strategy        PnL: 12:20:21 MTM=-22.75 Loss=0.00%
2026-07-21 12:20:22 INFO     strategy        PnL: 12:20:22 MTM=-9.75 Loss=0.00%
2026-07-21 12:20:23 INFO     strategy        PnL: 12:20:23 MTM=9.75 Profit=0.00%
2026-07-21 12:20:24 INFO     strategy        PnL: 12:20:24 MTM=-0.00 Loss=0.00%
2026-07-21 12:20:25 INFO     strategy        PnL: 12:20:25 MTM=-9.75 Loss=0.00%
2026-07-21 12:20:26 INFO     strategy        PnL: 12:20:26 MTM=6.50 Profit=0.00%
2026-07-21 12:20:27 INFO     strategy        PnL: 12:20:27 MTM=16.25 Profit=0.00%
2026-07-21 12:20:28 INFO     strategy        PnL: 12:20:28 MTM=3.25 Profit=0.00%
2026-07-21 12:20:29 INFO     strategy        PnL: 12:20:29 MTM=9.75 Profit=0.00%
2026-07-21 12:20:30 INFO     strategy        PnL: 12:20:30 MTM=9.75 Profit=0.00%
2026-07-21 12:20:31 INFO     strategy        PnL: 12:20:31 MTM=6.50 Profit=0.00%
2026-07-21 12:20:32 INFO     strategy        PnL: 12:20:32 MTM=-0.00 Loss=0.00%
2026-07-21 12:20:33 INFO     strategy        PnL: 12:20:33 MTM=0.00 Profit=0.00%
2026-07-21 12:20:34 INFO     strategy        PnL: 12:20:34 MTM=9.75 Profit=0.00%
2026-07-21 12:20:35 INFO     strategy        PnL: 12:20:35 MTM=6.50 Profit=0.00%
2026-07-21 12:20:36 INFO     strategy        PnL: 12:20:36 MTM=6.50 Profit=0.00%
2026-07-21 12:20:38 INFO     strategy        PnL: 12:20:38 MTM=6.50 Profit=0.00%
2026-07-21 12:20:39 INFO     strategy        PnL: 12:20:39 MTM=-3.25 Loss=0.00%
2026-07-21 12:20:40 INFO     strategy        PnL: 12:20:40 MTM=16.25 Profit=0.00%
2026-07-21 12:20:41 INFO     strategy        PnL: 12:20:41 MTM=6.50 Profit=0.00%
2026-07-21 12:20:42 INFO     strategy        PnL: 12:20:42 MTM=52.00 Profit=0.01%
2026-07-21 12:20:43 INFO     strategy        PnL: 12:20:43 MTM=0.00 Profit=0.00%
2026-07-21 12:20:44 INFO     strategy        PnL: 12:20:44 MTM=-0.00 Loss=0.00%
2026-07-21 12:20:45 INFO     strategy        PnL: 12:20:45 MTM=-13.00 Loss=0.00%
2026-07-21 12:20:46 INFO     strategy        PnL: 12:20:46 MTM=-16.25 Loss=0.00%
2026-07-21 12:20:47 INFO     strategy        PnL: 12:20:47 MTM=0.00 Profit=0.00%
2026-07-21 12:20:48 INFO     strategy        PnL: 12:20:48 MTM=-6.50 Loss=0.00%
2026-07-21 12:20:49 INFO     strategy        PnL: 12:20:49 MTM=-3.25 Loss=0.00%
2026-07-21 12:20:50 INFO     strategy        PnL: 12:20:50 MTM=-6.50 Loss=0.00%
2026-07-21 12:20:51 INFO     strategy        PnL: 12:20:51 MTM=-3.25 Loss=0.00%
2026-07-21 12:20:52 INFO     strategy        PnL: 12:20:52 MTM=-16.25 Loss=0.00%
2026-07-21 12:20:53 INFO     strategy        PnL: 12:20:53 MTM=13.00 Profit=0.00%
2026-07-21 12:20:54 INFO     strategy        PnL: 12:20:54 MTM=-26.00 Loss=0.00%
2026-07-21 12:20:55 INFO     strategy        PnL: 12:20:55 MTM=-9.75 Loss=0.00%
2026-07-21 12:20:56 INFO     strategy        PnL: 12:20:56 MTM=-3.25 Loss=0.00%
2026-07-21 12:20:57 INFO     strategy        PnL: 12:20:57 MTM=-3.25 Loss=0.00%
2026-07-21 12:20:58 INFO     strategy        PnL: 12:20:58 MTM=26.00 Profit=0.00%
2026-07-21 12:20:59 INFO     strategy        PnL: 12:20:59 MTM=-19.50 Loss=0.00%
2026-07-21 12:21:00 INFO     strategy        PnL: 12:21:00 MTM=9.75 Profit=0.00%
2026-07-21 12:21:01 INFO     strategy        PnL: 12:21:01 MTM=-19.50 Loss=0.00%
2026-07-21 12:21:02 INFO     strategy        PnL: 12:21:02 MTM=-26.00 Loss=0.00%
2026-07-21 12:21:03 INFO     strategy        PnL: 12:21:03 MTM=-6.50 Loss=0.00%
2026-07-21 12:21:04 INFO     strategy        PnL: 12:21:04 MTM=6.50 Profit=0.00%
2026-07-21 12:21:05 INFO     strategy        PnL: 12:21:05 MTM=3.25 Profit=0.00%
2026-07-21 12:21:06 INFO     strategy        PnL: 12:21:06 MTM=-3.25 Loss=0.00%
2026-07-21 12:21:07 INFO     strategy        PnL: 12:21:07 MTM=-9.75 Loss=0.00%
2026-07-21 12:21:08 INFO     strategy        PnL: 12:21:08 MTM=-16.25 Loss=0.00%
2026-07-21 12:21:09 INFO     strategy        PnL: 12:21:09 MTM=-13.00 Loss=0.00%
2026-07-21 12:21:10 INFO     strategy        PnL: 12:21:10 MTM=-6.50 Loss=0.00%
2026-07-21 12:21:11 INFO     strategy        PnL: 12:21:11 MTM=-29.25 Loss=0.00%
2026-07-21 12:21:12 INFO     strategy        PnL: 12:21:12 MTM=-19.50 Loss=0.00%
2026-07-21 12:21:13 INFO     strategy        PnL: 12:21:13 MTM=-6.50 Loss=0.00%
2026-07-21 12:21:14 INFO     strategy        PnL: 12:21:14 MTM=-6.50 Loss=0.00%
2026-07-21 12:21:15 INFO     strategy        PnL: 12:21:15 MTM=-42.25 Loss=0.01%
2026-07-21 12:21:16 INFO     strategy        PnL: 12:21:16 MTM=-6.50 Loss=0.00%
2026-07-21 12:21:17 INFO     strategy        PnL: 12:21:17 MTM=9.75 Profit=0.00%
2026-07-21 12:21:18 INFO     strategy        PnL: 12:21:18 MTM=-6.50 Loss=0.00%
2026-07-21 12:21:19 INFO     strategy        PnL: 12:21:19 MTM=22.75 Profit=0.00%
2026-07-21 12:21:20 INFO     strategy        PnL: 12:21:20 MTM=19.50 Profit=0.00%
2026-07-21 12:21:21 INFO     strategy        PnL: 12:21:21 MTM=3.25 Profit=0.00%
2026-07-21 12:21:22 INFO     strategy        PnL: 12:21:22 MTM=0.00 Profit=0.00%
2026-07-21 12:21:23 INFO     strategy        PnL: 12:21:23 MTM=6.50 Profit=0.00%
2026-07-21 12:21:24 INFO     strategy        PnL: 12:21:24 MTM=29.25 Profit=0.00%
2026-07-21 12:21:25 INFO     strategy        PnL: 12:21:25 MTM=0.00 Profit=0.00%
2026-07-21 12:21:26 INFO     strategy        PnL: 12:21:26 MTM=9.75 Profit=0.00%
2026-07-21 12:21:27 INFO     strategy        PnL: 12:21:27 MTM=9.75 Profit=0.00%
2026-07-21 12:21:28 INFO     strategy        PnL: 12:21:28 MTM=29.25 Profit=0.00%
2026-07-21 12:21:29 INFO     strategy        PnL: 12:21:29 MTM=6.50 Profit=0.00%
2026-07-21 12:21:30 INFO     strategy        PnL: 12:21:30 MTM=6.50 Profit=0.00%
2026-07-21 12:21:31 INFO     strategy        PnL: 12:21:31 MTM=22.75 Profit=0.00%
2026-07-21 12:21:32 INFO     strategy        PnL: 12:21:32 MTM=3.25 Profit=0.00%
2026-07-21 12:21:33 INFO     strategy        PnL: 12:21:33 MTM=22.75 Profit=0.00%
2026-07-21 12:21:34 INFO     strategy        PnL: 12:21:34 MTM=13.00 Profit=0.00%
2026-07-21 12:21:35 INFO     strategy        PnL: 12:21:35 MTM=26.00 Profit=0.00%
2026-07-21 12:21:36 INFO     strategy        PnL: 12:21:36 MTM=35.75 Profit=0.01%
2026-07-21 12:21:37 INFO     strategy        PnL: 12:21:37 MTM=16.25 Profit=0.00%
2026-07-21 12:21:38 INFO     strategy        PnL: 12:21:38 MTM=35.75 Profit=0.01%
2026-07-21 12:21:39 INFO     strategy        PnL: 12:21:39 MTM=22.75 Profit=0.00%
2026-07-21 12:21:40 INFO     strategy        PnL: 12:21:40 MTM=3.25 Profit=0.00%
2026-07-21 12:21:41 INFO     strategy        PnL: 12:21:41 MTM=22.75 Profit=0.00%
2026-07-21 12:21:42 INFO     strategy        PnL: 12:21:42 MTM=13.00 Profit=0.00%
2026-07-21 12:21:43 INFO     strategy        PnL: 12:21:43 MTM=6.50 Profit=0.00%
2026-07-21 12:21:44 INFO     strategy        PnL: 12:21:44 MTM=13.00 Profit=0.00%
2026-07-21 12:21:45 INFO     strategy        PnL: 12:21:45 MTM=19.50 Profit=0.00%
2026-07-21 12:21:46 INFO     strategy        PnL: 12:21:46 MTM=26.00 Profit=0.00%
2026-07-21 12:21:47 INFO     strategy        PnL: 12:21:47 MTM=16.25 Profit=0.00%
2026-07-21 12:21:48 INFO     strategy        PnL: 12:21:48 MTM=3.25 Profit=0.00%
2026-07-21 12:21:49 INFO     strategy        PnL: 12:21:49 MTM=13.00 Profit=0.00%
2026-07-21 12:21:50 INFO     strategy        PnL: 12:21:50 MTM=45.50 Profit=0.01%
2026-07-21 12:21:51 INFO     strategy        PnL: 12:21:51 MTM=22.75 Profit=0.00%
2026-07-21 12:21:52 INFO     strategy        PnL: 12:21:52 MTM=45.50 Profit=0.01%
2026-07-21 12:21:53 INFO     strategy        PnL: 12:21:53 MTM=32.50 Profit=0.00%
2026-07-21 12:21:54 INFO     strategy        PnL: 12:21:54 MTM=19.50 Profit=0.00%
2026-07-21 12:21:55 INFO     strategy        PnL: 12:21:55 MTM=6.50 Profit=0.00%
2026-07-21 12:21:56 INFO     strategy        PnL: 12:21:56 MTM=52.00 Profit=0.01%
2026-07-21 12:21:57 INFO     strategy        PnL: 12:21:57 MTM=32.50 Profit=0.00%
2026-07-21 12:21:58 INFO     strategy        PnL: 12:21:58 MTM=22.75 Profit=0.00%
2026-07-21 12:21:59 INFO     strategy        PnL: 12:21:59 MTM=29.25 Profit=0.00%
2026-07-21 12:22:00 INFO     strategy        PnL: 12:22:00 MTM=16.25 Profit=0.00%
2026-07-21 12:22:01 INFO     strategy        PnL: 12:22:01 MTM=9.75 Profit=0.00%
2026-07-21 12:22:02 INFO     strategy        PnL: 12:22:02 MTM=19.50 Profit=0.00%
2026-07-21 12:22:03 INFO     strategy        PnL: 12:22:03 MTM=29.25 Profit=0.00%
2026-07-21 12:22:04 INFO     strategy        PnL: 12:22:04 MTM=16.25 Profit=0.00%
2026-07-21 12:22:05 INFO     strategy        PnL: 12:22:05 MTM=9.75 Profit=0.00%
2026-07-21 12:22:06 INFO     strategy        PnL: 12:22:06 MTM=29.25 Profit=0.00%
2026-07-21 12:22:07 INFO     strategy        PnL: 12:22:07 MTM=39.00 Profit=0.01%
2026-07-21 12:22:08 INFO     strategy        PnL: 12:22:08 MTM=42.25 Profit=0.01%
2026-07-21 12:22:10 INFO     strategy        PnL: 12:22:10 MTM=9.75 Profit=0.00%
2026-07-21 12:22:11 INFO     strategy        PnL: 12:22:11 MTM=32.50 Profit=0.00%
2026-07-21 12:22:12 INFO     strategy        PnL: 12:22:12 MTM=22.75 Profit=0.00%
2026-07-21 12:22:13 INFO     strategy        PnL: 12:22:13 MTM=42.25 Profit=0.01%
2026-07-21 12:22:14 INFO     strategy        PnL: 12:22:14 MTM=35.75 Profit=0.01%
2026-07-21 12:22:15 INFO     strategy        PnL: 12:22:15 MTM=9.75 Profit=0.00%
2026-07-21 12:22:16 INFO     strategy        PnL: 12:22:16 MTM=16.25 Profit=0.00%
2026-07-21 12:22:17 INFO     strategy        PnL: 12:22:17 MTM=35.75 Profit=0.01%
2026-07-21 12:22:18 INFO     strategy        PnL: 12:22:18 MTM=42.25 Profit=0.01%
2026-07-21 12:22:19 INFO     strategy        PnL: 12:22:19 MTM=35.75 Profit=0.01%
2026-07-21 12:22:20 INFO     strategy        PnL: 12:22:20 MTM=52.00 Profit=0.01%
2026-07-21 12:22:21 INFO     strategy        PnL: 12:22:21 MTM=26.00 Profit=0.00%
2026-07-21 12:22:22 INFO     strategy        PnL: 12:22:22 MTM=45.50 Profit=0.01%
2026-07-21 12:22:23 INFO     strategy        PnL: 12:22:23 MTM=58.50 Profit=0.01%
2026-07-21 12:22:24 INFO     strategy        PnL: 12:22:24 MTM=35.75 Profit=0.01%
2026-07-21 12:22:25 INFO     strategy        PnL: 12:22:25 MTM=45.50 Profit=0.01%
2026-07-21 12:22:26 INFO     strategy        PnL: 12:22:26 MTM=52.00 Profit=0.01%
2026-07-21 12:22:27 INFO     strategy        PnL: 12:22:27 MTM=26.00 Profit=0.00%
2026-07-21 12:22:28 INFO     strategy        PnL: 12:22:28 MTM=26.00 Profit=0.00%
2026-07-21 12:22:29 INFO     strategy        PnL: 12:22:29 MTM=35.75 Profit=0.01%
2026-07-21 12:22:30 INFO     strategy        PnL: 12:22:30 MTM=16.25 Profit=0.00%
2026-07-21 12:22:31 INFO     strategy        PnL: 12:22:31 MTM=55.25 Profit=0.01%
2026-07-21 12:22:32 INFO     strategy        PnL: 12:22:32 MTM=26.00 Profit=0.00%
2026-07-21 12:22:33 INFO     strategy        PnL: 12:22:33 MTM=52.00 Profit=0.01%
2026-07-21 12:22:34 INFO     strategy        PnL: 12:22:34 MTM=61.75 Profit=0.01%
2026-07-21 12:22:35 INFO     strategy        PnL: 12:22:35 MTM=39.00 Profit=0.01%
2026-07-21 12:22:36 INFO     strategy        PnL: 12:22:36 MTM=58.50 Profit=0.01%
2026-07-21 12:22:37 INFO     strategy        PnL: 12:22:37 MTM=52.00 Profit=0.01%
2026-07-21 12:22:38 INFO     strategy        PnL: 12:22:38 MTM=39.00 Profit=0.01%
2026-07-21 12:22:39 INFO     strategy        PnL: 12:22:39 MTM=39.00 Profit=0.01%
2026-07-21 12:22:40 INFO     strategy        PnL: 12:22:40 MTM=32.50 Profit=0.00%
2026-07-21 12:22:41 INFO     strategy        PnL: 12:22:41 MTM=26.00 Profit=0.00%
2026-07-21 12:22:42 INFO     strategy        PnL: 12:22:42 MTM=61.75 Profit=0.01%
2026-07-21 12:22:43 INFO     strategy        PnL: 12:22:43 MTM=42.25 Profit=0.01%
2026-07-21 12:22:44 INFO     strategy        PnL: 12:22:44 MTM=39.00 Profit=0.01%
2026-07-21 12:22:45 INFO     strategy        PnL: 12:22:45 MTM=39.00 Profit=0.01%
2026-07-21 12:22:46 INFO     strategy        PnL: 12:22:46 MTM=35.75 Profit=0.01%
2026-07-21 12:22:47 INFO     strategy        PnL: 12:22:47 MTM=39.00 Profit=0.01%
2026-07-21 12:22:48 INFO     strategy        PnL: 12:22:48 MTM=32.50 Profit=0.00%
2026-07-21 12:22:49 INFO     strategy        PnL: 12:22:49 MTM=61.75 Profit=0.01%
2026-07-21 12:22:50 INFO     strategy        PnL: 12:22:50 MTM=29.25 Profit=0.00%
2026-07-21 12:22:51 INFO     strategy        PnL: 12:22:51 MTM=35.75 Profit=0.01%
2026-07-21 12:22:52 INFO     strategy        PnL: 12:22:52 MTM=32.50 Profit=0.00%
2026-07-21 12:22:53 INFO     strategy        PnL: 12:22:53 MTM=26.00 Profit=0.00%
2026-07-21 12:22:54 INFO     strategy        PnL: 12:22:54 MTM=26.00 Profit=0.00%
2026-07-21 12:22:55 INFO     strategy        PnL: 12:22:55 MTM=39.00 Profit=0.01%
2026-07-21 12:22:56 INFO     strategy        PnL: 12:22:56 MTM=26.00 Profit=0.00%
2026-07-21 12:22:57 INFO     strategy        PnL: 12:22:57 MTM=45.50 Profit=0.01%
2026-07-21 12:22:58 INFO     strategy        PnL: 12:22:58 MTM=39.00 Profit=0.01%
2026-07-21 12:22:59 INFO     strategy        PnL: 12:22:59 MTM=32.50 Profit=0.00%
2026-07-21 12:23:00 INFO     strategy        PnL: 12:23:00 MTM=29.25 Profit=0.00%
2026-07-21 12:23:01 INFO     strategy        PnL: 12:23:01 MTM=58.50 Profit=0.01%
2026-07-21 12:23:02 INFO     strategy        PnL: 12:23:02 MTM=48.75 Profit=0.01%
2026-07-21 12:23:03 INFO     strategy        PnL: 12:23:03 MTM=26.00 Profit=0.00%
2026-07-21 12:23:04 INFO     strategy        PnL: 12:23:04 MTM=26.00 Profit=0.00%
2026-07-21 12:23:05 INFO     strategy        PnL: 12:23:05 MTM=39.00 Profit=0.01%
2026-07-21 12:23:06 INFO     strategy        PnL: 12:23:06 MTM=32.50 Profit=0.00%
2026-07-21 12:23:07 INFO     strategy        PnL: 12:23:07 MTM=29.25 Profit=0.00%
2026-07-21 12:23:08 INFO     strategy        PnL: 12:23:08 MTM=52.00 Profit=0.01%
2026-07-21 12:23:09 INFO     strategy        PnL: 12:23:09 MTM=19.50 Profit=0.00%
2026-07-21 12:23:10 INFO     strategy        PnL: 12:23:10 MTM=26.00 Profit=0.00%
2026-07-21 12:23:11 INFO     strategy        PnL: 12:23:11 MTM=32.50 Profit=0.00%
2026-07-21 12:23:12 INFO     strategy        PnL: 12:23:12 MTM=52.00 Profit=0.01%
2026-07-21 12:23:13 INFO     strategy        PnL: 12:23:13 MTM=52.00 Profit=0.01%
2026-07-21 12:23:14 INFO     strategy        PnL: 12:23:14 MTM=42.25 Profit=0.01%
2026-07-21 12:23:15 INFO     strategy        PnL: 12:23:15 MTM=35.75 Profit=0.01%
2026-07-21 12:23:16 INFO     strategy        PnL: 12:23:16 MTM=55.25 Profit=0.01%
2026-07-21 12:23:17 INFO     strategy        PnL: 12:23:17 MTM=52.00 Profit=0.01%
2026-07-21 12:23:18 INFO     strategy        PnL: 12:23:18 MTM=42.25 Profit=0.01%
2026-07-21 12:23:19 INFO     strategy        PnL: 12:23:19 MTM=45.50 Profit=0.01%
2026-07-21 12:23:20 INFO     strategy        PnL: 12:23:20 MTM=48.75 Profit=0.01%
2026-07-21 12:23:21 INFO     strategy        PnL: 12:23:21 MTM=58.50 Profit=0.01%
2026-07-21 12:23:22 INFO     strategy        PnL: 12:23:22 MTM=55.25 Profit=0.01%
2026-07-21 12:23:23 INFO     strategy        PnL: 12:23:23 MTM=42.25 Profit=0.01%
2026-07-21 12:23:24 INFO     strategy        PnL: 12:23:24 MTM=45.50 Profit=0.01%
2026-07-21 12:23:25 INFO     strategy        PnL: 12:23:25 MTM=29.25 Profit=0.00%
2026-07-21 12:23:26 INFO     strategy        PnL: 12:23:26 MTM=61.75 Profit=0.01%
2026-07-21 12:23:27 INFO     strategy        PnL: 12:23:27 MTM=61.75 Profit=0.01%
2026-07-21 12:23:28 INFO     strategy        PnL: 12:23:28 MTM=74.75 Profit=0.01%
2026-07-21 12:23:29 INFO     strategy        PnL: 12:23:29 MTM=68.25 Profit=0.01%
2026-07-21 12:23:30 INFO     strategy        PnL: 12:23:30 MTM=65.00 Profit=0.01%
2026-07-21 12:23:31 INFO     strategy        PnL: 12:23:31 MTM=78.00 Profit=0.01%
2026-07-21 12:23:32 INFO     strategy        PnL: 12:23:32 MTM=65.00 Profit=0.01%
2026-07-21 12:23:33 INFO     strategy        PnL: 12:23:33 MTM=52.00 Profit=0.01%
2026-07-21 12:23:34 INFO     strategy        PnL: 12:23:34 MTM=61.75 Profit=0.01%
2026-07-21 12:23:35 INFO     strategy        PnL: 12:23:35 MTM=52.00 Profit=0.01%
2026-07-21 12:23:36 INFO     strategy        PnL: 12:23:36 MTM=61.75 Profit=0.01%
2026-07-21 12:23:37 INFO     strategy        PnL: 12:23:37 MTM=52.00 Profit=0.01%
2026-07-21 12:23:38 INFO     strategy        PnL: 12:23:38 MTM=71.50 Profit=0.01%
2026-07-21 12:23:39 INFO     strategy        PnL: 12:23:39 MTM=61.75 Profit=0.01%
2026-07-21 12:23:40 INFO     strategy        PnL: 12:23:40 MTM=58.50 Profit=0.01%
2026-07-21 12:23:41 INFO     strategy        PnL: 12:23:41 MTM=74.75 Profit=0.01%
2026-07-21 12:23:42 INFO     strategy        PnL: 12:23:42 MTM=55.25 Profit=0.01%
2026-07-21 12:23:43 INFO     strategy        PnL: 12:23:43 MTM=81.25 Profit=0.01%
2026-07-21 12:23:44 INFO     strategy        PnL: 12:23:44 MTM=61.75 Profit=0.01%
2026-07-21 12:23:45 INFO     strategy        PnL: 12:23:45 MTM=65.00 Profit=0.01%
2026-07-21 12:23:46 INFO     strategy        PnL: 12:23:46 MTM=113.75 Profit=0.02%
2026-07-21 12:23:47 INFO     strategy        PnL: 12:23:47 MTM=68.25 Profit=0.01%
2026-07-21 12:23:48 INFO     strategy        PnL: 12:23:48 MTM=39.00 Profit=0.01%
2026-07-21 12:23:49 INFO     strategy        PnL: 12:23:49 MTM=29.25 Profit=0.00%
2026-07-21 12:23:50 INFO     strategy        PnL: 12:23:50 MTM=52.00 Profit=0.01%
2026-07-21 12:23:51 INFO     strategy        PnL: 12:23:51 MTM=42.25 Profit=0.01%
2026-07-21 12:23:52 INFO     strategy        PnL: 12:23:52 MTM=58.50 Profit=0.01%
2026-07-21 12:23:53 INFO     strategy        PnL: 12:23:53 MTM=61.75 Profit=0.01%
2026-07-21 12:23:54 INFO     strategy        PnL: 12:23:54 MTM=74.75 Profit=0.01%
2026-07-21 12:23:55 INFO     strategy        PnL: 12:23:55 MTM=42.25 Profit=0.01%
2026-07-21 12:23:56 INFO     strategy        PnL: 12:23:56 MTM=55.25 Profit=0.01%
2026-07-21 12:23:57 INFO     strategy        PnL: 12:23:57 MTM=58.50 Profit=0.01%
2026-07-21 12:23:58 INFO     strategy        PnL: 12:23:58 MTM=52.00 Profit=0.01%
2026-07-21 12:23:59 INFO     strategy        PnL: 12:23:59 MTM=55.25 Profit=0.01%
2026-07-21 12:24:00 INFO     strategy        PnL: 12:24:00 MTM=81.25 Profit=0.01%
2026-07-21 12:24:01 INFO     strategy        PnL: 12:24:01 MTM=61.75 Profit=0.01%
2026-07-21 12:24:02 INFO     strategy        PnL: 12:24:02 MTM=52.00 Profit=0.01%
2026-07-21 12:24:03 INFO     strategy        PnL: 12:24:03 MTM=52.00 Profit=0.01%
2026-07-21 12:24:04 INFO     strategy        PnL: 12:24:04 MTM=45.50 Profit=0.01%
2026-07-21 12:24:06 INFO     strategy        PnL: 12:24:06 MTM=71.50 Profit=0.01%
2026-07-21 12:24:07 INFO     strategy        PnL: 12:24:07 MTM=55.25 Profit=0.01%
2026-07-21 12:24:08 INFO     strategy        PnL: 12:24:08 MTM=81.25 Profit=0.01%
2026-07-21 12:24:09 INFO     strategy        PnL: 12:24:09 MTM=100.75 Profit=0.02%
2026-07-21 12:24:10 INFO     strategy        PnL: 12:24:10 MTM=104.00 Profit=0.02%
2026-07-21 12:24:11 INFO     strategy        PnL: 12:24:11 MTM=71.50 Profit=0.01%
2026-07-21 12:24:12 INFO     strategy        PnL: 12:24:12 MTM=74.75 Profit=0.01%
2026-07-21 12:24:13 INFO     strategy        PnL: 12:24:13 MTM=113.75 Profit=0.02%
2026-07-21 12:24:14 INFO     strategy        PnL: 12:24:14 MTM=71.50 Profit=0.01%
2026-07-21 12:24:15 INFO     strategy        PnL: 12:24:15 MTM=78.00 Profit=0.01%
2026-07-21 12:24:16 INFO     strategy        PnL: 12:24:16 MTM=81.25 Profit=0.01%
2026-07-21 12:24:17 INFO     strategy        PnL: 12:24:17 MTM=55.25 Profit=0.01%
2026-07-21 12:24:18 INFO     strategy        PnL: 12:24:18 MTM=81.25 Profit=0.01%
2026-07-21 12:24:19 INFO     strategy        PnL: 12:24:19 MTM=45.50 Profit=0.01%
2026-07-21 12:24:20 INFO     strategy        PnL: 12:24:20 MTM=84.50 Profit=0.01%
2026-07-21 12:24:21 INFO     strategy        PnL: 12:24:21 MTM=78.00 Profit=0.01%
2026-07-21 12:24:22 INFO     strategy        PnL: 12:24:22 MTM=81.25 Profit=0.01%
2026-07-21 12:24:23 INFO     strategy        PnL: 12:24:23 MTM=81.25 Profit=0.01%
2026-07-21 12:24:24 INFO     strategy        PnL: 12:24:24 MTM=71.50 Profit=0.01%
2026-07-21 12:24:25 INFO     strategy        PnL: 12:24:25 MTM=52.00 Profit=0.01%
2026-07-21 12:24:26 INFO     strategy        PnL: 12:24:26 MTM=48.75 Profit=0.01%
2026-07-21 12:24:27 INFO     strategy        PnL: 12:24:27 MTM=71.50 Profit=0.01%
2026-07-21 12:24:28 INFO     strategy        PnL: 12:24:28 MTM=81.25 Profit=0.01%
2026-07-21 12:24:29 INFO     strategy        PnL: 12:24:29 MTM=74.75 Profit=0.01%
2026-07-21 12:24:30 INFO     strategy        PnL: 12:24:30 MTM=55.25 Profit=0.01%
2026-07-21 12:24:31 INFO     strategy        PnL: 12:24:31 MTM=74.75 Profit=0.01%
2026-07-21 12:24:32 INFO     strategy        PnL: 12:24:32 MTM=58.50 Profit=0.01%
2026-07-21 12:24:33 INFO     strategy        PnL: 12:24:33 MTM=87.75 Profit=0.01%
2026-07-21 12:24:34 INFO     strategy        PnL: 12:24:34 MTM=39.00 Profit=0.01%
2026-07-21 12:24:35 INFO     strategy        PnL: 12:24:35 MTM=55.25 Profit=0.01%
2026-07-21 12:24:36 INFO     strategy        PnL: 12:24:36 MTM=39.00 Profit=0.01%
2026-07-21 12:24:37 INFO     strategy        PnL: 12:24:37 MTM=52.00 Profit=0.01%
2026-07-21 12:24:38 INFO     strategy        PnL: 12:24:38 MTM=48.75 Profit=0.01%
2026-07-21 12:24:39 INFO     strategy        PnL: 12:24:39 MTM=58.50 Profit=0.01%
2026-07-21 12:24:40 INFO     strategy        PnL: 12:24:40 MTM=29.25 Profit=0.00%
2026-07-21 12:24:41 INFO     strategy        PnL: 12:24:41 MTM=65.00 Profit=0.01%
2026-07-21 12:24:42 INFO     strategy        PnL: 12:24:42 MTM=42.25 Profit=0.01%
2026-07-21 12:24:43 INFO     strategy        PnL: 12:24:43 MTM=65.00 Profit=0.01%
2026-07-21 12:24:44 INFO     strategy        PnL: 12:24:44 MTM=32.50 Profit=0.00%
2026-07-21 12:24:45 INFO     strategy        PnL: 12:24:45 MTM=48.75 Profit=0.01%
2026-07-21 12:24:46 INFO     strategy        PnL: 12:24:46 MTM=13.00 Profit=0.00%
2026-07-21 12:24:47 INFO     strategy        PnL: 12:24:47 MTM=42.25 Profit=0.01%
2026-07-21 12:24:48 INFO     strategy        PnL: 12:24:48 MTM=22.75 Profit=0.00%
2026-07-21 12:24:49 INFO     strategy        PnL: 12:24:49 MTM=39.00 Profit=0.01%
2026-07-21 12:24:50 INFO     strategy        PnL: 12:24:50 MTM=22.75 Profit=0.00%
2026-07-21 12:24:51 INFO     strategy        PnL: 12:24:51 MTM=58.50 Profit=0.01%
2026-07-21 12:24:52 INFO     strategy        PnL: 12:24:52 MTM=52.00 Profit=0.01%
2026-07-21 12:24:53 INFO     strategy        PnL: 12:24:53 MTM=39.00 Profit=0.01%
2026-07-21 12:24:54 INFO     strategy        PnL: 12:24:54 MTM=32.50 Profit=0.00%
2026-07-21 12:24:55 INFO     strategy        PnL: 12:24:55 MTM=29.25 Profit=0.00%
2026-07-21 12:24:56 INFO     strategy        PnL: 12:24:56 MTM=61.75 Profit=0.01%
2026-07-21 12:24:57 INFO     strategy        PnL: 12:24:57 MTM=55.25 Profit=0.01%
2026-07-21 12:24:58 INFO     strategy        PnL: 12:24:58 MTM=32.50 Profit=0.00%
2026-07-21 12:24:59 INFO     strategy        PnL: 12:24:59 MTM=52.00 Profit=0.01%
2026-07-21 12:25:00 INFO     strategy        PnL: 12:25:00 MTM=35.75 Profit=0.01%
2026-07-21 12:25:01 INFO     strategy        PnL: 12:25:01 MTM=32.50 Profit=0.00%
2026-07-21 12:25:02 INFO     strategy        PnL: 12:25:02 MTM=32.50 Profit=0.00%
2026-07-21 12:25:03 INFO     strategy        PnL: 12:25:03 MTM=13.00 Profit=0.00%
2026-07-21 12:25:04 INFO     strategy        PnL: 12:25:04 MTM=22.75 Profit=0.00%
2026-07-21 12:25:05 INFO     strategy        PnL: 12:25:05 MTM=26.00 Profit=0.00%
2026-07-21 12:25:06 INFO     strategy        PnL: 12:25:06 MTM=26.00 Profit=0.00%
2026-07-21 12:25:07 INFO     strategy        PnL: 12:25:07 MTM=133.25 Profit=0.02%
2026-07-21 12:25:08 INFO     strategy        PnL: 12:25:08 MTM=58.50 Profit=0.01%
2026-07-21 12:25:09 INFO     strategy        PnL: 12:25:09 MTM=52.00 Profit=0.01%
2026-07-21 12:25:10 INFO     strategy        PnL: 12:25:10 MTM=45.50 Profit=0.01%
2026-07-21 12:25:11 INFO     strategy        PnL: 12:25:11 MTM=55.25 Profit=0.01%
2026-07-21 12:25:12 INFO     strategy        PnL: 12:25:12 MTM=42.25 Profit=0.01%
2026-07-21 12:25:13 INFO     strategy        PnL: 12:25:13 MTM=32.50 Profit=0.00%
2026-07-21 12:25:14 INFO     strategy        PnL: 12:25:14 MTM=42.25 Profit=0.01%
2026-07-21 12:25:15 INFO     strategy        PnL: 12:25:15 MTM=39.00 Profit=0.01%
2026-07-21 12:25:16 INFO     strategy        PnL: 12:25:16 MTM=16.25 Profit=0.00%
2026-07-21 12:25:17 INFO     strategy        PnL: 12:25:17 MTM=35.75 Profit=0.01%
2026-07-21 12:25:18 INFO     strategy        PnL: 12:25:18 MTM=42.25 Profit=0.01%
2026-07-21 12:25:19 INFO     strategy        PnL: 12:25:19 MTM=58.50 Profit=0.01%
2026-07-21 12:25:20 INFO     strategy        PnL: 12:25:20 MTM=48.75 Profit=0.01%
2026-07-21 12:25:21 INFO     strategy        PnL: 12:25:21 MTM=45.50 Profit=0.01%
2026-07-21 12:25:22 INFO     strategy        PnL: 12:25:22 MTM=35.75 Profit=0.01%
2026-07-21 12:25:23 INFO     strategy        PnL: 12:25:23 MTM=42.25 Profit=0.01%
2026-07-21 12:25:24 INFO     strategy        PnL: 12:25:24 MTM=55.25 Profit=0.01%
2026-07-21 12:25:25 INFO     strategy        PnL: 12:25:25 MTM=55.25 Profit=0.01%
2026-07-21 12:25:26 INFO     strategy        PnL: 12:25:26 MTM=52.00 Profit=0.01%
2026-07-21 12:25:27 INFO     strategy        PnL: 12:25:27 MTM=58.50 Profit=0.01%
2026-07-21 12:25:28 INFO     strategy        PnL: 12:25:28 MTM=48.75 Profit=0.01%
2026-07-21 12:25:29 INFO     strategy        PnL: 12:25:29 MTM=58.50 Profit=0.01%
2026-07-21 12:25:30 INFO     strategy        PnL: 12:25:30 MTM=58.50 Profit=0.01%
2026-07-21 12:25:31 INFO     strategy        PnL: 12:25:31 MTM=45.50 Profit=0.01%
2026-07-21 12:25:32 INFO     strategy        PnL: 12:25:32 MTM=48.75 Profit=0.01%
2026-07-21 12:25:33 INFO     strategy        PnL: 12:25:33 MTM=61.75 Profit=0.01%
2026-07-21 12:25:34 INFO     strategy        PnL: 12:25:34 MTM=55.25 Profit=0.01%
2026-07-21 12:25:35 INFO     strategy        PnL: 12:25:35 MTM=55.25 Profit=0.01%
2026-07-21 12:25:36 INFO     strategy        PnL: 12:25:36 MTM=39.00 Profit=0.01%
2026-07-21 12:25:37 INFO     strategy        PnL: 12:25:37 MTM=45.50 Profit=0.01%
2026-07-21 12:25:39 INFO     strategy        PnL: 12:25:39 MTM=48.75 Profit=0.01%
2026-07-21 12:25:40 INFO     strategy        PnL: 12:25:40 MTM=58.50 Profit=0.01%
2026-07-21 12:25:41 INFO     strategy        PnL: 12:25:41 MTM=48.75 Profit=0.01%
2026-07-21 12:25:42 INFO     strategy        PnL: 12:25:42 MTM=78.00 Profit=0.01%
2026-07-21 12:25:43 INFO     strategy        PnL: 12:25:43 MTM=78.00 Profit=0.01%
2026-07-21 12:25:44 INFO     strategy        PnL: 12:25:44 MTM=74.75 Profit=0.01%
2026-07-21 12:25:45 INFO     strategy        PnL: 12:25:45 MTM=58.50 Profit=0.01%
2026-07-21 12:25:46 INFO     strategy        PnL: 12:25:46 MTM=68.25 Profit=0.01%
2026-07-21 12:25:47 INFO     strategy        PnL: 12:25:47 MTM=68.25 Profit=0.01%
2026-07-21 12:25:48 INFO     strategy        PnL: 12:25:48 MTM=45.50 Profit=0.01%
2026-07-21 12:25:49 INFO     strategy        PnL: 12:25:49 MTM=71.50 Profit=0.01%
2026-07-21 12:25:50 INFO     strategy        PnL: 12:25:50 MTM=58.50 Profit=0.01%
2026-07-21 12:25:51 INFO     strategy        PnL: 12:25:51 MTM=58.50 Profit=0.01%
2026-07-21 12:25:52 INFO     strategy        PnL: 12:25:52 MTM=68.25 Profit=0.01%
2026-07-21 12:25:53 INFO     strategy        PnL: 12:25:53 MTM=68.25 Profit=0.01%
2026-07-21 12:25:54 INFO     strategy        PnL: 12:25:54 MTM=68.25 Profit=0.01%
2026-07-21 12:25:55 INFO     strategy        PnL: 12:25:55 MTM=58.50 Profit=0.01%
2026-07-21 12:25:56 INFO     strategy        PnL: 12:25:56 MTM=78.00 Profit=0.01%
2026-07-21 12:25:57 INFO     strategy        PnL: 12:25:57 MTM=48.75 Profit=0.01%
2026-07-21 12:25:58 INFO     strategy        PnL: 12:25:58 MTM=35.75 Profit=0.01%
2026-07-21 12:25:59 INFO     strategy        PnL: 12:25:59 MTM=42.25 Profit=0.01%
2026-07-21 12:26:00 INFO     strategy        PnL: 12:26:00 MTM=61.75 Profit=0.01%
2026-07-21 12:26:01 INFO     strategy        PnL: 12:26:01 MTM=48.75 Profit=0.01%
2026-07-21 12:26:02 INFO     strategy        PnL: 12:26:02 MTM=58.50 Profit=0.01%
2026-07-21 12:26:03 INFO     strategy        PnL: 12:26:03 MTM=48.75 Profit=0.01%
2026-07-21 12:26:04 INFO     strategy        PnL: 12:26:04 MTM=48.75 Profit=0.01%
2026-07-21 12:26:05 INFO     strategy        PnL: 12:26:05 MTM=42.25 Profit=0.01%
2026-07-21 12:26:06 INFO     strategy        PnL: 12:26:06 MTM=65.00 Profit=0.01%
2026-07-21 12:26:07 INFO     strategy        PnL: 12:26:07 MTM=32.50 Profit=0.00%
2026-07-21 12:26:08 INFO     strategy        PnL: 12:26:08 MTM=58.50 Profit=0.01%
2026-07-21 12:26:09 INFO     strategy        PnL: 12:26:09 MTM=52.00 Profit=0.01%
2026-07-21 12:26:10 INFO     strategy        PnL: 12:26:10 MTM=65.00 Profit=0.01%
2026-07-21 12:26:11 INFO     strategy        PnL: 12:26:11 MTM=71.50 Profit=0.01%
2026-07-21 12:26:12 INFO     strategy        PnL: 12:26:12 MTM=52.00 Profit=0.01%
2026-07-21 12:26:13 INFO     strategy        PnL: 12:26:13 MTM=68.25 Profit=0.01%
2026-07-21 12:26:14 INFO     strategy        PnL: 12:26:14 MTM=65.00 Profit=0.01%
2026-07-21 12:26:15 INFO     strategy        PnL: 12:26:15 MTM=68.25 Profit=0.01%
2026-07-21 12:26:16 INFO     strategy        PnL: 12:26:16 MTM=58.50 Profit=0.01%
2026-07-21 12:26:17 INFO     strategy        PnL: 12:26:17 MTM=61.75 Profit=0.01%
2026-07-21 12:26:18 INFO     strategy        PnL: 12:26:18 MTM=58.50 Profit=0.01%
2026-07-21 12:26:19 INFO     strategy        PnL: 12:26:19 MTM=78.00 Profit=0.01%
2026-07-21 12:26:20 INFO     strategy        PnL: 12:26:20 MTM=78.00 Profit=0.01%
2026-07-21 12:26:21 INFO     strategy        PnL: 12:26:21 MTM=71.50 Profit=0.01%
2026-07-21 12:26:22 INFO     strategy        PnL: 12:26:22 MTM=61.75 Profit=0.01%
2026-07-21 12:26:23 INFO     strategy        PnL: 12:26:23 MTM=61.75 Profit=0.01%
2026-07-21 12:26:24 INFO     strategy        PnL: 12:26:24 MTM=42.25 Profit=0.01%
2026-07-21 12:26:25 INFO     strategy        PnL: 12:26:25 MTM=52.00 Profit=0.01%
2026-07-21 12:26:26 INFO     strategy        PnL: 12:26:26 MTM=45.50 Profit=0.01%
2026-07-21 12:26:27 INFO     strategy        PnL: 12:26:27 MTM=45.50 Profit=0.01%
2026-07-21 12:26:28 INFO     strategy        PnL: 12:26:28 MTM=52.00 Profit=0.01%
2026-07-21 12:26:29 INFO     strategy        PnL: 12:26:29 MTM=52.00 Profit=0.01%
2026-07-21 12:26:30 INFO     strategy        PnL: 12:26:30 MTM=65.00 Profit=0.01%
2026-07-21 12:26:31 INFO     strategy        PnL: 12:26:31 MTM=58.50 Profit=0.01%
2026-07-21 12:26:32 INFO     strategy        PnL: 12:26:32 MTM=55.25 Profit=0.01%
2026-07-21 12:26:33 INFO     strategy        PnL: 12:26:33 MTM=52.00 Profit=0.01%
2026-07-21 12:26:34 INFO     strategy        PnL: 12:26:34 MTM=48.75 Profit=0.01%
2026-07-21 12:26:35 INFO     strategy        PnL: 12:26:35 MTM=42.25 Profit=0.01%
2026-07-21 12:26:36 INFO     strategy        PnL: 12:26:36 MTM=29.25 Profit=0.00%
2026-07-21 12:26:37 INFO     strategy        PnL: 12:26:37 MTM=61.75 Profit=0.01%
2026-07-21 12:26:38 INFO     strategy        PnL: 12:26:38 MTM=55.25 Profit=0.01%
2026-07-21 12:26:39 INFO     strategy        PnL: 12:26:39 MTM=45.50 Profit=0.01%
2026-07-21 12:26:40 INFO     strategy        PnL: 12:26:40 MTM=71.50 Profit=0.01%
2026-07-21 12:26:41 INFO     strategy        PnL: 12:26:41 MTM=61.75 Profit=0.01%
2026-07-21 12:26:42 INFO     strategy        PnL: 12:26:42 MTM=35.75 Profit=0.01%
2026-07-21 12:26:43 INFO     strategy        PnL: 12:26:43 MTM=55.25 Profit=0.01%
2026-07-21 12:26:44 INFO     strategy        PnL: 12:26:44 MTM=71.50 Profit=0.01%
2026-07-21 12:26:45 INFO     strategy        PnL: 12:26:45 MTM=68.25 Profit=0.01%
2026-07-21 12:26:46 INFO     strategy        PnL: 12:26:46 MTM=78.00 Profit=0.01%
2026-07-21 12:26:47 INFO     strategy        PnL: 12:26:47 MTM=65.00 Profit=0.01%
2026-07-21 12:26:48 INFO     strategy        PnL: 12:26:48 MTM=58.50 Profit=0.01%
2026-07-21 12:26:49 INFO     strategy        PnL: 12:26:49 MTM=78.00 Profit=0.01%
2026-07-21 12:26:50 INFO     strategy        PnL: 12:26:50 MTM=68.25 Profit=0.01%
2026-07-21 12:26:51 INFO     strategy        PnL: 12:26:51 MTM=58.50 Profit=0.01%
2026-07-21 12:26:52 INFO     strategy        PnL: 12:26:52 MTM=42.25 Profit=0.01%
2026-07-21 12:26:53 INFO     strategy        PnL: 12:26:53 MTM=71.50 Profit=0.01%
2026-07-21 12:26:54 INFO     strategy        PnL: 12:26:54 MTM=65.00 Profit=0.01%
2026-07-21 12:26:55 INFO     strategy        PnL: 12:26:55 MTM=65.00 Profit=0.01%
2026-07-21 12:26:56 INFO     strategy        PnL: 12:26:56 MTM=65.00 Profit=0.01%
2026-07-21 12:26:57 INFO     strategy        PnL: 12:26:57 MTM=65.00 Profit=0.01%
2026-07-21 12:26:58 INFO     strategy        PnL: 12:26:58 MTM=65.00 Profit=0.01%
2026-07-21 12:26:59 INFO     strategy        PnL: 12:26:59 MTM=65.00 Profit=0.01%
2026-07-21 12:27:00 INFO     strategy        PnL: 12:27:00 MTM=65.00 Profit=0.01%
2026-07-21 12:27:01 INFO     strategy        PnL: 12:27:01 MTM=65.00 Profit=0.01%
2026-07-21 12:27:02 INFO     strategy        PnL: 12:27:02 MTM=65.00 Profit=0.01%
2026-07-21 12:27:04 INFO     strategy        PnL: 12:27:04 MTM=65.00 Profit=0.01%
2026-07-21 12:27:05 INFO     strategy        PnL: 12:27:05 MTM=65.00 Profit=0.01%
2026-07-21 12:27:06 INFO     strategy        PnL: 12:27:06 MTM=65.00 Profit=0.01%
2026-07-21 12:27:07 INFO     strategy        PnL: 12:27:07 MTM=65.00 Profit=0.01%
2026-07-21 12:27:08 INFO     strategy        PnL: 12:27:08 MTM=65.00 Profit=0.01%
2026-07-21 12:27:09 INFO     strategy        PnL: 12:27:09 MTM=65.00 Profit=0.01%
2026-07-21 12:27:10 INFO     strategy        PnL: 12:27:10 MTM=65.00 Profit=0.01%
2026-07-21 12:27:11 INFO     strategy        PnL: 12:27:11 MTM=65.00 Profit=0.01%
2026-07-21 12:27:12 INFO     strategy        PnL: 12:27:12 MTM=65.00 Profit=0.01%
2026-07-21 12:27:13 INFO     strategy        PnL: 12:27:13 MTM=65.00 Profit=0.01%
2026-07-21 12:27:14 INFO     strategy        PnL: 12:27:14 MTM=65.00 Profit=0.01%
2026-07-21 12:27:15 INFO     strategy        PnL: 12:27:15 MTM=65.00 Profit=0.01%
2026-07-21 12:27:16 INFO     strategy        PnL: 12:27:16 MTM=65.00 Profit=0.01%
2026-07-21 12:27:17 INFO     strategy        PnL: 12:27:17 MTM=65.00 Profit=0.01%
2026-07-21 12:27:18 INFO     strategy        PnL: 12:27:18 MTM=65.00 Profit=0.01%
2026-07-21 12:27:19 INFO     strategy        PnL: 12:27:19 MTM=65.00 Profit=0.01%
2026-07-21 12:27:20 INFO     strategy        PnL: 12:27:20 MTM=65.00 Profit=0.01%
2026-07-21 12:27:21 INFO     strategy        PnL: 12:27:21 MTM=65.00 Profit=0.01%
2026-07-21 12:27:22 INFO     strategy        PnL: 12:27:22 MTM=65.00 Profit=0.01%
2026-07-21 12:27:23 INFO     strategy        PnL: 12:27:23 MTM=65.00 Profit=0.01%
2026-07-21 12:27:24 INFO     strategy        PnL: 12:27:24 MTM=65.00 Profit=0.01%
2026-07-21 12:27:25 WARNING  strategy        No market ticks for 31s (threshold 30s) — MTM/stop-loss may be stale
2026-07-21 12:27:25 INFO     strategy        PnL: 12:27:25 MTM=65.00 Profit=0.01%
2026-07-21 12:27:26 WARNING  strategy        No market ticks for 32s (threshold 30s) — MTM/stop-loss may be stale
2026-07-21 12:27:26 INFO     strategy        PnL: 12:27:26 MTM=65.00 Profit=0.01%
2026-07-21 12:27:27 WARNING  strategy        No market ticks for 33s (threshold 30s) — MTM/stop-loss may be stale
2026-07-21 12:27:27 INFO     strategy        PnL: 12:27:27 MTM=65.00 Profit=0.01%
2026-07-21 12:27:28 WARNING  strategy        No market ticks for 34s (threshold 30s) — MTM/stop-loss may be stale
2026-07-21 12:27:28 INFO     strategy        PnL: 12:27:28 MTM=65.00 Profit=0.01%
2026-07-21 12:27:29 WARNING  strategy        No market ticks for 35s (threshold 30s) — MTM/stop-loss may be stale
2026-07-21 12:27:29 INFO     strategy        PnL: 12:27:29 MTM=65.00 Profit=0.01%
2026-07-21 12:27:30 WARNING  strategy        No market ticks for 36s (threshold 30s) — MTM/stop-loss may be stale
2026-07-21 12:27:30 INFO     strategy        PnL: 12:27:30 MTM=65.00 Profit=0.01%
2026-07-21 12:27:31 WARNING  strategy        No market ticks for 37s (threshold 30s) — MTM/stop-loss may be stale
2026-07-21 12:27:31 INFO     strategy        PnL: 12:27:31 MTM=65.00 Profit=0.01%
2026-07-21 12:27:32 WARNING  strategy        No market ticks for 38s (threshold 30s) — MTM/stop-loss may be stale
2026-07-21 12:27:32 INFO     strategy        PnL: 12:27:32 MTM=65.00 Profit=0.01%
2026-07-21 12:27:33 WARNING  strategy        No market ticks for 39s (threshold 30s) — MTM/stop-loss may be stale
2026-07-21 12:27:33 INFO     strategy        PnL: 12:27:33 MTM=65.00 Profit=0.01%
2026-07-21 12:27:34 WARNING  strategy        No market ticks for 40s (threshold 30s) — MTM/stop-loss may be stale
2026-07-21 12:27:34 INFO     strategy        PnL: 12:27:34 MTM=65.00 Profit=0.01%
2026-07-21 12:27:35 WARNING  strategy        No market ticks for 41s (threshold 30s) — MTM/stop-loss may be stale
2026-07-21 12:27:35 INFO     strategy        PnL: 12:27:35 MTM=65.00 Profit=0.01%
2026-07-21 12:27:36 WARNING  strategy        No market ticks for 42s (threshold 30s) — MTM/stop-loss may be stale
2026-07-21 12:27:36 INFO     strategy        PnL: 12:27:36 MTM=65.00 Profit=0.01%
2026-07-21 12:27:37 WARNING  strategy        No market ticks for 43s (threshold 30s) — MTM/stop-loss may be stale
2026-07-21 12:27:37 INFO     strategy        PnL: 12:27:37 MTM=65.00 Profit=0.01%
2026-07-21 12:27:38 WARNING  strategy        No market ticks for 44s (threshold 30s) — MTM/stop-loss may be stale
2026-07-21 12:27:38 INFO     strategy        PnL: 12:27:38 MTM=65.00 Profit=0.01%
2026-07-21 12:27:39 WARNING  strategy        No market ticks for 45s (threshold 30s) — MTM/stop-loss may be stale
2026-07-21 12:27:39 INFO     strategy        PnL: 12:27:39 MTM=65.00 Profit=0.01%
2026-07-21 12:27:40 WARNING  strategy        No market ticks for 46s (threshold 30s) — MTM/stop-loss may be stale
2026-07-21 12:27:40 INFO     strategy        PnL: 12:27:40 MTM=65.00 Profit=0.01%
2026-07-21 12:27:41 WARNING  strategy        No market ticks for 47s (threshold 30s) — MTM/stop-loss may be stale
2026-07-21 12:27:41 INFO     strategy        PnL: 12:27:41 MTM=65.00 Profit=0.01%
2026-07-21 12:27:42 WARNING  strategy        No market ticks for 48s (threshold 30s) — MTM/stop-loss may be stale
2026-07-21 12:27:42 INFO     strategy        PnL: 12:27:42 MTM=65.00 Profit=0.01%
2026-07-21 12:27:43 WARNING  strategy        No market ticks for 49s (threshold 30s) — MTM/stop-loss may be stale
2026-07-21 12:27:43 INFO     strategy        PnL: 12:27:43 MTM=65.00 Profit=0.01%
2026-07-21 12:27:44 WARNING  strategy        No market ticks for 50s (threshold 30s) — MTM/stop-loss may be stale
2026-07-21 12:27:44 INFO     strategy        PnL: 12:27:44 MTM=65.00 Profit=0.01%
2026-07-21 12:27:45 WARNING  strategy        No market ticks for 51s (threshold 30s) — MTM/stop-loss may be stale
2026-07-21 12:27:45 INFO     strategy        PnL: 12:27:45 MTM=65.00 Profit=0.01%
2026-07-21 12:27:46 WARNING  strategy        No market ticks for 52s (threshold 30s) — MTM/stop-loss may be stale
2026-07-21 12:27:46 INFO     strategy        PnL: 12:27:46 MTM=65.00 Profit=0.01%
2026-07-21 12:27:47 WARNING  strategy        No market ticks for 53s (threshold 30s) — MTM/stop-loss may be stale
2026-07-21 12:27:47 INFO     strategy        PnL: 12:27:47 MTM=65.00 Profit=0.01%
2026-07-21 12:27:48 WARNING  strategy        No market ticks for 54s (threshold 30s) — MTM/stop-loss may be stale
2026-07-21 12:27:48 INFO     strategy        PnL: 12:27:48 MTM=65.00 Profit=0.01%
2026-07-21 12:27:49 WARNING  strategy        No market ticks for 55s (threshold 30s) — MTM/stop-loss may be stale
2026-07-21 12:27:49 INFO     strategy        PnL: 12:27:49 MTM=65.00 Profit=0.01%
2026-07-21 12:27:50 WARNING  strategy        No market ticks for 56s (threshold 30s) — MTM/stop-loss may be stale
2026-07-21 12:27:50 INFO     strategy        PnL: 12:27:50 MTM=65.00 Profit=0.01%
2026-07-21 12:27:51 WARNING  strategy        No market ticks for 57s (threshold 30s) — MTM/stop-loss may be stale
2026-07-21 12:27:51 INFO     strategy        PnL: 12:27:51 MTM=65.00 Profit=0.01%
2026-07-21 12:27:52 WARNING  strategy        No market ticks for 58s (threshold 30s) — MTM/stop-loss may be stale
2026-07-21 12:27:52 INFO     strategy        PnL: 12:27:52 MTM=65.00 Profit=0.01%
2026-07-21 12:27:53 WARNING  strategy        No market ticks for 59s (threshold 30s) — MTM/stop-loss may be stale
2026-07-21 12:27:53 INFO     strategy        PnL: 12:27:53 MTM=65.00 Profit=0.01%
2026-07-21 12:27:54 WARNING  strategy        No market ticks for 60s (threshold 30s) — MTM/stop-loss may be stale
2026-07-21 12:27:54 INFO     strategy        PnL: 12:27:54 MTM=65.00 Profit=0.01%
2026-07-21 12:27:55 WARNING  strategy        No market ticks for 61s (threshold 30s) — MTM/stop-loss may be stale
2026-07-21 12:27:55 INFO     strategy        PnL: 12:27:55 MTM=65.00 Profit=0.01%
2026-07-21 12:27:56 WARNING  strategy        No market ticks for 62s (threshold 30s) — MTM/stop-loss may be stale
2026-07-21 12:27:56 INFO     strategy        PnL: 12:27:56 MTM=65.00 Profit=0.01%
2026-07-21 12:27:57 WARNING  strategy        No market ticks for 63s (threshold 30s) — MTM/stop-loss may be stale
2026-07-21 12:27:57 INFO     strategy        PnL: 12:27:57 MTM=65.00 Profit=0.01%
2026-07-21 12:27:58 WARNING  strategy        No market ticks for 64s (threshold 30s) — MTM/stop-loss may be stale
2026-07-21 12:27:58 INFO     strategy        PnL: 12:27:58 MTM=65.00 Profit=0.01%
2026-07-21 12:27:59 WARNING  strategy        No market ticks for 65s (threshold 30s) — MTM/stop-loss may be stale
2026-07-21 12:27:59 INFO     strategy        PnL: 12:27:59 MTM=65.00 Profit=0.01%
2026-07-21 12:28:00 WARNING  strategy        No market ticks for 66s (threshold 30s) — MTM/stop-loss may be stale
2026-07-21 12:28:00 INFO     strategy        PnL: 12:28:00 MTM=65.00 Profit=0.01%
2026-07-21 12:28:01 WARNING  strategy        No market ticks for 67s (threshold 30s) — MTM/stop-loss may be stale
2026-07-21 12:28:01 INFO     strategy        PnL: 12:28:01 MTM=65.00 Profit=0.01%
2026-07-21 12:28:02 WARNING  strategy        No market ticks for 68s (threshold 30s) — MTM/stop-loss may be stale
2026-07-21 12:28:02 INFO     strategy        PnL: 12:28:02 MTM=65.00 Profit=0.01%
2026-07-21 12:28:03 WARNING  strategy        No market ticks for 69s (threshold 30s) — MTM/stop-loss may be stale
2026-07-21 12:28:03 INFO     strategy        PnL: 12:28:03 MTM=65.00 Profit=0.01%
2026-07-21 12:28:04 WARNING  strategy        No market ticks for 70s (threshold 30s) — MTM/stop-loss may be stale
2026-07-21 12:28:04 INFO     strategy        PnL: 12:28:04 MTM=65.00 Profit=0.01%
2026-07-21 12:28:05 WARNING  strategy        No market ticks for 71s (threshold 30s) — MTM/stop-loss may be stale
2026-07-21 12:28:05 INFO     strategy        PnL: 12:28:05 MTM=65.00 Profit=0.01%
2026-07-21 12:28:06 WARNING  strategy        No market ticks for 72s (threshold 30s) — MTM/stop-loss may be stale
2026-07-21 12:28:06 INFO     strategy        PnL: 12:28:06 MTM=65.00 Profit=0.01%
2026-07-21 12:28:07 WARNING  strategy        No market ticks for 73s (threshold 30s) — MTM/stop-loss may be stale
2026-07-21 12:28:07 INFO     strategy        PnL: 12:28:07 MTM=65.00 Profit=0.01%
2026-07-21 12:28:08 WARNING  strategy        No market ticks for 74s (threshold 30s) — MTM/stop-loss may be stale
2026-07-21 12:28:08 INFO     strategy        PnL: 12:28:08 MTM=65.00 Profit=0.01%
2026-07-21 12:28:09 WARNING  strategy        No market ticks for 75s (threshold 30s) — MTM/stop-loss may be stale
2026-07-21 12:28:09 INFO     strategy        PnL: 12:28:09 MTM=65.00 Profit=0.01%
2026-07-21 12:28:10 WARNING  strategy        No market ticks for 77s (threshold 30s) — MTM/stop-loss may be stale
2026-07-21 12:28:10 INFO     strategy        PnL: 12:28:10 MTM=65.00 Profit=0.01%
2026-07-21 12:28:11 WARNING  strategy        No market ticks for 78s (threshold 30s) — MTM/stop-loss may be stale
2026-07-21 12:28:11 INFO     strategy        PnL: 12:28:11 MTM=65.00 Profit=0.01%
2026-07-21 12:28:12 WARNING  strategy        No market ticks for 79s (threshold 30s) — MTM/stop-loss may be stale
2026-07-21 12:28:12 INFO     strategy        PnL: 12:28:12 MTM=65.00 Profit=0.01%
2026-07-21 12:28:13 WARNING  strategy        No market ticks for 80s (threshold 30s) — MTM/stop-loss may be stale
2026-07-21 12:28:13 INFO     strategy        PnL: 12:28:13 MTM=65.00 Profit=0.01%
2026-07-21 12:28:15 WARNING  strategy        No market ticks for 81s (threshold 30s) — MTM/stop-loss may be stale
2026-07-21 12:28:15 INFO     strategy        PnL: 12:28:15 MTM=65.00 Profit=0.01%
2026-07-21 12:28:16 WARNING  strategy        No market ticks for 82s (threshold 30s) — MTM/stop-loss may be stale
2026-07-21 12:28:16 INFO     strategy        PnL: 12:28:16 MTM=65.00 Profit=0.01%
2026-07-21 12:28:17 WARNING  strategy        No market ticks for 83s (threshold 30s) — MTM/stop-loss may be stale
2026-07-21 12:28:17 INFO     strategy        PnL: 12:28:17 MTM=65.00 Profit=0.01%
2026-07-21 12:28:18 WARNING  strategy        No market ticks for 84s (threshold 30s) — MTM/stop-loss may be stale
2026-07-21 12:28:18 INFO     strategy        PnL: 12:28:18 MTM=65.00 Profit=0.01%
2026-07-21 12:28:19 WARNING  strategy        No market ticks for 85s (threshold 30s) — MTM/stop-loss may be stale
2026-07-21 12:28:19 INFO     strategy        PnL: 12:28:19 MTM=65.00 Profit=0.01%
2026-07-21 12:28:20 WARNING  strategy        No market ticks for 86s (threshold 30s) — MTM/stop-loss may be stale
2026-07-21 12:28:20 INFO     strategy        PnL: 12:28:20 MTM=65.00 Profit=0.01%
2026-07-21 12:28:21 WARNING  strategy        No market ticks for 87s (threshold 30s) — MTM/stop-loss may be stale
2026-07-21 12:28:21 INFO     strategy        PnL: 12:28:21 MTM=65.00 Profit=0.01%
2026-07-21 12:28:22 WARNING  strategy        No market ticks for 88s (threshold 30s) — MTM/stop-loss may be stale
2026-07-21 12:28:22 INFO     strategy        PnL: 12:28:22 MTM=65.00 Profit=0.01%
2026-07-21 12:28:23 WARNING  strategy        No market ticks for 89s (threshold 30s) — MTM/stop-loss may be stale
2026-07-21 12:28:23 INFO     strategy        PnL: 12:28:23 MTM=65.00 Profit=0.01%
2026-07-21 12:28:24 WARNING  strategy        No market ticks for 90s (threshold 30s) — MTM/stop-loss may be stale
2026-07-21 12:28:24 INFO     strategy        PnL: 12:28:24 MTM=65.00 Profit=0.01%
2026-07-21 12:28:25 WARNING  strategy        No market ticks for 91s (threshold 30s) — MTM/stop-loss may be stale
2026-07-21 12:28:25 INFO     strategy        PnL: 12:28:25 MTM=65.00 Profit=0.01%
2026-07-21 12:28:26 WARNING  strategy        No market ticks for 92s (threshold 30s) — MTM/stop-loss may be stale
2026-07-21 12:28:26 INFO     strategy        PnL: 12:28:26 MTM=65.00 Profit=0.01%
2026-07-21 12:28:27 WARNING  strategy        No market ticks for 93s (threshold 30s) — MTM/stop-loss may be stale
2026-07-21 12:28:27 INFO     strategy        PnL: 12:28:27 MTM=65.00 Profit=0.01%
2026-07-21 12:28:28 WARNING  strategy        No market ticks for 94s (threshold 30s) — MTM/stop-loss may be stale
2026-07-21 12:28:28 INFO     strategy        PnL: 12:28:28 MTM=65.00 Profit=0.01%
2026-07-21 12:28:29 WARNING  strategy        No market ticks for 95s (threshold 30s) — MTM/stop-loss may be stale
2026-07-21 12:28:29 INFO     strategy        PnL: 12:28:29 MTM=65.00 Profit=0.01%
2026-07-21 12:28:30 INFO     strategy        PnL: 12:28:30 MTM=260.00 Profit=0.04%
2026-07-21 12:28:31 INFO     strategy        PnL: 12:28:31 MTM=71.50 Profit=0.01%
2026-07-21 12:28:32 INFO     strategy        PnL: 12:28:32 MTM=61.75 Profit=0.01%
2026-07-21 12:28:33 INFO     strategy        PnL: 12:28:33 MTM=58.50 Profit=0.01%
2026-07-21 12:28:34 INFO     strategy        PnL: 12:28:34 MTM=74.75 Profit=0.01%
2026-07-21 12:28:35 INFO     strategy        PnL: 12:28:35 MTM=39.00 Profit=0.01%
2026-07-21 12:28:36 INFO     strategy        PnL: 12:28:36 MTM=78.00 Profit=0.01%
2026-07-21 12:28:37 INFO     strategy        PnL: 12:28:37 MTM=78.00 Profit=0.01%
2026-07-21 12:28:38 INFO     strategy        PnL: 12:28:38 MTM=81.25 Profit=0.01%
2026-07-21 12:28:39 INFO     strategy        PnL: 12:28:39 MTM=71.50 Profit=0.01%
2026-07-21 12:28:40 INFO     strategy        PnL: 12:28:40 MTM=55.25 Profit=0.01%
2026-07-21 12:28:41 INFO     strategy        PnL: 12:28:41 MTM=78.00 Profit=0.01%
2026-07-21 12:28:42 INFO     strategy        PnL: 12:28:42 MTM=71.50 Profit=0.01%
2026-07-21 12:28:43 INFO     strategy        PnL: 12:28:43 MTM=84.50 Profit=0.01%
2026-07-21 12:28:44 INFO     strategy        PnL: 12:28:44 MTM=71.50 Profit=0.01%
2026-07-21 12:28:45 INFO     strategy        PnL: 12:28:45 MTM=71.50 Profit=0.01%
2026-07-21 12:28:46 INFO     strategy        PnL: 12:28:46 MTM=84.50 Profit=0.01%
2026-07-21 12:28:47 INFO     strategy        PnL: 12:28:47 MTM=84.50 Profit=0.01%
2026-07-21 12:28:48 INFO     strategy        PnL: 12:28:48 MTM=52.00 Profit=0.01%
2026-07-21 12:28:49 INFO     strategy        PnL: 12:28:49 MTM=84.50 Profit=0.01%
2026-07-21 12:28:50 INFO     strategy        PnL: 12:28:50 MTM=87.75 Profit=0.01%
2026-07-21 12:28:51 INFO     strategy        PnL: 12:28:51 MTM=65.00 Profit=0.01%
2026-07-21 12:28:52 INFO     strategy        PnL: 12:28:52 MTM=100.75 Profit=0.02%
2026-07-21 12:28:53 INFO     strategy        PnL: 12:28:53 MTM=78.00 Profit=0.01%
2026-07-21 12:28:54 INFO     strategy        PnL: 12:28:54 MTM=74.75 Profit=0.01%
2026-07-21 12:28:55 INFO     strategy        PnL: 12:28:55 MTM=68.25 Profit=0.01%
2026-07-21 12:28:56 INFO     strategy        PnL: 12:28:56 MTM=78.00 Profit=0.01%
2026-07-21 12:28:57 INFO     strategy        PnL: 12:28:57 MTM=84.50 Profit=0.01%
2026-07-21 12:28:58 INFO     strategy        PnL: 12:28:58 MTM=68.25 Profit=0.01%
2026-07-21 12:28:59 INFO     strategy        PnL: 12:28:59 MTM=58.50 Profit=0.01%
2026-07-21 12:29:00 INFO     strategy        PnL: 12:29:00 MTM=74.75 Profit=0.01%
2026-07-21 12:29:01 INFO     strategy        PnL: 12:29:01 MTM=74.75 Profit=0.01%
2026-07-21 12:29:02 INFO     strategy        PnL: 12:29:02 MTM=84.50 Profit=0.01%
2026-07-21 12:29:03 INFO     strategy        PnL: 12:29:03 MTM=71.50 Profit=0.01%
2026-07-21 12:29:04 INFO     strategy        PnL: 12:29:04 MTM=74.75 Profit=0.01%
2026-07-21 12:29:05 INFO     strategy        PnL: 12:29:05 MTM=52.00 Profit=0.01%
2026-07-21 12:29:06 INFO     strategy        PnL: 12:29:06 MTM=71.50 Profit=0.01%
2026-07-21 12:29:07 INFO     strategy        PnL: 12:29:07 MTM=81.25 Profit=0.01%
2026-07-21 12:29:08 INFO     strategy        PnL: 12:29:08 MTM=61.75 Profit=0.01%
2026-07-21 12:29:09 INFO     strategy        PnL: 12:29:09 MTM=65.00 Profit=0.01%
2026-07-21 12:29:10 INFO     strategy        PnL: 12:29:10 MTM=68.25 Profit=0.01%
2026-07-21 12:29:11 INFO     strategy        PnL: 12:29:11 MTM=87.75 Profit=0.01%
2026-07-21 12:29:12 INFO     strategy        PnL: 12:29:12 MTM=68.25 Profit=0.01%
2026-07-21 12:29:13 INFO     strategy        PnL: 12:29:13 MTM=74.75 Profit=0.01%
2026-07-21 12:29:14 INFO     strategy        PnL: 12:29:14 MTM=81.25 Profit=0.01%
2026-07-21 12:29:15 INFO     strategy        PnL: 12:29:15 MTM=74.75 Profit=0.01%
2026-07-21 12:29:16 INFO     strategy        PnL: 12:29:16 MTM=97.50 Profit=0.01%
2026-07-21 12:29:17 INFO     strategy        PnL: 12:29:17 MTM=94.25 Profit=0.01%
2026-07-21 12:29:18 INFO     strategy        PnL: 12:29:18 MTM=78.00 Profit=0.01%
2026-07-21 12:29:19 INFO     strategy        PnL: 12:29:19 MTM=78.00 Profit=0.01%
2026-07-21 12:29:20 INFO     strategy        PnL: 12:29:20 MTM=81.25 Profit=0.01%
2026-07-21 12:29:21 INFO     strategy        PnL: 12:29:21 MTM=74.75 Profit=0.01%
2026-07-21 12:29:22 INFO     strategy        PnL: 12:29:22 MTM=74.75 Profit=0.01%
2026-07-21 12:29:23 INFO     strategy        PnL: 12:29:23 MTM=94.25 Profit=0.01%
2026-07-21 12:29:24 INFO     strategy        PnL: 12:29:24 MTM=94.25 Profit=0.01%
2026-07-21 12:29:25 INFO     strategy        PnL: 12:29:25 MTM=94.25 Profit=0.01%
2026-07-21 12:29:26 INFO     strategy        PnL: 12:29:26 MTM=84.50 Profit=0.01%
2026-07-21 12:29:27 INFO     strategy        PnL: 12:29:27 MTM=91.00 Profit=0.01%
2026-07-21 12:29:28 INFO     strategy        PnL: 12:29:28 MTM=78.00 Profit=0.01%
2026-07-21 12:29:29 INFO     strategy        PnL: 12:29:29 MTM=110.50 Profit=0.02%
2026-07-21 12:29:30 INFO     strategy        PnL: 12:29:30 MTM=91.00 Profit=0.01%
2026-07-21 12:29:31 INFO     strategy        PnL: 12:29:31 MTM=97.50 Profit=0.01%
2026-07-21 12:29:32 INFO     strategy        PnL: 12:29:32 MTM=84.50 Profit=0.01%
2026-07-21 12:29:33 INFO     strategy        PnL: 12:29:33 MTM=65.00 Profit=0.01%
2026-07-21 12:29:34 INFO     strategy        PnL: 12:29:34 MTM=74.75 Profit=0.01%
2026-07-21 12:29:35 INFO     strategy        PnL: 12:29:35 MTM=74.75 Profit=0.01%
2026-07-21 12:29:36 INFO     strategy        PnL: 12:29:36 MTM=74.75 Profit=0.01%
2026-07-21 12:29:37 INFO     strategy        PnL: 12:29:37 MTM=68.25 Profit=0.01%
2026-07-21 12:29:38 INFO     strategy        PnL: 12:29:38 MTM=65.00 Profit=0.01%
2026-07-21 12:29:39 INFO     strategy        PnL: 12:29:39 MTM=71.50 Profit=0.01%
2026-07-21 12:29:40 INFO     strategy        PnL: 12:29:40 MTM=81.25 Profit=0.01%
2026-07-21 12:29:41 INFO     strategy        PnL: 12:29:41 MTM=61.75 Profit=0.01%
2026-07-21 12:29:42 INFO     strategy        PnL: 12:29:42 MTM=71.50 Profit=0.01%
2026-07-21 12:29:43 INFO     strategy        PnL: 12:29:43 MTM=52.00 Profit=0.01%
2026-07-21 12:29:44 INFO     strategy        PnL: 12:29:44 MTM=65.00 Profit=0.01%
2026-07-21 12:29:45 INFO     strategy        PnL: 12:29:45 MTM=55.25 Profit=0.01%
2026-07-21 12:29:46 INFO     strategy        PnL: 12:29:46 MTM=68.25 Profit=0.01%
2026-07-21 12:29:47 INFO     strategy        PnL: 12:29:47 MTM=68.25 Profit=0.01%
2026-07-21 12:29:48 INFO     strategy        PnL: 12:29:48 MTM=71.50 Profit=0.01%
2026-07-21 12:29:49 INFO     strategy        PnL: 12:29:49 MTM=74.75 Profit=0.01%
2026-07-21 12:29:50 INFO     strategy        PnL: 12:29:50 MTM=68.25 Profit=0.01%
2026-07-21 12:29:51 INFO     strategy        PnL: 12:29:51 MTM=81.25 Profit=0.01%
2026-07-21 12:29:52 INFO     strategy        PnL: 12:29:52 MTM=71.50 Profit=0.01%
2026-07-21 12:29:53 INFO     strategy        PnL: 12:29:53 MTM=55.25 Profit=0.01%
2026-07-21 12:29:54 INFO     strategy        PnL: 12:29:54 MTM=71.50 Profit=0.01%
2026-07-21 12:29:55 INFO     strategy        PnL: 12:29:55 MTM=78.00 Profit=0.01%
2026-07-21 12:29:56 INFO     strategy        PnL: 12:29:56 MTM=81.25 Profit=0.01%
2026-07-21 12:29:57 INFO     strategy        PnL: 12:29:57 MTM=65.00 Profit=0.01%
2026-07-21 12:29:59 INFO     strategy        PnL: 12:29:59 MTM=74.75 Profit=0.01%
2026-07-21 12:30:00 INFO     strategy        PnL: 12:30:00 MTM=65.00 Profit=0.01%
2026-07-21 12:30:01 INFO     strategy        PnL: 12:30:01 MTM=87.75 Profit=0.01%
2026-07-21 12:30:02 INFO     strategy        PnL: 12:30:02 MTM=74.75 Profit=0.01%
2026-07-21 12:30:03 INFO     strategy        PnL: 12:30:03 MTM=81.25 Profit=0.01%
2026-07-21 12:30:04 INFO     strategy        PnL: 12:30:04 MTM=55.25 Profit=0.01%
2026-07-21 12:30:05 INFO     strategy        PnL: 12:30:05 MTM=48.75 Profit=0.01%
2026-07-21 12:30:06 INFO     strategy        PnL: 12:30:06 MTM=48.75 Profit=0.01%
2026-07-21 12:30:07 INFO     strategy        PnL: 12:30:07 MTM=42.25 Profit=0.01%
2026-07-21 12:30:08 INFO     strategy        PnL: 12:30:08 MTM=68.25 Profit=0.01%
2026-07-21 12:30:09 INFO     strategy        PnL: 12:30:09 MTM=58.50 Profit=0.01%
2026-07-21 12:30:10 INFO     strategy        PnL: 12:30:10 MTM=45.50 Profit=0.01%
2026-07-21 12:30:11 INFO     strategy        PnL: 12:30:11 MTM=61.75 Profit=0.01%
2026-07-21 12:30:12 INFO     strategy        PnL: 12:30:12 MTM=42.25 Profit=0.01%
2026-07-21 12:30:13 INFO     strategy        PnL: 12:30:13 MTM=42.25 Profit=0.01%
2026-07-21 12:30:14 INFO     strategy        PnL: 12:30:14 MTM=78.00 Profit=0.01%
2026-07-21 12:30:15 INFO     strategy        PnL: 12:30:15 MTM=68.25 Profit=0.01%
2026-07-21 12:30:16 INFO     strategy        PnL: 12:30:16 MTM=39.00 Profit=0.01%
2026-07-21 12:30:17 INFO     strategy        PnL: 12:30:17 MTM=48.75 Profit=0.01%
2026-07-21 12:30:18 INFO     strategy        PnL: 12:30:18 MTM=22.75 Profit=0.00%
2026-07-21 12:30:19 INFO     strategy        PnL: 12:30:19 MTM=39.00 Profit=0.01%
2026-07-21 12:30:20 INFO     strategy        PnL: 12:30:20 MTM=39.00 Profit=0.01%
2026-07-21 12:30:21 INFO     strategy        PnL: 12:30:21 MTM=29.25 Profit=0.00%
2026-07-21 12:30:22 INFO     strategy        PnL: 12:30:22 MTM=74.75 Profit=0.01%
2026-07-21 12:30:23 INFO     strategy        PnL: 12:30:23 MTM=68.25 Profit=0.01%
2026-07-21 12:30:24 INFO     strategy        PnL: 12:30:24 MTM=35.75 Profit=0.01%
2026-07-21 12:30:25 INFO     strategy        PnL: 12:30:25 MTM=39.00 Profit=0.01%
2026-07-21 12:30:26 INFO     strategy        PnL: 12:30:26 MTM=74.75 Profit=0.01%
2026-07-21 12:30:27 INFO     strategy        PnL: 12:30:27 MTM=26.00 Profit=0.00%
2026-07-21 12:30:28 INFO     strategy        PnL: 12:30:28 MTM=45.50 Profit=0.01%
2026-07-21 12:30:29 INFO     strategy        PnL: 12:30:29 MTM=65.00 Profit=0.01%
2026-07-21 12:30:30 INFO     strategy        PnL: 12:30:30 MTM=55.25 Profit=0.01%
2026-07-21 12:30:31 INFO     strategy        PnL: 12:30:31 MTM=42.25 Profit=0.01%
2026-07-21 12:30:32 INFO     strategy        PnL: 12:30:32 MTM=52.00 Profit=0.01%
2026-07-21 12:30:33 INFO     strategy        PnL: 12:30:33 MTM=35.75 Profit=0.01%
2026-07-21 12:30:34 INFO     strategy        PnL: 12:30:34 MTM=45.50 Profit=0.01%
2026-07-21 12:30:35 INFO     strategy        PnL: 12:30:35 MTM=22.75 Profit=0.00%
2026-07-21 12:30:36 INFO     strategy        PnL: 12:30:36 MTM=35.75 Profit=0.01%
2026-07-21 12:30:37 INFO     strategy        PnL: 12:30:37 MTM=26.00 Profit=0.00%
2026-07-21 12:30:38 INFO     strategy        PnL: 12:30:38 MTM=39.00 Profit=0.01%
2026-07-21 12:30:39 INFO     strategy        PnL: 12:30:39 MTM=29.25 Profit=0.00%
2026-07-21 12:30:40 INFO     strategy        PnL: 12:30:40 MTM=35.75 Profit=0.01%
2026-07-21 12:30:41 INFO     strategy        PnL: 12:30:41 MTM=39.00 Profit=0.01%
2026-07-21 12:30:42 INFO     strategy        PnL: 12:30:42 MTM=26.00 Profit=0.00%
2026-07-21 12:30:43 INFO     strategy        PnL: 12:30:43 MTM=29.25 Profit=0.00%
2026-07-21 12:30:44 INFO     strategy        PnL: 12:30:44 MTM=35.75 Profit=0.01%
2026-07-21 12:30:45 INFO     strategy        PnL: 12:30:45 MTM=39.00 Profit=0.01%
2026-07-21 12:30:46 INFO     strategy        PnL: 12:30:46 MTM=45.50 Profit=0.01%
2026-07-21 12:30:47 INFO     strategy        PnL: 12:30:47 MTM=35.75 Profit=0.01%
2026-07-21 12:30:48 INFO     strategy        PnL: 12:30:48 MTM=39.00 Profit=0.01%
2026-07-21 12:30:49 INFO     strategy        PnL: 12:30:49 MTM=58.50 Profit=0.01%
2026-07-21 12:30:50 INFO     strategy        PnL: 12:30:50 MTM=29.25 Profit=0.00%
2026-07-21 12:30:51 INFO     strategy        PnL: 12:30:51 MTM=39.00 Profit=0.01%
2026-07-21 12:30:52 INFO     strategy        PnL: 12:30:52 MTM=39.00 Profit=0.01%
2026-07-21 12:30:53 INFO     strategy        PnL: 12:30:53 MTM=52.00 Profit=0.01%
2026-07-21 12:30:54 INFO     strategy        PnL: 12:30:54 MTM=45.50 Profit=0.01%
2026-07-21 12:30:55 INFO     strategy        PnL: 12:30:55 MTM=22.75 Profit=0.00%
2026-07-21 12:30:56 INFO     strategy        PnL: 12:30:56 MTM=35.75 Profit=0.01%
2026-07-21 12:30:57 INFO     strategy        PnL: 12:30:57 MTM=45.50 Profit=0.01%
2026-07-21 12:30:58 INFO     strategy        PnL: 12:30:58 MTM=22.75 Profit=0.00%
2026-07-21 12:30:59 INFO     strategy        PnL: 12:30:59 MTM=32.50 Profit=0.00%
2026-07-21 12:31:00 INFO     strategy        PnL: 12:31:00 MTM=19.50 Profit=0.00%
2026-07-21 12:31:01 INFO     strategy        PnL: 12:31:01 MTM=32.50 Profit=0.00%
2026-07-21 12:31:02 INFO     strategy        PnL: 12:31:02 MTM=48.75 Profit=0.01%
2026-07-21 12:31:03 INFO     strategy        PnL: 12:31:03 MTM=55.25 Profit=0.01%
2026-07-21 12:31:04 INFO     strategy        PnL: 12:31:04 MTM=22.75 Profit=0.00%
2026-07-21 12:31:05 INFO     strategy        PnL: 12:31:05 MTM=6.50 Profit=0.00%
2026-07-21 12:31:06 INFO     strategy        PnL: 12:31:06 MTM=29.25 Profit=0.00%
2026-07-21 12:31:07 INFO     strategy        PnL: 12:31:07 MTM=45.50 Profit=0.01%
2026-07-21 12:31:08 INFO     strategy        PnL: 12:31:08 MTM=39.00 Profit=0.01%
2026-07-21 12:31:09 INFO     strategy        PnL: 12:31:09 MTM=22.75 Profit=0.00%
2026-07-21 12:31:10 INFO     strategy        PnL: 12:31:10 MTM=19.50 Profit=0.00%
2026-07-21 12:31:11 INFO     strategy        PnL: 12:31:11 MTM=35.75 Profit=0.01%
2026-07-21 12:31:12 INFO     strategy        PnL: 12:31:12 MTM=19.50 Profit=0.00%
2026-07-21 12:31:13 INFO     strategy        PnL: 12:31:13 MTM=58.50 Profit=0.01%
2026-07-21 12:31:14 INFO     strategy        PnL: 12:31:14 MTM=42.25 Profit=0.01%
2026-07-21 12:31:15 INFO     strategy        PnL: 12:31:15 MTM=22.75 Profit=0.00%
2026-07-21 12:31:16 INFO     strategy        PnL: 12:31:16 MTM=42.25 Profit=0.01%
2026-07-21 12:31:17 INFO     strategy        PnL: 12:31:17 MTM=61.75 Profit=0.01%
2026-07-21 12:31:18 INFO     strategy        PnL: 12:31:18 MTM=61.75 Profit=0.01%
2026-07-21 12:31:19 INFO     strategy        PnL: 12:31:19 MTM=26.00 Profit=0.00%
2026-07-21 12:31:20 INFO     strategy        PnL: 12:31:20 MTM=48.75 Profit=0.01%
2026-07-21 12:31:21 INFO     strategy        PnL: 12:31:21 MTM=61.75 Profit=0.01%
2026-07-21 12:31:22 INFO     strategy        PnL: 12:31:22 MTM=35.75 Profit=0.01%
2026-07-21 12:31:23 INFO     strategy        PnL: 12:31:23 MTM=61.75 Profit=0.01%
2026-07-21 12:31:24 INFO     strategy        PnL: 12:31:24 MTM=55.25 Profit=0.01%
2026-07-21 12:31:25 INFO     strategy        PnL: 12:31:25 MTM=61.75 Profit=0.01%
2026-07-21 12:31:26 INFO     strategy        PnL: 12:31:26 MTM=26.00 Profit=0.00%
2026-07-21 12:31:27 INFO     strategy        PnL: 12:31:27 MTM=45.50 Profit=0.01%
2026-07-21 12:31:28 INFO     strategy        PnL: 12:31:28 MTM=52.00 Profit=0.01%
2026-07-21 12:31:29 INFO     strategy        PnL: 12:31:29 MTM=35.75 Profit=0.01%
2026-07-21 12:31:30 INFO     strategy        PnL: 12:31:30 MTM=35.75 Profit=0.01%
2026-07-21 12:31:31 INFO     strategy        PnL: 12:31:31 MTM=48.75 Profit=0.01%
2026-07-21 12:31:32 INFO     strategy        PnL: 12:31:32 MTM=39.00 Profit=0.01%
2026-07-21 12:31:33 INFO     strategy        PnL: 12:31:33 MTM=39.00 Profit=0.01%
2026-07-21 12:31:34 INFO     strategy        PnL: 12:31:34 MTM=42.25 Profit=0.01%
2026-07-21 12:31:35 INFO     strategy        PnL: 12:31:35 MTM=58.50 Profit=0.01%
2026-07-21 12:31:36 INFO     strategy        PnL: 12:31:36 MTM=32.50 Profit=0.00%
2026-07-21 12:31:37 INFO     strategy        PnL: 12:31:37 MTM=52.00 Profit=0.01%
2026-07-21 12:31:38 INFO     strategy        PnL: 12:31:38 MTM=61.75 Profit=0.01%
2026-07-21 12:31:39 INFO     strategy        PnL: 12:31:39 MTM=45.50 Profit=0.01%
2026-07-21 12:31:40 INFO     strategy        PnL: 12:31:40 MTM=45.50 Profit=0.01%
2026-07-21 12:31:41 INFO     strategy        PnL: 12:31:41 MTM=61.75 Profit=0.01%
2026-07-21 12:31:42 INFO     strategy        PnL: 12:31:42 MTM=94.25 Profit=0.01%
2026-07-21 12:31:43 INFO     strategy        PnL: 12:31:43 MTM=52.00 Profit=0.01%
2026-07-21 12:31:44 INFO     strategy        PnL: 12:31:44 MTM=74.75 Profit=0.01%
2026-07-21 12:31:45 INFO     strategy        PnL: 12:31:45 MTM=87.75 Profit=0.01%
2026-07-21 12:31:47 INFO     strategy        PnL: 12:31:47 MTM=68.25 Profit=0.01%
2026-07-21 12:31:48 INFO     strategy        PnL: 12:31:48 MTM=74.75 Profit=0.01%
2026-07-21 12:31:49 INFO     strategy        PnL: 12:31:49 MTM=81.25 Profit=0.01%
2026-07-21 12:31:50 INFO     strategy        PnL: 12:31:50 MTM=74.75 Profit=0.01%
2026-07-21 12:31:51 INFO     strategy        PnL: 12:31:51 MTM=78.00 Profit=0.01%
2026-07-21 12:31:52 INFO     strategy        PnL: 12:31:52 MTM=84.50 Profit=0.01%
2026-07-21 12:31:53 INFO     strategy        PnL: 12:31:53 MTM=65.00 Profit=0.01%
2026-07-21 12:31:54 INFO     strategy        PnL: 12:31:54 MTM=78.00 Profit=0.01%
2026-07-21 12:31:55 INFO     strategy        PnL: 12:31:55 MTM=61.75 Profit=0.01%
2026-07-21 12:31:56 INFO     strategy        PnL: 12:31:56 MTM=78.00 Profit=0.01%
2026-07-21 12:31:57 INFO     strategy        PnL: 12:31:57 MTM=71.50 Profit=0.01%
2026-07-21 12:31:58 INFO     strategy        PnL: 12:31:58 MTM=65.00 Profit=0.01%
2026-07-21 12:31:59 INFO     strategy        PnL: 12:31:59 MTM=107.25 Profit=0.02%
2026-07-21 12:32:00 INFO     strategy        PnL: 12:32:00 MTM=58.50 Profit=0.01%
2026-07-21 12:32:01 INFO     strategy        PnL: 12:32:01 MTM=61.75 Profit=0.01%
2026-07-21 12:32:02 INFO     strategy        PnL: 12:32:02 MTM=71.50 Profit=0.01%
2026-07-21 12:32:03 INFO     strategy        PnL: 12:32:03 MTM=81.25 Profit=0.01%
2026-07-21 12:32:04 INFO     strategy        PnL: 12:32:04 MTM=65.00 Profit=0.01%
2026-07-21 12:32:05 INFO     strategy        PnL: 12:32:05 MTM=68.25 Profit=0.01%
2026-07-21 12:32:06 INFO     strategy        PnL: 12:32:06 MTM=48.75 Profit=0.01%
2026-07-21 12:32:07 INFO     strategy        PnL: 12:32:07 MTM=74.75 Profit=0.01%
2026-07-21 12:32:08 INFO     strategy        PnL: 12:32:08 MTM=61.75 Profit=0.01%
2026-07-21 12:32:09 INFO     strategy        PnL: 12:32:09 MTM=58.50 Profit=0.01%
2026-07-21 12:32:10 INFO     strategy        PnL: 12:32:10 MTM=65.00 Profit=0.01%
2026-07-21 12:32:11 INFO     strategy        PnL: 12:32:11 MTM=55.25 Profit=0.01%
2026-07-21 12:32:12 INFO     strategy        PnL: 12:32:12 MTM=65.00 Profit=0.01%
2026-07-21 12:32:13 INFO     strategy        PnL: 12:32:13 MTM=58.50 Profit=0.01%
2026-07-21 12:32:14 INFO     strategy        PnL: 12:32:14 MTM=71.50 Profit=0.01%
2026-07-21 12:32:15 INFO     strategy        PnL: 12:32:15 MTM=65.00 Profit=0.01%
2026-07-21 12:32:16 INFO     strategy        PnL: 12:32:16 MTM=71.50 Profit=0.01%
2026-07-21 12:32:17 INFO     strategy        PnL: 12:32:17 MTM=78.00 Profit=0.01%
2026-07-21 12:32:18 INFO     strategy        PnL: 12:32:18 MTM=61.75 Profit=0.01%
2026-07-21 12:32:19 INFO     strategy        PnL: 12:32:19 MTM=45.50 Profit=0.01%
2026-07-21 12:32:20 INFO     strategy        PnL: 12:32:20 MTM=42.25 Profit=0.01%
2026-07-21 12:32:21 INFO     strategy        PnL: 12:32:21 MTM=55.25 Profit=0.01%
2026-07-21 12:32:22 INFO     strategy        PnL: 12:32:22 MTM=107.25 Profit=0.02%
2026-07-21 12:32:23 INFO     strategy        PnL: 12:32:23 MTM=61.75 Profit=0.01%
2026-07-21 12:32:24 INFO     strategy        PnL: 12:32:24 MTM=65.00 Profit=0.01%
2026-07-21 12:32:25 INFO     strategy        PnL: 12:32:25 MTM=71.50 Profit=0.01%
2026-07-21 12:32:26 INFO     strategy        PnL: 12:32:26 MTM=45.50 Profit=0.01%
2026-07-21 12:32:27 INFO     strategy        PnL: 12:32:27 MTM=52.00 Profit=0.01%
2026-07-21 12:32:28 INFO     strategy        PnL: 12:32:28 MTM=65.00 Profit=0.01%
2026-07-21 12:32:29 INFO     strategy        PnL: 12:32:29 MTM=74.75 Profit=0.01%
2026-07-21 12:32:30 INFO     strategy        PnL: 12:32:30 MTM=68.25 Profit=0.01%
2026-07-21 12:32:31 INFO     strategy        PnL: 12:32:31 MTM=42.25 Profit=0.01%
2026-07-21 12:32:32 INFO     strategy        PnL: 12:32:32 MTM=55.25 Profit=0.01%
2026-07-21 12:32:33 INFO     strategy        PnL: 12:32:33 MTM=68.25 Profit=0.01%
2026-07-21 12:32:34 INFO     strategy        PnL: 12:32:34 MTM=68.25 Profit=0.01%
2026-07-21 12:32:35 INFO     strategy        PnL: 12:32:35 MTM=58.50 Profit=0.01%
2026-07-21 12:32:36 INFO     strategy        PnL: 12:32:36 MTM=58.50 Profit=0.01%
2026-07-21 12:32:37 INFO     strategy        PnL: 12:32:37 MTM=68.25 Profit=0.01%
2026-07-21 12:32:38 INFO     strategy        PnL: 12:32:38 MTM=55.25 Profit=0.01%
2026-07-21 12:32:39 INFO     strategy        PnL: 12:32:39 MTM=45.50 Profit=0.01%
2026-07-21 12:32:40 INFO     strategy        PnL: 12:32:40 MTM=52.00 Profit=0.01%
2026-07-21 12:32:41 INFO     strategy        PnL: 12:32:41 MTM=65.00 Profit=0.01%
2026-07-21 12:32:42 INFO     strategy        PnL: 12:32:42 MTM=55.25 Profit=0.01%
2026-07-21 12:32:43 INFO     strategy        PnL: 12:32:43 MTM=71.50 Profit=0.01%
2026-07-21 12:32:44 INFO     strategy        PnL: 12:32:44 MTM=71.50 Profit=0.01%
2026-07-21 12:32:45 INFO     strategy        PnL: 12:32:45 MTM=48.75 Profit=0.01%
2026-07-21 12:32:46 INFO     strategy        PnL: 12:32:46 MTM=65.00 Profit=0.01%
2026-07-21 12:32:47 INFO     strategy        PnL: 12:32:47 MTM=65.00 Profit=0.01%
2026-07-21 12:32:48 INFO     strategy        PnL: 12:32:48 MTM=55.25 Profit=0.01%
2026-07-21 12:32:49 INFO     strategy        PnL: 12:32:49 MTM=65.00 Profit=0.01%
2026-07-21 12:32:50 INFO     strategy        PnL: 12:32:50 MTM=68.25 Profit=0.01%
2026-07-21 12:32:51 INFO     strategy        PnL: 12:32:51 MTM=84.50 Profit=0.01%
2026-07-21 12:32:52 INFO     strategy        PnL: 12:32:52 MTM=65.00 Profit=0.01%
2026-07-21 12:32:53 INFO     strategy        PnL: 12:32:53 MTM=81.25 Profit=0.01%
2026-07-21 12:32:54 INFO     strategy        PnL: 12:32:54 MTM=55.25 Profit=0.01%
2026-07-21 12:32:55 INFO     strategy        PnL: 12:32:55 MTM=65.00 Profit=0.01%
2026-07-21 12:32:56 INFO     strategy        PnL: 12:32:56 MTM=84.50 Profit=0.01%
2026-07-21 12:32:57 INFO     strategy        PnL: 12:32:57 MTM=78.00 Profit=0.01%
2026-07-21 12:32:58 INFO     strategy        PnL: 12:32:58 MTM=39.00 Profit=0.01%
2026-07-21 12:32:59 INFO     strategy        PnL: 12:32:59 MTM=100.75 Profit=0.02%
2026-07-21 12:33:00 INFO     strategy        PnL: 12:33:00 MTM=48.75 Profit=0.01%
2026-07-21 12:33:01 INFO     strategy        PnL: 12:33:01 MTM=94.25 Profit=0.01%
2026-07-21 12:33:02 INFO     strategy        PnL: 12:33:02 MTM=94.25 Profit=0.01%
2026-07-21 12:33:03 INFO     strategy        PnL: 12:33:03 MTM=94.25 Profit=0.01%
2026-07-21 12:33:04 INFO     strategy        PnL: 12:33:04 MTM=81.25 Profit=0.01%
2026-07-21 12:33:05 INFO     strategy        PnL: 12:33:05 MTM=110.50 Profit=0.02%
2026-07-21 12:33:06 INFO     strategy        PnL: 12:33:06 MTM=42.25 Profit=0.01%
2026-07-21 12:33:07 INFO     strategy        PnL: 12:33:07 MTM=91.00 Profit=0.01%
2026-07-21 12:33:08 INFO     strategy        PnL: 12:33:08 MTM=94.25 Profit=0.01%
2026-07-21 12:33:09 INFO     strategy        PnL: 12:33:09 MTM=97.50 Profit=0.01%
2026-07-21 12:33:10 INFO     strategy        PnL: 12:33:10 MTM=91.00 Profit=0.01%
2026-07-21 12:33:11 INFO     strategy        PnL: 12:33:11 MTM=68.25 Profit=0.01%
2026-07-21 12:33:12 INFO     strategy        PnL: 12:33:12 MTM=100.75 Profit=0.02%
2026-07-21 12:33:13 INFO     strategy        PnL: 12:33:13 MTM=100.75 Profit=0.02%
2026-07-21 12:33:14 INFO     strategy        PnL: 12:33:14 MTM=97.50 Profit=0.01%
2026-07-21 12:33:15 INFO     strategy        PnL: 12:33:15 MTM=74.75 Profit=0.01%
2026-07-21 12:33:16 INFO     strategy        PnL: 12:33:16 MTM=100.75 Profit=0.02%
2026-07-21 12:33:17 INFO     strategy        PnL: 12:33:17 MTM=81.25 Profit=0.01%
2026-07-21 12:33:18 INFO     strategy        PnL: 12:33:18 MTM=91.00 Profit=0.01%
2026-07-21 12:33:19 INFO     strategy        PnL: 12:33:19 MTM=94.25 Profit=0.01%
2026-07-21 12:33:20 INFO     strategy        PnL: 12:33:20 MTM=104.00 Profit=0.02%
2026-07-21 12:33:21 INFO     strategy        PnL: 12:33:21 MTM=87.75 Profit=0.01%
2026-07-21 12:33:22 INFO     strategy        PnL: 12:33:22 MTM=123.50 Profit=0.02%
2026-07-21 12:33:23 INFO     strategy        PnL: 12:33:23 MTM=110.50 Profit=0.02%
2026-07-21 12:33:24 INFO     strategy        PnL: 12:33:24 MTM=91.00 Profit=0.01%
2026-07-21 12:33:25 INFO     strategy        PnL: 12:33:25 MTM=81.25 Profit=0.01%
2026-07-21 12:33:26 INFO     strategy        PnL: 12:33:26 MTM=120.25 Profit=0.02%
2026-07-21 12:33:28 INFO     strategy        PnL: 12:33:27 MTM=104.00 Profit=0.02%
2026-07-21 12:33:28 INFO     strategy        PnL: 12:33:28 MTM=104.00 Profit=0.02%
2026-07-21 12:33:29 INFO     strategy        PnL: 12:33:29 MTM=117.00 Profit=0.02%
2026-07-21 12:33:31 INFO     strategy        PnL: 12:33:30 MTM=117.00 Profit=0.02%
2026-07-21 12:33:32 INFO     strategy        PnL: 12:33:32 MTM=45.50 Profit=0.01%
2026-07-21 12:33:33 INFO     strategy        PnL: 12:33:33 MTM=84.50 Profit=0.01%
2026-07-21 12:33:34 INFO     strategy        PnL: 12:33:34 MTM=100.75 Profit=0.02%
2026-07-21 12:33:35 INFO     strategy        PnL: 12:33:35 MTM=113.75 Profit=0.02%
2026-07-21 12:33:36 INFO     strategy        PnL: 12:33:36 MTM=104.00 Profit=0.02%
2026-07-21 12:33:37 INFO     strategy        PnL: 12:33:37 MTM=104.00 Profit=0.02%
2026-07-21 12:33:38 INFO     strategy        PnL: 12:33:38 MTM=91.00 Profit=0.01%
2026-07-21 12:33:39 INFO     strategy        PnL: 12:33:39 MTM=100.75 Profit=0.02%
2026-07-21 12:33:40 INFO     strategy        PnL: 12:33:40 MTM=97.50 Profit=0.01%
2026-07-21 12:33:41 INFO     strategy        PnL: 12:33:41 MTM=71.50 Profit=0.01%
2026-07-21 12:33:42 INFO     strategy        PnL: 12:33:42 MTM=120.25 Profit=0.02%
2026-07-21 12:33:43 INFO     strategy        PnL: 12:33:43 MTM=87.75 Profit=0.01%
2026-07-21 12:33:44 INFO     strategy        PnL: 12:33:44 MTM=84.50 Profit=0.01%
2026-07-21 12:33:45 INFO     strategy        PnL: 12:33:45 MTM=91.00 Profit=0.01%
2026-07-21 12:33:46 INFO     strategy        PnL: 12:33:46 MTM=58.50 Profit=0.01%
2026-07-21 12:33:47 INFO     strategy        PnL: 12:33:47 MTM=104.00 Profit=0.02%
2026-07-21 12:33:48 INFO     strategy        PnL: 12:33:48 MTM=117.00 Profit=0.02%
2026-07-21 12:33:49 INFO     strategy        PnL: 12:33:49 MTM=84.50 Profit=0.01%
2026-07-21 12:33:50 INFO     strategy        PnL: 12:33:50 MTM=97.50 Profit=0.01%
2026-07-21 12:33:51 INFO     strategy        PnL: 12:33:51 MTM=100.75 Profit=0.02%
2026-07-21 12:33:52 INFO     strategy        PnL: 12:33:52 MTM=84.50 Profit=0.01%
2026-07-21 12:33:53 INFO     strategy        PnL: 12:33:53 MTM=110.50 Profit=0.02%
2026-07-21 12:33:54 INFO     strategy        PnL: 12:33:54 MTM=113.75 Profit=0.02%
2026-07-21 12:33:55 INFO     strategy        PnL: 12:33:55 MTM=159.25 Profit=0.02%
2026-07-21 12:33:56 INFO     strategy        PnL: 12:33:56 MTM=117.00 Profit=0.02%
2026-07-21 12:33:57 INFO     strategy        PnL: 12:33:57 MTM=87.75 Profit=0.01%
2026-07-21 12:33:58 INFO     strategy        PnL: 12:33:58 MTM=94.25 Profit=0.01%
2026-07-21 12:33:59 INFO     strategy        PnL: 12:33:59 MTM=91.00 Profit=0.01%
2026-07-21 12:34:00 INFO     strategy        PnL: 12:34:00 MTM=91.00 Profit=0.01%
2026-07-21 12:34:01 INFO     strategy        PnL: 12:34:01 MTM=110.50 Profit=0.02%
2026-07-21 12:34:02 INFO     strategy        PnL: 12:34:02 MTM=74.75 Profit=0.01%
2026-07-21 12:34:03 INFO     strategy        PnL: 12:34:03 MTM=97.50 Profit=0.01%
2026-07-21 12:34:04 INFO     strategy        PnL: 12:34:04 MTM=97.50 Profit=0.01%
2026-07-21 12:34:05 INFO     strategy        PnL: 12:34:05 MTM=91.00 Profit=0.01%
2026-07-21 12:34:06 INFO     strategy        PnL: 12:34:06 MTM=91.00 Profit=0.01%
2026-07-21 12:34:07 INFO     strategy        PnL: 12:34:07 MTM=91.00 Profit=0.01%
2026-07-21 12:34:08 INFO     strategy        PnL: 12:34:08 MTM=78.00 Profit=0.01%
2026-07-21 12:34:09 INFO     strategy        PnL: 12:34:09 MTM=81.25 Profit=0.01%
2026-07-21 12:34:10 INFO     strategy        PnL: 12:34:10 MTM=87.75 Profit=0.01%
2026-07-21 12:34:11 INFO     strategy        PnL: 12:34:11 MTM=100.75 Profit=0.02%
2026-07-21 12:34:12 INFO     strategy        PnL: 12:34:12 MTM=100.75 Profit=0.02%
2026-07-21 12:34:13 INFO     strategy        PnL: 12:34:13 MTM=100.75 Profit=0.02%
2026-07-21 12:34:14 INFO     strategy        PnL: 12:34:14 MTM=84.50 Profit=0.01%
2026-07-21 12:34:15 INFO     strategy        PnL: 12:34:15 MTM=87.75 Profit=0.01%
2026-07-21 12:34:16 INFO     strategy        PnL: 12:34:16 MTM=117.00 Profit=0.02%
2026-07-21 12:34:17 INFO     strategy        PnL: 12:34:17 MTM=97.50 Profit=0.01%
2026-07-21 12:34:18 INFO     strategy        PnL: 12:34:18 MTM=84.50 Profit=0.01%
2026-07-21 12:34:19 INFO     strategy        PnL: 12:34:19 MTM=104.00 Profit=0.02%
2026-07-21 12:34:20 INFO     strategy        PnL: 12:34:20 MTM=71.50 Profit=0.01%
2026-07-21 12:34:21 INFO     strategy        PnL: 12:34:21 MTM=78.00 Profit=0.01%
2026-07-21 12:34:22 INFO     strategy        PnL: 12:34:22 MTM=81.25 Profit=0.01%
2026-07-21 12:34:23 INFO     strategy        PnL: 12:34:23 MTM=97.50 Profit=0.01%
2026-07-21 12:34:24 INFO     strategy        PnL: 12:34:24 MTM=84.50 Profit=0.01%
2026-07-21 12:34:25 INFO     strategy        PnL: 12:34:25 MTM=78.00 Profit=0.01%
2026-07-21 12:34:26 INFO     strategy        PnL: 12:34:26 MTM=65.00 Profit=0.01%
2026-07-21 12:34:27 INFO     strategy        PnL: 12:34:27 MTM=74.75 Profit=0.01%
2026-07-21 12:34:28 INFO     strategy        PnL: 12:34:28 MTM=100.75 Profit=0.02%
2026-07-21 12:34:29 INFO     strategy        PnL: 12:34:29 MTM=94.25 Profit=0.01%
2026-07-21 12:34:30 INFO     strategy        PnL: 12:34:30 MTM=94.25 Profit=0.01%
2026-07-21 12:34:31 INFO     strategy        PnL: 12:34:31 MTM=100.75 Profit=0.02%
2026-07-21 12:34:32 INFO     strategy        PnL: 12:34:32 MTM=71.50 Profit=0.01%
2026-07-21 12:34:33 INFO     strategy        PnL: 12:34:33 MTM=45.50 Profit=0.01%
2026-07-21 12:34:34 INFO     strategy        PnL: 12:34:34 MTM=91.00 Profit=0.01%
2026-07-21 12:34:35 INFO     strategy        PnL: 12:34:35 MTM=65.00 Profit=0.01%
2026-07-21 12:34:36 INFO     strategy        PnL: 12:34:36 MTM=81.25 Profit=0.01%
2026-07-21 12:34:37 INFO     strategy        PnL: 12:34:37 MTM=74.75 Profit=0.01%
2026-07-21 12:34:38 INFO     strategy        PnL: 12:34:38 MTM=104.00 Profit=0.02%
2026-07-21 12:34:39 INFO     strategy        PnL: 12:34:39 MTM=107.25 Profit=0.02%
2026-07-21 12:34:40 INFO     strategy        PnL: 12:34:40 MTM=104.00 Profit=0.02%
2026-07-21 12:34:41 INFO     strategy        PnL: 12:34:41 MTM=104.00 Profit=0.02%
2026-07-21 12:34:42 INFO     strategy        PnL: 12:34:42 MTM=91.00 Profit=0.01%
2026-07-21 12:34:43 INFO     strategy        PnL: 12:34:43 MTM=97.50 Profit=0.01%
2026-07-21 12:34:44 INFO     strategy        PnL: 12:34:44 MTM=107.25 Profit=0.02%
2026-07-21 12:34:45 INFO     strategy        PnL: 12:34:45 MTM=107.25 Profit=0.02%
2026-07-21 12:34:46 INFO     strategy        PnL: 12:34:46 MTM=113.75 Profit=0.02%
2026-07-21 12:34:47 INFO     strategy        PnL: 12:34:47 MTM=87.75 Profit=0.01%
2026-07-21 12:34:48 INFO     strategy        PnL: 12:34:48 MTM=97.50 Profit=0.01%
2026-07-21 12:34:49 INFO     strategy        PnL: 12:34:49 MTM=97.50 Profit=0.01%
2026-07-21 12:34:50 INFO     strategy        PnL: 12:34:50 MTM=117.00 Profit=0.02%
2026-07-21 12:34:51 INFO     strategy        PnL: 12:34:51 MTM=107.25 Profit=0.02%
2026-07-21 12:34:52 INFO     strategy        PnL: 12:34:52 MTM=130.00 Profit=0.02%
2026-07-21 12:34:53 INFO     strategy        PnL: 12:34:53 MTM=117.00 Profit=0.02%
2026-07-21 12:34:54 INFO     strategy        PnL: 12:34:54 MTM=120.25 Profit=0.02%
2026-07-21 12:34:55 INFO     strategy        PnL: 12:34:55 MTM=107.25 Profit=0.02%
2026-07-21 12:34:56 INFO     strategy        PnL: 12:34:56 MTM=97.50 Profit=0.01%
2026-07-21 12:34:57 INFO     strategy        PnL: 12:34:57 MTM=104.00 Profit=0.02%
2026-07-21 12:34:58 INFO     strategy        PnL: 12:34:58 MTM=107.25 Profit=0.02%
2026-07-21 12:34:59 INFO     strategy        PnL: 12:34:59 MTM=123.50 Profit=0.02%
2026-07-21 12:35:00 INFO     strategy        PnL: 12:35:00 MTM=94.25 Profit=0.01%
2026-07-21 12:35:01 INFO     strategy        PnL: 12:35:01 MTM=100.75 Profit=0.02%
2026-07-21 12:35:02 INFO     strategy        PnL: 12:35:02 MTM=94.25 Profit=0.01%
2026-07-21 12:35:03 INFO     strategy        PnL: 12:35:03 MTM=94.25 Profit=0.01%
2026-07-21 12:35:04 INFO     strategy        PnL: 12:35:04 MTM=123.50 Profit=0.02%
2026-07-21 12:35:05 INFO     strategy        PnL: 12:35:05 MTM=87.75 Profit=0.01%
2026-07-21 12:35:07 INFO     strategy        PnL: 12:35:07 MTM=94.25 Profit=0.01%
2026-07-21 12:35:08 INFO     strategy        PnL: 12:35:08 MTM=91.00 Profit=0.01%
2026-07-21 12:35:09 INFO     strategy        PnL: 12:35:09 MTM=84.50 Profit=0.01%
2026-07-21 12:35:10 INFO     strategy        PnL: 12:35:10 MTM=87.75 Profit=0.01%
2026-07-21 12:35:11 INFO     strategy        PnL: 12:35:11 MTM=74.75 Profit=0.01%
2026-07-21 12:35:12 INFO     strategy        PnL: 12:35:12 MTM=78.00 Profit=0.01%
2026-07-21 12:35:13 INFO     strategy        PnL: 12:35:13 MTM=87.75 Profit=0.01%
2026-07-21 12:35:14 INFO     strategy        PnL: 12:35:14 MTM=104.00 Profit=0.02%
2026-07-21 12:35:15 INFO     strategy        PnL: 12:35:15 MTM=84.50 Profit=0.01%
2026-07-21 12:35:16 INFO     strategy        PnL: 12:35:16 MTM=84.50 Profit=0.01%
2026-07-21 12:35:17 INFO     strategy        PnL: 12:35:17 MTM=94.25 Profit=0.01%
2026-07-21 12:35:18 INFO     strategy        PnL: 12:35:18 MTM=74.75 Profit=0.01%
2026-07-21 12:35:19 INFO     strategy        PnL: 12:35:19 MTM=97.50 Profit=0.01%
2026-07-21 12:35:20 INFO     strategy        PnL: 12:35:20 MTM=61.75 Profit=0.01%
2026-07-21 12:35:21 INFO     strategy        PnL: 12:35:21 MTM=78.00 Profit=0.01%
2026-07-21 12:35:22 INFO     strategy        PnL: 12:35:22 MTM=74.75 Profit=0.01%
2026-07-21 12:35:23 INFO     strategy        PnL: 12:35:23 MTM=84.50 Profit=0.01%
2026-07-21 12:35:24 INFO     strategy        PnL: 12:35:24 MTM=97.50 Profit=0.01%
2026-07-21 12:35:25 INFO     strategy        PnL: 12:35:25 MTM=84.50 Profit=0.01%
2026-07-21 12:35:26 INFO     strategy        PnL: 12:35:26 MTM=84.50 Profit=0.01%
2026-07-21 12:35:27 INFO     strategy        PnL: 12:35:27 MTM=110.50 Profit=0.02%
2026-07-21 12:35:28 INFO     strategy        PnL: 12:35:28 MTM=74.75 Profit=0.01%
2026-07-21 12:35:29 INFO     strategy        PnL: 12:35:29 MTM=61.75 Profit=0.01%
2026-07-21 12:35:30 INFO     strategy        PnL: 12:35:30 MTM=117.00 Profit=0.02%
2026-07-21 12:35:31 INFO     strategy        PnL: 12:35:31 MTM=87.75 Profit=0.01%
2026-07-21 12:35:32 INFO     strategy        PnL: 12:35:32 MTM=65.00 Profit=0.01%
2026-07-21 12:35:33 INFO     strategy        PnL: 12:35:33 MTM=68.25 Profit=0.01%
2026-07-21 12:35:34 INFO     strategy        PnL: 12:35:34 MTM=100.75 Profit=0.02%
2026-07-21 12:35:35 INFO     strategy        PnL: 12:35:35 MTM=81.25 Profit=0.01%
2026-07-21 12:35:36 INFO     strategy        PnL: 12:35:36 MTM=81.25 Profit=0.01%
2026-07-21 12:35:37 INFO     strategy        PnL: 12:35:37 MTM=71.50 Profit=0.01%
2026-07-21 12:35:38 INFO     strategy        PnL: 12:35:38 MTM=78.00 Profit=0.01%
2026-07-21 12:35:39 INFO     strategy        PnL: 12:35:39 MTM=110.50 Profit=0.02%
2026-07-21 12:35:40 INFO     strategy        PnL: 12:35:40 MTM=91.00 Profit=0.01%
2026-07-21 12:35:41 INFO     strategy        PnL: 12:35:41 MTM=74.75 Profit=0.01%
2026-07-21 12:35:42 INFO     strategy        PnL: 12:35:42 MTM=84.50 Profit=0.01%
2026-07-21 12:35:43 INFO     strategy        PnL: 12:35:43 MTM=78.00 Profit=0.01%
2026-07-21 12:35:44 INFO     strategy        PnL: 12:35:44 MTM=87.75 Profit=0.01%
2026-07-21 12:35:45 INFO     strategy        PnL: 12:35:45 MTM=61.75 Profit=0.01%
2026-07-21 12:35:46 INFO     strategy        PnL: 12:35:46 MTM=81.25 Profit=0.01%
2026-07-21 12:35:47 INFO     strategy        PnL: 12:35:47 MTM=87.75 Profit=0.01%
2026-07-21 12:35:48 INFO     strategy        PnL: 12:35:48 MTM=78.00 Profit=0.01%
2026-07-21 12:35:49 INFO     strategy        PnL: 12:35:49 MTM=91.00 Profit=0.01%
2026-07-21 12:35:50 INFO     strategy        PnL: 12:35:50 MTM=78.00 Profit=0.01%
2026-07-21 12:35:51 INFO     strategy        PnL: 12:35:51 MTM=87.75 Profit=0.01%
2026-07-21 12:35:52 INFO     strategy        PnL: 12:35:52 MTM=71.50 Profit=0.01%
2026-07-21 12:35:53 INFO     strategy        PnL: 12:35:53 MTM=58.50 Profit=0.01%
2026-07-21 12:35:54 INFO     strategy        PnL: 12:35:54 MTM=71.50 Profit=0.01%
2026-07-21 12:35:55 INFO     strategy        PnL: 12:35:55 MTM=84.50 Profit=0.01%
2026-07-21 12:35:56 INFO     strategy        PnL: 12:35:56 MTM=58.50 Profit=0.01%
2026-07-21 12:35:57 INFO     strategy        PnL: 12:35:57 MTM=84.50 Profit=0.01%
2026-07-21 12:35:58 INFO     strategy        PnL: 12:35:58 MTM=81.25 Profit=0.01%
2026-07-21 12:35:59 INFO     strategy        PnL: 12:35:59 MTM=52.00 Profit=0.01%
2026-07-21 12:36:00 INFO     strategy        PnL: 12:36:00 MTM=78.00 Profit=0.01%
2026-07-21 12:36:01 INFO     strategy        PnL: 12:36:01 MTM=87.75 Profit=0.01%
2026-07-21 12:36:02 INFO     strategy        PnL: 12:36:02 MTM=91.00 Profit=0.01%
2026-07-21 12:36:03 INFO     strategy        PnL: 12:36:03 MTM=87.75 Profit=0.01%
2026-07-21 12:36:04 INFO     strategy        PnL: 12:36:04 MTM=84.50 Profit=0.01%
2026-07-21 12:36:05 INFO     strategy        PnL: 12:36:05 MTM=87.75 Profit=0.01%
2026-07-21 12:36:06 INFO     strategy        PnL: 12:36:06 MTM=87.75 Profit=0.01%
2026-07-21 12:36:07 INFO     strategy        PnL: 12:36:07 MTM=68.25 Profit=0.01%
2026-07-21 12:36:08 INFO     strategy        PnL: 12:36:08 MTM=91.00 Profit=0.01%
2026-07-21 12:36:09 INFO     strategy        PnL: 12:36:09 MTM=81.25 Profit=0.01%
2026-07-21 12:36:10 INFO     strategy        PnL: 12:36:10 MTM=78.00 Profit=0.01%
2026-07-21 12:36:11 INFO     strategy        PnL: 12:36:11 MTM=81.25 Profit=0.01%
2026-07-21 12:36:12 INFO     strategy        PnL: 12:36:12 MTM=104.00 Profit=0.02%
2026-07-21 12:36:13 INFO     strategy        PnL: 12:36:13 MTM=107.25 Profit=0.02%
2026-07-21 12:36:14 INFO     strategy        PnL: 12:36:14 MTM=91.00 Profit=0.01%
2026-07-21 12:36:15 INFO     strategy        PnL: 12:36:15 MTM=104.00 Profit=0.02%
2026-07-21 12:36:16 INFO     strategy        PnL: 12:36:16 MTM=100.75 Profit=0.02%
2026-07-21 12:36:17 INFO     strategy        PnL: 12:36:17 MTM=104.00 Profit=0.02%
2026-07-21 12:36:18 INFO     strategy        PnL: 12:36:18 MTM=120.25 Profit=0.02%
2026-07-21 12:36:19 INFO     strategy        PnL: 12:36:19 MTM=110.50 Profit=0.02%
2026-07-21 12:36:20 INFO     strategy        PnL: 12:36:20 MTM=107.25 Profit=0.02%
2026-07-21 12:36:21 INFO     strategy        PnL: 12:36:21 MTM=107.25 Profit=0.02%
2026-07-21 12:36:22 INFO     strategy        PnL: 12:36:22 MTM=110.50 Profit=0.02%
2026-07-21 12:36:23 INFO     strategy        PnL: 12:36:23 MTM=104.00 Profit=0.02%
2026-07-21 12:36:24 INFO     strategy        PnL: 12:36:24 MTM=104.00 Profit=0.02%
2026-07-21 12:36:25 INFO     strategy        PnL: 12:36:25 MTM=97.50 Profit=0.01%
2026-07-21 12:36:26 INFO     strategy        PnL: 12:36:26 MTM=185.25 Profit=0.03%
2026-07-21 12:36:27 INFO     strategy        PnL: 12:36:27 MTM=87.75 Profit=0.01%
2026-07-21 12:36:28 INFO     strategy        PnL: 12:36:28 MTM=91.00 Profit=0.01%
2026-07-21 12:36:29 INFO     strategy        PnL: 12:36:29 MTM=81.25 Profit=0.01%
2026-07-21 12:36:30 INFO     strategy        PnL: 12:36:30 MTM=84.50 Profit=0.01%
2026-07-21 12:36:31 INFO     strategy        PnL: 12:36:31 MTM=65.00 Profit=0.01%
2026-07-21 12:36:32 INFO     strategy        PnL: 12:36:32 MTM=81.25 Profit=0.01%
2026-07-21 12:36:33 INFO     strategy        PnL: 12:36:33 MTM=81.25 Profit=0.01%
2026-07-21 12:36:34 INFO     strategy        PnL: 12:36:34 MTM=42.25 Profit=0.01%
2026-07-21 12:36:35 INFO     strategy        PnL: 12:36:35 MTM=58.50 Profit=0.01%
2026-07-21 12:36:36 INFO     strategy        PnL: 12:36:36 MTM=74.75 Profit=0.01%
2026-07-21 12:36:37 INFO     strategy        PnL: 12:36:37 MTM=58.50 Profit=0.01%
2026-07-21 12:36:38 INFO     strategy        PnL: 12:36:38 MTM=65.00 Profit=0.01%
2026-07-21 12:36:39 INFO     strategy        PnL: 12:36:39 MTM=55.25 Profit=0.01%
2026-07-21 12:36:41 INFO     strategy        PnL: 12:36:40 MTM=74.75 Profit=0.01%
2026-07-21 12:36:42 INFO     strategy        PnL: 12:36:42 MTM=39.00 Profit=0.01%
2026-07-21 12:36:43 INFO     strategy        PnL: 12:36:43 MTM=68.25 Profit=0.01%
2026-07-21 12:36:44 INFO     strategy        PnL: 12:36:44 MTM=91.00 Profit=0.01%
2026-07-21 12:36:45 INFO     strategy        PnL: 12:36:45 MTM=55.25 Profit=0.01%
2026-07-21 12:36:46 INFO     strategy        PnL: 12:36:46 MTM=65.00 Profit=0.01%
2026-07-21 12:36:47 INFO     strategy        PnL: 12:36:47 MTM=68.25 Profit=0.01%
2026-07-21 12:36:48 INFO     strategy        PnL: 12:36:48 MTM=22.75 Profit=0.00%
2026-07-21 12:36:49 INFO     strategy        PnL: 12:36:49 MTM=74.75 Profit=0.01%
2026-07-21 12:36:50 INFO     strategy        PnL: 12:36:50 MTM=71.50 Profit=0.01%
2026-07-21 12:36:51 INFO     strategy        PnL: 12:36:51 MTM=71.50 Profit=0.01%
2026-07-21 12:36:52 INFO     strategy        PnL: 12:36:52 MTM=61.75 Profit=0.01%
2026-07-21 12:36:53 INFO     strategy        PnL: 12:36:53 MTM=68.25 Profit=0.01%
2026-07-21 12:36:54 INFO     strategy        PnL: 12:36:54 MTM=61.75 Profit=0.01%
2026-07-21 12:36:55 INFO     strategy        PnL: 12:36:55 MTM=74.75 Profit=0.01%
2026-07-21 12:36:56 INFO     strategy        PnL: 12:36:56 MTM=61.75 Profit=0.01%
2026-07-21 12:36:57 INFO     strategy        PnL: 12:36:57 MTM=48.75 Profit=0.01%
2026-07-21 12:36:58 INFO     strategy        PnL: 12:36:58 MTM=58.50 Profit=0.01%
2026-07-21 12:36:59 INFO     strategy        PnL: 12:36:59 MTM=71.50 Profit=0.01%
2026-07-21 12:37:00 INFO     strategy        PnL: 12:37:00 MTM=58.50 Profit=0.01%
2026-07-21 12:37:01 INFO     strategy        PnL: 12:37:01 MTM=65.00 Profit=0.01%
2026-07-21 12:37:02 INFO     strategy        PnL: 12:37:02 MTM=94.25 Profit=0.01%
2026-07-21 12:37:03 INFO     strategy        PnL: 12:37:03 MTM=58.50 Profit=0.01%
2026-07-21 12:37:04 INFO     strategy        PnL: 12:37:04 MTM=91.00 Profit=0.01%
2026-07-21 12:37:05 INFO     strategy        PnL: 12:37:05 MTM=45.50 Profit=0.01%
2026-07-21 12:37:06 INFO     strategy        PnL: 12:37:06 MTM=84.50 Profit=0.01%
2026-07-21 12:37:07 INFO     strategy        PnL: 12:37:07 MTM=48.75 Profit=0.01%
2026-07-21 12:37:08 INFO     strategy        PnL: 12:37:08 MTM=55.25 Profit=0.01%
2026-07-21 12:37:09 INFO     strategy        PnL: 12:37:09 MTM=32.50 Profit=0.00%
2026-07-21 12:37:10 INFO     strategy        PnL: 12:37:10 MTM=68.25 Profit=0.01%
2026-07-21 12:37:11 INFO     strategy        PnL: 12:37:11 MTM=65.00 Profit=0.01%
2026-07-21 12:37:12 INFO     strategy        PnL: 12:37:12 MTM=48.75 Profit=0.01%
2026-07-21 12:37:13 INFO     strategy        PnL: 12:37:13 MTM=71.50 Profit=0.01%
2026-07-21 12:37:14 INFO     strategy        PnL: 12:37:14 MTM=58.50 Profit=0.01%
2026-07-21 12:37:15 INFO     strategy        PnL: 12:37:15 MTM=68.25 Profit=0.01%
2026-07-21 12:37:16 INFO     strategy        PnL: 12:37:16 MTM=61.75 Profit=0.01%
2026-07-21 12:37:17 INFO     strategy        PnL: 12:37:17 MTM=68.25 Profit=0.01%
2026-07-21 12:37:18 INFO     strategy        PnL: 12:37:18 MTM=61.75 Profit=0.01%
2026-07-21 12:37:19 INFO     strategy        PnL: 12:37:19 MTM=81.25 Profit=0.01%
2026-07-21 12:37:20 INFO     strategy        PnL: 12:37:20 MTM=68.25 Profit=0.01%
2026-07-21 12:37:21 INFO     strategy        PnL: 12:37:21 MTM=48.75 Profit=0.01%
2026-07-21 12:37:22 INFO     strategy        PnL: 12:37:22 MTM=65.00 Profit=0.01%
2026-07-21 12:37:23 INFO     strategy        PnL: 12:37:23 MTM=42.25 Profit=0.01%
2026-07-21 12:37:24 INFO     strategy        PnL: 12:37:24 MTM=61.75 Profit=0.01%
2026-07-21 12:37:25 INFO     strategy        PnL: 12:37:25 MTM=68.25 Profit=0.01%
2026-07-21 12:37:26 INFO     strategy        PnL: 12:37:26 MTM=71.50 Profit=0.01%
2026-07-21 12:37:27 INFO     strategy        PnL: 12:37:27 MTM=52.00 Profit=0.01%
2026-07-21 12:37:28 INFO     strategy        PnL: 12:37:28 MTM=71.50 Profit=0.01%
2026-07-21 12:37:29 INFO     strategy        PnL: 12:37:29 MTM=55.25 Profit=0.01%
2026-07-21 12:37:30 INFO     strategy        PnL: 12:37:30 MTM=52.00 Profit=0.01%
2026-07-21 12:37:31 INFO     strategy        PnL: 12:37:31 MTM=42.25 Profit=0.01%
2026-07-21 12:37:32 INFO     strategy        PnL: 12:37:32 MTM=61.75 Profit=0.01%
2026-07-21 12:37:33 INFO     strategy        PnL: 12:37:33 MTM=52.00 Profit=0.01%
2026-07-21 12:37:34 INFO     strategy        PnL: 12:37:34 MTM=65.00 Profit=0.01%
2026-07-21 12:37:35 INFO     strategy        PnL: 12:37:35 MTM=55.25 Profit=0.01%
2026-07-21 12:37:36 INFO     strategy        PnL: 12:37:36 MTM=84.50 Profit=0.01%
2026-07-21 12:37:37 INFO     strategy        PnL: 12:37:37 MTM=68.25 Profit=0.01%
2026-07-21 12:37:38 INFO     strategy        PnL: 12:37:38 MTM=55.25 Profit=0.01%
2026-07-21 12:37:39 INFO     strategy        PnL: 12:37:39 MTM=71.50 Profit=0.01%
2026-07-21 12:37:40 INFO     strategy        PnL: 12:37:40 MTM=74.75 Profit=0.01%
2026-07-21 12:37:41 INFO     strategy        PnL: 12:37:41 MTM=65.00 Profit=0.01%
2026-07-21 12:37:42 INFO     strategy        PnL: 12:37:42 MTM=78.00 Profit=0.01%
2026-07-21 12:37:43 INFO     strategy        PnL: 12:37:43 MTM=58.50 Profit=0.01%
2026-07-21 12:37:44 INFO     strategy        PnL: 12:37:44 MTM=68.25 Profit=0.01%
2026-07-21 12:37:45 INFO     strategy        PnL: 12:37:45 MTM=74.75 Profit=0.01%
2026-07-21 12:37:46 INFO     strategy        PnL: 12:37:46 MTM=68.25 Profit=0.01%
2026-07-21 12:37:47 INFO     strategy        PnL: 12:37:47 MTM=74.75 Profit=0.01%
2026-07-21 12:37:48 INFO     strategy        PnL: 12:37:48 MTM=55.25 Profit=0.01%
2026-07-21 12:37:49 INFO     strategy        PnL: 12:37:49 MTM=68.25 Profit=0.01%
2026-07-21 12:37:50 INFO     strategy        PnL: 12:37:50 MTM=58.50 Profit=0.01%
2026-07-21 12:37:51 INFO     strategy        PnL: 12:37:51 MTM=55.25 Profit=0.01%
2026-07-21 12:37:52 INFO     strategy        PnL: 12:37:52 MTM=68.25 Profit=0.01%
2026-07-21 12:37:53 INFO     strategy        PnL: 12:37:53 MTM=61.75 Profit=0.01%
2026-07-21 12:37:54 INFO     strategy        PnL: 12:37:54 MTM=61.75 Profit=0.01%
2026-07-21 12:37:55 INFO     strategy        PnL: 12:37:55 MTM=84.50 Profit=0.01%
2026-07-21 12:37:56 INFO     strategy        PnL: 12:37:56 MTM=48.75 Profit=0.01%
2026-07-21 12:37:57 INFO     strategy        PnL: 12:37:57 MTM=52.00 Profit=0.01%
2026-07-21 12:37:58 INFO     strategy        PnL: 12:37:58 MTM=45.50 Profit=0.01%
2026-07-21 12:37:59 INFO     strategy        PnL: 12:37:59 MTM=32.50 Profit=0.00%
2026-07-21 12:38:00 INFO     strategy        PnL: 12:38:00 MTM=29.25 Profit=0.00%
2026-07-21 12:38:01 INFO     strategy        PnL: 12:38:01 MTM=52.00 Profit=0.01%
2026-07-21 12:38:02 INFO     strategy        PnL: 12:38:02 MTM=48.75 Profit=0.01%
2026-07-21 12:38:03 INFO     strategy        PnL: 12:38:03 MTM=42.25 Profit=0.01%
2026-07-21 12:38:04 INFO     strategy        PnL: 12:38:04 MTM=42.25 Profit=0.01%
2026-07-21 12:38:05 INFO     strategy        PnL: 12:38:05 MTM=74.75 Profit=0.01%
2026-07-21 12:38:06 INFO     strategy        PnL: 12:38:06 MTM=52.00 Profit=0.01%
2026-07-21 12:38:07 INFO     strategy        PnL: 12:38:07 MTM=91.00 Profit=0.01%
2026-07-21 12:38:08 INFO     strategy        PnL: 12:38:08 MTM=42.25 Profit=0.01%
2026-07-21 12:38:09 INFO     strategy        PnL: 12:38:09 MTM=65.00 Profit=0.01%
2026-07-21 12:38:10 INFO     strategy        PnL: 12:38:10 MTM=39.00 Profit=0.01%
2026-07-21 12:38:11 INFO     strategy        PnL: 12:38:11 MTM=52.00 Profit=0.01%
2026-07-21 12:38:12 INFO     strategy        PnL: 12:38:12 MTM=71.50 Profit=0.01%
2026-07-21 12:38:13 INFO     strategy        PnL: 12:38:13 MTM=39.00 Profit=0.01%
2026-07-21 12:38:14 INFO     strategy        PnL: 12:38:14 MTM=65.00 Profit=0.01%
2026-07-21 12:38:15 INFO     strategy        PnL: 12:38:15 MTM=68.25 Profit=0.01%
2026-07-21 12:38:16 INFO     strategy        PnL: 12:38:16 MTM=35.75 Profit=0.01%
2026-07-21 12:38:17 INFO     strategy        PnL: 12:38:17 MTM=29.25 Profit=0.00%
2026-07-21 12:38:19 INFO     strategy        PnL: 12:38:19 MTM=74.75 Profit=0.01%
2026-07-21 12:38:20 INFO     strategy        PnL: 12:38:20 MTM=45.50 Profit=0.01%
2026-07-21 12:38:21 INFO     strategy        PnL: 12:38:21 MTM=65.00 Profit=0.01%
2026-07-21 12:38:22 INFO     strategy        PnL: 12:38:22 MTM=52.00 Profit=0.01%
2026-07-21 12:38:23 INFO     strategy        PnL: 12:38:23 MTM=68.25 Profit=0.01%
2026-07-21 12:38:24 INFO     strategy        PnL: 12:38:24 MTM=32.50 Profit=0.00%
2026-07-21 12:38:25 INFO     strategy        PnL: 12:38:25 MTM=45.50 Profit=0.01%
2026-07-21 12:38:26 INFO     strategy        PnL: 12:38:26 MTM=58.50 Profit=0.01%
2026-07-21 12:38:27 INFO     strategy        PnL: 12:38:27 MTM=32.50 Profit=0.00%
2026-07-21 12:38:28 INFO     strategy        PnL: 12:38:28 MTM=74.75 Profit=0.01%
2026-07-21 12:38:29 INFO     strategy        PnL: 12:38:29 MTM=29.25 Profit=0.00%
2026-07-21 12:38:30 INFO     strategy        PnL: 12:38:30 MTM=32.50 Profit=0.00%
2026-07-21 12:38:31 INFO     strategy        PnL: 12:38:31 MTM=32.50 Profit=0.00%
2026-07-21 12:38:32 INFO     strategy        PnL: 12:38:32 MTM=52.00 Profit=0.01%
2026-07-21 12:38:33 INFO     strategy        PnL: 12:38:33 MTM=81.25 Profit=0.01%
2026-07-21 12:38:34 INFO     strategy        PnL: 12:38:34 MTM=19.50 Profit=0.00%
2026-07-21 12:38:35 INFO     strategy        PnL: 12:38:35 MTM=81.25 Profit=0.01%
2026-07-21 12:38:36 INFO     strategy        PnL: 12:38:36 MTM=35.75 Profit=0.01%
2026-07-21 12:38:37 INFO     strategy        PnL: 12:38:37 MTM=9.75 Profit=0.00%
2026-07-21 12:38:38 INFO     strategy        PnL: 12:38:38 MTM=16.25 Profit=0.00%
2026-07-21 12:38:39 INFO     strategy        PnL: 12:38:39 MTM=55.25 Profit=0.01%
2026-07-21 12:38:40 INFO     strategy        PnL: 12:38:40 MTM=61.75 Profit=0.01%
2026-07-21 12:38:41 INFO     strategy        PnL: 12:38:41 MTM=35.75 Profit=0.01%
2026-07-21 12:38:42 INFO     strategy        PnL: 12:38:42 MTM=84.50 Profit=0.01%
2026-07-21 12:38:43 INFO     strategy        PnL: 12:38:43 MTM=78.00 Profit=0.01%
2026-07-21 12:38:44 INFO     strategy        PnL: 12:38:44 MTM=39.00 Profit=0.01%
2026-07-21 12:38:45 INFO     strategy        PnL: 12:38:45 MTM=6.50 Profit=0.00%
2026-07-21 12:38:46 INFO     strategy        PnL: 12:38:46 MTM=16.25 Profit=0.00%
2026-07-21 12:38:47 INFO     strategy        PnL: 12:38:47 MTM=35.75 Profit=0.01%
2026-07-21 12:38:48 INFO     strategy        PnL: 12:38:48 MTM=52.00 Profit=0.01%
2026-07-21 12:38:49 INFO     strategy        PnL: 12:38:49 MTM=55.25 Profit=0.01%
2026-07-21 12:38:50 INFO     strategy        PnL: 12:38:50 MTM=9.75 Profit=0.00%
2026-07-21 12:38:51 INFO     strategy        PnL: 12:38:51 MTM=42.25 Profit=0.01%
2026-07-21 12:38:52 INFO     strategy        PnL: 12:38:52 MTM=55.25 Profit=0.01%
2026-07-21 12:38:53 INFO     strategy        PnL: 12:38:53 MTM=19.50 Profit=0.00%
2026-07-21 12:38:54 INFO     strategy        PnL: 12:38:54 MTM=32.50 Profit=0.00%
2026-07-21 12:38:55 INFO     strategy        PnL: 12:38:55 MTM=71.50 Profit=0.01%
2026-07-21 12:38:56 INFO     strategy        PnL: 12:38:56 MTM=29.25 Profit=0.00%
2026-07-21 12:38:57 INFO     strategy        PnL: 12:38:57 MTM=71.50 Profit=0.01%
2026-07-21 12:38:58 INFO     strategy        PnL: 12:38:58 MTM=42.25 Profit=0.01%
2026-07-21 12:38:59 INFO     strategy        PnL: 12:38:59 MTM=39.00 Profit=0.01%
2026-07-21 12:39:00 INFO     strategy        PnL: 12:39:00 MTM=84.50 Profit=0.01%
2026-07-21 12:39:01 INFO     strategy        PnL: 12:39:01 MTM=13.00 Profit=0.00%
2026-07-21 12:39:02 INFO     strategy        PnL: 12:39:02 MTM=22.75 Profit=0.00%
2026-07-21 12:39:03 INFO     strategy        PnL: 12:39:03 MTM=-19.50 Loss=0.00%
2026-07-21 12:39:04 INFO     strategy        PnL: 12:39:04 MTM=29.25 Profit=0.00%
2026-07-21 12:39:05 INFO     strategy        PnL: 12:39:05 MTM=22.75 Profit=0.00%
2026-07-21 12:39:06 INFO     strategy        PnL: 12:39:06 MTM=26.00 Profit=0.00%
2026-07-21 12:39:07 INFO     strategy        PnL: 12:39:07 MTM=45.50 Profit=0.01%
2026-07-21 12:39:08 INFO     strategy        PnL: 12:39:08 MTM=19.50 Profit=0.00%
2026-07-21 12:39:09 INFO     strategy        PnL: 12:39:09 MTM=42.25 Profit=0.01%
2026-07-21 12:39:10 INFO     strategy        PnL: 12:39:10 MTM=48.75 Profit=0.01%
2026-07-21 12:39:11 INFO     strategy        PnL: 12:39:11 MTM=52.00 Profit=0.01%
2026-07-21 12:39:12 INFO     strategy        PnL: 12:39:12 MTM=22.75 Profit=0.00%
2026-07-21 12:39:13 INFO     strategy        PnL: 12:39:13 MTM=16.25 Profit=0.00%
2026-07-21 12:39:14 INFO     strategy        PnL: 12:39:14 MTM=52.00 Profit=0.01%
2026-07-21 12:39:15 INFO     strategy        PnL: 12:39:15 MTM=35.75 Profit=0.01%
2026-07-21 12:39:16 INFO     strategy        PnL: 12:39:16 MTM=58.50 Profit=0.01%
2026-07-21 12:39:17 INFO     strategy        PnL: 12:39:17 MTM=45.50 Profit=0.01%
2026-07-21 12:39:18 INFO     strategy        PnL: 12:39:18 MTM=65.00 Profit=0.01%
2026-07-21 12:39:19 INFO     strategy        PnL: 12:39:19 MTM=71.50 Profit=0.01%
2026-07-21 12:39:20 INFO     strategy        PnL: 12:39:20 MTM=35.75 Profit=0.01%
2026-07-21 12:39:21 INFO     strategy        PnL: 12:39:21 MTM=48.75 Profit=0.01%
2026-07-21 12:39:22 INFO     strategy        PnL: 12:39:22 MTM=42.25 Profit=0.01%
2026-07-21 12:39:23 INFO     strategy        PnL: 12:39:23 MTM=52.00 Profit=0.01%
2026-07-21 12:39:24 INFO     strategy        PnL: 12:39:24 MTM=32.50 Profit=0.00%
2026-07-21 12:39:25 INFO     strategy        PnL: 12:39:25 MTM=52.00 Profit=0.01%
2026-07-21 12:39:26 INFO     strategy        PnL: 12:39:26 MTM=87.75 Profit=0.01%
2026-07-21 12:39:27 INFO     strategy        PnL: 12:39:27 MTM=74.75 Profit=0.01%
2026-07-21 12:39:28 INFO     strategy        PnL: 12:39:28 MTM=52.00 Profit=0.01%
2026-07-21 12:39:29 INFO     strategy        PnL: 12:39:29 MTM=71.50 Profit=0.01%
2026-07-21 12:39:30 INFO     strategy        PnL: 12:39:30 MTM=71.50 Profit=0.01%
2026-07-21 12:39:31 INFO     strategy        PnL: 12:39:31 MTM=68.25 Profit=0.01%
2026-07-21 12:39:32 INFO     strategy        PnL: 12:39:32 MTM=84.50 Profit=0.01%
2026-07-21 12:39:33 INFO     strategy        PnL: 12:39:33 MTM=94.25 Profit=0.01%
2026-07-21 12:39:34 INFO     strategy        PnL: 12:39:34 MTM=87.75 Profit=0.01%
2026-07-21 12:39:35 INFO     strategy        PnL: 12:39:35 MTM=100.75 Profit=0.02%
2026-07-21 12:39:36 INFO     strategy        PnL: 12:39:36 MTM=87.75 Profit=0.01%
2026-07-21 12:39:37 INFO     strategy        PnL: 12:39:37 MTM=78.00 Profit=0.01%
2026-07-21 12:39:38 INFO     strategy        PnL: 12:39:38 MTM=58.50 Profit=0.01%
2026-07-21 12:39:39 INFO     strategy        PnL: 12:39:39 MTM=78.00 Profit=0.01%
2026-07-21 12:39:40 INFO     strategy        PnL: 12:39:40 MTM=91.00 Profit=0.01%
2026-07-21 12:39:41 INFO     strategy        PnL: 12:39:41 MTM=94.25 Profit=0.01%
2026-07-21 12:39:42 INFO     strategy        PnL: 12:39:42 MTM=71.50 Profit=0.01%
2026-07-21 12:39:43 INFO     strategy        PnL: 12:39:43 MTM=97.50 Profit=0.01%
2026-07-21 12:39:44 INFO     strategy        PnL: 12:39:44 MTM=100.75 Profit=0.02%
2026-07-21 12:39:45 INFO     strategy        PnL: 12:39:45 MTM=81.25 Profit=0.01%
2026-07-21 12:39:46 INFO     strategy        PnL: 12:39:46 MTM=104.00 Profit=0.02%
2026-07-21 12:39:47 INFO     strategy        PnL: 12:39:47 MTM=87.75 Profit=0.01%
2026-07-21 12:39:48 INFO     strategy        PnL: 12:39:48 MTM=84.50 Profit=0.01%
2026-07-21 12:39:49 INFO     strategy        PnL: 12:39:49 MTM=117.00 Profit=0.02%
2026-07-21 12:39:50 INFO     strategy        PnL: 12:39:50 MTM=87.75 Profit=0.01%
2026-07-21 12:39:51 INFO     strategy        PnL: 12:39:51 MTM=107.25 Profit=0.02%
2026-07-21 12:39:52 INFO     strategy        PnL: 12:39:52 MTM=113.75 Profit=0.02%
2026-07-21 12:39:53 INFO     strategy        PnL: 12:39:53 MTM=84.50 Profit=0.01%
2026-07-21 12:39:54 INFO     strategy        PnL: 12:39:54 MTM=120.25 Profit=0.02%
2026-07-21 12:39:55 INFO     strategy        PnL: 12:39:55 MTM=110.50 Profit=0.02%
2026-07-21 12:39:56 INFO     strategy        PnL: 12:39:56 MTM=104.00 Profit=0.02%
2026-07-21 12:39:57 INFO     strategy        PnL: 12:39:57 MTM=84.50 Profit=0.01%
2026-07-21 12:39:58 INFO     strategy        PnL: 12:39:58 MTM=100.75 Profit=0.02%
2026-07-21 12:39:59 INFO     strategy        PnL: 12:39:59 MTM=123.50 Profit=0.02%
2026-07-21 12:40:00 INFO     strategy        PnL: 12:40:00 MTM=113.75 Profit=0.02%
2026-07-21 12:40:01 INFO     strategy        PnL: 12:40:01 MTM=113.75 Profit=0.02%
2026-07-21 12:40:02 INFO     strategy        PnL: 12:40:02 MTM=130.00 Profit=0.02%
2026-07-21 12:40:03 INFO     strategy        PnL: 12:40:03 MTM=91.00 Profit=0.01%
2026-07-21 12:40:04 INFO     strategy        PnL: 12:40:04 MTM=126.75 Profit=0.02%
2026-07-21 12:40:05 INFO     strategy        PnL: 12:40:05 MTM=123.50 Profit=0.02%
2026-07-21 12:40:06 INFO     strategy        PnL: 12:40:06 MTM=113.75 Profit=0.02%
2026-07-21 12:40:07 INFO     strategy        PnL: 12:40:07 MTM=110.50 Profit=0.02%
2026-07-21 12:40:08 INFO     strategy        PnL: 12:40:08 MTM=117.00 Profit=0.02%
2026-07-21 12:40:09 INFO     strategy        PnL: 12:40:09 MTM=113.75 Profit=0.02%
2026-07-21 12:40:10 INFO     strategy        PnL: 12:40:10 MTM=133.25 Profit=0.02%
2026-07-21 12:40:11 INFO     strategy        PnL: 12:40:11 MTM=71.50 Profit=0.01%
2026-07-21 12:40:12 INFO     strategy        PnL: 12:40:12 MTM=110.50 Profit=0.02%
2026-07-21 12:40:14 INFO     strategy        PnL: 12:40:14 MTM=120.25 Profit=0.02%
2026-07-21 12:40:15 INFO     strategy        PnL: 12:40:15 MTM=126.75 Profit=0.02%
2026-07-21 12:40:16 INFO     strategy        PnL: 12:40:16 MTM=130.00 Profit=0.02%
2026-07-21 12:40:17 INFO     strategy        PnL: 12:40:17 MTM=94.25 Profit=0.01%
2026-07-21 12:40:18 INFO     strategy        PnL: 12:40:18 MTM=126.75 Profit=0.02%
2026-07-21 12:40:19 INFO     strategy        PnL: 12:40:19 MTM=123.50 Profit=0.02%
2026-07-21 12:40:20 INFO     strategy        PnL: 12:40:20 MTM=120.25 Profit=0.02%
2026-07-21 12:40:21 INFO     strategy        PnL: 12:40:21 MTM=139.75 Profit=0.02%
2026-07-21 12:40:22 INFO     strategy        PnL: 12:40:22 MTM=139.75 Profit=0.02%
2026-07-21 12:40:23 INFO     strategy        PnL: 12:40:23 MTM=139.75 Profit=0.02%
2026-07-21 12:40:24 INFO     strategy        PnL: 12:40:24 MTM=133.25 Profit=0.02%
2026-07-21 12:40:25 INFO     strategy        PnL: 12:40:25 MTM=149.50 Profit=0.02%
2026-07-21 12:40:26 INFO     strategy        PnL: 12:40:26 MTM=126.75 Profit=0.02%
2026-07-21 12:40:27 INFO     strategy        PnL: 12:40:27 MTM=152.75 Profit=0.02%
2026-07-21 12:40:28 INFO     strategy        PnL: 12:40:28 MTM=117.00 Profit=0.02%
2026-07-21 12:40:29 INFO     strategy        PnL: 12:40:29 MTM=136.50 Profit=0.02%
2026-07-21 12:40:30 INFO     strategy        PnL: 12:40:30 MTM=123.50 Profit=0.02%
2026-07-21 12:40:31 INFO     strategy        PnL: 12:40:31 MTM=117.00 Profit=0.02%
2026-07-21 12:40:32 INFO     strategy        PnL: 12:40:32 MTM=123.50 Profit=0.02%
2026-07-21 12:40:33 INFO     strategy        PnL: 12:40:33 MTM=113.75 Profit=0.02%
2026-07-21 12:40:34 INFO     strategy        PnL: 12:40:34 MTM=201.50 Profit=0.03%
2026-07-21 12:40:35 INFO     strategy        PnL: 12:40:35 MTM=126.75 Profit=0.02%
2026-07-21 12:40:36 INFO     strategy        PnL: 12:40:36 MTM=159.25 Profit=0.02%
2026-07-21 12:40:37 INFO     strategy        PnL: 12:40:37 MTM=139.75 Profit=0.02%
2026-07-21 12:40:38 INFO     strategy        PnL: 12:40:38 MTM=120.25 Profit=0.02%
2026-07-21 12:40:39 INFO     strategy        PnL: 12:40:39 MTM=136.50 Profit=0.02%
2026-07-21 12:40:40 INFO     strategy        PnL: 12:40:40 MTM=136.50 Profit=0.02%
2026-07-21 12:40:41 INFO     strategy        PnL: 12:40:41 MTM=120.25 Profit=0.02%
2026-07-21 12:40:42 INFO     strategy        PnL: 12:40:42 MTM=152.75 Profit=0.02%
2026-07-21 12:40:43 INFO     strategy        PnL: 12:40:43 MTM=136.50 Profit=0.02%
2026-07-21 12:40:44 INFO     strategy        PnL: 12:40:44 MTM=120.25 Profit=0.02%
2026-07-21 12:40:45 INFO     strategy        PnL: 12:40:45 MTM=152.75 Profit=0.02%
2026-07-21 12:40:46 INFO     strategy        PnL: 12:40:46 MTM=159.25 Profit=0.02%
2026-07-21 12:40:47 INFO     strategy        PnL: 12:40:47 MTM=143.00 Profit=0.02%
2026-07-21 12:40:48 INFO     strategy        PnL: 12:40:48 MTM=146.25 Profit=0.02%
2026-07-21 12:40:49 INFO     strategy        PnL: 12:40:49 MTM=188.50 Profit=0.03%
2026-07-21 12:40:50 INFO     strategy        PnL: 12:40:50 MTM=139.75 Profit=0.02%
2026-07-21 12:40:51 INFO     strategy        PnL: 12:40:51 MTM=178.75 Profit=0.03%
2026-07-21 12:40:52 INFO     strategy        PnL: 12:40:52 MTM=159.25 Profit=0.02%
2026-07-21 12:40:53 INFO     strategy        PnL: 12:40:53 MTM=139.75 Profit=0.02%
2026-07-21 12:40:54 INFO     strategy        PnL: 12:40:54 MTM=182.00 Profit=0.03%
2026-07-21 12:40:55 INFO     strategy        PnL: 12:40:55 MTM=172.25 Profit=0.03%
2026-07-21 12:40:56 INFO     strategy        PnL: 12:40:56 MTM=172.25 Profit=0.03%
2026-07-21 12:40:57 INFO     strategy        PnL: 12:40:57 MTM=198.25 Profit=0.03%
2026-07-21 12:40:58 INFO     strategy        PnL: 12:40:58 MTM=159.25 Profit=0.02%
2026-07-21 12:40:59 INFO     strategy        PnL: 12:40:59 MTM=126.75 Profit=0.02%
2026-07-21 12:41:00 INFO     strategy        PnL: 12:41:00 MTM=156.00 Profit=0.02%
2026-07-21 12:41:01 INFO     strategy        PnL: 12:41:01 MTM=162.50 Profit=0.02%
2026-07-21 12:41:02 INFO     strategy        PnL: 12:41:02 MTM=175.50 Profit=0.03%
2026-07-21 12:41:03 INFO     strategy        PnL: 12:41:03 MTM=234.00 Profit=0.04%
2026-07-21 12:41:04 INFO     strategy        PnL: 12:41:04 MTM=188.50 Profit=0.03%
2026-07-21 12:41:05 INFO     strategy        PnL: 12:41:05 MTM=178.75 Profit=0.03%
2026-07-21 12:41:06 INFO     strategy        PnL: 12:41:06 MTM=208.00 Profit=0.03%
2026-07-21 12:41:07 INFO     strategy        PnL: 12:41:07 MTM=198.25 Profit=0.03%
2026-07-21 12:41:08 INFO     strategy        PnL: 12:41:08 MTM=188.50 Profit=0.03%
2026-07-21 12:41:09 INFO     strategy        PnL: 12:41:09 MTM=159.25 Profit=0.02%
2026-07-21 12:41:10 INFO     strategy        PnL: 12:41:10 MTM=169.00 Profit=0.03%
2026-07-21 12:41:11 INFO     strategy        PnL: 12:41:11 MTM=204.75 Profit=0.03%
2026-07-21 12:41:12 INFO     strategy        PnL: 12:41:12 MTM=175.50 Profit=0.03%
2026-07-21 12:41:13 INFO     strategy        PnL: 12:41:13 MTM=182.00 Profit=0.03%
2026-07-21 12:41:14 INFO     strategy        PnL: 12:41:14 MTM=156.00 Profit=0.02%
2026-07-21 12:41:15 INFO     strategy        PnL: 12:41:15 MTM=188.50 Profit=0.03%
2026-07-21 12:41:16 INFO     strategy        PnL: 12:41:16 MTM=169.00 Profit=0.03%
2026-07-21 12:41:17 INFO     strategy        PnL: 12:41:17 MTM=172.25 Profit=0.03%
2026-07-21 12:41:18 INFO     strategy        PnL: 12:41:18 MTM=175.50 Profit=0.03%
2026-07-21 12:41:19 INFO     strategy        PnL: 12:41:19 MTM=165.75 Profit=0.02%
2026-07-21 12:41:20 INFO     strategy        PnL: 12:41:20 MTM=165.75 Profit=0.02%
2026-07-21 12:41:21 INFO     strategy        PnL: 12:41:21 MTM=191.75 Profit=0.03%
2026-07-21 12:41:22 INFO     strategy        PnL: 12:41:22 MTM=182.00 Profit=0.03%
2026-07-21 12:41:23 INFO     strategy        PnL: 12:41:23 MTM=165.75 Profit=0.02%
2026-07-21 12:41:24 INFO     strategy        PnL: 12:41:24 MTM=175.50 Profit=0.03%
2026-07-21 12:41:25 INFO     strategy        PnL: 12:41:25 MTM=152.75 Profit=0.02%
2026-07-21 12:41:26 INFO     strategy        PnL: 12:41:26 MTM=165.75 Profit=0.02%
2026-07-21 12:41:27 INFO     strategy        PnL: 12:41:27 MTM=175.50 Profit=0.03%
2026-07-21 12:41:28 INFO     strategy        PnL: 12:41:28 MTM=165.75 Profit=0.02%
2026-07-21 12:41:29 INFO     strategy        PnL: 12:41:29 MTM=152.75 Profit=0.02%
2026-07-21 12:41:30 INFO     strategy        PnL: 12:41:30 MTM=146.25 Profit=0.02%
2026-07-21 12:41:31 INFO     strategy        PnL: 12:41:31 MTM=149.50 Profit=0.02%
2026-07-21 12:41:32 INFO     strategy        PnL: 12:41:32 MTM=149.50 Profit=0.02%
2026-07-21 12:41:33 INFO     strategy        PnL: 12:41:33 MTM=146.25 Profit=0.02%
2026-07-21 12:41:34 INFO     strategy        PnL: 12:41:34 MTM=178.75 Profit=0.03%
2026-07-21 12:41:35 INFO     strategy        PnL: 12:41:35 MTM=146.25 Profit=0.02%
2026-07-21 12:41:36 INFO     strategy        PnL: 12:41:36 MTM=185.25 Profit=0.03%
2026-07-21 12:41:37 INFO     strategy        PnL: 12:41:37 MTM=152.75 Profit=0.02%
2026-07-21 12:41:38 INFO     strategy        PnL: 12:41:38 MTM=169.00 Profit=0.03%
2026-07-21 12:41:39 INFO     strategy        PnL: 12:41:39 MTM=169.00 Profit=0.03%
2026-07-21 12:41:40 INFO     strategy        PnL: 12:41:40 MTM=165.75 Profit=0.02%
2026-07-21 12:41:41 INFO     strategy        PnL: 12:41:41 MTM=162.50 Profit=0.02%
2026-07-21 12:41:42 INFO     strategy        PnL: 12:41:42 MTM=175.50 Profit=0.03%
2026-07-21 12:41:43 INFO     strategy        PnL: 12:41:43 MTM=165.75 Profit=0.02%
2026-07-21 12:41:44 INFO     strategy        PnL: 12:41:44 MTM=169.00 Profit=0.03%
2026-07-21 12:41:45 INFO     strategy        PnL: 12:41:45 MTM=159.25 Profit=0.02%
2026-07-21 12:41:46 INFO     strategy        PnL: 12:41:46 MTM=182.00 Profit=0.03%
2026-07-21 12:41:47 INFO     strategy        PnL: 12:41:47 MTM=172.25 Profit=0.03%
2026-07-21 12:41:48 INFO     strategy        PnL: 12:41:48 MTM=188.50 Profit=0.03%
2026-07-21 12:41:49 INFO     strategy        PnL: 12:41:49 MTM=188.50 Profit=0.03%
2026-07-21 12:41:50 INFO     strategy        PnL: 12:41:50 MTM=152.75 Profit=0.02%
2026-07-21 12:41:51 INFO     strategy        PnL: 12:41:51 MTM=165.75 Profit=0.02%
2026-07-21 12:41:52 INFO     strategy        PnL: 12:41:52 MTM=152.75 Profit=0.02%
2026-07-21 12:41:53 INFO     strategy        PnL: 12:41:53 MTM=172.25 Profit=0.03%
2026-07-21 12:41:54 INFO     strategy        PnL: 12:41:54 MTM=175.50 Profit=0.03%
2026-07-21 12:41:56 INFO     strategy        PnL: 12:41:56 MTM=159.25 Profit=0.02%
2026-07-21 12:41:57 INFO     strategy        PnL: 12:41:57 MTM=178.75 Profit=0.03%
2026-07-21 12:41:58 INFO     strategy        PnL: 12:41:58 MTM=178.75 Profit=0.03%
2026-07-21 12:41:59 INFO     strategy        PnL: 12:41:59 MTM=175.50 Profit=0.03%
2026-07-21 12:42:00 INFO     strategy        PnL: 12:42:00 MTM=182.00 Profit=0.03%
2026-07-21 12:42:01 INFO     strategy        PnL: 12:42:01 MTM=191.75 Profit=0.03%
2026-07-21 12:42:02 INFO     strategy        PnL: 12:42:02 MTM=169.00 Profit=0.03%
2026-07-21 12:42:03 INFO     strategy        PnL: 12:42:03 MTM=182.00 Profit=0.03%
2026-07-21 12:42:04 INFO     strategy        PnL: 12:42:04 MTM=188.50 Profit=0.03%
2026-07-21 12:42:05 INFO     strategy        PnL: 12:42:05 MTM=178.75 Profit=0.03%
2026-07-21 12:42:06 INFO     strategy        PnL: 12:42:06 MTM=165.75 Profit=0.02%
2026-07-21 12:42:07 INFO     strategy        PnL: 12:42:07 MTM=169.00 Profit=0.03%
2026-07-21 12:42:08 INFO     strategy        PnL: 12:42:08 MTM=159.25 Profit=0.02%
2026-07-21 12:42:09 INFO     strategy        PnL: 12:42:09 MTM=185.25 Profit=0.03%
2026-07-21 12:42:10 INFO     strategy        PnL: 12:42:10 MTM=182.00 Profit=0.03%
2026-07-21 12:42:11 INFO     strategy        PnL: 12:42:11 MTM=165.75 Profit=0.02%
2026-07-21 12:42:12 INFO     strategy        PnL: 12:42:12 MTM=169.00 Profit=0.03%
2026-07-21 12:42:13 INFO     strategy        PnL: 12:42:13 MTM=191.75 Profit=0.03%
2026-07-21 12:42:14 INFO     strategy        PnL: 12:42:14 MTM=175.50 Profit=0.03%
2026-07-21 12:42:15 INFO     strategy        PnL: 12:42:15 MTM=172.25 Profit=0.03%
2026-07-21 12:42:16 INFO     strategy        PnL: 12:42:16 MTM=169.00 Profit=0.03%
2026-07-21 12:42:17 INFO     strategy        PnL: 12:42:17 MTM=188.50 Profit=0.03%
2026-07-21 12:42:18 INFO     strategy        PnL: 12:42:18 MTM=169.00 Profit=0.03%
2026-07-21 12:42:19 INFO     strategy        PnL: 12:42:19 MTM=175.50 Profit=0.03%
2026-07-21 12:42:20 INFO     strategy        PnL: 12:42:20 MTM=191.75 Profit=0.03%
2026-07-21 12:42:21 INFO     strategy        PnL: 12:42:21 MTM=201.50 Profit=0.03%
2026-07-21 12:42:22 INFO     strategy        PnL: 12:42:22 MTM=195.00 Profit=0.03%
2026-07-21 12:42:23 INFO     strategy        PnL: 12:42:23 MTM=185.25 Profit=0.03%
2026-07-21 12:42:24 INFO     strategy        PnL: 12:42:24 MTM=188.50 Profit=0.03%
2026-07-21 12:42:25 INFO     strategy        PnL: 12:42:25 MTM=227.50 Profit=0.03%
2026-07-21 12:42:26 INFO     strategy        PnL: 12:42:26 MTM=188.50 Profit=0.03%
2026-07-21 12:42:27 INFO     strategy        PnL: 12:42:27 MTM=191.75 Profit=0.03%
2026-07-21 12:42:28 INFO     strategy        PnL: 12:42:28 MTM=188.50 Profit=0.03%
2026-07-21 12:42:29 INFO     strategy        PnL: 12:42:29 MTM=195.00 Profit=0.03%
2026-07-21 12:42:30 INFO     strategy        PnL: 12:42:30 MTM=185.25 Profit=0.03%
2026-07-21 12:42:31 INFO     strategy        PnL: 12:42:31 MTM=169.00 Profit=0.03%
2026-07-21 12:42:32 INFO     strategy        PnL: 12:42:32 MTM=165.75 Profit=0.02%
2026-07-21 12:42:33 INFO     strategy        PnL: 12:42:33 MTM=172.25 Profit=0.03%
2026-07-21 12:42:34 INFO     strategy        PnL: 12:42:34 MTM=175.50 Profit=0.03%
2026-07-21 12:42:35 INFO     strategy        PnL: 12:42:35 MTM=165.75 Profit=0.02%
2026-07-21 12:42:36 INFO     strategy        PnL: 12:42:36 MTM=191.75 Profit=0.03%
2026-07-21 12:42:37 INFO     strategy        PnL: 12:42:37 MTM=217.75 Profit=0.03%
2026-07-21 12:42:38 INFO     strategy        PnL: 12:42:38 MTM=195.00 Profit=0.03%
2026-07-21 12:42:39 INFO     strategy        PnL: 12:42:39 MTM=185.25 Profit=0.03%
2026-07-21 12:42:40 INFO     strategy        PnL: 12:42:40 MTM=175.50 Profit=0.03%
2026-07-21 12:42:41 INFO     strategy        PnL: 12:42:41 MTM=191.75 Profit=0.03%
2026-07-21 12:42:42 INFO     strategy        PnL: 12:42:42 MTM=172.25 Profit=0.03%
2026-07-21 12:42:43 INFO     strategy        PnL: 12:42:43 MTM=201.50 Profit=0.03%
2026-07-21 12:42:44 INFO     strategy        PnL: 12:42:44 MTM=204.75 Profit=0.03%
2026-07-21 12:42:45 INFO     strategy        PnL: 12:42:45 MTM=234.00 Profit=0.04%
2026-07-21 12:42:46 INFO     strategy        PnL: 12:42:46 MTM=198.25 Profit=0.03%
2026-07-21 12:42:47 INFO     strategy        PnL: 12:42:47 MTM=227.50 Profit=0.03%
2026-07-21 12:42:48 INFO     strategy        PnL: 12:42:48 MTM=208.00 Profit=0.03%
2026-07-21 12:42:49 INFO     strategy        PnL: 12:42:49 MTM=214.50 Profit=0.03%
2026-07-21 12:42:50 INFO     strategy        PnL: 12:42:50 MTM=204.75 Profit=0.03%
2026-07-21 12:42:51 INFO     strategy        PnL: 12:42:51 MTM=188.50 Profit=0.03%
2026-07-21 12:42:52 INFO     strategy        PnL: 12:42:52 MTM=195.00 Profit=0.03%
2026-07-21 12:42:53 INFO     strategy        PnL: 12:42:53 MTM=204.75 Profit=0.03%
2026-07-21 12:42:54 INFO     strategy        PnL: 12:42:54 MTM=191.75 Profit=0.03%
2026-07-21 12:42:55 INFO     strategy        PnL: 12:42:55 MTM=195.00 Profit=0.03%
2026-07-21 12:42:56 INFO     strategy        PnL: 12:42:56 MTM=175.50 Profit=0.03%
2026-07-21 12:42:57 INFO     strategy        PnL: 12:42:57 MTM=211.25 Profit=0.03%
2026-07-21 12:42:58 INFO     strategy        PnL: 12:42:58 MTM=198.25 Profit=0.03%
2026-07-21 12:42:59 INFO     strategy        PnL: 12:42:59 MTM=191.75 Profit=0.03%
2026-07-21 12:43:00 INFO     strategy        PnL: 12:43:00 MTM=185.25 Profit=0.03%
2026-07-21 12:43:01 INFO     strategy        PnL: 12:43:01 MTM=182.00 Profit=0.03%
2026-07-21 12:43:02 INFO     strategy        PnL: 12:43:02 MTM=211.25 Profit=0.03%
2026-07-21 12:43:03 INFO     strategy        PnL: 12:43:03 MTM=175.50 Profit=0.03%
2026-07-21 12:43:04 INFO     strategy        PnL: 12:43:04 MTM=182.00 Profit=0.03%
2026-07-21 12:43:05 INFO     strategy        PnL: 12:43:05 MTM=198.25 Profit=0.03%
2026-07-21 12:43:06 INFO     strategy        PnL: 12:43:06 MTM=175.50 Profit=0.03%
2026-07-21 12:43:07 INFO     strategy        PnL: 12:43:07 MTM=198.25 Profit=0.03%
2026-07-21 12:43:08 INFO     strategy        PnL: 12:43:08 MTM=178.75 Profit=0.03%
2026-07-21 12:43:09 INFO     strategy        PnL: 12:43:09 MTM=188.50 Profit=0.03%
2026-07-21 12:43:10 INFO     strategy        PnL: 12:43:10 MTM=198.25 Profit=0.03%
2026-07-21 12:43:11 INFO     strategy        PnL: 12:43:11 MTM=188.50 Profit=0.03%
2026-07-21 12:43:12 INFO     strategy        PnL: 12:43:12 MTM=172.25 Profit=0.03%
2026-07-21 12:43:13 INFO     strategy        PnL: 12:43:13 MTM=185.25 Profit=0.03%
2026-07-21 12:43:14 INFO     strategy        PnL: 12:43:14 MTM=198.25 Profit=0.03%
2026-07-21 12:43:15 INFO     strategy        PnL: 12:43:15 MTM=172.25 Profit=0.03%
2026-07-21 12:43:16 INFO     strategy        PnL: 12:43:16 MTM=182.00 Profit=0.03%
2026-07-21 12:43:17 INFO     strategy        PnL: 12:43:17 MTM=175.50 Profit=0.03%
2026-07-21 12:43:18 INFO     strategy        PnL: 12:43:18 MTM=178.75 Profit=0.03%
2026-07-21 12:43:19 INFO     strategy        PnL: 12:43:19 MTM=188.50 Profit=0.03%
2026-07-21 12:43:20 INFO     strategy        PnL: 12:43:20 MTM=169.00 Profit=0.03%
2026-07-21 12:43:21 INFO     strategy        PnL: 12:43:21 MTM=178.75 Profit=0.03%
2026-07-21 12:43:22 INFO     strategy        PnL: 12:43:22 MTM=165.75 Profit=0.02%
2026-07-21 12:43:23 INFO     strategy        PnL: 12:43:23 MTM=178.75 Profit=0.03%
2026-07-21 12:43:24 INFO     strategy        PnL: 12:43:24 MTM=172.25 Profit=0.03%
2026-07-21 12:43:25 INFO     strategy        PnL: 12:43:25 MTM=159.25 Profit=0.02%
2026-07-21 12:43:26 INFO     strategy        PnL: 12:43:26 MTM=172.25 Profit=0.03%
2026-07-21 12:43:27 INFO     strategy        PnL: 12:43:27 MTM=185.25 Profit=0.03%
2026-07-21 12:43:28 INFO     strategy        PnL: 12:43:28 MTM=185.25 Profit=0.03%
2026-07-21 12:43:29 INFO     strategy        PnL: 12:43:29 MTM=175.50 Profit=0.03%
2026-07-21 12:43:30 INFO     strategy        PnL: 12:43:30 MTM=178.75 Profit=0.03%
2026-07-21 12:43:31 INFO     strategy        PnL: 12:43:31 MTM=165.75 Profit=0.02%
2026-07-21 12:43:32 INFO     strategy        PnL: 12:43:32 MTM=182.00 Profit=0.03%
2026-07-21 12:43:33 INFO     strategy        PnL: 12:43:33 MTM=195.00 Profit=0.03%
2026-07-21 12:43:34 INFO     strategy        PnL: 12:43:34 MTM=185.25 Profit=0.03%
2026-07-21 12:43:35 INFO     strategy        PnL: 12:43:35 MTM=195.00 Profit=0.03%
2026-07-21 12:43:36 INFO     strategy        PnL: 12:43:36 MTM=185.25 Profit=0.03%
2026-07-21 12:43:38 INFO     strategy        PnL: 12:43:38 MTM=178.75 Profit=0.03%
2026-07-21 12:43:39 INFO     strategy        PnL: 12:43:39 MTM=195.00 Profit=0.03%
2026-07-21 12:43:40 INFO     strategy        PnL: 12:43:40 MTM=175.50 Profit=0.03%
2026-07-21 12:43:41 INFO     strategy        PnL: 12:43:41 MTM=185.25 Profit=0.03%
2026-07-21 12:43:42 INFO     strategy        PnL: 12:43:42 MTM=178.75 Profit=0.03%
2026-07-21 12:43:43 INFO     strategy        PnL: 12:43:43 MTM=169.00 Profit=0.03%
2026-07-21 12:43:44 INFO     strategy        PnL: 12:43:44 MTM=175.50 Profit=0.03%
2026-07-21 12:43:45 INFO     strategy        PnL: 12:43:45 MTM=172.25 Profit=0.03%
2026-07-21 12:43:46 INFO     strategy        PnL: 12:43:46 MTM=204.75 Profit=0.03%
2026-07-21 12:43:47 INFO     strategy        PnL: 12:43:47 MTM=178.75 Profit=0.03%
2026-07-21 12:43:48 INFO     strategy        PnL: 12:43:48 MTM=195.00 Profit=0.03%
2026-07-21 12:43:49 INFO     strategy        PnL: 12:43:49 MTM=201.50 Profit=0.03%
2026-07-21 12:43:50 INFO     strategy        PnL: 12:43:50 MTM=185.25 Profit=0.03%
2026-07-21 12:43:51 INFO     strategy        PnL: 12:43:51 MTM=188.50 Profit=0.03%
2026-07-21 12:43:52 INFO     strategy        PnL: 12:43:52 MTM=188.50 Profit=0.03%
2026-07-21 12:43:53 INFO     strategy        PnL: 12:43:53 MTM=178.75 Profit=0.03%
2026-07-21 12:43:54 INFO     strategy        PnL: 12:43:54 MTM=188.50 Profit=0.03%
2026-07-21 12:43:55 INFO     strategy        PnL: 12:43:55 MTM=191.75 Profit=0.03%
2026-07-21 12:43:56 INFO     strategy        PnL: 12:43:56 MTM=185.25 Profit=0.03%
2026-07-21 12:43:57 INFO     strategy        PnL: 12:43:57 MTM=198.25 Profit=0.03%
2026-07-21 12:43:58 INFO     strategy        PnL: 12:43:58 MTM=198.25 Profit=0.03%
2026-07-21 12:43:59 INFO     strategy        PnL: 12:43:59 MTM=165.75 Profit=0.02%
2026-07-21 12:44:00 INFO     strategy        PnL: 12:44:00 MTM=201.50 Profit=0.03%
2026-07-21 12:44:01 INFO     strategy        PnL: 12:44:01 MTM=185.25 Profit=0.03%
2026-07-21 12:44:02 INFO     strategy        PnL: 12:44:02 MTM=198.25 Profit=0.03%
2026-07-21 12:44:03 INFO     strategy        PnL: 12:44:03 MTM=211.25 Profit=0.03%
2026-07-21 12:44:04 INFO     strategy        PnL: 12:44:04 MTM=204.75 Profit=0.03%
2026-07-21 12:44:05 INFO     strategy        PnL: 12:44:05 MTM=211.25 Profit=0.03%
2026-07-21 12:44:06 INFO     strategy        PnL: 12:44:06 MTM=214.50 Profit=0.03%
2026-07-21 12:44:07 INFO     strategy        PnL: 12:44:07 MTM=201.50 Profit=0.03%
2026-07-21 12:44:08 INFO     strategy        PnL: 12:44:08 MTM=211.25 Profit=0.03%
2026-07-21 12:44:09 INFO     strategy        PnL: 12:44:09 MTM=195.00 Profit=0.03%
2026-07-21 12:44:10 INFO     strategy        PnL: 12:44:10 MTM=217.75 Profit=0.03%
2026-07-21 12:44:11 INFO     strategy        PnL: 12:44:11 MTM=211.25 Profit=0.03%
2026-07-21 12:44:12 INFO     strategy        PnL: 12:44:12 MTM=221.00 Profit=0.03%
2026-07-21 12:44:13 INFO     strategy        PnL: 12:44:13 MTM=214.50 Profit=0.03%
2026-07-21 12:44:14 INFO     strategy        PnL: 12:44:14 MTM=198.25 Profit=0.03%
2026-07-21 12:44:15 INFO     strategy        PnL: 12:44:15 MTM=221.00 Profit=0.03%
2026-07-21 12:44:16 INFO     strategy        PnL: 12:44:16 MTM=208.00 Profit=0.03%
2026-07-21 12:44:17 INFO     strategy        PnL: 12:44:17 MTM=237.25 Profit=0.04%
2026-07-21 12:44:18 INFO     strategy        PnL: 12:44:18 MTM=208.00 Profit=0.03%
2026-07-21 12:44:19 INFO     strategy        PnL: 12:44:19 MTM=204.75 Profit=0.03%
2026-07-21 12:44:20 INFO     strategy        PnL: 12:44:20 MTM=224.25 Profit=0.03%
2026-07-21 12:44:21 INFO     strategy        PnL: 12:44:21 MTM=198.25 Profit=0.03%
2026-07-21 12:44:22 INFO     strategy        PnL: 12:44:22 MTM=204.75 Profit=0.03%
2026-07-21 12:44:23 INFO     strategy        PnL: 12:44:23 MTM=224.25 Profit=0.03%
2026-07-21 12:44:24 INFO     strategy        PnL: 12:44:24 MTM=208.00 Profit=0.03%
2026-07-21 12:44:25 INFO     strategy        PnL: 12:44:25 MTM=208.00 Profit=0.03%
2026-07-21 12:44:26 INFO     strategy        PnL: 12:44:26 MTM=185.25 Profit=0.03%
2026-07-21 12:44:27 INFO     strategy        PnL: 12:44:27 MTM=198.25 Profit=0.03%
2026-07-21 12:44:28 INFO     strategy        PnL: 12:44:28 MTM=227.50 Profit=0.03%
2026-07-21 12:44:29 INFO     strategy        PnL: 12:44:29 MTM=221.00 Profit=0.03%
2026-07-21 12:44:30 INFO     strategy        PnL: 12:44:30 MTM=208.00 Profit=0.03%
2026-07-21 12:44:31 INFO     strategy        PnL: 12:44:31 MTM=237.25 Profit=0.04%
2026-07-21 12:44:32 INFO     strategy        PnL: 12:44:32 MTM=191.75 Profit=0.03%
2026-07-21 12:44:33 INFO     strategy        PnL: 12:44:33 MTM=208.00 Profit=0.03%
2026-07-21 12:44:34 INFO     strategy        PnL: 12:44:34 MTM=217.75 Profit=0.03%
2026-07-21 12:44:35 INFO     strategy        PnL: 12:44:35 MTM=208.00 Profit=0.03%
2026-07-21 12:44:36 INFO     strategy        PnL: 12:44:36 MTM=247.00 Profit=0.04%
2026-07-21 12:44:37 INFO     strategy        PnL: 12:44:37 MTM=224.25 Profit=0.03%
2026-07-21 12:44:38 INFO     strategy        PnL: 12:44:38 MTM=195.00 Profit=0.03%
2026-07-21 12:44:39 INFO     strategy        PnL: 12:44:39 MTM=204.75 Profit=0.03%
2026-07-21 12:44:40 INFO     strategy        PnL: 12:44:40 MTM=214.50 Profit=0.03%
2026-07-21 12:44:41 INFO     strategy        PnL: 12:44:41 MTM=221.00 Profit=0.03%
2026-07-21 12:44:42 INFO     strategy        PnL: 12:44:42 MTM=214.50 Profit=0.03%
2026-07-21 12:44:43 INFO     strategy        PnL: 12:44:43 MTM=221.00 Profit=0.03%
2026-07-21 12:44:44 INFO     strategy        PnL: 12:44:44 MTM=250.25 Profit=0.04%
2026-07-21 12:44:45 INFO     strategy        PnL: 12:44:45 MTM=227.50 Profit=0.03%
2026-07-21 12:44:46 INFO     strategy        PnL: 12:44:46 MTM=217.75 Profit=0.03%
2026-07-21 12:44:47 INFO     strategy        PnL: 12:44:47 MTM=214.50 Profit=0.03%
2026-07-21 12:44:48 INFO     strategy        PnL: 12:44:48 MTM=221.00 Profit=0.03%
2026-07-21 12:44:49 INFO     strategy        PnL: 12:44:49 MTM=221.00 Profit=0.03%
2026-07-21 12:44:50 INFO     strategy        PnL: 12:44:50 MTM=221.00 Profit=0.03%
2026-07-21 12:44:51 INFO     strategy        PnL: 12:44:51 MTM=204.75 Profit=0.03%
2026-07-21 12:44:52 INFO     strategy        PnL: 12:44:52 MTM=230.75 Profit=0.03%
2026-07-21 12:44:53 INFO     strategy        PnL: 12:44:53 MTM=269.75 Profit=0.04%
2026-07-21 12:44:54 INFO     strategy        PnL: 12:44:54 MTM=195.00 Profit=0.03%
2026-07-21 12:44:55 INFO     strategy        PnL: 12:44:55 MTM=217.75 Profit=0.03%
2026-07-21 12:44:56 INFO     strategy        PnL: 12:44:56 MTM=198.25 Profit=0.03%
2026-07-21 12:44:57 INFO     strategy        PnL: 12:44:57 MTM=230.75 Profit=0.03%
2026-07-21 12:44:58 INFO     strategy        PnL: 12:44:58 MTM=214.50 Profit=0.03%
2026-07-21 12:44:59 INFO     strategy        PnL: 12:44:59 MTM=221.00 Profit=0.03%
2026-07-21 12:45:00 INFO     strategy        PnL: 12:45:00 MTM=201.50 Profit=0.03%
2026-07-21 12:45:01 INFO     strategy        PnL: 12:45:01 MTM=221.00 Profit=0.03%
2026-07-21 12:45:02 INFO     strategy        PnL: 12:45:02 MTM=204.75 Profit=0.03%
2026-07-21 12:45:03 INFO     strategy        PnL: 12:45:03 MTM=191.75 Profit=0.03%
2026-07-21 12:45:04 INFO     strategy        PnL: 12:45:04 MTM=204.75 Profit=0.03%
2026-07-21 12:45:05 INFO     strategy        PnL: 12:45:05 MTM=204.75 Profit=0.03%
2026-07-21 12:45:06 INFO     strategy        PnL: 12:45:06 MTM=185.25 Profit=0.03%
2026-07-21 12:45:07 INFO     strategy        PnL: 12:45:07 MTM=182.00 Profit=0.03%
2026-07-21 12:45:08 INFO     strategy        PnL: 12:45:08 MTM=191.75 Profit=0.03%
2026-07-21 12:45:09 INFO     strategy        PnL: 12:45:09 MTM=182.00 Profit=0.03%
2026-07-21 12:45:10 INFO     strategy        PnL: 12:45:10 MTM=188.50 Profit=0.03%
2026-07-21 12:45:11 INFO     strategy        PnL: 12:45:11 MTM=195.00 Profit=0.03%
2026-07-21 12:45:12 INFO     strategy        PnL: 12:45:12 MTM=198.25 Profit=0.03%
2026-07-21 12:45:13 INFO     strategy        PnL: 12:45:13 MTM=185.25 Profit=0.03%
2026-07-21 12:45:14 INFO     strategy        PnL: 12:45:14 MTM=195.00 Profit=0.03%
2026-07-21 12:45:15 INFO     strategy        PnL: 12:45:15 MTM=182.00 Profit=0.03%
2026-07-21 12:45:17 INFO     strategy        PnL: 12:45:17 MTM=185.25 Profit=0.03%
2026-07-21 12:45:18 INFO     strategy        PnL: 12:45:18 MTM=175.50 Profit=0.03%
2026-07-21 12:45:19 INFO     strategy        PnL: 12:45:19 MTM=175.50 Profit=0.03%
2026-07-21 12:45:20 INFO     strategy        PnL: 12:45:20 MTM=188.50 Profit=0.03%
2026-07-21 12:45:21 INFO     strategy        PnL: 12:45:21 MTM=201.50 Profit=0.03%
2026-07-21 12:45:22 INFO     strategy        PnL: 12:45:22 MTM=195.00 Profit=0.03%
2026-07-21 12:45:23 INFO     strategy        PnL: 12:45:23 MTM=175.50 Profit=0.03%
2026-07-21 12:45:24 INFO     strategy        PnL: 12:45:24 MTM=182.00 Profit=0.03%
2026-07-21 12:45:25 INFO     strategy        PnL: 12:45:25 MTM=178.75 Profit=0.03%
2026-07-21 12:45:26 INFO     strategy        PnL: 12:45:26 MTM=188.50 Profit=0.03%
2026-07-21 12:45:27 INFO     strategy        PnL: 12:45:27 MTM=165.75 Profit=0.02%
2026-07-21 12:45:28 INFO     strategy        PnL: 12:45:28 MTM=191.75 Profit=0.03%
2026-07-21 12:45:29 INFO     strategy        PnL: 12:45:29 MTM=188.50 Profit=0.03%
2026-07-21 12:45:30 INFO     strategy        PnL: 12:45:30 MTM=185.25 Profit=0.03%
2026-07-21 12:45:31 INFO     strategy        PnL: 12:45:31 MTM=204.75 Profit=0.03%
2026-07-21 12:45:32 INFO     strategy        PnL: 12:45:32 MTM=191.75 Profit=0.03%
2026-07-21 12:45:33 INFO     strategy        PnL: 12:45:33 MTM=208.00 Profit=0.03%
2026-07-21 12:45:34 INFO     strategy        PnL: 12:45:34 MTM=198.25 Profit=0.03%
2026-07-21 12:45:35 INFO     strategy        PnL: 12:45:35 MTM=195.00 Profit=0.03%
2026-07-21 12:45:36 INFO     strategy        PnL: 12:45:36 MTM=185.25 Profit=0.03%
2026-07-21 12:45:37 INFO     strategy        PnL: 12:45:37 MTM=204.75 Profit=0.03%
2026-07-21 12:45:38 INFO     strategy        PnL: 12:45:38 MTM=182.00 Profit=0.03%
2026-07-21 12:45:39 INFO     strategy        PnL: 12:45:39 MTM=188.50 Profit=0.03%
2026-07-21 12:45:40 INFO     strategy        PnL: 12:45:40 MTM=191.75 Profit=0.03%
2026-07-21 12:45:41 INFO     strategy        PnL: 12:45:41 MTM=178.75 Profit=0.03%
2026-07-21 12:45:42 INFO     strategy        PnL: 12:45:42 MTM=182.00 Profit=0.03%
2026-07-21 12:45:43 INFO     strategy        PnL: 12:45:43 MTM=172.25 Profit=0.03%
2026-07-21 12:45:44 INFO     strategy        PnL: 12:45:44 MTM=185.25 Profit=0.03%
2026-07-21 12:45:45 INFO     strategy        PnL: 12:45:45 MTM=198.25 Profit=0.03%
2026-07-21 12:45:46 INFO     strategy        PnL: 12:45:46 MTM=182.00 Profit=0.03%
2026-07-21 12:45:47 INFO     strategy        PnL: 12:45:47 MTM=185.25 Profit=0.03%
2026-07-21 12:45:48 INFO     strategy        PnL: 12:45:48 MTM=198.25 Profit=0.03%
2026-07-21 12:45:49 INFO     strategy        PnL: 12:45:49 MTM=221.00 Profit=0.03%
2026-07-21 12:45:50 INFO     strategy        PnL: 12:45:50 MTM=204.75 Profit=0.03%
2026-07-21 12:45:51 INFO     strategy        PnL: 12:45:51 MTM=198.25 Profit=0.03%
2026-07-21 12:45:52 INFO     strategy        PnL: 12:45:52 MTM=217.75 Profit=0.03%
2026-07-21 12:45:53 INFO     strategy        PnL: 12:45:53 MTM=204.75 Profit=0.03%
2026-07-21 12:45:54 INFO     strategy        PnL: 12:45:54 MTM=217.75 Profit=0.03%
2026-07-21 12:45:55 INFO     strategy        PnL: 12:45:55 MTM=185.25 Profit=0.03%
2026-07-21 12:45:56 INFO     strategy        PnL: 12:45:56 MTM=208.00 Profit=0.03%
2026-07-21 12:45:57 INFO     strategy        PnL: 12:45:57 MTM=201.50 Profit=0.03%
2026-07-21 12:45:58 INFO     strategy        PnL: 12:45:58 MTM=198.25 Profit=0.03%
2026-07-21 12:45:59 INFO     strategy        PnL: 12:45:59 MTM=188.50 Profit=0.03%
2026-07-21 12:46:00 INFO     strategy        PnL: 12:46:00 MTM=201.50 Profit=0.03%
2026-07-21 12:46:01 INFO     strategy        PnL: 12:46:01 MTM=204.75 Profit=0.03%
2026-07-21 12:46:02 INFO     strategy        PnL: 12:46:02 MTM=201.50 Profit=0.03%
2026-07-21 12:46:03 INFO     strategy        PnL: 12:46:03 MTM=191.75 Profit=0.03%
2026-07-21 12:46:04 INFO     strategy        PnL: 12:46:04 MTM=211.25 Profit=0.03%
2026-07-21 12:46:05 INFO     strategy        PnL: 12:46:05 MTM=201.50 Profit=0.03%
2026-07-21 12:46:06 INFO     strategy        PnL: 12:46:06 MTM=211.25 Profit=0.03%
2026-07-21 12:46:07 INFO     strategy        PnL: 12:46:07 MTM=195.00 Profit=0.03%
2026-07-21 12:46:08 INFO     strategy        PnL: 12:46:08 MTM=191.75 Profit=0.03%
2026-07-21 12:46:09 INFO     strategy        PnL: 12:46:09 MTM=191.75 Profit=0.03%
2026-07-21 12:46:10 INFO     strategy        PnL: 12:46:10 MTM=208.00 Profit=0.03%
2026-07-21 12:46:11 INFO     strategy        PnL: 12:46:11 MTM=204.75 Profit=0.03%
2026-07-21 12:46:12 INFO     strategy        PnL: 12:46:12 MTM=211.25 Profit=0.03%
2026-07-21 12:46:13 INFO     strategy        PnL: 12:46:13 MTM=204.75 Profit=0.03%
2026-07-21 12:46:14 INFO     strategy        PnL: 12:46:14 MTM=204.75 Profit=0.03%
2026-07-21 12:46:15 INFO     strategy        PnL: 12:46:15 MTM=195.00 Profit=0.03%
2026-07-21 12:46:16 INFO     strategy        PnL: 12:46:16 MTM=204.75 Profit=0.03%
2026-07-21 12:46:17 INFO     strategy        PnL: 12:46:17 MTM=201.50 Profit=0.03%
2026-07-21 12:46:18 INFO     strategy        PnL: 12:46:18 MTM=201.50 Profit=0.03%
2026-07-21 12:46:19 INFO     strategy        PnL: 12:46:19 MTM=214.50 Profit=0.03%
2026-07-21 12:46:20 INFO     strategy        PnL: 12:46:20 MTM=221.00 Profit=0.03%
2026-07-21 12:46:21 INFO     strategy        PnL: 12:46:21 MTM=221.00 Profit=0.03%
2026-07-21 12:46:22 INFO     strategy        PnL: 12:46:22 MTM=224.25 Profit=0.03%
2026-07-21 12:46:23 INFO     strategy        PnL: 12:46:23 MTM=214.50 Profit=0.03%
2026-07-21 12:46:24 INFO     strategy        PnL: 12:46:24 MTM=227.50 Profit=0.03%
2026-07-21 12:46:25 INFO     strategy        PnL: 12:46:25 MTM=217.75 Profit=0.03%
2026-07-21 12:46:26 INFO     strategy        PnL: 12:46:26 MTM=221.00 Profit=0.03%
2026-07-21 12:46:27 INFO     strategy        PnL: 12:46:27 MTM=217.75 Profit=0.03%
2026-07-21 12:46:28 INFO     strategy        PnL: 12:46:28 MTM=211.25 Profit=0.03%
2026-07-21 12:46:29 INFO     strategy        PnL: 12:46:29 MTM=204.75 Profit=0.03%
2026-07-21 12:46:30 INFO     strategy        PnL: 12:46:30 MTM=221.00 Profit=0.03%
2026-07-21 12:46:31 INFO     strategy        PnL: 12:46:31 MTM=204.75 Profit=0.03%
2026-07-21 12:46:32 INFO     strategy        PnL: 12:46:32 MTM=214.50 Profit=0.03%
2026-07-21 12:46:33 INFO     strategy        PnL: 12:46:33 MTM=224.25 Profit=0.03%
2026-07-21 12:46:34 INFO     strategy        PnL: 12:46:34 MTM=221.00 Profit=0.03%
2026-07-21 12:46:35 INFO     strategy        PnL: 12:46:35 MTM=224.25 Profit=0.03%
2026-07-21 12:46:36 INFO     strategy        PnL: 12:46:36 MTM=214.50 Profit=0.03%
2026-07-21 12:46:37 INFO     strategy        PnL: 12:46:37 MTM=214.50 Profit=0.03%
2026-07-21 12:46:38 INFO     strategy        PnL: 12:46:38 MTM=191.75 Profit=0.03%
2026-07-21 12:46:39 INFO     strategy        PnL: 12:46:39 MTM=217.75 Profit=0.03%
2026-07-21 12:46:40 INFO     strategy        PnL: 12:46:40 MTM=201.50 Profit=0.03%
2026-07-21 12:46:41 INFO     strategy        PnL: 12:46:41 MTM=217.75 Profit=0.03%
2026-07-21 12:46:42 INFO     strategy        PnL: 12:46:42 MTM=204.75 Profit=0.03%
2026-07-21 12:46:43 INFO     strategy        PnL: 12:46:43 MTM=208.00 Profit=0.03%
2026-07-21 12:46:44 INFO     strategy        PnL: 12:46:44 MTM=217.75 Profit=0.03%
2026-07-21 12:46:45 INFO     strategy        PnL: 12:46:45 MTM=214.50 Profit=0.03%
2026-07-21 12:46:46 INFO     strategy        PnL: 12:46:46 MTM=204.75 Profit=0.03%
2026-07-21 12:46:47 INFO     strategy        PnL: 12:46:47 MTM=208.00 Profit=0.03%
2026-07-21 12:46:48 INFO     strategy        PnL: 12:46:48 MTM=211.25 Profit=0.03%
2026-07-21 12:46:49 INFO     strategy        PnL: 12:46:49 MTM=204.75 Profit=0.03%
2026-07-21 12:46:50 INFO     strategy        PnL: 12:46:50 MTM=211.25 Profit=0.03%
2026-07-21 12:46:51 INFO     strategy        PnL: 12:46:51 MTM=204.75 Profit=0.03%
2026-07-21 12:46:52 INFO     strategy        PnL: 12:46:52 MTM=208.00 Profit=0.03%
2026-07-21 12:46:53 INFO     strategy        PnL: 12:46:53 MTM=198.25 Profit=0.03%
2026-07-21 12:46:54 INFO     strategy        PnL: 12:46:54 MTM=191.75 Profit=0.03%
2026-07-21 12:46:55 INFO     strategy        PnL: 12:46:55 MTM=191.75 Profit=0.03%
2026-07-21 12:46:56 INFO     strategy        PnL: 12:46:56 MTM=211.25 Profit=0.03%
2026-07-21 12:46:58 INFO     strategy        PnL: 12:46:58 MTM=217.75 Profit=0.03%
2026-07-21 12:46:59 INFO     strategy        PnL: 12:46:59 MTM=224.25 Profit=0.03%
2026-07-21 12:47:00 INFO     strategy        PnL: 12:47:00 MTM=204.75 Profit=0.03%
2026-07-21 12:47:01 INFO     strategy        PnL: 12:47:01 MTM=208.00 Profit=0.03%
2026-07-21 12:47:02 INFO     strategy        PnL: 12:47:02 MTM=211.25 Profit=0.03%
2026-07-21 12:47:03 INFO     strategy        PnL: 12:47:03 MTM=175.50 Profit=0.03%
2026-07-21 12:47:04 INFO     strategy        PnL: 12:47:04 MTM=217.75 Profit=0.03%
2026-07-21 12:47:05 INFO     strategy        PnL: 12:47:05 MTM=204.75 Profit=0.03%
2026-07-21 12:47:06 INFO     strategy        PnL: 12:47:06 MTM=217.75 Profit=0.03%
2026-07-21 12:47:07 INFO     strategy        PnL: 12:47:07 MTM=201.50 Profit=0.03%
2026-07-21 12:47:08 INFO     strategy        PnL: 12:47:08 MTM=172.25 Profit=0.03%
2026-07-21 12:47:09 INFO     strategy        PnL: 12:47:09 MTM=227.50 Profit=0.03%
2026-07-21 12:47:10 INFO     strategy        PnL: 12:47:10 MTM=188.50 Profit=0.03%
2026-07-21 12:47:11 INFO     strategy        PnL: 12:47:11 MTM=211.25 Profit=0.03%
2026-07-21 12:47:12 INFO     strategy        PnL: 12:47:12 MTM=214.50 Profit=0.03%
2026-07-21 12:47:13 INFO     strategy        PnL: 12:47:13 MTM=191.75 Profit=0.03%
2026-07-21 12:47:14 INFO     strategy        PnL: 12:47:14 MTM=208.00 Profit=0.03%
2026-07-21 12:47:15 INFO     strategy        PnL: 12:47:15 MTM=214.50 Profit=0.03%
2026-07-21 12:47:16 INFO     strategy        PnL: 12:47:16 MTM=188.50 Profit=0.03%
2026-07-21 12:47:17 INFO     strategy        PnL: 12:47:17 MTM=204.75 Profit=0.03%
2026-07-21 12:47:18 INFO     strategy        PnL: 12:47:18 MTM=195.00 Profit=0.03%
2026-07-21 12:47:19 INFO     strategy        PnL: 12:47:19 MTM=191.75 Profit=0.03%
2026-07-21 12:47:20 INFO     strategy        PnL: 12:47:20 MTM=211.25 Profit=0.03%
2026-07-21 12:47:21 INFO     strategy        PnL: 12:47:21 MTM=211.25 Profit=0.03%
2026-07-21 12:47:22 INFO     strategy        PnL: 12:47:22 MTM=211.25 Profit=0.03%
2026-07-21 12:47:23 INFO     strategy        PnL: 12:47:23 MTM=208.00 Profit=0.03%
2026-07-21 12:47:24 INFO     strategy        PnL: 12:47:24 MTM=217.75 Profit=0.03%
2026-07-21 12:47:25 INFO     strategy        PnL: 12:47:25 MTM=211.25 Profit=0.03%
2026-07-21 12:47:26 INFO     strategy        PnL: 12:47:26 MTM=214.50 Profit=0.03%
2026-07-21 12:47:27 INFO     strategy        PnL: 12:47:27 MTM=230.75 Profit=0.03%
2026-07-21 12:47:28 INFO     strategy        PnL: 12:47:28 MTM=208.00 Profit=0.03%
2026-07-21 12:47:29 INFO     strategy        PnL: 12:47:29 MTM=227.50 Profit=0.03%
2026-07-21 12:47:30 INFO     strategy        PnL: 12:47:30 MTM=188.50 Profit=0.03%
2026-07-21 12:47:31 INFO     strategy        PnL: 12:47:31 MTM=214.50 Profit=0.03%
2026-07-21 12:47:32 INFO     strategy        PnL: 12:47:32 MTM=211.25 Profit=0.03%
2026-07-21 12:47:33 INFO     strategy        PnL: 12:47:33 MTM=227.50 Profit=0.03%
2026-07-21 12:47:34 INFO     strategy        PnL: 12:47:34 MTM=201.50 Profit=0.03%
2026-07-21 12:47:35 INFO     strategy        PnL: 12:47:35 MTM=230.75 Profit=0.03%
2026-07-21 12:47:36 INFO     strategy        PnL: 12:47:36 MTM=195.00 Profit=0.03%
2026-07-21 12:47:37 INFO     strategy        PnL: 12:47:37 MTM=224.25 Profit=0.03%
2026-07-21 12:47:38 INFO     strategy        PnL: 12:47:38 MTM=221.00 Profit=0.03%
2026-07-21 12:47:39 INFO     strategy        PnL: 12:47:39 MTM=237.25 Profit=0.04%
2026-07-21 12:47:40 INFO     strategy        PnL: 12:47:40 MTM=211.25 Profit=0.03%
2026-07-21 12:47:41 INFO     strategy        PnL: 12:47:41 MTM=211.25 Profit=0.03%
2026-07-21 12:47:42 INFO     strategy        PnL: 12:47:42 MTM=237.25 Profit=0.04%
2026-07-21 12:47:43 INFO     strategy        PnL: 12:47:43 MTM=243.75 Profit=0.04%
2026-07-21 12:47:44 INFO     strategy        PnL: 12:47:44 MTM=221.00 Profit=0.03%
2026-07-21 12:47:45 INFO     strategy        PnL: 12:47:45 MTM=214.50 Profit=0.03%
2026-07-21 12:47:46 INFO     strategy        PnL: 12:47:46 MTM=221.00 Profit=0.03%
2026-07-21 12:47:47 INFO     strategy        PnL: 12:47:47 MTM=234.00 Profit=0.04%
2026-07-21 12:47:48 INFO     strategy        PnL: 12:47:48 MTM=208.00 Profit=0.03%
2026-07-21 12:47:49 INFO     strategy        PnL: 12:47:49 MTM=247.00 Profit=0.04%
2026-07-21 12:47:50 INFO     strategy        PnL: 12:47:50 MTM=224.25 Profit=0.03%
2026-07-21 12:47:51 INFO     strategy        PnL: 12:47:51 MTM=211.25 Profit=0.03%
2026-07-21 12:47:52 INFO     strategy        PnL: 12:47:52 MTM=224.25 Profit=0.03%
2026-07-21 12:47:53 INFO     strategy        PnL: 12:47:53 MTM=217.75 Profit=0.03%
2026-07-21 12:47:54 INFO     strategy        PnL: 12:47:54 MTM=227.50 Profit=0.03%
2026-07-21 12:47:55 INFO     strategy        PnL: 12:47:55 MTM=211.25 Profit=0.03%
2026-07-21 12:47:56 INFO     strategy        PnL: 12:47:56 MTM=217.75 Profit=0.03%
2026-07-21 12:47:57 INFO     strategy        PnL: 12:47:57 MTM=201.50 Profit=0.03%
2026-07-21 12:47:58 INFO     strategy        PnL: 12:47:58 MTM=230.75 Profit=0.03%
2026-07-21 12:47:59 INFO     strategy        PnL: 12:47:59 MTM=243.75 Profit=0.04%
2026-07-21 12:48:00 INFO     strategy        PnL: 12:48:00 MTM=234.00 Profit=0.04%
2026-07-21 12:48:01 INFO     strategy        PnL: 12:48:01 MTM=217.75 Profit=0.03%
2026-07-21 12:48:02 INFO     strategy        PnL: 12:48:02 MTM=201.50 Profit=0.03%
2026-07-21 12:48:03 INFO     strategy        PnL: 12:48:03 MTM=224.25 Profit=0.03%
2026-07-21 12:48:04 INFO     strategy        PnL: 12:48:04 MTM=214.50 Profit=0.03%
2026-07-21 12:48:05 INFO     strategy        PnL: 12:48:05 MTM=214.50 Profit=0.03%
2026-07-21 12:48:06 INFO     strategy        PnL: 12:48:06 MTM=214.50 Profit=0.03%
2026-07-21 12:48:07 INFO     strategy        PnL: 12:48:07 MTM=211.25 Profit=0.03%
2026-07-21 12:48:08 INFO     strategy        PnL: 12:48:08 MTM=217.75 Profit=0.03%
2026-07-21 12:48:09 INFO     strategy        PnL: 12:48:09 MTM=217.75 Profit=0.03%
2026-07-21 12:48:10 INFO     strategy        PnL: 12:48:10 MTM=221.00 Profit=0.03%
2026-07-21 12:48:11 INFO     strategy        PnL: 12:48:11 MTM=204.75 Profit=0.03%
2026-07-21 12:48:12 INFO     strategy        PnL: 12:48:12 MTM=204.75 Profit=0.03%
2026-07-21 12:48:13 INFO     strategy        PnL: 12:48:13 MTM=204.75 Profit=0.03%
2026-07-21 12:48:14 INFO     strategy        PnL: 12:48:14 MTM=188.50 Profit=0.03%
2026-07-21 12:48:15 INFO     strategy        PnL: 12:48:15 MTM=195.00 Profit=0.03%
2026-07-21 12:48:16 INFO     strategy        PnL: 12:48:16 MTM=214.50 Profit=0.03%
2026-07-21 12:48:17 INFO     strategy        PnL: 12:48:17 MTM=221.00 Profit=0.03%
2026-07-21 12:48:18 INFO     strategy        PnL: 12:48:18 MTM=211.25 Profit=0.03%
2026-07-21 12:48:19 INFO     strategy        PnL: 12:48:19 MTM=214.50 Profit=0.03%
2026-07-21 12:48:20 INFO     strategy        PnL: 12:48:20 MTM=211.25 Profit=0.03%
2026-07-21 12:48:21 INFO     strategy        PnL: 12:48:21 MTM=201.50 Profit=0.03%
2026-07-21 12:48:22 INFO     strategy        PnL: 12:48:22 MTM=214.50 Profit=0.03%
2026-07-21 12:48:23 INFO     strategy        PnL: 12:48:23 MTM=217.75 Profit=0.03%
2026-07-21 12:48:24 INFO     strategy        PnL: 12:48:24 MTM=185.25 Profit=0.03%
2026-07-21 12:48:25 INFO     strategy        PnL: 12:48:25 MTM=185.25 Profit=0.03%
2026-07-21 12:48:26 INFO     strategy        PnL: 12:48:26 MTM=204.75 Profit=0.03%
2026-07-21 12:48:27 INFO     strategy        PnL: 12:48:27 MTM=204.75 Profit=0.03%
2026-07-21 12:48:28 INFO     strategy        PnL: 12:48:28 MTM=185.25 Profit=0.03%
2026-07-21 12:48:29 INFO     strategy        PnL: 12:48:29 MTM=217.75 Profit=0.03%
2026-07-21 12:48:30 INFO     strategy        PnL: 12:48:30 MTM=198.25 Profit=0.03%
2026-07-21 12:48:31 INFO     strategy        PnL: 12:48:31 MTM=195.00 Profit=0.03%
2026-07-21 12:48:32 INFO     strategy        PnL: 12:48:32 MTM=217.75 Profit=0.03%
2026-07-21 12:48:33 INFO     strategy        PnL: 12:48:33 MTM=217.75 Profit=0.03%
2026-07-21 12:48:34 INFO     strategy        PnL: 12:48:34 MTM=208.00 Profit=0.03%
2026-07-21 12:48:35 INFO     strategy        PnL: 12:48:35 MTM=214.50 Profit=0.03%
2026-07-21 12:48:36 INFO     strategy        PnL: 12:48:36 MTM=182.00 Profit=0.03%
2026-07-21 12:48:37 INFO     strategy        PnL: 12:48:37 MTM=208.00 Profit=0.03%
2026-07-21 12:48:38 INFO     strategy        PnL: 12:48:38 MTM=178.75 Profit=0.03%
2026-07-21 12:48:39 INFO     strategy        PnL: 12:48:39 MTM=198.25 Profit=0.03%
2026-07-21 12:48:40 INFO     strategy        PnL: 12:48:40 MTM=198.25 Profit=0.03%
2026-07-21 12:48:41 INFO     strategy        PnL: 12:48:41 MTM=214.50 Profit=0.03%
2026-07-21 12:48:42 INFO     strategy        PnL: 12:48:42 MTM=191.75 Profit=0.03%
2026-07-21 12:48:43 INFO     strategy        PnL: 12:48:43 MTM=188.50 Profit=0.03%
2026-07-21 12:48:44 INFO     strategy        PnL: 12:48:44 MTM=208.00 Profit=0.03%
2026-07-21 12:48:45 INFO     strategy        PnL: 12:48:45 MTM=201.50 Profit=0.03%
2026-07-21 12:48:46 INFO     strategy        PnL: 12:48:46 MTM=208.00 Profit=0.03%
2026-07-21 12:48:47 INFO     strategy        PnL: 12:48:47 MTM=208.00 Profit=0.03%
2026-07-21 12:48:48 INFO     strategy        PnL: 12:48:48 MTM=188.50 Profit=0.03%
2026-07-21 12:48:49 INFO     strategy        PnL: 12:48:49 MTM=201.50 Profit=0.03%
2026-07-21 12:48:50 INFO     strategy        PnL: 12:48:50 MTM=204.75 Profit=0.03%
2026-07-21 12:48:51 INFO     strategy        PnL: 12:48:51 MTM=188.50 Profit=0.03%
2026-07-21 12:48:52 INFO     strategy        PnL: 12:48:52 MTM=208.00 Profit=0.03%
2026-07-21 12:48:53 INFO     strategy        PnL: 12:48:53 MTM=195.00 Profit=0.03%
2026-07-21 12:48:54 INFO     strategy        PnL: 12:48:54 MTM=175.50 Profit=0.03%
2026-07-21 12:48:55 INFO     strategy        PnL: 12:48:55 MTM=201.50 Profit=0.03%
2026-07-21 12:48:57 INFO     strategy        PnL: 12:48:57 MTM=204.75 Profit=0.03%
2026-07-21 12:48:58 INFO     strategy        PnL: 12:48:58 MTM=172.25 Profit=0.03%
2026-07-21 12:48:59 INFO     strategy        PnL: 12:48:59 MTM=208.00 Profit=0.03%
2026-07-21 12:49:00 INFO     strategy        PnL: 12:49:00 MTM=182.00 Profit=0.03%
2026-07-21 12:49:01 INFO     strategy        PnL: 12:49:01 MTM=185.25 Profit=0.03%
2026-07-21 12:49:02 INFO     strategy        PnL: 12:49:02 MTM=195.00 Profit=0.03%
2026-07-21 12:49:03 INFO     strategy        PnL: 12:49:03 MTM=208.00 Profit=0.03%
2026-07-21 12:49:04 INFO     strategy        PnL: 12:49:04 MTM=217.75 Profit=0.03%
2026-07-21 12:49:05 INFO     strategy        PnL: 12:49:05 MTM=211.25 Profit=0.03%
2026-07-21 12:49:06 INFO     strategy        PnL: 12:49:06 MTM=195.00 Profit=0.03%
2026-07-21 12:49:07 INFO     strategy        PnL: 12:49:07 MTM=191.75 Profit=0.03%
2026-07-21 12:49:08 INFO     strategy        PnL: 12:49:08 MTM=169.00 Profit=0.03%
2026-07-21 12:49:09 INFO     strategy        PnL: 12:49:09 MTM=185.25 Profit=0.03%
2026-07-21 12:49:10 INFO     strategy        PnL: 12:49:10 MTM=191.75 Profit=0.03%
2026-07-21 12:49:11 INFO     strategy        PnL: 12:49:11 MTM=172.25 Profit=0.03%
2026-07-21 12:49:12 INFO     strategy        PnL: 12:49:12 MTM=175.50 Profit=0.03%
2026-07-21 12:49:13 INFO     strategy        PnL: 12:49:13 MTM=185.25 Profit=0.03%
2026-07-21 12:49:14 INFO     strategy        PnL: 12:49:14 MTM=191.75 Profit=0.03%
2026-07-21 12:49:15 INFO     strategy        PnL: 12:49:15 MTM=191.75 Profit=0.03%
2026-07-21 12:49:16 INFO     strategy        PnL: 12:49:16 MTM=178.75 Profit=0.03%
2026-07-21 12:49:17 INFO     strategy        PnL: 12:49:17 MTM=182.00 Profit=0.03%
2026-07-21 12:49:18 INFO     strategy        PnL: 12:49:18 MTM=182.00 Profit=0.03%
2026-07-21 12:49:19 INFO     strategy        PnL: 12:49:19 MTM=182.00 Profit=0.03%
2026-07-21 12:49:20 INFO     strategy        PnL: 12:49:20 MTM=198.25 Profit=0.03%
2026-07-21 12:49:21 INFO     strategy        PnL: 12:49:21 MTM=185.25 Profit=0.03%
2026-07-21 12:49:22 INFO     strategy        PnL: 12:49:22 MTM=178.75 Profit=0.03%
2026-07-21 12:49:23 INFO     strategy        PnL: 12:49:23 MTM=172.25 Profit=0.03%
2026-07-21 12:49:24 INFO     strategy        PnL: 12:49:24 MTM=182.00 Profit=0.03%
2026-07-21 12:49:25 INFO     strategy        PnL: 12:49:25 MTM=178.75 Profit=0.03%
2026-07-21 12:49:26 INFO     strategy        PnL: 12:49:26 MTM=182.00 Profit=0.03%
2026-07-21 12:49:27 INFO     strategy        PnL: 12:49:27 MTM=182.00 Profit=0.03%
2026-07-21 12:49:28 INFO     strategy        PnL: 12:49:28 MTM=191.75 Profit=0.03%
2026-07-21 12:49:29 INFO     strategy        PnL: 12:49:29 MTM=182.00 Profit=0.03%
2026-07-21 12:49:30 INFO     strategy        PnL: 12:49:30 MTM=195.00 Profit=0.03%
2026-07-21 12:49:31 INFO     strategy        PnL: 12:49:31 MTM=175.50 Profit=0.03%
2026-07-21 12:49:32 INFO     strategy        PnL: 12:49:32 MTM=191.75 Profit=0.03%
2026-07-21 12:49:33 INFO     strategy        PnL: 12:49:33 MTM=182.00 Profit=0.03%
2026-07-21 12:49:34 INFO     strategy        PnL: 12:49:34 MTM=175.50 Profit=0.03%
2026-07-21 12:49:35 INFO     strategy        PnL: 12:49:35 MTM=178.75 Profit=0.03%
2026-07-21 12:49:36 INFO     strategy        PnL: 12:49:36 MTM=182.00 Profit=0.03%
2026-07-21 12:49:37 INFO     strategy        PnL: 12:49:37 MTM=178.75 Profit=0.03%
2026-07-21 12:49:38 INFO     strategy        PnL: 12:49:38 MTM=182.00 Profit=0.03%
2026-07-21 12:49:39 INFO     strategy        PnL: 12:49:39 MTM=201.50 Profit=0.03%
2026-07-21 12:49:40 INFO     strategy        PnL: 12:49:40 MTM=188.50 Profit=0.03%
2026-07-21 12:49:41 INFO     strategy        PnL: 12:49:41 MTM=178.75 Profit=0.03%
2026-07-21 12:49:42 INFO     strategy        PnL: 12:49:42 MTM=175.50 Profit=0.03%
2026-07-21 12:49:43 INFO     strategy        PnL: 12:49:43 MTM=159.25 Profit=0.02%
2026-07-21 12:49:44 INFO     strategy        PnL: 12:49:44 MTM=172.25 Profit=0.03%
2026-07-21 12:49:45 INFO     strategy        PnL: 12:49:45 MTM=188.50 Profit=0.03%
2026-07-21 12:49:46 INFO     strategy        PnL: 12:49:46 MTM=175.50 Profit=0.03%
2026-07-21 12:49:47 INFO     strategy        PnL: 12:49:47 MTM=165.75 Profit=0.02%
2026-07-21 12:49:48 INFO     strategy        PnL: 12:49:48 MTM=191.75 Profit=0.03%
2026-07-21 12:49:49 INFO     strategy        PnL: 12:49:49 MTM=165.75 Profit=0.02%
2026-07-21 12:49:50 INFO     strategy        PnL: 12:49:50 MTM=185.25 Profit=0.03%
2026-07-21 12:49:51 INFO     strategy        PnL: 12:49:51 MTM=162.50 Profit=0.02%
2026-07-21 12:49:52 INFO     strategy        PnL: 12:49:52 MTM=195.00 Profit=0.03%
2026-07-21 12:49:53 INFO     strategy        PnL: 12:49:53 MTM=169.00 Profit=0.03%
2026-07-21 12:49:54 INFO     strategy        PnL: 12:49:54 MTM=175.50 Profit=0.03%
2026-07-21 12:49:55 INFO     strategy        PnL: 12:49:55 MTM=185.25 Profit=0.03%
2026-07-21 12:49:56 INFO     strategy        PnL: 12:49:56 MTM=152.75 Profit=0.02%
2026-07-21 12:49:57 INFO     strategy        PnL: 12:49:57 MTM=172.25 Profit=0.03%
2026-07-21 12:49:58 INFO     strategy        PnL: 12:49:58 MTM=156.00 Profit=0.02%
2026-07-21 12:49:59 INFO     strategy        PnL: 12:49:59 MTM=149.50 Profit=0.02%
2026-07-21 12:50:00 INFO     strategy        PnL: 12:50:00 MTM=156.00 Profit=0.02%
2026-07-21 12:50:01 INFO     strategy        PnL: 12:50:01 MTM=162.50 Profit=0.02%
2026-07-21 12:50:02 INFO     strategy        PnL: 12:50:02 MTM=165.75 Profit=0.02%
2026-07-21 12:50:03 INFO     strategy        PnL: 12:50:03 MTM=133.25 Profit=0.02%
2026-07-21 12:50:04 INFO     strategy        PnL: 12:50:04 MTM=159.25 Profit=0.02%
2026-07-21 12:50:05 INFO     strategy        PnL: 12:50:05 MTM=169.00 Profit=0.03%
2026-07-21 12:50:06 INFO     strategy        PnL: 12:50:06 MTM=162.50 Profit=0.02%
2026-07-21 12:50:07 INFO     strategy        PnL: 12:50:07 MTM=152.75 Profit=0.02%
2026-07-21 12:50:08 INFO     strategy        PnL: 12:50:08 MTM=159.25 Profit=0.02%
2026-07-21 12:50:09 INFO     strategy        PnL: 12:50:09 MTM=156.00 Profit=0.02%
2026-07-21 12:50:10 INFO     strategy        PnL: 12:50:10 MTM=165.75 Profit=0.02%
2026-07-21 12:50:11 INFO     strategy        PnL: 12:50:11 MTM=156.00 Profit=0.02%
2026-07-21 12:50:12 INFO     strategy        PnL: 12:50:12 MTM=139.75 Profit=0.02%
2026-07-21 12:50:13 INFO     strategy        PnL: 12:50:13 MTM=162.50 Profit=0.02%
2026-07-21 12:50:14 INFO     strategy        PnL: 12:50:14 MTM=156.00 Profit=0.02%
2026-07-21 12:50:15 INFO     strategy        PnL: 12:50:15 MTM=136.50 Profit=0.02%
2026-07-21 12:50:16 INFO     strategy        PnL: 12:50:16 MTM=159.25 Profit=0.02%
2026-07-21 12:50:17 INFO     strategy        PnL: 12:50:17 MTM=162.50 Profit=0.02%
2026-07-21 12:50:18 INFO     strategy        PnL: 12:50:18 MTM=156.00 Profit=0.02%
2026-07-21 12:50:19 INFO     strategy        PnL: 12:50:19 MTM=182.00 Profit=0.03%
2026-07-21 12:50:20 INFO     strategy        PnL: 12:50:20 MTM=195.00 Profit=0.03%
2026-07-21 12:50:21 INFO     strategy        PnL: 12:50:21 MTM=175.50 Profit=0.03%
2026-07-21 12:50:22 INFO     strategy        PnL: 12:50:22 MTM=175.50 Profit=0.03%
2026-07-21 12:50:23 INFO     strategy        PnL: 12:50:23 MTM=172.25 Profit=0.03%
2026-07-21 12:50:24 INFO     strategy        PnL: 12:50:24 MTM=178.75 Profit=0.03%
2026-07-21 12:50:25 INFO     strategy        PnL: 12:50:25 MTM=182.00 Profit=0.03%
2026-07-21 12:50:26 INFO     strategy        PnL: 12:50:26 MTM=175.50 Profit=0.03%
2026-07-21 12:50:27 INFO     strategy        PnL: 12:50:27 MTM=162.50 Profit=0.02%
2026-07-21 12:50:28 INFO     strategy        PnL: 12:50:28 MTM=159.25 Profit=0.02%
2026-07-21 12:50:29 INFO     strategy        PnL: 12:50:29 MTM=156.00 Profit=0.02%
2026-07-21 12:50:30 INFO     strategy        PnL: 12:50:30 MTM=156.00 Profit=0.02%
2026-07-21 12:50:31 INFO     strategy        PnL: 12:50:31 MTM=159.25 Profit=0.02%
2026-07-21 12:50:33 INFO     strategy        PnL: 12:50:33 MTM=172.25 Profit=0.03%
2026-07-21 12:50:34 INFO     strategy        PnL: 12:50:34 MTM=136.50 Profit=0.02%
2026-07-21 12:50:35 INFO     strategy        PnL: 12:50:35 MTM=146.25 Profit=0.02%
2026-07-21 12:50:36 INFO     strategy        PnL: 12:50:36 MTM=146.25 Profit=0.02%
2026-07-21 12:50:37 INFO     strategy        PnL: 12:50:37 MTM=149.50 Profit=0.02%
2026-07-21 12:50:38 INFO     strategy        PnL: 12:50:38 MTM=169.00 Profit=0.03%
2026-07-21 12:50:39 INFO     strategy        PnL: 12:50:39 MTM=143.00 Profit=0.02%
2026-07-21 12:50:40 INFO     strategy        PnL: 12:50:40 MTM=149.50 Profit=0.02%
2026-07-21 12:50:41 INFO     strategy        PnL: 12:50:41 MTM=143.00 Profit=0.02%
2026-07-21 12:50:42 INFO     strategy        PnL: 12:50:42 MTM=143.00 Profit=0.02%
2026-07-21 12:50:43 INFO     strategy        PnL: 12:50:43 MTM=149.50 Profit=0.02%
2026-07-21 12:50:44 INFO     strategy        PnL: 12:50:44 MTM=139.75 Profit=0.02%
2026-07-21 12:50:45 INFO     strategy        PnL: 12:50:45 MTM=156.00 Profit=0.02%
2026-07-21 12:50:46 INFO     strategy        PnL: 12:50:46 MTM=139.75 Profit=0.02%
2026-07-21 12:50:47 INFO     strategy        PnL: 12:50:47 MTM=149.50 Profit=0.02%
2026-07-21 12:50:48 INFO     strategy        PnL: 12:50:48 MTM=143.00 Profit=0.02%
2026-07-21 12:50:49 INFO     strategy        PnL: 12:50:49 MTM=133.25 Profit=0.02%
2026-07-21 12:50:50 INFO     strategy        PnL: 12:50:50 MTM=149.50 Profit=0.02%
2026-07-21 12:50:51 INFO     strategy        PnL: 12:50:51 MTM=149.50 Profit=0.02%
2026-07-21 12:50:52 INFO     strategy        PnL: 12:50:52 MTM=130.00 Profit=0.02%
2026-07-21 12:50:53 INFO     strategy        PnL: 12:50:53 MTM=146.25 Profit=0.02%
2026-07-21 12:50:54 INFO     strategy        PnL: 12:50:54 MTM=143.00 Profit=0.02%
2026-07-21 12:50:55 INFO     strategy        PnL: 12:50:55 MTM=133.25 Profit=0.02%
2026-07-21 12:50:56 INFO     strategy        PnL: 12:50:56 MTM=156.00 Profit=0.02%
2026-07-21 12:50:57 INFO     strategy        PnL: 12:50:57 MTM=143.00 Profit=0.02%
2026-07-21 12:50:58 INFO     strategy        PnL: 12:50:58 MTM=136.50 Profit=0.02%
2026-07-21 12:50:59 INFO     strategy        PnL: 12:50:59 MTM=130.00 Profit=0.02%
2026-07-21 12:51:00 INFO     strategy        PnL: 12:51:00 MTM=126.75 Profit=0.02%
2026-07-21 12:51:01 INFO     strategy        PnL: 12:51:01 MTM=136.50 Profit=0.02%
2026-07-21 12:51:02 INFO     strategy        PnL: 12:51:02 MTM=149.50 Profit=0.02%
2026-07-21 12:51:03 INFO     strategy        PnL: 12:51:03 MTM=149.50 Profit=0.02%
2026-07-21 12:51:04 INFO     strategy        PnL: 12:51:04 MTM=133.25 Profit=0.02%
2026-07-21 12:51:05 INFO     strategy        PnL: 12:51:05 MTM=159.25 Profit=0.02%
2026-07-21 12:51:06 INFO     strategy        PnL: 12:51:06 MTM=156.00 Profit=0.02%
2026-07-21 12:51:07 INFO     strategy        PnL: 12:51:07 MTM=136.50 Profit=0.02%
2026-07-21 12:51:08 INFO     strategy        PnL: 12:51:08 MTM=126.75 Profit=0.02%
2026-07-21 12:51:09 INFO     strategy        PnL: 12:51:09 MTM=120.25 Profit=0.02%
2026-07-21 12:51:10 INFO     strategy        PnL: 12:51:10 MTM=110.50 Profit=0.02%
2026-07-21 12:51:11 INFO     strategy        PnL: 12:51:11 MTM=136.50 Profit=0.02%
2026-07-21 12:51:12 INFO     strategy        PnL: 12:51:12 MTM=143.00 Profit=0.02%
2026-07-21 12:51:13 INFO     strategy        PnL: 12:51:13 MTM=126.75 Profit=0.02%
2026-07-21 12:51:14 INFO     strategy        PnL: 12:51:14 MTM=139.75 Profit=0.02%
2026-07-21 12:51:15 INFO     strategy        PnL: 12:51:15 MTM=146.25 Profit=0.02%
2026-07-21 12:51:16 INFO     strategy        PnL: 12:51:16 MTM=149.50 Profit=0.02%
2026-07-21 12:51:17 INFO     strategy        PnL: 12:51:17 MTM=130.00 Profit=0.02%
2026-07-21 12:51:18 INFO     strategy        PnL: 12:51:18 MTM=159.25 Profit=0.02%
2026-07-21 12:51:19 INFO     strategy        PnL: 12:51:19 MTM=149.50 Profit=0.02%
2026-07-21 12:51:20 INFO     strategy        PnL: 12:51:20 MTM=149.50 Profit=0.02%
2026-07-21 12:51:21 INFO     strategy        PnL: 12:51:21 MTM=156.00 Profit=0.02%
2026-07-21 12:51:22 INFO     strategy        PnL: 12:51:22 MTM=130.00 Profit=0.02%
2026-07-21 12:51:23 INFO     strategy        PnL: 12:51:23 MTM=152.75 Profit=0.02%
2026-07-21 12:51:24 INFO     strategy        PnL: 12:51:24 MTM=133.25 Profit=0.02%
2026-07-21 12:51:25 INFO     strategy        PnL: 12:51:25 MTM=136.50 Profit=0.02%
2026-07-21 12:51:26 INFO     strategy        PnL: 12:51:26 MTM=139.75 Profit=0.02%
2026-07-21 12:51:27 INFO     strategy        PnL: 12:51:27 MTM=136.50 Profit=0.02%
2026-07-21 12:51:28 INFO     strategy        PnL: 12:51:28 MTM=136.50 Profit=0.02%
2026-07-21 12:51:29 INFO     strategy        PnL: 12:51:29 MTM=130.00 Profit=0.02%
2026-07-21 12:51:30 INFO     strategy        PnL: 12:51:30 MTM=120.25 Profit=0.02%
2026-07-21 12:51:31 INFO     strategy        PnL: 12:51:31 MTM=133.25 Profit=0.02%
2026-07-21 12:51:32 INFO     strategy        PnL: 12:51:32 MTM=139.75 Profit=0.02%
2026-07-21 12:51:33 INFO     strategy        PnL: 12:51:33 MTM=123.50 Profit=0.02%
2026-07-21 12:51:34 INFO     strategy        PnL: 12:51:34 MTM=139.75 Profit=0.02%
2026-07-21 12:51:35 INFO     strategy        PnL: 12:51:35 MTM=126.75 Profit=0.02%
2026-07-21 12:51:36 INFO     strategy        PnL: 12:51:36 MTM=113.75 Profit=0.02%
2026-07-21 12:51:37 INFO     strategy        PnL: 12:51:37 MTM=139.75 Profit=0.02%
2026-07-21 12:51:38 INFO     strategy        PnL: 12:51:38 MTM=120.25 Profit=0.02%
2026-07-21 12:51:39 INFO     strategy        PnL: 12:51:39 MTM=117.00 Profit=0.02%
2026-07-21 12:51:40 INFO     strategy        PnL: 12:51:40 MTM=133.25 Profit=0.02%
2026-07-21 12:51:41 INFO     strategy        PnL: 12:51:41 MTM=143.00 Profit=0.02%
2026-07-21 12:51:42 INFO     strategy        PnL: 12:51:42 MTM=104.00 Profit=0.02%
2026-07-21 12:51:43 INFO     strategy        PnL: 12:51:43 MTM=110.50 Profit=0.02%
2026-07-21 12:51:44 INFO     strategy        PnL: 12:51:44 MTM=94.25 Profit=0.01%
2026-07-21 12:51:45 INFO     strategy        PnL: 12:51:45 MTM=91.00 Profit=0.01%
2026-07-21 12:51:46 INFO     strategy        PnL: 12:51:46 MTM=104.00 Profit=0.02%
2026-07-21 12:51:47 INFO     strategy        PnL: 12:51:47 MTM=71.50 Profit=0.01%
2026-07-21 12:51:48 INFO     strategy        PnL: 12:51:48 MTM=113.75 Profit=0.02%
2026-07-21 12:51:49 INFO     strategy        PnL: 12:51:49 MTM=100.75 Profit=0.02%
2026-07-21 12:51:50 INFO     strategy        PnL: 12:51:50 MTM=120.25 Profit=0.02%
2026-07-21 12:51:51 INFO     strategy        PnL: 12:51:51 MTM=87.75 Profit=0.01%
2026-07-21 12:51:52 INFO     strategy        PnL: 12:51:52 MTM=107.25 Profit=0.02%
2026-07-21 12:51:53 INFO     strategy        PnL: 12:51:53 MTM=133.25 Profit=0.02%
2026-07-21 12:51:54 INFO     strategy        PnL: 12:51:54 MTM=123.50 Profit=0.02%
2026-07-21 12:51:55 INFO     strategy        PnL: 12:51:55 MTM=110.50 Profit=0.02%
2026-07-21 12:51:56 INFO     strategy        PnL: 12:51:56 MTM=94.25 Profit=0.01%
2026-07-21 12:51:57 INFO     strategy        PnL: 12:51:57 MTM=94.25 Profit=0.01%
2026-07-21 12:51:58 INFO     strategy        PnL: 12:51:58 MTM=100.75 Profit=0.02%
2026-07-21 12:51:59 INFO     strategy        PnL: 12:51:59 MTM=74.75 Profit=0.01%
2026-07-21 12:52:00 INFO     strategy        PnL: 12:52:00 MTM=100.75 Profit=0.02%
2026-07-21 12:52:01 INFO     strategy        PnL: 12:52:01 MTM=104.00 Profit=0.02%
2026-07-21 12:52:02 INFO     strategy        PnL: 12:52:02 MTM=97.50 Profit=0.01%
2026-07-21 12:52:03 INFO     strategy        PnL: 12:52:03 MTM=87.75 Profit=0.01%
2026-07-21 12:52:04 INFO     strategy        PnL: 12:52:04 MTM=84.50 Profit=0.01%
2026-07-21 12:52:05 INFO     strategy        PnL: 12:52:05 MTM=120.25 Profit=0.02%
2026-07-21 12:52:06 INFO     strategy        PnL: 12:52:06 MTM=130.00 Profit=0.02%
2026-07-21 12:52:07 INFO     strategy        PnL: 12:52:07 MTM=130.00 Profit=0.02%
2026-07-21 12:52:09 INFO     strategy        PnL: 12:52:09 MTM=104.00 Profit=0.02%
2026-07-21 12:52:10 INFO     strategy        PnL: 12:52:10 MTM=84.50 Profit=0.01%
2026-07-21 12:52:11 INFO     strategy        PnL: 12:52:11 MTM=94.25 Profit=0.01%
2026-07-21 12:52:12 INFO     strategy        PnL: 12:52:12 MTM=104.00 Profit=0.02%
2026-07-21 12:52:13 INFO     strategy        PnL: 12:52:13 MTM=130.00 Profit=0.02%
2026-07-21 12:52:14 INFO     strategy        PnL: 12:52:14 MTM=126.75 Profit=0.02%
2026-07-21 12:52:15 INFO     strategy        PnL: 12:52:15 MTM=107.25 Profit=0.02%
2026-07-21 12:52:16 INFO     strategy        PnL: 12:52:16 MTM=113.75 Profit=0.02%
2026-07-21 12:52:17 INFO     strategy        PnL: 12:52:17 MTM=120.25 Profit=0.02%
2026-07-21 12:52:18 INFO     strategy        PnL: 12:52:18 MTM=120.25 Profit=0.02%
2026-07-21 12:52:19 INFO     strategy        PnL: 12:52:19 MTM=130.00 Profit=0.02%
2026-07-21 12:52:20 INFO     strategy        PnL: 12:52:20 MTM=139.75 Profit=0.02%
2026-07-21 12:52:21 INFO     strategy        PnL: 12:52:21 MTM=143.00 Profit=0.02%
2026-07-21 12:52:22 INFO     strategy        PnL: 12:52:22 MTM=139.75 Profit=0.02%
2026-07-21 12:52:23 INFO     strategy        PnL: 12:52:23 MTM=152.75 Profit=0.02%
2026-07-21 12:52:24 INFO     strategy        PnL: 12:52:24 MTM=152.75 Profit=0.02%
2026-07-21 12:52:25 INFO     strategy        PnL: 12:52:25 MTM=139.75 Profit=0.02%
2026-07-21 12:52:26 INFO     strategy        PnL: 12:52:26 MTM=156.00 Profit=0.02%
2026-07-21 12:52:27 INFO     strategy        PnL: 12:52:27 MTM=120.25 Profit=0.02%
2026-07-21 12:52:28 INFO     strategy        PnL: 12:52:28 MTM=152.75 Profit=0.02%
2026-07-21 12:52:29 INFO     strategy        PnL: 12:52:29 MTM=152.75 Profit=0.02%
2026-07-21 12:52:30 INFO     strategy        PnL: 12:52:30 MTM=126.75 Profit=0.02%
2026-07-21 12:52:31 INFO     strategy        PnL: 12:52:31 MTM=126.75 Profit=0.02%
2026-07-21 12:52:32 INFO     strategy        PnL: 12:52:32 MTM=165.75 Profit=0.02%
2026-07-21 12:52:33 INFO     strategy        PnL: 12:52:33 MTM=152.75 Profit=0.02%
2026-07-21 12:52:34 INFO     strategy        PnL: 12:52:34 MTM=162.50 Profit=0.02%
2026-07-21 12:52:35 INFO     strategy        PnL: 12:52:35 MTM=149.50 Profit=0.02%
2026-07-21 12:52:36 INFO     strategy        PnL: 12:52:36 MTM=165.75 Profit=0.02%
2026-07-21 12:52:37 INFO     strategy        PnL: 12:52:37 MTM=175.50 Profit=0.03%
2026-07-21 12:52:38 INFO     strategy        PnL: 12:52:38 MTM=169.00 Profit=0.03%
2026-07-21 12:52:39 INFO     strategy        PnL: 12:52:39 MTM=139.75 Profit=0.02%
2026-07-21 12:52:40 INFO     strategy        PnL: 12:52:40 MTM=149.50 Profit=0.02%
2026-07-21 12:52:41 INFO     strategy        PnL: 12:52:41 MTM=159.25 Profit=0.02%
2026-07-21 12:52:42 INFO     strategy        PnL: 12:52:42 MTM=152.75 Profit=0.02%
2026-07-21 12:52:43 INFO     strategy        PnL: 12:52:43 MTM=133.25 Profit=0.02%
2026-07-21 12:52:44 INFO     strategy        PnL: 12:52:44 MTM=172.25 Profit=0.03%
2026-07-21 12:52:45 INFO     strategy        PnL: 12:52:45 MTM=159.25 Profit=0.02%
2026-07-21 12:52:46 INFO     strategy        PnL: 12:52:46 MTM=156.00 Profit=0.02%
2026-07-21 12:52:47 INFO     strategy        PnL: 12:52:47 MTM=191.75 Profit=0.03%
2026-07-21 12:52:48 INFO     strategy        PnL: 12:52:48 MTM=165.75 Profit=0.02%
2026-07-21 12:52:49 INFO     strategy        PnL: 12:52:49 MTM=188.50 Profit=0.03%
2026-07-21 12:52:50 INFO     strategy        PnL: 12:52:50 MTM=165.75 Profit=0.02%
2026-07-21 12:52:51 INFO     strategy        PnL: 12:52:51 MTM=178.75 Profit=0.03%
2026-07-21 12:52:52 INFO     strategy        PnL: 12:52:52 MTM=178.75 Profit=0.03%
2026-07-21 12:52:53 INFO     strategy        PnL: 12:52:53 MTM=195.00 Profit=0.03%
2026-07-21 12:52:54 INFO     strategy        PnL: 12:52:54 MTM=169.00 Profit=0.03%
2026-07-21 12:52:55 INFO     strategy        PnL: 12:52:55 MTM=172.25 Profit=0.03%
2026-07-21 12:52:56 INFO     strategy        PnL: 12:52:56 MTM=175.50 Profit=0.03%
2026-07-21 12:52:57 INFO     strategy        PnL: 12:52:57 MTM=165.75 Profit=0.02%
2026-07-21 12:52:58 INFO     strategy        PnL: 12:52:58 MTM=133.25 Profit=0.02%
2026-07-21 12:52:59 INFO     strategy        PnL: 12:52:59 MTM=169.00 Profit=0.03%
2026-07-21 12:53:00 INFO     strategy        PnL: 12:53:00 MTM=149.50 Profit=0.02%
2026-07-21 12:53:01 INFO     strategy        PnL: 12:53:01 MTM=162.50 Profit=0.02%
2026-07-21 12:53:02 INFO     strategy        PnL: 12:53:02 MTM=169.00 Profit=0.03%
2026-07-21 12:53:03 INFO     strategy        PnL: 12:53:03 MTM=172.25 Profit=0.03%
2026-07-21 12:53:04 INFO     strategy        PnL: 12:53:04 MTM=152.75 Profit=0.02%
2026-07-21 12:53:05 INFO     strategy        PnL: 12:53:05 MTM=165.75 Profit=0.02%
2026-07-21 12:53:06 INFO     strategy        PnL: 12:53:06 MTM=156.00 Profit=0.02%
2026-07-21 12:53:07 INFO     strategy        PnL: 12:53:07 MTM=159.25 Profit=0.02%
2026-07-21 12:53:08 INFO     strategy        PnL: 12:53:08 MTM=159.25 Profit=0.02%
2026-07-21 12:53:09 INFO     strategy        PnL: 12:53:09 MTM=152.75 Profit=0.02%
2026-07-21 12:53:10 INFO     strategy        PnL: 12:53:10 MTM=162.50 Profit=0.02%
2026-07-21 12:53:11 INFO     strategy        PnL: 12:53:11 MTM=149.50 Profit=0.02%
2026-07-21 12:53:12 INFO     strategy        PnL: 12:53:12 MTM=152.75 Profit=0.02%
2026-07-21 12:53:13 INFO     strategy        PnL: 12:53:13 MTM=146.25 Profit=0.02%
2026-07-21 12:53:14 INFO     strategy        PnL: 12:53:14 MTM=149.50 Profit=0.02%
2026-07-21 12:53:15 INFO     strategy        PnL: 12:53:15 MTM=146.25 Profit=0.02%
2026-07-21 12:53:16 INFO     strategy        PnL: 12:53:16 MTM=110.50 Profit=0.02%
2026-07-21 12:53:17 INFO     strategy        PnL: 12:53:17 MTM=136.50 Profit=0.02%
2026-07-21 12:53:18 INFO     strategy        PnL: 12:53:18 MTM=133.25 Profit=0.02%
2026-07-21 12:53:19 INFO     strategy        PnL: 12:53:19 MTM=159.25 Profit=0.02%
2026-07-21 12:53:20 INFO     strategy        PnL: 12:53:20 MTM=159.25 Profit=0.02%
2026-07-21 12:53:21 INFO     strategy        PnL: 12:53:21 MTM=136.50 Profit=0.02%
2026-07-21 12:53:22 INFO     strategy        PnL: 12:53:22 MTM=169.00 Profit=0.03%
2026-07-21 12:53:23 INFO     strategy        PnL: 12:53:23 MTM=152.75 Profit=0.02%
2026-07-21 12:53:24 INFO     strategy        PnL: 12:53:24 MTM=159.25 Profit=0.02%
2026-07-21 12:53:25 INFO     strategy        PnL: 12:53:25 MTM=146.25 Profit=0.02%
2026-07-21 12:53:26 INFO     strategy        PnL: 12:53:26 MTM=162.50 Profit=0.02%
2026-07-21 12:53:27 INFO     strategy        PnL: 12:53:27 MTM=143.00 Profit=0.02%
2026-07-21 12:53:28 INFO     strategy        PnL: 12:53:28 MTM=139.75 Profit=0.02%
2026-07-21 12:53:29 INFO     strategy        PnL: 12:53:29 MTM=169.00 Profit=0.03%
2026-07-21 12:53:30 INFO     strategy        PnL: 12:53:30 MTM=165.75 Profit=0.02%
2026-07-21 12:53:31 INFO     strategy        PnL: 12:53:31 MTM=156.00 Profit=0.02%
2026-07-21 12:53:32 INFO     strategy        PnL: 12:53:32 MTM=159.25 Profit=0.02%
2026-07-21 12:53:33 INFO     strategy        PnL: 12:53:33 MTM=159.25 Profit=0.02%
2026-07-21 12:53:34 INFO     strategy        PnL: 12:53:34 MTM=162.50 Profit=0.02%
2026-07-21 12:53:35 INFO     strategy        PnL: 12:53:35 MTM=169.00 Profit=0.03%
2026-07-21 12:53:36 INFO     strategy        PnL: 12:53:36 MTM=195.00 Profit=0.03%
2026-07-21 12:53:37 INFO     strategy        PnL: 12:53:37 MTM=182.00 Profit=0.03%
2026-07-21 12:53:38 INFO     strategy        PnL: 12:53:38 MTM=172.25 Profit=0.03%
2026-07-21 12:53:39 INFO     strategy        PnL: 12:53:39 MTM=172.25 Profit=0.03%
2026-07-21 12:53:40 INFO     strategy        PnL: 12:53:40 MTM=185.25 Profit=0.03%
2026-07-21 12:53:41 INFO     strategy        PnL: 12:53:41 MTM=188.50 Profit=0.03%
2026-07-21 12:53:42 INFO     strategy        PnL: 12:53:42 MTM=178.75 Profit=0.03%
2026-07-21 12:53:43 INFO     strategy        PnL: 12:53:43 MTM=172.25 Profit=0.03%
2026-07-21 12:53:44 INFO     strategy        PnL: 12:53:44 MTM=175.50 Profit=0.03%
2026-07-21 12:53:45 INFO     strategy        PnL: 12:53:45 MTM=188.50 Profit=0.03%
2026-07-21 12:53:46 INFO     strategy        PnL: 12:53:46 MTM=182.00 Profit=0.03%
2026-07-21 12:53:47 INFO     strategy        PnL: 12:53:47 MTM=172.25 Profit=0.03%
2026-07-21 12:53:48 INFO     strategy        PnL: 12:53:48 MTM=165.75 Profit=0.02%
2026-07-21 12:53:49 INFO     strategy        PnL: 12:53:49 MTM=175.50 Profit=0.03%
2026-07-21 12:53:50 INFO     strategy        PnL: 12:53:50 MTM=162.50 Profit=0.02%
2026-07-21 12:53:51 INFO     strategy        PnL: 12:53:51 MTM=169.00 Profit=0.03%
2026-07-21 12:53:53 INFO     strategy        PnL: 12:53:53 MTM=188.50 Profit=0.03%
2026-07-21 12:53:54 INFO     strategy        PnL: 12:53:54 MTM=172.25 Profit=0.03%
2026-07-21 12:53:55 INFO     strategy        PnL: 12:53:55 MTM=169.00 Profit=0.03%
2026-07-21 12:53:56 INFO     strategy        PnL: 12:53:56 MTM=182.00 Profit=0.03%
2026-07-21 12:53:57 INFO     strategy        PnL: 12:53:57 MTM=182.00 Profit=0.03%
2026-07-21 12:53:58 INFO     strategy        PnL: 12:53:58 MTM=172.25 Profit=0.03%
2026-07-21 12:53:59 INFO     strategy        PnL: 12:53:59 MTM=172.25 Profit=0.03%
2026-07-21 12:54:00 INFO     strategy        PnL: 12:54:00 MTM=165.75 Profit=0.02%
2026-07-21 12:54:01 INFO     strategy        PnL: 12:54:01 MTM=185.25 Profit=0.03%
2026-07-21 12:54:02 INFO     strategy        PnL: 12:54:02 MTM=172.25 Profit=0.03%
2026-07-21 12:54:03 INFO     strategy        PnL: 12:54:03 MTM=188.50 Profit=0.03%
2026-07-21 12:54:04 INFO     strategy        PnL: 12:54:04 MTM=175.50 Profit=0.03%
2026-07-21 12:54:05 INFO     strategy        PnL: 12:54:05 MTM=172.25 Profit=0.03%
2026-07-21 12:54:06 INFO     strategy        PnL: 12:54:06 MTM=182.00 Profit=0.03%
2026-07-21 12:54:07 INFO     strategy        PnL: 12:54:07 MTM=195.00 Profit=0.03%
2026-07-21 12:54:08 INFO     strategy        PnL: 12:54:08 MTM=182.00 Profit=0.03%
2026-07-21 12:54:09 INFO     strategy        PnL: 12:54:09 MTM=191.75 Profit=0.03%
2026-07-21 12:54:10 INFO     strategy        PnL: 12:54:10 MTM=182.00 Profit=0.03%
2026-07-21 12:54:11 INFO     strategy        PnL: 12:54:11 MTM=191.75 Profit=0.03%
2026-07-21 12:54:12 INFO     strategy        PnL: 12:54:12 MTM=188.50 Profit=0.03%
2026-07-21 12:54:13 INFO     strategy        PnL: 12:54:13 MTM=185.25 Profit=0.03%
2026-07-21 12:54:14 INFO     strategy        PnL: 12:54:14 MTM=169.00 Profit=0.03%
2026-07-21 12:54:15 INFO     strategy        PnL: 12:54:15 MTM=198.25 Profit=0.03%
2026-07-21 12:54:16 INFO     strategy        PnL: 12:54:16 MTM=198.25 Profit=0.03%
2026-07-21 12:54:17 INFO     strategy        PnL: 12:54:17 MTM=198.25 Profit=0.03%
2026-07-21 12:54:18 INFO     strategy        PnL: 12:54:18 MTM=191.75 Profit=0.03%
2026-07-21 12:54:19 INFO     strategy        PnL: 12:54:19 MTM=214.50 Profit=0.03%
2026-07-21 12:54:20 INFO     strategy        PnL: 12:54:20 MTM=191.75 Profit=0.03%
2026-07-21 12:54:21 INFO     strategy        PnL: 12:54:21 MTM=195.00 Profit=0.03%
2026-07-21 12:54:22 INFO     strategy        PnL: 12:54:22 MTM=201.50 Profit=0.03%
2026-07-21 12:54:23 INFO     strategy        PnL: 12:54:23 MTM=198.25 Profit=0.03%
2026-07-21 12:54:24 INFO     strategy        PnL: 12:54:24 MTM=195.00 Profit=0.03%
2026-07-21 12:54:25 INFO     strategy        PnL: 12:54:25 MTM=172.25 Profit=0.03%
2026-07-21 12:54:26 INFO     strategy        PnL: 12:54:26 MTM=195.00 Profit=0.03%
2026-07-21 12:54:27 INFO     strategy        PnL: 12:54:27 MTM=191.75 Profit=0.03%
2026-07-21 12:54:28 INFO     strategy        PnL: 12:54:28 MTM=191.75 Profit=0.03%
2026-07-21 12:54:29 INFO     strategy        PnL: 12:54:29 MTM=195.00 Profit=0.03%
2026-07-21 12:54:30 INFO     strategy        PnL: 12:54:30 MTM=185.25 Profit=0.03%
2026-07-21 12:54:31 INFO     strategy        PnL: 12:54:31 MTM=185.25 Profit=0.03%
2026-07-21 12:54:32 INFO     strategy        PnL: 12:54:32 MTM=191.75 Profit=0.03%
2026-07-21 12:54:33 INFO     strategy        PnL: 12:54:33 MTM=178.75 Profit=0.03%
2026-07-21 12:54:34 INFO     strategy        PnL: 12:54:34 MTM=191.75 Profit=0.03%
2026-07-21 12:54:35 INFO     strategy        PnL: 12:54:35 MTM=195.00 Profit=0.03%
2026-07-21 12:54:36 INFO     strategy        PnL: 12:54:36 MTM=178.75 Profit=0.03%
2026-07-21 12:54:37 INFO     strategy        PnL: 12:54:37 MTM=211.25 Profit=0.03%
2026-07-21 12:54:38 INFO     strategy        PnL: 12:54:38 MTM=191.75 Profit=0.03%
2026-07-21 12:54:39 INFO     strategy        PnL: 12:54:39 MTM=195.00 Profit=0.03%
2026-07-21 12:54:40 INFO     strategy        PnL: 12:54:40 MTM=185.25 Profit=0.03%
2026-07-21 12:54:41 INFO     strategy        PnL: 12:54:41 MTM=188.50 Profit=0.03%
2026-07-21 12:54:42 INFO     strategy        PnL: 12:54:42 MTM=191.75 Profit=0.03%
2026-07-21 12:54:43 INFO     strategy        PnL: 12:54:43 MTM=178.75 Profit=0.03%
2026-07-21 12:54:44 INFO     strategy        PnL: 12:54:44 MTM=195.00 Profit=0.03%
2026-07-21 12:54:45 INFO     strategy        PnL: 12:54:45 MTM=198.25 Profit=0.03%
2026-07-21 12:54:46 INFO     strategy        PnL: 12:54:46 MTM=182.00 Profit=0.03%
2026-07-21 12:54:47 INFO     strategy        PnL: 12:54:47 MTM=198.25 Profit=0.03%
2026-07-21 12:54:48 INFO     strategy        PnL: 12:54:48 MTM=188.50 Profit=0.03%
2026-07-21 12:54:49 INFO     strategy        PnL: 12:54:49 MTM=182.00 Profit=0.03%
2026-07-21 12:54:50 INFO     strategy        PnL: 12:54:50 MTM=195.00 Profit=0.03%
2026-07-21 12:54:51 INFO     strategy        PnL: 12:54:51 MTM=188.50 Profit=0.03%
2026-07-21 12:54:52 INFO     strategy        PnL: 12:54:52 MTM=182.00 Profit=0.03%
2026-07-21 12:54:53 INFO     strategy        PnL: 12:54:53 MTM=191.75 Profit=0.03%
2026-07-21 12:54:54 INFO     strategy        PnL: 12:54:54 MTM=195.00 Profit=0.03%
2026-07-21 12:54:55 INFO     strategy        PnL: 12:54:55 MTM=221.00 Profit=0.03%
2026-07-21 12:54:56 INFO     strategy        PnL: 12:54:56 MTM=198.25 Profit=0.03%
2026-07-21 12:54:57 INFO     strategy        PnL: 12:54:57 MTM=182.00 Profit=0.03%
2026-07-21 12:54:58 INFO     strategy        PnL: 12:54:58 MTM=178.75 Profit=0.03%
2026-07-21 12:54:59 INFO     strategy        PnL: 12:54:59 MTM=208.00 Profit=0.03%
2026-07-21 12:55:00 INFO     strategy        PnL: 12:55:00 MTM=201.50 Profit=0.03%
2026-07-21 12:55:01 INFO     strategy        PnL: 12:55:01 MTM=178.75 Profit=0.03%
2026-07-21 12:55:02 INFO     strategy        PnL: 12:55:02 MTM=208.00 Profit=0.03%
2026-07-21 12:55:03 INFO     strategy        PnL: 12:55:03 MTM=211.25 Profit=0.03%
2026-07-21 12:55:04 INFO     strategy        PnL: 12:55:04 MTM=211.25 Profit=0.03%
2026-07-21 12:55:05 INFO     strategy        PnL: 12:55:05 MTM=201.50 Profit=0.03%
2026-07-21 12:55:06 INFO     strategy        PnL: 12:55:06 MTM=178.75 Profit=0.03%
2026-07-21 12:55:07 INFO     strategy        PnL: 12:55:07 MTM=195.00 Profit=0.03%
2026-07-21 12:55:08 INFO     strategy        PnL: 12:55:08 MTM=188.50 Profit=0.03%
2026-07-21 12:55:09 INFO     strategy        PnL: 12:55:09 MTM=178.75 Profit=0.03%
2026-07-21 12:55:10 INFO     strategy        PnL: 12:55:10 MTM=185.25 Profit=0.03%
2026-07-21 12:55:11 INFO     strategy        PnL: 12:55:11 MTM=201.50 Profit=0.03%
2026-07-21 12:55:12 INFO     strategy        PnL: 12:55:12 MTM=182.00 Profit=0.03%
2026-07-21 12:55:13 INFO     strategy        PnL: 12:55:13 MTM=191.75 Profit=0.03%
2026-07-21 12:55:14 INFO     strategy        PnL: 12:55:14 MTM=211.25 Profit=0.03%
2026-07-21 12:55:15 INFO     strategy        PnL: 12:55:15 MTM=191.75 Profit=0.03%
2026-07-21 12:55:16 INFO     strategy        PnL: 12:55:16 MTM=201.50 Profit=0.03%
2026-07-21 12:55:17 INFO     strategy        PnL: 12:55:17 MTM=195.00 Profit=0.03%
2026-07-21 12:55:18 INFO     strategy        PnL: 12:55:18 MTM=214.50 Profit=0.03%
2026-07-21 12:55:19 INFO     strategy        PnL: 12:55:19 MTM=195.00 Profit=0.03%
2026-07-21 12:55:20 INFO     strategy        PnL: 12:55:20 MTM=208.00 Profit=0.03%
2026-07-21 12:55:21 INFO     strategy        PnL: 12:55:21 MTM=201.50 Profit=0.03%
2026-07-21 12:55:22 INFO     strategy        PnL: 12:55:22 MTM=191.75 Profit=0.03%
2026-07-21 12:55:23 INFO     strategy        PnL: 12:55:23 MTM=214.50 Profit=0.03%
2026-07-21 12:55:24 INFO     strategy        PnL: 12:55:24 MTM=208.00 Profit=0.03%
2026-07-21 12:55:25 INFO     strategy        PnL: 12:55:25 MTM=185.25 Profit=0.03%
2026-07-21 12:55:26 INFO     strategy        PnL: 12:55:26 MTM=195.00 Profit=0.03%
2026-07-21 12:55:27 INFO     strategy        PnL: 12:55:27 MTM=195.00 Profit=0.03%
2026-07-21 12:55:28 INFO     strategy        PnL: 12:55:28 MTM=191.75 Profit=0.03%
2026-07-21 12:55:30 INFO     strategy        PnL: 12:55:30 MTM=188.50 Profit=0.03%
2026-07-21 12:55:31 INFO     strategy        PnL: 12:55:31 MTM=208.00 Profit=0.03%
2026-07-21 12:55:32 INFO     strategy        PnL: 12:55:32 MTM=198.25 Profit=0.03%
2026-07-21 12:55:33 INFO     strategy        PnL: 12:55:33 MTM=198.25 Profit=0.03%
2026-07-21 12:55:34 INFO     strategy        PnL: 12:55:34 MTM=214.50 Profit=0.03%
2026-07-21 12:55:35 INFO     strategy        PnL: 12:55:35 MTM=178.75 Profit=0.03%
2026-07-21 12:55:36 INFO     strategy        PnL: 12:55:36 MTM=178.75 Profit=0.03%
2026-07-21 12:55:37 INFO     strategy        PnL: 12:55:37 MTM=172.25 Profit=0.03%
2026-07-21 12:55:38 INFO     strategy        PnL: 12:55:38 MTM=188.50 Profit=0.03%
2026-07-21 12:55:39 INFO     strategy        PnL: 12:55:39 MTM=175.50 Profit=0.03%
2026-07-21 12:55:40 INFO     strategy        PnL: 12:55:40 MTM=198.25 Profit=0.03%
2026-07-21 12:55:41 INFO     strategy        PnL: 12:55:41 MTM=185.25 Profit=0.03%
2026-07-21 12:55:42 INFO     strategy        PnL: 12:55:42 MTM=172.25 Profit=0.03%
2026-07-21 12:55:43 INFO     strategy        PnL: 12:55:43 MTM=191.75 Profit=0.03%
2026-07-21 12:55:44 INFO     strategy        PnL: 12:55:44 MTM=191.75 Profit=0.03%
2026-07-21 12:55:45 INFO     strategy        PnL: 12:55:45 MTM=182.00 Profit=0.03%
2026-07-21 12:55:46 INFO     strategy        PnL: 12:55:46 MTM=191.75 Profit=0.03%
2026-07-21 12:55:47 INFO     strategy        PnL: 12:55:47 MTM=182.00 Profit=0.03%
2026-07-21 12:55:48 INFO     strategy        PnL: 12:55:48 MTM=175.50 Profit=0.03%
2026-07-21 12:55:49 INFO     strategy        PnL: 12:55:49 MTM=169.00 Profit=0.03%
2026-07-21 12:55:50 INFO     strategy        PnL: 12:55:50 MTM=191.75 Profit=0.03%
2026-07-21 12:55:51 INFO     strategy        PnL: 12:55:51 MTM=185.25 Profit=0.03%
2026-07-21 12:55:52 INFO     strategy        PnL: 12:55:52 MTM=195.00 Profit=0.03%
2026-07-21 12:55:53 INFO     strategy        PnL: 12:55:53 MTM=182.00 Profit=0.03%
2026-07-21 12:55:54 INFO     strategy        PnL: 12:55:54 MTM=146.25 Profit=0.02%
2026-07-21 12:55:55 INFO     strategy        PnL: 12:55:55 MTM=178.75 Profit=0.03%
2026-07-21 12:55:56 INFO     strategy        PnL: 12:55:56 MTM=169.00 Profit=0.03%
2026-07-21 12:55:57 INFO     strategy        PnL: 12:55:57 MTM=201.50 Profit=0.03%
2026-07-21 12:55:58 INFO     strategy        PnL: 12:55:58 MTM=156.00 Profit=0.02%
2026-07-21 12:55:59 INFO     strategy        PnL: 12:55:59 MTM=178.75 Profit=0.03%
2026-07-21 12:56:00 INFO     strategy        PnL: 12:56:00 MTM=169.00 Profit=0.03%
2026-07-21 12:56:01 INFO     strategy        PnL: 12:56:01 MTM=178.75 Profit=0.03%
2026-07-21 12:56:02 INFO     strategy        PnL: 12:56:02 MTM=172.25 Profit=0.03%
2026-07-21 12:56:03 INFO     strategy        PnL: 12:56:03 MTM=169.00 Profit=0.03%
2026-07-21 12:56:04 INFO     strategy        PnL: 12:56:04 MTM=172.25 Profit=0.03%
2026-07-21 12:56:05 INFO     strategy        PnL: 12:56:05 MTM=175.50 Profit=0.03%
2026-07-21 12:56:06 INFO     strategy        PnL: 12:56:06 MTM=162.50 Profit=0.02%
2026-07-21 12:56:07 INFO     strategy        PnL: 12:56:07 MTM=146.25 Profit=0.02%
2026-07-21 12:56:08 INFO     strategy        PnL: 12:56:08 MTM=146.25 Profit=0.02%
2026-07-21 12:56:09 INFO     strategy        PnL: 12:56:09 MTM=165.75 Profit=0.02%
2026-07-21 12:56:10 INFO     strategy        PnL: 12:56:10 MTM=162.50 Profit=0.02%
2026-07-21 12:56:11 INFO     strategy        PnL: 12:56:11 MTM=175.50 Profit=0.03%
2026-07-21 12:56:12 INFO     strategy        PnL: 12:56:12 MTM=178.75 Profit=0.03%
2026-07-21 12:56:13 INFO     strategy        PnL: 12:56:13 MTM=152.75 Profit=0.02%
2026-07-21 12:56:14 INFO     strategy        PnL: 12:56:14 MTM=165.75 Profit=0.02%
2026-07-21 12:56:15 INFO     strategy        PnL: 12:56:15 MTM=143.00 Profit=0.02%
2026-07-21 12:56:16 INFO     strategy        PnL: 12:56:16 MTM=188.50 Profit=0.03%
2026-07-21 12:56:17 INFO     strategy        PnL: 12:56:17 MTM=188.50 Profit=0.03%
2026-07-21 12:56:18 INFO     strategy        PnL: 12:56:18 MTM=195.00 Profit=0.03%
2026-07-21 12:56:19 INFO     strategy        PnL: 12:56:19 MTM=175.50 Profit=0.03%
2026-07-21 12:56:20 INFO     strategy        PnL: 12:56:20 MTM=152.75 Profit=0.02%
2026-07-21 12:56:21 INFO     strategy        PnL: 12:56:21 MTM=198.25 Profit=0.03%
2026-07-21 12:56:22 INFO     strategy        PnL: 12:56:22 MTM=204.75 Profit=0.03%
2026-07-21 12:56:23 INFO     strategy        PnL: 12:56:23 MTM=208.00 Profit=0.03%
2026-07-21 12:56:24 INFO     strategy        PnL: 12:56:24 MTM=201.50 Profit=0.03%
2026-07-21 12:56:25 INFO     strategy        PnL: 12:56:25 MTM=201.50 Profit=0.03%
2026-07-21 12:56:26 INFO     strategy        PnL: 12:56:26 MTM=201.50 Profit=0.03%
2026-07-21 12:56:27 INFO     strategy        PnL: 12:56:27 MTM=224.25 Profit=0.03%
2026-07-21 12:56:28 INFO     strategy        PnL: 12:56:28 MTM=211.25 Profit=0.03%
2026-07-21 12:56:29 INFO     strategy        PnL: 12:56:29 MTM=208.00 Profit=0.03%
2026-07-21 12:56:30 INFO     strategy        PnL: 12:56:30 MTM=217.75 Profit=0.03%
2026-07-21 12:56:31 INFO     strategy        PnL: 12:56:31 MTM=204.75 Profit=0.03%
2026-07-21 12:56:32 INFO     strategy        PnL: 12:56:32 MTM=217.75 Profit=0.03%
2026-07-21 12:56:33 INFO     strategy        PnL: 12:56:33 MTM=247.00 Profit=0.04%
2026-07-21 12:56:34 INFO     strategy        PnL: 12:56:34 MTM=208.00 Profit=0.03%
2026-07-21 12:56:35 INFO     strategy        PnL: 12:56:35 MTM=224.25 Profit=0.03%
2026-07-21 12:56:36 INFO     strategy        PnL: 12:56:36 MTM=188.50 Profit=0.03%
2026-07-21 12:56:37 INFO     strategy        PnL: 12:56:37 MTM=208.00 Profit=0.03%
2026-07-21 12:56:38 INFO     strategy        PnL: 12:56:38 MTM=208.00 Profit=0.03%
2026-07-21 12:56:39 INFO     strategy        PnL: 12:56:39 MTM=208.00 Profit=0.03%
2026-07-21 12:56:40 INFO     strategy        PnL: 12:56:40 MTM=217.75 Profit=0.03%
2026-07-21 12:56:41 INFO     strategy        PnL: 12:56:41 MTM=221.00 Profit=0.03%
2026-07-21 12:56:42 INFO     strategy        PnL: 12:56:42 MTM=221.00 Profit=0.03%
2026-07-21 12:56:43 INFO     strategy        PnL: 12:56:43 MTM=208.00 Profit=0.03%
2026-07-21 12:56:44 INFO     strategy        PnL: 12:56:44 MTM=208.00 Profit=0.03%
2026-07-21 12:56:45 INFO     strategy        PnL: 12:56:45 MTM=221.00 Profit=0.03%
2026-07-21 12:56:46 INFO     strategy        PnL: 12:56:46 MTM=221.00 Profit=0.03%
2026-07-21 12:56:47 INFO     strategy        PnL: 12:56:47 MTM=221.00 Profit=0.03%
2026-07-21 12:56:48 INFO     strategy        PnL: 12:56:48 MTM=204.75 Profit=0.03%
2026-07-21 12:56:49 INFO     strategy        PnL: 12:56:49 MTM=227.50 Profit=0.03%
2026-07-21 12:56:50 INFO     strategy        PnL: 12:56:50 MTM=221.00 Profit=0.03%
2026-07-21 12:56:51 INFO     strategy        PnL: 12:56:51 MTM=221.00 Profit=0.03%
2026-07-21 12:56:52 INFO     strategy        PnL: 12:56:52 MTM=217.75 Profit=0.03%
2026-07-21 12:56:53 INFO     strategy        PnL: 12:56:53 MTM=195.00 Profit=0.03%
2026-07-21 12:56:54 INFO     strategy        PnL: 12:56:54 MTM=217.75 Profit=0.03%
2026-07-21 12:56:55 INFO     strategy        PnL: 12:56:55 MTM=208.00 Profit=0.03%
2026-07-21 12:56:56 INFO     strategy        PnL: 12:56:56 MTM=195.00 Profit=0.03%
2026-07-21 12:56:57 INFO     strategy        PnL: 12:56:57 MTM=214.50 Profit=0.03%
2026-07-21 12:56:58 INFO     strategy        PnL: 12:56:58 MTM=211.25 Profit=0.03%
2026-07-21 12:56:59 INFO     strategy        PnL: 12:56:59 MTM=204.75 Profit=0.03%
2026-07-21 12:57:00 INFO     strategy        PnL: 12:57:00 MTM=214.50 Profit=0.03%
2026-07-21 12:57:01 INFO     strategy        PnL: 12:57:01 MTM=211.25 Profit=0.03%
2026-07-21 12:57:02 INFO     strategy        PnL: 12:57:02 MTM=221.00 Profit=0.03%
2026-07-21 12:57:03 INFO     strategy        PnL: 12:57:03 MTM=185.25 Profit=0.03%
2026-07-21 12:57:04 INFO     strategy        PnL: 12:57:04 MTM=204.75 Profit=0.03%
2026-07-21 12:57:05 INFO     strategy        PnL: 12:57:05 MTM=214.50 Profit=0.03%
2026-07-21 12:57:06 INFO     strategy        PnL: 12:57:06 MTM=208.00 Profit=0.03%
2026-07-21 12:57:07 INFO     strategy        PnL: 12:57:07 MTM=204.75 Profit=0.03%
2026-07-21 12:57:08 INFO     strategy        PnL: 12:57:08 MTM=204.75 Profit=0.03%
2026-07-21 12:57:09 INFO     strategy        PnL: 12:57:09 MTM=214.50 Profit=0.03%
2026-07-21 12:57:10 INFO     strategy        PnL: 12:57:10 MTM=204.75 Profit=0.03%
2026-07-21 12:57:11 INFO     strategy        PnL: 12:57:11 MTM=198.25 Profit=0.03%
2026-07-21 12:57:13 INFO     strategy        PnL: 12:57:13 MTM=178.75 Profit=0.03%
2026-07-21 12:57:14 INFO     strategy        PnL: 12:57:14 MTM=198.25 Profit=0.03%
2026-07-21 12:57:15 INFO     strategy        PnL: 12:57:15 MTM=178.75 Profit=0.03%
2026-07-21 12:57:16 INFO     strategy        PnL: 12:57:16 MTM=175.50 Profit=0.03%
2026-07-21 12:57:17 INFO     strategy        PnL: 12:57:17 MTM=191.75 Profit=0.03%
2026-07-21 12:57:18 INFO     strategy        PnL: 12:57:18 MTM=169.00 Profit=0.03%
2026-07-21 12:57:19 INFO     strategy        PnL: 12:57:19 MTM=188.50 Profit=0.03%
2026-07-21 12:57:20 INFO     strategy        PnL: 12:57:20 MTM=195.00 Profit=0.03%
2026-07-21 12:57:21 INFO     strategy        PnL: 12:57:21 MTM=198.25 Profit=0.03%
2026-07-21 12:57:22 INFO     strategy        PnL: 12:57:22 MTM=169.00 Profit=0.03%
2026-07-21 12:57:23 INFO     strategy        PnL: 12:57:23 MTM=178.75 Profit=0.03%
2026-07-21 12:57:24 INFO     strategy        PnL: 12:57:24 MTM=198.25 Profit=0.03%
2026-07-21 12:57:25 INFO     strategy        PnL: 12:57:25 MTM=188.50 Profit=0.03%
2026-07-21 12:57:26 INFO     strategy        PnL: 12:57:26 MTM=185.25 Profit=0.03%
2026-07-21 12:57:27 INFO     strategy        PnL: 12:57:27 MTM=195.00 Profit=0.03%
2026-07-21 12:57:28 INFO     strategy        PnL: 12:57:28 MTM=182.00 Profit=0.03%
2026-07-21 12:57:29 INFO     strategy        PnL: 12:57:29 MTM=172.25 Profit=0.03%
2026-07-21 12:57:30 INFO     strategy        PnL: 12:57:30 MTM=182.00 Profit=0.03%
2026-07-21 12:57:31 INFO     strategy        PnL: 12:57:31 MTM=162.50 Profit=0.02%
2026-07-21 12:57:32 INFO     strategy        PnL: 12:57:32 MTM=169.00 Profit=0.03%
2026-07-21 12:57:33 INFO     strategy        PnL: 12:57:33 MTM=175.50 Profit=0.03%
2026-07-21 12:57:34 INFO     strategy        PnL: 12:57:34 MTM=162.50 Profit=0.02%
2026-07-21 12:57:35 INFO     strategy        PnL: 12:57:35 MTM=175.50 Profit=0.03%
2026-07-21 12:57:36 INFO     strategy        PnL: 12:57:36 MTM=175.50 Profit=0.03%
2026-07-21 12:57:37 INFO     strategy        PnL: 12:57:37 MTM=175.50 Profit=0.03%
2026-07-21 12:57:38 INFO     strategy        PnL: 12:57:38 MTM=198.25 Profit=0.03%
2026-07-21 12:57:39 INFO     strategy        PnL: 12:57:39 MTM=175.50 Profit=0.03%
2026-07-21 12:57:40 INFO     strategy        PnL: 12:57:40 MTM=188.50 Profit=0.03%
2026-07-21 12:57:41 INFO     strategy        PnL: 12:57:41 MTM=198.25 Profit=0.03%
2026-07-21 12:57:42 INFO     strategy        PnL: 12:57:42 MTM=185.25 Profit=0.03%
2026-07-21 12:57:43 INFO     strategy        PnL: 12:57:43 MTM=188.50 Profit=0.03%
2026-07-21 12:57:44 INFO     strategy        PnL: 12:57:44 MTM=165.75 Profit=0.02%
2026-07-21 12:57:45 INFO     strategy        PnL: 12:57:45 MTM=191.75 Profit=0.03%
2026-07-21 12:57:46 INFO     strategy        PnL: 12:57:46 MTM=191.75 Profit=0.03%
2026-07-21 12:57:47 INFO     strategy        PnL: 12:57:47 MTM=182.00 Profit=0.03%
2026-07-21 12:57:48 INFO     strategy        PnL: 12:57:48 MTM=182.00 Profit=0.03%
2026-07-21 12:57:49 INFO     strategy        PnL: 12:57:49 MTM=175.50 Profit=0.03%
2026-07-21 12:57:50 INFO     strategy        PnL: 12:57:50 MTM=169.00 Profit=0.03%
2026-07-21 12:57:51 INFO     strategy        PnL: 12:57:51 MTM=175.50 Profit=0.03%
2026-07-21 12:57:52 INFO     strategy        PnL: 12:57:52 MTM=172.25 Profit=0.03%
2026-07-21 12:57:53 INFO     strategy        PnL: 12:57:53 MTM=175.50 Profit=0.03%
2026-07-21 12:57:54 INFO     strategy        PnL: 12:57:54 MTM=178.75 Profit=0.03%
2026-07-21 12:57:55 INFO     strategy        PnL: 12:57:55 MTM=185.25 Profit=0.03%
2026-07-21 12:57:56 INFO     strategy        PnL: 12:57:56 MTM=172.25 Profit=0.03%
2026-07-21 12:57:57 INFO     strategy        PnL: 12:57:57 MTM=182.00 Profit=0.03%
2026-07-21 12:57:58 INFO     strategy        PnL: 12:57:58 MTM=188.50 Profit=0.03%
2026-07-21 12:57:59 INFO     strategy        PnL: 12:57:59 MTM=175.50 Profit=0.03%
2026-07-21 12:58:00 INFO     strategy        PnL: 12:58:00 MTM=178.75 Profit=0.03%
2026-07-21 12:58:01 INFO     strategy        PnL: 12:58:01 MTM=175.50 Profit=0.03%
2026-07-21 12:58:02 INFO     strategy        PnL: 12:58:02 MTM=182.00 Profit=0.03%
2026-07-21 12:58:03 INFO     strategy        PnL: 12:58:03 MTM=188.50 Profit=0.03%
2026-07-21 12:58:04 INFO     strategy        PnL: 12:58:04 MTM=191.75 Profit=0.03%
2026-07-21 12:58:05 INFO     strategy        PnL: 12:58:05 MTM=182.00 Profit=0.03%
2026-07-21 12:58:06 INFO     strategy        PnL: 12:58:06 MTM=198.25 Profit=0.03%
2026-07-21 12:58:07 INFO     strategy        PnL: 12:58:07 MTM=195.00 Profit=0.03%
2026-07-21 12:58:08 INFO     strategy        PnL: 12:58:08 MTM=204.75 Profit=0.03%
2026-07-21 12:58:09 INFO     strategy        PnL: 12:58:09 MTM=191.75 Profit=0.03%
2026-07-21 12:58:10 INFO     strategy        PnL: 12:58:10 MTM=204.75 Profit=0.03%
2026-07-21 12:58:11 INFO     strategy        PnL: 12:58:11 MTM=149.50 Profit=0.02%
2026-07-21 12:58:12 INFO     strategy        PnL: 12:58:12 MTM=188.50 Profit=0.03%
2026-07-21 12:58:13 INFO     strategy        PnL: 12:58:13 MTM=198.25 Profit=0.03%
2026-07-21 12:58:14 INFO     strategy        PnL: 12:58:14 MTM=201.50 Profit=0.03%
2026-07-21 12:58:15 INFO     strategy        PnL: 12:58:15 MTM=204.75 Profit=0.03%
2026-07-21 12:58:16 INFO     strategy        PnL: 12:58:16 MTM=204.75 Profit=0.03%
2026-07-21 12:58:17 INFO     strategy        PnL: 12:58:17 MTM=204.75 Profit=0.03%
2026-07-21 12:58:18 INFO     strategy        PnL: 12:58:18 MTM=211.25 Profit=0.03%
2026-07-21 12:58:19 INFO     strategy        PnL: 12:58:19 MTM=195.00 Profit=0.03%
2026-07-21 12:58:20 INFO     strategy        PnL: 12:58:20 MTM=201.50 Profit=0.03%
2026-07-21 12:58:21 INFO     strategy        PnL: 12:58:21 MTM=188.50 Profit=0.03%
2026-07-21 12:58:22 INFO     strategy        PnL: 12:58:22 MTM=172.25 Profit=0.03%
2026-07-21 12:58:23 INFO     strategy        PnL: 12:58:23 MTM=198.25 Profit=0.03%
2026-07-21 12:58:24 INFO     strategy        PnL: 12:58:24 MTM=185.25 Profit=0.03%
2026-07-21 12:58:25 INFO     strategy        PnL: 12:58:25 MTM=195.00 Profit=0.03%
2026-07-21 12:58:26 INFO     strategy        PnL: 12:58:26 MTM=182.00 Profit=0.03%
2026-07-21 12:58:27 INFO     strategy        PnL: 12:58:27 MTM=175.50 Profit=0.03%
2026-07-21 12:58:28 INFO     strategy        PnL: 12:58:28 MTM=169.00 Profit=0.03%
2026-07-21 12:58:29 INFO     strategy        PnL: 12:58:29 MTM=185.25 Profit=0.03%
2026-07-21 12:58:30 INFO     strategy        PnL: 12:58:30 MTM=191.75 Profit=0.03%
2026-07-21 12:58:31 INFO     strategy        PnL: 12:58:31 MTM=198.25 Profit=0.03%
2026-07-21 12:58:32 INFO     strategy        PnL: 12:58:32 MTM=201.50 Profit=0.03%
2026-07-21 12:58:33 INFO     strategy        PnL: 12:58:33 MTM=182.00 Profit=0.03%
2026-07-21 12:58:34 INFO     strategy        PnL: 12:58:34 MTM=204.75 Profit=0.03%
2026-07-21 12:58:35 INFO     strategy        PnL: 12:58:35 MTM=182.00 Profit=0.03%
2026-07-21 12:58:36 INFO     strategy        PnL: 12:58:36 MTM=188.50 Profit=0.03%
2026-07-21 12:58:37 INFO     strategy        PnL: 12:58:37 MTM=204.75 Profit=0.03%
2026-07-21 12:58:38 INFO     strategy        PnL: 12:58:38 MTM=169.00 Profit=0.03%
2026-07-21 12:58:39 INFO     strategy        PnL: 12:58:39 MTM=175.50 Profit=0.03%
2026-07-21 12:58:40 INFO     strategy        PnL: 12:58:40 MTM=182.00 Profit=0.03%
2026-07-21 12:58:41 INFO     strategy        PnL: 12:58:41 MTM=175.50 Profit=0.03%
2026-07-21 12:58:42 INFO     strategy        PnL: 12:58:42 MTM=169.00 Profit=0.03%
2026-07-21 12:58:43 INFO     strategy        PnL: 12:58:43 MTM=172.25 Profit=0.03%
2026-07-21 12:58:44 INFO     strategy        PnL: 12:58:44 MTM=159.25 Profit=0.02%
2026-07-21 12:58:45 INFO     strategy        PnL: 12:58:45 MTM=169.00 Profit=0.03%
2026-07-21 12:58:46 INFO     strategy        PnL: 12:58:46 MTM=169.00 Profit=0.03%
2026-07-21 12:58:47 INFO     strategy        PnL: 12:58:47 MTM=185.25 Profit=0.03%
2026-07-21 12:58:48 INFO     strategy        PnL: 12:58:48 MTM=185.25 Profit=0.03%
2026-07-21 12:58:49 INFO     strategy        PnL: 12:58:49 MTM=188.50 Profit=0.03%
2026-07-21 12:58:50 INFO     strategy        PnL: 12:58:50 MTM=149.50 Profit=0.02%
2026-07-21 12:58:51 INFO     strategy        PnL: 12:58:51 MTM=165.75 Profit=0.02%
2026-07-21 12:58:52 INFO     strategy        PnL: 12:58:52 MTM=165.75 Profit=0.02%
2026-07-21 12:58:53 INFO     strategy        PnL: 12:58:53 MTM=159.25 Profit=0.02%
2026-07-21 12:58:54 INFO     strategy        PnL: 12:58:54 MTM=165.75 Profit=0.02%
2026-07-21 12:58:55 INFO     strategy        PnL: 12:58:55 MTM=175.50 Profit=0.03%
2026-07-21 12:58:56 INFO     strategy        PnL: 12:58:56 MTM=178.75 Profit=0.03%
2026-07-21 12:58:57 INFO     strategy        PnL: 12:58:57 MTM=152.75 Profit=0.02%
2026-07-21 12:58:58 INFO     strategy        PnL: 12:58:58 MTM=172.25 Profit=0.03%
2026-07-21 12:58:59 INFO     strategy        PnL: 12:58:59 MTM=159.25 Profit=0.02%
2026-07-21 12:59:01 INFO     strategy        PnL: 12:59:01 MTM=159.25 Profit=0.02%
2026-07-21 12:59:02 INFO     strategy        PnL: 12:59:02 MTM=178.75 Profit=0.03%
2026-07-21 12:59:03 INFO     strategy        PnL: 12:59:03 MTM=152.75 Profit=0.02%
2026-07-21 12:59:04 INFO     strategy        PnL: 12:59:04 MTM=178.75 Profit=0.03%
2026-07-21 12:59:05 INFO     strategy        PnL: 12:59:05 MTM=165.75 Profit=0.02%
2026-07-21 12:59:06 INFO     strategy        PnL: 12:59:06 MTM=185.25 Profit=0.03%
2026-07-21 12:59:07 INFO     strategy        PnL: 12:59:07 MTM=178.75 Profit=0.03%
2026-07-21 12:59:08 INFO     strategy        PnL: 12:59:08 MTM=162.50 Profit=0.02%
2026-07-21 12:59:09 INFO     strategy        PnL: 12:59:09 MTM=162.50 Profit=0.02%
2026-07-21 12:59:10 INFO     strategy        PnL: 12:59:10 MTM=162.50 Profit=0.02%
2026-07-21 12:59:11 INFO     strategy        PnL: 12:59:11 MTM=162.50 Profit=0.02%
2026-07-21 12:59:12 INFO     strategy        PnL: 12:59:12 MTM=156.00 Profit=0.02%
2026-07-21 12:59:13 INFO     strategy        PnL: 12:59:13 MTM=136.50 Profit=0.02%
2026-07-21 12:59:14 INFO     strategy        PnL: 12:59:14 MTM=178.75 Profit=0.03%
2026-07-21 12:59:15 INFO     strategy        PnL: 12:59:15 MTM=169.00 Profit=0.03%
2026-07-21 12:59:16 INFO     strategy        PnL: 12:59:16 MTM=152.75 Profit=0.02%
2026-07-21 12:59:17 INFO     strategy        PnL: 12:59:17 MTM=185.25 Profit=0.03%
2026-07-21 12:59:18 INFO     strategy        PnL: 12:59:18 MTM=162.50 Profit=0.02%
2026-07-21 12:59:19 INFO     strategy        PnL: 12:59:19 MTM=175.50 Profit=0.03%
2026-07-21 12:59:20 INFO     strategy        PnL: 12:59:20 MTM=136.50 Profit=0.02%
2026-07-21 12:59:21 INFO     strategy        PnL: 12:59:21 MTM=208.00 Profit=0.03%
2026-07-21 12:59:22 INFO     strategy        PnL: 12:59:22 MTM=169.00 Profit=0.03%
2026-07-21 12:59:23 INFO     strategy        PnL: 12:59:23 MTM=143.00 Profit=0.02%
2026-07-21 12:59:24 INFO     strategy        PnL: 12:59:24 MTM=146.25 Profit=0.02%
2026-07-21 12:59:25 INFO     strategy        PnL: 12:59:25 MTM=152.75 Profit=0.02%
2026-07-21 12:59:26 INFO     strategy        PnL: 12:59:26 MTM=113.75 Profit=0.02%
2026-07-21 12:59:27 INFO     strategy        PnL: 12:59:27 MTM=162.50 Profit=0.02%
2026-07-21 12:59:28 INFO     strategy        PnL: 12:59:28 MTM=136.50 Profit=0.02%
2026-07-21 12:59:29 INFO     strategy        PnL: 12:59:29 MTM=146.25 Profit=0.02%
2026-07-21 12:59:30 INFO     strategy        PnL: 12:59:30 MTM=146.25 Profit=0.02%
2026-07-21 12:59:31 INFO     strategy        PnL: 12:59:31 MTM=165.75 Profit=0.02%
2026-07-21 12:59:32 INFO     strategy        PnL: 12:59:32 MTM=130.00 Profit=0.02%
2026-07-21 12:59:33 INFO     strategy        PnL: 12:59:33 MTM=165.75 Profit=0.02%
2026-07-21 12:59:34 INFO     strategy        PnL: 12:59:34 MTM=139.75 Profit=0.02%
2026-07-21 12:59:35 INFO     strategy        PnL: 12:59:35 MTM=143.00 Profit=0.02%
2026-07-21 12:59:36 INFO     strategy        PnL: 12:59:36 MTM=149.50 Profit=0.02%
2026-07-21 12:59:37 INFO     strategy        PnL: 12:59:37 MTM=152.75 Profit=0.02%
2026-07-21 12:59:38 INFO     strategy        PnL: 12:59:38 MTM=139.75 Profit=0.02%
2026-07-21 12:59:39 INFO     strategy        PnL: 12:59:39 MTM=172.25 Profit=0.03%
2026-07-21 12:59:40 INFO     strategy        PnL: 12:59:40 MTM=201.50 Profit=0.03%
2026-07-21 12:59:41 INFO     strategy        PnL: 12:59:41 MTM=169.00 Profit=0.03%
2026-07-21 12:59:42 INFO     strategy        PnL: 12:59:42 MTM=169.00 Profit=0.03%
2026-07-21 12:59:43 INFO     strategy        PnL: 12:59:43 MTM=169.00 Profit=0.03%
2026-07-21 12:59:44 INFO     strategy        PnL: 12:59:44 MTM=162.50 Profit=0.02%
2026-07-21 12:59:45 INFO     strategy        PnL: 12:59:45 MTM=169.00 Profit=0.03%
2026-07-21 12:59:46 INFO     strategy        PnL: 12:59:46 MTM=165.75 Profit=0.02%
2026-07-21 12:59:47 INFO     strategy        PnL: 12:59:47 MTM=159.25 Profit=0.02%
2026-07-21 12:59:48 INFO     strategy        PnL: 12:59:48 MTM=178.75 Profit=0.03%
2026-07-21 12:59:49 INFO     strategy        PnL: 12:59:49 MTM=169.00 Profit=0.03%
2026-07-21 12:59:50 INFO     strategy        PnL: 12:59:50 MTM=195.00 Profit=0.03%
2026-07-21 12:59:51 INFO     strategy        PnL: 12:59:51 MTM=178.75 Profit=0.03%
2026-07-21 12:59:52 INFO     strategy        PnL: 12:59:52 MTM=172.25 Profit=0.03%
2026-07-21 12:59:53 INFO     strategy        PnL: 12:59:53 MTM=162.50 Profit=0.02%
2026-07-21 12:59:54 INFO     strategy        PnL: 12:59:54 MTM=195.00 Profit=0.03%
2026-07-21 12:59:55 INFO     strategy        PnL: 12:59:55 MTM=165.75 Profit=0.02%
2026-07-21 12:59:56 INFO     strategy        PnL: 12:59:56 MTM=175.50 Profit=0.03%
2026-07-21 12:59:57 INFO     strategy        PnL: 12:59:57 MTM=165.75 Profit=0.02%
2026-07-21 12:59:58 INFO     strategy        PnL: 12:59:58 MTM=175.50 Profit=0.03%
2026-07-21 12:59:59 INFO     strategy        PnL: 12:59:59 MTM=175.50 Profit=0.03%
2026-07-21 13:00:00 INFO     strategy        PnL: 13:00:00 MTM=175.50 Profit=0.03%
2026-07-21 13:00:01 INFO     strategy        PnL: 13:00:01 MTM=172.25 Profit=0.03%
2026-07-21 13:00:02 INFO     strategy        PnL: 13:00:02 MTM=182.00 Profit=0.03%
2026-07-21 13:00:03 INFO     strategy        PnL: 13:00:03 MTM=162.50 Profit=0.02%
2026-07-21 13:00:04 INFO     strategy        PnL: 13:00:04 MTM=175.50 Profit=0.03%
2026-07-21 13:00:05 INFO     strategy        PnL: 13:00:05 MTM=169.00 Profit=0.03%
2026-07-21 13:00:06 INFO     strategy        PnL: 13:00:06 MTM=169.00 Profit=0.03%
2026-07-21 13:00:07 INFO     strategy        PnL: 13:00:07 MTM=182.00 Profit=0.03%
2026-07-21 13:00:08 INFO     strategy        PnL: 13:00:08 MTM=188.50 Profit=0.03%
2026-07-21 13:00:09 INFO     strategy        PnL: 13:00:09 MTM=185.25 Profit=0.03%
2026-07-21 13:00:10 INFO     strategy        PnL: 13:00:10 MTM=172.25 Profit=0.03%
2026-07-21 13:00:11 INFO     strategy        PnL: 13:00:11 MTM=172.25 Profit=0.03%
2026-07-21 13:00:12 INFO     strategy        PnL: 13:00:12 MTM=188.50 Profit=0.03%
2026-07-21 13:00:13 INFO     strategy        PnL: 13:00:13 MTM=178.75 Profit=0.03%
2026-07-21 13:00:14 INFO     strategy        PnL: 13:00:14 MTM=156.00 Profit=0.02%
2026-07-21 13:00:15 INFO     strategy        PnL: 13:00:15 MTM=162.50 Profit=0.02%
2026-07-21 13:00:16 INFO     strategy        PnL: 13:00:16 MTM=185.25 Profit=0.03%
2026-07-21 13:00:17 INFO     strategy        PnL: 13:00:17 MTM=143.00 Profit=0.02%
2026-07-21 13:00:18 INFO     strategy        PnL: 13:00:18 MTM=178.75 Profit=0.03%
2026-07-21 13:00:19 INFO     strategy        PnL: 13:00:19 MTM=175.50 Profit=0.03%
2026-07-21 13:00:20 INFO     strategy        PnL: 13:00:20 MTM=178.75 Profit=0.03%
2026-07-21 13:00:21 INFO     strategy        PnL: 13:00:21 MTM=191.75 Profit=0.03%
2026-07-21 13:00:22 INFO     strategy        PnL: 13:00:22 MTM=198.25 Profit=0.03%
2026-07-21 13:00:23 INFO     strategy        PnL: 13:00:23 MTM=195.00 Profit=0.03%
2026-07-21 13:00:24 INFO     strategy        PnL: 13:00:24 MTM=191.75 Profit=0.03%
2026-07-21 13:00:25 INFO     strategy        PnL: 13:00:25 MTM=182.00 Profit=0.03%
2026-07-21 13:00:26 INFO     strategy        PnL: 13:00:26 MTM=191.75 Profit=0.03%
2026-07-21 13:00:27 INFO     strategy        PnL: 13:00:27 MTM=188.50 Profit=0.03%
2026-07-21 13:00:28 INFO     strategy        PnL: 13:00:28 MTM=152.75 Profit=0.02%
2026-07-21 13:00:29 INFO     strategy        PnL: 13:00:29 MTM=195.00 Profit=0.03%
2026-07-21 13:00:30 INFO     strategy        PnL: 13:00:30 MTM=172.25 Profit=0.03%
2026-07-21 13:00:31 INFO     strategy        PnL: 13:00:31 MTM=169.00 Profit=0.03%
2026-07-21 13:00:32 INFO     strategy        PnL: 13:00:32 MTM=178.75 Profit=0.03%
2026-07-21 13:00:33 INFO     strategy        PnL: 13:00:33 MTM=201.50 Profit=0.03%
2026-07-21 13:00:34 INFO     strategy        PnL: 13:00:34 MTM=159.25 Profit=0.02%
2026-07-21 13:00:35 INFO     strategy        PnL: 13:00:35 MTM=159.25 Profit=0.02%
2026-07-21 13:00:36 INFO     strategy        PnL: 13:00:36 MTM=159.25 Profit=0.02%
2026-07-21 13:00:37 INFO     strategy        PnL: 13:00:37 MTM=152.75 Profit=0.02%
2026-07-21 13:00:39 INFO     strategy        PnL: 13:00:39 MTM=165.75 Profit=0.02%
2026-07-21 13:00:40 INFO     strategy        PnL: 13:00:40 MTM=169.00 Profit=0.03%
2026-07-21 13:00:41 INFO     strategy        PnL: 13:00:41 MTM=152.75 Profit=0.02%
2026-07-21 13:00:42 INFO     strategy        PnL: 13:00:42 MTM=182.00 Profit=0.03%
2026-07-21 13:00:43 INFO     strategy        PnL: 13:00:43 MTM=169.00 Profit=0.03%
2026-07-21 13:00:44 INFO     strategy        PnL: 13:00:44 MTM=162.50 Profit=0.02%
2026-07-21 13:00:45 INFO     strategy        PnL: 13:00:45 MTM=185.25 Profit=0.03%
2026-07-21 13:00:46 INFO     strategy        PnL: 13:00:46 MTM=165.75 Profit=0.02%
2026-07-21 13:00:47 INFO     strategy        PnL: 13:00:47 MTM=146.25 Profit=0.02%
2026-07-21 13:00:48 INFO     strategy        PnL: 13:00:48 MTM=107.25 Profit=0.02%
2026-07-21 13:00:49 INFO     strategy        PnL: 13:00:49 MTM=130.00 Profit=0.02%
2026-07-21 13:00:50 INFO     strategy        PnL: 13:00:50 MTM=110.50 Profit=0.02%
2026-07-21 13:00:51 INFO     strategy        PnL: 13:00:51 MTM=117.00 Profit=0.02%
2026-07-21 13:00:52 INFO     strategy        PnL: 13:00:52 MTM=123.50 Profit=0.02%
2026-07-21 13:00:53 INFO     strategy        PnL: 13:00:53 MTM=84.50 Profit=0.01%
2026-07-21 13:00:54 INFO     strategy        PnL: 13:00:54 MTM=65.00 Profit=0.01%
2026-07-21 13:00:55 INFO     strategy        PnL: 13:00:55 MTM=110.50 Profit=0.02%
2026-07-21 13:00:56 INFO     strategy        PnL: 13:00:56 MTM=156.00 Profit=0.02%
2026-07-21 13:00:57 INFO     strategy        PnL: 13:00:57 MTM=48.75 Profit=0.01%
2026-07-21 13:00:58 INFO     strategy        PnL: 13:00:58 MTM=-68.25 Loss=0.01%
2026-07-21 13:00:59 INFO     strategy        PnL: 13:00:59 MTM=42.25 Profit=0.01%
2026-07-21 13:01:00 INFO     strategy        PnL: 13:01:00 MTM=52.00 Profit=0.01%
2026-07-21 13:01:01 INFO     strategy        PnL: 13:01:01 MTM=68.25 Profit=0.01%
2026-07-21 13:01:02 INFO     strategy        PnL: 13:01:02 MTM=42.25 Profit=0.01%
2026-07-21 13:01:03 INFO     strategy        PnL: 13:01:03 MTM=71.50 Profit=0.01%
2026-07-21 13:01:04 INFO     strategy        PnL: 13:01:04 MTM=29.25 Profit=0.00%
2026-07-21 13:01:05 INFO     strategy        PnL: 13:01:05 MTM=71.50 Profit=0.01%
2026-07-21 13:01:06 INFO     strategy        PnL: 13:01:06 MTM=48.75 Profit=0.01%
2026-07-21 13:01:07 INFO     strategy        PnL: 13:01:07 MTM=78.00 Profit=0.01%
2026-07-21 13:01:08 INFO     strategy        PnL: 13:01:08 MTM=91.00 Profit=0.01%
2026-07-21 13:01:09 INFO     strategy        PnL: 13:01:09 MTM=110.50 Profit=0.02%
2026-07-21 13:01:10 INFO     strategy        PnL: 13:01:10 MTM=71.50 Profit=0.01%
2026-07-21 13:01:11 INFO     strategy        PnL: 13:01:11 MTM=42.25 Profit=0.01%
2026-07-21 13:01:12 INFO     strategy        PnL: 13:01:12 MTM=45.50 Profit=0.01%
2026-07-21 13:01:13 INFO     strategy        PnL: 13:01:13 MTM=55.25 Profit=0.01%
2026-07-21 13:01:14 INFO     strategy        PnL: 13:01:14 MTM=65.00 Profit=0.01%
2026-07-21 13:01:15 INFO     strategy        PnL: 13:01:15 MTM=9.75 Profit=0.00%
2026-07-21 13:01:16 INFO     strategy        PnL: 13:01:16 MTM=78.00 Profit=0.01%
2026-07-21 13:01:17 INFO     strategy        PnL: 13:01:17 MTM=29.25 Profit=0.00%
2026-07-21 13:01:18 INFO     strategy        PnL: 13:01:18 MTM=48.75 Profit=0.01%
2026-07-21 13:01:19 INFO     strategy        PnL: 13:01:19 MTM=-16.25 Loss=0.00%
2026-07-21 13:01:20 INFO     strategy        PnL: 13:01:20 MTM=45.50 Profit=0.01%
2026-07-21 13:01:21 INFO     strategy        PnL: 13:01:21 MTM=39.00 Profit=0.01%
2026-07-21 13:01:22 INFO     strategy        PnL: 13:01:22 MTM=0.00 Profit=0.00%
2026-07-21 13:01:23 INFO     strategy        PnL: 13:01:23 MTM=22.75 Profit=0.00%
2026-07-21 13:01:24 INFO     strategy        PnL: 13:01:24 MTM=26.00 Profit=0.00%
2026-07-21 13:01:25 INFO     strategy        PnL: 13:01:25 MTM=87.75 Profit=0.01%
2026-07-21 13:01:26 INFO     strategy        PnL: 13:01:26 MTM=123.50 Profit=0.02%
2026-07-21 13:01:27 INFO     strategy        PnL: 13:01:27 MTM=71.50 Profit=0.01%
2026-07-21 13:01:28 INFO     strategy        PnL: 13:01:28 MTM=48.75 Profit=0.01%
2026-07-21 13:01:29 INFO     strategy        PnL: 13:01:29 MTM=65.00 Profit=0.01%
2026-07-21 13:01:30 INFO     strategy        PnL: 13:01:30 MTM=65.00 Profit=0.01%
2026-07-21 13:01:31 INFO     strategy        PnL: 13:01:31 MTM=81.25 Profit=0.01%
2026-07-21 13:01:32 INFO     strategy        PnL: 13:01:32 MTM=71.50 Profit=0.01%
2026-07-21 13:01:33 INFO     strategy        PnL: 13:01:33 MTM=45.50 Profit=0.01%
2026-07-21 13:01:34 INFO     strategy        PnL: 13:01:34 MTM=65.00 Profit=0.01%
2026-07-21 13:01:35 INFO     strategy        PnL: 13:01:35 MTM=42.25 Profit=0.01%
2026-07-21 13:01:36 INFO     strategy        PnL: 13:01:36 MTM=55.25 Profit=0.01%
2026-07-21 13:01:37 INFO     strategy        PnL: 13:01:37 MTM=42.25 Profit=0.01%
2026-07-21 13:01:38 INFO     strategy        PnL: 13:01:38 MTM=55.25 Profit=0.01%
2026-07-21 13:01:39 INFO     strategy        PnL: 13:01:39 MTM=55.25 Profit=0.01%
2026-07-21 13:01:40 INFO     strategy        PnL: 13:01:40 MTM=19.50 Profit=0.00%
2026-07-21 13:01:41 INFO     strategy        PnL: 13:01:41 MTM=42.25 Profit=0.01%
2026-07-21 13:01:42 INFO     strategy        PnL: 13:01:42 MTM=19.50 Profit=0.00%
2026-07-21 13:01:43 INFO     strategy        PnL: 13:01:43 MTM=45.50 Profit=0.01%
2026-07-21 13:01:44 INFO     strategy        PnL: 13:01:44 MTM=39.00 Profit=0.01%
2026-07-21 13:01:45 INFO     strategy        PnL: 13:01:45 MTM=29.25 Profit=0.00%
2026-07-21 13:01:46 INFO     strategy        PnL: 13:01:46 MTM=19.50 Profit=0.00%
2026-07-21 13:01:47 INFO     strategy        PnL: 13:01:47 MTM=26.00 Profit=0.00%
2026-07-21 13:01:48 INFO     strategy        PnL: 13:01:48 MTM=13.00 Profit=0.00%
2026-07-21 13:01:49 INFO     strategy        PnL: 13:01:49 MTM=32.50 Profit=0.00%
2026-07-21 13:01:50 INFO     strategy        PnL: 13:01:50 MTM=9.75 Profit=0.00%
2026-07-21 13:01:51 INFO     strategy        PnL: 13:01:51 MTM=48.75 Profit=0.01%
2026-07-21 13:01:52 INFO     strategy        PnL: 13:01:52 MTM=29.25 Profit=0.00%
2026-07-21 13:01:53 INFO     strategy        PnL: 13:01:53 MTM=32.50 Profit=0.00%
2026-07-21 13:01:54 INFO     strategy        PnL: 13:01:54 MTM=19.50 Profit=0.00%
2026-07-21 13:01:55 INFO     strategy        PnL: 13:01:55 MTM=32.50 Profit=0.00%
2026-07-21 13:01:56 INFO     strategy        PnL: 13:01:56 MTM=39.00 Profit=0.01%
2026-07-21 13:01:57 INFO     strategy        PnL: 13:01:57 MTM=74.75 Profit=0.01%
2026-07-21 13:01:58 INFO     strategy        PnL: 13:01:58 MTM=52.00 Profit=0.01%
2026-07-21 13:01:59 INFO     strategy        PnL: 13:01:59 MTM=42.25 Profit=0.01%
2026-07-21 13:02:00 INFO     strategy        PnL: 13:02:00 MTM=61.75 Profit=0.01%
2026-07-21 13:02:01 INFO     strategy        PnL: 13:02:01 MTM=39.00 Profit=0.01%
2026-07-21 13:02:02 INFO     strategy        PnL: 13:02:02 MTM=45.50 Profit=0.01%
2026-07-21 13:02:03 INFO     strategy        PnL: 13:02:03 MTM=58.50 Profit=0.01%
2026-07-21 13:02:04 INFO     strategy        PnL: 13:02:04 MTM=35.75 Profit=0.01%
2026-07-21 13:02:05 INFO     strategy        PnL: 13:02:05 MTM=19.50 Profit=0.00%
2026-07-21 13:02:06 INFO     strategy        PnL: 13:02:06 MTM=39.00 Profit=0.01%
2026-07-21 13:02:07 INFO     strategy        PnL: 13:02:07 MTM=42.25 Profit=0.01%
2026-07-21 13:02:08 INFO     strategy        PnL: 13:02:08 MTM=55.25 Profit=0.01%
2026-07-21 13:02:09 INFO     strategy        PnL: 13:02:09 MTM=35.75 Profit=0.01%
2026-07-21 13:02:10 INFO     strategy        PnL: 13:02:10 MTM=39.00 Profit=0.01%
2026-07-21 13:02:11 INFO     strategy        PnL: 13:02:11 MTM=35.75 Profit=0.01%
2026-07-21 13:02:12 INFO     strategy        PnL: 13:02:12 MTM=45.50 Profit=0.01%
2026-07-21 13:02:13 INFO     strategy        PnL: 13:02:13 MTM=45.50 Profit=0.01%
2026-07-21 13:02:14 INFO     strategy        PnL: 13:02:14 MTM=55.25 Profit=0.01%
2026-07-21 13:02:15 INFO     strategy        PnL: 13:02:15 MTM=48.75 Profit=0.01%
2026-07-21 13:02:16 INFO     strategy        PnL: 13:02:16 MTM=39.00 Profit=0.01%
2026-07-21 13:02:17 INFO     strategy        PnL: 13:02:17 MTM=55.25 Profit=0.01%
2026-07-21 13:02:18 INFO     strategy        PnL: 13:02:18 MTM=48.75 Profit=0.01%
2026-07-21 13:02:19 INFO     strategy        PnL: 13:02:19 MTM=42.25 Profit=0.01%
2026-07-21 13:02:20 INFO     strategy        PnL: 13:02:20 MTM=52.00 Profit=0.01%
2026-07-21 13:02:21 INFO     strategy        PnL: 13:02:21 MTM=61.75 Profit=0.01%
2026-07-21 13:02:23 INFO     strategy        PnL: 13:02:23 MTM=48.75 Profit=0.01%
2026-07-21 13:02:24 INFO     strategy        PnL: 13:02:24 MTM=29.25 Profit=0.00%
2026-07-21 13:02:25 INFO     strategy        PnL: 13:02:25 MTM=19.50 Profit=0.00%
2026-07-21 13:02:26 INFO     strategy        PnL: 13:02:26 MTM=52.00 Profit=0.01%
2026-07-21 13:02:27 INFO     strategy        PnL: 13:02:27 MTM=32.50 Profit=0.00%
2026-07-21 13:02:28 INFO     strategy        PnL: 13:02:28 MTM=65.00 Profit=0.01%
2026-07-21 13:02:29 INFO     strategy        PnL: 13:02:29 MTM=55.25 Profit=0.01%
2026-07-21 13:02:30 INFO     strategy        PnL: 13:02:30 MTM=32.50 Profit=0.00%
2026-07-21 13:02:31 INFO     strategy        PnL: 13:02:31 MTM=35.75 Profit=0.01%
2026-07-21 13:02:32 INFO     strategy        PnL: 13:02:32 MTM=45.50 Profit=0.01%
2026-07-21 13:02:33 INFO     strategy        PnL: 13:02:33 MTM=39.00 Profit=0.01%
2026-07-21 13:02:34 INFO     strategy        PnL: 13:02:34 MTM=29.25 Profit=0.00%
2026-07-21 13:02:35 INFO     strategy        PnL: 13:02:35 MTM=26.00 Profit=0.00%
2026-07-21 13:02:36 INFO     strategy        PnL: 13:02:36 MTM=45.50 Profit=0.01%
2026-07-21 13:02:37 INFO     strategy        PnL: 13:02:37 MTM=52.00 Profit=0.01%
2026-07-21 13:02:38 INFO     strategy        PnL: 13:02:38 MTM=32.50 Profit=0.00%
2026-07-21 13:02:39 INFO     strategy        PnL: 13:02:39 MTM=29.25 Profit=0.00%
2026-07-21 13:02:40 INFO     strategy        PnL: 13:02:40 MTM=58.50 Profit=0.01%
2026-07-21 13:02:41 INFO     strategy        PnL: 13:02:41 MTM=39.00 Profit=0.01%
2026-07-21 13:02:42 INFO     strategy        PnL: 13:02:42 MTM=29.25 Profit=0.00%
2026-07-21 13:02:43 INFO     strategy        PnL: 13:02:43 MTM=48.75 Profit=0.01%
2026-07-21 13:02:44 INFO     strategy        PnL: 13:02:44 MTM=68.25 Profit=0.01%
2026-07-21 13:02:45 INFO     strategy        PnL: 13:02:45 MTM=61.75 Profit=0.01%
2026-07-21 13:02:46 INFO     strategy        PnL: 13:02:46 MTM=74.75 Profit=0.01%
2026-07-21 13:02:47 INFO     strategy        PnL: 13:02:47 MTM=58.50 Profit=0.01%
2026-07-21 13:02:48 INFO     strategy        PnL: 13:02:48 MTM=45.50 Profit=0.01%
2026-07-21 13:02:49 INFO     strategy        PnL: 13:02:49 MTM=61.75 Profit=0.01%
2026-07-21 13:02:50 INFO     strategy        PnL: 13:02:50 MTM=45.50 Profit=0.01%
2026-07-21 13:02:51 INFO     strategy        PnL: 13:02:51 MTM=55.25 Profit=0.01%
2026-07-21 13:02:52 INFO     strategy        PnL: 13:02:52 MTM=55.25 Profit=0.01%
2026-07-21 13:02:53 INFO     strategy        PnL: 13:02:53 MTM=68.25 Profit=0.01%
2026-07-21 13:02:54 INFO     strategy        PnL: 13:02:54 MTM=58.50 Profit=0.01%
2026-07-21 13:02:55 INFO     strategy        PnL: 13:02:55 MTM=48.75 Profit=0.01%
2026-07-21 13:02:56 INFO     strategy        PnL: 13:02:56 MTM=48.75 Profit=0.01%
2026-07-21 13:02:57 INFO     strategy        PnL: 13:02:57 MTM=52.00 Profit=0.01%
2026-07-21 13:02:58 INFO     strategy        PnL: 13:02:58 MTM=45.50 Profit=0.01%
2026-07-21 13:02:59 INFO     strategy        PnL: 13:02:59 MTM=71.50 Profit=0.01%
2026-07-21 13:03:00 INFO     strategy        PnL: 13:03:00 MTM=48.75 Profit=0.01%
2026-07-21 13:03:01 INFO     strategy        PnL: 13:03:01 MTM=52.00 Profit=0.01%
2026-07-21 13:03:02 INFO     strategy        PnL: 13:03:02 MTM=68.25 Profit=0.01%
2026-07-21 13:03:03 INFO     strategy        PnL: 13:03:03 MTM=97.50 Profit=0.01%
2026-07-21 13:03:04 INFO     strategy        PnL: 13:03:04 MTM=61.75 Profit=0.01%
2026-07-21 13:03:05 INFO     strategy        PnL: 13:03:05 MTM=68.25 Profit=0.01%
2026-07-21 13:03:06 INFO     strategy        PnL: 13:03:06 MTM=68.25 Profit=0.01%
2026-07-21 13:03:07 INFO     strategy        PnL: 13:03:07 MTM=81.25 Profit=0.01%
2026-07-21 13:03:08 INFO     strategy        PnL: 13:03:08 MTM=81.25 Profit=0.01%
2026-07-21 13:03:09 INFO     strategy        PnL: 13:03:09 MTM=81.25 Profit=0.01%
2026-07-21 13:03:10 INFO     strategy        PnL: 13:03:10 MTM=78.00 Profit=0.01%
2026-07-21 13:03:11 INFO     strategy        PnL: 13:03:11 MTM=84.50 Profit=0.01%
2026-07-21 13:03:12 INFO     strategy        PnL: 13:03:12 MTM=78.00 Profit=0.01%
2026-07-21 13:03:13 INFO     strategy        PnL: 13:03:13 MTM=87.75 Profit=0.01%
2026-07-21 13:03:14 INFO     strategy        PnL: 13:03:14 MTM=58.50 Profit=0.01%
2026-07-21 13:03:15 INFO     strategy        PnL: 13:03:15 MTM=74.75 Profit=0.01%
2026-07-21 13:03:16 INFO     strategy        PnL: 13:03:16 MTM=78.00 Profit=0.01%
2026-07-21 13:03:17 INFO     strategy        PnL: 13:03:17 MTM=58.50 Profit=0.01%
2026-07-21 13:03:18 INFO     strategy        PnL: 13:03:18 MTM=87.75 Profit=0.01%
2026-07-21 13:03:19 INFO     strategy        PnL: 13:03:19 MTM=68.25 Profit=0.01%
2026-07-21 13:03:20 INFO     strategy        PnL: 13:03:20 MTM=52.00 Profit=0.01%
2026-07-21 13:03:21 INFO     strategy        PnL: 13:03:21 MTM=84.50 Profit=0.01%
2026-07-21 13:03:22 INFO     strategy        PnL: 13:03:22 MTM=74.75 Profit=0.01%
2026-07-21 13:03:23 INFO     strategy        PnL: 13:03:23 MTM=74.75 Profit=0.01%
2026-07-21 13:03:24 INFO     strategy        PnL: 13:03:24 MTM=100.75 Profit=0.02%
2026-07-21 13:03:25 INFO     strategy        PnL: 13:03:25 MTM=91.00 Profit=0.01%
2026-07-21 13:03:26 INFO     strategy        PnL: 13:03:26 MTM=71.50 Profit=0.01%
2026-07-21 13:03:27 INFO     strategy        PnL: 13:03:27 MTM=87.75 Profit=0.01%
2026-07-21 13:03:28 INFO     strategy        PnL: 13:03:28 MTM=94.25 Profit=0.01%
2026-07-21 13:03:29 INFO     strategy        PnL: 13:03:29 MTM=107.25 Profit=0.02%
2026-07-21 13:03:30 INFO     strategy        PnL: 13:03:30 MTM=84.50 Profit=0.01%
2026-07-21 13:03:31 INFO     strategy        PnL: 13:03:31 MTM=87.75 Profit=0.01%
2026-07-21 13:03:32 INFO     strategy        PnL: 13:03:32 MTM=65.00 Profit=0.01%
2026-07-21 13:03:33 INFO     strategy        PnL: 13:03:33 MTM=71.50 Profit=0.01%
2026-07-21 13:03:34 INFO     strategy        PnL: 13:03:34 MTM=74.75 Profit=0.01%
2026-07-21 13:03:35 INFO     strategy        PnL: 13:03:35 MTM=81.25 Profit=0.01%
2026-07-21 13:03:36 INFO     strategy        PnL: 13:03:36 MTM=84.50 Profit=0.01%
2026-07-21 13:03:37 INFO     strategy        PnL: 13:03:37 MTM=68.25 Profit=0.01%
2026-07-21 13:03:38 INFO     strategy        PnL: 13:03:38 MTM=74.75 Profit=0.01%
2026-07-21 13:03:39 INFO     strategy        PnL: 13:03:39 MTM=84.50 Profit=0.01%
2026-07-21 13:03:40 INFO     strategy        PnL: 13:03:40 MTM=78.00 Profit=0.01%
2026-07-21 13:03:41 INFO     strategy        PnL: 13:03:41 MTM=81.25 Profit=0.01%
2026-07-21 13:03:42 INFO     strategy        PnL: 13:03:42 MTM=68.25 Profit=0.01%
2026-07-21 13:03:43 INFO     strategy        PnL: 13:03:43 MTM=81.25 Profit=0.01%
2026-07-21 13:03:44 INFO     strategy        PnL: 13:03:44 MTM=87.75 Profit=0.01%
2026-07-21 13:03:45 INFO     strategy        PnL: 13:03:45 MTM=65.00 Profit=0.01%
2026-07-21 13:03:46 INFO     strategy        PnL: 13:03:46 MTM=81.25 Profit=0.01%
2026-07-21 13:03:47 INFO     strategy        PnL: 13:03:47 MTM=55.25 Profit=0.01%
2026-07-21 13:03:48 INFO     strategy        PnL: 13:03:48 MTM=48.75 Profit=0.01%
2026-07-21 13:03:49 INFO     strategy        PnL: 13:03:49 MTM=55.25 Profit=0.01%
2026-07-21 13:03:50 INFO     strategy        PnL: 13:03:50 MTM=52.00 Profit=0.01%
2026-07-21 13:03:51 INFO     strategy        PnL: 13:03:51 MTM=48.75 Profit=0.01%
2026-07-21 13:03:52 INFO     strategy        PnL: 13:03:52 MTM=61.75 Profit=0.01%
2026-07-21 13:03:53 INFO     strategy        PnL: 13:03:53 MTM=78.00 Profit=0.01%
2026-07-21 13:03:54 INFO     strategy        PnL: 13:03:54 MTM=55.25 Profit=0.01%
2026-07-21 13:03:55 INFO     strategy        PnL: 13:03:55 MTM=71.50 Profit=0.01%
2026-07-21 13:03:56 INFO     strategy        PnL: 13:03:56 MTM=65.00 Profit=0.01%
2026-07-21 13:03:57 INFO     strategy        PnL: 13:03:57 MTM=61.75 Profit=0.01%
2026-07-21 13:03:59 INFO     strategy        PnL: 13:03:59 MTM=52.00 Profit=0.01%
2026-07-21 13:04:00 INFO     strategy        PnL: 13:04:00 MTM=71.50 Profit=0.01%
2026-07-21 13:04:01 INFO     strategy        PnL: 13:04:01 MTM=65.00 Profit=0.01%
2026-07-21 13:04:02 INFO     strategy        PnL: 13:04:02 MTM=55.25 Profit=0.01%
2026-07-21 13:04:03 INFO     strategy        PnL: 13:04:03 MTM=45.50 Profit=0.01%
2026-07-21 13:04:04 INFO     strategy        PnL: 13:04:04 MTM=65.00 Profit=0.01%
2026-07-21 13:04:05 INFO     strategy        PnL: 13:04:05 MTM=68.25 Profit=0.01%
2026-07-21 13:04:06 INFO     strategy        PnL: 13:04:06 MTM=78.00 Profit=0.01%
2026-07-21 13:04:07 INFO     strategy        PnL: 13:04:07 MTM=52.00 Profit=0.01%
2026-07-21 13:04:08 INFO     strategy        PnL: 13:04:08 MTM=55.25 Profit=0.01%
2026-07-21 13:04:09 INFO     strategy        PnL: 13:04:09 MTM=55.25 Profit=0.01%
2026-07-21 13:04:10 INFO     strategy        PnL: 13:04:10 MTM=55.25 Profit=0.01%
2026-07-21 13:04:11 INFO     strategy        PnL: 13:04:11 MTM=45.50 Profit=0.01%
2026-07-21 13:04:12 INFO     strategy        PnL: 13:04:12 MTM=68.25 Profit=0.01%
2026-07-21 13:04:13 INFO     strategy        PnL: 13:04:13 MTM=42.25 Profit=0.01%
2026-07-21 13:04:14 INFO     strategy        PnL: 13:04:14 MTM=68.25 Profit=0.01%
2026-07-21 13:04:15 INFO     strategy        PnL: 13:04:15 MTM=52.00 Profit=0.01%
2026-07-21 13:04:16 INFO     strategy        PnL: 13:04:16 MTM=78.00 Profit=0.01%
2026-07-21 13:04:17 INFO     strategy        PnL: 13:04:17 MTM=87.75 Profit=0.01%
2026-07-21 13:04:18 INFO     strategy        PnL: 13:04:18 MTM=100.75 Profit=0.02%
2026-07-21 13:04:19 INFO     strategy        PnL: 13:04:19 MTM=58.50 Profit=0.01%
2026-07-21 13:04:20 INFO     strategy        PnL: 13:04:20 MTM=71.50 Profit=0.01%
2026-07-21 13:04:21 INFO     strategy        PnL: 13:04:21 MTM=61.75 Profit=0.01%
2026-07-21 13:04:22 INFO     strategy        PnL: 13:04:22 MTM=87.75 Profit=0.01%
2026-07-21 13:04:23 INFO     strategy        PnL: 13:04:23 MTM=113.75 Profit=0.02%
2026-07-21 13:04:24 INFO     strategy        PnL: 13:04:24 MTM=68.25 Profit=0.01%
2026-07-21 13:04:25 INFO     strategy        PnL: 13:04:25 MTM=61.75 Profit=0.01%
2026-07-21 13:04:26 INFO     strategy        PnL: 13:04:26 MTM=48.75 Profit=0.01%
2026-07-21 13:04:27 INFO     strategy        PnL: 13:04:27 MTM=81.25 Profit=0.01%
2026-07-21 13:04:28 INFO     strategy        PnL: 13:04:28 MTM=100.75 Profit=0.02%
2026-07-21 13:04:29 INFO     strategy        PnL: 13:04:29 MTM=91.00 Profit=0.01%
2026-07-21 13:04:30 INFO     strategy        PnL: 13:04:30 MTM=87.75 Profit=0.01%
2026-07-21 13:04:31 INFO     strategy        PnL: 13:04:31 MTM=74.75 Profit=0.01%
2026-07-21 13:04:32 INFO     strategy        PnL: 13:04:32 MTM=74.75 Profit=0.01%
2026-07-21 13:04:33 INFO     strategy        PnL: 13:04:33 MTM=84.50 Profit=0.01%
2026-07-21 13:04:34 INFO     strategy        PnL: 13:04:34 MTM=74.75 Profit=0.01%
2026-07-21 13:04:35 INFO     strategy        PnL: 13:04:35 MTM=100.75 Profit=0.02%
2026-07-21 13:04:36 INFO     strategy        PnL: 13:04:36 MTM=71.50 Profit=0.01%
2026-07-21 13:04:37 INFO     strategy        PnL: 13:04:37 MTM=78.00 Profit=0.01%
2026-07-21 13:04:38 INFO     strategy        PnL: 13:04:38 MTM=84.50 Profit=0.01%
2026-07-21 13:04:39 INFO     strategy        PnL: 13:04:39 MTM=87.75 Profit=0.01%
2026-07-21 13:04:40 INFO     strategy        PnL: 13:04:40 MTM=81.25 Profit=0.01%
2026-07-21 13:04:41 INFO     strategy        PnL: 13:04:41 MTM=94.25 Profit=0.01%
2026-07-21 13:04:42 INFO     strategy        PnL: 13:04:42 MTM=68.25 Profit=0.01%
2026-07-21 13:04:43 INFO     strategy        PnL: 13:04:43 MTM=78.00 Profit=0.01%
2026-07-21 13:04:44 INFO     strategy        PnL: 13:04:44 MTM=78.00 Profit=0.01%
2026-07-21 13:04:45 INFO     strategy        PnL: 13:04:45 MTM=65.00 Profit=0.01%
2026-07-21 13:04:46 INFO     strategy        PnL: 13:04:46 MTM=71.50 Profit=0.01%
2026-07-21 13:04:47 INFO     strategy        PnL: 13:04:47 MTM=65.00 Profit=0.01%
2026-07-21 13:04:48 INFO     strategy        PnL: 13:04:48 MTM=71.50 Profit=0.01%
2026-07-21 13:04:49 INFO     strategy        PnL: 13:04:49 MTM=65.00 Profit=0.01%
2026-07-21 13:04:50 INFO     strategy        PnL: 13:04:50 MTM=81.25 Profit=0.01%
2026-07-21 13:04:51 INFO     strategy        PnL: 13:04:51 MTM=55.25 Profit=0.01%
2026-07-21 13:04:52 INFO     strategy        PnL: 13:04:52 MTM=84.50 Profit=0.01%
2026-07-21 13:04:53 INFO     strategy        PnL: 13:04:53 MTM=81.25 Profit=0.01%
2026-07-21 13:04:54 INFO     strategy        PnL: 13:04:54 MTM=91.00 Profit=0.01%
2026-07-21 13:04:55 INFO     strategy        PnL: 13:04:55 MTM=94.25 Profit=0.01%
2026-07-21 13:04:56 INFO     strategy        PnL: 13:04:56 MTM=74.75 Profit=0.01%
2026-07-21 13:04:57 INFO     strategy        PnL: 13:04:57 MTM=55.25 Profit=0.01%
2026-07-21 13:04:58 INFO     strategy        PnL: 13:04:58 MTM=65.00 Profit=0.01%
2026-07-21 13:04:59 INFO     strategy        PnL: 13:04:59 MTM=74.75 Profit=0.01%
2026-07-21 13:05:00 INFO     strategy        PnL: 13:05:00 MTM=81.25 Profit=0.01%
2026-07-21 13:05:01 INFO     strategy        PnL: 13:05:01 MTM=68.25 Profit=0.01%
2026-07-21 13:05:02 INFO     strategy        PnL: 13:05:02 MTM=78.00 Profit=0.01%
2026-07-21 13:05:03 INFO     strategy        PnL: 13:05:03 MTM=74.75 Profit=0.01%
2026-07-21 13:05:04 INFO     strategy        PnL: 13:05:04 MTM=78.00 Profit=0.01%
2026-07-21 13:05:05 INFO     strategy        PnL: 13:05:05 MTM=55.25 Profit=0.01%
2026-07-21 13:05:06 INFO     strategy        PnL: 13:05:06 MTM=65.00 Profit=0.01%
2026-07-21 13:05:07 INFO     strategy        PnL: 13:05:07 MTM=87.75 Profit=0.01%
2026-07-21 13:05:08 INFO     strategy        PnL: 13:05:08 MTM=71.50 Profit=0.01%
2026-07-21 13:05:09 INFO     strategy        PnL: 13:05:09 MTM=68.25 Profit=0.01%
2026-07-21 13:05:10 INFO     strategy        PnL: 13:05:10 MTM=78.00 Profit=0.01%
2026-07-21 13:05:11 INFO     strategy        PnL: 13:05:11 MTM=45.50 Profit=0.01%
2026-07-21 13:05:12 INFO     strategy        PnL: 13:05:12 MTM=81.25 Profit=0.01%
2026-07-21 13:05:13 INFO     strategy        PnL: 13:05:13 MTM=74.75 Profit=0.01%
2026-07-21 13:05:14 INFO     strategy        PnL: 13:05:14 MTM=74.75 Profit=0.01%
2026-07-21 13:05:15 INFO     strategy        PnL: 13:05:15 MTM=78.00 Profit=0.01%
2026-07-21 13:05:16 INFO     strategy        PnL: 13:05:16 MTM=81.25 Profit=0.01%
2026-07-21 13:05:17 INFO     strategy        PnL: 13:05:17 MTM=55.25 Profit=0.01%
2026-07-21 13:05:18 INFO     strategy        PnL: 13:05:18 MTM=78.00 Profit=0.01%
2026-07-21 13:05:19 INFO     strategy        PnL: 13:05:19 MTM=58.50 Profit=0.01%
2026-07-21 13:05:20 INFO     strategy        PnL: 13:05:20 MTM=81.25 Profit=0.01%
2026-07-21 13:05:21 INFO     strategy        PnL: 13:05:21 MTM=52.00 Profit=0.01%
2026-07-21 13:05:22 INFO     strategy        PnL: 13:05:22 MTM=48.75 Profit=0.01%
2026-07-21 13:05:23 INFO     strategy        PnL: 13:05:23 MTM=55.25 Profit=0.01%
2026-07-21 13:05:24 INFO     strategy        PnL: 13:05:24 MTM=55.25 Profit=0.01%
2026-07-21 13:05:25 INFO     strategy        PnL: 13:05:25 MTM=68.25 Profit=0.01%
2026-07-21 13:05:26 INFO     strategy        PnL: 13:05:26 MTM=48.75 Profit=0.01%
2026-07-21 13:05:27 INFO     strategy        PnL: 13:05:27 MTM=68.25 Profit=0.01%
2026-07-21 13:05:28 INFO     strategy        PnL: 13:05:28 MTM=68.25 Profit=0.01%
2026-07-21 13:05:29 INFO     strategy        PnL: 13:05:29 MTM=78.00 Profit=0.01%
2026-07-21 13:05:30 INFO     strategy        PnL: 13:05:30 MTM=48.75 Profit=0.01%
2026-07-21 13:05:31 INFO     strategy        PnL: 13:05:31 MTM=65.00 Profit=0.01%
2026-07-21 13:05:33 INFO     strategy        PnL: 13:05:32 MTM=74.75 Profit=0.01%
2026-07-21 13:05:34 INFO     strategy        PnL: 13:05:34 MTM=55.25 Profit=0.01%
2026-07-21 13:05:35 INFO     strategy        PnL: 13:05:35 MTM=35.75 Profit=0.01%
2026-07-21 13:05:36 INFO     strategy        PnL: 13:05:36 MTM=61.75 Profit=0.01%
2026-07-21 13:05:37 INFO     strategy        PnL: 13:05:37 MTM=65.00 Profit=0.01%
2026-07-21 13:05:38 INFO     strategy        PnL: 13:05:38 MTM=81.25 Profit=0.01%
2026-07-21 13:05:39 INFO     strategy        PnL: 13:05:39 MTM=58.50 Profit=0.01%
2026-07-21 13:05:40 INFO     strategy        PnL: 13:05:40 MTM=68.25 Profit=0.01%
2026-07-21 13:05:41 INFO     strategy        PnL: 13:05:41 MTM=84.50 Profit=0.01%
2026-07-21 13:05:42 INFO     strategy        PnL: 13:05:42 MTM=65.00 Profit=0.01%
2026-07-21 13:05:43 INFO     strategy        PnL: 13:05:43 MTM=52.00 Profit=0.01%
2026-07-21 13:05:44 INFO     strategy        PnL: 13:05:44 MTM=55.25 Profit=0.01%
2026-07-21 13:05:45 INFO     strategy        PnL: 13:05:45 MTM=61.75 Profit=0.01%
2026-07-21 13:05:46 INFO     strategy        PnL: 13:05:46 MTM=52.00 Profit=0.01%
2026-07-21 13:05:47 INFO     strategy        PnL: 13:05:47 MTM=52.00 Profit=0.01%
2026-07-21 13:05:48 INFO     strategy        PnL: 13:05:48 MTM=42.25 Profit=0.01%
2026-07-21 13:05:49 INFO     strategy        PnL: 13:05:49 MTM=58.50 Profit=0.01%
2026-07-21 13:05:50 INFO     strategy        PnL: 13:05:50 MTM=84.50 Profit=0.01%
2026-07-21 13:05:51 INFO     strategy        PnL: 13:05:51 MTM=52.00 Profit=0.01%
2026-07-21 13:05:52 INFO     strategy        PnL: 13:05:52 MTM=55.25 Profit=0.01%
2026-07-21 13:05:53 INFO     strategy        PnL: 13:05:53 MTM=42.25 Profit=0.01%
2026-07-21 13:05:54 INFO     strategy        PnL: 13:05:54 MTM=71.50 Profit=0.01%
2026-07-21 13:05:55 INFO     strategy        PnL: 13:05:55 MTM=58.50 Profit=0.01%
2026-07-21 13:05:56 INFO     strategy        PnL: 13:05:56 MTM=35.75 Profit=0.01%
2026-07-21 13:05:57 INFO     strategy        PnL: 13:05:57 MTM=48.75 Profit=0.01%
2026-07-21 13:05:58 INFO     strategy        PnL: 13:05:58 MTM=48.75 Profit=0.01%
2026-07-21 13:05:59 INFO     strategy        PnL: 13:05:59 MTM=58.50 Profit=0.01%
2026-07-21 13:06:00 INFO     strategy        PnL: 13:06:00 MTM=74.75 Profit=0.01%
2026-07-21 13:06:01 INFO     strategy        PnL: 13:06:01 MTM=55.25 Profit=0.01%
2026-07-21 13:06:02 INFO     strategy        PnL: 13:06:02 MTM=71.50 Profit=0.01%
2026-07-21 13:06:03 INFO     strategy        PnL: 13:06:03 MTM=52.00 Profit=0.01%
2026-07-21 13:06:04 INFO     strategy        PnL: 13:06:04 MTM=45.50 Profit=0.01%
2026-07-21 13:06:05 INFO     strategy        PnL: 13:06:05 MTM=68.25 Profit=0.01%
2026-07-21 13:06:06 INFO     strategy        PnL: 13:06:06 MTM=78.00 Profit=0.01%
2026-07-21 13:06:07 INFO     strategy        PnL: 13:06:07 MTM=91.00 Profit=0.01%
2026-07-21 13:06:08 INFO     strategy        PnL: 13:06:08 MTM=68.25 Profit=0.01%
2026-07-21 13:06:09 INFO     strategy        PnL: 13:06:09 MTM=61.75 Profit=0.01%
2026-07-21 13:06:10 INFO     strategy        PnL: 13:06:10 MTM=48.75 Profit=0.01%
2026-07-21 13:06:11 INFO     strategy        PnL: 13:06:11 MTM=52.00 Profit=0.01%
2026-07-21 13:06:12 INFO     strategy        PnL: 13:06:12 MTM=42.25 Profit=0.01%
2026-07-21 13:06:13 INFO     strategy        PnL: 13:06:13 MTM=52.00 Profit=0.01%
2026-07-21 13:06:14 INFO     strategy        PnL: 13:06:14 MTM=39.00 Profit=0.01%
2026-07-21 13:06:15 INFO     strategy        PnL: 13:06:15 MTM=65.00 Profit=0.01%
2026-07-21 13:06:16 INFO     strategy        PnL: 13:06:16 MTM=48.75 Profit=0.01%
2026-07-21 13:06:17 INFO     strategy        PnL: 13:06:17 MTM=55.25 Profit=0.01%
2026-07-21 13:06:18 INFO     strategy        PnL: 13:06:18 MTM=68.25 Profit=0.01%
2026-07-21 13:06:19 INFO     strategy        PnL: 13:06:19 MTM=68.25 Profit=0.01%
2026-07-21 13:06:20 INFO     strategy        PnL: 13:06:20 MTM=61.75 Profit=0.01%
2026-07-21 13:06:21 INFO     strategy        PnL: 13:06:21 MTM=48.75 Profit=0.01%
2026-07-21 13:06:22 INFO     strategy        PnL: 13:06:22 MTM=52.00 Profit=0.01%
2026-07-21 13:06:23 INFO     strategy        PnL: 13:06:23 MTM=68.25 Profit=0.01%
2026-07-21 13:06:24 INFO     strategy        PnL: 13:06:24 MTM=55.25 Profit=0.01%
2026-07-21 13:06:25 INFO     strategy        PnL: 13:06:25 MTM=74.75 Profit=0.01%
2026-07-21 13:06:26 INFO     strategy        PnL: 13:06:26 MTM=65.00 Profit=0.01%
2026-07-21 13:06:27 INFO     strategy        PnL: 13:06:27 MTM=65.00 Profit=0.01%
2026-07-21 13:06:28 INFO     strategy        PnL: 13:06:28 MTM=84.50 Profit=0.01%
2026-07-21 13:06:29 INFO     strategy        PnL: 13:06:29 MTM=78.00 Profit=0.01%
2026-07-21 13:06:30 INFO     strategy        PnL: 13:06:30 MTM=71.50 Profit=0.01%
2026-07-21 13:06:31 INFO     strategy        PnL: 13:06:31 MTM=68.25 Profit=0.01%
2026-07-21 13:06:32 INFO     strategy        PnL: 13:06:32 MTM=55.25 Profit=0.01%
2026-07-21 13:06:33 INFO     strategy        PnL: 13:06:33 MTM=74.75 Profit=0.01%
2026-07-21 13:06:34 INFO     strategy        PnL: 13:06:34 MTM=78.00 Profit=0.01%
2026-07-21 13:06:35 INFO     strategy        PnL: 13:06:35 MTM=81.25 Profit=0.01%
2026-07-21 13:06:36 INFO     strategy        PnL: 13:06:36 MTM=74.75 Profit=0.01%
2026-07-21 13:06:37 INFO     strategy        PnL: 13:06:37 MTM=94.25 Profit=0.01%
2026-07-21 13:06:38 INFO     strategy        PnL: 13:06:38 MTM=74.75 Profit=0.01%
2026-07-21 13:06:39 INFO     strategy        PnL: 13:06:39 MTM=91.00 Profit=0.01%
2026-07-21 13:06:40 INFO     strategy        PnL: 13:06:40 MTM=97.50 Profit=0.01%
2026-07-21 13:06:41 INFO     strategy        PnL: 13:06:41 MTM=113.75 Profit=0.02%
2026-07-21 13:06:42 INFO     strategy        PnL: 13:06:42 MTM=110.50 Profit=0.02%
2026-07-21 13:06:43 INFO     strategy        PnL: 13:06:43 MTM=107.25 Profit=0.02%
2026-07-21 13:06:44 INFO     strategy        PnL: 13:06:44 MTM=42.25 Profit=0.01%
2026-07-21 13:06:45 INFO     strategy        PnL: 13:06:45 MTM=120.25 Profit=0.02%
2026-07-21 13:06:46 INFO     strategy        PnL: 13:06:46 MTM=87.75 Profit=0.01%
2026-07-21 13:06:47 INFO     strategy        PnL: 13:06:47 MTM=123.50 Profit=0.02%
2026-07-21 13:06:48 INFO     strategy        PnL: 13:06:48 MTM=123.50 Profit=0.02%
2026-07-21 13:06:49 INFO     strategy        PnL: 13:06:49 MTM=104.00 Profit=0.02%
2026-07-21 13:06:50 INFO     strategy        PnL: 13:06:50 MTM=107.25 Profit=0.02%
2026-07-21 13:06:51 INFO     strategy        PnL: 13:06:51 MTM=113.75 Profit=0.02%
2026-07-21 13:06:52 INFO     strategy        PnL: 13:06:52 MTM=117.00 Profit=0.02%
2026-07-21 13:06:53 INFO     strategy        PnL: 13:06:53 MTM=107.25 Profit=0.02%
2026-07-21 13:06:54 INFO     strategy        PnL: 13:06:54 MTM=143.00 Profit=0.02%
2026-07-21 13:06:55 INFO     strategy        PnL: 13:06:55 MTM=104.00 Profit=0.02%
2026-07-21 13:06:56 INFO     strategy        PnL: 13:06:56 MTM=123.50 Profit=0.02%
2026-07-21 13:06:57 INFO     strategy        PnL: 13:06:57 MTM=123.50 Profit=0.02%
2026-07-21 13:06:58 INFO     strategy        PnL: 13:06:58 MTM=110.50 Profit=0.02%
2026-07-21 13:06:59 INFO     strategy        PnL: 13:06:59 MTM=120.25 Profit=0.02%
2026-07-21 13:07:00 INFO     strategy        PnL: 13:07:00 MTM=126.75 Profit=0.02%
2026-07-21 13:07:01 INFO     strategy        PnL: 13:07:01 MTM=117.00 Profit=0.02%
2026-07-21 13:07:02 INFO     strategy        PnL: 13:07:02 MTM=149.50 Profit=0.02%
2026-07-21 13:07:03 INFO     strategy        PnL: 13:07:03 MTM=133.25 Profit=0.02%
2026-07-21 13:07:04 INFO     strategy        PnL: 13:07:04 MTM=130.00 Profit=0.02%
2026-07-21 13:07:05 INFO     strategy        PnL: 13:07:05 MTM=139.75 Profit=0.02%
2026-07-21 13:07:06 INFO     strategy        PnL: 13:07:06 MTM=139.75 Profit=0.02%
2026-07-21 13:07:07 INFO     strategy        PnL: 13:07:07 MTM=113.75 Profit=0.02%
2026-07-21 13:07:08 INFO     strategy        PnL: 13:07:08 MTM=130.00 Profit=0.02%
2026-07-21 13:07:09 INFO     strategy        PnL: 13:07:09 MTM=117.00 Profit=0.02%
2026-07-21 13:07:10 INFO     strategy        PnL: 13:07:10 MTM=133.25 Profit=0.02%
2026-07-21 13:07:11 INFO     strategy        PnL: 13:07:11 MTM=123.50 Profit=0.02%
2026-07-21 13:07:12 INFO     strategy        PnL: 13:07:12 MTM=117.00 Profit=0.02%
2026-07-21 13:07:13 INFO     strategy        PnL: 13:07:13 MTM=123.50 Profit=0.02%
2026-07-21 13:07:14 INFO     strategy        PnL: 13:07:14 MTM=113.75 Profit=0.02%
2026-07-21 13:07:15 INFO     strategy        PnL: 13:07:15 MTM=123.50 Profit=0.02%
2026-07-21 13:07:16 INFO     strategy        PnL: 13:07:16 MTM=113.75 Profit=0.02%
2026-07-21 13:07:17 INFO     strategy        PnL: 13:07:17 MTM=120.25 Profit=0.02%
2026-07-21 13:07:18 INFO     strategy        PnL: 13:07:18 MTM=126.75 Profit=0.02%
2026-07-21 13:07:19 INFO     strategy        PnL: 13:07:19 MTM=110.50 Profit=0.02%
2026-07-21 13:07:20 INFO     strategy        PnL: 13:07:20 MTM=113.75 Profit=0.02%
2026-07-21 13:07:21 INFO     strategy        PnL: 13:07:21 MTM=130.00 Profit=0.02%
2026-07-21 13:07:22 INFO     strategy        PnL: 13:07:22 MTM=117.00 Profit=0.02%
2026-07-21 13:07:23 INFO     strategy        PnL: 13:07:23 MTM=120.25 Profit=0.02%
2026-07-21 13:07:24 INFO     strategy        PnL: 13:07:24 MTM=110.50 Profit=0.02%
2026-07-21 13:07:25 INFO     strategy        PnL: 13:07:25 MTM=100.75 Profit=0.02%
2026-07-21 13:07:26 INFO     strategy        PnL: 13:07:26 MTM=113.75 Profit=0.02%
2026-07-21 13:07:27 INFO     strategy        PnL: 13:07:27 MTM=113.75 Profit=0.02%
2026-07-21 13:07:28 INFO     strategy        PnL: 13:07:28 MTM=110.50 Profit=0.02%
2026-07-21 13:07:29 INFO     strategy        PnL: 13:07:29 MTM=81.25 Profit=0.01%
2026-07-21 13:07:31 INFO     strategy        PnL: 13:07:31 MTM=94.25 Profit=0.01%
2026-07-21 13:07:32 INFO     strategy        PnL: 13:07:32 MTM=97.50 Profit=0.01%
2026-07-21 13:07:33 INFO     strategy        PnL: 13:07:33 MTM=87.75 Profit=0.01%
2026-07-21 13:07:34 INFO     strategy        PnL: 13:07:34 MTM=113.75 Profit=0.02%
2026-07-21 13:07:35 INFO     strategy        PnL: 13:07:35 MTM=94.25 Profit=0.01%
2026-07-21 13:07:36 INFO     strategy        PnL: 13:07:36 MTM=94.25 Profit=0.01%
2026-07-21 13:07:37 INFO     strategy        PnL: 13:07:37 MTM=97.50 Profit=0.01%
2026-07-21 13:07:38 INFO     strategy        PnL: 13:07:38 MTM=107.25 Profit=0.02%
2026-07-21 13:07:39 INFO     strategy        PnL: 13:07:39 MTM=97.50 Profit=0.01%
2026-07-21 13:07:40 INFO     strategy        PnL: 13:07:40 MTM=113.75 Profit=0.02%
2026-07-21 13:07:41 INFO     strategy        PnL: 13:07:41 MTM=97.50 Profit=0.01%
2026-07-21 13:07:42 INFO     strategy        PnL: 13:07:42 MTM=94.25 Profit=0.01%
2026-07-21 13:07:43 INFO     strategy        PnL: 13:07:43 MTM=84.50 Profit=0.01%
2026-07-21 13:07:44 INFO     strategy        PnL: 13:07:44 MTM=97.50 Profit=0.01%
2026-07-21 13:07:45 INFO     strategy        PnL: 13:07:45 MTM=123.50 Profit=0.02%
2026-07-21 13:07:46 INFO     strategy        PnL: 13:07:46 MTM=81.25 Profit=0.01%
2026-07-21 13:07:47 INFO     strategy        PnL: 13:07:47 MTM=120.25 Profit=0.02%
2026-07-21 13:07:48 INFO     strategy        PnL: 13:07:48 MTM=120.25 Profit=0.02%
2026-07-21 13:07:49 INFO     strategy        PnL: 13:07:49 MTM=91.00 Profit=0.01%
2026-07-21 13:07:50 INFO     strategy        PnL: 13:07:50 MTM=100.75 Profit=0.02%
2026-07-21 13:07:51 INFO     strategy        PnL: 13:07:51 MTM=100.75 Profit=0.02%
2026-07-21 13:07:52 INFO     strategy        PnL: 13:07:52 MTM=87.75 Profit=0.01%
2026-07-21 13:07:53 INFO     strategy        PnL: 13:07:53 MTM=87.75 Profit=0.01%
2026-07-21 13:07:54 INFO     strategy        PnL: 13:07:54 MTM=97.50 Profit=0.01%
2026-07-21 13:07:55 INFO     strategy        PnL: 13:07:55 MTM=120.25 Profit=0.02%
2026-07-21 13:07:56 INFO     strategy        PnL: 13:07:56 MTM=100.75 Profit=0.02%
2026-07-21 13:07:57 INFO     strategy        PnL: 13:07:57 MTM=110.50 Profit=0.02%
2026-07-21 13:07:58 INFO     strategy        PnL: 13:07:58 MTM=87.75 Profit=0.01%
2026-07-21 13:07:59 INFO     strategy        PnL: 13:07:59 MTM=100.75 Profit=0.02%
2026-07-21 13:08:00 INFO     strategy        PnL: 13:08:00 MTM=100.75 Profit=0.02%
2026-07-21 13:08:01 INFO     strategy        PnL: 13:08:01 MTM=126.75 Profit=0.02%
2026-07-21 13:08:02 INFO     strategy        PnL: 13:08:02 MTM=117.00 Profit=0.02%
2026-07-21 13:08:03 INFO     strategy        PnL: 13:08:03 MTM=104.00 Profit=0.02%
2026-07-21 13:08:04 INFO     strategy        PnL: 13:08:04 MTM=113.75 Profit=0.02%
2026-07-21 13:08:05 INFO     strategy        PnL: 13:08:05 MTM=110.50 Profit=0.02%
2026-07-21 13:08:06 INFO     strategy        PnL: 13:08:06 MTM=117.00 Profit=0.02%
2026-07-21 13:08:07 INFO     strategy        PnL: 13:08:07 MTM=123.50 Profit=0.02%
2026-07-21 13:08:08 INFO     strategy        PnL: 13:08:08 MTM=133.25 Profit=0.02%
2026-07-21 13:08:09 INFO     strategy        PnL: 13:08:09 MTM=126.75 Profit=0.02%
2026-07-21 13:08:10 INFO     strategy        PnL: 13:08:10 MTM=113.75 Profit=0.02%
2026-07-21 13:08:11 INFO     strategy        PnL: 13:08:11 MTM=123.50 Profit=0.02%
2026-07-21 13:08:12 INFO     strategy        PnL: 13:08:12 MTM=87.75 Profit=0.01%
2026-07-21 13:08:13 INFO     strategy        PnL: 13:08:13 MTM=117.00 Profit=0.02%
2026-07-21 13:08:14 INFO     strategy        PnL: 13:08:14 MTM=107.25 Profit=0.02%
2026-07-21 13:08:15 INFO     strategy        PnL: 13:08:15 MTM=113.75 Profit=0.02%
2026-07-21 13:08:16 INFO     strategy        PnL: 13:08:16 MTM=110.50 Profit=0.02%
2026-07-21 13:08:17 INFO     strategy        PnL: 13:08:17 MTM=120.25 Profit=0.02%
2026-07-21 13:08:18 INFO     strategy        PnL: 13:08:18 MTM=136.50 Profit=0.02%
2026-07-21 13:08:19 INFO     strategy        PnL: 13:08:19 MTM=107.25 Profit=0.02%
2026-07-21 13:08:20 INFO     strategy        PnL: 13:08:20 MTM=117.00 Profit=0.02%
2026-07-21 13:08:21 INFO     strategy        PnL: 13:08:21 MTM=107.25 Profit=0.02%
2026-07-21 13:08:22 INFO     strategy        PnL: 13:08:22 MTM=97.50 Profit=0.01%
2026-07-21 13:08:23 INFO     strategy        PnL: 13:08:23 MTM=110.50 Profit=0.02%
2026-07-21 13:08:24 INFO     strategy        PnL: 13:08:24 MTM=130.00 Profit=0.02%
2026-07-21 13:08:25 INFO     strategy        PnL: 13:08:25 MTM=110.50 Profit=0.02%
2026-07-21 13:08:26 INFO     strategy        PnL: 13:08:26 MTM=123.50 Profit=0.02%
2026-07-21 13:08:27 INFO     strategy        PnL: 13:08:27 MTM=113.75 Profit=0.02%
2026-07-21 13:08:28 INFO     strategy        PnL: 13:08:28 MTM=97.50 Profit=0.01%
2026-07-21 13:08:29 INFO     strategy        PnL: 13:08:29 MTM=113.75 Profit=0.02%
2026-07-21 13:08:30 INFO     strategy        PnL: 13:08:30 MTM=110.50 Profit=0.02%
2026-07-21 13:08:31 INFO     strategy        PnL: 13:08:31 MTM=130.00 Profit=0.02%
2026-07-21 13:08:32 INFO     strategy        PnL: 13:08:32 MTM=110.50 Profit=0.02%
2026-07-21 13:08:33 INFO     strategy        PnL: 13:08:33 MTM=104.00 Profit=0.02%
2026-07-21 13:08:34 INFO     strategy        PnL: 13:08:34 MTM=110.50 Profit=0.02%
2026-07-21 13:08:35 INFO     strategy        PnL: 13:08:35 MTM=136.50 Profit=0.02%
2026-07-21 13:08:36 INFO     strategy        PnL: 13:08:36 MTM=120.25 Profit=0.02%
2026-07-21 13:08:37 INFO     strategy        PnL: 13:08:37 MTM=110.50 Profit=0.02%
2026-07-21 13:08:38 INFO     strategy        PnL: 13:08:38 MTM=130.00 Profit=0.02%
2026-07-21 13:08:39 INFO     strategy        PnL: 13:08:39 MTM=117.00 Profit=0.02%
2026-07-21 13:08:40 INFO     strategy        PnL: 13:08:40 MTM=136.50 Profit=0.02%
2026-07-21 13:08:41 INFO     strategy        PnL: 13:08:41 MTM=126.75 Profit=0.02%
2026-07-21 13:08:42 INFO     strategy        PnL: 13:08:42 MTM=110.50 Profit=0.02%
2026-07-21 13:08:43 INFO     strategy        PnL: 13:08:43 MTM=130.00 Profit=0.02%
2026-07-21 13:08:44 INFO     strategy        PnL: 13:08:44 MTM=117.00 Profit=0.02%
2026-07-21 13:08:45 INFO     strategy        PnL: 13:08:45 MTM=126.75 Profit=0.02%
2026-07-21 13:08:46 INFO     strategy        PnL: 13:08:46 MTM=100.75 Profit=0.02%
2026-07-21 13:08:47 INFO     strategy        PnL: 13:08:47 MTM=110.50 Profit=0.02%
2026-07-21 13:08:48 INFO     strategy        PnL: 13:08:48 MTM=110.50 Profit=0.02%
2026-07-21 13:08:49 INFO     strategy        PnL: 13:08:49 MTM=133.25 Profit=0.02%
2026-07-21 13:08:50 INFO     strategy        PnL: 13:08:50 MTM=94.25 Profit=0.01%
2026-07-21 13:08:51 INFO     strategy        PnL: 13:08:51 MTM=130.00 Profit=0.02%
2026-07-21 13:08:52 INFO     strategy        PnL: 13:08:52 MTM=107.25 Profit=0.02%
2026-07-21 13:08:53 INFO     strategy        PnL: 13:08:53 MTM=126.75 Profit=0.02%
2026-07-21 13:08:54 INFO     strategy        PnL: 13:08:54 MTM=107.25 Profit=0.02%
2026-07-21 13:08:55 INFO     strategy        PnL: 13:08:55 MTM=110.50 Profit=0.02%
2026-07-21 13:08:56 INFO     strategy        PnL: 13:08:56 MTM=123.50 Profit=0.02%
2026-07-21 13:08:57 INFO     strategy        PnL: 13:08:57 MTM=100.75 Profit=0.02%
2026-07-21 13:08:58 INFO     strategy        PnL: 13:08:58 MTM=123.50 Profit=0.02%
2026-07-21 13:08:59 INFO     strategy        PnL: 13:08:59 MTM=104.00 Profit=0.02%
2026-07-21 13:09:00 INFO     strategy        PnL: 13:09:00 MTM=117.00 Profit=0.02%
2026-07-21 13:09:01 INFO     strategy        PnL: 13:09:01 MTM=120.25 Profit=0.02%
2026-07-21 13:09:02 INFO     strategy        PnL: 13:09:02 MTM=113.75 Profit=0.02%
2026-07-21 13:09:03 INFO     strategy        PnL: 13:09:03 MTM=120.25 Profit=0.02%
2026-07-21 13:09:04 INFO     strategy        PnL: 13:09:04 MTM=110.50 Profit=0.02%
2026-07-21 13:09:05 INFO     strategy        PnL: 13:09:05 MTM=110.50 Profit=0.02%
2026-07-21 13:09:06 INFO     strategy        PnL: 13:09:06 MTM=110.50 Profit=0.02%
2026-07-21 13:09:07 INFO     strategy        PnL: 13:09:07 MTM=97.50 Profit=0.01%
2026-07-21 13:09:08 INFO     strategy        PnL: 13:09:08 MTM=94.25 Profit=0.01%
2026-07-21 13:09:09 INFO     strategy        PnL: 13:09:09 MTM=110.50 Profit=0.02%
2026-07-21 13:09:10 INFO     strategy        PnL: 13:09:10 MTM=107.25 Profit=0.02%
2026-07-21 13:09:11 INFO     strategy        PnL: 13:09:11 MTM=100.75 Profit=0.02%
2026-07-21 13:09:12 INFO     strategy        PnL: 13:09:12 MTM=123.50 Profit=0.02%
2026-07-21 13:09:13 INFO     strategy        PnL: 13:09:13 MTM=113.75 Profit=0.02%
2026-07-21 13:09:14 INFO     strategy        PnL: 13:09:14 MTM=107.25 Profit=0.02%
2026-07-21 13:09:15 INFO     strategy        PnL: 13:09:15 MTM=117.00 Profit=0.02%
2026-07-21 13:09:16 INFO     strategy        PnL: 13:09:16 MTM=110.50 Profit=0.02%
2026-07-21 13:09:18 INFO     strategy        PnL: 13:09:18 MTM=113.75 Profit=0.02%
2026-07-21 13:09:19 INFO     strategy        PnL: 13:09:19 MTM=123.50 Profit=0.02%
2026-07-21 13:09:20 INFO     strategy        PnL: 13:09:20 MTM=100.75 Profit=0.02%
2026-07-21 13:09:21 INFO     strategy        PnL: 13:09:21 MTM=117.00 Profit=0.02%
2026-07-21 13:09:22 INFO     strategy        PnL: 13:09:22 MTM=117.00 Profit=0.02%
2026-07-21 13:09:23 INFO     strategy        PnL: 13:09:23 MTM=107.25 Profit=0.02%
2026-07-21 13:09:24 INFO     strategy        PnL: 13:09:24 MTM=123.50 Profit=0.02%
2026-07-21 13:09:25 INFO     strategy        PnL: 13:09:25 MTM=123.50 Profit=0.02%
2026-07-21 13:09:26 INFO     strategy        PnL: 13:09:26 MTM=104.00 Profit=0.02%
2026-07-21 13:09:27 INFO     strategy        PnL: 13:09:27 MTM=94.25 Profit=0.01%
2026-07-21 13:09:28 INFO     strategy        PnL: 13:09:28 MTM=110.50 Profit=0.02%
2026-07-21 13:09:29 INFO     strategy        PnL: 13:09:29 MTM=130.00 Profit=0.02%
2026-07-21 13:09:30 INFO     strategy        PnL: 13:09:30 MTM=117.00 Profit=0.02%
2026-07-21 13:09:31 INFO     strategy        PnL: 13:09:31 MTM=117.00 Profit=0.02%
2026-07-21 13:09:32 INFO     strategy        PnL: 13:09:32 MTM=120.25 Profit=0.02%
2026-07-21 13:09:33 INFO     strategy        PnL: 13:09:33 MTM=110.50 Profit=0.02%
2026-07-21 13:09:34 INFO     strategy        PnL: 13:09:34 MTM=110.50 Profit=0.02%
2026-07-21 13:09:35 INFO     strategy        PnL: 13:09:35 MTM=100.75 Profit=0.02%
2026-07-21 13:09:36 INFO     strategy        PnL: 13:09:36 MTM=110.50 Profit=0.02%
2026-07-21 13:09:37 INFO     strategy        PnL: 13:09:37 MTM=130.00 Profit=0.02%
2026-07-21 13:09:38 INFO     strategy        PnL: 13:09:38 MTM=110.50 Profit=0.02%
2026-07-21 13:09:39 INFO     strategy        PnL: 13:09:39 MTM=113.75 Profit=0.02%
2026-07-21 13:09:40 INFO     strategy        PnL: 13:09:40 MTM=120.25 Profit=0.02%
2026-07-21 13:09:41 INFO     strategy        PnL: 13:09:41 MTM=97.50 Profit=0.01%
2026-07-21 13:09:42 INFO     strategy        PnL: 13:09:42 MTM=107.25 Profit=0.02%
2026-07-21 13:09:43 INFO     strategy        PnL: 13:09:43 MTM=113.75 Profit=0.02%
2026-07-21 13:09:44 INFO     strategy        PnL: 13:09:44 MTM=107.25 Profit=0.02%
2026-07-21 13:09:45 INFO     strategy        PnL: 13:09:45 MTM=110.50 Profit=0.02%
2026-07-21 13:09:46 INFO     strategy        PnL: 13:09:46 MTM=117.00 Profit=0.02%
2026-07-21 13:09:47 INFO     strategy        PnL: 13:09:47 MTM=100.75 Profit=0.02%
2026-07-21 13:09:48 INFO     strategy        PnL: 13:09:48 MTM=113.75 Profit=0.02%
2026-07-21 13:09:49 INFO     strategy        PnL: 13:09:49 MTM=120.25 Profit=0.02%
2026-07-21 13:09:50 INFO     strategy        PnL: 13:09:50 MTM=120.25 Profit=0.02%
2026-07-21 13:09:51 INFO     strategy        PnL: 13:09:51 MTM=110.50 Profit=0.02%
2026-07-21 13:09:52 INFO     strategy        PnL: 13:09:52 MTM=117.00 Profit=0.02%
2026-07-21 13:09:53 INFO     strategy        PnL: 13:09:53 MTM=110.50 Profit=0.02%
2026-07-21 13:09:54 INFO     strategy        PnL: 13:09:54 MTM=113.75 Profit=0.02%
2026-07-21 13:09:55 INFO     strategy        PnL: 13:09:55 MTM=113.75 Profit=0.02%
2026-07-21 13:09:56 INFO     strategy        PnL: 13:09:56 MTM=104.00 Profit=0.02%
2026-07-21 13:09:57 INFO     strategy        PnL: 13:09:57 MTM=94.25 Profit=0.01%
2026-07-21 13:09:58 INFO     strategy        PnL: 13:09:58 MTM=117.00 Profit=0.02%
2026-07-21 13:09:59 INFO     strategy        PnL: 13:09:59 MTM=113.75 Profit=0.02%
2026-07-21 13:10:00 INFO     strategy        PnL: 13:10:00 MTM=113.75 Profit=0.02%
2026-07-21 13:10:01 INFO     strategy        PnL: 13:10:01 MTM=120.25 Profit=0.02%
2026-07-21 13:10:02 INFO     strategy        PnL: 13:10:02 MTM=120.25 Profit=0.02%
2026-07-21 13:10:03 INFO     strategy        PnL: 13:10:03 MTM=110.50 Profit=0.02%
2026-07-21 13:10:04 INFO     strategy        PnL: 13:10:04 MTM=120.25 Profit=0.02%
2026-07-21 13:10:05 INFO     strategy        PnL: 13:10:05 MTM=126.75 Profit=0.02%
2026-07-21 13:10:06 INFO     strategy        PnL: 13:10:06 MTM=97.50 Profit=0.01%
2026-07-21 13:10:07 INFO     strategy        PnL: 13:10:07 MTM=123.50 Profit=0.02%
2026-07-21 13:10:08 INFO     strategy        PnL: 13:10:08 MTM=139.75 Profit=0.02%
2026-07-21 13:10:09 INFO     strategy        PnL: 13:10:09 MTM=97.50 Profit=0.01%
2026-07-21 13:10:10 INFO     strategy        PnL: 13:10:10 MTM=94.25 Profit=0.01%
2026-07-21 13:10:11 INFO     strategy        PnL: 13:10:11 MTM=107.25 Profit=0.02%
2026-07-21 13:10:12 INFO     strategy        PnL: 13:10:12 MTM=110.50 Profit=0.02%
2026-07-21 13:10:13 INFO     strategy        PnL: 13:10:13 MTM=74.75 Profit=0.01%
2026-07-21 13:10:14 INFO     strategy        PnL: 13:10:14 MTM=81.25 Profit=0.01%
2026-07-21 13:10:15 INFO     strategy        PnL: 13:10:15 MTM=117.00 Profit=0.02%
2026-07-21 13:10:16 INFO     strategy        PnL: 13:10:16 MTM=126.75 Profit=0.02%
2026-07-21 13:10:17 INFO     strategy        PnL: 13:10:17 MTM=113.75 Profit=0.02%
2026-07-21 13:10:18 INFO     strategy        PnL: 13:10:18 MTM=123.50 Profit=0.02%
2026-07-21 13:10:19 INFO     strategy        PnL: 13:10:19 MTM=123.50 Profit=0.02%
2026-07-21 13:10:20 INFO     strategy        PnL: 13:10:20 MTM=84.50 Profit=0.01%
2026-07-21 13:10:21 INFO     strategy        PnL: 13:10:21 MTM=136.50 Profit=0.02%
2026-07-21 13:10:22 INFO     strategy        PnL: 13:10:22 MTM=136.50 Profit=0.02%
2026-07-21 13:10:23 INFO     strategy        PnL: 13:10:23 MTM=143.00 Profit=0.02%
2026-07-21 13:10:24 INFO     strategy        PnL: 13:10:24 MTM=123.50 Profit=0.02%
2026-07-21 13:10:25 INFO     strategy        PnL: 13:10:25 MTM=139.75 Profit=0.02%
2026-07-21 13:10:26 INFO     strategy        PnL: 13:10:26 MTM=133.25 Profit=0.02%
2026-07-21 13:10:27 INFO     strategy        PnL: 13:10:27 MTM=120.25 Profit=0.02%
2026-07-21 13:10:28 INFO     strategy        PnL: 13:10:28 MTM=139.75 Profit=0.02%
2026-07-21 13:10:29 INFO     strategy        PnL: 13:10:29 MTM=126.75 Profit=0.02%
2026-07-21 13:10:30 INFO     strategy        PnL: 13:10:30 MTM=130.00 Profit=0.02%
2026-07-21 13:10:31 INFO     strategy        PnL: 13:10:31 MTM=113.75 Profit=0.02%
2026-07-21 13:10:32 INFO     strategy        PnL: 13:10:32 MTM=94.25 Profit=0.01%
2026-07-21 13:10:33 INFO     strategy        PnL: 13:10:33 MTM=110.50 Profit=0.02%
2026-07-21 13:10:34 INFO     strategy        PnL: 13:10:34 MTM=123.50 Profit=0.02%
2026-07-21 13:10:35 INFO     strategy        PnL: 13:10:35 MTM=136.50 Profit=0.02%
2026-07-21 13:10:36 INFO     strategy        PnL: 13:10:36 MTM=110.50 Profit=0.02%
2026-07-21 13:10:37 INFO     strategy        PnL: 13:10:37 MTM=120.25 Profit=0.02%
2026-07-21 13:10:38 INFO     strategy        PnL: 13:10:38 MTM=126.75 Profit=0.02%
2026-07-21 13:10:39 INFO     strategy        PnL: 13:10:39 MTM=126.75 Profit=0.02%
2026-07-21 13:10:40 INFO     strategy        PnL: 13:10:40 MTM=126.75 Profit=0.02%
2026-07-21 13:10:41 INFO     strategy        PnL: 13:10:41 MTM=117.00 Profit=0.02%
2026-07-21 13:10:42 INFO     strategy        PnL: 13:10:42 MTM=113.75 Profit=0.02%
2026-07-21 13:10:43 INFO     strategy        PnL: 13:10:43 MTM=97.50 Profit=0.01%
2026-07-21 13:10:44 INFO     strategy        PnL: 13:10:44 MTM=139.75 Profit=0.02%
2026-07-21 13:10:45 INFO     strategy        PnL: 13:10:45 MTM=120.25 Profit=0.02%
2026-07-21 13:10:46 INFO     strategy        PnL: 13:10:46 MTM=120.25 Profit=0.02%
2026-07-21 13:10:47 INFO     strategy        PnL: 13:10:47 MTM=126.75 Profit=0.02%
2026-07-21 13:10:48 INFO     strategy        PnL: 13:10:48 MTM=136.50 Profit=0.02%
2026-07-21 13:10:49 INFO     strategy        PnL: 13:10:49 MTM=123.50 Profit=0.02%
2026-07-21 13:10:50 INFO     strategy        PnL: 13:10:50 MTM=139.75 Profit=0.02%
2026-07-21 13:10:51 INFO     strategy        PnL: 13:10:51 MTM=146.25 Profit=0.02%
2026-07-21 13:10:52 INFO     strategy        PnL: 13:10:52 MTM=123.50 Profit=0.02%
2026-07-21 13:10:53 INFO     strategy        PnL: 13:10:53 MTM=139.75 Profit=0.02%
2026-07-21 13:10:54 INFO     strategy        PnL: 13:10:54 MTM=136.50 Profit=0.02%
2026-07-21 13:10:55 INFO     strategy        PnL: 13:10:55 MTM=117.00 Profit=0.02%
2026-07-21 13:10:56 INFO     strategy        PnL: 13:10:56 MTM=117.00 Profit=0.02%
2026-07-21 13:10:57 INFO     strategy        PnL: 13:10:57 MTM=123.50 Profit=0.02%
2026-07-21 13:10:58 INFO     strategy        PnL: 13:10:58 MTM=146.25 Profit=0.02%
2026-07-21 13:10:59 INFO     strategy        PnL: 13:10:59 MTM=133.25 Profit=0.02%
2026-07-21 13:11:00 INFO     strategy        PnL: 13:11:00 MTM=133.25 Profit=0.02%
2026-07-21 13:11:01 INFO     strategy        PnL: 13:11:01 MTM=113.75 Profit=0.02%
2026-07-21 13:11:02 INFO     strategy        PnL: 13:11:02 MTM=120.25 Profit=0.02%
2026-07-21 13:11:03 INFO     strategy        PnL: 13:11:03 MTM=126.75 Profit=0.02%
2026-07-21 13:11:04 INFO     strategy        PnL: 13:11:04 MTM=126.75 Profit=0.02%
2026-07-21 13:11:05 INFO     strategy        PnL: 13:11:05 MTM=126.75 Profit=0.02%
2026-07-21 13:11:06 INFO     strategy        PnL: 13:11:06 MTM=136.50 Profit=0.02%
2026-07-21 13:11:07 INFO     strategy        PnL: 13:11:07 MTM=136.50 Profit=0.02%
2026-07-21 13:11:08 INFO     strategy        PnL: 13:11:08 MTM=152.75 Profit=0.02%
2026-07-21 13:11:09 INFO     strategy        PnL: 13:11:09 MTM=123.50 Profit=0.02%
2026-07-21 13:11:10 INFO     strategy        PnL: 13:11:10 MTM=110.50 Profit=0.02%
2026-07-21 13:11:11 INFO     strategy        PnL: 13:11:11 MTM=107.25 Profit=0.02%
2026-07-21 13:11:12 INFO     strategy        PnL: 13:11:12 MTM=123.50 Profit=0.02%
2026-07-21 13:11:13 INFO     strategy        PnL: 13:11:13 MTM=123.50 Profit=0.02%
2026-07-21 13:11:14 INFO     strategy        PnL: 13:11:14 MTM=126.75 Profit=0.02%
2026-07-21 13:11:15 INFO     strategy        PnL: 13:11:15 MTM=100.75 Profit=0.02%
2026-07-21 13:11:16 INFO     strategy        PnL: 13:11:16 MTM=123.50 Profit=0.02%
2026-07-21 13:11:17 INFO     strategy        PnL: 13:11:17 MTM=110.50 Profit=0.02%
2026-07-21 13:11:18 INFO     strategy        PnL: 13:11:18 MTM=133.25 Profit=0.02%
2026-07-21 13:11:19 INFO     strategy        PnL: 13:11:19 MTM=136.50 Profit=0.02%
2026-07-21 13:11:20 INFO     strategy        PnL: 13:11:20 MTM=133.25 Profit=0.02%
2026-07-21 13:11:21 INFO     strategy        PnL: 13:11:21 MTM=107.25 Profit=0.02%
2026-07-21 13:11:22 INFO     strategy        PnL: 13:11:22 MTM=143.00 Profit=0.02%
2026-07-21 13:11:23 INFO     strategy        PnL: 13:11:23 MTM=143.00 Profit=0.02%
2026-07-21 13:11:24 INFO     strategy        PnL: 13:11:24 MTM=126.75 Profit=0.02%
2026-07-21 13:11:25 INFO     strategy        PnL: 13:11:25 MTM=130.00 Profit=0.02%
2026-07-21 13:11:26 INFO     strategy        PnL: 13:11:26 MTM=107.25 Profit=0.02%
2026-07-21 13:11:27 INFO     strategy        PnL: 13:11:27 MTM=136.50 Profit=0.02%
2026-07-21 13:11:28 INFO     strategy        PnL: 13:11:28 MTM=120.25 Profit=0.02%
2026-07-21 13:11:29 INFO     strategy        PnL: 13:11:29 MTM=139.75 Profit=0.02%
2026-07-21 13:11:30 INFO     strategy        PnL: 13:11:30 MTM=130.00 Profit=0.02%
2026-07-21 13:11:31 INFO     strategy        PnL: 13:11:31 MTM=126.75 Profit=0.02%
2026-07-21 13:11:32 INFO     strategy        PnL: 13:11:32 MTM=110.50 Profit=0.02%
2026-07-21 13:11:33 INFO     strategy        PnL: 13:11:33 MTM=117.00 Profit=0.02%
2026-07-21 13:11:34 INFO     strategy        PnL: 13:11:34 MTM=136.50 Profit=0.02%
2026-07-21 13:11:36 INFO     strategy        PnL: 13:11:36 MTM=117.00 Profit=0.02%
2026-07-21 13:11:37 INFO     strategy        PnL: 13:11:37 MTM=120.25 Profit=0.02%
2026-07-21 13:11:38 INFO     strategy        PnL: 13:11:38 MTM=113.75 Profit=0.02%
2026-07-21 13:11:39 INFO     strategy        PnL: 13:11:39 MTM=130.00 Profit=0.02%
2026-07-21 13:11:40 INFO     strategy        PnL: 13:11:40 MTM=120.25 Profit=0.02%
2026-07-21 13:11:41 INFO     strategy        PnL: 13:11:41 MTM=130.00 Profit=0.02%
2026-07-21 13:11:42 INFO     strategy        PnL: 13:11:42 MTM=126.75 Profit=0.02%
2026-07-21 13:11:43 INFO     strategy        PnL: 13:11:43 MTM=117.00 Profit=0.02%
2026-07-21 13:11:44 INFO     strategy        PnL: 13:11:44 MTM=139.75 Profit=0.02%
2026-07-21 13:11:45 INFO     strategy        PnL: 13:11:45 MTM=123.50 Profit=0.02%
2026-07-21 13:11:46 INFO     strategy        PnL: 13:11:46 MTM=126.75 Profit=0.02%
2026-07-21 13:11:47 INFO     strategy        PnL: 13:11:47 MTM=120.25 Profit=0.02%
2026-07-21 13:11:48 INFO     strategy        PnL: 13:11:48 MTM=126.75 Profit=0.02%
2026-07-21 13:11:49 INFO     strategy        PnL: 13:11:49 MTM=139.75 Profit=0.02%
2026-07-21 13:11:50 INFO     strategy        PnL: 13:11:50 MTM=130.00 Profit=0.02%
2026-07-21 13:11:51 INFO     strategy        PnL: 13:11:51 MTM=126.75 Profit=0.02%
2026-07-21 13:11:52 INFO     strategy        PnL: 13:11:52 MTM=143.00 Profit=0.02%
2026-07-21 13:11:53 INFO     strategy        PnL: 13:11:53 MTM=107.25 Profit=0.02%
2026-07-21 13:11:54 INFO     strategy        PnL: 13:11:54 MTM=123.50 Profit=0.02%
2026-07-21 13:11:55 INFO     strategy        PnL: 13:11:55 MTM=123.50 Profit=0.02%
2026-07-21 13:11:56 INFO     strategy        PnL: 13:11:56 MTM=123.50 Profit=0.02%
2026-07-21 13:11:57 INFO     strategy        PnL: 13:11:57 MTM=139.75 Profit=0.02%
2026-07-21 13:11:58 INFO     strategy        PnL: 13:11:58 MTM=113.75 Profit=0.02%
2026-07-21 13:11:59 INFO     strategy        PnL: 13:11:59 MTM=123.50 Profit=0.02%
2026-07-21 13:12:00 INFO     strategy        PnL: 13:12:00 MTM=130.00 Profit=0.02%
2026-07-21 13:12:01 INFO     strategy        PnL: 13:12:01 MTM=133.25 Profit=0.02%
2026-07-21 13:12:02 INFO     strategy        PnL: 13:12:02 MTM=120.25 Profit=0.02%
2026-07-21 13:12:03 INFO     strategy        PnL: 13:12:03 MTM=123.50 Profit=0.02%
2026-07-21 13:12:04 INFO     strategy        PnL: 13:12:04 MTM=120.25 Profit=0.02%
2026-07-21 13:12:05 INFO     strategy        PnL: 13:12:05 MTM=123.50 Profit=0.02%
2026-07-21 13:12:06 INFO     strategy        PnL: 13:12:06 MTM=139.75 Profit=0.02%
2026-07-21 13:12:07 INFO     strategy        PnL: 13:12:07 MTM=130.00 Profit=0.02%
2026-07-21 13:12:08 INFO     strategy        PnL: 13:12:08 MTM=113.75 Profit=0.02%
2026-07-21 13:12:09 INFO     strategy        PnL: 13:12:09 MTM=104.00 Profit=0.02%
2026-07-21 13:12:10 INFO     strategy        PnL: 13:12:10 MTM=126.75 Profit=0.02%
2026-07-21 13:12:11 INFO     strategy        PnL: 13:12:11 MTM=123.50 Profit=0.02%
2026-07-21 13:12:12 INFO     strategy        PnL: 13:12:12 MTM=123.50 Profit=0.02%
2026-07-21 13:12:13 INFO     strategy        PnL: 13:12:13 MTM=110.50 Profit=0.02%
2026-07-21 13:12:14 INFO     strategy        PnL: 13:12:14 MTM=130.00 Profit=0.02%
2026-07-21 13:12:15 INFO     strategy        PnL: 13:12:15 MTM=100.75 Profit=0.02%
2026-07-21 13:12:16 INFO     strategy        PnL: 13:12:16 MTM=113.75 Profit=0.02%
2026-07-21 13:12:17 INFO     strategy        PnL: 13:12:17 MTM=123.50 Profit=0.02%
2026-07-21 13:12:18 INFO     strategy        PnL: 13:12:18 MTM=113.75 Profit=0.02%
2026-07-21 13:12:19 INFO     strategy        PnL: 13:12:19 MTM=113.75 Profit=0.02%
2026-07-21 13:12:20 INFO     strategy        PnL: 13:12:20 MTM=104.00 Profit=0.02%
2026-07-21 13:12:21 INFO     strategy        PnL: 13:12:21 MTM=120.25 Profit=0.02%
2026-07-21 13:12:22 INFO     strategy        PnL: 13:12:22 MTM=120.25 Profit=0.02%
2026-07-21 13:12:23 INFO     strategy        PnL: 13:12:23 MTM=117.00 Profit=0.02%
2026-07-21 13:12:24 INFO     strategy        PnL: 13:12:24 MTM=104.00 Profit=0.02%
2026-07-21 13:12:25 INFO     strategy        PnL: 13:12:25 MTM=110.50 Profit=0.02%
2026-07-21 13:12:26 INFO     strategy        PnL: 13:12:26 MTM=130.00 Profit=0.02%
2026-07-21 13:12:27 INFO     strategy        PnL: 13:12:27 MTM=120.25 Profit=0.02%
2026-07-21 13:12:28 INFO     strategy        PnL: 13:12:28 MTM=107.25 Profit=0.02%
2026-07-21 13:12:29 INFO     strategy        PnL: 13:12:29 MTM=123.50 Profit=0.02%
2026-07-21 13:12:30 INFO     strategy        PnL: 13:12:30 MTM=123.50 Profit=0.02%
2026-07-21 13:12:31 INFO     strategy        PnL: 13:12:31 MTM=113.75 Profit=0.02%
2026-07-21 13:12:32 INFO     strategy        PnL: 13:12:32 MTM=120.25 Profit=0.02%
2026-07-21 13:12:33 INFO     strategy        PnL: 13:12:33 MTM=117.00 Profit=0.02%
2026-07-21 13:12:34 INFO     strategy        PnL: 13:12:34 MTM=107.25 Profit=0.02%
2026-07-21 13:12:35 INFO     strategy        PnL: 13:12:35 MTM=104.00 Profit=0.02%
2026-07-21 13:12:36 INFO     strategy        PnL: 13:12:36 MTM=104.00 Profit=0.02%
2026-07-21 13:12:37 INFO     strategy        PnL: 13:12:37 MTM=120.25 Profit=0.02%
2026-07-21 13:12:38 INFO     strategy        PnL: 13:12:38 MTM=120.25 Profit=0.02%
2026-07-21 13:12:39 INFO     strategy        PnL: 13:12:39 MTM=123.50 Profit=0.02%
2026-07-21 13:12:40 INFO     strategy        PnL: 13:12:40 MTM=110.50 Profit=0.02%
2026-07-21 13:12:41 INFO     strategy        PnL: 13:12:41 MTM=123.50 Profit=0.02%
2026-07-21 13:12:42 INFO     strategy        PnL: 13:12:42 MTM=117.00 Profit=0.02%
2026-07-21 13:12:43 INFO     strategy        PnL: 13:12:43 MTM=107.25 Profit=0.02%
2026-07-21 13:12:44 INFO     strategy        PnL: 13:12:44 MTM=117.00 Profit=0.02%
2026-07-21 13:12:45 INFO     strategy        PnL: 13:12:45 MTM=133.25 Profit=0.02%
2026-07-21 13:12:46 INFO     strategy        PnL: 13:12:46 MTM=117.00 Profit=0.02%
2026-07-21 13:12:47 INFO     strategy        PnL: 13:12:47 MTM=117.00 Profit=0.02%
2026-07-21 13:12:48 INFO     strategy        PnL: 13:12:48 MTM=110.50 Profit=0.02%
2026-07-21 13:12:49 INFO     strategy        PnL: 13:12:49 MTM=123.50 Profit=0.02%
2026-07-21 13:12:50 INFO     strategy        PnL: 13:12:50 MTM=91.00 Profit=0.01%
2026-07-21 13:12:51 INFO     strategy        PnL: 13:12:51 MTM=94.25 Profit=0.01%
2026-07-21 13:12:52 INFO     strategy        PnL: 13:12:52 MTM=107.25 Profit=0.02%
2026-07-21 13:12:53 INFO     strategy        PnL: 13:12:53 MTM=113.75 Profit=0.02%
2026-07-21 13:12:54 INFO     strategy        PnL: 13:12:54 MTM=120.25 Profit=0.02%
2026-07-21 13:12:55 INFO     strategy        PnL: 13:12:55 MTM=94.25 Profit=0.01%
2026-07-21 13:12:56 INFO     strategy        PnL: 13:12:56 MTM=97.50 Profit=0.01%
2026-07-21 13:12:57 INFO     strategy        PnL: 13:12:57 MTM=113.75 Profit=0.02%
2026-07-21 13:12:58 INFO     strategy        PnL: 13:12:58 MTM=110.50 Profit=0.02%
2026-07-21 13:12:59 INFO     strategy        PnL: 13:12:59 MTM=107.25 Profit=0.02%
2026-07-21 13:13:00 INFO     strategy        PnL: 13:13:00 MTM=100.75 Profit=0.02%
2026-07-21 13:13:01 INFO     strategy        PnL: 13:13:01 MTM=107.25 Profit=0.02%
2026-07-21 13:13:02 INFO     strategy        PnL: 13:13:02 MTM=120.25 Profit=0.02%
2026-07-21 13:13:03 INFO     strategy        PnL: 13:13:03 MTM=113.75 Profit=0.02%
2026-07-21 13:13:04 INFO     strategy        PnL: 13:13:04 MTM=107.25 Profit=0.02%
2026-07-21 13:13:05 INFO     strategy        PnL: 13:13:05 MTM=104.00 Profit=0.02%
2026-07-21 13:13:06 INFO     strategy        PnL: 13:13:06 MTM=123.50 Profit=0.02%
2026-07-21 13:13:07 INFO     strategy        PnL: 13:13:07 MTM=91.00 Profit=0.01%
2026-07-21 13:13:08 INFO     strategy        PnL: 13:13:08 MTM=104.00 Profit=0.02%
2026-07-21 13:13:09 INFO     strategy        PnL: 13:13:09 MTM=104.00 Profit=0.02%
2026-07-21 13:13:10 INFO     strategy        PnL: 13:13:10 MTM=113.75 Profit=0.02%
2026-07-21 13:13:11 INFO     strategy        PnL: 13:13:11 MTM=123.50 Profit=0.02%
2026-07-21 13:13:12 INFO     strategy        PnL: 13:13:12 MTM=107.25 Profit=0.02%
2026-07-21 13:13:13 INFO     strategy        PnL: 13:13:13 MTM=123.50 Profit=0.02%
2026-07-21 13:13:14 INFO     strategy        PnL: 13:13:14 MTM=107.25 Profit=0.02%
2026-07-21 13:13:15 INFO     strategy        PnL: 13:13:15 MTM=107.25 Profit=0.02%
2026-07-21 13:13:16 INFO     strategy        PnL: 13:13:16 MTM=126.75 Profit=0.02%
2026-07-21 13:13:17 INFO     strategy        PnL: 13:13:17 MTM=107.25 Profit=0.02%
2026-07-21 13:13:18 INFO     strategy        PnL: 13:13:18 MTM=117.00 Profit=0.02%
2026-07-21 13:13:19 INFO     strategy        PnL: 13:13:19 MTM=104.00 Profit=0.02%
2026-07-21 13:13:20 INFO     strategy        PnL: 13:13:20 MTM=123.50 Profit=0.02%
2026-07-21 13:13:21 INFO     strategy        PnL: 13:13:21 MTM=81.25 Profit=0.01%
2026-07-21 13:13:22 INFO     strategy        PnL: 13:13:22 MTM=113.75 Profit=0.02%
2026-07-21 13:13:23 INFO     strategy        PnL: 13:13:23 MTM=110.50 Profit=0.02%
2026-07-21 13:13:24 INFO     strategy        PnL: 13:13:24 MTM=126.75 Profit=0.02%
2026-07-21 13:13:25 INFO     strategy        PnL: 13:13:25 MTM=100.75 Profit=0.02%
2026-07-21 13:13:26 INFO     strategy        PnL: 13:13:26 MTM=126.75 Profit=0.02%
2026-07-21 13:13:27 INFO     strategy        PnL: 13:13:27 MTM=117.00 Profit=0.02%
2026-07-21 13:13:28 INFO     strategy        PnL: 13:13:28 MTM=117.00 Profit=0.02%
2026-07-21 13:13:29 INFO     strategy        PnL: 13:13:29 MTM=107.25 Profit=0.02%
2026-07-21 13:13:30 INFO     strategy        PnL: 13:13:30 MTM=113.75 Profit=0.02%
2026-07-21 13:13:31 INFO     strategy        PnL: 13:13:31 MTM=104.00 Profit=0.02%
2026-07-21 13:13:32 INFO     strategy        PnL: 13:13:32 MTM=123.50 Profit=0.02%
2026-07-21 13:13:33 INFO     strategy        PnL: 13:13:33 MTM=120.25 Profit=0.02%
2026-07-21 13:13:34 INFO     strategy        PnL: 13:13:34 MTM=113.75 Profit=0.02%
2026-07-21 13:13:35 INFO     strategy        PnL: 13:13:35 MTM=113.75 Profit=0.02%
2026-07-21 13:13:36 INFO     strategy        PnL: 13:13:36 MTM=123.50 Profit=0.02%
2026-07-21 13:13:37 INFO     strategy        PnL: 13:13:37 MTM=110.50 Profit=0.02%
2026-07-21 13:13:38 INFO     strategy        PnL: 13:13:38 MTM=120.25 Profit=0.02%
2026-07-21 13:13:39 INFO     strategy        PnL: 13:13:39 MTM=120.25 Profit=0.02%
2026-07-21 13:13:40 INFO     strategy        PnL: 13:13:40 MTM=107.25 Profit=0.02%
2026-07-21 13:13:41 INFO     strategy        PnL: 13:13:41 MTM=126.75 Profit=0.02%
2026-07-21 13:13:42 INFO     strategy        PnL: 13:13:42 MTM=104.00 Profit=0.02%
2026-07-21 13:13:43 INFO     strategy        PnL: 13:13:43 MTM=117.00 Profit=0.02%
2026-07-21 13:13:44 INFO     strategy        PnL: 13:13:44 MTM=107.25 Profit=0.02%
2026-07-21 13:13:46 INFO     strategy        PnL: 13:13:46 MTM=120.25 Profit=0.02%
2026-07-21 13:13:47 INFO     strategy        PnL: 13:13:47 MTM=133.25 Profit=0.02%
2026-07-21 13:13:48 INFO     strategy        PnL: 13:13:48 MTM=126.75 Profit=0.02%
2026-07-21 13:13:49 INFO     strategy        PnL: 13:13:49 MTM=123.50 Profit=0.02%
2026-07-21 13:13:50 INFO     strategy        PnL: 13:13:50 MTM=133.25 Profit=0.02%
2026-07-21 13:13:51 INFO     strategy        PnL: 13:13:51 MTM=146.25 Profit=0.02%
2026-07-21 13:13:52 INFO     strategy        PnL: 13:13:52 MTM=123.50 Profit=0.02%
2026-07-21 13:13:53 INFO     strategy        PnL: 13:13:53 MTM=120.25 Profit=0.02%
2026-07-21 13:13:54 INFO     strategy        PnL: 13:13:54 MTM=126.75 Profit=0.02%
2026-07-21 13:13:55 INFO     strategy        PnL: 13:13:55 MTM=136.50 Profit=0.02%
2026-07-21 13:13:56 INFO     strategy        PnL: 13:13:56 MTM=130.00 Profit=0.02%
2026-07-21 13:13:57 INFO     strategy        PnL: 13:13:57 MTM=126.75 Profit=0.02%
2026-07-21 13:13:58 INFO     strategy        PnL: 13:13:58 MTM=133.25 Profit=0.02%
2026-07-21 13:13:59 INFO     strategy        PnL: 13:13:59 MTM=136.50 Profit=0.02%
2026-07-21 13:14:00 INFO     strategy        PnL: 13:14:00 MTM=123.50 Profit=0.02%
2026-07-21 13:14:01 INFO     strategy        PnL: 13:14:01 MTM=126.75 Profit=0.02%
2026-07-21 13:14:02 INFO     strategy        PnL: 13:14:02 MTM=123.50 Profit=0.02%
2026-07-21 13:14:03 INFO     strategy        PnL: 13:14:03 MTM=120.25 Profit=0.02%
2026-07-21 13:14:04 INFO     strategy        PnL: 13:14:04 MTM=110.50 Profit=0.02%
2026-07-21 13:14:05 INFO     strategy        PnL: 13:14:05 MTM=123.50 Profit=0.02%
2026-07-21 13:14:06 INFO     strategy        PnL: 13:14:06 MTM=143.00 Profit=0.02%
2026-07-21 13:14:07 INFO     strategy        PnL: 13:14:07 MTM=123.50 Profit=0.02%
2026-07-21 13:14:08 INFO     strategy        PnL: 13:14:08 MTM=120.25 Profit=0.02%
2026-07-21 13:14:09 INFO     strategy        PnL: 13:14:09 MTM=123.50 Profit=0.02%
2026-07-21 13:14:10 INFO     strategy        PnL: 13:14:10 MTM=126.75 Profit=0.02%
2026-07-21 13:14:11 INFO     strategy        PnL: 13:14:11 MTM=107.25 Profit=0.02%
2026-07-21 13:14:12 INFO     strategy        PnL: 13:14:12 MTM=120.25 Profit=0.02%
2026-07-21 13:14:13 INFO     strategy        PnL: 13:14:13 MTM=136.50 Profit=0.02%
2026-07-21 13:14:14 INFO     strategy        PnL: 13:14:14 MTM=136.50 Profit=0.02%
2026-07-21 13:14:15 INFO     strategy        PnL: 13:14:15 MTM=146.25 Profit=0.02%
2026-07-21 13:14:16 INFO     strategy        PnL: 13:14:16 MTM=133.25 Profit=0.02%
2026-07-21 13:14:17 INFO     strategy        PnL: 13:14:17 MTM=133.25 Profit=0.02%
2026-07-21 13:14:18 INFO     strategy        PnL: 13:14:18 MTM=133.25 Profit=0.02%
2026-07-21 13:14:19 INFO     strategy        PnL: 13:14:19 MTM=126.75 Profit=0.02%
2026-07-21 13:14:20 INFO     strategy        PnL: 13:14:20 MTM=110.50 Profit=0.02%
2026-07-21 13:14:21 INFO     strategy        PnL: 13:14:21 MTM=117.00 Profit=0.02%
2026-07-21 13:14:22 INFO     strategy        PnL: 13:14:22 MTM=130.00 Profit=0.02%
2026-07-21 13:14:23 INFO     strategy        PnL: 13:14:23 MTM=126.75 Profit=0.02%
2026-07-21 13:14:24 INFO     strategy        PnL: 13:14:24 MTM=126.75 Profit=0.02%
2026-07-21 13:14:25 INFO     strategy        PnL: 13:14:25 MTM=133.25 Profit=0.02%
2026-07-21 13:14:26 INFO     strategy        PnL: 13:14:26 MTM=139.75 Profit=0.02%
2026-07-21 13:14:27 INFO     strategy        PnL: 13:14:27 MTM=136.50 Profit=0.02%
2026-07-21 13:14:28 INFO     strategy        PnL: 13:14:28 MTM=136.50 Profit=0.02%
2026-07-21 13:14:29 INFO     strategy        PnL: 13:14:29 MTM=133.25 Profit=0.02%
2026-07-21 13:14:30 INFO     strategy        PnL: 13:14:30 MTM=97.50 Profit=0.01%
2026-07-21 13:14:31 INFO     strategy        PnL: 13:14:31 MTM=130.00 Profit=0.02%
2026-07-21 13:14:32 INFO     strategy        PnL: 13:14:32 MTM=136.50 Profit=0.02%
2026-07-21 13:14:33 INFO     strategy        PnL: 13:14:33 MTM=139.75 Profit=0.02%
2026-07-21 13:14:34 INFO     strategy        PnL: 13:14:34 MTM=117.00 Profit=0.02%
2026-07-21 13:14:35 INFO     strategy        PnL: 13:14:35 MTM=123.50 Profit=0.02%
2026-07-21 13:14:36 INFO     strategy        PnL: 13:14:36 MTM=100.75 Profit=0.02%
2026-07-21 13:14:37 INFO     strategy        PnL: 13:14:37 MTM=120.25 Profit=0.02%
2026-07-21 13:14:38 INFO     strategy        PnL: 13:14:38 MTM=123.50 Profit=0.02%
2026-07-21 13:14:39 INFO     strategy        PnL: 13:14:39 MTM=110.50 Profit=0.02%
2026-07-21 13:14:40 INFO     strategy        PnL: 13:14:40 MTM=120.25 Profit=0.02%
2026-07-21 13:14:41 INFO     strategy        PnL: 13:14:41 MTM=133.25 Profit=0.02%
2026-07-21 13:14:42 INFO     strategy        PnL: 13:14:42 MTM=107.25 Profit=0.02%
2026-07-21 13:14:43 INFO     strategy        PnL: 13:14:43 MTM=133.25 Profit=0.02%
2026-07-21 13:14:44 INFO     strategy        PnL: 13:14:44 MTM=123.50 Profit=0.02%
2026-07-21 13:14:45 INFO     strategy        PnL: 13:14:45 MTM=107.25 Profit=0.02%
2026-07-21 13:14:46 INFO     strategy        PnL: 13:14:46 MTM=107.25 Profit=0.02%
2026-07-21 13:14:47 INFO     strategy        PnL: 13:14:47 MTM=117.00 Profit=0.02%
2026-07-21 13:14:48 INFO     strategy        PnL: 13:14:48 MTM=107.25 Profit=0.02%
2026-07-21 13:14:49 INFO     strategy        PnL: 13:14:49 MTM=107.25 Profit=0.02%
2026-07-21 13:14:50 INFO     strategy        PnL: 13:14:50 MTM=117.00 Profit=0.02%
2026-07-21 13:14:51 INFO     strategy        PnL: 13:14:51 MTM=113.75 Profit=0.02%
2026-07-21 13:14:52 INFO     strategy        PnL: 13:14:52 MTM=110.50 Profit=0.02%
2026-07-21 13:14:53 INFO     strategy        PnL: 13:14:53 MTM=117.00 Profit=0.02%
2026-07-21 13:14:54 INFO     strategy        PnL: 13:14:54 MTM=110.50 Profit=0.02%
2026-07-21 13:14:55 INFO     strategy        PnL: 13:14:55 MTM=136.50 Profit=0.02%
2026-07-21 13:14:56 INFO     strategy        PnL: 13:14:56 MTM=117.00 Profit=0.02%
2026-07-21 13:14:57 INFO     strategy        PnL: 13:14:57 MTM=113.75 Profit=0.02%
2026-07-21 13:14:58 INFO     strategy        PnL: 13:14:58 MTM=126.75 Profit=0.02%
2026-07-21 13:14:59 INFO     strategy        PnL: 13:14:59 MTM=113.75 Profit=0.02%
2026-07-21 13:15:00 INFO     strategy        PnL: 13:15:00 MTM=110.50 Profit=0.02%
2026-07-21 13:15:01 INFO     strategy        PnL: 13:15:01 MTM=84.50 Profit=0.01%
2026-07-21 13:15:02 INFO     strategy        PnL: 13:15:02 MTM=104.00 Profit=0.02%
2026-07-21 13:15:03 INFO     strategy        PnL: 13:15:03 MTM=110.50 Profit=0.02%
2026-07-21 13:15:04 INFO     strategy        PnL: 13:15:04 MTM=120.25 Profit=0.02%
2026-07-21 13:15:05 INFO     strategy        PnL: 13:15:05 MTM=126.75 Profit=0.02%
2026-07-21 13:15:06 INFO     strategy        PnL: 13:15:06 MTM=110.50 Profit=0.02%
2026-07-21 13:15:07 INFO     strategy        PnL: 13:15:07 MTM=136.50 Profit=0.02%
2026-07-21 13:15:08 INFO     strategy        PnL: 13:15:08 MTM=120.25 Profit=0.02%
2026-07-21 13:15:09 INFO     strategy        PnL: 13:15:09 MTM=107.25 Profit=0.02%
2026-07-21 13:15:10 INFO     strategy        PnL: 13:15:10 MTM=130.00 Profit=0.02%
2026-07-21 13:15:11 INFO     strategy        PnL: 13:15:11 MTM=146.25 Profit=0.02%
2026-07-21 13:15:12 INFO     strategy        PnL: 13:15:12 MTM=117.00 Profit=0.02%
2026-07-21 13:15:13 INFO     strategy        PnL: 13:15:13 MTM=126.75 Profit=0.02%
2026-07-21 13:15:14 INFO     strategy        PnL: 13:15:14 MTM=120.25 Profit=0.02%
2026-07-21 13:15:15 INFO     strategy        PnL: 13:15:15 MTM=143.00 Profit=0.02%
2026-07-21 13:15:16 INFO     strategy        PnL: 13:15:16 MTM=139.75 Profit=0.02%
2026-07-21 13:15:17 INFO     strategy        PnL: 13:15:17 MTM=133.25 Profit=0.02%
2026-07-21 13:15:18 INFO     strategy        PnL: 13:15:18 MTM=117.00 Profit=0.02%
2026-07-21 13:15:19 INFO     strategy        PnL: 13:15:19 MTM=123.50 Profit=0.02%
2026-07-21 13:15:20 INFO     strategy        PnL: 13:15:20 MTM=117.00 Profit=0.02%
2026-07-21 13:15:21 INFO     strategy        PnL: 13:15:21 MTM=126.75 Profit=0.02%
2026-07-21 13:15:22 INFO     strategy        PnL: 13:15:22 MTM=123.50 Profit=0.02%
2026-07-21 13:15:23 INFO     strategy        PnL: 13:15:23 MTM=110.50 Profit=0.02%
2026-07-21 13:15:24 INFO     strategy        PnL: 13:15:24 MTM=123.50 Profit=0.02%
2026-07-21 13:15:25 INFO     strategy        PnL: 13:15:25 MTM=136.50 Profit=0.02%
2026-07-21 13:15:26 INFO     strategy        PnL: 13:15:26 MTM=133.25 Profit=0.02%
2026-07-21 13:15:27 INFO     strategy        PnL: 13:15:27 MTM=120.25 Profit=0.02%
2026-07-21 13:15:29 INFO     strategy        PnL: 13:15:28 MTM=123.50 Profit=0.02%
2026-07-21 13:15:30 INFO     strategy        PnL: 13:15:30 MTM=130.00 Profit=0.02%
2026-07-21 13:15:31 INFO     strategy        PnL: 13:15:31 MTM=126.75 Profit=0.02%
2026-07-21 13:15:32 INFO     strategy        PnL: 13:15:32 MTM=117.00 Profit=0.02%
2026-07-21 13:15:33 INFO     strategy        PnL: 13:15:33 MTM=130.00 Profit=0.02%
2026-07-21 13:15:34 INFO     strategy        PnL: 13:15:34 MTM=110.50 Profit=0.02%
2026-07-21 13:15:35 INFO     strategy        PnL: 13:15:35 MTM=97.50 Profit=0.01%
2026-07-21 13:15:36 INFO     strategy        PnL: 13:15:36 MTM=97.50 Profit=0.01%
2026-07-21 13:15:37 INFO     strategy        PnL: 13:15:37 MTM=123.50 Profit=0.02%
2026-07-21 13:15:38 INFO     strategy        PnL: 13:15:38 MTM=123.50 Profit=0.02%
2026-07-21 13:15:39 INFO     strategy        PnL: 13:15:39 MTM=120.25 Profit=0.02%
2026-07-21 13:15:40 INFO     strategy        PnL: 13:15:40 MTM=123.50 Profit=0.02%
2026-07-21 13:15:41 INFO     strategy        PnL: 13:15:41 MTM=133.25 Profit=0.02%
2026-07-21 13:15:42 INFO     strategy        PnL: 13:15:42 MTM=136.50 Profit=0.02%
2026-07-21 13:15:43 INFO     strategy        PnL: 13:15:43 MTM=120.25 Profit=0.02%
2026-07-21 13:15:44 INFO     strategy        PnL: 13:15:44 MTM=143.00 Profit=0.02%
2026-07-21 13:15:45 INFO     strategy        PnL: 13:15:45 MTM=117.00 Profit=0.02%
2026-07-21 13:15:46 INFO     strategy        PnL: 13:15:46 MTM=126.75 Profit=0.02%
2026-07-21 13:15:47 INFO     strategy        PnL: 13:15:47 MTM=133.25 Profit=0.02%
2026-07-21 13:15:48 INFO     strategy        PnL: 13:15:48 MTM=130.00 Profit=0.02%
2026-07-21 13:15:49 INFO     strategy        PnL: 13:15:49 MTM=136.50 Profit=0.02%
2026-07-21 13:15:50 INFO     strategy        PnL: 13:15:50 MTM=139.75 Profit=0.02%
2026-07-21 13:15:51 INFO     strategy        PnL: 13:15:51 MTM=143.00 Profit=0.02%
2026-07-21 13:15:52 INFO     strategy        PnL: 13:15:52 MTM=152.75 Profit=0.02%
2026-07-21 13:15:53 INFO     strategy        PnL: 13:15:53 MTM=126.75 Profit=0.02%
2026-07-21 13:15:54 INFO     strategy        PnL: 13:15:54 MTM=130.00 Profit=0.02%
2026-07-21 13:15:55 INFO     strategy        PnL: 13:15:55 MTM=139.75 Profit=0.02%
2026-07-21 13:15:56 INFO     strategy        PnL: 13:15:56 MTM=136.50 Profit=0.02%
2026-07-21 13:15:57 INFO     strategy        PnL: 13:15:57 MTM=107.25 Profit=0.02%
2026-07-21 13:15:58 INFO     strategy        PnL: 13:15:58 MTM=123.50 Profit=0.02%
2026-07-21 13:15:59 INFO     strategy        PnL: 13:15:59 MTM=130.00 Profit=0.02%
2026-07-21 13:16:00 INFO     strategy        PnL: 13:16:00 MTM=130.00 Profit=0.02%
2026-07-21 13:16:01 INFO     strategy        PnL: 13:16:01 MTM=139.75 Profit=0.02%
2026-07-21 13:16:02 INFO     strategy        PnL: 13:16:02 MTM=126.75 Profit=0.02%
2026-07-21 13:16:03 INFO     strategy        PnL: 13:16:03 MTM=126.75 Profit=0.02%
2026-07-21 13:16:04 INFO     strategy        PnL: 13:16:04 MTM=123.50 Profit=0.02%
2026-07-21 13:16:05 INFO     strategy        PnL: 13:16:05 MTM=123.50 Profit=0.02%
2026-07-21 13:16:06 INFO     strategy        PnL: 13:16:06 MTM=123.50 Profit=0.02%
2026-07-21 13:16:07 INFO     strategy        PnL: 13:16:07 MTM=130.00 Profit=0.02%
2026-07-21 13:16:08 INFO     strategy        PnL: 13:16:08 MTM=104.00 Profit=0.02%
2026-07-21 13:16:09 INFO     strategy        PnL: 13:16:09 MTM=107.25 Profit=0.02%
2026-07-21 13:16:10 INFO     strategy        PnL: 13:16:10 MTM=120.25 Profit=0.02%
2026-07-21 13:16:11 INFO     strategy        PnL: 13:16:11 MTM=110.50 Profit=0.02%
2026-07-21 13:16:12 INFO     strategy        PnL: 13:16:12 MTM=117.00 Profit=0.02%
2026-07-21 13:16:13 INFO     strategy        PnL: 13:16:13 MTM=120.25 Profit=0.02%
2026-07-21 13:16:14 INFO     strategy        PnL: 13:16:14 MTM=100.75 Profit=0.02%
2026-07-21 13:16:15 INFO     strategy        PnL: 13:16:15 MTM=123.50 Profit=0.02%
2026-07-21 13:16:16 INFO     strategy        PnL: 13:16:16 MTM=126.75 Profit=0.02%
2026-07-21 13:16:17 INFO     strategy        PnL: 13:16:17 MTM=117.00 Profit=0.02%
2026-07-21 13:16:18 INFO     strategy        PnL: 13:16:18 MTM=130.00 Profit=0.02%
2026-07-21 13:16:19 INFO     strategy        PnL: 13:16:19 MTM=120.25 Profit=0.02%
2026-07-21 13:16:20 INFO     strategy        PnL: 13:16:20 MTM=133.25 Profit=0.02%
2026-07-21 13:16:21 INFO     strategy        PnL: 13:16:21 MTM=100.75 Profit=0.02%
2026-07-21 13:16:22 INFO     strategy        PnL: 13:16:22 MTM=123.50 Profit=0.02%
2026-07-21 13:16:23 INFO     strategy        PnL: 13:16:23 MTM=104.00 Profit=0.02%
2026-07-21 13:16:24 INFO     strategy        PnL: 13:16:24 MTM=143.00 Profit=0.02%
2026-07-21 13:16:25 INFO     strategy        PnL: 13:16:25 MTM=123.50 Profit=0.02%
2026-07-21 13:16:26 INFO     strategy        PnL: 13:16:26 MTM=139.75 Profit=0.02%
2026-07-21 13:16:27 INFO     strategy        PnL: 13:16:27 MTM=139.75 Profit=0.02%
2026-07-21 13:16:28 INFO     strategy        PnL: 13:16:28 MTM=133.25 Profit=0.02%
2026-07-21 13:16:29 INFO     strategy        PnL: 13:16:29 MTM=126.75 Profit=0.02%
2026-07-21 13:16:30 INFO     strategy        PnL: 13:16:30 MTM=146.25 Profit=0.02%
2026-07-21 13:16:31 INFO     strategy        PnL: 13:16:31 MTM=126.75 Profit=0.02%
2026-07-21 13:16:32 INFO     strategy        PnL: 13:16:32 MTM=156.00 Profit=0.02%
2026-07-21 13:16:33 INFO     strategy        PnL: 13:16:33 MTM=146.25 Profit=0.02%
2026-07-21 13:16:34 INFO     strategy        PnL: 13:16:34 MTM=136.50 Profit=0.02%
2026-07-21 13:16:35 INFO     strategy        PnL: 13:16:35 MTM=126.75 Profit=0.02%
2026-07-21 13:16:36 INFO     strategy        PnL: 13:16:36 MTM=156.00 Profit=0.02%
2026-07-21 13:16:37 INFO     strategy        PnL: 13:16:37 MTM=126.75 Profit=0.02%
2026-07-21 13:16:38 INFO     strategy        PnL: 13:16:38 MTM=143.00 Profit=0.02%
2026-07-21 13:16:39 INFO     strategy        PnL: 13:16:39 MTM=139.75 Profit=0.02%
2026-07-21 13:16:40 INFO     strategy        PnL: 13:16:40 MTM=146.25 Profit=0.02%
2026-07-21 13:16:41 INFO     strategy        PnL: 13:16:41 MTM=123.50 Profit=0.02%
2026-07-21 13:16:42 INFO     strategy        PnL: 13:16:42 MTM=130.00 Profit=0.02%
2026-07-21 13:16:43 INFO     strategy        PnL: 13:16:43 MTM=146.25 Profit=0.02%
2026-07-21 13:16:44 INFO     strategy        PnL: 13:16:44 MTM=133.25 Profit=0.02%
2026-07-21 13:16:45 INFO     strategy        PnL: 13:16:45 MTM=149.50 Profit=0.02%
2026-07-21 13:16:46 INFO     strategy        PnL: 13:16:46 MTM=139.75 Profit=0.02%
2026-07-21 13:16:47 INFO     strategy        PnL: 13:16:47 MTM=146.25 Profit=0.02%
2026-07-21 13:16:48 INFO     strategy        PnL: 13:16:48 MTM=162.50 Profit=0.02%
2026-07-21 13:16:49 INFO     strategy        PnL: 13:16:49 MTM=152.75 Profit=0.02%
2026-07-21 13:16:50 INFO     strategy        PnL: 13:16:50 MTM=152.75 Profit=0.02%
2026-07-21 13:16:51 INFO     strategy        PnL: 13:16:51 MTM=149.50 Profit=0.02%
2026-07-21 13:16:52 INFO     strategy        PnL: 13:16:52 MTM=143.00 Profit=0.02%
2026-07-21 13:16:53 INFO     strategy        PnL: 13:16:53 MTM=156.00 Profit=0.02%
2026-07-21 13:16:54 INFO     strategy        PnL: 13:16:54 MTM=133.25 Profit=0.02%
2026-07-21 13:16:55 INFO     strategy        PnL: 13:16:55 MTM=130.00 Profit=0.02%
2026-07-21 13:16:56 INFO     strategy        PnL: 13:16:56 MTM=149.50 Profit=0.02%
2026-07-21 13:16:57 INFO     strategy        PnL: 13:16:57 MTM=149.50 Profit=0.02%
2026-07-21 13:16:58 INFO     strategy        PnL: 13:16:58 MTM=165.75 Profit=0.02%
2026-07-21 13:16:59 INFO     strategy        PnL: 13:16:59 MTM=165.75 Profit=0.02%
2026-07-21 13:17:00 INFO     strategy        PnL: 13:17:00 MTM=146.25 Profit=0.02%
2026-07-21 13:17:01 INFO     strategy        PnL: 13:17:01 MTM=146.25 Profit=0.02%
2026-07-21 13:17:02 INFO     strategy        PnL: 13:17:02 MTM=152.75 Profit=0.02%
2026-07-21 13:17:03 INFO     strategy        PnL: 13:17:03 MTM=156.00 Profit=0.02%
2026-07-21 13:17:04 INFO     strategy        PnL: 13:17:04 MTM=143.00 Profit=0.02%
2026-07-21 13:17:05 INFO     strategy        PnL: 13:17:05 MTM=136.50 Profit=0.02%
2026-07-21 13:17:06 INFO     strategy        PnL: 13:17:06 MTM=175.50 Profit=0.03%
2026-07-21 13:17:07 INFO     strategy        PnL: 13:17:07 MTM=159.25 Profit=0.02%
2026-07-21 13:17:09 INFO     strategy        PnL: 13:17:09 MTM=162.50 Profit=0.02%
2026-07-21 13:17:10 INFO     strategy        PnL: 13:17:10 MTM=149.50 Profit=0.02%
2026-07-21 13:17:11 INFO     strategy        PnL: 13:17:11 MTM=143.00 Profit=0.02%
2026-07-21 13:17:12 INFO     strategy        PnL: 13:17:12 MTM=143.00 Profit=0.02%
2026-07-21 13:17:13 INFO     strategy        PnL: 13:17:13 MTM=156.00 Profit=0.02%
2026-07-21 13:17:14 INFO     strategy        PnL: 13:17:14 MTM=136.50 Profit=0.02%
2026-07-21 13:17:15 INFO     strategy        PnL: 13:17:15 MTM=172.25 Profit=0.03%
2026-07-21 13:17:16 INFO     strategy        PnL: 13:17:16 MTM=146.25 Profit=0.02%
2026-07-21 13:17:17 INFO     strategy        PnL: 13:17:17 MTM=165.75 Profit=0.02%
2026-07-21 13:17:18 INFO     strategy        PnL: 13:17:18 MTM=149.50 Profit=0.02%
2026-07-21 13:17:19 INFO     strategy        PnL: 13:17:19 MTM=165.75 Profit=0.02%
2026-07-21 13:17:20 INFO     strategy        PnL: 13:17:20 MTM=159.25 Profit=0.02%
2026-07-21 13:17:21 INFO     strategy        PnL: 13:17:21 MTM=162.50 Profit=0.02%
2026-07-21 13:17:22 INFO     strategy        PnL: 13:17:22 MTM=159.25 Profit=0.02%
2026-07-21 13:17:23 INFO     strategy        PnL: 13:17:23 MTM=165.75 Profit=0.02%
2026-07-21 13:17:24 INFO     strategy        PnL: 13:17:24 MTM=178.75 Profit=0.03%
2026-07-21 13:17:25 INFO     strategy        PnL: 13:17:25 MTM=146.25 Profit=0.02%
2026-07-21 13:17:26 INFO     strategy        PnL: 13:17:26 MTM=146.25 Profit=0.02%
2026-07-21 13:17:27 INFO     strategy        PnL: 13:17:27 MTM=172.25 Profit=0.03%
2026-07-21 13:17:28 INFO     strategy        PnL: 13:17:28 MTM=162.50 Profit=0.02%
2026-07-21 13:17:29 INFO     strategy        PnL: 13:17:29 MTM=159.25 Profit=0.02%
2026-07-21 13:17:30 INFO     strategy        PnL: 13:17:30 MTM=169.00 Profit=0.03%
2026-07-21 13:17:31 INFO     strategy        PnL: 13:17:31 MTM=165.75 Profit=0.02%
2026-07-21 13:17:32 INFO     strategy        PnL: 13:17:32 MTM=172.25 Profit=0.03%
2026-07-21 13:17:33 INFO     strategy        PnL: 13:17:33 MTM=159.25 Profit=0.02%
2026-07-21 13:17:34 INFO     strategy        PnL: 13:17:34 MTM=159.25 Profit=0.02%
2026-07-21 13:17:35 INFO     strategy        PnL: 13:17:35 MTM=165.75 Profit=0.02%
2026-07-21 13:17:36 INFO     strategy        PnL: 13:17:36 MTM=172.25 Profit=0.03%
2026-07-21 13:17:37 INFO     strategy        PnL: 13:17:37 MTM=162.50 Profit=0.02%
2026-07-21 13:17:38 INFO     strategy        PnL: 13:17:38 MTM=162.50 Profit=0.02%
2026-07-21 13:17:39 INFO     strategy        PnL: 13:17:39 MTM=182.00 Profit=0.03%
2026-07-21 13:17:40 INFO     strategy        PnL: 13:17:40 MTM=159.25 Profit=0.02%
2026-07-21 13:17:41 INFO     strategy        PnL: 13:17:41 MTM=165.75 Profit=0.02%
2026-07-21 13:17:42 INFO     strategy        PnL: 13:17:42 MTM=156.00 Profit=0.02%
2026-07-21 13:17:43 INFO     strategy        PnL: 13:17:43 MTM=182.00 Profit=0.03%
2026-07-21 13:17:44 INFO     strategy        PnL: 13:17:44 MTM=162.50 Profit=0.02%
2026-07-21 13:17:45 INFO     strategy        PnL: 13:17:45 MTM=162.50 Profit=0.02%
2026-07-21 13:17:46 INFO     strategy        PnL: 13:17:46 MTM=159.25 Profit=0.02%
2026-07-21 13:17:47 INFO     strategy        PnL: 13:17:47 MTM=169.00 Profit=0.03%
2026-07-21 13:17:48 INFO     strategy        PnL: 13:17:48 MTM=156.00 Profit=0.02%
2026-07-21 13:17:49 INFO     strategy        PnL: 13:17:49 MTM=172.25 Profit=0.03%
2026-07-21 13:17:50 INFO     strategy        PnL: 13:17:50 MTM=156.00 Profit=0.02%
2026-07-21 13:17:51 INFO     strategy        PnL: 13:17:51 MTM=152.75 Profit=0.02%
2026-07-21 13:17:52 INFO     strategy        PnL: 13:17:52 MTM=178.75 Profit=0.03%
2026-07-21 13:17:53 INFO     strategy        PnL: 13:17:53 MTM=162.50 Profit=0.02%
2026-07-21 13:17:54 INFO     strategy        PnL: 13:17:54 MTM=185.25 Profit=0.03%
2026-07-21 13:17:55 INFO     strategy        PnL: 13:17:55 MTM=175.50 Profit=0.03%
2026-07-21 13:17:56 INFO     strategy        PnL: 13:17:56 MTM=172.25 Profit=0.03%
2026-07-21 13:17:57 INFO     strategy        PnL: 13:17:57 MTM=172.25 Profit=0.03%
2026-07-21 13:17:58 INFO     strategy        PnL: 13:17:58 MTM=146.25 Profit=0.02%
2026-07-21 13:17:59 INFO     strategy        PnL: 13:17:59 MTM=162.50 Profit=0.02%
2026-07-21 13:18:00 INFO     strategy        PnL: 13:18:00 MTM=182.00 Profit=0.03%
2026-07-21 13:18:01 INFO     strategy        PnL: 13:18:01 MTM=182.00 Profit=0.03%
2026-07-21 13:18:02 INFO     strategy        PnL: 13:18:02 MTM=162.50 Profit=0.02%
2026-07-21 13:18:03 INFO     strategy        PnL: 13:18:03 MTM=169.00 Profit=0.03%
2026-07-21 13:18:04 INFO     strategy        PnL: 13:18:04 MTM=175.50 Profit=0.03%
2026-07-21 13:18:05 INFO     strategy        PnL: 13:18:05 MTM=185.25 Profit=0.03%
2026-07-21 13:18:06 INFO     strategy        PnL: 13:18:06 MTM=162.50 Profit=0.02%
2026-07-21 13:18:07 INFO     strategy        PnL: 13:18:07 MTM=156.00 Profit=0.02%
2026-07-21 13:18:08 INFO     strategy        PnL: 13:18:08 MTM=152.75 Profit=0.02%
2026-07-21 13:18:09 INFO     strategy        PnL: 13:18:09 MTM=156.00 Profit=0.02%
2026-07-21 13:18:10 INFO     strategy        PnL: 13:18:10 MTM=169.00 Profit=0.03%
2026-07-21 13:18:11 INFO     strategy        PnL: 13:18:11 MTM=169.00 Profit=0.03%
2026-07-21 13:18:12 INFO     strategy        PnL: 13:18:12 MTM=159.25 Profit=0.02%
2026-07-21 13:18:13 INFO     strategy        PnL: 13:18:13 MTM=165.75 Profit=0.02%
2026-07-21 13:18:14 INFO     strategy        PnL: 13:18:14 MTM=162.50 Profit=0.02%
2026-07-21 13:18:15 INFO     strategy        PnL: 13:18:15 MTM=175.50 Profit=0.03%
2026-07-21 13:18:16 INFO     strategy        PnL: 13:18:16 MTM=178.75 Profit=0.03%
2026-07-21 13:18:17 INFO     strategy        PnL: 13:18:17 MTM=165.75 Profit=0.02%
2026-07-21 13:18:18 INFO     strategy        PnL: 13:18:18 MTM=162.50 Profit=0.02%
2026-07-21 13:18:19 INFO     strategy        PnL: 13:18:19 MTM=169.00 Profit=0.03%
2026-07-21 13:18:20 INFO     strategy        PnL: 13:18:20 MTM=178.75 Profit=0.03%
2026-07-21 13:18:21 INFO     strategy        PnL: 13:18:21 MTM=175.50 Profit=0.03%
2026-07-21 13:18:22 INFO     strategy        PnL: 13:18:22 MTM=152.75 Profit=0.02%
2026-07-21 13:18:23 INFO     strategy        PnL: 13:18:23 MTM=182.00 Profit=0.03%
2026-07-21 13:18:24 INFO     strategy        PnL: 13:18:24 MTM=185.25 Profit=0.03%
2026-07-21 13:18:25 INFO     strategy        PnL: 13:18:25 MTM=182.00 Profit=0.03%
2026-07-21 13:18:26 INFO     strategy        PnL: 13:18:26 MTM=185.25 Profit=0.03%
2026-07-21 13:18:27 INFO     strategy        PnL: 13:18:27 MTM=172.25 Profit=0.03%
2026-07-21 13:18:28 INFO     strategy        PnL: 13:18:28 MTM=188.50 Profit=0.03%
2026-07-21 13:18:29 INFO     strategy        PnL: 13:18:29 MTM=182.00 Profit=0.03%
2026-07-21 13:18:30 INFO     strategy        PnL: 13:18:30 MTM=182.00 Profit=0.03%
2026-07-21 13:18:31 INFO     strategy        PnL: 13:18:31 MTM=185.25 Profit=0.03%
2026-07-21 13:18:32 INFO     strategy        PnL: 13:18:32 MTM=198.25 Profit=0.03%
2026-07-21 13:18:33 INFO     strategy        PnL: 13:18:33 MTM=175.50 Profit=0.03%
2026-07-21 13:18:34 INFO     strategy        PnL: 13:18:34 MTM=175.50 Profit=0.03%
2026-07-21 13:18:35 INFO     strategy        PnL: 13:18:35 MTM=185.25 Profit=0.03%
2026-07-21 13:18:37 INFO     strategy        PnL: 13:18:37 MTM=191.75 Profit=0.03%
2026-07-21 13:18:38 INFO     strategy        PnL: 13:18:38 MTM=178.75 Profit=0.03%
2026-07-21 13:18:39 INFO     strategy        PnL: 13:18:39 MTM=172.25 Profit=0.03%
2026-07-21 13:18:40 INFO     strategy        PnL: 13:18:40 MTM=188.50 Profit=0.03%
2026-07-21 13:18:41 INFO     strategy        PnL: 13:18:41 MTM=165.75 Profit=0.02%
2026-07-21 13:18:42 INFO     strategy        PnL: 13:18:42 MTM=185.25 Profit=0.03%
2026-07-21 13:18:43 INFO     strategy        PnL: 13:18:43 MTM=185.25 Profit=0.03%
2026-07-21 13:18:44 INFO     strategy        PnL: 13:18:44 MTM=175.50 Profit=0.03%
2026-07-21 13:18:45 INFO     strategy        PnL: 13:18:45 MTM=178.75 Profit=0.03%
2026-07-21 13:18:46 INFO     strategy        PnL: 13:18:46 MTM=185.25 Profit=0.03%
2026-07-21 13:18:47 INFO     strategy        PnL: 13:18:47 MTM=172.25 Profit=0.03%
2026-07-21 13:18:48 INFO     strategy        PnL: 13:18:48 MTM=198.25 Profit=0.03%
2026-07-21 13:18:49 INFO     strategy        PnL: 13:18:49 MTM=195.00 Profit=0.03%
2026-07-21 13:18:50 INFO     strategy        PnL: 13:18:50 MTM=185.25 Profit=0.03%
2026-07-21 13:18:51 INFO     strategy        PnL: 13:18:51 MTM=191.75 Profit=0.03%
2026-07-21 13:18:52 INFO     strategy        PnL: 13:18:52 MTM=182.00 Profit=0.03%
2026-07-21 13:18:53 INFO     strategy        PnL: 13:18:53 MTM=178.75 Profit=0.03%
2026-07-21 13:18:54 INFO     strategy        PnL: 13:18:54 MTM=169.00 Profit=0.03%
2026-07-21 13:18:55 INFO     strategy        PnL: 13:18:55 MTM=172.25 Profit=0.03%
2026-07-21 13:18:56 INFO     strategy        PnL: 13:18:56 MTM=172.25 Profit=0.03%
2026-07-21 13:18:57 INFO     strategy        PnL: 13:18:57 MTM=191.75 Profit=0.03%
2026-07-21 13:18:58 INFO     strategy        PnL: 13:18:58 MTM=169.00 Profit=0.03%
2026-07-21 13:18:59 INFO     strategy        PnL: 13:18:59 MTM=178.75 Profit=0.03%
2026-07-21 13:19:00 INFO     strategy        PnL: 13:19:00 MTM=178.75 Profit=0.03%
2026-07-21 13:19:01 INFO     strategy        PnL: 13:19:01 MTM=188.50 Profit=0.03%
2026-07-21 13:19:02 INFO     strategy        PnL: 13:19:02 MTM=191.75 Profit=0.03%
2026-07-21 13:19:03 INFO     strategy        PnL: 13:19:03 MTM=188.50 Profit=0.03%
2026-07-21 13:19:04 INFO     strategy        PnL: 13:19:04 MTM=172.25 Profit=0.03%
2026-07-21 13:19:05 INFO     strategy        PnL: 13:19:05 MTM=185.25 Profit=0.03%
2026-07-21 13:19:06 INFO     strategy        PnL: 13:19:06 MTM=178.75 Profit=0.03%
2026-07-21 13:19:07 INFO     strategy        PnL: 13:19:07 MTM=185.25 Profit=0.03%
2026-07-21 13:19:08 INFO     strategy        PnL: 13:19:08 MTM=165.75 Profit=0.02%
2026-07-21 13:19:09 INFO     strategy        PnL: 13:19:09 MTM=191.75 Profit=0.03%
2026-07-21 13:19:10 INFO     strategy        PnL: 13:19:10 MTM=182.00 Profit=0.03%
2026-07-21 13:19:11 INFO     strategy        PnL: 13:19:11 MTM=188.50 Profit=0.03%
2026-07-21 13:19:12 INFO     strategy        PnL: 13:19:12 MTM=182.00 Profit=0.03%
2026-07-21 13:19:13 INFO     strategy        PnL: 13:19:13 MTM=191.75 Profit=0.03%
2026-07-21 13:19:14 INFO     strategy        PnL: 13:19:14 MTM=178.75 Profit=0.03%
2026-07-21 13:19:15 INFO     strategy        PnL: 13:19:15 MTM=162.50 Profit=0.02%
2026-07-21 13:19:16 INFO     strategy        PnL: 13:19:16 MTM=156.00 Profit=0.02%
2026-07-21 13:19:17 INFO     strategy        PnL: 13:19:17 MTM=175.50 Profit=0.03%
2026-07-21 13:19:18 INFO     strategy        PnL: 13:19:18 MTM=178.75 Profit=0.03%
2026-07-21 13:19:19 INFO     strategy        PnL: 13:19:19 MTM=178.75 Profit=0.03%
2026-07-21 13:19:20 INFO     strategy        PnL: 13:19:20 MTM=178.75 Profit=0.03%
2026-07-21 13:19:21 INFO     strategy        PnL: 13:19:21 MTM=178.75 Profit=0.03%
2026-07-21 13:19:22 INFO     strategy        PnL: 13:19:22 MTM=182.00 Profit=0.03%
2026-07-21 13:19:23 INFO     strategy        PnL: 13:19:23 MTM=175.50 Profit=0.03%
2026-07-21 13:19:24 INFO     strategy        PnL: 13:19:24 MTM=172.25 Profit=0.03%
2026-07-21 13:19:25 INFO     strategy        PnL: 13:19:25 MTM=169.00 Profit=0.03%
2026-07-21 13:19:26 INFO     strategy        PnL: 13:19:26 MTM=188.50 Profit=0.03%
2026-07-21 13:19:27 INFO     strategy        PnL: 13:19:27 MTM=169.00 Profit=0.03%
2026-07-21 13:19:28 INFO     strategy        PnL: 13:19:28 MTM=178.75 Profit=0.03%
2026-07-21 13:19:29 INFO     strategy        PnL: 13:19:29 MTM=178.75 Profit=0.03%
2026-07-21 13:19:30 INFO     strategy        PnL: 13:19:30 MTM=185.25 Profit=0.03%
2026-07-21 13:19:31 INFO     strategy        PnL: 13:19:31 MTM=182.00 Profit=0.03%
2026-07-21 13:19:32 INFO     strategy        PnL: 13:19:32 MTM=156.00 Profit=0.02%
2026-07-21 13:19:33 INFO     strategy        PnL: 13:19:33 MTM=156.00 Profit=0.02%
2026-07-21 13:19:34 INFO     strategy        PnL: 13:19:34 MTM=169.00 Profit=0.03%
2026-07-21 13:19:35 INFO     strategy        PnL: 13:19:35 MTM=165.75 Profit=0.02%
2026-07-21 13:19:36 INFO     strategy        PnL: 13:19:36 MTM=165.75 Profit=0.02%
2026-07-21 13:19:37 INFO     strategy        PnL: 13:19:37 MTM=169.00 Profit=0.03%
2026-07-21 13:19:38 INFO     strategy        PnL: 13:19:38 MTM=172.25 Profit=0.03%
2026-07-21 13:19:39 INFO     strategy        PnL: 13:19:39 MTM=159.25 Profit=0.02%
2026-07-21 13:19:40 INFO     strategy        PnL: 13:19:40 MTM=165.75 Profit=0.02%
2026-07-21 13:19:41 INFO     strategy        PnL: 13:19:41 MTM=162.50 Profit=0.02%
2026-07-21 13:19:42 INFO     strategy        PnL: 13:19:42 MTM=182.00 Profit=0.03%
2026-07-21 13:19:43 INFO     strategy        PnL: 13:19:43 MTM=182.00 Profit=0.03%
2026-07-21 13:19:44 INFO     strategy        PnL: 13:19:44 MTM=198.25 Profit=0.03%
2026-07-21 13:19:45 INFO     strategy        PnL: 13:19:45 MTM=169.00 Profit=0.03%
2026-07-21 13:19:46 INFO     strategy        PnL: 13:19:46 MTM=188.50 Profit=0.03%
2026-07-21 13:19:47 INFO     strategy        PnL: 13:19:47 MTM=178.75 Profit=0.03%
2026-07-21 13:19:48 INFO     strategy        PnL: 13:19:48 MTM=175.50 Profit=0.03%
2026-07-21 13:19:49 INFO     strategy        PnL: 13:19:49 MTM=178.75 Profit=0.03%
2026-07-21 13:19:50 INFO     strategy        PnL: 13:19:50 MTM=172.25 Profit=0.03%
2026-07-21 13:19:51 INFO     strategy        PnL: 13:19:51 MTM=172.25 Profit=0.03%
2026-07-21 13:19:52 INFO     strategy        PnL: 13:19:52 MTM=159.25 Profit=0.02%
2026-07-21 13:19:53 INFO     strategy        PnL: 13:19:53 MTM=165.75 Profit=0.02%
2026-07-21 13:19:54 INFO     strategy        PnL: 13:19:54 MTM=172.25 Profit=0.03%
2026-07-21 13:19:55 INFO     strategy        PnL: 13:19:55 MTM=185.25 Profit=0.03%
2026-07-21 13:19:56 INFO     strategy        PnL: 13:19:56 MTM=182.00 Profit=0.03%
2026-07-21 13:19:57 INFO     strategy        PnL: 13:19:57 MTM=175.50 Profit=0.03%
2026-07-21 13:19:58 INFO     strategy        PnL: 13:19:58 MTM=172.25 Profit=0.03%
2026-07-21 13:19:59 INFO     strategy        PnL: 13:19:59 MTM=169.00 Profit=0.03%
2026-07-21 13:20:00 INFO     strategy        PnL: 13:20:00 MTM=185.25 Profit=0.03%
2026-07-21 13:20:01 INFO     strategy        PnL: 13:20:01 MTM=152.75 Profit=0.02%
2026-07-21 13:20:02 INFO     strategy        PnL: 13:20:02 MTM=175.50 Profit=0.03%
2026-07-21 13:20:03 INFO     strategy        PnL: 13:20:03 MTM=159.25 Profit=0.02%
2026-07-21 13:20:04 INFO     strategy        PnL: 13:20:04 MTM=185.25 Profit=0.03%
2026-07-21 13:20:05 INFO     strategy        PnL: 13:20:05 MTM=185.25 Profit=0.03%
2026-07-21 13:20:06 INFO     strategy        PnL: 13:20:06 MTM=191.75 Profit=0.03%
2026-07-21 13:20:07 INFO     strategy        PnL: 13:20:07 MTM=162.50 Profit=0.02%
2026-07-21 13:20:08 INFO     strategy        PnL: 13:20:08 MTM=169.00 Profit=0.03%
2026-07-21 13:20:09 INFO     strategy        PnL: 13:20:09 MTM=201.50 Profit=0.03%
2026-07-21 13:20:10 INFO     strategy        PnL: 13:20:10 MTM=159.25 Profit=0.02%
2026-07-21 13:20:11 INFO     strategy        PnL: 13:20:11 MTM=191.75 Profit=0.03%
2026-07-21 13:20:12 INFO     strategy        PnL: 13:20:12 MTM=165.75 Profit=0.02%
2026-07-21 13:20:14 INFO     strategy        PnL: 13:20:13 MTM=169.00 Profit=0.03%
2026-07-21 13:20:15 INFO     strategy        PnL: 13:20:15 MTM=169.00 Profit=0.03%
2026-07-21 13:20:16 INFO     strategy        PnL: 13:20:16 MTM=178.75 Profit=0.03%
2026-07-21 13:20:17 INFO     strategy        PnL: 13:20:17 MTM=169.00 Profit=0.03%
2026-07-21 13:20:18 INFO     strategy        PnL: 13:20:18 MTM=165.75 Profit=0.02%
2026-07-21 13:20:19 INFO     strategy        PnL: 13:20:19 MTM=156.00 Profit=0.02%
2026-07-21 13:20:20 INFO     strategy        PnL: 13:20:20 MTM=156.00 Profit=0.02%
2026-07-21 13:20:21 INFO     strategy        PnL: 13:20:21 MTM=169.00 Profit=0.03%
2026-07-21 13:20:22 INFO     strategy        PnL: 13:20:22 MTM=178.75 Profit=0.03%
2026-07-21 13:20:23 INFO     strategy        PnL: 13:20:23 MTM=172.25 Profit=0.03%
2026-07-21 13:20:24 INFO     strategy        PnL: 13:20:24 MTM=162.50 Profit=0.02%
2026-07-21 13:20:25 INFO     strategy        PnL: 13:20:25 MTM=159.25 Profit=0.02%
2026-07-21 13:20:26 INFO     strategy        PnL: 13:20:26 MTM=165.75 Profit=0.02%
2026-07-21 13:20:27 INFO     strategy        PnL: 13:20:27 MTM=159.25 Profit=0.02%
2026-07-21 13:20:28 INFO     strategy        PnL: 13:20:28 MTM=172.25 Profit=0.03%
2026-07-21 13:20:29 INFO     strategy        PnL: 13:20:29 MTM=165.75 Profit=0.02%
2026-07-21 13:20:30 INFO     strategy        PnL: 13:20:30 MTM=169.00 Profit=0.03%
2026-07-21 13:20:31 INFO     strategy        PnL: 13:20:31 MTM=178.75 Profit=0.03%
2026-07-21 13:20:32 INFO     strategy        PnL: 13:20:32 MTM=156.00 Profit=0.02%
2026-07-21 13:20:33 INFO     strategy        PnL: 13:20:33 MTM=152.75 Profit=0.02%
2026-07-21 13:20:34 INFO     strategy        PnL: 13:20:34 MTM=156.00 Profit=0.02%
2026-07-21 13:20:35 INFO     strategy        PnL: 13:20:35 MTM=175.50 Profit=0.03%
2026-07-21 13:20:36 INFO     strategy        PnL: 13:20:36 MTM=172.25 Profit=0.03%
2026-07-21 13:20:37 INFO     strategy        PnL: 13:20:37 MTM=162.50 Profit=0.02%
2026-07-21 13:20:38 INFO     strategy        PnL: 13:20:38 MTM=159.25 Profit=0.02%
2026-07-21 13:20:39 INFO     strategy        PnL: 13:20:39 MTM=165.75 Profit=0.02%
2026-07-21 13:20:40 INFO     strategy        PnL: 13:20:40 MTM=165.75 Profit=0.02%
2026-07-21 13:20:41 INFO     strategy        PnL: 13:20:41 MTM=162.50 Profit=0.02%
2026-07-21 13:20:42 INFO     strategy        PnL: 13:20:42 MTM=169.00 Profit=0.03%
2026-07-21 13:20:43 INFO     strategy        PnL: 13:20:43 MTM=159.25 Profit=0.02%
2026-07-21 13:20:44 INFO     strategy        PnL: 13:20:44 MTM=152.75 Profit=0.02%
2026-07-21 13:20:45 INFO     strategy        PnL: 13:20:45 MTM=159.25 Profit=0.02%
2026-07-21 13:20:46 INFO     strategy        PnL: 13:20:46 MTM=152.75 Profit=0.02%
2026-07-21 13:20:47 INFO     strategy        PnL: 13:20:47 MTM=172.25 Profit=0.03%
2026-07-21 13:20:48 INFO     strategy        PnL: 13:20:48 MTM=165.75 Profit=0.02%
2026-07-21 13:20:49 INFO     strategy        PnL: 13:20:49 MTM=165.75 Profit=0.02%
2026-07-21 13:20:50 INFO     strategy        PnL: 13:20:50 MTM=152.75 Profit=0.02%
2026-07-21 13:20:51 INFO     strategy        PnL: 13:20:51 MTM=159.25 Profit=0.02%
2026-07-21 13:20:52 INFO     strategy        PnL: 13:20:52 MTM=172.25 Profit=0.03%
2026-07-21 13:20:53 INFO     strategy        PnL: 13:20:53 MTM=169.00 Profit=0.03%
2026-07-21 13:20:54 INFO     strategy        PnL: 13:20:54 MTM=182.00 Profit=0.03%
2026-07-21 13:20:55 INFO     strategy        PnL: 13:20:55 MTM=165.75 Profit=0.02%
2026-07-21 13:20:56 INFO     strategy        PnL: 13:20:56 MTM=169.00 Profit=0.03%
2026-07-21 13:20:57 INFO     strategy        PnL: 13:20:57 MTM=169.00 Profit=0.03%
2026-07-21 13:20:58 INFO     strategy        PnL: 13:20:58 MTM=165.75 Profit=0.02%
2026-07-21 13:20:59 INFO     strategy        PnL: 13:20:59 MTM=165.75 Profit=0.02%
2026-07-21 13:21:00 INFO     strategy        PnL: 13:21:00 MTM=159.25 Profit=0.02%
2026-07-21 13:21:01 INFO     strategy        PnL: 13:21:01 MTM=169.00 Profit=0.03%
2026-07-21 13:21:02 INFO     strategy        PnL: 13:21:02 MTM=175.50 Profit=0.03%
2026-07-21 13:21:03 INFO     strategy        PnL: 13:21:03 MTM=175.50 Profit=0.03%
2026-07-21 13:21:04 INFO     strategy        PnL: 13:21:04 MTM=162.50 Profit=0.02%
2026-07-21 13:21:05 INFO     strategy        PnL: 13:21:05 MTM=165.75 Profit=0.02%
2026-07-21 13:21:06 INFO     strategy        PnL: 13:21:06 MTM=165.75 Profit=0.02%
2026-07-21 13:21:07 INFO     strategy        PnL: 13:21:07 MTM=188.50 Profit=0.03%
2026-07-21 13:21:08 INFO     strategy        PnL: 13:21:08 MTM=159.25 Profit=0.02%
2026-07-21 13:21:09 INFO     strategy        PnL: 13:21:09 MTM=159.25 Profit=0.02%
2026-07-21 13:21:10 INFO     strategy        PnL: 13:21:10 MTM=159.25 Profit=0.02%
2026-07-21 13:21:11 INFO     strategy        PnL: 13:21:11 MTM=175.50 Profit=0.03%
2026-07-21 13:21:12 INFO     strategy        PnL: 13:21:12 MTM=162.50 Profit=0.02%
2026-07-21 13:21:13 INFO     strategy        PnL: 13:21:13 MTM=162.50 Profit=0.02%
2026-07-21 13:21:14 INFO     strategy        PnL: 13:21:14 MTM=156.00 Profit=0.02%
2026-07-21 13:21:15 INFO     strategy        PnL: 13:21:15 MTM=159.25 Profit=0.02%
2026-07-21 13:21:16 INFO     strategy        PnL: 13:21:16 MTM=159.25 Profit=0.02%
2026-07-21 13:21:17 INFO     strategy        PnL: 13:21:17 MTM=143.00 Profit=0.02%
2026-07-21 13:21:18 INFO     strategy        PnL: 13:21:18 MTM=143.00 Profit=0.02%
2026-07-21 13:21:19 INFO     strategy        PnL: 13:21:19 MTM=152.75 Profit=0.02%
2026-07-21 13:21:20 INFO     strategy        PnL: 13:21:20 MTM=165.75 Profit=0.02%
2026-07-21 13:21:21 INFO     strategy        PnL: 13:21:21 MTM=133.25 Profit=0.02%
2026-07-21 13:21:22 INFO     strategy        PnL: 13:21:22 MTM=152.75 Profit=0.02%
2026-07-21 13:21:23 INFO     strategy        PnL: 13:21:23 MTM=149.50 Profit=0.02%
2026-07-21 13:21:24 INFO     strategy        PnL: 13:21:24 MTM=149.50 Profit=0.02%
2026-07-21 13:21:25 INFO     strategy        PnL: 13:21:25 MTM=165.75 Profit=0.02%
2026-07-21 13:21:26 INFO     strategy        PnL: 13:21:26 MTM=149.50 Profit=0.02%
2026-07-21 13:21:27 INFO     strategy        PnL: 13:21:27 MTM=133.25 Profit=0.02%
2026-07-21 13:21:28 INFO     strategy        PnL: 13:21:28 MTM=139.75 Profit=0.02%
2026-07-21 13:21:29 INFO     strategy        PnL: 13:21:29 MTM=136.50 Profit=0.02%
2026-07-21 13:21:30 INFO     strategy        PnL: 13:21:30 MTM=152.75 Profit=0.02%
2026-07-21 13:21:31 INFO     strategy        PnL: 13:21:31 MTM=139.75 Profit=0.02%
2026-07-21 13:21:32 INFO     strategy        PnL: 13:21:32 MTM=156.00 Profit=0.02%
2026-07-21 13:21:33 INFO     strategy        PnL: 13:21:33 MTM=165.75 Profit=0.02%
2026-07-21 13:21:34 INFO     strategy        PnL: 13:21:34 MTM=159.25 Profit=0.02%
2026-07-21 13:21:35 INFO     strategy        PnL: 13:21:35 MTM=146.25 Profit=0.02%
2026-07-21 13:21:36 INFO     strategy        PnL: 13:21:36 MTM=159.25 Profit=0.02%
2026-07-21 13:21:37 INFO     strategy        PnL: 13:21:37 MTM=156.00 Profit=0.02%
2026-07-21 13:21:38 INFO     strategy        PnL: 13:21:38 MTM=159.25 Profit=0.02%
2026-07-21 13:21:39 INFO     strategy        PnL: 13:21:39 MTM=159.25 Profit=0.02%
2026-07-21 13:21:40 INFO     strategy        PnL: 13:21:40 MTM=149.50 Profit=0.02%
2026-07-21 13:21:41 INFO     strategy        PnL: 13:21:41 MTM=146.25 Profit=0.02%
2026-07-21 13:21:42 INFO     strategy        PnL: 13:21:42 MTM=152.75 Profit=0.02%
2026-07-21 13:21:43 INFO     strategy        PnL: 13:21:43 MTM=175.50 Profit=0.03%
2026-07-21 13:21:44 INFO     strategy        PnL: 13:21:44 MTM=143.00 Profit=0.02%
2026-07-21 13:21:45 INFO     strategy        PnL: 13:21:45 MTM=162.50 Profit=0.02%
2026-07-21 13:21:46 INFO     strategy        PnL: 13:21:46 MTM=159.25 Profit=0.02%
2026-07-21 13:21:48 INFO     strategy        PnL: 13:21:47 MTM=159.25 Profit=0.02%
2026-07-21 13:21:49 INFO     strategy        PnL: 13:21:49 MTM=175.50 Profit=0.03%
2026-07-21 13:21:50 INFO     strategy        PnL: 13:21:50 MTM=149.50 Profit=0.02%
2026-07-21 13:21:51 INFO     strategy        PnL: 13:21:51 MTM=149.50 Profit=0.02%
2026-07-21 13:21:52 INFO     strategy        PnL: 13:21:52 MTM=159.25 Profit=0.02%
2026-07-21 13:21:53 INFO     strategy        PnL: 13:21:53 MTM=139.75 Profit=0.02%
2026-07-21 13:21:54 INFO     strategy        PnL: 13:21:54 MTM=156.00 Profit=0.02%
2026-07-21 13:21:55 INFO     strategy        PnL: 13:21:55 MTM=165.75 Profit=0.02%
2026-07-21 13:21:56 INFO     strategy        PnL: 13:21:56 MTM=169.00 Profit=0.03%
2026-07-21 13:21:57 INFO     strategy        PnL: 13:21:57 MTM=182.00 Profit=0.03%
2026-07-21 13:21:58 INFO     strategy        PnL: 13:21:58 MTM=178.75 Profit=0.03%
2026-07-21 13:21:59 INFO     strategy        PnL: 13:21:59 MTM=172.25 Profit=0.03%
2026-07-21 13:22:00 INFO     strategy        PnL: 13:22:00 MTM=162.50 Profit=0.02%
2026-07-21 13:22:01 INFO     strategy        PnL: 13:22:01 MTM=165.75 Profit=0.02%
2026-07-21 13:22:02 INFO     strategy        PnL: 13:22:02 MTM=165.75 Profit=0.02%
2026-07-21 13:22:03 INFO     strategy        PnL: 13:22:03 MTM=175.50 Profit=0.03%
2026-07-21 13:22:04 INFO     strategy        PnL: 13:22:04 MTM=165.75 Profit=0.02%
2026-07-21 13:22:05 INFO     strategy        PnL: 13:22:05 MTM=146.25 Profit=0.02%
2026-07-21 13:22:06 INFO     strategy        PnL: 13:22:06 MTM=162.50 Profit=0.02%
2026-07-21 13:22:07 INFO     strategy        PnL: 13:22:07 MTM=159.25 Profit=0.02%
2026-07-21 13:22:08 INFO     strategy        PnL: 13:22:08 MTM=162.50 Profit=0.02%
2026-07-21 13:22:09 INFO     strategy        PnL: 13:22:09 MTM=159.25 Profit=0.02%
2026-07-21 13:22:10 INFO     strategy        PnL: 13:22:10 MTM=159.25 Profit=0.02%
2026-07-21 13:22:11 INFO     strategy        PnL: 13:22:11 MTM=156.00 Profit=0.02%
2026-07-21 13:22:12 INFO     strategy        PnL: 13:22:12 MTM=165.75 Profit=0.02%
2026-07-21 13:22:13 INFO     strategy        PnL: 13:22:13 MTM=139.75 Profit=0.02%
2026-07-21 13:22:14 INFO     strategy        PnL: 13:22:14 MTM=136.50 Profit=0.02%
2026-07-21 13:22:15 INFO     strategy        PnL: 13:22:15 MTM=149.50 Profit=0.02%
2026-07-21 13:22:16 INFO     strategy        PnL: 13:22:16 MTM=169.00 Profit=0.03%
2026-07-21 13:22:17 INFO     strategy        PnL: 13:22:17 MTM=182.00 Profit=0.03%
2026-07-21 13:22:18 INFO     strategy        PnL: 13:22:18 MTM=162.50 Profit=0.02%
2026-07-21 13:22:19 INFO     strategy        PnL: 13:22:19 MTM=165.75 Profit=0.02%
2026-07-21 13:22:20 INFO     strategy        PnL: 13:22:20 MTM=156.00 Profit=0.02%
2026-07-21 13:22:21 INFO     strategy        PnL: 13:22:21 MTM=162.50 Profit=0.02%
2026-07-21 13:22:22 INFO     strategy        PnL: 13:22:22 MTM=169.00 Profit=0.03%
2026-07-21 13:22:23 INFO     strategy        PnL: 13:22:23 MTM=162.50 Profit=0.02%
2026-07-21 13:22:24 INFO     strategy        PnL: 13:22:24 MTM=156.00 Profit=0.02%
2026-07-21 13:22:25 INFO     strategy        PnL: 13:22:25 MTM=165.75 Profit=0.02%
2026-07-21 13:22:26 INFO     strategy        PnL: 13:22:26 MTM=172.25 Profit=0.03%
2026-07-21 13:22:27 INFO     strategy        PnL: 13:22:27 MTM=149.50 Profit=0.02%
2026-07-21 13:22:28 INFO     strategy        PnL: 13:22:28 MTM=156.00 Profit=0.02%
2026-07-21 13:22:29 INFO     strategy        PnL: 13:22:29 MTM=159.25 Profit=0.02%
2026-07-21 13:22:30 INFO     strategy        PnL: 13:22:30 MTM=172.25 Profit=0.03%
2026-07-21 13:22:31 INFO     strategy        PnL: 13:22:31 MTM=149.50 Profit=0.02%
2026-07-21 13:22:32 INFO     strategy        PnL: 13:22:32 MTM=156.00 Profit=0.02%
2026-07-21 13:22:33 INFO     strategy        PnL: 13:22:33 MTM=156.00 Profit=0.02%
2026-07-21 13:22:34 INFO     strategy        PnL: 13:22:34 MTM=156.00 Profit=0.02%
2026-07-21 13:22:35 INFO     strategy        PnL: 13:22:35 MTM=178.75 Profit=0.03%
2026-07-21 13:22:36 INFO     strategy        PnL: 13:22:36 MTM=146.25 Profit=0.02%
2026-07-21 13:22:37 INFO     strategy        PnL: 13:22:37 MTM=172.25 Profit=0.03%
2026-07-21 13:22:38 INFO     strategy        PnL: 13:22:38 MTM=162.50 Profit=0.02%
2026-07-21 13:22:39 INFO     strategy        PnL: 13:22:39 MTM=156.00 Profit=0.02%
2026-07-21 13:22:40 INFO     strategy        PnL: 13:22:40 MTM=159.25 Profit=0.02%
2026-07-21 13:22:41 INFO     strategy        PnL: 13:22:41 MTM=162.50 Profit=0.02%
2026-07-21 13:22:42 INFO     strategy        PnL: 13:22:42 MTM=172.25 Profit=0.03%
2026-07-21 13:22:43 INFO     strategy        PnL: 13:22:43 MTM=165.75 Profit=0.02%
2026-07-21 13:22:44 INFO     strategy        PnL: 13:22:44 MTM=162.50 Profit=0.02%
2026-07-21 13:22:45 INFO     strategy        PnL: 13:22:45 MTM=152.75 Profit=0.02%
2026-07-21 13:22:46 INFO     strategy        PnL: 13:22:46 MTM=165.75 Profit=0.02%
2026-07-21 13:22:47 INFO     strategy        PnL: 13:22:47 MTM=159.25 Profit=0.02%
2026-07-21 13:22:48 INFO     strategy        PnL: 13:22:48 MTM=162.50 Profit=0.02%
2026-07-21 13:22:49 INFO     strategy        PnL: 13:22:49 MTM=169.00 Profit=0.03%
2026-07-21 13:22:50 INFO     strategy        PnL: 13:22:50 MTM=159.25 Profit=0.02%
2026-07-21 13:22:51 INFO     strategy        PnL: 13:22:51 MTM=175.50 Profit=0.03%
2026-07-21 13:22:52 INFO     strategy        PnL: 13:22:52 MTM=169.00 Profit=0.03%
2026-07-21 13:22:53 INFO     strategy        PnL: 13:22:53 MTM=159.25 Profit=0.02%
2026-07-21 13:22:54 INFO     strategy        PnL: 13:22:54 MTM=156.00 Profit=0.02%
2026-07-21 13:22:55 INFO     strategy        PnL: 13:22:55 MTM=152.75 Profit=0.02%
2026-07-21 13:22:56 INFO     strategy        PnL: 13:22:56 MTM=182.00 Profit=0.03%
2026-07-21 13:22:57 INFO     strategy        PnL: 13:22:57 MTM=169.00 Profit=0.03%
2026-07-21 13:22:58 INFO     strategy        PnL: 13:22:58 MTM=139.75 Profit=0.02%
2026-07-21 13:22:59 INFO     strategy        PnL: 13:22:59 MTM=165.75 Profit=0.02%
2026-07-21 13:23:00 INFO     strategy        PnL: 13:23:00 MTM=162.50 Profit=0.02%
2026-07-21 13:23:01 INFO     strategy        PnL: 13:23:01 MTM=178.75 Profit=0.03%
2026-07-21 13:23:02 INFO     strategy        PnL: 13:23:02 MTM=172.25 Profit=0.03%
2026-07-21 13:23:03 INFO     strategy        PnL: 13:23:03 MTM=175.50 Profit=0.03%
2026-07-21 13:23:04 INFO     strategy        PnL: 13:23:04 MTM=188.50 Profit=0.03%
2026-07-21 13:23:05 INFO     strategy        PnL: 13:23:05 MTM=152.75 Profit=0.02%
2026-07-21 13:23:06 INFO     strategy        PnL: 13:23:06 MTM=191.75 Profit=0.03%
2026-07-21 13:23:07 INFO     strategy        PnL: 13:23:07 MTM=191.75 Profit=0.03%
2026-07-21 13:23:08 INFO     strategy        PnL: 13:23:08 MTM=198.25 Profit=0.03%
2026-07-21 13:23:09 INFO     strategy        PnL: 13:23:09 MTM=175.50 Profit=0.03%
2026-07-21 13:23:10 INFO     strategy        PnL: 13:23:10 MTM=172.25 Profit=0.03%
2026-07-21 13:23:11 INFO     strategy        PnL: 13:23:11 MTM=185.25 Profit=0.03%
2026-07-21 13:23:12 INFO     strategy        PnL: 13:23:12 MTM=175.50 Profit=0.03%
2026-07-21 13:23:13 INFO     strategy        PnL: 13:23:13 MTM=169.00 Profit=0.03%
2026-07-21 13:23:14 INFO     strategy        PnL: 13:23:14 MTM=185.25 Profit=0.03%
2026-07-21 13:23:15 INFO     strategy        PnL: 13:23:15 MTM=191.75 Profit=0.03%
2026-07-21 13:23:17 INFO     strategy        PnL: 13:23:17 MTM=162.50 Profit=0.02%
2026-07-21 13:23:18 INFO     strategy        PnL: 13:23:18 MTM=188.50 Profit=0.03%
2026-07-21 13:23:19 INFO     strategy        PnL: 13:23:19 MTM=172.25 Profit=0.03%
2026-07-21 13:23:20 INFO     strategy        PnL: 13:23:20 MTM=152.75 Profit=0.02%
2026-07-21 13:23:21 INFO     strategy        PnL: 13:23:21 MTM=188.50 Profit=0.03%
2026-07-21 13:23:22 INFO     strategy        PnL: 13:23:22 MTM=185.25 Profit=0.03%
2026-07-21 13:23:23 INFO     strategy        PnL: 13:23:23 MTM=240.50 Profit=0.04%
2026-07-21 13:23:24 INFO     strategy        PnL: 13:23:24 MTM=175.50 Profit=0.03%
2026-07-21 13:23:25 INFO     strategy        PnL: 13:23:25 MTM=182.00 Profit=0.03%
2026-07-21 13:23:26 INFO     strategy        PnL: 13:23:26 MTM=211.25 Profit=0.03%
2026-07-21 13:23:27 INFO     strategy        PnL: 13:23:27 MTM=188.50 Profit=0.03%
2026-07-21 13:23:28 INFO     strategy        PnL: 13:23:28 MTM=201.50 Profit=0.03%
2026-07-21 13:23:29 INFO     strategy        PnL: 13:23:29 MTM=182.00 Profit=0.03%
2026-07-21 13:23:30 INFO     strategy        PnL: 13:23:30 MTM=182.00 Profit=0.03%
2026-07-21 13:23:31 INFO     strategy        PnL: 13:23:31 MTM=188.50 Profit=0.03%
2026-07-21 13:23:32 INFO     strategy        PnL: 13:23:32 MTM=211.25 Profit=0.03%
2026-07-21 13:23:33 INFO     strategy        PnL: 13:23:33 MTM=159.25 Profit=0.02%
2026-07-21 13:23:34 INFO     strategy        PnL: 13:23:34 MTM=188.50 Profit=0.03%
2026-07-21 13:23:35 INFO     strategy        PnL: 13:23:35 MTM=169.00 Profit=0.03%
2026-07-21 13:23:36 INFO     strategy        PnL: 13:23:36 MTM=188.50 Profit=0.03%
2026-07-21 13:23:37 INFO     strategy        PnL: 13:23:37 MTM=172.25 Profit=0.03%
2026-07-21 13:23:38 INFO     strategy        PnL: 13:23:38 MTM=214.50 Profit=0.03%
2026-07-21 13:23:39 INFO     strategy        PnL: 13:23:39 MTM=182.00 Profit=0.03%
2026-07-21 13:23:40 INFO     strategy        PnL: 13:23:40 MTM=139.75 Profit=0.02%
2026-07-21 13:23:41 INFO     strategy        PnL: 13:23:41 MTM=178.75 Profit=0.03%
2026-07-21 13:23:42 INFO     strategy        PnL: 13:23:42 MTM=162.50 Profit=0.02%
2026-07-21 13:23:43 INFO     strategy        PnL: 13:23:43 MTM=152.75 Profit=0.02%
2026-07-21 13:23:44 INFO     strategy        PnL: 13:23:44 MTM=185.25 Profit=0.03%
2026-07-21 13:23:45 INFO     strategy        PnL: 13:23:45 MTM=182.00 Profit=0.03%
2026-07-21 13:23:46 INFO     strategy        PnL: 13:23:46 MTM=149.50 Profit=0.02%
2026-07-21 13:23:47 INFO     strategy        PnL: 13:23:47 MTM=195.00 Profit=0.03%
2026-07-21 13:23:48 INFO     strategy        PnL: 13:23:48 MTM=178.75 Profit=0.03%
2026-07-21 13:23:49 INFO     strategy        PnL: 13:23:49 MTM=156.00 Profit=0.02%
2026-07-21 13:23:50 INFO     strategy        PnL: 13:23:50 MTM=172.25 Profit=0.03%
2026-07-21 13:23:51 INFO     strategy        PnL: 13:23:51 MTM=159.25 Profit=0.02%
2026-07-21 13:23:52 INFO     strategy        PnL: 13:23:52 MTM=162.50 Profit=0.02%
2026-07-21 13:23:53 INFO     strategy        PnL: 13:23:53 MTM=169.00 Profit=0.03%
2026-07-21 13:23:54 INFO     strategy        PnL: 13:23:54 MTM=178.75 Profit=0.03%
2026-07-21 13:23:55 INFO     strategy        PnL: 13:23:55 MTM=175.50 Profit=0.03%
2026-07-21 13:23:56 INFO     strategy        PnL: 13:23:56 MTM=143.00 Profit=0.02%
2026-07-21 13:23:57 INFO     strategy        PnL: 13:23:57 MTM=175.50 Profit=0.03%
2026-07-21 13:23:58 INFO     strategy        PnL: 13:23:58 MTM=169.00 Profit=0.03%
2026-07-21 13:23:59 INFO     strategy        PnL: 13:23:59 MTM=185.25 Profit=0.03%
2026-07-21 13:24:00 INFO     strategy        PnL: 13:24:00 MTM=172.25 Profit=0.03%
2026-07-21 13:24:01 INFO     strategy        PnL: 13:24:01 MTM=165.75 Profit=0.02%
2026-07-21 13:24:02 INFO     strategy        PnL: 13:24:02 MTM=152.75 Profit=0.02%
2026-07-21 13:24:03 INFO     strategy        PnL: 13:24:03 MTM=136.50 Profit=0.02%
2026-07-21 13:24:04 INFO     strategy        PnL: 13:24:04 MTM=198.25 Profit=0.03%
2026-07-21 13:24:05 INFO     strategy        PnL: 13:24:05 MTM=149.50 Profit=0.02%
2026-07-21 13:24:06 INFO     strategy        PnL: 13:24:06 MTM=159.25 Profit=0.02%
2026-07-21 13:24:07 INFO     strategy        PnL: 13:24:07 MTM=172.25 Profit=0.03%
2026-07-21 13:24:08 INFO     strategy        PnL: 13:24:08 MTM=178.75 Profit=0.03%
2026-07-21 13:24:09 INFO     strategy        PnL: 13:24:09 MTM=178.75 Profit=0.03%
2026-07-21 13:24:10 INFO     strategy        PnL: 13:24:10 MTM=172.25 Profit=0.03%
2026-07-21 13:24:11 INFO     strategy        PnL: 13:24:11 MTM=149.50 Profit=0.02%
2026-07-21 13:24:12 INFO     strategy        PnL: 13:24:12 MTM=156.00 Profit=0.02%
2026-07-21 13:24:13 INFO     strategy        PnL: 13:24:13 MTM=159.25 Profit=0.02%
2026-07-21 13:24:14 INFO     strategy        PnL: 13:24:14 MTM=169.00 Profit=0.03%
2026-07-21 13:24:15 INFO     strategy        PnL: 13:24:15 MTM=178.75 Profit=0.03%
2026-07-21 13:24:16 INFO     strategy        PnL: 13:24:16 MTM=169.00 Profit=0.03%
2026-07-21 13:24:17 INFO     strategy        PnL: 13:24:17 MTM=169.00 Profit=0.03%
2026-07-21 13:24:18 INFO     strategy        PnL: 13:24:18 MTM=178.75 Profit=0.03%
2026-07-21 13:24:19 INFO     strategy        PnL: 13:24:19 MTM=165.75 Profit=0.02%
2026-07-21 13:24:20 INFO     strategy        PnL: 13:24:20 MTM=178.75 Profit=0.03%
2026-07-21 13:24:21 INFO     strategy        PnL: 13:24:21 MTM=159.25 Profit=0.02%
2026-07-21 13:24:22 INFO     strategy        PnL: 13:24:22 MTM=146.25 Profit=0.02%
2026-07-21 13:24:23 INFO     strategy        PnL: 13:24:23 MTM=169.00 Profit=0.03%
2026-07-21 13:24:24 INFO     strategy        PnL: 13:24:24 MTM=139.75 Profit=0.02%
2026-07-21 13:24:25 INFO     strategy        PnL: 13:24:25 MTM=139.75 Profit=0.02%
2026-07-21 13:24:26 INFO     strategy        PnL: 13:24:26 MTM=165.75 Profit=0.02%
2026-07-21 13:24:27 INFO     strategy        PnL: 13:24:27 MTM=175.50 Profit=0.03%
2026-07-21 13:24:28 INFO     strategy        PnL: 13:24:28 MTM=149.50 Profit=0.02%
2026-07-21 13:24:29 INFO     strategy        PnL: 13:24:29 MTM=172.25 Profit=0.03%
2026-07-21 13:24:30 INFO     strategy        PnL: 13:24:30 MTM=139.75 Profit=0.02%
2026-07-21 13:24:31 INFO     strategy        PnL: 13:24:31 MTM=159.25 Profit=0.02%
2026-07-21 13:24:32 INFO     strategy        PnL: 13:24:32 MTM=159.25 Profit=0.02%
2026-07-21 13:24:33 INFO     strategy        PnL: 13:24:33 MTM=152.75 Profit=0.02%
2026-07-21 13:24:34 INFO     strategy        PnL: 13:24:34 MTM=165.75 Profit=0.02%
2026-07-21 13:24:35 INFO     strategy        PnL: 13:24:35 MTM=149.50 Profit=0.02%
2026-07-21 13:24:36 INFO     strategy        PnL: 13:24:36 MTM=172.25 Profit=0.03%
2026-07-21 13:24:37 INFO     strategy        PnL: 13:24:37 MTM=146.25 Profit=0.02%
2026-07-21 13:24:38 INFO     strategy        PnL: 13:24:38 MTM=146.25 Profit=0.02%
2026-07-21 13:24:39 INFO     strategy        PnL: 13:24:39 MTM=130.00 Profit=0.02%
2026-07-21 13:24:40 INFO     strategy        PnL: 13:24:40 MTM=136.50 Profit=0.02%
2026-07-21 13:24:41 INFO     strategy        PnL: 13:24:41 MTM=165.75 Profit=0.02%
2026-07-21 13:24:42 INFO     strategy        PnL: 13:24:42 MTM=139.75 Profit=0.02%
2026-07-21 13:24:43 INFO     strategy        PnL: 13:24:43 MTM=130.00 Profit=0.02%
2026-07-21 13:24:44 INFO     strategy        PnL: 13:24:44 MTM=136.50 Profit=0.02%
2026-07-21 13:24:46 INFO     strategy        PnL: 13:24:46 MTM=152.75 Profit=0.02%
2026-07-21 13:24:47 INFO     strategy        PnL: 13:24:47 MTM=133.25 Profit=0.02%
2026-07-21 13:24:48 INFO     strategy        PnL: 13:24:48 MTM=136.50 Profit=0.02%
2026-07-21 13:24:49 INFO     strategy        PnL: 13:24:49 MTM=113.75 Profit=0.02%
2026-07-21 13:24:50 INFO     strategy        PnL: 13:24:50 MTM=149.50 Profit=0.02%
2026-07-21 13:24:51 INFO     strategy        PnL: 13:24:51 MTM=139.75 Profit=0.02%
2026-07-21 13:24:52 INFO     strategy        PnL: 13:24:52 MTM=130.00 Profit=0.02%
2026-07-21 13:24:53 INFO     strategy        PnL: 13:24:53 MTM=136.50 Profit=0.02%
2026-07-21 13:24:54 INFO     strategy        PnL: 13:24:54 MTM=139.75 Profit=0.02%
2026-07-21 13:24:55 INFO     strategy        PnL: 13:24:55 MTM=139.75 Profit=0.02%
2026-07-21 13:24:56 INFO     strategy        PnL: 13:24:56 MTM=143.00 Profit=0.02%
2026-07-21 13:24:57 INFO     strategy        PnL: 13:24:57 MTM=143.00 Profit=0.02%
2026-07-21 13:24:58 INFO     strategy        PnL: 13:24:58 MTM=133.25 Profit=0.02%
2026-07-21 13:24:59 INFO     strategy        PnL: 13:24:59 MTM=149.50 Profit=0.02%
2026-07-21 13:25:00 INFO     strategy        PnL: 13:25:00 MTM=136.50 Profit=0.02%
2026-07-21 13:25:01 INFO     strategy        PnL: 13:25:01 MTM=146.25 Profit=0.02%
2026-07-21 13:25:02 INFO     strategy        PnL: 13:25:02 MTM=156.00 Profit=0.02%
2026-07-21 13:25:03 INFO     strategy        PnL: 13:25:03 MTM=146.25 Profit=0.02%
2026-07-21 13:25:04 INFO     strategy        PnL: 13:25:04 MTM=126.75 Profit=0.02%
2026-07-21 13:25:05 INFO     strategy        PnL: 13:25:05 MTM=117.00 Profit=0.02%
2026-07-21 13:25:06 INFO     strategy        PnL: 13:25:06 MTM=139.75 Profit=0.02%
2026-07-21 13:25:07 INFO     strategy        PnL: 13:25:07 MTM=139.75 Profit=0.02%
2026-07-21 13:25:08 INFO     strategy        PnL: 13:25:08 MTM=133.25 Profit=0.02%
2026-07-21 13:25:09 INFO     strategy        PnL: 13:25:09 MTM=126.75 Profit=0.02%
2026-07-21 13:25:10 INFO     strategy        PnL: 13:25:10 MTM=113.75 Profit=0.02%
2026-07-21 13:25:11 INFO     strategy        PnL: 13:25:11 MTM=117.00 Profit=0.02%
2026-07-21 13:25:12 INFO     strategy        PnL: 13:25:12 MTM=136.50 Profit=0.02%
2026-07-21 13:25:13 INFO     strategy        PnL: 13:25:13 MTM=133.25 Profit=0.02%
2026-07-21 13:25:14 INFO     strategy        PnL: 13:25:14 MTM=126.75 Profit=0.02%
2026-07-21 13:25:15 INFO     strategy        PnL: 13:25:15 MTM=149.50 Profit=0.02%
2026-07-21 13:25:16 INFO     strategy        PnL: 13:25:16 MTM=149.50 Profit=0.02%
2026-07-21 13:25:17 INFO     strategy        PnL: 13:25:17 MTM=136.50 Profit=0.02%
2026-07-21 13:25:18 INFO     strategy        PnL: 13:25:18 MTM=133.25 Profit=0.02%
2026-07-21 13:25:19 INFO     strategy        PnL: 13:25:19 MTM=143.00 Profit=0.02%
2026-07-21 13:25:20 INFO     strategy        PnL: 13:25:20 MTM=143.00 Profit=0.02%
2026-07-21 13:25:21 INFO     strategy        PnL: 13:25:21 MTM=156.00 Profit=0.02%
2026-07-21 13:25:22 INFO     strategy        PnL: 13:25:22 MTM=143.00 Profit=0.02%
2026-07-21 13:25:23 INFO     strategy        PnL: 13:25:23 MTM=136.50 Profit=0.02%
2026-07-21 13:25:24 INFO     strategy        PnL: 13:25:24 MTM=143.00 Profit=0.02%
2026-07-21 13:25:25 INFO     strategy        PnL: 13:25:25 MTM=156.00 Profit=0.02%
2026-07-21 13:25:26 INFO     strategy        PnL: 13:25:26 MTM=126.75 Profit=0.02%
2026-07-21 13:25:27 INFO     strategy        PnL: 13:25:27 MTM=143.00 Profit=0.02%
2026-07-21 13:25:28 INFO     strategy        PnL: 13:25:28 MTM=123.50 Profit=0.02%
2026-07-21 13:25:29 INFO     strategy        PnL: 13:25:29 MTM=182.00 Profit=0.03%
2026-07-21 13:25:30 INFO     strategy        PnL: 13:25:30 MTM=149.50 Profit=0.02%
2026-07-21 13:25:31 INFO     strategy        PnL: 13:25:31 MTM=175.50 Profit=0.03%
2026-07-21 13:25:32 INFO     strategy        PnL: 13:25:32 MTM=149.50 Profit=0.02%
2026-07-21 13:25:33 INFO     strategy        PnL: 13:25:33 MTM=159.25 Profit=0.02%
2026-07-21 13:25:34 INFO     strategy        PnL: 13:25:34 MTM=175.50 Profit=0.03%
2026-07-21 13:25:35 INFO     strategy        PnL: 13:25:35 MTM=156.00 Profit=0.02%
2026-07-21 13:25:36 INFO     strategy        PnL: 13:25:36 MTM=143.00 Profit=0.02%
2026-07-21 13:25:37 INFO     strategy        PnL: 13:25:37 MTM=152.75 Profit=0.02%
2026-07-21 13:25:38 INFO     strategy        PnL: 13:25:38 MTM=149.50 Profit=0.02%
2026-07-21 13:25:39 INFO     strategy        PnL: 13:25:39 MTM=152.75 Profit=0.02%
2026-07-21 13:25:40 INFO     strategy        PnL: 13:25:40 MTM=149.50 Profit=0.02%
2026-07-21 13:25:41 INFO     strategy        PnL: 13:25:41 MTM=143.00 Profit=0.02%
2026-07-21 13:25:42 INFO     strategy        PnL: 13:25:42 MTM=126.75 Profit=0.02%
2026-07-21 13:25:43 INFO     strategy        PnL: 13:25:43 MTM=130.00 Profit=0.02%
2026-07-21 13:25:44 INFO     strategy        PnL: 13:25:44 MTM=136.50 Profit=0.02%
2026-07-21 13:25:45 INFO     strategy        PnL: 13:25:45 MTM=152.75 Profit=0.02%
2026-07-21 13:25:46 INFO     strategy        PnL: 13:25:46 MTM=156.00 Profit=0.02%
2026-07-21 13:25:47 INFO     strategy        PnL: 13:25:47 MTM=126.75 Profit=0.02%
2026-07-21 13:25:48 INFO     strategy        PnL: 13:25:48 MTM=156.00 Profit=0.02%
2026-07-21 13:25:49 INFO     strategy        PnL: 13:25:49 MTM=136.50 Profit=0.02%
2026-07-21 13:25:50 INFO     strategy        PnL: 13:25:50 MTM=143.00 Profit=0.02%
2026-07-21 13:25:51 INFO     strategy        PnL: 13:25:51 MTM=143.00 Profit=0.02%
2026-07-21 13:25:52 INFO     strategy        PnL: 13:25:52 MTM=123.50 Profit=0.02%
2026-07-21 13:25:53 INFO     strategy        PnL: 13:25:53 MTM=133.25 Profit=0.02%
2026-07-21 13:25:54 INFO     strategy        PnL: 13:25:54 MTM=123.50 Profit=0.02%
2026-07-21 13:25:55 INFO     strategy        PnL: 13:25:55 MTM=143.00 Profit=0.02%
2026-07-21 13:25:56 INFO     strategy        PnL: 13:25:56 MTM=139.75 Profit=0.02%
2026-07-21 13:25:57 INFO     strategy        PnL: 13:25:57 MTM=149.50 Profit=0.02%
2026-07-21 13:25:58 INFO     strategy        PnL: 13:25:58 MTM=81.25 Profit=0.01%
2026-07-21 13:25:59 INFO     strategy        PnL: 13:25:59 MTM=139.75 Profit=0.02%
2026-07-21 13:26:00 INFO     strategy        PnL: 13:26:00 MTM=136.50 Profit=0.02%
2026-07-21 13:26:01 INFO     strategy        PnL: 13:26:01 MTM=139.75 Profit=0.02%
2026-07-21 13:26:02 INFO     strategy        PnL: 13:26:02 MTM=143.00 Profit=0.02%
2026-07-21 13:26:03 INFO     strategy        PnL: 13:26:03 MTM=152.75 Profit=0.02%
2026-07-21 13:26:04 INFO     strategy        PnL: 13:26:04 MTM=143.00 Profit=0.02%
2026-07-21 13:26:05 INFO     strategy        PnL: 13:26:05 MTM=143.00 Profit=0.02%
2026-07-21 13:26:06 INFO     strategy        PnL: 13:26:06 MTM=133.25 Profit=0.02%
2026-07-21 13:26:07 INFO     strategy        PnL: 13:26:07 MTM=120.25 Profit=0.02%
2026-07-21 13:26:08 INFO     strategy        PnL: 13:26:08 MTM=139.75 Profit=0.02%
2026-07-21 13:26:09 INFO     strategy        PnL: 13:26:09 MTM=130.00 Profit=0.02%
2026-07-21 13:26:10 INFO     strategy        PnL: 13:26:10 MTM=133.25 Profit=0.02%
2026-07-21 13:26:11 INFO     strategy        PnL: 13:26:11 MTM=143.00 Profit=0.02%
2026-07-21 13:26:12 INFO     strategy        PnL: 13:26:12 MTM=169.00 Profit=0.03%
2026-07-21 13:26:13 INFO     strategy        PnL: 13:26:13 MTM=162.50 Profit=0.02%
2026-07-21 13:26:14 INFO     strategy        PnL: 13:26:14 MTM=139.75 Profit=0.02%
2026-07-21 13:26:15 INFO     strategy        PnL: 13:26:15 MTM=156.00 Profit=0.02%
2026-07-21 13:26:16 INFO     strategy        PnL: 13:26:16 MTM=146.25 Profit=0.02%
2026-07-21 13:26:17 INFO     strategy        PnL: 13:26:17 MTM=156.00 Profit=0.02%
2026-07-21 13:26:18 INFO     strategy        PnL: 13:26:18 MTM=139.75 Profit=0.02%
2026-07-21 13:26:19 INFO     strategy        PnL: 13:26:19 MTM=133.25 Profit=0.02%
2026-07-21 13:26:21 INFO     strategy        PnL: 13:26:20 MTM=136.50 Profit=0.02%
2026-07-21 13:26:22 INFO     strategy        PnL: 13:26:22 MTM=143.00 Profit=0.02%
2026-07-21 13:26:23 INFO     strategy        PnL: 13:26:23 MTM=143.00 Profit=0.02%
2026-07-21 13:26:24 INFO     strategy        PnL: 13:26:24 MTM=136.50 Profit=0.02%
2026-07-21 13:26:25 INFO     strategy        PnL: 13:26:25 MTM=139.75 Profit=0.02%
2026-07-21 13:26:26 INFO     strategy        PnL: 13:26:26 MTM=139.75 Profit=0.02%
2026-07-21 13:26:27 INFO     strategy        PnL: 13:26:27 MTM=152.75 Profit=0.02%
2026-07-21 13:26:28 INFO     strategy        PnL: 13:26:28 MTM=133.25 Profit=0.02%
2026-07-21 13:26:29 INFO     strategy        PnL: 13:26:29 MTM=152.75 Profit=0.02%
2026-07-21 13:26:30 INFO     strategy        PnL: 13:26:30 MTM=149.50 Profit=0.02%
2026-07-21 13:26:31 INFO     strategy        PnL: 13:26:31 MTM=130.00 Profit=0.02%
2026-07-21 13:26:32 INFO     strategy        PnL: 13:26:32 MTM=152.75 Profit=0.02%
2026-07-21 13:26:33 INFO     strategy        PnL: 13:26:33 MTM=162.50 Profit=0.02%
2026-07-21 13:26:34 INFO     strategy        PnL: 13:26:34 MTM=156.00 Profit=0.02%
2026-07-21 13:26:35 INFO     strategy        PnL: 13:26:35 MTM=146.25 Profit=0.02%
2026-07-21 13:26:36 INFO     strategy        PnL: 13:26:36 MTM=126.75 Profit=0.02%
2026-07-21 13:26:37 INFO     strategy        PnL: 13:26:37 MTM=146.25 Profit=0.02%
2026-07-21 13:26:38 INFO     strategy        PnL: 13:26:38 MTM=185.25 Profit=0.03%
2026-07-21 13:26:39 INFO     strategy        PnL: 13:26:39 MTM=139.75 Profit=0.02%
2026-07-21 13:26:40 INFO     strategy        PnL: 13:26:40 MTM=152.75 Profit=0.02%
2026-07-21 13:26:41 INFO     strategy        PnL: 13:26:41 MTM=146.25 Profit=0.02%
2026-07-21 13:26:42 INFO     strategy        PnL: 13:26:42 MTM=165.75 Profit=0.02%
2026-07-21 13:26:43 INFO     strategy        PnL: 13:26:43 MTM=136.50 Profit=0.02%
2026-07-21 13:26:44 INFO     strategy        PnL: 13:26:44 MTM=117.00 Profit=0.02%
2026-07-21 13:26:45 INFO     strategy        PnL: 13:26:45 MTM=136.50 Profit=0.02%
2026-07-21 13:26:46 INFO     strategy        PnL: 13:26:46 MTM=149.50 Profit=0.02%
2026-07-21 13:26:47 INFO     strategy        PnL: 13:26:47 MTM=162.50 Profit=0.02%
2026-07-21 13:26:48 INFO     strategy        PnL: 13:26:48 MTM=159.25 Profit=0.02%
2026-07-21 13:26:49 INFO     strategy        PnL: 13:26:49 MTM=146.25 Profit=0.02%
2026-07-21 13:26:50 INFO     strategy        PnL: 13:26:50 MTM=159.25 Profit=0.02%
2026-07-21 13:26:51 INFO     strategy        PnL: 13:26:51 MTM=152.75 Profit=0.02%
2026-07-21 13:26:52 INFO     strategy        PnL: 13:26:52 MTM=159.25 Profit=0.02%
2026-07-21 13:26:53 INFO     strategy        PnL: 13:26:53 MTM=149.50 Profit=0.02%
2026-07-21 13:26:54 INFO     strategy        PnL: 13:26:54 MTM=162.50 Profit=0.02%
2026-07-21 13:26:55 INFO     strategy        PnL: 13:26:55 MTM=156.00 Profit=0.02%
2026-07-21 13:26:56 INFO     strategy        PnL: 13:26:56 MTM=152.75 Profit=0.02%
2026-07-21 13:26:57 INFO     strategy        PnL: 13:26:57 MTM=159.25 Profit=0.02%
2026-07-21 13:26:58 INFO     strategy        PnL: 13:26:58 MTM=162.50 Profit=0.02%
2026-07-21 13:26:59 INFO     strategy        PnL: 13:26:59 MTM=146.25 Profit=0.02%
2026-07-21 13:27:00 INFO     strategy        PnL: 13:27:00 MTM=165.75 Profit=0.02%
2026-07-21 13:27:01 INFO     strategy        PnL: 13:27:01 MTM=136.50 Profit=0.02%
2026-07-21 13:27:02 INFO     strategy        PnL: 13:27:02 MTM=152.75 Profit=0.02%
2026-07-21 13:27:03 INFO     strategy        PnL: 13:27:03 MTM=133.25 Profit=0.02%
2026-07-21 13:27:04 INFO     strategy        PnL: 13:27:04 MTM=146.25 Profit=0.02%
2026-07-21 13:27:05 INFO     strategy        PnL: 13:27:05 MTM=126.75 Profit=0.02%
2026-07-21 13:27:06 INFO     strategy        PnL: 13:27:06 MTM=120.25 Profit=0.02%
2026-07-21 13:27:07 INFO     strategy        PnL: 13:27:07 MTM=143.00 Profit=0.02%
2026-07-21 13:27:08 INFO     strategy        PnL: 13:27:08 MTM=107.25 Profit=0.02%
2026-07-21 13:27:09 INFO     strategy        PnL: 13:27:09 MTM=130.00 Profit=0.02%
2026-07-21 13:27:10 INFO     strategy        PnL: 13:27:10 MTM=156.00 Profit=0.02%
2026-07-21 13:27:11 INFO     strategy        PnL: 13:27:11 MTM=175.50 Profit=0.03%
2026-07-21 13:27:12 INFO     strategy        PnL: 13:27:12 MTM=117.00 Profit=0.02%
2026-07-21 13:27:13 INFO     strategy        PnL: 13:27:13 MTM=139.75 Profit=0.02%
2026-07-21 13:27:14 INFO     strategy        PnL: 13:27:14 MTM=120.25 Profit=0.02%
2026-07-21 13:27:15 INFO     strategy        PnL: 13:27:15 MTM=126.75 Profit=0.02%
2026-07-21 13:27:16 INFO     strategy        PnL: 13:27:16 MTM=133.25 Profit=0.02%
2026-07-21 13:27:17 INFO     strategy        PnL: 13:27:17 MTM=126.75 Profit=0.02%
2026-07-21 13:27:18 INFO     strategy        PnL: 13:27:18 MTM=136.50 Profit=0.02%
2026-07-21 13:27:19 INFO     strategy        PnL: 13:27:19 MTM=146.25 Profit=0.02%
2026-07-21 13:27:20 INFO     strategy        PnL: 13:27:20 MTM=126.75 Profit=0.02%
2026-07-21 13:27:21 INFO     strategy        PnL: 13:27:21 MTM=113.75 Profit=0.02%
2026-07-21 13:27:22 INFO     strategy        PnL: 13:27:22 MTM=100.75 Profit=0.02%
2026-07-21 13:27:23 INFO     strategy        PnL: 13:27:23 MTM=104.00 Profit=0.02%
2026-07-21 13:27:24 INFO     strategy        PnL: 13:27:24 MTM=133.25 Profit=0.02%
2026-07-21 13:27:25 INFO     strategy        PnL: 13:27:25 MTM=159.25 Profit=0.02%
2026-07-21 13:27:26 INFO     strategy        PnL: 13:27:26 MTM=156.00 Profit=0.02%
2026-07-21 13:27:27 INFO     strategy        PnL: 13:27:27 MTM=143.00 Profit=0.02%
2026-07-21 13:27:28 INFO     strategy        PnL: 13:27:28 MTM=136.50 Profit=0.02%
2026-07-21 13:27:29 INFO     strategy        PnL: 13:27:29 MTM=139.75 Profit=0.02%
2026-07-21 13:27:30 INFO     strategy        PnL: 13:27:30 MTM=149.50 Profit=0.02%
2026-07-21 13:27:31 INFO     strategy        PnL: 13:27:31 MTM=126.75 Profit=0.02%
2026-07-21 13:27:32 INFO     strategy        PnL: 13:27:32 MTM=162.50 Profit=0.02%
2026-07-21 13:27:33 INFO     strategy        PnL: 13:27:33 MTM=156.00 Profit=0.02%
2026-07-21 13:27:34 INFO     strategy        PnL: 13:27:34 MTM=152.75 Profit=0.02%
2026-07-21 13:27:35 INFO     strategy        PnL: 13:27:35 MTM=159.25 Profit=0.02%
2026-07-21 13:27:36 INFO     strategy        PnL: 13:27:36 MTM=156.00 Profit=0.02%
2026-07-21 13:27:37 INFO     strategy        PnL: 13:27:37 MTM=133.25 Profit=0.02%
2026-07-21 13:27:38 INFO     strategy        PnL: 13:27:38 MTM=165.75 Profit=0.02%
2026-07-21 13:27:39 INFO     strategy        PnL: 13:27:39 MTM=165.75 Profit=0.02%
2026-07-21 13:27:40 INFO     strategy        PnL: 13:27:40 MTM=162.50 Profit=0.02%
2026-07-21 13:27:41 INFO     strategy        PnL: 13:27:41 MTM=136.50 Profit=0.02%
2026-07-21 13:27:42 INFO     strategy        PnL: 13:27:42 MTM=159.25 Profit=0.02%
2026-07-21 13:27:43 INFO     strategy        PnL: 13:27:43 MTM=149.50 Profit=0.02%
2026-07-21 13:27:44 INFO     strategy        PnL: 13:27:44 MTM=182.00 Profit=0.03%
2026-07-21 13:27:45 INFO     strategy        PnL: 13:27:45 MTM=152.75 Profit=0.02%
2026-07-21 13:27:46 INFO     strategy        PnL: 13:27:46 MTM=152.75 Profit=0.02%
2026-07-21 13:27:47 INFO     strategy        PnL: 13:27:47 MTM=162.50 Profit=0.02%
2026-07-21 13:27:48 INFO     strategy        PnL: 13:27:48 MTM=126.75 Profit=0.02%
2026-07-21 13:27:49 INFO     strategy        PnL: 13:27:49 MTM=149.50 Profit=0.02%
2026-07-21 13:27:50 INFO     strategy        PnL: 13:27:50 MTM=159.25 Profit=0.02%
2026-07-21 13:27:51 INFO     strategy        PnL: 13:27:51 MTM=133.25 Profit=0.02%
2026-07-21 13:27:52 INFO     strategy        PnL: 13:27:52 MTM=165.75 Profit=0.02%
2026-07-21 13:27:53 INFO     strategy        PnL: 13:27:53 MTM=182.00 Profit=0.03%
2026-07-21 13:27:54 INFO     strategy        PnL: 13:27:54 MTM=159.25 Profit=0.02%
2026-07-21 13:27:55 INFO     strategy        PnL: 13:27:55 MTM=156.00 Profit=0.02%
2026-07-21 13:27:56 INFO     strategy        PnL: 13:27:56 MTM=201.50 Profit=0.03%
2026-07-21 13:27:57 INFO     strategy        PnL: 13:27:57 MTM=159.25 Profit=0.02%
2026-07-21 13:27:58 INFO     strategy        PnL: 13:27:58 MTM=185.25 Profit=0.03%
2026-07-21 13:27:59 INFO     strategy        PnL: 13:27:59 MTM=172.25 Profit=0.03%
2026-07-21 13:28:00 INFO     strategy        PnL: 13:28:00 MTM=195.00 Profit=0.03%
2026-07-21 13:28:01 INFO     strategy        PnL: 13:28:01 MTM=214.50 Profit=0.03%
2026-07-21 13:28:02 INFO     strategy        PnL: 13:28:02 MTM=198.25 Profit=0.03%
2026-07-21 13:28:03 INFO     strategy        PnL: 13:28:03 MTM=201.50 Profit=0.03%
2026-07-21 13:28:04 INFO     strategy        PnL: 13:28:04 MTM=234.00 Profit=0.04%
2026-07-21 13:28:05 INFO     strategy        PnL: 13:28:05 MTM=217.75 Profit=0.03%
2026-07-21 13:28:07 INFO     strategy        PnL: 13:28:06 MTM=211.25 Profit=0.03%
2026-07-21 13:28:08 INFO     strategy        PnL: 13:28:08 MTM=185.25 Profit=0.03%
2026-07-21 13:28:09 INFO     strategy        PnL: 13:28:09 MTM=234.00 Profit=0.04%
2026-07-21 13:28:10 INFO     strategy        PnL: 13:28:10 MTM=185.25 Profit=0.03%
2026-07-21 13:28:11 INFO     strategy        PnL: 13:28:11 MTM=211.25 Profit=0.03%
2026-07-21 13:28:12 INFO     strategy        PnL: 13:28:12 MTM=208.00 Profit=0.03%
2026-07-21 13:28:13 INFO     strategy        PnL: 13:28:13 MTM=201.50 Profit=0.03%
2026-07-21 13:28:14 INFO     strategy        PnL: 13:28:14 MTM=198.25 Profit=0.03%
2026-07-21 13:28:15 INFO     strategy        PnL: 13:28:15 MTM=188.50 Profit=0.03%
2026-07-21 13:28:16 INFO     strategy        PnL: 13:28:16 MTM=195.00 Profit=0.03%
2026-07-21 13:28:17 INFO     strategy        PnL: 13:28:17 MTM=185.25 Profit=0.03%
2026-07-21 13:28:18 INFO     strategy        PnL: 13:28:18 MTM=195.00 Profit=0.03%
2026-07-21 13:28:19 INFO     strategy        PnL: 13:28:19 MTM=182.00 Profit=0.03%
2026-07-21 13:28:20 INFO     strategy        PnL: 13:28:20 MTM=204.75 Profit=0.03%
2026-07-21 13:28:21 INFO     strategy        PnL: 13:28:21 MTM=195.00 Profit=0.03%
2026-07-21 13:28:22 INFO     strategy        PnL: 13:28:22 MTM=221.00 Profit=0.03%
2026-07-21 13:28:23 INFO     strategy        PnL: 13:28:23 MTM=208.00 Profit=0.03%
2026-07-21 13:28:24 INFO     strategy        PnL: 13:28:24 MTM=211.25 Profit=0.03%
2026-07-21 13:28:25 INFO     strategy        PnL: 13:28:25 MTM=204.75 Profit=0.03%
2026-07-21 13:28:26 INFO     strategy        PnL: 13:28:26 MTM=217.75 Profit=0.03%
2026-07-21 13:28:27 INFO     strategy        PnL: 13:28:27 MTM=217.75 Profit=0.03%
2026-07-21 13:28:28 INFO     strategy        PnL: 13:28:28 MTM=214.50 Profit=0.03%
2026-07-21 13:28:29 INFO     strategy        PnL: 13:28:29 MTM=230.75 Profit=0.03%
2026-07-21 13:28:30 INFO     strategy        PnL: 13:28:30 MTM=217.75 Profit=0.03%
2026-07-21 13:28:31 INFO     strategy        PnL: 13:28:31 MTM=201.50 Profit=0.03%
2026-07-21 13:28:32 INFO     strategy        PnL: 13:28:32 MTM=214.50 Profit=0.03%
2026-07-21 13:28:33 INFO     strategy        PnL: 13:28:33 MTM=208.00 Profit=0.03%
2026-07-21 13:28:34 INFO     strategy        PnL: 13:28:34 MTM=214.50 Profit=0.03%
2026-07-21 13:28:35 INFO     strategy        PnL: 13:28:35 MTM=201.50 Profit=0.03%
2026-07-21 13:28:36 INFO     strategy        PnL: 13:28:36 MTM=214.50 Profit=0.03%
2026-07-21 13:28:37 INFO     strategy        PnL: 13:28:37 MTM=221.00 Profit=0.03%
2026-07-21 13:28:38 INFO     strategy        PnL: 13:28:38 MTM=240.50 Profit=0.04%
2026-07-21 13:28:39 INFO     strategy        PnL: 13:28:39 MTM=221.00 Profit=0.03%
2026-07-21 13:28:40 INFO     strategy        PnL: 13:28:40 MTM=217.75 Profit=0.03%
2026-07-21 13:28:41 INFO     strategy        PnL: 13:28:41 MTM=234.00 Profit=0.04%
2026-07-21 13:28:42 INFO     strategy        PnL: 13:28:42 MTM=240.50 Profit=0.04%
2026-07-21 13:28:43 INFO     strategy        PnL: 13:28:43 MTM=243.75 Profit=0.04%
2026-07-21 13:28:44 INFO     strategy        PnL: 13:28:44 MTM=227.50 Profit=0.03%
2026-07-21 13:28:45 INFO     strategy        PnL: 13:28:45 MTM=221.00 Profit=0.03%
2026-07-21 13:28:46 INFO     strategy        PnL: 13:28:46 MTM=230.75 Profit=0.03%
2026-07-21 13:28:47 INFO     strategy        PnL: 13:28:47 MTM=224.25 Profit=0.03%
2026-07-21 13:28:48 INFO     strategy        PnL: 13:28:48 MTM=234.00 Profit=0.04%
2026-07-21 13:28:49 INFO     strategy        PnL: 13:28:49 MTM=224.25 Profit=0.03%
2026-07-21 13:28:50 INFO     strategy        PnL: 13:28:50 MTM=234.00 Profit=0.04%
2026-07-21 13:28:51 INFO     strategy        PnL: 13:28:51 MTM=227.50 Profit=0.03%
2026-07-21 13:28:52 INFO     strategy        PnL: 13:28:52 MTM=234.00 Profit=0.04%
2026-07-21 13:28:53 INFO     strategy        PnL: 13:28:53 MTM=214.50 Profit=0.03%
2026-07-21 13:28:54 INFO     strategy        PnL: 13:28:54 MTM=230.75 Profit=0.03%
2026-07-21 13:28:55 INFO     strategy        PnL: 13:28:55 MTM=224.25 Profit=0.03%
2026-07-21 13:28:56 INFO     strategy        PnL: 13:28:56 MTM=221.00 Profit=0.03%
2026-07-21 13:28:57 INFO     strategy        PnL: 13:28:57 MTM=201.50 Profit=0.03%
2026-07-21 13:28:58 INFO     strategy        PnL: 13:28:58 MTM=221.00 Profit=0.03%
2026-07-21 13:28:59 INFO     strategy        PnL: 13:28:59 MTM=204.75 Profit=0.03%
2026-07-21 13:29:00 INFO     strategy        PnL: 13:29:00 MTM=201.50 Profit=0.03%
2026-07-21 13:29:01 INFO     strategy        PnL: 13:29:01 MTM=182.00 Profit=0.03%
2026-07-21 13:29:02 INFO     strategy        PnL: 13:29:02 MTM=198.25 Profit=0.03%
2026-07-21 13:29:03 INFO     strategy        PnL: 13:29:03 MTM=208.00 Profit=0.03%
2026-07-21 13:29:04 INFO     strategy        PnL: 13:29:04 MTM=221.00 Profit=0.03%
2026-07-21 13:29:05 INFO     strategy        PnL: 13:29:05 MTM=208.00 Profit=0.03%
2026-07-21 13:29:06 INFO     strategy        PnL: 13:29:06 MTM=227.50 Profit=0.03%
2026-07-21 13:29:07 INFO     strategy        PnL: 13:29:07 MTM=234.00 Profit=0.04%
2026-07-21 13:29:08 INFO     strategy        PnL: 13:29:08 MTM=204.75 Profit=0.03%
2026-07-21 13:29:09 INFO     strategy        PnL: 13:29:09 MTM=214.50 Profit=0.03%
2026-07-21 13:29:10 INFO     strategy        PnL: 13:29:10 MTM=195.00 Profit=0.03%
2026-07-21 13:29:11 INFO     strategy        PnL: 13:29:11 MTM=195.00 Profit=0.03%
2026-07-21 13:29:12 INFO     strategy        PnL: 13:29:12 MTM=182.00 Profit=0.03%
2026-07-21 13:29:13 INFO     strategy        PnL: 13:29:13 MTM=169.00 Profit=0.03%
2026-07-21 13:29:14 INFO     strategy        PnL: 13:29:14 MTM=156.00 Profit=0.02%
2026-07-21 13:29:15 INFO     strategy        PnL: 13:29:15 MTM=172.25 Profit=0.03%
2026-07-21 13:29:16 INFO     strategy        PnL: 13:29:16 MTM=146.25 Profit=0.02%
2026-07-21 13:29:17 INFO     strategy        PnL: 13:29:17 MTM=130.00 Profit=0.02%
2026-07-21 13:29:18 INFO     strategy        PnL: 13:29:18 MTM=159.25 Profit=0.02%
2026-07-21 13:29:19 INFO     strategy        PnL: 13:29:19 MTM=149.50 Profit=0.02%
2026-07-21 13:29:20 INFO     strategy        PnL: 13:29:20 MTM=149.50 Profit=0.02%
2026-07-21 13:29:21 INFO     strategy        PnL: 13:29:21 MTM=156.00 Profit=0.02%
2026-07-21 13:29:22 INFO     strategy        PnL: 13:29:22 MTM=146.25 Profit=0.02%
2026-07-21 13:29:23 INFO     strategy        PnL: 13:29:23 MTM=152.75 Profit=0.02%
2026-07-21 13:29:24 INFO     strategy        PnL: 13:29:24 MTM=110.50 Profit=0.02%
2026-07-21 13:29:25 INFO     strategy        PnL: 13:29:25 MTM=143.00 Profit=0.02%
2026-07-21 13:29:26 INFO     strategy        PnL: 13:29:26 MTM=159.25 Profit=0.02%
2026-07-21 13:29:27 INFO     strategy        PnL: 13:29:27 MTM=156.00 Profit=0.02%
2026-07-21 13:29:29 INFO     strategy        PnL: 13:29:29 MTM=156.00 Profit=0.02%
2026-07-21 13:29:30 INFO     strategy        PnL: 13:29:30 MTM=159.25 Profit=0.02%
2026-07-21 13:29:31 INFO     strategy        PnL: 13:29:31 MTM=175.50 Profit=0.03%
2026-07-21 13:29:32 INFO     strategy        PnL: 13:29:32 MTM=169.00 Profit=0.03%
2026-07-21 13:29:33 INFO     strategy        PnL: 13:29:33 MTM=165.75 Profit=0.02%
2026-07-21 13:29:34 INFO     strategy        PnL: 13:29:34 MTM=156.00 Profit=0.02%
2026-07-21 13:29:35 INFO     strategy        PnL: 13:29:35 MTM=162.50 Profit=0.02%
2026-07-21 13:29:36 INFO     strategy        PnL: 13:29:36 MTM=149.50 Profit=0.02%
2026-07-21 13:29:37 INFO     strategy        PnL: 13:29:37 MTM=165.75 Profit=0.02%
2026-07-21 13:29:38 INFO     strategy        PnL: 13:29:38 MTM=146.25 Profit=0.02%
2026-07-21 13:29:39 INFO     strategy        PnL: 13:29:39 MTM=152.75 Profit=0.02%
2026-07-21 13:29:40 INFO     strategy        PnL: 13:29:40 MTM=178.75 Profit=0.03%
2026-07-21 13:29:41 INFO     strategy        PnL: 13:29:41 MTM=185.25 Profit=0.03%
2026-07-21 13:29:42 INFO     strategy        PnL: 13:29:42 MTM=204.75 Profit=0.03%
2026-07-21 13:29:43 INFO     strategy        PnL: 13:29:43 MTM=178.75 Profit=0.03%
2026-07-21 13:29:44 INFO     strategy        PnL: 13:29:44 MTM=188.50 Profit=0.03%
2026-07-21 13:29:45 INFO     strategy        PnL: 13:29:45 MTM=178.75 Profit=0.03%
2026-07-21 13:29:46 INFO     strategy        PnL: 13:29:46 MTM=175.50 Profit=0.03%
2026-07-21 13:29:47 INFO     strategy        PnL: 13:29:47 MTM=175.50 Profit=0.03%
2026-07-21 13:29:48 INFO     strategy        PnL: 13:29:48 MTM=146.25 Profit=0.02%
2026-07-21 13:29:49 INFO     strategy        PnL: 13:29:49 MTM=178.75 Profit=0.03%
2026-07-21 13:29:50 INFO     strategy        PnL: 13:29:50 MTM=162.50 Profit=0.02%
2026-07-21 13:29:51 INFO     strategy        PnL: 13:29:51 MTM=178.75 Profit=0.03%
2026-07-21 13:29:52 INFO     strategy        PnL: 13:29:52 MTM=156.00 Profit=0.02%
2026-07-21 13:29:53 INFO     strategy        PnL: 13:29:53 MTM=159.25 Profit=0.02%
2026-07-21 13:29:54 INFO     strategy        PnL: 13:29:54 MTM=169.00 Profit=0.03%
2026-07-21 13:29:55 INFO     strategy        PnL: 13:29:55 MTM=169.00 Profit=0.03%
2026-07-21 13:29:56 INFO     strategy        PnL: 13:29:56 MTM=152.75 Profit=0.02%
2026-07-21 13:29:57 INFO     strategy        PnL: 13:29:57 MTM=165.75 Profit=0.02%
2026-07-21 13:29:58 INFO     strategy        PnL: 13:29:58 MTM=178.75 Profit=0.03%
2026-07-21 13:29:59 INFO     strategy        PnL: 13:29:59 MTM=253.50 Profit=0.04%
2026-07-21 13:30:00 INFO     strategy        PnL: 13:30:00 MTM=152.75 Profit=0.02%
2026-07-21 13:30:01 INFO     strategy        PnL: 13:30:01 MTM=175.50 Profit=0.03%
2026-07-21 13:30:02 INFO     strategy        PnL: 13:30:02 MTM=182.00 Profit=0.03%
2026-07-21 13:30:03 INFO     strategy        PnL: 13:30:03 MTM=156.00 Profit=0.02%
2026-07-21 13:30:04 INFO     strategy        PnL: 13:30:04 MTM=156.00 Profit=0.02%
2026-07-21 13:30:05 INFO     strategy        PnL: 13:30:05 MTM=165.75 Profit=0.02%
2026-07-21 13:30:06 INFO     strategy        PnL: 13:30:06 MTM=191.75 Profit=0.03%
2026-07-21 13:30:07 INFO     strategy        PnL: 13:30:07 MTM=182.00 Profit=0.03%
2026-07-21 13:30:08 INFO     strategy        PnL: 13:30:08 MTM=188.50 Profit=0.03%
2026-07-21 13:30:09 INFO     strategy        PnL: 13:30:09 MTM=175.50 Profit=0.03%
2026-07-21 13:30:10 INFO     strategy        PnL: 13:30:10 MTM=165.75 Profit=0.02%
2026-07-21 13:30:11 INFO     strategy        PnL: 13:30:11 MTM=198.25 Profit=0.03%
2026-07-21 13:30:12 INFO     strategy        PnL: 13:30:12 MTM=208.00 Profit=0.03%
2026-07-21 13:30:13 INFO     strategy        PnL: 13:30:13 MTM=211.25 Profit=0.03%
2026-07-21 13:30:14 INFO     strategy        PnL: 13:30:14 MTM=191.75 Profit=0.03%
2026-07-21 13:30:15 INFO     strategy        PnL: 13:30:15 MTM=204.75 Profit=0.03%
2026-07-21 13:30:16 INFO     strategy        PnL: 13:30:16 MTM=208.00 Profit=0.03%
2026-07-21 13:30:17 INFO     strategy        PnL: 13:30:17 MTM=198.25 Profit=0.03%
2026-07-21 13:30:18 INFO     strategy        PnL: 13:30:18 MTM=224.25 Profit=0.03%
2026-07-21 13:30:19 INFO     strategy        PnL: 13:30:19 MTM=201.50 Profit=0.03%
2026-07-21 13:30:20 INFO     strategy        PnL: 13:30:20 MTM=204.75 Profit=0.03%
2026-07-21 13:30:21 INFO     strategy        PnL: 13:30:21 MTM=243.75 Profit=0.04%
2026-07-21 13:30:22 INFO     strategy        PnL: 13:30:22 MTM=240.50 Profit=0.04%
2026-07-21 13:30:23 INFO     strategy        PnL: 13:30:23 MTM=234.00 Profit=0.04%
2026-07-21 13:30:24 INFO     strategy        PnL: 13:30:24 MTM=237.25 Profit=0.04%
2026-07-21 13:30:25 INFO     strategy        PnL: 13:30:25 MTM=256.75 Profit=0.04%
2026-07-21 13:30:26 INFO     strategy        PnL: 13:30:26 MTM=263.25 Profit=0.04%
2026-07-21 13:30:27 INFO     strategy        PnL: 13:30:27 MTM=276.25 Profit=0.04%
2026-07-21 13:30:28 INFO     strategy        PnL: 13:30:28 MTM=250.25 Profit=0.04%
2026-07-21 13:30:29 INFO     strategy        PnL: 13:30:29 MTM=263.25 Profit=0.04%
2026-07-21 13:30:30 INFO     strategy        PnL: 13:30:30 MTM=253.50 Profit=0.04%
2026-07-21 13:30:31 INFO     strategy        PnL: 13:30:31 MTM=253.50 Profit=0.04%
2026-07-21 13:30:32 INFO     strategy        PnL: 13:30:32 MTM=266.50 Profit=0.04%
2026-07-21 13:30:33 INFO     strategy        PnL: 13:30:33 MTM=269.75 Profit=0.04%
2026-07-21 13:30:34 INFO     strategy        PnL: 13:30:34 MTM=263.25 Profit=0.04%
2026-07-21 13:30:35 INFO     strategy        PnL: 13:30:35 MTM=282.75 Profit=0.04%
2026-07-21 13:30:36 INFO     strategy        PnL: 13:30:36 MTM=250.25 Profit=0.04%
2026-07-21 13:30:37 INFO     strategy        PnL: 13:30:37 MTM=247.00 Profit=0.04%
2026-07-21 13:30:38 INFO     strategy        PnL: 13:30:38 MTM=243.75 Profit=0.04%
2026-07-21 13:30:39 INFO     strategy        PnL: 13:30:39 MTM=243.75 Profit=0.04%
2026-07-21 13:30:40 INFO     strategy        PnL: 13:30:40 MTM=240.50 Profit=0.04%
2026-07-21 13:30:41 INFO     strategy        PnL: 13:30:41 MTM=240.50 Profit=0.04%
2026-07-21 13:30:42 INFO     strategy        PnL: 13:30:42 MTM=250.25 Profit=0.04%
2026-07-21 13:30:43 INFO     strategy        PnL: 13:30:43 MTM=276.25 Profit=0.04%
2026-07-21 13:30:44 INFO     strategy        PnL: 13:30:44 MTM=263.25 Profit=0.04%
2026-07-21 13:30:45 INFO     strategy        PnL: 13:30:45 MTM=250.25 Profit=0.04%
2026-07-21 13:30:46 INFO     strategy        PnL: 13:30:46 MTM=263.25 Profit=0.04%
2026-07-21 13:30:47 INFO     strategy        PnL: 13:30:47 MTM=253.50 Profit=0.04%
2026-07-21 13:30:48 INFO     strategy        PnL: 13:30:48 MTM=253.50 Profit=0.04%
2026-07-21 13:30:49 INFO     strategy        PnL: 13:30:49 MTM=273.00 Profit=0.04%
2026-07-21 13:30:50 INFO     strategy        PnL: 13:30:50 MTM=237.25 Profit=0.04%
2026-07-21 13:30:51 INFO     strategy        PnL: 13:30:51 MTM=286.00 Profit=0.04%
2026-07-21 13:30:52 INFO     strategy        PnL: 13:30:52 MTM=247.00 Profit=0.04%
2026-07-21 13:30:53 INFO     strategy        PnL: 13:30:53 MTM=266.50 Profit=0.04%
2026-07-21 13:30:54 INFO     strategy        PnL: 13:30:54 MTM=279.50 Profit=0.04%
2026-07-21 13:30:55 INFO     strategy        PnL: 13:30:55 MTM=263.25 Profit=0.04%
2026-07-21 13:30:56 INFO     strategy        PnL: 13:30:56 MTM=253.50 Profit=0.04%
2026-07-21 13:30:57 INFO     strategy        PnL: 13:30:57 MTM=263.25 Profit=0.04%
2026-07-21 13:30:58 INFO     strategy        PnL: 13:30:58 MTM=286.00 Profit=0.04%
2026-07-21 13:30:59 INFO     strategy        PnL: 13:30:59 MTM=260.00 Profit=0.04%
2026-07-21 13:31:00 INFO     strategy        PnL: 13:31:00 MTM=256.75 Profit=0.04%
2026-07-21 13:31:01 INFO     strategy        PnL: 13:31:01 MTM=273.00 Profit=0.04%
2026-07-21 13:31:02 INFO     strategy        PnL: 13:31:02 MTM=276.25 Profit=0.04%
2026-07-21 13:31:03 INFO     strategy        PnL: 13:31:03 MTM=263.25 Profit=0.04%
2026-07-21 13:31:04 INFO     strategy        PnL: 13:31:04 MTM=250.25 Profit=0.04%
2026-07-21 13:31:05 INFO     strategy        PnL: 13:31:05 MTM=230.75 Profit=0.03%
2026-07-21 13:31:06 INFO     strategy        PnL: 13:31:06 MTM=269.75 Profit=0.04%
2026-07-21 13:31:07 INFO     strategy        PnL: 13:31:07 MTM=247.00 Profit=0.04%
2026-07-21 13:31:08 INFO     strategy        PnL: 13:31:08 MTM=247.00 Profit=0.04%
2026-07-21 13:31:10 INFO     strategy        PnL: 13:31:10 MTM=256.75 Profit=0.04%
2026-07-21 13:31:11 INFO     strategy        PnL: 13:31:11 MTM=276.25 Profit=0.04%
2026-07-21 13:31:12 INFO     strategy        PnL: 13:31:12 MTM=250.25 Profit=0.04%
2026-07-21 13:31:13 INFO     strategy        PnL: 13:31:13 MTM=260.00 Profit=0.04%
2026-07-21 13:31:14 INFO     strategy        PnL: 13:31:14 MTM=279.50 Profit=0.04%
2026-07-21 13:31:15 INFO     strategy        PnL: 13:31:15 MTM=269.75 Profit=0.04%
2026-07-21 13:31:16 INFO     strategy        PnL: 13:31:16 MTM=240.50 Profit=0.04%
2026-07-21 13:31:17 INFO     strategy        PnL: 13:31:17 MTM=289.25 Profit=0.04%
2026-07-21 13:31:18 INFO     strategy        PnL: 13:31:18 MTM=256.75 Profit=0.04%
2026-07-21 13:31:19 INFO     strategy        PnL: 13:31:19 MTM=260.00 Profit=0.04%
2026-07-21 13:31:20 INFO     strategy        PnL: 13:31:20 MTM=286.00 Profit=0.04%
2026-07-21 13:31:21 INFO     strategy        PnL: 13:31:21 MTM=295.75 Profit=0.04%
2026-07-21 13:31:22 INFO     strategy        PnL: 13:31:22 MTM=308.75 Profit=0.05%
2026-07-21 13:31:23 INFO     strategy        PnL: 13:31:23 MTM=256.75 Profit=0.04%
2026-07-21 13:31:24 INFO     strategy        PnL: 13:31:24 MTM=286.00 Profit=0.04%
2026-07-21 13:31:25 INFO     strategy        PnL: 13:31:25 MTM=279.50 Profit=0.04%
2026-07-21 13:31:26 INFO     strategy        PnL: 13:31:26 MTM=286.00 Profit=0.04%
2026-07-21 13:31:27 INFO     strategy        PnL: 13:31:27 MTM=295.75 Profit=0.04%
2026-07-21 13:31:28 INFO     strategy        PnL: 13:31:28 MTM=295.75 Profit=0.04%
2026-07-21 13:31:29 INFO     strategy        PnL: 13:31:29 MTM=266.50 Profit=0.04%
2026-07-21 13:31:30 INFO     strategy        PnL: 13:31:30 MTM=302.25 Profit=0.05%
2026-07-21 13:31:31 INFO     strategy        PnL: 13:31:31 MTM=302.25 Profit=0.05%
2026-07-21 13:31:32 INFO     strategy        PnL: 13:31:32 MTM=279.50 Profit=0.04%
2026-07-21 13:31:33 INFO     strategy        PnL: 13:31:33 MTM=273.00 Profit=0.04%
2026-07-21 13:31:34 INFO     strategy        PnL: 13:31:34 MTM=286.00 Profit=0.04%
2026-07-21 13:31:35 INFO     strategy        PnL: 13:31:35 MTM=273.00 Profit=0.04%
2026-07-21 13:31:36 INFO     strategy        PnL: 13:31:36 MTM=276.25 Profit=0.04%
2026-07-21 13:31:37 INFO     strategy        PnL: 13:31:37 MTM=263.25 Profit=0.04%
2026-07-21 13:31:38 INFO     strategy        PnL: 13:31:38 MTM=269.75 Profit=0.04%
2026-07-21 13:31:39 INFO     strategy        PnL: 13:31:39 MTM=256.75 Profit=0.04%
2026-07-21 13:31:40 INFO     strategy        PnL: 13:31:40 MTM=253.50 Profit=0.04%
2026-07-21 13:31:41 INFO     strategy        PnL: 13:31:41 MTM=276.25 Profit=0.04%
2026-07-21 13:31:42 INFO     strategy        PnL: 13:31:42 MTM=279.50 Profit=0.04%
2026-07-21 13:31:43 INFO     strategy        PnL: 13:31:43 MTM=266.50 Profit=0.04%
2026-07-21 13:31:44 INFO     strategy        PnL: 13:31:44 MTM=276.25 Profit=0.04%
2026-07-21 13:31:45 INFO     strategy        PnL: 13:31:45 MTM=273.00 Profit=0.04%
2026-07-21 13:31:46 INFO     strategy        PnL: 13:31:46 MTM=256.75 Profit=0.04%
2026-07-21 13:31:47 INFO     strategy        PnL: 13:31:47 MTM=256.75 Profit=0.04%
2026-07-21 13:31:48 INFO     strategy        PnL: 13:31:48 MTM=276.25 Profit=0.04%
2026-07-21 13:31:49 INFO     strategy        PnL: 13:31:49 MTM=260.00 Profit=0.04%
2026-07-21 13:31:50 INFO     strategy        PnL: 13:31:50 MTM=260.00 Profit=0.04%
2026-07-21 13:31:51 INFO     strategy        PnL: 13:31:51 MTM=279.50 Profit=0.04%
2026-07-21 13:31:52 INFO     strategy        PnL: 13:31:52 MTM=292.50 Profit=0.04%
2026-07-21 13:31:53 INFO     strategy        PnL: 13:31:53 MTM=299.00 Profit=0.04%
2026-07-21 13:31:54 INFO     strategy        PnL: 13:31:54 MTM=266.50 Profit=0.04%
2026-07-21 13:31:55 INFO     strategy        PnL: 13:31:55 MTM=295.75 Profit=0.04%
2026-07-21 13:31:56 INFO     strategy        PnL: 13:31:56 MTM=279.50 Profit=0.04%
2026-07-21 13:31:57 INFO     strategy        PnL: 13:31:57 MTM=282.75 Profit=0.04%
2026-07-21 13:31:58 INFO     strategy        PnL: 13:31:58 MTM=292.50 Profit=0.04%
2026-07-21 13:31:59 INFO     strategy        PnL: 13:31:59 MTM=282.75 Profit=0.04%
2026-07-21 13:32:00 INFO     strategy        PnL: 13:32:00 MTM=282.75 Profit=0.04%
2026-07-21 13:32:01 INFO     strategy        PnL: 13:32:01 MTM=286.00 Profit=0.04%
2026-07-21 13:32:02 INFO     strategy        PnL: 13:32:02 MTM=269.75 Profit=0.04%
2026-07-21 13:32:03 INFO     strategy        PnL: 13:32:03 MTM=279.50 Profit=0.04%
2026-07-21 13:32:04 INFO     strategy        PnL: 13:32:04 MTM=312.00 Profit=0.05%
2026-07-21 13:32:05 INFO     strategy        PnL: 13:32:05 MTM=286.00 Profit=0.04%
2026-07-21 13:32:06 INFO     strategy        PnL: 13:32:06 MTM=289.25 Profit=0.04%
2026-07-21 13:32:07 INFO     strategy        PnL: 13:32:07 MTM=276.25 Profit=0.04%
2026-07-21 13:32:08 INFO     strategy        PnL: 13:32:08 MTM=269.75 Profit=0.04%
2026-07-21 13:32:09 INFO     strategy        PnL: 13:32:09 MTM=279.50 Profit=0.04%
2026-07-21 13:32:10 INFO     strategy        PnL: 13:32:10 MTM=295.75 Profit=0.04%
2026-07-21 13:32:11 INFO     strategy        PnL: 13:32:11 MTM=305.50 Profit=0.05%
2026-07-21 13:32:12 INFO     strategy        PnL: 13:32:12 MTM=292.50 Profit=0.04%
2026-07-21 13:32:13 INFO     strategy        PnL: 13:32:13 MTM=279.50 Profit=0.04%
2026-07-21 13:32:14 INFO     strategy        PnL: 13:32:14 MTM=282.75 Profit=0.04%
2026-07-21 13:32:15 INFO     strategy        PnL: 13:32:15 MTM=289.25 Profit=0.04%
2026-07-21 13:32:16 INFO     strategy        PnL: 13:32:16 MTM=334.75 Profit=0.05%
2026-07-21 13:32:17 INFO     strategy        PnL: 13:32:17 MTM=295.75 Profit=0.04%
2026-07-21 13:32:18 INFO     strategy        PnL: 13:32:18 MTM=295.75 Profit=0.04%
2026-07-21 13:32:19 INFO     strategy        PnL: 13:32:19 MTM=312.00 Profit=0.05%
2026-07-21 13:32:20 INFO     strategy        PnL: 13:32:20 MTM=292.50 Profit=0.04%
2026-07-21 13:32:21 INFO     strategy        PnL: 13:32:21 MTM=282.75 Profit=0.04%
2026-07-21 13:32:22 INFO     strategy        PnL: 13:32:22 MTM=315.25 Profit=0.05%
2026-07-21 13:32:23 INFO     strategy        PnL: 13:32:23 MTM=276.25 Profit=0.04%
2026-07-21 13:32:24 INFO     strategy        PnL: 13:32:24 MTM=318.50 Profit=0.05%
2026-07-21 13:32:25 INFO     strategy        PnL: 13:32:25 MTM=312.00 Profit=0.05%
2026-07-21 13:32:26 INFO     strategy        PnL: 13:32:26 MTM=299.00 Profit=0.04%
2026-07-21 13:32:27 INFO     strategy        PnL: 13:32:27 MTM=295.75 Profit=0.04%
2026-07-21 13:32:28 INFO     strategy        PnL: 13:32:28 MTM=318.50 Profit=0.05%
2026-07-21 13:32:29 INFO     strategy        PnL: 13:32:29 MTM=312.00 Profit=0.05%
2026-07-21 13:32:30 INFO     strategy        PnL: 13:32:30 MTM=305.50 Profit=0.05%
2026-07-21 13:32:31 INFO     strategy        PnL: 13:32:31 MTM=289.25 Profit=0.04%
2026-07-21 13:32:32 INFO     strategy        PnL: 13:32:32 MTM=315.25 Profit=0.05%
2026-07-21 13:32:33 INFO     strategy        PnL: 13:32:33 MTM=289.25 Profit=0.04%
2026-07-21 13:32:34 INFO     strategy        PnL: 13:32:34 MTM=312.00 Profit=0.05%
2026-07-21 13:32:35 INFO     strategy        PnL: 13:32:35 MTM=325.00 Profit=0.05%
2026-07-21 13:32:36 INFO     strategy        PnL: 13:32:36 MTM=302.25 Profit=0.05%
2026-07-21 13:32:37 INFO     strategy        PnL: 13:32:37 MTM=299.00 Profit=0.04%
2026-07-21 13:32:38 INFO     strategy        PnL: 13:32:38 MTM=315.25 Profit=0.05%
2026-07-21 13:32:39 INFO     strategy        PnL: 13:32:39 MTM=292.50 Profit=0.04%
2026-07-21 13:32:40 INFO     strategy        PnL: 13:32:40 MTM=315.25 Profit=0.05%
2026-07-21 13:32:41 INFO     strategy        PnL: 13:32:41 MTM=299.00 Profit=0.04%
2026-07-21 13:32:42 INFO     strategy        PnL: 13:32:42 MTM=286.00 Profit=0.04%
2026-07-21 13:32:43 INFO     strategy        PnL: 13:32:43 MTM=338.00 Profit=0.05%
2026-07-21 13:32:44 INFO     strategy        PnL: 13:32:44 MTM=325.00 Profit=0.05%
2026-07-21 13:32:45 INFO     strategy        PnL: 13:32:45 MTM=318.50 Profit=0.05%
2026-07-21 13:32:46 INFO     strategy        PnL: 13:32:46 MTM=295.75 Profit=0.04%
2026-07-21 13:32:47 INFO     strategy        PnL: 13:32:47 MTM=325.00 Profit=0.05%
2026-07-21 13:32:48 INFO     strategy        PnL: 13:32:48 MTM=318.50 Profit=0.05%
2026-07-21 13:32:49 INFO     strategy        PnL: 13:32:49 MTM=325.00 Profit=0.05%
2026-07-21 13:32:50 INFO     strategy        PnL: 13:32:50 MTM=321.75 Profit=0.05%
2026-07-21 13:32:51 INFO     strategy        PnL: 13:32:51 MTM=328.25 Profit=0.05%
2026-07-21 13:32:52 INFO     strategy        PnL: 13:32:52 MTM=318.50 Profit=0.05%
2026-07-21 13:32:53 INFO     strategy        PnL: 13:32:53 MTM=299.00 Profit=0.04%
2026-07-21 13:32:54 INFO     strategy        PnL: 13:32:54 MTM=289.25 Profit=0.04%
2026-07-21 13:32:55 INFO     strategy        PnL: 13:32:55 MTM=318.50 Profit=0.05%
2026-07-21 13:32:56 INFO     strategy        PnL: 13:32:56 MTM=315.25 Profit=0.05%
2026-07-21 13:32:57 INFO     strategy        PnL: 13:32:57 MTM=315.25 Profit=0.05%
2026-07-21 13:32:58 INFO     strategy        PnL: 13:32:58 MTM=302.25 Profit=0.05%
2026-07-21 13:33:00 INFO     strategy        PnL: 13:32:59 MTM=312.00 Profit=0.05%
2026-07-21 13:33:01 INFO     strategy        PnL: 13:33:01 MTM=321.75 Profit=0.05%
2026-07-21 13:33:02 INFO     strategy        PnL: 13:33:02 MTM=282.75 Profit=0.04%
2026-07-21 13:33:03 INFO     strategy        PnL: 13:33:03 MTM=321.75 Profit=0.05%
2026-07-21 13:33:04 INFO     strategy        PnL: 13:33:04 MTM=292.50 Profit=0.04%
2026-07-21 13:33:05 INFO     strategy        PnL: 13:33:05 MTM=321.75 Profit=0.05%
2026-07-21 13:33:06 INFO     strategy        PnL: 13:33:06 MTM=328.25 Profit=0.05%
2026-07-21 13:33:07 INFO     strategy        PnL: 13:33:07 MTM=325.00 Profit=0.05%
2026-07-21 13:33:08 INFO     strategy        PnL: 13:33:08 MTM=318.50 Profit=0.05%
2026-07-21 13:33:09 INFO     strategy        PnL: 13:33:09 MTM=308.75 Profit=0.05%
2026-07-21 13:33:10 INFO     strategy        PnL: 13:33:10 MTM=321.75 Profit=0.05%
2026-07-21 13:33:11 INFO     strategy        PnL: 13:33:11 MTM=325.00 Profit=0.05%
2026-07-21 13:33:12 INFO     strategy        PnL: 13:33:12 MTM=351.00 Profit=0.05%
2026-07-21 13:33:13 INFO     strategy        PnL: 13:33:13 MTM=341.25 Profit=0.05%
2026-07-21 13:33:14 INFO     strategy        PnL: 13:33:14 MTM=347.75 Profit=0.05%
2026-07-21 13:33:15 INFO     strategy        PnL: 13:33:15 MTM=367.25 Profit=0.06%
2026-07-21 13:33:16 INFO     strategy        PnL: 13:33:16 MTM=360.75 Profit=0.05%
2026-07-21 13:33:17 INFO     strategy        PnL: 13:33:17 MTM=328.25 Profit=0.05%
2026-07-21 13:33:18 INFO     strategy        PnL: 13:33:18 MTM=328.25 Profit=0.05%
2026-07-21 13:33:19 INFO     strategy        PnL: 13:33:19 MTM=357.50 Profit=0.05%
2026-07-21 13:33:20 INFO     strategy        PnL: 13:33:20 MTM=338.00 Profit=0.05%
2026-07-21 13:33:21 INFO     strategy        PnL: 13:33:21 MTM=360.75 Profit=0.05%
2026-07-21 13:33:22 INFO     strategy        PnL: 13:33:22 MTM=315.25 Profit=0.05%
2026-07-21 13:33:23 INFO     strategy        PnL: 13:33:23 MTM=351.00 Profit=0.05%
2026-07-21 13:33:24 INFO     strategy        PnL: 13:33:24 MTM=331.50 Profit=0.05%
2026-07-21 13:33:25 INFO     strategy        PnL: 13:33:25 MTM=383.50 Profit=0.06%
2026-07-21 13:33:26 INFO     strategy        PnL: 13:33:26 MTM=354.25 Profit=0.05%
2026-07-21 13:33:27 INFO     strategy        PnL: 13:33:27 MTM=341.25 Profit=0.05%
2026-07-21 13:33:28 INFO     strategy        PnL: 13:33:28 MTM=344.50 Profit=0.05%
2026-07-21 13:33:29 INFO     strategy        PnL: 13:33:29 MTM=354.25 Profit=0.05%
2026-07-21 13:33:30 INFO     strategy        PnL: 13:33:30 MTM=373.75 Profit=0.06%
2026-07-21 13:33:31 INFO     strategy        PnL: 13:33:31 MTM=341.25 Profit=0.05%
2026-07-21 13:33:32 INFO     strategy        PnL: 13:33:32 MTM=354.25 Profit=0.05%
2026-07-21 13:33:33 INFO     strategy        PnL: 13:33:33 MTM=360.75 Profit=0.05%
2026-07-21 13:33:34 INFO     strategy        PnL: 13:33:34 MTM=364.00 Profit=0.05%
2026-07-21 13:33:35 INFO     strategy        PnL: 13:33:35 MTM=354.25 Profit=0.05%
2026-07-21 13:33:36 INFO     strategy        PnL: 13:33:36 MTM=360.75 Profit=0.05%
2026-07-21 13:33:37 INFO     strategy        PnL: 13:33:37 MTM=367.25 Profit=0.06%
2026-07-21 13:33:38 INFO     strategy        PnL: 13:33:38 MTM=338.00 Profit=0.05%
2026-07-21 13:33:39 INFO     strategy        PnL: 13:33:39 MTM=367.25 Profit=0.06%
2026-07-21 13:33:40 INFO     strategy        PnL: 13:33:40 MTM=351.00 Profit=0.05%
2026-07-21 13:33:41 INFO     strategy        PnL: 13:33:41 MTM=357.50 Profit=0.05%
2026-07-21 13:33:42 INFO     strategy        PnL: 13:33:42 MTM=328.25 Profit=0.05%
2026-07-21 13:33:43 INFO     strategy        PnL: 13:33:43 MTM=334.75 Profit=0.05%
2026-07-21 13:33:44 INFO     strategy        PnL: 13:33:44 MTM=331.50 Profit=0.05%
2026-07-21 13:33:45 INFO     strategy        PnL: 13:33:45 MTM=321.75 Profit=0.05%
2026-07-21 13:33:46 INFO     strategy        PnL: 13:33:46 MTM=328.25 Profit=0.05%
2026-07-21 13:33:47 INFO     strategy        PnL: 13:33:47 MTM=367.25 Profit=0.06%
2026-07-21 13:33:48 INFO     strategy        PnL: 13:33:48 MTM=341.25 Profit=0.05%
2026-07-21 13:33:49 INFO     strategy        PnL: 13:33:49 MTM=325.00 Profit=0.05%
2026-07-21 13:33:50 INFO     strategy        PnL: 13:33:50 MTM=321.75 Profit=0.05%
2026-07-21 13:33:51 INFO     strategy        PnL: 13:33:51 MTM=321.75 Profit=0.05%
2026-07-21 13:33:52 INFO     strategy        PnL: 13:33:52 MTM=347.75 Profit=0.05%
2026-07-21 13:33:53 INFO     strategy        PnL: 13:33:53 MTM=334.75 Profit=0.05%
2026-07-21 13:33:54 INFO     strategy        PnL: 13:33:54 MTM=312.00 Profit=0.05%
2026-07-21 13:33:55 INFO     strategy        PnL: 13:33:55 MTM=354.25 Profit=0.05%
2026-07-21 13:33:56 INFO     strategy        PnL: 13:33:56 MTM=377.00 Profit=0.06%
2026-07-21 13:33:57 INFO     strategy        PnL: 13:33:57 MTM=351.00 Profit=0.05%
2026-07-21 13:33:58 INFO     strategy        PnL: 13:33:58 MTM=344.50 Profit=0.05%
2026-07-21 13:33:59 INFO     strategy        PnL: 13:33:59 MTM=331.50 Profit=0.05%
2026-07-21 13:34:00 INFO     strategy        PnL: 13:34:00 MTM=351.00 Profit=0.05%
2026-07-21 13:34:01 INFO     strategy        PnL: 13:34:01 MTM=357.50 Profit=0.05%
2026-07-21 13:34:02 INFO     strategy        PnL: 13:34:02 MTM=367.25 Profit=0.06%
2026-07-21 13:34:03 INFO     strategy        PnL: 13:34:03 MTM=360.75 Profit=0.05%
2026-07-21 13:34:04 INFO     strategy        PnL: 13:34:04 MTM=370.50 Profit=0.06%
2026-07-21 13:34:05 INFO     strategy        PnL: 13:34:05 MTM=341.25 Profit=0.05%
2026-07-21 13:34:06 INFO     strategy        PnL: 13:34:06 MTM=354.25 Profit=0.05%
2026-07-21 13:34:07 INFO     strategy        PnL: 13:34:07 MTM=354.25 Profit=0.05%
2026-07-21 13:34:08 INFO     strategy        PnL: 13:34:08 MTM=360.75 Profit=0.05%
2026-07-21 13:34:09 INFO     strategy        PnL: 13:34:09 MTM=370.50 Profit=0.06%
2026-07-21 13:34:10 INFO     strategy        PnL: 13:34:10 MTM=390.00 Profit=0.06%
2026-07-21 13:34:11 INFO     strategy        PnL: 13:34:11 MTM=354.25 Profit=0.05%
2026-07-21 13:34:12 INFO     strategy        PnL: 13:34:12 MTM=338.00 Profit=0.05%
2026-07-21 13:34:13 INFO     strategy        PnL: 13:34:13 MTM=364.00 Profit=0.05%
2026-07-21 13:34:14 INFO     strategy        PnL: 13:34:14 MTM=357.50 Profit=0.05%
2026-07-21 13:34:15 INFO     strategy        PnL: 13:34:15 MTM=351.00 Profit=0.05%
2026-07-21 13:34:16 INFO     strategy        PnL: 13:34:16 MTM=370.50 Profit=0.06%
2026-07-21 13:34:17 INFO     strategy        PnL: 13:34:17 MTM=377.00 Profit=0.06%
2026-07-21 13:34:18 INFO     strategy        PnL: 13:34:18 MTM=377.00 Profit=0.06%
2026-07-21 13:34:19 INFO     strategy        PnL: 13:34:19 MTM=360.75 Profit=0.05%
2026-07-21 13:34:20 INFO     strategy        PnL: 13:34:20 MTM=354.25 Profit=0.05%
2026-07-21 13:34:21 INFO     strategy        PnL: 13:34:21 MTM=364.00 Profit=0.05%
2026-07-21 13:34:22 INFO     strategy        PnL: 13:34:22 MTM=386.75 Profit=0.06%
2026-07-21 13:34:23 INFO     strategy        PnL: 13:34:23 MTM=377.00 Profit=0.06%
2026-07-21 13:34:24 INFO     strategy        PnL: 13:34:24 MTM=380.25 Profit=0.06%
2026-07-21 13:34:25 INFO     strategy        PnL: 13:34:25 MTM=360.75 Profit=0.05%
2026-07-21 13:34:26 INFO     strategy        PnL: 13:34:26 MTM=380.25 Profit=0.06%
2026-07-21 13:34:27 INFO     strategy        PnL: 13:34:27 MTM=380.25 Profit=0.06%
2026-07-21 13:34:28 INFO     strategy        PnL: 13:34:28 MTM=380.25 Profit=0.06%
2026-07-21 13:34:29 INFO     strategy        PnL: 13:34:29 MTM=357.50 Profit=0.05%
2026-07-21 13:34:30 INFO     strategy        PnL: 13:34:30 MTM=377.00 Profit=0.06%
2026-07-21 13:34:31 INFO     strategy        PnL: 13:34:31 MTM=367.25 Profit=0.06%
2026-07-21 13:34:32 INFO     strategy        PnL: 13:34:32 MTM=383.50 Profit=0.06%
2026-07-21 13:34:33 INFO     strategy        PnL: 13:34:33 MTM=373.75 Profit=0.06%
2026-07-21 13:34:34 INFO     strategy        PnL: 13:34:34 MTM=354.25 Profit=0.05%
2026-07-21 13:34:36 INFO     strategy        PnL: 13:34:36 MTM=386.75 Profit=0.06%
2026-07-21 13:34:37 INFO     strategy        PnL: 13:34:37 MTM=380.25 Profit=0.06%
2026-07-21 13:34:38 INFO     strategy        PnL: 13:34:38 MTM=396.50 Profit=0.06%
2026-07-21 13:34:39 INFO     strategy        PnL: 13:34:39 MTM=377.00 Profit=0.06%
2026-07-21 13:34:40 INFO     strategy        PnL: 13:34:40 MTM=383.50 Profit=0.06%
2026-07-21 13:34:41 INFO     strategy        PnL: 13:34:41 MTM=396.50 Profit=0.06%
2026-07-21 13:34:42 INFO     strategy        PnL: 13:34:42 MTM=383.50 Profit=0.06%
2026-07-21 13:34:43 INFO     strategy        PnL: 13:34:43 MTM=386.75 Profit=0.06%
2026-07-21 13:34:44 INFO     strategy        PnL: 13:34:44 MTM=370.50 Profit=0.06%
2026-07-21 13:34:45 INFO     strategy        PnL: 13:34:45 MTM=383.50 Profit=0.06%
2026-07-21 13:34:46 INFO     strategy        PnL: 13:34:46 MTM=367.25 Profit=0.06%
2026-07-21 13:34:47 INFO     strategy        PnL: 13:34:47 MTM=357.50 Profit=0.05%
2026-07-21 13:34:48 INFO     strategy        PnL: 13:34:48 MTM=373.75 Profit=0.06%
2026-07-21 13:34:49 INFO     strategy        PnL: 13:34:49 MTM=373.75 Profit=0.06%
2026-07-21 13:34:50 INFO     strategy        PnL: 13:34:50 MTM=357.50 Profit=0.05%
2026-07-21 13:34:51 INFO     strategy        PnL: 13:34:51 MTM=354.25 Profit=0.05%
2026-07-21 13:34:52 INFO     strategy        PnL: 13:34:52 MTM=367.25 Profit=0.06%
2026-07-21 13:34:53 INFO     strategy        PnL: 13:34:53 MTM=377.00 Profit=0.06%
2026-07-21 13:34:54 INFO     strategy        PnL: 13:34:54 MTM=386.75 Profit=0.06%
2026-07-21 13:34:55 INFO     strategy        PnL: 13:34:55 MTM=357.50 Profit=0.05%
2026-07-21 13:34:56 INFO     strategy        PnL: 13:34:56 MTM=380.25 Profit=0.06%
2026-07-21 13:34:57 INFO     strategy        PnL: 13:34:57 MTM=367.25 Profit=0.06%
2026-07-21 13:34:58 INFO     strategy        PnL: 13:34:58 MTM=396.50 Profit=0.06%
2026-07-21 13:34:59 INFO     strategy        PnL: 13:34:59 MTM=396.50 Profit=0.06%
2026-07-21 13:35:00 INFO     strategy        PnL: 13:35:00 MTM=386.75 Profit=0.06%
2026-07-21 13:35:01 INFO     strategy        PnL: 13:35:01 MTM=435.50 Profit=0.07%
2026-07-21 13:35:02 INFO     strategy        PnL: 13:35:02 MTM=438.75 Profit=0.07%
2026-07-21 13:35:03 INFO     strategy        PnL: 13:35:03 MTM=383.50 Profit=0.06%
2026-07-21 13:35:04 INFO     strategy        PnL: 13:35:04 MTM=406.25 Profit=0.06%
2026-07-21 13:35:05 INFO     strategy        PnL: 13:35:05 MTM=403.00 Profit=0.06%
2026-07-21 13:35:06 INFO     strategy        PnL: 13:35:06 MTM=422.50 Profit=0.06%
2026-07-21 13:35:07 INFO     strategy        PnL: 13:35:07 MTM=351.00 Profit=0.05%
2026-07-21 13:35:08 INFO     strategy        PnL: 13:35:08 MTM=412.75 Profit=0.06%
2026-07-21 13:35:09 INFO     strategy        PnL: 13:35:09 MTM=393.25 Profit=0.06%
2026-07-21 13:35:10 INFO     strategy        PnL: 13:35:10 MTM=383.50 Profit=0.06%
2026-07-21 13:35:11 INFO     strategy        PnL: 13:35:11 MTM=412.75 Profit=0.06%
2026-07-21 13:35:12 INFO     strategy        PnL: 13:35:12 MTM=390.00 Profit=0.06%
2026-07-21 13:35:13 INFO     strategy        PnL: 13:35:13 MTM=409.50 Profit=0.06%
2026-07-21 13:35:14 INFO     strategy        PnL: 13:35:14 MTM=377.00 Profit=0.06%
2026-07-21 13:35:15 INFO     strategy        PnL: 13:35:15 MTM=412.75 Profit=0.06%
2026-07-21 13:35:16 INFO     strategy        PnL: 13:35:16 MTM=419.25 Profit=0.06%
2026-07-21 13:35:17 INFO     strategy        PnL: 13:35:17 MTM=399.75 Profit=0.06%
2026-07-21 13:35:18 INFO     strategy        PnL: 13:35:18 MTM=438.75 Profit=0.07%
2026-07-21 13:35:19 INFO     strategy        PnL: 13:35:19 MTM=435.50 Profit=0.07%
2026-07-21 13:35:20 INFO     strategy        PnL: 13:35:20 MTM=425.75 Profit=0.06%
2026-07-21 13:35:21 INFO     strategy        PnL: 13:35:21 MTM=412.75 Profit=0.06%
2026-07-21 13:35:22 INFO     strategy        PnL: 13:35:22 MTM=412.75 Profit=0.06%
2026-07-21 13:35:23 INFO     strategy        PnL: 13:35:23 MTM=458.25 Profit=0.07%
2026-07-21 13:35:24 INFO     strategy        PnL: 13:35:24 MTM=442.00 Profit=0.07%
2026-07-21 13:35:25 INFO     strategy        PnL: 13:35:25 MTM=438.75 Profit=0.07%
2026-07-21 13:35:26 INFO     strategy        PnL: 13:35:26 MTM=432.25 Profit=0.07%
2026-07-21 13:35:27 INFO     strategy        PnL: 13:35:27 MTM=419.25 Profit=0.06%
2026-07-21 13:35:28 INFO     strategy        PnL: 13:35:28 MTM=432.25 Profit=0.07%
2026-07-21 13:35:29 INFO     strategy        PnL: 13:35:29 MTM=406.25 Profit=0.06%
2026-07-21 13:35:30 INFO     strategy        PnL: 13:35:30 MTM=416.00 Profit=0.06%
2026-07-21 13:35:31 INFO     strategy        PnL: 13:35:31 MTM=435.50 Profit=0.07%
2026-07-21 13:35:32 INFO     strategy        PnL: 13:35:32 MTM=422.50 Profit=0.06%
2026-07-21 13:35:33 INFO     strategy        PnL: 13:35:33 MTM=412.75 Profit=0.06%
2026-07-21 13:35:34 INFO     strategy        PnL: 13:35:34 MTM=406.25 Profit=0.06%
2026-07-21 13:35:35 INFO     strategy        PnL: 13:35:35 MTM=429.00 Profit=0.06%
2026-07-21 13:35:36 INFO     strategy        PnL: 13:35:36 MTM=409.50 Profit=0.06%
2026-07-21 13:35:37 INFO     strategy        PnL: 13:35:37 MTM=448.50 Profit=0.07%
2026-07-21 13:35:38 INFO     strategy        PnL: 13:35:38 MTM=412.75 Profit=0.06%
2026-07-21 13:35:39 INFO     strategy        PnL: 13:35:39 MTM=403.00 Profit=0.06%
2026-07-21 13:35:40 INFO     strategy        PnL: 13:35:40 MTM=380.25 Profit=0.06%
2026-07-21 13:35:41 INFO     strategy        PnL: 13:35:41 MTM=396.50 Profit=0.06%
2026-07-21 13:35:42 INFO     strategy        PnL: 13:35:42 MTM=357.50 Profit=0.05%
2026-07-21 13:35:43 INFO     strategy        PnL: 13:35:43 MTM=409.50 Profit=0.06%
2026-07-21 13:35:44 INFO     strategy        PnL: 13:35:44 MTM=396.50 Profit=0.06%
2026-07-21 13:35:45 INFO     strategy        PnL: 13:35:45 MTM=422.50 Profit=0.06%
2026-07-21 13:35:46 INFO     strategy        PnL: 13:35:46 MTM=416.00 Profit=0.06%
2026-07-21 13:35:47 INFO     strategy        PnL: 13:35:47 MTM=416.00 Profit=0.06%
2026-07-21 13:35:48 INFO     strategy        PnL: 13:35:48 MTM=419.25 Profit=0.06%
2026-07-21 13:35:49 INFO     strategy        PnL: 13:35:49 MTM=399.75 Profit=0.06%
2026-07-21 13:35:50 INFO     strategy        PnL: 13:35:50 MTM=377.00 Profit=0.06%
2026-07-21 13:35:51 INFO     strategy        PnL: 13:35:51 MTM=432.25 Profit=0.07%
2026-07-21 13:35:52 INFO     strategy        PnL: 13:35:52 MTM=393.25 Profit=0.06%
2026-07-21 13:35:53 INFO     strategy        PnL: 13:35:53 MTM=429.00 Profit=0.06%
2026-07-21 13:35:54 INFO     strategy        PnL: 13:35:54 MTM=383.50 Profit=0.06%
2026-07-21 13:35:55 INFO     strategy        PnL: 13:35:55 MTM=432.25 Profit=0.07%
2026-07-21 13:35:56 INFO     strategy        PnL: 13:35:56 MTM=370.50 Profit=0.06%
2026-07-21 13:35:58 INFO     strategy        PnL: 13:35:58 MTM=425.75 Profit=0.06%
2026-07-21 13:35:59 INFO     strategy        PnL: 13:35:59 MTM=412.75 Profit=0.06%
2026-07-21 13:36:00 INFO     strategy        PnL: 13:36:00 MTM=386.75 Profit=0.06%
2026-07-21 13:36:01 INFO     strategy        PnL: 13:36:01 MTM=422.50 Profit=0.06%
2026-07-21 13:36:02 INFO     strategy        PnL: 13:36:02 MTM=455.00 Profit=0.07%
2026-07-21 13:36:03 INFO     strategy        PnL: 13:36:03 MTM=442.00 Profit=0.07%
2026-07-21 13:36:04 INFO     strategy        PnL: 13:36:04 MTM=403.00 Profit=0.06%
2026-07-21 13:36:05 INFO     strategy        PnL: 13:36:05 MTM=429.00 Profit=0.06%
2026-07-21 13:36:06 INFO     strategy        PnL: 13:36:06 MTM=416.00 Profit=0.06%
2026-07-21 13:36:07 INFO     strategy        PnL: 13:36:07 MTM=432.25 Profit=0.07%
2026-07-21 13:36:08 INFO     strategy        PnL: 13:36:08 MTM=425.75 Profit=0.06%
2026-07-21 13:36:09 INFO     strategy        PnL: 13:36:09 MTM=416.00 Profit=0.06%
2026-07-21 13:36:10 INFO     strategy        PnL: 13:36:10 MTM=435.50 Profit=0.07%
2026-07-21 13:36:11 INFO     strategy        PnL: 13:36:11 MTM=406.25 Profit=0.06%
2026-07-21 13:36:12 INFO     strategy        PnL: 13:36:12 MTM=416.00 Profit=0.06%
2026-07-21 13:36:13 INFO     strategy        PnL: 13:36:13 MTM=416.00 Profit=0.06%
2026-07-21 13:36:14 INFO     strategy        PnL: 13:36:14 MTM=406.25 Profit=0.06%
2026-07-21 13:36:15 INFO     strategy        PnL: 13:36:15 MTM=393.25 Profit=0.06%
2026-07-21 13:36:16 INFO     strategy        PnL: 13:36:16 MTM=399.75 Profit=0.06%
2026-07-21 13:36:17 INFO     strategy        PnL: 13:36:17 MTM=399.75 Profit=0.06%
2026-07-21 13:36:18 INFO     strategy        PnL: 13:36:18 MTM=409.50 Profit=0.06%
2026-07-21 13:36:19 INFO     strategy        PnL: 13:36:19 MTM=409.50 Profit=0.06%
2026-07-21 13:36:20 INFO     strategy        PnL: 13:36:20 MTM=442.00 Profit=0.07%
2026-07-21 13:36:21 INFO     strategy        PnL: 13:36:21 MTM=432.25 Profit=0.07%
2026-07-21 13:36:22 INFO     strategy        PnL: 13:36:22 MTM=409.50 Profit=0.06%
2026-07-21 13:36:23 INFO     strategy        PnL: 13:36:23 MTM=422.50 Profit=0.06%
2026-07-21 13:36:24 INFO     strategy        PnL: 13:36:24 MTM=403.00 Profit=0.06%
2026-07-21 13:36:25 INFO     strategy        PnL: 13:36:25 MTM=334.75 Profit=0.05%
2026-07-21 13:36:26 INFO     strategy        PnL: 13:36:26 MTM=429.00 Profit=0.06%
2026-07-21 13:36:27 INFO     strategy        PnL: 13:36:27 MTM=380.25 Profit=0.06%
2026-07-21 13:36:28 INFO     strategy        PnL: 13:36:28 MTM=438.75 Profit=0.07%
2026-07-21 13:36:29 INFO     strategy        PnL: 13:36:29 MTM=419.25 Profit=0.06%
2026-07-21 13:36:30 INFO     strategy        PnL: 13:36:30 MTM=409.50 Profit=0.06%
2026-07-21 13:36:31 INFO     strategy        PnL: 13:36:31 MTM=409.50 Profit=0.06%
2026-07-21 13:36:32 INFO     strategy        PnL: 13:36:32 MTM=438.75 Profit=0.07%
2026-07-21 13:36:33 INFO     strategy        PnL: 13:36:33 MTM=425.75 Profit=0.06%
2026-07-21 13:36:34 INFO     strategy        PnL: 13:36:34 MTM=425.75 Profit=0.06%
2026-07-21 13:36:35 INFO     strategy        PnL: 13:36:35 MTM=419.25 Profit=0.06%
2026-07-21 13:36:36 INFO     strategy        PnL: 13:36:36 MTM=422.50 Profit=0.06%
2026-07-21 13:36:37 INFO     strategy        PnL: 13:36:37 MTM=429.00 Profit=0.06%
2026-07-21 13:36:38 INFO     strategy        PnL: 13:36:38 MTM=429.00 Profit=0.06%
2026-07-21 13:36:39 INFO     strategy        PnL: 13:36:39 MTM=419.25 Profit=0.06%
2026-07-21 13:36:40 INFO     strategy        PnL: 13:36:40 MTM=435.50 Profit=0.07%
2026-07-21 13:36:41 INFO     strategy        PnL: 13:36:41 MTM=435.50 Profit=0.07%
2026-07-21 13:36:42 INFO     strategy        PnL: 13:36:42 MTM=416.00 Profit=0.06%
2026-07-21 13:36:43 INFO     strategy        PnL: 13:36:43 MTM=393.25 Profit=0.06%
2026-07-21 13:36:44 INFO     strategy        PnL: 13:36:44 MTM=419.25 Profit=0.06%
2026-07-21 13:36:45 INFO     strategy        PnL: 13:36:45 MTM=409.50 Profit=0.06%
2026-07-21 13:36:46 INFO     strategy        PnL: 13:36:46 MTM=425.75 Profit=0.06%
2026-07-21 13:36:47 INFO     strategy        PnL: 13:36:47 MTM=412.75 Profit=0.06%
2026-07-21 13:36:48 INFO     strategy        PnL: 13:36:48 MTM=451.75 Profit=0.07%
2026-07-21 13:36:49 INFO     strategy        PnL: 13:36:49 MTM=416.00 Profit=0.06%
2026-07-21 13:36:50 INFO     strategy        PnL: 13:36:50 MTM=435.50 Profit=0.07%
2026-07-21 13:36:51 INFO     strategy        PnL: 13:36:51 MTM=419.25 Profit=0.06%
2026-07-21 13:36:52 INFO     strategy        PnL: 13:36:52 MTM=406.25 Profit=0.06%
2026-07-21 13:36:53 INFO     strategy        PnL: 13:36:53 MTM=435.50 Profit=0.07%
2026-07-21 13:36:54 INFO     strategy        PnL: 13:36:54 MTM=429.00 Profit=0.06%
2026-07-21 13:36:55 INFO     strategy        PnL: 13:36:55 MTM=416.00 Profit=0.06%
2026-07-21 13:36:56 INFO     strategy        PnL: 13:36:56 MTM=432.25 Profit=0.07%
2026-07-21 13:36:57 INFO     strategy        PnL: 13:36:57 MTM=448.50 Profit=0.07%
2026-07-21 13:36:58 INFO     strategy        PnL: 13:36:58 MTM=448.50 Profit=0.07%
2026-07-21 13:36:59 INFO     strategy        PnL: 13:36:59 MTM=435.50 Profit=0.07%
2026-07-21 13:37:00 INFO     strategy        PnL: 13:37:00 MTM=432.25 Profit=0.07%
2026-07-21 13:37:01 INFO     strategy        PnL: 13:37:01 MTM=429.00 Profit=0.06%
2026-07-21 13:37:02 INFO     strategy        PnL: 13:37:02 MTM=419.25 Profit=0.06%
2026-07-21 13:37:03 INFO     strategy        PnL: 13:37:03 MTM=432.25 Profit=0.07%
2026-07-21 13:37:04 INFO     strategy        PnL: 13:37:04 MTM=432.25 Profit=0.07%
2026-07-21 13:37:05 INFO     strategy        PnL: 13:37:05 MTM=435.50 Profit=0.07%
2026-07-21 13:37:06 INFO     strategy        PnL: 13:37:06 MTM=445.25 Profit=0.07%
2026-07-21 13:37:07 INFO     strategy        PnL: 13:37:07 MTM=429.00 Profit=0.06%
2026-07-21 13:37:08 INFO     strategy        PnL: 13:37:08 MTM=438.75 Profit=0.07%
2026-07-21 13:37:09 INFO     strategy        PnL: 13:37:09 MTM=429.00 Profit=0.06%
2026-07-21 13:37:10 INFO     strategy        PnL: 13:37:10 MTM=438.75 Profit=0.07%
2026-07-21 13:37:11 INFO     strategy        PnL: 13:37:11 MTM=471.25 Profit=0.07%
2026-07-21 13:37:12 INFO     strategy        PnL: 13:37:12 MTM=435.50 Profit=0.07%
2026-07-21 13:37:13 INFO     strategy        PnL: 13:37:13 MTM=458.25 Profit=0.07%
2026-07-21 13:37:14 INFO     strategy        PnL: 13:37:14 MTM=471.25 Profit=0.07%
2026-07-21 13:37:15 INFO     strategy        PnL: 13:37:15 MTM=448.50 Profit=0.07%
2026-07-21 13:37:16 INFO     strategy        PnL: 13:37:16 MTM=471.25 Profit=0.07%
2026-07-21 13:37:17 INFO     strategy        PnL: 13:37:17 MTM=507.00 Profit=0.08%
2026-07-21 13:37:18 INFO     strategy        PnL: 13:37:18 MTM=510.25 Profit=0.08%
2026-07-21 13:37:19 INFO     strategy        PnL: 13:37:19 MTM=464.75 Profit=0.07%
2026-07-21 13:37:20 INFO     strategy        PnL: 13:37:20 MTM=438.75 Profit=0.07%
2026-07-21 13:37:21 INFO     strategy        PnL: 13:37:21 MTM=487.50 Profit=0.07%
2026-07-21 13:37:22 INFO     strategy        PnL: 13:37:22 MTM=477.75 Profit=0.07%
2026-07-21 13:37:23 INFO     strategy        PnL: 13:37:23 MTM=474.50 Profit=0.07%
2026-07-21 13:37:24 INFO     strategy        PnL: 13:37:24 MTM=474.50 Profit=0.07%
2026-07-21 13:37:25 INFO     strategy        PnL: 13:37:25 MTM=507.00 Profit=0.08%
2026-07-21 13:37:26 INFO     strategy        PnL: 13:37:26 MTM=461.50 Profit=0.07%
2026-07-21 13:37:27 INFO     strategy        PnL: 13:37:27 MTM=481.00 Profit=0.07%
2026-07-21 13:37:28 INFO     strategy        PnL: 13:37:28 MTM=464.75 Profit=0.07%
2026-07-21 13:37:29 INFO     strategy        PnL: 13:37:29 MTM=468.00 Profit=0.07%
2026-07-21 13:37:30 INFO     strategy        PnL: 13:37:30 MTM=497.25 Profit=0.07%
2026-07-21 13:37:31 INFO     strategy        PnL: 13:37:31 MTM=471.25 Profit=0.07%
2026-07-21 13:37:32 INFO     strategy        PnL: 13:37:32 MTM=451.75 Profit=0.07%
2026-07-21 13:37:33 INFO     strategy        PnL: 13:37:33 MTM=484.25 Profit=0.07%
2026-07-21 13:37:34 INFO     strategy        PnL: 13:37:34 MTM=461.50 Profit=0.07%
2026-07-21 13:37:35 INFO     strategy        PnL: 13:37:35 MTM=464.75 Profit=0.07%
2026-07-21 13:37:36 INFO     strategy        PnL: 13:37:36 MTM=484.25 Profit=0.07%
2026-07-21 13:37:37 INFO     strategy        PnL: 13:37:37 MTM=500.50 Profit=0.08%
2026-07-21 13:37:38 INFO     strategy        PnL: 13:37:38 MTM=494.00 Profit=0.07%
2026-07-21 13:37:40 INFO     strategy        PnL: 13:37:40 MTM=513.50 Profit=0.08%
2026-07-21 13:37:41 INFO     strategy        PnL: 13:37:41 MTM=507.00 Profit=0.08%
2026-07-21 13:37:42 INFO     strategy        PnL: 13:37:42 MTM=458.25 Profit=0.07%
2026-07-21 13:37:43 INFO     strategy        PnL: 13:37:43 MTM=438.75 Profit=0.07%
2026-07-21 13:37:44 INFO     strategy        PnL: 13:37:44 MTM=464.75 Profit=0.07%
2026-07-21 13:37:45 INFO     strategy        PnL: 13:37:45 MTM=455.00 Profit=0.07%
2026-07-21 13:37:46 INFO     strategy        PnL: 13:37:46 MTM=464.75 Profit=0.07%
2026-07-21 13:37:47 INFO     strategy        PnL: 13:37:47 MTM=494.00 Profit=0.07%
2026-07-21 13:37:48 INFO     strategy        PnL: 13:37:48 MTM=468.00 Profit=0.07%
2026-07-21 13:37:49 INFO     strategy        PnL: 13:37:49 MTM=464.75 Profit=0.07%
2026-07-21 13:37:50 INFO     strategy        PnL: 13:37:50 MTM=468.00 Profit=0.07%
2026-07-21 13:37:51 INFO     strategy        PnL: 13:37:51 MTM=451.75 Profit=0.07%
2026-07-21 13:37:52 INFO     strategy        PnL: 13:37:52 MTM=481.00 Profit=0.07%
2026-07-21 13:37:53 INFO     strategy        PnL: 13:37:53 MTM=445.25 Profit=0.07%
2026-07-21 13:37:54 INFO     strategy        PnL: 13:37:54 MTM=458.25 Profit=0.07%
2026-07-21 13:37:55 INFO     strategy        PnL: 13:37:55 MTM=481.00 Profit=0.07%
2026-07-21 13:37:56 INFO     strategy        PnL: 13:37:56 MTM=474.50 Profit=0.07%
2026-07-21 13:37:57 INFO     strategy        PnL: 13:37:57 MTM=477.75 Profit=0.07%
2026-07-21 13:37:58 INFO     strategy        PnL: 13:37:58 MTM=497.25 Profit=0.07%
2026-07-21 13:37:59 INFO     strategy        PnL: 13:37:59 MTM=477.75 Profit=0.07%
2026-07-21 13:38:00 INFO     strategy        PnL: 13:38:00 MTM=471.25 Profit=0.07%
2026-07-21 13:38:01 INFO     strategy        PnL: 13:38:01 MTM=487.50 Profit=0.07%
2026-07-21 13:38:02 INFO     strategy        PnL: 13:38:02 MTM=487.50 Profit=0.07%
2026-07-21 13:38:03 INFO     strategy        PnL: 13:38:03 MTM=474.50 Profit=0.07%
2026-07-21 13:38:04 INFO     strategy        PnL: 13:38:04 MTM=474.50 Profit=0.07%
2026-07-21 13:38:05 INFO     strategy        PnL: 13:38:05 MTM=487.50 Profit=0.07%
2026-07-21 13:38:06 INFO     strategy        PnL: 13:38:06 MTM=477.75 Profit=0.07%
2026-07-21 13:38:07 INFO     strategy        PnL: 13:38:07 MTM=503.75 Profit=0.08%
2026-07-21 13:38:08 INFO     strategy        PnL: 13:38:08 MTM=484.25 Profit=0.07%
2026-07-21 13:38:09 INFO     strategy        PnL: 13:38:09 MTM=464.75 Profit=0.07%
2026-07-21 13:38:10 INFO     strategy        PnL: 13:38:10 MTM=464.75 Profit=0.07%
2026-07-21 13:38:11 INFO     strategy        PnL: 13:38:11 MTM=477.75 Profit=0.07%
2026-07-21 13:38:12 INFO     strategy        PnL: 13:38:12 MTM=494.00 Profit=0.07%
2026-07-21 13:38:13 INFO     strategy        PnL: 13:38:13 MTM=487.50 Profit=0.07%
2026-07-21 13:38:14 INFO     strategy        PnL: 13:38:14 MTM=474.50 Profit=0.07%
2026-07-21 13:38:15 INFO     strategy        PnL: 13:38:15 MTM=435.50 Profit=0.07%
2026-07-21 13:38:16 INFO     strategy        PnL: 13:38:16 MTM=474.50 Profit=0.07%
2026-07-21 13:38:17 INFO     strategy        PnL: 13:38:17 MTM=471.25 Profit=0.07%
2026-07-21 13:38:18 INFO     strategy        PnL: 13:38:18 MTM=481.00 Profit=0.07%
2026-07-21 13:38:19 INFO     strategy        PnL: 13:38:19 MTM=464.75 Profit=0.07%
2026-07-21 13:38:20 INFO     strategy        PnL: 13:38:20 MTM=481.00 Profit=0.07%
2026-07-21 13:38:21 INFO     strategy        PnL: 13:38:21 MTM=471.25 Profit=0.07%
2026-07-21 13:38:22 INFO     strategy        PnL: 13:38:22 MTM=461.50 Profit=0.07%
2026-07-21 13:38:23 INFO     strategy        PnL: 13:38:23 MTM=471.25 Profit=0.07%
2026-07-21 13:38:24 INFO     strategy        PnL: 13:38:24 MTM=471.25 Profit=0.07%
2026-07-21 13:38:25 INFO     strategy        PnL: 13:38:25 MTM=458.25 Profit=0.07%
2026-07-21 13:38:26 INFO     strategy        PnL: 13:38:26 MTM=448.50 Profit=0.07%
2026-07-21 13:38:27 INFO     strategy        PnL: 13:38:27 MTM=474.50 Profit=0.07%
2026-07-21 13:38:28 INFO     strategy        PnL: 13:38:28 MTM=484.25 Profit=0.07%
2026-07-21 13:38:29 INFO     strategy        PnL: 13:38:29 MTM=477.75 Profit=0.07%
2026-07-21 13:38:30 INFO     strategy        PnL: 13:38:30 MTM=477.75 Profit=0.07%
2026-07-21 13:38:31 INFO     strategy        PnL: 13:38:31 MTM=451.75 Profit=0.07%
2026-07-21 13:38:32 INFO     strategy        PnL: 13:38:32 MTM=458.25 Profit=0.07%
2026-07-21 13:38:33 INFO     strategy        PnL: 13:38:33 MTM=494.00 Profit=0.07%
2026-07-21 13:38:34 INFO     strategy        PnL: 13:38:34 MTM=471.25 Profit=0.07%
2026-07-21 13:38:35 INFO     strategy        PnL: 13:38:35 MTM=474.50 Profit=0.07%
2026-07-21 13:38:36 INFO     strategy        PnL: 13:38:36 MTM=474.50 Profit=0.07%
2026-07-21 13:38:37 INFO     strategy        PnL: 13:38:37 MTM=490.75 Profit=0.07%
2026-07-21 13:38:38 INFO     strategy        PnL: 13:38:38 MTM=494.00 Profit=0.07%
2026-07-21 13:38:39 INFO     strategy        PnL: 13:38:39 MTM=507.00 Profit=0.08%
2026-07-21 13:38:40 INFO     strategy        PnL: 13:38:40 MTM=490.75 Profit=0.07%
2026-07-21 13:38:41 INFO     strategy        PnL: 13:38:41 MTM=471.25 Profit=0.07%
2026-07-21 13:38:42 INFO     strategy        PnL: 13:38:42 MTM=461.50 Profit=0.07%
2026-07-21 13:38:43 INFO     strategy        PnL: 13:38:43 MTM=477.75 Profit=0.07%
2026-07-21 13:38:44 INFO     strategy        PnL: 13:38:44 MTM=448.50 Profit=0.07%
2026-07-21 13:38:45 INFO     strategy        PnL: 13:38:45 MTM=458.25 Profit=0.07%
2026-07-21 13:38:46 INFO     strategy        PnL: 13:38:46 MTM=477.75 Profit=0.07%
2026-07-21 13:38:47 INFO     strategy        PnL: 13:38:47 MTM=461.50 Profit=0.07%
2026-07-21 13:38:48 INFO     strategy        PnL: 13:38:48 MTM=477.75 Profit=0.07%
2026-07-21 13:38:49 INFO     strategy        PnL: 13:38:49 MTM=474.50 Profit=0.07%
2026-07-21 13:38:50 INFO     strategy        PnL: 13:38:50 MTM=442.00 Profit=0.07%
2026-07-21 13:38:51 INFO     strategy        PnL: 13:38:51 MTM=458.25 Profit=0.07%
2026-07-21 13:38:52 INFO     strategy        PnL: 13:38:52 MTM=455.00 Profit=0.07%
2026-07-21 13:38:53 INFO     strategy        PnL: 13:38:53 MTM=477.75 Profit=0.07%
2026-07-21 13:38:54 INFO     strategy        PnL: 13:38:54 MTM=471.25 Profit=0.07%
2026-07-21 13:38:55 INFO     strategy        PnL: 13:38:55 MTM=481.00 Profit=0.07%
2026-07-21 13:38:56 INFO     strategy        PnL: 13:38:56 MTM=481.00 Profit=0.07%
2026-07-21 13:38:57 INFO     strategy        PnL: 13:38:57 MTM=477.75 Profit=0.07%
2026-07-21 13:38:58 INFO     strategy        PnL: 13:38:58 MTM=487.50 Profit=0.07%
2026-07-21 13:38:59 INFO     strategy        PnL: 13:38:59 MTM=474.50 Profit=0.07%
2026-07-21 13:39:00 INFO     strategy        PnL: 13:39:00 MTM=464.75 Profit=0.07%
2026-07-21 13:39:01 INFO     strategy        PnL: 13:39:01 MTM=471.25 Profit=0.07%
2026-07-21 13:39:02 INFO     strategy        PnL: 13:39:02 MTM=484.25 Profit=0.07%
2026-07-21 13:39:03 INFO     strategy        PnL: 13:39:03 MTM=484.25 Profit=0.07%
2026-07-21 13:39:04 INFO     strategy        PnL: 13:39:04 MTM=484.25 Profit=0.07%
2026-07-21 13:39:05 INFO     strategy        PnL: 13:39:05 MTM=494.00 Profit=0.07%
2026-07-21 13:39:06 INFO     strategy        PnL: 13:39:06 MTM=494.00 Profit=0.07%
2026-07-21 13:39:07 INFO     strategy        PnL: 13:39:07 MTM=481.00 Profit=0.07%
2026-07-21 13:39:08 INFO     strategy        PnL: 13:39:08 MTM=526.50 Profit=0.08%
2026-07-21 13:39:09 INFO     strategy        PnL: 13:39:09 MTM=484.25 Profit=0.07%
2026-07-21 13:39:10 INFO     strategy        PnL: 13:39:10 MTM=507.00 Profit=0.08%
2026-07-21 13:39:11 INFO     strategy        PnL: 13:39:11 MTM=477.75 Profit=0.07%
2026-07-21 13:39:12 INFO     strategy        PnL: 13:39:12 MTM=490.75 Profit=0.07%
2026-07-21 13:39:13 INFO     strategy        PnL: 13:39:13 MTM=510.25 Profit=0.08%
2026-07-21 13:39:14 INFO     strategy        PnL: 13:39:14 MTM=468.00 Profit=0.07%
2026-07-21 13:39:15 INFO     strategy        PnL: 13:39:15 MTM=497.25 Profit=0.07%
2026-07-21 13:39:16 INFO     strategy        PnL: 13:39:16 MTM=474.50 Profit=0.07%
2026-07-21 13:39:17 INFO     strategy        PnL: 13:39:17 MTM=490.75 Profit=0.07%
2026-07-21 13:39:18 INFO     strategy        PnL: 13:39:18 MTM=481.00 Profit=0.07%
2026-07-21 13:39:19 INFO     strategy        PnL: 13:39:19 MTM=474.50 Profit=0.07%
2026-07-21 13:39:20 INFO     strategy        PnL: 13:39:20 MTM=474.50 Profit=0.07%
2026-07-21 13:39:21 INFO     strategy        PnL: 13:39:21 MTM=510.25 Profit=0.08%
2026-07-21 13:39:22 INFO     strategy        PnL: 13:39:22 MTM=484.25 Profit=0.07%
2026-07-21 13:39:23 INFO     strategy        PnL: 13:39:23 MTM=490.75 Profit=0.07%
2026-07-21 13:39:24 INFO     strategy        PnL: 13:39:24 MTM=494.00 Profit=0.07%
2026-07-21 13:39:25 INFO     strategy        PnL: 13:39:25 MTM=481.00 Profit=0.07%
2026-07-21 13:39:26 INFO     strategy        PnL: 13:39:26 MTM=539.50 Profit=0.08%
2026-07-21 13:39:27 INFO     strategy        PnL: 13:39:27 MTM=477.75 Profit=0.07%
2026-07-21 13:39:28 INFO     strategy        PnL: 13:39:28 MTM=520.00 Profit=0.08%
2026-07-21 13:39:29 INFO     strategy        PnL: 13:39:29 MTM=503.75 Profit=0.08%
2026-07-21 13:39:30 INFO     strategy        PnL: 13:39:30 MTM=510.25 Profit=0.08%
2026-07-21 13:39:31 INFO     strategy        PnL: 13:39:31 MTM=487.50 Profit=0.07%
2026-07-21 13:39:32 INFO     strategy        PnL: 13:39:32 MTM=487.50 Profit=0.07%
2026-07-21 13:39:33 INFO     strategy        PnL: 13:39:33 MTM=487.50 Profit=0.07%
2026-07-21 13:39:34 INFO     strategy        PnL: 13:39:34 MTM=497.25 Profit=0.07%
2026-07-21 13:39:35 INFO     strategy        PnL: 13:39:35 MTM=503.75 Profit=0.08%
2026-07-21 13:39:36 INFO     strategy        PnL: 13:39:36 MTM=510.25 Profit=0.08%
2026-07-21 13:39:37 INFO     strategy        PnL: 13:39:37 MTM=474.50 Profit=0.07%
2026-07-21 13:39:38 INFO     strategy        PnL: 13:39:38 MTM=490.75 Profit=0.07%
2026-07-21 13:39:39 INFO     strategy        PnL: 13:39:39 MTM=494.00 Profit=0.07%
2026-07-21 13:39:40 INFO     strategy        PnL: 13:39:40 MTM=461.50 Profit=0.07%
2026-07-21 13:39:42 INFO     strategy        PnL: 13:39:41 MTM=468.00 Profit=0.07%
2026-07-21 13:39:43 INFO     strategy        PnL: 13:39:43 MTM=484.25 Profit=0.07%
2026-07-21 13:39:44 INFO     strategy        PnL: 13:39:44 MTM=471.25 Profit=0.07%
2026-07-21 13:39:45 INFO     strategy        PnL: 13:39:45 MTM=419.25 Profit=0.06%
2026-07-21 13:39:46 INFO     strategy        PnL: 13:39:46 MTM=471.25 Profit=0.07%
2026-07-21 13:39:47 INFO     strategy        PnL: 13:39:47 MTM=458.25 Profit=0.07%
2026-07-21 13:39:48 INFO     strategy        PnL: 13:39:48 MTM=507.00 Profit=0.08%
2026-07-21 13:39:49 INFO     strategy        PnL: 13:39:49 MTM=471.25 Profit=0.07%
2026-07-21 13:39:50 INFO     strategy        PnL: 13:39:50 MTM=481.00 Profit=0.07%
2026-07-21 13:39:51 INFO     strategy        PnL: 13:39:51 MTM=484.25 Profit=0.07%
2026-07-21 13:39:52 INFO     strategy        PnL: 13:39:52 MTM=500.50 Profit=0.08%
2026-07-21 13:39:53 INFO     strategy        PnL: 13:39:53 MTM=513.50 Profit=0.08%
2026-07-21 13:39:54 INFO     strategy        PnL: 13:39:54 MTM=520.00 Profit=0.08%
2026-07-21 13:39:55 INFO     strategy        PnL: 13:39:55 MTM=510.25 Profit=0.08%
2026-07-21 13:39:56 INFO     strategy        PnL: 13:39:56 MTM=507.00 Profit=0.08%
2026-07-21 13:39:57 INFO     strategy        PnL: 13:39:57 MTM=464.75 Profit=0.07%
2026-07-21 13:39:58 INFO     strategy        PnL: 13:39:58 MTM=507.00 Profit=0.08%
2026-07-21 13:39:59 INFO     strategy        PnL: 13:39:59 MTM=513.50 Profit=0.08%
2026-07-21 13:40:00 INFO     strategy        PnL: 13:40:00 MTM=503.75 Profit=0.08%
2026-07-21 13:40:01 INFO     strategy        PnL: 13:40:01 MTM=487.50 Profit=0.07%
2026-07-21 13:40:02 INFO     strategy        PnL: 13:40:02 MTM=516.75 Profit=0.08%
2026-07-21 13:40:03 INFO     strategy        PnL: 13:40:03 MTM=643.50 Profit=0.10%
2026-07-21 13:40:04 INFO     strategy        PnL: 13:40:04 MTM=481.00 Profit=0.07%
2026-07-21 13:40:05 INFO     strategy        PnL: 13:40:05 MTM=546.00 Profit=0.08%
2026-07-21 13:40:06 INFO     strategy        PnL: 13:40:06 MTM=526.50 Profit=0.08%
2026-07-21 13:40:07 INFO     strategy        PnL: 13:40:07 MTM=542.75 Profit=0.08%
2026-07-21 13:40:08 INFO     strategy        PnL: 13:40:08 MTM=516.75 Profit=0.08%
2026-07-21 13:40:09 INFO     strategy        PnL: 13:40:09 MTM=533.00 Profit=0.08%
2026-07-21 13:40:10 INFO     strategy        PnL: 13:40:10 MTM=510.25 Profit=0.08%
2026-07-21 13:40:11 INFO     strategy        PnL: 13:40:11 MTM=513.50 Profit=0.08%
2026-07-21 13:40:12 INFO     strategy        PnL: 13:40:12 MTM=503.75 Profit=0.08%
2026-07-21 13:40:13 INFO     strategy        PnL: 13:40:13 MTM=526.50 Profit=0.08%
2026-07-21 13:40:14 INFO     strategy        PnL: 13:40:14 MTM=539.50 Profit=0.08%
2026-07-21 13:40:15 INFO     strategy        PnL: 13:40:15 MTM=529.75 Profit=0.08%
2026-07-21 13:40:16 INFO     strategy        PnL: 13:40:16 MTM=536.25 Profit=0.08%
2026-07-21 13:40:17 INFO     strategy        PnL: 13:40:17 MTM=542.75 Profit=0.08%
2026-07-21 13:40:18 INFO     strategy        PnL: 13:40:18 MTM=539.50 Profit=0.08%
2026-07-21 13:40:19 INFO     strategy        PnL: 13:40:19 MTM=591.50 Profit=0.09%
2026-07-21 13:40:20 INFO     strategy        PnL: 13:40:20 MTM=565.50 Profit=0.09%
2026-07-21 13:40:21 INFO     strategy        PnL: 13:40:21 MTM=516.75 Profit=0.08%
2026-07-21 13:40:22 INFO     strategy        PnL: 13:40:22 MTM=520.00 Profit=0.08%
2026-07-21 13:40:23 INFO     strategy        PnL: 13:40:23 MTM=539.50 Profit=0.08%
2026-07-21 13:40:24 INFO     strategy        PnL: 13:40:24 MTM=536.25 Profit=0.08%
2026-07-21 13:40:25 INFO     strategy        PnL: 13:40:25 MTM=533.00 Profit=0.08%
2026-07-21 13:40:26 INFO     strategy        PnL: 13:40:26 MTM=487.50 Profit=0.07%
2026-07-21 13:40:27 INFO     strategy        PnL: 13:40:27 MTM=510.25 Profit=0.08%
2026-07-21 13:40:28 INFO     strategy        PnL: 13:40:28 MTM=516.75 Profit=0.08%
2026-07-21 13:40:29 INFO     strategy        PnL: 13:40:29 MTM=526.50 Profit=0.08%
2026-07-21 13:40:30 INFO     strategy        PnL: 13:40:30 MTM=559.00 Profit=0.08%
2026-07-21 13:40:31 INFO     strategy        PnL: 13:40:31 MTM=474.50 Profit=0.07%
2026-07-21 13:40:32 INFO     strategy        PnL: 13:40:32 MTM=549.25 Profit=0.08%
2026-07-21 13:40:33 INFO     strategy        PnL: 13:40:33 MTM=526.50 Profit=0.08%
2026-07-21 13:40:34 INFO     strategy        PnL: 13:40:34 MTM=487.50 Profit=0.07%
2026-07-21 13:40:35 INFO     strategy        PnL: 13:40:35 MTM=507.00 Profit=0.08%
2026-07-21 13:40:36 INFO     strategy        PnL: 13:40:36 MTM=503.75 Profit=0.08%
2026-07-21 13:40:37 INFO     strategy        PnL: 13:40:37 MTM=529.75 Profit=0.08%
2026-07-21 13:40:38 INFO     strategy        PnL: 13:40:38 MTM=523.25 Profit=0.08%
2026-07-21 13:40:39 INFO     strategy        PnL: 13:40:39 MTM=513.50 Profit=0.08%
2026-07-21 13:40:40 INFO     strategy        PnL: 13:40:40 MTM=520.00 Profit=0.08%
2026-07-21 13:40:41 INFO     strategy        PnL: 13:40:41 MTM=503.75 Profit=0.08%
2026-07-21 13:40:42 INFO     strategy        PnL: 13:40:42 MTM=526.50 Profit=0.08%
2026-07-21 13:40:43 INFO     strategy        PnL: 13:40:43 MTM=520.00 Profit=0.08%
2026-07-21 13:40:44 INFO     strategy        PnL: 13:40:44 MTM=500.50 Profit=0.08%
2026-07-21 13:40:45 INFO     strategy        PnL: 13:40:45 MTM=523.25 Profit=0.08%
2026-07-21 13:40:46 INFO     strategy        PnL: 13:40:46 MTM=510.25 Profit=0.08%
2026-07-21 13:40:47 INFO     strategy        PnL: 13:40:47 MTM=494.00 Profit=0.07%
2026-07-21 13:40:48 INFO     strategy        PnL: 13:40:48 MTM=526.50 Profit=0.08%
2026-07-21 13:40:49 INFO     strategy        PnL: 13:40:49 MTM=490.75 Profit=0.07%
2026-07-21 13:40:50 INFO     strategy        PnL: 13:40:50 MTM=513.50 Profit=0.08%
2026-07-21 13:40:51 INFO     strategy        PnL: 13:40:51 MTM=526.50 Profit=0.08%
2026-07-21 13:40:52 INFO     strategy        PnL: 13:40:52 MTM=507.00 Profit=0.08%
2026-07-21 13:40:53 INFO     strategy        PnL: 13:40:53 MTM=497.25 Profit=0.07%
2026-07-21 13:40:54 INFO     strategy        PnL: 13:40:54 MTM=497.25 Profit=0.07%
2026-07-21 13:40:55 INFO     strategy        PnL: 13:40:55 MTM=510.25 Profit=0.08%
2026-07-21 13:40:56 INFO     strategy        PnL: 13:40:56 MTM=510.25 Profit=0.08%
2026-07-21 13:40:57 INFO     strategy        PnL: 13:40:57 MTM=490.75 Profit=0.07%
2026-07-21 13:40:58 INFO     strategy        PnL: 13:40:58 MTM=520.00 Profit=0.08%
2026-07-21 13:40:59 INFO     strategy        PnL: 13:40:59 MTM=503.75 Profit=0.08%
2026-07-21 13:41:00 INFO     strategy        PnL: 13:41:00 MTM=481.00 Profit=0.07%
2026-07-21 13:41:01 INFO     strategy        PnL: 13:41:01 MTM=494.00 Profit=0.07%
2026-07-21 13:41:02 INFO     strategy        PnL: 13:41:02 MTM=503.75 Profit=0.08%
2026-07-21 13:41:03 INFO     strategy        PnL: 13:41:03 MTM=490.75 Profit=0.07%
2026-07-21 13:41:04 INFO     strategy        PnL: 13:41:04 MTM=516.75 Profit=0.08%
2026-07-21 13:41:05 INFO     strategy        PnL: 13:41:05 MTM=500.50 Profit=0.08%
2026-07-21 13:41:06 INFO     strategy        PnL: 13:41:06 MTM=539.50 Profit=0.08%
2026-07-21 13:41:07 INFO     strategy        PnL: 13:41:07 MTM=552.50 Profit=0.08%
2026-07-21 13:41:08 INFO     strategy        PnL: 13:41:08 MTM=507.00 Profit=0.08%
2026-07-21 13:41:09 INFO     strategy        PnL: 13:41:09 MTM=523.25 Profit=0.08%
2026-07-21 13:41:10 INFO     strategy        PnL: 13:41:10 MTM=500.50 Profit=0.08%
2026-07-21 13:41:11 INFO     strategy        PnL: 13:41:11 MTM=520.00 Profit=0.08%
2026-07-21 13:41:12 INFO     strategy        PnL: 13:41:12 MTM=516.75 Profit=0.08%
2026-07-21 13:41:13 INFO     strategy        PnL: 13:41:13 MTM=533.00 Profit=0.08%
2026-07-21 13:41:14 INFO     strategy        PnL: 13:41:14 MTM=555.75 Profit=0.08%
2026-07-21 13:41:15 INFO     strategy        PnL: 13:41:15 MTM=575.25 Profit=0.09%
2026-07-21 13:41:16 INFO     strategy        PnL: 13:41:16 MTM=507.00 Profit=0.08%
2026-07-21 13:41:17 INFO     strategy        PnL: 13:41:17 MTM=520.00 Profit=0.08%
2026-07-21 13:41:18 INFO     strategy        PnL: 13:41:18 MTM=529.75 Profit=0.08%
2026-07-21 13:41:19 INFO     strategy        PnL: 13:41:19 MTM=552.50 Profit=0.08%
2026-07-21 13:41:20 INFO     strategy        PnL: 13:41:20 MTM=562.25 Profit=0.08%
2026-07-21 13:41:21 INFO     strategy        PnL: 13:41:21 MTM=565.50 Profit=0.09%
2026-07-21 13:41:22 INFO     strategy        PnL: 13:41:22 MTM=585.00 Profit=0.09%
2026-07-21 13:41:23 INFO     strategy        PnL: 13:41:23 MTM=568.75 Profit=0.09%
2026-07-21 13:41:24 INFO     strategy        PnL: 13:41:24 MTM=555.75 Profit=0.08%
2026-07-21 13:41:25 INFO     strategy        PnL: 13:41:25 MTM=526.50 Profit=0.08%
2026-07-21 13:41:26 INFO     strategy        PnL: 13:41:26 MTM=520.00 Profit=0.08%
2026-07-21 13:41:27 INFO     strategy        PnL: 13:41:27 MTM=510.25 Profit=0.08%
2026-07-21 13:41:28 INFO     strategy        PnL: 13:41:28 MTM=523.25 Profit=0.08%
2026-07-21 13:41:29 INFO     strategy        PnL: 13:41:29 MTM=490.75 Profit=0.07%
2026-07-21 13:41:30 INFO     strategy        PnL: 13:41:30 MTM=494.00 Profit=0.07%
2026-07-21 13:41:31 INFO     strategy        PnL: 13:41:31 MTM=513.50 Profit=0.08%
2026-07-21 13:41:32 INFO     strategy        PnL: 13:41:32 MTM=490.75 Profit=0.07%
2026-07-21 13:41:33 INFO     strategy        PnL: 13:41:33 MTM=487.50 Profit=0.07%
2026-07-21 13:41:34 INFO     strategy        PnL: 13:41:34 MTM=484.25 Profit=0.07%
2026-07-21 13:41:35 INFO     strategy        PnL: 13:41:35 MTM=503.75 Profit=0.08%
2026-07-21 13:41:37 INFO     strategy        PnL: 13:41:37 MTM=484.25 Profit=0.07%
2026-07-21 13:41:38 INFO     strategy        PnL: 13:41:38 MTM=490.75 Profit=0.07%
2026-07-21 13:41:39 INFO     strategy        PnL: 13:41:39 MTM=520.00 Profit=0.08%
2026-07-21 13:41:40 INFO     strategy        PnL: 13:41:40 MTM=520.00 Profit=0.08%
2026-07-21 13:41:41 INFO     strategy        PnL: 13:41:41 MTM=529.75 Profit=0.08%
2026-07-21 13:41:42 INFO     strategy        PnL: 13:41:42 MTM=481.00 Profit=0.07%
2026-07-21 13:41:43 INFO     strategy        PnL: 13:41:43 MTM=497.25 Profit=0.07%
2026-07-21 13:41:44 INFO     strategy        PnL: 13:41:44 MTM=507.00 Profit=0.08%
2026-07-21 13:41:45 INFO     strategy        PnL: 13:41:45 MTM=507.00 Profit=0.08%
2026-07-21 13:41:46 INFO     strategy        PnL: 13:41:46 MTM=510.25 Profit=0.08%
2026-07-21 13:41:47 INFO     strategy        PnL: 13:41:47 MTM=542.75 Profit=0.08%
2026-07-21 13:41:48 INFO     strategy        PnL: 13:41:48 MTM=520.00 Profit=0.08%
2026-07-21 13:41:49 INFO     strategy        PnL: 13:41:49 MTM=513.50 Profit=0.08%
2026-07-21 13:41:50 INFO     strategy        PnL: 13:41:50 MTM=510.25 Profit=0.08%
2026-07-21 13:41:51 INFO     strategy        PnL: 13:41:51 MTM=516.75 Profit=0.08%
2026-07-21 13:41:52 INFO     strategy        PnL: 13:41:52 MTM=497.25 Profit=0.07%
2026-07-21 13:41:53 INFO     strategy        PnL: 13:41:53 MTM=490.75 Profit=0.07%
2026-07-21 13:41:54 INFO     strategy        PnL: 13:41:54 MTM=507.00 Profit=0.08%
2026-07-21 13:41:55 INFO     strategy        PnL: 13:41:55 MTM=474.50 Profit=0.07%
2026-07-21 13:41:56 INFO     strategy        PnL: 13:41:56 MTM=513.50 Profit=0.08%
2026-07-21 13:41:57 INFO     strategy        PnL: 13:41:57 MTM=549.25 Profit=0.08%
2026-07-21 13:41:58 INFO     strategy        PnL: 13:41:58 MTM=533.00 Profit=0.08%
2026-07-21 13:41:59 INFO     strategy        PnL: 13:41:59 MTM=542.75 Profit=0.08%
2026-07-21 13:42:00 INFO     strategy        PnL: 13:42:00 MTM=539.50 Profit=0.08%
2026-07-21 13:42:01 INFO     strategy        PnL: 13:42:01 MTM=461.50 Profit=0.07%
2026-07-21 13:42:02 INFO     strategy        PnL: 13:42:02 MTM=494.00 Profit=0.07%
2026-07-21 13:42:03 INFO     strategy        PnL: 13:42:03 MTM=516.75 Profit=0.08%
2026-07-21 13:42:04 INFO     strategy        PnL: 13:42:04 MTM=481.00 Profit=0.07%
2026-07-21 13:42:05 INFO     strategy        PnL: 13:42:05 MTM=526.50 Profit=0.08%
2026-07-21 13:42:06 INFO     strategy        PnL: 13:42:06 MTM=516.75 Profit=0.08%
2026-07-21 13:42:07 INFO     strategy        PnL: 13:42:07 MTM=497.25 Profit=0.07%
2026-07-21 13:42:08 INFO     strategy        PnL: 13:42:08 MTM=510.25 Profit=0.08%
2026-07-21 13:42:09 INFO     strategy        PnL: 13:42:09 MTM=523.25 Profit=0.08%
2026-07-21 13:42:10 INFO     strategy        PnL: 13:42:10 MTM=523.25 Profit=0.08%
2026-07-21 13:42:11 INFO     strategy        PnL: 13:42:11 MTM=510.25 Profit=0.08%
2026-07-21 13:42:12 INFO     strategy        PnL: 13:42:12 MTM=526.50 Profit=0.08%
2026-07-21 13:42:13 INFO     strategy        PnL: 13:42:13 MTM=513.50 Profit=0.08%
2026-07-21 13:42:14 INFO     strategy        PnL: 13:42:14 MTM=513.50 Profit=0.08%
2026-07-21 13:42:15 INFO     strategy        PnL: 13:42:15 MTM=523.25 Profit=0.08%
2026-07-21 13:42:16 INFO     strategy        PnL: 13:42:16 MTM=500.50 Profit=0.08%
2026-07-21 13:42:17 INFO     strategy        PnL: 13:42:17 MTM=497.25 Profit=0.07%
2026-07-21 13:42:18 INFO     strategy        PnL: 13:42:18 MTM=507.00 Profit=0.08%
2026-07-21 13:42:19 INFO     strategy        PnL: 13:42:19 MTM=500.50 Profit=0.08%
2026-07-21 13:42:20 INFO     strategy        PnL: 13:42:20 MTM=490.75 Profit=0.07%
2026-07-21 13:42:21 INFO     strategy        PnL: 13:42:21 MTM=510.25 Profit=0.08%
2026-07-21 13:42:22 INFO     strategy        PnL: 13:42:22 MTM=526.50 Profit=0.08%
2026-07-21 13:42:23 INFO     strategy        PnL: 13:42:23 MTM=536.25 Profit=0.08%
2026-07-21 13:42:24 INFO     strategy        PnL: 13:42:24 MTM=542.75 Profit=0.08%
2026-07-21 13:42:25 INFO     strategy        PnL: 13:42:25 MTM=533.00 Profit=0.08%
2026-07-21 13:42:26 INFO     strategy        PnL: 13:42:26 MTM=523.25 Profit=0.08%
2026-07-21 13:42:27 INFO     strategy        PnL: 13:42:27 MTM=526.50 Profit=0.08%
2026-07-21 13:42:28 INFO     strategy        PnL: 13:42:28 MTM=533.00 Profit=0.08%
2026-07-21 13:42:29 INFO     strategy        PnL: 13:42:29 MTM=487.50 Profit=0.07%
2026-07-21 13:42:30 INFO     strategy        PnL: 13:42:30 MTM=513.50 Profit=0.08%
2026-07-21 13:42:31 INFO     strategy        PnL: 13:42:31 MTM=497.25 Profit=0.07%
2026-07-21 13:42:32 INFO     strategy        PnL: 13:42:32 MTM=497.25 Profit=0.07%
2026-07-21 13:42:33 INFO     strategy        PnL: 13:42:33 MTM=500.50 Profit=0.08%
2026-07-21 13:42:34 INFO     strategy        PnL: 13:42:34 MTM=494.00 Profit=0.07%
2026-07-21 13:42:35 INFO     strategy        PnL: 13:42:35 MTM=494.00 Profit=0.07%
2026-07-21 13:42:36 INFO     strategy        PnL: 13:42:36 MTM=523.25 Profit=0.08%
2026-07-21 13:42:37 INFO     strategy        PnL: 13:42:37 MTM=490.75 Profit=0.07%
2026-07-21 13:42:38 INFO     strategy        PnL: 13:42:38 MTM=513.50 Profit=0.08%
2026-07-21 13:42:39 INFO     strategy        PnL: 13:42:39 MTM=510.25 Profit=0.08%
2026-07-21 13:42:40 INFO     strategy        PnL: 13:42:40 MTM=497.25 Profit=0.07%
2026-07-21 13:42:41 INFO     strategy        PnL: 13:42:41 MTM=497.25 Profit=0.07%
2026-07-21 13:42:42 INFO     strategy        PnL: 13:42:42 MTM=487.50 Profit=0.07%
2026-07-21 13:42:43 INFO     strategy        PnL: 13:42:43 MTM=523.25 Profit=0.08%
2026-07-21 13:42:44 INFO     strategy        PnL: 13:42:44 MTM=458.25 Profit=0.07%
2026-07-21 13:42:45 INFO     strategy        PnL: 13:42:45 MTM=474.50 Profit=0.07%
2026-07-21 13:42:46 INFO     strategy        PnL: 13:42:46 MTM=474.50 Profit=0.07%
2026-07-21 13:42:47 INFO     strategy        PnL: 13:42:47 MTM=442.00 Profit=0.07%
2026-07-21 13:42:48 INFO     strategy        PnL: 13:42:48 MTM=484.25 Profit=0.07%
2026-07-21 13:42:49 INFO     strategy        PnL: 13:42:49 MTM=494.00 Profit=0.07%
2026-07-21 13:42:50 INFO     strategy        PnL: 13:42:50 MTM=484.25 Profit=0.07%
2026-07-21 13:42:51 INFO     strategy        PnL: 13:42:51 MTM=458.25 Profit=0.07%
2026-07-21 13:42:52 INFO     strategy        PnL: 13:42:52 MTM=494.00 Profit=0.07%
2026-07-21 13:42:53 INFO     strategy        PnL: 13:42:53 MTM=503.75 Profit=0.08%
2026-07-21 13:42:54 INFO     strategy        PnL: 13:42:54 MTM=481.00 Profit=0.07%
2026-07-21 13:42:55 INFO     strategy        PnL: 13:42:55 MTM=500.50 Profit=0.08%
2026-07-21 13:42:56 INFO     strategy        PnL: 13:42:56 MTM=474.50 Profit=0.07%
2026-07-21 13:42:57 INFO     strategy        PnL: 13:42:57 MTM=468.00 Profit=0.07%
2026-07-21 13:42:58 INFO     strategy        PnL: 13:42:58 MTM=481.00 Profit=0.07%
2026-07-21 13:42:59 INFO     strategy        PnL: 13:42:59 MTM=455.00 Profit=0.07%
2026-07-21 13:43:00 INFO     strategy        PnL: 13:43:00 MTM=471.25 Profit=0.07%
2026-07-21 13:43:01 INFO     strategy        PnL: 13:43:01 MTM=490.75 Profit=0.07%
2026-07-21 13:43:02 INFO     strategy        PnL: 13:43:02 MTM=487.50 Profit=0.07%
2026-07-21 13:43:03 INFO     strategy        PnL: 13:43:03 MTM=471.25 Profit=0.07%
2026-07-21 13:43:04 INFO     strategy        PnL: 13:43:04 MTM=468.00 Profit=0.07%
2026-07-21 13:43:05 INFO     strategy        PnL: 13:43:05 MTM=455.00 Profit=0.07%
2026-07-21 13:43:06 INFO     strategy        PnL: 13:43:06 MTM=458.25 Profit=0.07%
2026-07-21 13:43:07 INFO     strategy        PnL: 13:43:07 MTM=461.50 Profit=0.07%
2026-07-21 13:43:08 INFO     strategy        PnL: 13:43:08 MTM=477.75 Profit=0.07%
2026-07-21 13:43:09 INFO     strategy        PnL: 13:43:09 MTM=458.25 Profit=0.07%
2026-07-21 13:43:10 INFO     strategy        PnL: 13:43:10 MTM=474.50 Profit=0.07%
2026-07-21 13:43:11 INFO     strategy        PnL: 13:43:11 MTM=442.00 Profit=0.07%
2026-07-21 13:43:12 INFO     strategy        PnL: 13:43:12 MTM=461.50 Profit=0.07%
2026-07-21 13:43:13 INFO     strategy        PnL: 13:43:13 MTM=471.25 Profit=0.07%
2026-07-21 13:43:14 INFO     strategy        PnL: 13:43:14 MTM=500.50 Profit=0.08%
2026-07-21 13:43:15 INFO     strategy        PnL: 13:43:15 MTM=422.50 Profit=0.06%
2026-07-21 13:43:16 INFO     strategy        PnL: 13:43:16 MTM=471.25 Profit=0.07%
2026-07-21 13:43:17 INFO     strategy        PnL: 13:43:17 MTM=445.25 Profit=0.07%
2026-07-21 13:43:18 INFO     strategy        PnL: 13:43:18 MTM=471.25 Profit=0.07%
2026-07-21 13:43:19 INFO     strategy        PnL: 13:43:19 MTM=451.75 Profit=0.07%
2026-07-21 13:43:20 INFO     strategy        PnL: 13:43:20 MTM=484.25 Profit=0.07%
2026-07-21 13:43:21 INFO     strategy        PnL: 13:43:21 MTM=494.00 Profit=0.07%
2026-07-21 13:43:22 INFO     strategy        PnL: 13:43:22 MTM=484.25 Profit=0.07%
2026-07-21 13:43:23 INFO     strategy        PnL: 13:43:23 MTM=533.00 Profit=0.08%
2026-07-21 13:43:24 INFO     strategy        PnL: 13:43:24 MTM=497.25 Profit=0.07%
2026-07-21 13:43:25 INFO     strategy        PnL: 13:43:25 MTM=471.25 Profit=0.07%
2026-07-21 13:43:26 INFO     strategy        PnL: 13:43:26 MTM=487.50 Profit=0.07%
2026-07-21 13:43:27 INFO     strategy        PnL: 13:43:27 MTM=468.00 Profit=0.07%
2026-07-21 13:43:28 INFO     strategy        PnL: 13:43:28 MTM=487.50 Profit=0.07%
2026-07-21 13:43:29 INFO     strategy        PnL: 13:43:29 MTM=539.50 Profit=0.08%
2026-07-21 13:43:30 INFO     strategy        PnL: 13:43:30 MTM=484.25 Profit=0.07%
2026-07-21 13:43:31 INFO     strategy        PnL: 13:43:31 MTM=481.00 Profit=0.07%
2026-07-21 13:43:32 INFO     strategy        PnL: 13:43:32 MTM=481.00 Profit=0.07%
2026-07-21 13:43:33 INFO     strategy        PnL: 13:43:33 MTM=497.25 Profit=0.07%
2026-07-21 13:43:34 INFO     strategy        PnL: 13:43:34 MTM=477.75 Profit=0.07%
2026-07-21 13:43:35 INFO     strategy        PnL: 13:43:35 MTM=516.75 Profit=0.08%
2026-07-21 13:43:36 INFO     strategy        PnL: 13:43:36 MTM=484.25 Profit=0.07%
2026-07-21 13:43:37 INFO     strategy        PnL: 13:43:37 MTM=500.50 Profit=0.08%
2026-07-21 13:43:38 INFO     strategy        PnL: 13:43:38 MTM=458.25 Profit=0.07%
2026-07-21 13:43:39 INFO     strategy        PnL: 13:43:39 MTM=484.25 Profit=0.07%
2026-07-21 13:43:40 INFO     strategy        PnL: 13:43:40 MTM=487.50 Profit=0.07%
2026-07-21 13:43:41 INFO     strategy        PnL: 13:43:41 MTM=477.75 Profit=0.07%
2026-07-21 13:43:42 INFO     strategy        PnL: 13:43:42 MTM=503.75 Profit=0.08%
2026-07-21 13:43:43 INFO     strategy        PnL: 13:43:43 MTM=520.00 Profit=0.08%
2026-07-21 13:43:44 INFO     strategy        PnL: 13:43:44 MTM=526.50 Profit=0.08%
2026-07-21 13:43:45 INFO     strategy        PnL: 13:43:45 MTM=520.00 Profit=0.08%
2026-07-21 13:43:46 INFO     strategy        PnL: 13:43:46 MTM=503.75 Profit=0.08%
2026-07-21 13:43:48 INFO     strategy        PnL: 13:43:48 MTM=533.00 Profit=0.08%
2026-07-21 13:43:49 INFO     strategy        PnL: 13:43:49 MTM=500.50 Profit=0.08%
2026-07-21 13:43:50 INFO     strategy        PnL: 13:43:50 MTM=529.75 Profit=0.08%
2026-07-21 13:43:51 INFO     strategy        PnL: 13:43:51 MTM=507.00 Profit=0.08%
2026-07-21 13:43:52 INFO     strategy        PnL: 13:43:52 MTM=516.75 Profit=0.08%
2026-07-21 13:43:53 INFO     strategy        PnL: 13:43:53 MTM=513.50 Profit=0.08%
2026-07-21 13:43:54 INFO     strategy        PnL: 13:43:54 MTM=510.25 Profit=0.08%
2026-07-21 13:43:55 INFO     strategy        PnL: 13:43:55 MTM=523.25 Profit=0.08%
2026-07-21 13:43:56 INFO     strategy        PnL: 13:43:56 MTM=523.25 Profit=0.08%
2026-07-21 13:43:57 INFO     strategy        PnL: 13:43:57 MTM=507.00 Profit=0.08%
2026-07-21 13:43:58 INFO     strategy        PnL: 13:43:58 MTM=516.75 Profit=0.08%
2026-07-21 13:43:59 INFO     strategy        PnL: 13:43:59 MTM=516.75 Profit=0.08%
2026-07-21 13:44:00 INFO     strategy        PnL: 13:44:00 MTM=533.00 Profit=0.08%
2026-07-21 13:44:01 INFO     strategy        PnL: 13:44:01 MTM=513.50 Profit=0.08%
2026-07-21 13:44:02 INFO     strategy        PnL: 13:44:02 MTM=523.25 Profit=0.08%
2026-07-21 13:44:03 INFO     strategy        PnL: 13:44:03 MTM=523.25 Profit=0.08%
2026-07-21 13:44:04 INFO     strategy        PnL: 13:44:04 MTM=516.75 Profit=0.08%
2026-07-21 13:44:05 INFO     strategy        PnL: 13:44:05 MTM=533.00 Profit=0.08%
2026-07-21 13:44:06 INFO     strategy        PnL: 13:44:06 MTM=542.75 Profit=0.08%
2026-07-21 13:44:07 INFO     strategy        PnL: 13:44:07 MTM=523.25 Profit=0.08%
2026-07-21 13:44:08 INFO     strategy        PnL: 13:44:08 MTM=539.50 Profit=0.08%
2026-07-21 13:44:09 INFO     strategy        PnL: 13:44:09 MTM=555.75 Profit=0.08%
2026-07-21 13:44:10 INFO     strategy        PnL: 13:44:10 MTM=539.50 Profit=0.08%
2026-07-21 13:44:11 INFO     strategy        PnL: 13:44:11 MTM=552.50 Profit=0.08%
2026-07-21 13:44:12 INFO     strategy        PnL: 13:44:12 MTM=555.75 Profit=0.08%
2026-07-21 13:44:13 INFO     strategy        PnL: 13:44:13 MTM=559.00 Profit=0.08%
2026-07-21 13:44:14 INFO     strategy        PnL: 13:44:14 MTM=539.50 Profit=0.08%
2026-07-21 13:44:15 INFO     strategy        PnL: 13:44:15 MTM=565.50 Profit=0.09%
2026-07-21 13:44:16 INFO     strategy        PnL: 13:44:16 MTM=562.25 Profit=0.08%
2026-07-21 13:44:17 INFO     strategy        PnL: 13:44:17 MTM=565.50 Profit=0.09%
2026-07-21 13:44:18 INFO     strategy        PnL: 13:44:18 MTM=575.25 Profit=0.09%
2026-07-21 13:44:19 INFO     strategy        PnL: 13:44:19 MTM=575.25 Profit=0.09%
2026-07-21 13:44:20 INFO     strategy        PnL: 13:44:20 MTM=559.00 Profit=0.08%
2026-07-21 13:44:21 INFO     strategy        PnL: 13:44:21 MTM=572.00 Profit=0.09%
2026-07-21 13:44:22 INFO     strategy        PnL: 13:44:22 MTM=555.75 Profit=0.08%
2026-07-21 13:44:23 INFO     strategy        PnL: 13:44:23 MTM=575.25 Profit=0.09%
2026-07-21 13:44:24 INFO     strategy        PnL: 13:44:24 MTM=572.00 Profit=0.09%
2026-07-21 13:44:25 INFO     strategy        PnL: 13:44:25 MTM=539.50 Profit=0.08%
2026-07-21 13:44:26 INFO     strategy        PnL: 13:44:26 MTM=588.25 Profit=0.09%
2026-07-21 13:44:27 INFO     strategy        PnL: 13:44:27 MTM=575.25 Profit=0.09%
2026-07-21 13:44:28 INFO     strategy        PnL: 13:44:28 MTM=565.50 Profit=0.09%
2026-07-21 13:44:29 INFO     strategy        PnL: 13:44:29 MTM=585.00 Profit=0.09%
2026-07-21 13:44:30 INFO     strategy        PnL: 13:44:30 MTM=565.50 Profit=0.09%
2026-07-21 13:44:31 INFO     strategy        PnL: 13:44:31 MTM=591.50 Profit=0.09%
2026-07-21 13:44:32 INFO     strategy        PnL: 13:44:32 MTM=601.25 Profit=0.09%
2026-07-21 13:44:33 INFO     strategy        PnL: 13:44:33 MTM=594.75 Profit=0.09%
2026-07-21 13:44:34 INFO     strategy        PnL: 13:44:34 MTM=598.00 Profit=0.09%
2026-07-21 13:44:35 INFO     strategy        PnL: 13:44:35 MTM=591.50 Profit=0.09%
2026-07-21 13:44:36 INFO     strategy        PnL: 13:44:36 MTM=598.00 Profit=0.09%
2026-07-21 13:44:37 INFO     strategy        PnL: 13:44:37 MTM=568.75 Profit=0.09%
2026-07-21 13:44:38 INFO     strategy        PnL: 13:44:38 MTM=565.50 Profit=0.09%
2026-07-21 13:44:39 INFO     strategy        PnL: 13:44:39 MTM=575.25 Profit=0.09%
2026-07-21 13:44:40 INFO     strategy        PnL: 13:44:40 MTM=572.00 Profit=0.09%
2026-07-21 13:44:41 INFO     strategy        PnL: 13:44:41 MTM=565.50 Profit=0.09%
2026-07-21 13:44:42 INFO     strategy        PnL: 13:44:42 MTM=575.25 Profit=0.09%
2026-07-21 13:44:43 INFO     strategy        PnL: 13:44:43 MTM=546.00 Profit=0.08%
2026-07-21 13:44:44 INFO     strategy        PnL: 13:44:44 MTM=555.75 Profit=0.08%
2026-07-21 13:44:45 INFO     strategy        PnL: 13:44:45 MTM=559.00 Profit=0.08%
2026-07-21 13:44:46 INFO     strategy        PnL: 13:44:46 MTM=578.50 Profit=0.09%
2026-07-21 13:44:47 INFO     strategy        PnL: 13:44:47 MTM=559.00 Profit=0.08%
2026-07-21 13:44:48 INFO     strategy        PnL: 13:44:48 MTM=585.00 Profit=0.09%
2026-07-21 13:44:49 INFO     strategy        PnL: 13:44:49 MTM=565.50 Profit=0.09%
2026-07-21 13:44:50 INFO     strategy        PnL: 13:44:50 MTM=546.00 Profit=0.08%
2026-07-21 13:44:51 INFO     strategy        PnL: 13:44:51 MTM=546.00 Profit=0.08%
2026-07-21 13:44:52 INFO     strategy        PnL: 13:44:52 MTM=559.00 Profit=0.08%
2026-07-21 13:44:53 INFO     strategy        PnL: 13:44:53 MTM=555.75 Profit=0.08%
2026-07-21 13:44:54 INFO     strategy        PnL: 13:44:54 MTM=542.75 Profit=0.08%
2026-07-21 13:44:55 INFO     strategy        PnL: 13:44:55 MTM=533.00 Profit=0.08%
2026-07-21 13:44:56 INFO     strategy        PnL: 13:44:56 MTM=565.50 Profit=0.09%
2026-07-21 13:44:57 INFO     strategy        PnL: 13:44:57 MTM=536.25 Profit=0.08%
2026-07-21 13:44:58 INFO     strategy        PnL: 13:44:58 MTM=542.75 Profit=0.08%
2026-07-21 13:44:59 INFO     strategy        PnL: 13:44:59 MTM=546.00 Profit=0.08%
2026-07-21 13:45:00 INFO     strategy        PnL: 13:45:00 MTM=536.25 Profit=0.08%
2026-07-21 13:45:01 INFO     strategy        PnL: 13:45:01 MTM=513.50 Profit=0.08%
2026-07-21 13:45:02 INFO     strategy        PnL: 13:45:02 MTM=572.00 Profit=0.09%
2026-07-21 13:45:03 INFO     strategy        PnL: 13:45:03 MTM=555.75 Profit=0.08%
2026-07-21 13:45:04 INFO     strategy        PnL: 13:45:04 MTM=539.50 Profit=0.08%
2026-07-21 13:45:05 INFO     strategy        PnL: 13:45:05 MTM=536.25 Profit=0.08%
2026-07-21 13:45:06 INFO     strategy        PnL: 13:45:06 MTM=585.00 Profit=0.09%
2026-07-21 13:45:07 INFO     strategy        PnL: 13:45:07 MTM=555.75 Profit=0.08%
2026-07-21 13:45:08 INFO     strategy        PnL: 13:45:08 MTM=542.75 Profit=0.08%
2026-07-21 13:45:09 INFO     strategy        PnL: 13:45:09 MTM=581.75 Profit=0.09%
2026-07-21 13:45:10 INFO     strategy        PnL: 13:45:10 MTM=572.00 Profit=0.09%
2026-07-21 13:45:11 INFO     strategy        PnL: 13:45:11 MTM=581.75 Profit=0.09%
2026-07-21 13:45:12 INFO     strategy        PnL: 13:45:12 MTM=562.25 Profit=0.08%
2026-07-21 13:45:13 INFO     strategy        PnL: 13:45:13 MTM=585.00 Profit=0.09%
2026-07-21 13:45:14 INFO     strategy        PnL: 13:45:14 MTM=555.75 Profit=0.08%
2026-07-21 13:45:15 INFO     strategy        PnL: 13:45:15 MTM=565.50 Profit=0.09%
2026-07-21 13:45:16 INFO     strategy        PnL: 13:45:16 MTM=559.00 Profit=0.08%
2026-07-21 13:45:17 INFO     strategy        PnL: 13:45:17 MTM=536.25 Profit=0.08%
2026-07-21 13:45:18 INFO     strategy        PnL: 13:45:18 MTM=562.25 Profit=0.08%
2026-07-21 13:45:19 INFO     strategy        PnL: 13:45:19 MTM=555.75 Profit=0.08%
2026-07-21 13:45:20 INFO     strategy        PnL: 13:45:20 MTM=575.25 Profit=0.09%
2026-07-21 13:45:21 INFO     strategy        PnL: 13:45:21 MTM=542.75 Profit=0.08%
2026-07-21 13:45:22 INFO     strategy        PnL: 13:45:22 MTM=552.50 Profit=0.08%
2026-07-21 13:45:23 INFO     strategy        PnL: 13:45:23 MTM=539.50 Profit=0.08%
2026-07-21 13:45:24 INFO     strategy        PnL: 13:45:24 MTM=552.50 Profit=0.08%
2026-07-21 13:45:25 INFO     strategy        PnL: 13:45:25 MTM=559.00 Profit=0.08%
2026-07-21 13:45:26 INFO     strategy        PnL: 13:45:26 MTM=533.00 Profit=0.08%
2026-07-21 13:45:27 INFO     strategy        PnL: 13:45:27 MTM=568.75 Profit=0.09%
2026-07-21 13:45:28 INFO     strategy        PnL: 13:45:28 MTM=533.00 Profit=0.08%
2026-07-21 13:45:29 INFO     strategy        PnL: 13:45:29 MTM=546.00 Profit=0.08%
2026-07-21 13:45:30 INFO     strategy        PnL: 13:45:30 MTM=549.25 Profit=0.08%
2026-07-21 13:45:31 INFO     strategy        PnL: 13:45:31 MTM=529.75 Profit=0.08%
2026-07-21 13:45:32 INFO     strategy        PnL: 13:45:32 MTM=539.50 Profit=0.08%
2026-07-21 13:45:33 INFO     strategy        PnL: 13:45:33 MTM=533.00 Profit=0.08%
2026-07-21 13:45:34 INFO     strategy        PnL: 13:45:34 MTM=559.00 Profit=0.08%
2026-07-21 13:45:35 INFO     strategy        PnL: 13:45:35 MTM=539.50 Profit=0.08%
2026-07-21 13:45:36 INFO     strategy        PnL: 13:45:36 MTM=536.25 Profit=0.08%
2026-07-21 13:45:37 INFO     strategy        PnL: 13:45:37 MTM=549.25 Profit=0.08%
2026-07-21 13:45:38 INFO     strategy        PnL: 13:45:38 MTM=559.00 Profit=0.08%
2026-07-21 13:45:39 INFO     strategy        PnL: 13:45:39 MTM=552.50 Profit=0.08%
2026-07-21 13:45:40 INFO     strategy        PnL: 13:45:40 MTM=555.75 Profit=0.08%
2026-07-21 13:45:41 INFO     strategy        PnL: 13:45:41 MTM=549.25 Profit=0.08%
2026-07-21 13:45:42 INFO     strategy        PnL: 13:45:42 MTM=555.75 Profit=0.08%
2026-07-21 13:45:43 INFO     strategy        PnL: 13:45:43 MTM=516.75 Profit=0.08%
2026-07-21 13:45:44 INFO     strategy        PnL: 13:45:44 MTM=536.25 Profit=0.08%
2026-07-21 13:45:45 INFO     strategy        PnL: 13:45:45 MTM=539.50 Profit=0.08%
2026-07-21 13:45:47 INFO     strategy        PnL: 13:45:47 MTM=552.50 Profit=0.08%
2026-07-21 13:45:48 INFO     strategy        PnL: 13:45:48 MTM=559.00 Profit=0.08%
2026-07-21 13:45:49 INFO     strategy        PnL: 13:45:49 MTM=542.75 Profit=0.08%
2026-07-21 13:45:50 INFO     strategy        PnL: 13:45:50 MTM=529.75 Profit=0.08%
2026-07-21 13:45:51 INFO     strategy        PnL: 13:45:51 MTM=520.00 Profit=0.08%
2026-07-21 13:45:52 INFO     strategy        PnL: 13:45:52 MTM=533.00 Profit=0.08%
2026-07-21 13:45:53 INFO     strategy        PnL: 13:45:53 MTM=546.00 Profit=0.08%
2026-07-21 13:45:54 INFO     strategy        PnL: 13:45:54 MTM=536.25 Profit=0.08%
2026-07-21 13:45:55 INFO     strategy        PnL: 13:45:55 MTM=549.25 Profit=0.08%
2026-07-21 13:45:56 INFO     strategy        PnL: 13:45:56 MTM=526.50 Profit=0.08%
2026-07-21 13:45:57 INFO     strategy        PnL: 13:45:57 MTM=526.50 Profit=0.08%
2026-07-21 13:45:58 INFO     strategy        PnL: 13:45:58 MTM=539.50 Profit=0.08%
2026-07-21 13:45:59 INFO     strategy        PnL: 13:45:59 MTM=542.75 Profit=0.08%
2026-07-21 13:46:00 INFO     strategy        PnL: 13:46:00 MTM=516.75 Profit=0.08%
2026-07-21 13:46:01 INFO     strategy        PnL: 13:46:01 MTM=529.75 Profit=0.08%
2026-07-21 13:46:02 INFO     strategy        PnL: 13:46:02 MTM=552.50 Profit=0.08%
2026-07-21 13:46:03 INFO     strategy        PnL: 13:46:03 MTM=533.00 Profit=0.08%
2026-07-21 13:46:04 INFO     strategy        PnL: 13:46:04 MTM=542.75 Profit=0.08%
2026-07-21 13:46:05 INFO     strategy        PnL: 13:46:05 MTM=539.50 Profit=0.08%
2026-07-21 13:46:06 INFO     strategy        PnL: 13:46:06 MTM=529.75 Profit=0.08%
2026-07-21 13:46:07 INFO     strategy        PnL: 13:46:07 MTM=536.25 Profit=0.08%
2026-07-21 13:46:08 INFO     strategy        PnL: 13:46:08 MTM=507.00 Profit=0.08%
2026-07-21 13:46:09 INFO     strategy        PnL: 13:46:09 MTM=568.75 Profit=0.09%
2026-07-21 13:46:10 INFO     strategy        PnL: 13:46:10 MTM=536.25 Profit=0.08%
2026-07-21 13:46:11 INFO     strategy        PnL: 13:46:11 MTM=559.00 Profit=0.08%
2026-07-21 13:46:12 INFO     strategy        PnL: 13:46:12 MTM=526.50 Profit=0.08%
2026-07-21 13:46:13 INFO     strategy        PnL: 13:46:13 MTM=552.50 Profit=0.08%
2026-07-21 13:46:14 INFO     strategy        PnL: 13:46:14 MTM=546.00 Profit=0.08%
2026-07-21 13:46:15 INFO     strategy        PnL: 13:46:15 MTM=581.75 Profit=0.09%
2026-07-21 13:46:16 INFO     strategy        PnL: 13:46:16 MTM=555.75 Profit=0.08%
2026-07-21 13:46:17 INFO     strategy        PnL: 13:46:17 MTM=546.00 Profit=0.08%
2026-07-21 13:46:18 INFO     strategy        PnL: 13:46:18 MTM=578.50 Profit=0.09%
2026-07-21 13:46:19 INFO     strategy        PnL: 13:46:19 MTM=568.75 Profit=0.09%
2026-07-21 13:46:20 INFO     strategy        PnL: 13:46:20 MTM=614.25 Profit=0.09%
2026-07-21 13:46:21 INFO     strategy        PnL: 13:46:21 MTM=575.25 Profit=0.09%
2026-07-21 13:46:22 INFO     strategy        PnL: 13:46:22 MTM=575.25 Profit=0.09%
2026-07-21 13:46:23 INFO     strategy        PnL: 13:46:23 MTM=591.50 Profit=0.09%
2026-07-21 13:46:24 INFO     strategy        PnL: 13:46:24 MTM=575.25 Profit=0.09%
2026-07-21 13:46:25 INFO     strategy        PnL: 13:46:25 MTM=581.75 Profit=0.09%
2026-07-21 13:46:26 INFO     strategy        PnL: 13:46:26 MTM=578.50 Profit=0.09%
2026-07-21 13:46:27 INFO     strategy        PnL: 13:46:27 MTM=555.75 Profit=0.08%
2026-07-21 13:46:28 INFO     strategy        PnL: 13:46:28 MTM=575.25 Profit=0.09%
2026-07-21 13:46:29 INFO     strategy        PnL: 13:46:29 MTM=568.75 Profit=0.09%
2026-07-21 13:46:30 INFO     strategy        PnL: 13:46:30 MTM=581.75 Profit=0.09%
2026-07-21 13:46:31 INFO     strategy        PnL: 13:46:31 MTM=539.50 Profit=0.08%
2026-07-21 13:46:32 INFO     strategy        PnL: 13:46:32 MTM=559.00 Profit=0.08%
2026-07-21 13:46:33 INFO     strategy        PnL: 13:46:33 MTM=562.25 Profit=0.08%
2026-07-21 13:46:34 INFO     strategy        PnL: 13:46:34 MTM=568.75 Profit=0.09%
2026-07-21 13:46:35 INFO     strategy        PnL: 13:46:35 MTM=578.50 Profit=0.09%
2026-07-21 13:46:36 INFO     strategy        PnL: 13:46:36 MTM=562.25 Profit=0.08%
2026-07-21 13:46:37 INFO     strategy        PnL: 13:46:37 MTM=559.00 Profit=0.08%
2026-07-21 13:46:38 INFO     strategy        PnL: 13:46:38 MTM=568.75 Profit=0.09%
2026-07-21 13:46:39 INFO     strategy        PnL: 13:46:39 MTM=568.75 Profit=0.09%
2026-07-21 13:46:40 INFO     strategy        PnL: 13:46:40 MTM=594.75 Profit=0.09%
2026-07-21 13:46:41 INFO     strategy        PnL: 13:46:41 MTM=565.50 Profit=0.09%
2026-07-21 13:46:42 INFO     strategy        PnL: 13:46:42 MTM=591.50 Profit=0.09%
2026-07-21 13:46:43 INFO     strategy        PnL: 13:46:43 MTM=578.50 Profit=0.09%
2026-07-21 13:46:44 INFO     strategy        PnL: 13:46:44 MTM=555.75 Profit=0.08%
2026-07-21 13:46:45 INFO     strategy        PnL: 13:46:45 MTM=568.75 Profit=0.09%
2026-07-21 13:46:46 INFO     strategy        PnL: 13:46:46 MTM=555.75 Profit=0.08%
2026-07-21 13:46:47 INFO     strategy        PnL: 13:46:47 MTM=542.75 Profit=0.08%
2026-07-21 13:46:48 INFO     strategy        PnL: 13:46:48 MTM=562.25 Profit=0.08%
2026-07-21 13:46:49 INFO     strategy        PnL: 13:46:49 MTM=562.25 Profit=0.08%
2026-07-21 13:46:50 INFO     strategy        PnL: 13:46:50 MTM=552.50 Profit=0.08%
2026-07-21 13:46:51 INFO     strategy        PnL: 13:46:51 MTM=565.50 Profit=0.09%
2026-07-21 13:46:52 INFO     strategy        PnL: 13:46:52 MTM=552.50 Profit=0.08%
2026-07-21 13:46:53 INFO     strategy        PnL: 13:46:53 MTM=552.50 Profit=0.08%
2026-07-21 13:46:54 INFO     strategy        PnL: 13:46:54 MTM=562.25 Profit=0.08%
2026-07-21 13:46:55 INFO     strategy        PnL: 13:46:55 MTM=552.50 Profit=0.08%
2026-07-21 13:46:56 INFO     strategy        PnL: 13:46:56 MTM=555.75 Profit=0.08%
2026-07-21 13:46:57 INFO     strategy        PnL: 13:46:57 MTM=562.25 Profit=0.08%
2026-07-21 13:46:58 INFO     strategy        PnL: 13:46:58 MTM=562.25 Profit=0.08%
2026-07-21 13:46:59 INFO     strategy        PnL: 13:46:59 MTM=555.75 Profit=0.08%
2026-07-21 13:47:00 INFO     strategy        PnL: 13:47:00 MTM=552.50 Profit=0.08%
2026-07-21 13:47:01 INFO     strategy        PnL: 13:47:01 MTM=526.50 Profit=0.08%
2026-07-21 13:47:02 INFO     strategy        PnL: 13:47:02 MTM=549.25 Profit=0.08%
2026-07-21 13:47:03 INFO     strategy        PnL: 13:47:03 MTM=523.25 Profit=0.08%
2026-07-21 13:47:04 INFO     strategy        PnL: 13:47:04 MTM=513.50 Profit=0.08%
2026-07-21 13:47:05 INFO     strategy        PnL: 13:47:05 MTM=523.25 Profit=0.08%
2026-07-21 13:47:06 INFO     strategy        PnL: 13:47:06 MTM=507.00 Profit=0.08%
2026-07-21 13:47:07 INFO     strategy        PnL: 13:47:07 MTM=516.75 Profit=0.08%
2026-07-21 13:47:08 INFO     strategy        PnL: 13:47:08 MTM=555.75 Profit=0.08%
2026-07-21 13:47:09 INFO     strategy        PnL: 13:47:09 MTM=533.00 Profit=0.08%
2026-07-21 13:47:10 INFO     strategy        PnL: 13:47:10 MTM=513.50 Profit=0.08%
2026-07-21 13:47:11 INFO     strategy        PnL: 13:47:11 MTM=490.75 Profit=0.07%
2026-07-21 13:47:12 INFO     strategy        PnL: 13:47:12 MTM=490.75 Profit=0.07%
2026-07-21 13:47:13 INFO     strategy        PnL: 13:47:13 MTM=520.00 Profit=0.08%
2026-07-21 13:47:14 INFO     strategy        PnL: 13:47:14 MTM=497.25 Profit=0.07%
2026-07-21 13:47:15 INFO     strategy        PnL: 13:47:15 MTM=526.50 Profit=0.08%
2026-07-21 13:47:16 INFO     strategy        PnL: 13:47:16 MTM=523.25 Profit=0.08%
2026-07-21 13:47:17 INFO     strategy        PnL: 13:47:17 MTM=542.75 Profit=0.08%
2026-07-21 13:47:18 INFO     strategy        PnL: 13:47:18 MTM=513.50 Profit=0.08%
2026-07-21 13:47:19 INFO     strategy        PnL: 13:47:19 MTM=516.75 Profit=0.08%
2026-07-21 13:47:20 INFO     strategy        PnL: 13:47:20 MTM=516.75 Profit=0.08%
2026-07-21 13:47:21 INFO     strategy        PnL: 13:47:21 MTM=542.75 Profit=0.08%
2026-07-21 13:47:22 INFO     strategy        PnL: 13:47:22 MTM=546.00 Profit=0.08%
2026-07-21 13:47:23 INFO     strategy        PnL: 13:47:23 MTM=513.50 Profit=0.08%
2026-07-21 13:47:24 INFO     strategy        PnL: 13:47:24 MTM=526.50 Profit=0.08%
2026-07-21 13:47:25 INFO     strategy        PnL: 13:47:25 MTM=490.75 Profit=0.07%
2026-07-21 13:47:26 INFO     strategy        PnL: 13:47:26 MTM=516.75 Profit=0.08%
2026-07-21 13:47:27 INFO     strategy        PnL: 13:47:27 MTM=523.25 Profit=0.08%
2026-07-21 13:47:28 INFO     strategy        PnL: 13:47:28 MTM=520.00 Profit=0.08%
2026-07-21 13:47:29 INFO     strategy        PnL: 13:47:29 MTM=526.50 Profit=0.08%
2026-07-21 13:47:30 INFO     strategy        PnL: 13:47:30 MTM=520.00 Profit=0.08%
2026-07-21 13:47:32 INFO     strategy        PnL: 13:47:32 MTM=529.75 Profit=0.08%
2026-07-21 13:47:33 INFO     strategy        PnL: 13:47:33 MTM=513.50 Profit=0.08%
2026-07-21 13:47:34 INFO     strategy        PnL: 13:47:34 MTM=542.75 Profit=0.08%
2026-07-21 13:47:35 INFO     strategy        PnL: 13:47:35 MTM=526.50 Profit=0.08%
2026-07-21 13:47:36 INFO     strategy        PnL: 13:47:36 MTM=562.25 Profit=0.08%
2026-07-21 13:47:37 INFO     strategy        PnL: 13:47:37 MTM=552.50 Profit=0.08%
2026-07-21 13:47:38 INFO     strategy        PnL: 13:47:38 MTM=549.25 Profit=0.08%
2026-07-21 13:47:39 INFO     strategy        PnL: 13:47:39 MTM=513.50 Profit=0.08%
2026-07-21 13:47:40 INFO     strategy        PnL: 13:47:40 MTM=523.25 Profit=0.08%
2026-07-21 13:47:41 INFO     strategy        PnL: 13:47:41 MTM=536.25 Profit=0.08%
2026-07-21 13:47:42 INFO     strategy        PnL: 13:47:42 MTM=549.25 Profit=0.08%
2026-07-21 13:47:43 INFO     strategy        PnL: 13:47:43 MTM=529.75 Profit=0.08%
2026-07-21 13:47:44 INFO     strategy        PnL: 13:47:44 MTM=542.75 Profit=0.08%
2026-07-21 13:47:45 INFO     strategy        PnL: 13:47:45 MTM=562.25 Profit=0.08%
2026-07-21 13:47:46 INFO     strategy        PnL: 13:47:46 MTM=552.50 Profit=0.08%
2026-07-21 13:47:47 INFO     strategy        PnL: 13:47:47 MTM=539.50 Profit=0.08%
2026-07-21 13:47:48 INFO     strategy        PnL: 13:47:48 MTM=559.00 Profit=0.08%
2026-07-21 13:47:49 INFO     strategy        PnL: 13:47:49 MTM=552.50 Profit=0.08%
2026-07-21 13:47:50 INFO     strategy        PnL: 13:47:50 MTM=562.25 Profit=0.08%
2026-07-21 13:47:51 INFO     strategy        PnL: 13:47:51 MTM=539.50 Profit=0.08%
2026-07-21 13:47:52 INFO     strategy        PnL: 13:47:52 MTM=552.50 Profit=0.08%
2026-07-21 13:47:53 INFO     strategy        PnL: 13:47:53 MTM=562.25 Profit=0.08%
2026-07-21 13:47:54 INFO     strategy        PnL: 13:47:54 MTM=546.00 Profit=0.08%
2026-07-21 13:47:55 INFO     strategy        PnL: 13:47:55 MTM=546.00 Profit=0.08%
2026-07-21 13:47:56 INFO     strategy        PnL: 13:47:56 MTM=555.75 Profit=0.08%
2026-07-21 13:47:57 INFO     strategy        PnL: 13:47:57 MTM=559.00 Profit=0.08%
2026-07-21 13:47:58 INFO     strategy        PnL: 13:47:58 MTM=549.25 Profit=0.08%
2026-07-21 13:47:59 INFO     strategy        PnL: 13:47:59 MTM=526.50 Profit=0.08%
2026-07-21 13:48:00 INFO     strategy        PnL: 13:48:00 MTM=552.50 Profit=0.08%
2026-07-21 13:48:01 INFO     strategy        PnL: 13:48:01 MTM=549.25 Profit=0.08%
2026-07-21 13:48:02 INFO     strategy        PnL: 13:48:02 MTM=555.75 Profit=0.08%
2026-07-21 13:48:03 INFO     strategy        PnL: 13:48:03 MTM=581.75 Profit=0.09%
2026-07-21 13:48:04 INFO     strategy        PnL: 13:48:04 MTM=588.25 Profit=0.09%
2026-07-21 13:48:05 INFO     strategy        PnL: 13:48:05 MTM=559.00 Profit=0.08%
2026-07-21 13:48:06 INFO     strategy        PnL: 13:48:06 MTM=565.50 Profit=0.09%
2026-07-21 13:48:07 INFO     strategy        PnL: 13:48:07 MTM=523.25 Profit=0.08%
2026-07-21 13:48:08 INFO     strategy        PnL: 13:48:08 MTM=588.25 Profit=0.09%
2026-07-21 13:48:09 INFO     strategy        PnL: 13:48:09 MTM=559.00 Profit=0.08%
2026-07-21 13:48:10 INFO     strategy        PnL: 13:48:10 MTM=555.75 Profit=0.08%
2026-07-21 13:48:11 INFO     strategy        PnL: 13:48:11 MTM=549.25 Profit=0.08%
2026-07-21 13:48:12 INFO     strategy        PnL: 13:48:12 MTM=555.75 Profit=0.08%
2026-07-21 13:48:13 INFO     strategy        PnL: 13:48:13 MTM=542.75 Profit=0.08%
2026-07-21 13:48:14 INFO     strategy        PnL: 13:48:14 MTM=523.25 Profit=0.08%
2026-07-21 13:48:15 INFO     strategy        PnL: 13:48:15 MTM=536.25 Profit=0.08%
2026-07-21 13:48:16 INFO     strategy        PnL: 13:48:16 MTM=552.50 Profit=0.08%
2026-07-21 13:48:17 INFO     strategy        PnL: 13:48:17 MTM=572.00 Profit=0.09%
2026-07-21 13:48:18 INFO     strategy        PnL: 13:48:18 MTM=539.50 Profit=0.08%
2026-07-21 13:48:19 INFO     strategy        PnL: 13:48:19 MTM=559.00 Profit=0.08%
2026-07-21 13:48:20 INFO     strategy        PnL: 13:48:20 MTM=565.50 Profit=0.09%
2026-07-21 13:48:21 INFO     strategy        PnL: 13:48:21 MTM=555.75 Profit=0.08%
2026-07-21 13:48:22 INFO     strategy        PnL: 13:48:22 MTM=549.25 Profit=0.08%
2026-07-21 13:48:23 INFO     strategy        PnL: 13:48:23 MTM=546.00 Profit=0.08%
2026-07-21 13:48:24 INFO     strategy        PnL: 13:48:24 MTM=559.00 Profit=0.08%
2026-07-21 13:48:25 INFO     strategy        PnL: 13:48:25 MTM=562.25 Profit=0.08%
2026-07-21 13:48:26 INFO     strategy        PnL: 13:48:26 MTM=552.50 Profit=0.08%
2026-07-21 13:48:27 INFO     strategy        PnL: 13:48:27 MTM=562.25 Profit=0.08%
2026-07-21 13:48:28 INFO     strategy        PnL: 13:48:28 MTM=559.00 Profit=0.08%
2026-07-21 13:48:29 INFO     strategy        PnL: 13:48:29 MTM=591.50 Profit=0.09%
2026-07-21 13:48:30 INFO     strategy        PnL: 13:48:30 MTM=562.25 Profit=0.08%
2026-07-21 13:48:31 INFO     strategy        PnL: 13:48:31 MTM=568.75 Profit=0.09%
2026-07-21 13:48:32 INFO     strategy        PnL: 13:48:32 MTM=578.50 Profit=0.09%
2026-07-21 13:48:33 INFO     strategy        PnL: 13:48:33 MTM=578.50 Profit=0.09%
2026-07-21 13:48:34 INFO     strategy        PnL: 13:48:34 MTM=568.75 Profit=0.09%
2026-07-21 13:48:35 INFO     strategy        PnL: 13:48:35 MTM=562.25 Profit=0.08%
2026-07-21 13:48:36 INFO     strategy        PnL: 13:48:36 MTM=578.50 Profit=0.09%
2026-07-21 13:48:37 INFO     strategy        PnL: 13:48:37 MTM=572.00 Profit=0.09%
2026-07-21 13:48:38 INFO     strategy        PnL: 13:48:38 MTM=533.00 Profit=0.08%
2026-07-21 13:48:39 INFO     strategy        PnL: 13:48:39 MTM=555.75 Profit=0.08%
2026-07-21 13:48:40 INFO     strategy        PnL: 13:48:40 MTM=562.25 Profit=0.08%
2026-07-21 13:48:41 INFO     strategy        PnL: 13:48:41 MTM=562.25 Profit=0.08%
2026-07-21 13:48:42 INFO     strategy        PnL: 13:48:42 MTM=546.00 Profit=0.08%
2026-07-21 13:48:43 INFO     strategy        PnL: 13:48:43 MTM=542.75 Profit=0.08%
2026-07-21 13:48:44 INFO     strategy        PnL: 13:48:44 MTM=565.50 Profit=0.09%
2026-07-21 13:48:45 INFO     strategy        PnL: 13:48:45 MTM=559.00 Profit=0.08%
2026-07-21 13:48:46 INFO     strategy        PnL: 13:48:46 MTM=555.75 Profit=0.08%
2026-07-21 13:48:47 INFO     strategy        PnL: 13:48:47 MTM=568.75 Profit=0.09%
2026-07-21 13:48:48 INFO     strategy        PnL: 13:48:48 MTM=598.00 Profit=0.09%
2026-07-21 13:48:49 INFO     strategy        PnL: 13:48:49 MTM=581.75 Profit=0.09%
2026-07-21 13:48:50 INFO     strategy        PnL: 13:48:50 MTM=559.00 Profit=0.08%
2026-07-21 13:48:51 INFO     strategy        PnL: 13:48:51 MTM=562.25 Profit=0.08%
2026-07-21 13:48:52 INFO     strategy        PnL: 13:48:52 MTM=578.50 Profit=0.09%
2026-07-21 13:48:53 INFO     strategy        PnL: 13:48:53 MTM=581.75 Profit=0.09%
2026-07-21 13:48:54 INFO     strategy        PnL: 13:48:54 MTM=581.75 Profit=0.09%
2026-07-21 13:48:55 INFO     strategy        PnL: 13:48:55 MTM=565.50 Profit=0.09%
2026-07-21 13:48:56 INFO     strategy        PnL: 13:48:56 MTM=559.00 Profit=0.08%
2026-07-21 13:48:57 INFO     strategy        PnL: 13:48:57 MTM=549.25 Profit=0.08%
2026-07-21 13:48:58 INFO     strategy        PnL: 13:48:58 MTM=549.25 Profit=0.08%
2026-07-21 13:48:59 INFO     strategy        PnL: 13:48:59 MTM=520.00 Profit=0.08%
2026-07-21 13:49:00 INFO     strategy        PnL: 13:49:00 MTM=568.75 Profit=0.09%
2026-07-21 13:49:01 INFO     strategy        PnL: 13:49:01 MTM=536.25 Profit=0.08%
2026-07-21 13:49:02 INFO     strategy        PnL: 13:49:02 MTM=536.25 Profit=0.08%
2026-07-21 13:49:03 INFO     strategy        PnL: 13:49:03 MTM=552.50 Profit=0.08%
2026-07-21 13:49:04 INFO     strategy        PnL: 13:49:04 MTM=555.75 Profit=0.08%
2026-07-21 13:49:05 INFO     strategy        PnL: 13:49:05 MTM=526.50 Profit=0.08%
2026-07-21 13:49:06 INFO     strategy        PnL: 13:49:06 MTM=546.00 Profit=0.08%
2026-07-21 13:49:07 INFO     strategy        PnL: 13:49:07 MTM=578.50 Profit=0.09%
2026-07-21 13:49:08 INFO     strategy        PnL: 13:49:08 MTM=549.25 Profit=0.08%
2026-07-21 13:49:09 INFO     strategy        PnL: 13:49:09 MTM=559.00 Profit=0.08%
2026-07-21 13:49:10 INFO     strategy        PnL: 13:49:10 MTM=562.25 Profit=0.08%
2026-07-21 13:49:11 INFO     strategy        PnL: 13:49:11 MTM=552.50 Profit=0.08%
2026-07-21 13:49:12 INFO     strategy        PnL: 13:49:12 MTM=562.25 Profit=0.08%
2026-07-21 13:49:13 INFO     strategy        PnL: 13:49:13 MTM=559.00 Profit=0.08%
2026-07-21 13:49:14 INFO     strategy        PnL: 13:49:14 MTM=549.25 Profit=0.08%
2026-07-21 13:49:15 INFO     strategy        PnL: 13:49:15 MTM=552.50 Profit=0.08%
2026-07-21 13:49:16 INFO     strategy        PnL: 13:49:16 MTM=549.25 Profit=0.08%
2026-07-21 13:49:17 INFO     strategy        PnL: 13:49:17 MTM=513.50 Profit=0.08%
2026-07-21 13:49:18 INFO     strategy        PnL: 13:49:18 MTM=578.50 Profit=0.09%
2026-07-21 13:49:20 INFO     strategy        PnL: 13:49:20 MTM=536.25 Profit=0.08%
2026-07-21 13:49:21 INFO     strategy        PnL: 13:49:21 MTM=568.75 Profit=0.09%
2026-07-21 13:49:22 INFO     strategy        PnL: 13:49:22 MTM=539.50 Profit=0.08%
2026-07-21 13:49:23 INFO     strategy        PnL: 13:49:23 MTM=526.50 Profit=0.08%
2026-07-21 13:49:24 INFO     strategy        PnL: 13:49:24 MTM=559.00 Profit=0.08%
2026-07-21 13:49:25 INFO     strategy        PnL: 13:49:25 MTM=578.50 Profit=0.09%
2026-07-21 13:49:26 INFO     strategy        PnL: 13:49:26 MTM=568.75 Profit=0.09%
2026-07-21 13:49:27 INFO     strategy        PnL: 13:49:27 MTM=568.75 Profit=0.09%
2026-07-21 13:49:28 INFO     strategy        PnL: 13:49:28 MTM=591.50 Profit=0.09%
2026-07-21 13:49:29 INFO     strategy        PnL: 13:49:29 MTM=555.75 Profit=0.08%
2026-07-21 13:49:30 INFO     strategy        PnL: 13:49:30 MTM=581.75 Profit=0.09%
2026-07-21 13:49:31 INFO     strategy        PnL: 13:49:31 MTM=578.50 Profit=0.09%
2026-07-21 13:49:32 INFO     strategy        PnL: 13:49:32 MTM=568.75 Profit=0.09%
2026-07-21 13:49:33 INFO     strategy        PnL: 13:49:33 MTM=572.00 Profit=0.09%
2026-07-21 13:49:34 INFO     strategy        PnL: 13:49:34 MTM=591.50 Profit=0.09%
2026-07-21 13:49:35 INFO     strategy        PnL: 13:49:35 MTM=588.25 Profit=0.09%
2026-07-21 13:49:36 INFO     strategy        PnL: 13:49:36 MTM=578.50 Profit=0.09%
2026-07-21 13:49:37 INFO     strategy        PnL: 13:49:37 MTM=555.75 Profit=0.08%
2026-07-21 13:49:38 INFO     strategy        PnL: 13:49:38 MTM=581.75 Profit=0.09%
2026-07-21 13:49:39 INFO     strategy        PnL: 13:49:39 MTM=581.75 Profit=0.09%
2026-07-21 13:49:40 INFO     strategy        PnL: 13:49:40 MTM=581.75 Profit=0.09%
2026-07-21 13:49:41 INFO     strategy        PnL: 13:49:41 MTM=578.50 Profit=0.09%
2026-07-21 13:49:42 INFO     strategy        PnL: 13:49:42 MTM=607.75 Profit=0.09%
2026-07-21 13:49:43 INFO     strategy        PnL: 13:49:43 MTM=585.00 Profit=0.09%
2026-07-21 13:49:44 INFO     strategy        PnL: 13:49:44 MTM=617.50 Profit=0.09%
2026-07-21 13:49:45 INFO     strategy        PnL: 13:49:45 MTM=575.25 Profit=0.09%
2026-07-21 13:49:46 INFO     strategy        PnL: 13:49:46 MTM=588.25 Profit=0.09%
2026-07-21 13:49:47 INFO     strategy        PnL: 13:49:47 MTM=594.75 Profit=0.09%
2026-07-21 13:49:48 INFO     strategy        PnL: 13:49:48 MTM=607.75 Profit=0.09%
2026-07-21 13:49:49 INFO     strategy        PnL: 13:49:49 MTM=594.75 Profit=0.09%
2026-07-21 13:49:50 INFO     strategy        PnL: 13:49:50 MTM=630.50 Profit=0.09%
2026-07-21 13:49:51 INFO     strategy        PnL: 13:49:51 MTM=581.75 Profit=0.09%
2026-07-21 13:49:52 INFO     strategy        PnL: 13:49:52 MTM=562.25 Profit=0.08%
2026-07-21 13:49:53 INFO     strategy        PnL: 13:49:53 MTM=594.75 Profit=0.09%
2026-07-21 13:49:54 INFO     strategy        PnL: 13:49:54 MTM=565.50 Profit=0.09%
2026-07-21 13:49:55 INFO     strategy        PnL: 13:49:55 MTM=581.75 Profit=0.09%
2026-07-21 13:49:56 INFO     strategy        PnL: 13:49:56 MTM=559.00 Profit=0.08%
2026-07-21 13:49:57 INFO     strategy        PnL: 13:49:57 MTM=559.00 Profit=0.08%
2026-07-21 13:49:58 INFO     strategy        PnL: 13:49:58 MTM=572.00 Profit=0.09%
2026-07-21 13:49:59 INFO     strategy        PnL: 13:49:59 MTM=585.00 Profit=0.09%
2026-07-21 13:50:00 INFO     strategy        PnL: 13:50:00 MTM=552.50 Profit=0.08%
2026-07-21 13:50:01 INFO     strategy        PnL: 13:50:01 MTM=549.25 Profit=0.08%
2026-07-21 13:50:02 INFO     strategy        PnL: 13:50:02 MTM=598.00 Profit=0.09%
2026-07-21 13:50:03 INFO     strategy        PnL: 13:50:03 MTM=565.50 Profit=0.09%
2026-07-21 13:50:04 INFO     strategy        PnL: 13:50:04 MTM=572.00 Profit=0.09%
2026-07-21 13:50:05 INFO     strategy        PnL: 13:50:05 MTM=562.25 Profit=0.08%
2026-07-21 13:50:06 INFO     strategy        PnL: 13:50:06 MTM=552.50 Profit=0.08%
2026-07-21 13:50:07 INFO     strategy        PnL: 13:50:07 MTM=555.75 Profit=0.08%
2026-07-21 13:50:08 INFO     strategy        PnL: 13:50:08 MTM=568.75 Profit=0.09%
2026-07-21 13:50:09 INFO     strategy        PnL: 13:50:09 MTM=575.25 Profit=0.09%
2026-07-21 13:50:10 INFO     strategy        PnL: 13:50:10 MTM=568.75 Profit=0.09%
2026-07-21 13:50:11 INFO     strategy        PnL: 13:50:11 MTM=585.00 Profit=0.09%
2026-07-21 13:50:12 INFO     strategy        PnL: 13:50:12 MTM=572.00 Profit=0.09%
2026-07-21 13:50:13 INFO     strategy        PnL: 13:50:13 MTM=572.00 Profit=0.09%
2026-07-21 13:50:14 INFO     strategy        PnL: 13:50:14 MTM=585.00 Profit=0.09%
2026-07-21 13:50:15 INFO     strategy        PnL: 13:50:15 MTM=585.00 Profit=0.09%
2026-07-21 13:50:16 INFO     strategy        PnL: 13:50:16 MTM=585.00 Profit=0.09%
2026-07-21 13:50:17 INFO     strategy        PnL: 13:50:17 MTM=591.50 Profit=0.09%
2026-07-21 13:50:18 INFO     strategy        PnL: 13:50:18 MTM=572.00 Profit=0.09%
2026-07-21 13:50:19 INFO     strategy        PnL: 13:50:19 MTM=565.50 Profit=0.09%
2026-07-21 13:50:20 INFO     strategy        PnL: 13:50:20 MTM=565.50 Profit=0.09%
2026-07-21 13:50:21 INFO     strategy        PnL: 13:50:21 MTM=565.50 Profit=0.09%
2026-07-21 13:50:22 INFO     strategy        PnL: 13:50:22 MTM=607.75 Profit=0.09%
2026-07-21 13:50:23 INFO     strategy        PnL: 13:50:23 MTM=591.50 Profit=0.09%
2026-07-21 13:50:24 INFO     strategy        PnL: 13:50:24 MTM=588.25 Profit=0.09%
2026-07-21 13:50:25 INFO     strategy        PnL: 13:50:25 MTM=585.00 Profit=0.09%
2026-07-21 13:50:26 INFO     strategy        PnL: 13:50:26 MTM=578.50 Profit=0.09%
2026-07-21 13:50:27 INFO     strategy        PnL: 13:50:27 MTM=588.25 Profit=0.09%
2026-07-21 13:50:28 INFO     strategy        PnL: 13:50:28 MTM=581.75 Profit=0.09%
2026-07-21 13:50:29 INFO     strategy        PnL: 13:50:29 MTM=578.50 Profit=0.09%
2026-07-21 13:50:30 INFO     strategy        PnL: 13:50:30 MTM=578.50 Profit=0.09%
2026-07-21 13:50:31 INFO     strategy        PnL: 13:50:31 MTM=588.25 Profit=0.09%
2026-07-21 13:50:32 INFO     strategy        PnL: 13:50:32 MTM=604.50 Profit=0.09%
2026-07-21 13:50:33 INFO     strategy        PnL: 13:50:33 MTM=578.50 Profit=0.09%
2026-07-21 13:50:34 INFO     strategy        PnL: 13:50:34 MTM=611.00 Profit=0.09%
2026-07-21 13:50:35 INFO     strategy        PnL: 13:50:35 MTM=598.00 Profit=0.09%
2026-07-21 13:50:36 INFO     strategy        PnL: 13:50:36 MTM=588.25 Profit=0.09%
2026-07-21 13:50:37 INFO     strategy        PnL: 13:50:37 MTM=607.75 Profit=0.09%
2026-07-21 13:50:38 INFO     strategy        PnL: 13:50:38 MTM=604.50 Profit=0.09%
2026-07-21 13:50:39 INFO     strategy        PnL: 13:50:39 MTM=598.00 Profit=0.09%
2026-07-21 13:50:40 INFO     strategy        PnL: 13:50:40 MTM=594.75 Profit=0.09%
2026-07-21 13:50:41 INFO     strategy        PnL: 13:50:41 MTM=581.75 Profit=0.09%
2026-07-21 13:50:42 INFO     strategy        PnL: 13:50:42 MTM=581.75 Profit=0.09%
2026-07-21 13:50:43 INFO     strategy        PnL: 13:50:43 MTM=581.75 Profit=0.09%
2026-07-21 13:50:44 INFO     strategy        PnL: 13:50:44 MTM=559.00 Profit=0.08%
2026-07-21 13:50:45 INFO     strategy        PnL: 13:50:45 MTM=552.50 Profit=0.08%
2026-07-21 13:50:46 INFO     strategy        PnL: 13:50:46 MTM=546.00 Profit=0.08%
2026-07-21 13:50:47 INFO     strategy        PnL: 13:50:47 MTM=562.25 Profit=0.08%
2026-07-21 13:50:48 INFO     strategy        PnL: 13:50:48 MTM=546.00 Profit=0.08%
2026-07-21 13:50:49 INFO     strategy        PnL: 13:50:49 MTM=568.75 Profit=0.09%
2026-07-21 13:50:50 INFO     strategy        PnL: 13:50:50 MTM=549.25 Profit=0.08%
2026-07-21 13:50:51 INFO     strategy        PnL: 13:50:51 MTM=552.50 Profit=0.08%
2026-07-21 13:50:52 INFO     strategy        PnL: 13:50:52 MTM=536.25 Profit=0.08%
2026-07-21 13:50:53 INFO     strategy        PnL: 13:50:53 MTM=523.25 Profit=0.08%
2026-07-21 13:50:54 INFO     strategy        PnL: 13:50:54 MTM=516.75 Profit=0.08%
2026-07-21 13:50:55 INFO     strategy        PnL: 13:50:55 MTM=523.25 Profit=0.08%
2026-07-21 13:50:56 INFO     strategy        PnL: 13:50:56 MTM=536.25 Profit=0.08%
2026-07-21 13:50:57 INFO     strategy        PnL: 13:50:57 MTM=536.25 Profit=0.08%
2026-07-21 13:50:58 INFO     strategy        PnL: 13:50:58 MTM=539.50 Profit=0.08%
2026-07-21 13:50:59 INFO     strategy        PnL: 13:50:59 MTM=526.50 Profit=0.08%
2026-07-21 13:51:00 INFO     strategy        PnL: 13:51:00 MTM=494.00 Profit=0.07%
2026-07-21 13:51:02 INFO     strategy        PnL: 13:51:02 MTM=497.25 Profit=0.07%
2026-07-21 13:51:03 INFO     strategy        PnL: 13:51:03 MTM=497.25 Profit=0.07%
2026-07-21 13:51:04 INFO     strategy        PnL: 13:51:04 MTM=507.00 Profit=0.08%
2026-07-21 13:51:05 INFO     strategy        PnL: 13:51:05 MTM=503.75 Profit=0.08%
2026-07-21 13:51:06 INFO     strategy        PnL: 13:51:06 MTM=526.50 Profit=0.08%
2026-07-21 13:51:07 INFO     strategy        PnL: 13:51:07 MTM=503.75 Profit=0.08%
2026-07-21 13:51:08 INFO     strategy        PnL: 13:51:08 MTM=513.50 Profit=0.08%
2026-07-21 13:51:09 INFO     strategy        PnL: 13:51:09 MTM=490.75 Profit=0.07%
2026-07-21 13:51:10 INFO     strategy        PnL: 13:51:10 MTM=477.75 Profit=0.07%
2026-07-21 13:51:11 INFO     strategy        PnL: 13:51:11 MTM=494.00 Profit=0.07%
2026-07-21 13:51:12 INFO     strategy        PnL: 13:51:12 MTM=516.75 Profit=0.08%
2026-07-21 13:51:13 INFO     strategy        PnL: 13:51:13 MTM=523.25 Profit=0.08%
2026-07-21 13:51:14 INFO     strategy        PnL: 13:51:14 MTM=513.50 Profit=0.08%
2026-07-21 13:51:15 INFO     strategy        PnL: 13:51:15 MTM=513.50 Profit=0.08%
2026-07-21 13:51:16 INFO     strategy        PnL: 13:51:16 MTM=536.25 Profit=0.08%
2026-07-21 13:51:17 INFO     strategy        PnL: 13:51:17 MTM=552.50 Profit=0.08%
2026-07-21 13:51:18 INFO     strategy        PnL: 13:51:18 MTM=542.75 Profit=0.08%
2026-07-21 13:51:19 INFO     strategy        PnL: 13:51:19 MTM=559.00 Profit=0.08%
2026-07-21 13:51:20 INFO     strategy        PnL: 13:51:20 MTM=536.25 Profit=0.08%
2026-07-21 13:51:21 INFO     strategy        PnL: 13:51:21 MTM=565.50 Profit=0.09%
2026-07-21 13:51:22 INFO     strategy        PnL: 13:51:22 MTM=536.25 Profit=0.08%
2026-07-21 13:51:23 INFO     strategy        PnL: 13:51:23 MTM=555.75 Profit=0.08%
2026-07-21 13:51:24 INFO     strategy        PnL: 13:51:24 MTM=552.50 Profit=0.08%
2026-07-21 13:51:25 INFO     strategy        PnL: 13:51:25 MTM=549.25 Profit=0.08%
2026-07-21 13:51:26 INFO     strategy        PnL: 13:51:26 MTM=536.25 Profit=0.08%
2026-07-21 13:51:27 INFO     strategy        PnL: 13:51:27 MTM=516.75 Profit=0.08%
2026-07-21 13:51:28 INFO     strategy        PnL: 13:51:28 MTM=520.00 Profit=0.08%
2026-07-21 13:51:29 INFO     strategy        PnL: 13:51:29 MTM=549.25 Profit=0.08%
2026-07-21 13:51:30 INFO     strategy        PnL: 13:51:30 MTM=539.50 Profit=0.08%
2026-07-21 13:51:31 INFO     strategy        PnL: 13:51:31 MTM=529.75 Profit=0.08%
2026-07-21 13:51:32 INFO     strategy        PnL: 13:51:32 MTM=533.00 Profit=0.08%
2026-07-21 13:51:33 INFO     strategy        PnL: 13:51:33 MTM=539.50 Profit=0.08%
2026-07-21 13:51:34 INFO     strategy        PnL: 13:51:34 MTM=529.75 Profit=0.08%
2026-07-21 13:51:35 INFO     strategy        PnL: 13:51:35 MTM=526.50 Profit=0.08%
2026-07-21 13:51:36 INFO     strategy        PnL: 13:51:36 MTM=529.75 Profit=0.08%
2026-07-21 13:51:37 INFO     strategy        PnL: 13:51:37 MTM=542.75 Profit=0.08%
2026-07-21 13:51:38 INFO     strategy        PnL: 13:51:38 MTM=546.00 Profit=0.08%
2026-07-21 13:51:39 INFO     strategy        PnL: 13:51:39 MTM=549.25 Profit=0.08%
2026-07-21 13:51:40 INFO     strategy        PnL: 13:51:40 MTM=542.75 Profit=0.08%
2026-07-21 13:51:41 INFO     strategy        PnL: 13:51:41 MTM=542.75 Profit=0.08%
2026-07-21 13:51:42 INFO     strategy        PnL: 13:51:42 MTM=549.25 Profit=0.08%
2026-07-21 13:51:43 INFO     strategy        PnL: 13:51:43 MTM=562.25 Profit=0.08%
2026-07-21 13:51:44 INFO     strategy        PnL: 13:51:44 MTM=552.50 Profit=0.08%
2026-07-21 13:51:45 INFO     strategy        PnL: 13:51:45 MTM=526.50 Profit=0.08%
2026-07-21 13:51:46 INFO     strategy        PnL: 13:51:46 MTM=559.00 Profit=0.08%
2026-07-21 13:51:47 INFO     strategy        PnL: 13:51:47 MTM=559.00 Profit=0.08%
2026-07-21 13:51:48 INFO     strategy        PnL: 13:51:48 MTM=578.50 Profit=0.09%
2026-07-21 13:51:49 INFO     strategy        PnL: 13:51:49 MTM=542.75 Profit=0.08%
2026-07-21 13:51:50 INFO     strategy        PnL: 13:51:50 MTM=542.75 Profit=0.08%
2026-07-21 13:51:51 INFO     strategy        PnL: 13:51:51 MTM=529.75 Profit=0.08%
2026-07-21 13:51:52 INFO     strategy        PnL: 13:51:52 MTM=536.25 Profit=0.08%
2026-07-21 13:51:53 INFO     strategy        PnL: 13:51:53 MTM=542.75 Profit=0.08%
2026-07-21 13:51:54 INFO     strategy        PnL: 13:51:54 MTM=565.50 Profit=0.09%
2026-07-21 13:51:55 INFO     strategy        PnL: 13:51:55 MTM=552.50 Profit=0.08%
2026-07-21 13:51:56 INFO     strategy        PnL: 13:51:56 MTM=542.75 Profit=0.08%
2026-07-21 13:51:57 INFO     strategy        PnL: 13:51:57 MTM=539.50 Profit=0.08%
2026-07-21 13:51:58 INFO     strategy        PnL: 13:51:58 MTM=516.75 Profit=0.08%
2026-07-21 13:51:59 INFO     strategy        PnL: 13:51:59 MTM=552.50 Profit=0.08%
2026-07-21 13:52:00 INFO     strategy        PnL: 13:52:00 MTM=546.00 Profit=0.08%
2026-07-21 13:52:01 INFO     strategy        PnL: 13:52:01 MTM=555.75 Profit=0.08%
2026-07-21 13:52:02 INFO     strategy        PnL: 13:52:02 MTM=533.00 Profit=0.08%
2026-07-21 13:52:03 INFO     strategy        PnL: 13:52:03 MTM=536.25 Profit=0.08%
2026-07-21 13:52:04 INFO     strategy        PnL: 13:52:04 MTM=533.00 Profit=0.08%
2026-07-21 13:52:05 INFO     strategy        PnL: 13:52:05 MTM=539.50 Profit=0.08%
2026-07-21 13:52:06 INFO     strategy        PnL: 13:52:06 MTM=542.75 Profit=0.08%
2026-07-21 13:52:07 INFO     strategy        PnL: 13:52:07 MTM=520.00 Profit=0.08%
2026-07-21 13:52:08 INFO     strategy        PnL: 13:52:08 MTM=539.50 Profit=0.08%
2026-07-21 13:52:09 INFO     strategy        PnL: 13:52:09 MTM=513.50 Profit=0.08%
2026-07-21 13:52:10 INFO     strategy        PnL: 13:52:10 MTM=536.25 Profit=0.08%
2026-07-21 13:52:11 INFO     strategy        PnL: 13:52:11 MTM=533.00 Profit=0.08%
2026-07-21 13:52:12 INFO     strategy        PnL: 13:52:12 MTM=520.00 Profit=0.08%
2026-07-21 13:52:13 INFO     strategy        PnL: 13:52:13 MTM=546.00 Profit=0.08%
2026-07-21 13:52:14 INFO     strategy        PnL: 13:52:14 MTM=536.25 Profit=0.08%
2026-07-21 13:52:15 INFO     strategy        PnL: 13:52:15 MTM=523.25 Profit=0.08%
2026-07-21 13:52:16 INFO     strategy        PnL: 13:52:16 MTM=536.25 Profit=0.08%
2026-07-21 13:52:17 INFO     strategy        PnL: 13:52:17 MTM=549.25 Profit=0.08%
2026-07-21 13:52:18 INFO     strategy        PnL: 13:52:18 MTM=529.75 Profit=0.08%
2026-07-21 13:52:19 INFO     strategy        PnL: 13:52:19 MTM=523.25 Profit=0.08%
2026-07-21 13:52:20 INFO     strategy        PnL: 13:52:20 MTM=542.75 Profit=0.08%
2026-07-21 13:52:21 INFO     strategy        PnL: 13:52:21 MTM=549.25 Profit=0.08%
2026-07-21 13:52:22 INFO     strategy        PnL: 13:52:22 MTM=523.25 Profit=0.08%
2026-07-21 13:52:23 INFO     strategy        PnL: 13:52:23 MTM=546.00 Profit=0.08%
2026-07-21 13:52:24 INFO     strategy        PnL: 13:52:24 MTM=562.25 Profit=0.08%
2026-07-21 13:52:25 INFO     strategy        PnL: 13:52:25 MTM=572.00 Profit=0.09%
2026-07-21 13:52:26 INFO     strategy        PnL: 13:52:26 MTM=533.00 Profit=0.08%
2026-07-21 13:52:27 INFO     strategy        PnL: 13:52:27 MTM=542.75 Profit=0.08%
2026-07-21 13:52:28 INFO     strategy        PnL: 13:52:28 MTM=533.00 Profit=0.08%
2026-07-21 13:52:29 INFO     strategy        PnL: 13:52:29 MTM=542.75 Profit=0.08%
2026-07-21 13:52:30 INFO     strategy        PnL: 13:52:30 MTM=546.00 Profit=0.08%
2026-07-21 13:52:31 INFO     strategy        PnL: 13:52:31 MTM=552.50 Profit=0.08%
2026-07-21 13:52:32 INFO     strategy        PnL: 13:52:32 MTM=578.50 Profit=0.09%
2026-07-21 13:52:33 INFO     strategy        PnL: 13:52:33 MTM=546.00 Profit=0.08%
2026-07-21 13:52:34 INFO     strategy        PnL: 13:52:34 MTM=555.75 Profit=0.08%
2026-07-21 13:52:35 INFO     strategy        PnL: 13:52:35 MTM=542.75 Profit=0.08%
2026-07-21 13:52:36 INFO     strategy        PnL: 13:52:36 MTM=539.50 Profit=0.08%
2026-07-21 13:52:37 INFO     strategy        PnL: 13:52:37 MTM=542.75 Profit=0.08%
2026-07-21 13:52:38 INFO     strategy        PnL: 13:52:38 MTM=542.75 Profit=0.08%
2026-07-21 13:52:39 INFO     strategy        PnL: 13:52:39 MTM=533.00 Profit=0.08%
2026-07-21 13:52:40 INFO     strategy        PnL: 13:52:40 MTM=552.50 Profit=0.08%
2026-07-21 13:52:41 INFO     strategy        PnL: 13:52:41 MTM=546.00 Profit=0.08%
2026-07-21 13:52:42 INFO     strategy        PnL: 13:52:42 MTM=565.50 Profit=0.09%
2026-07-21 13:52:43 INFO     strategy        PnL: 13:52:43 MTM=552.50 Profit=0.08%
2026-07-21 13:52:44 INFO     strategy        PnL: 13:52:44 MTM=572.00 Profit=0.09%
2026-07-21 13:52:45 INFO     strategy        PnL: 13:52:45 MTM=565.50 Profit=0.09%
2026-07-21 13:52:46 INFO     strategy        PnL: 13:52:46 MTM=565.50 Profit=0.09%
2026-07-21 13:52:47 INFO     strategy        PnL: 13:52:47 MTM=572.00 Profit=0.09%
2026-07-21 13:52:48 INFO     strategy        PnL: 13:52:48 MTM=572.00 Profit=0.09%
2026-07-21 13:52:49 INFO     strategy        PnL: 13:52:49 MTM=575.25 Profit=0.09%
2026-07-21 13:52:50 INFO     strategy        PnL: 13:52:50 MTM=552.50 Profit=0.08%
2026-07-21 13:52:51 INFO     strategy        PnL: 13:52:51 MTM=526.50 Profit=0.08%
2026-07-21 13:52:52 INFO     strategy        PnL: 13:52:52 MTM=546.00 Profit=0.08%
2026-07-21 13:52:53 INFO     strategy        PnL: 13:52:53 MTM=559.00 Profit=0.08%
2026-07-21 13:52:54 INFO     strategy        PnL: 13:52:54 MTM=562.25 Profit=0.08%
2026-07-21 13:52:55 INFO     strategy        PnL: 13:52:55 MTM=559.00 Profit=0.08%
2026-07-21 13:52:56 INFO     strategy        PnL: 13:52:56 MTM=572.00 Profit=0.09%
2026-07-21 13:52:57 INFO     strategy        PnL: 13:52:57 MTM=555.75 Profit=0.08%
2026-07-21 13:52:58 INFO     strategy        PnL: 13:52:58 MTM=549.25 Profit=0.08%
2026-07-21 13:52:59 INFO     strategy        PnL: 13:52:59 MTM=562.25 Profit=0.08%
2026-07-21 13:53:00 INFO     strategy        PnL: 13:53:00 MTM=542.75 Profit=0.08%
2026-07-21 13:53:01 INFO     strategy        PnL: 13:53:01 MTM=575.25 Profit=0.09%
2026-07-21 13:53:02 INFO     strategy        PnL: 13:53:02 MTM=542.75 Profit=0.08%
2026-07-21 13:53:03 INFO     strategy        PnL: 13:53:03 MTM=562.25 Profit=0.08%
2026-07-21 13:53:04 INFO     strategy        PnL: 13:53:04 MTM=578.50 Profit=0.09%
2026-07-21 13:53:05 INFO     strategy        PnL: 13:53:05 MTM=549.25 Profit=0.08%
2026-07-21 13:53:07 INFO     strategy        PnL: 13:53:07 MTM=568.75 Profit=0.09%
2026-07-21 13:53:08 INFO     strategy        PnL: 13:53:08 MTM=572.00 Profit=0.09%
2026-07-21 13:53:09 INFO     strategy        PnL: 13:53:09 MTM=568.75 Profit=0.09%
2026-07-21 13:53:10 INFO     strategy        PnL: 13:53:10 MTM=555.75 Profit=0.08%
2026-07-21 13:53:11 INFO     strategy        PnL: 13:53:11 MTM=575.25 Profit=0.09%
2026-07-21 13:53:12 INFO     strategy        PnL: 13:53:12 MTM=591.50 Profit=0.09%
2026-07-21 13:53:13 INFO     strategy        PnL: 13:53:13 MTM=585.00 Profit=0.09%
2026-07-21 13:53:14 INFO     strategy        PnL: 13:53:14 MTM=588.25 Profit=0.09%
2026-07-21 13:53:15 INFO     strategy        PnL: 13:53:15 MTM=546.00 Profit=0.08%
2026-07-21 13:53:16 INFO     strategy        PnL: 13:53:16 MTM=565.50 Profit=0.09%
2026-07-21 13:53:17 INFO     strategy        PnL: 13:53:17 MTM=575.25 Profit=0.09%
2026-07-21 13:53:18 INFO     strategy        PnL: 13:53:18 MTM=575.25 Profit=0.09%
2026-07-21 13:53:19 INFO     strategy        PnL: 13:53:19 MTM=539.50 Profit=0.08%
2026-07-21 13:53:20 INFO     strategy        PnL: 13:53:20 MTM=552.50 Profit=0.08%
2026-07-21 13:53:21 INFO     strategy        PnL: 13:53:21 MTM=555.75 Profit=0.08%
2026-07-21 13:53:22 INFO     strategy        PnL: 13:53:22 MTM=549.25 Profit=0.08%
2026-07-21 13:53:23 INFO     strategy        PnL: 13:53:23 MTM=568.75 Profit=0.09%
2026-07-21 13:53:24 INFO     strategy        PnL: 13:53:24 MTM=555.75 Profit=0.08%
2026-07-21 13:53:25 INFO     strategy        PnL: 13:53:25 MTM=542.75 Profit=0.08%
2026-07-21 13:53:26 INFO     strategy        PnL: 13:53:26 MTM=562.25 Profit=0.08%
2026-07-21 13:53:27 INFO     strategy        PnL: 13:53:27 MTM=526.50 Profit=0.08%
2026-07-21 13:53:28 INFO     strategy        PnL: 13:53:28 MTM=539.50 Profit=0.08%
2026-07-21 13:53:29 INFO     strategy        PnL: 13:53:29 MTM=552.50 Profit=0.08%
2026-07-21 13:53:30 INFO     strategy        PnL: 13:53:30 MTM=529.75 Profit=0.08%
2026-07-21 13:53:31 INFO     strategy        PnL: 13:53:31 MTM=546.00 Profit=0.08%
2026-07-21 13:53:32 INFO     strategy        PnL: 13:53:32 MTM=542.75 Profit=0.08%
2026-07-21 13:53:33 INFO     strategy        PnL: 13:53:33 MTM=542.75 Profit=0.08%
2026-07-21 13:53:34 INFO     strategy        PnL: 13:53:34 MTM=542.75 Profit=0.08%
2026-07-21 13:53:35 INFO     strategy        PnL: 13:53:35 MTM=542.75 Profit=0.08%
2026-07-21 13:53:36 INFO     strategy        PnL: 13:53:36 MTM=536.25 Profit=0.08%
2026-07-21 13:53:37 INFO     strategy        PnL: 13:53:37 MTM=533.00 Profit=0.08%
2026-07-21 13:53:38 INFO     strategy        PnL: 13:53:38 MTM=549.25 Profit=0.08%
2026-07-21 13:53:39 INFO     strategy        PnL: 13:53:39 MTM=539.50 Profit=0.08%
2026-07-21 13:53:40 INFO     strategy        PnL: 13:53:40 MTM=539.50 Profit=0.08%
2026-07-21 13:53:41 INFO     strategy        PnL: 13:53:41 MTM=533.00 Profit=0.08%
2026-07-21 13:53:42 INFO     strategy        PnL: 13:53:42 MTM=533.00 Profit=0.08%
2026-07-21 13:53:43 INFO     strategy        PnL: 13:53:43 MTM=529.75 Profit=0.08%
2026-07-21 13:53:44 INFO     strategy        PnL: 13:53:44 MTM=539.50 Profit=0.08%
2026-07-21 13:53:45 INFO     strategy        PnL: 13:53:45 MTM=513.50 Profit=0.08%
2026-07-21 13:53:46 INFO     strategy        PnL: 13:53:46 MTM=520.00 Profit=0.08%
2026-07-21 13:53:47 INFO     strategy        PnL: 13:53:47 MTM=529.75 Profit=0.08%
2026-07-21 13:53:48 INFO     strategy        PnL: 13:53:48 MTM=546.00 Profit=0.08%
2026-07-21 13:53:49 INFO     strategy        PnL: 13:53:49 MTM=546.00 Profit=0.08%
2026-07-21 13:53:50 INFO     strategy        PnL: 13:53:50 MTM=552.50 Profit=0.08%
2026-07-21 13:53:51 INFO     strategy        PnL: 13:53:51 MTM=539.50 Profit=0.08%
2026-07-21 13:53:52 INFO     strategy        PnL: 13:53:52 MTM=520.00 Profit=0.08%
2026-07-21 13:53:53 INFO     strategy        PnL: 13:53:53 MTM=510.25 Profit=0.08%
2026-07-21 13:53:54 INFO     strategy        PnL: 13:53:54 MTM=529.75 Profit=0.08%
2026-07-21 13:53:55 INFO     strategy        PnL: 13:53:55 MTM=533.00 Profit=0.08%
2026-07-21 13:53:56 INFO     strategy        PnL: 13:53:56 MTM=552.50 Profit=0.08%
2026-07-21 13:53:57 INFO     strategy        PnL: 13:53:57 MTM=523.25 Profit=0.08%
2026-07-21 13:53:58 INFO     strategy        PnL: 13:53:58 MTM=526.50 Profit=0.08%
2026-07-21 13:53:59 INFO     strategy        PnL: 13:53:59 MTM=546.00 Profit=0.08%
2026-07-21 13:54:00 INFO     strategy        PnL: 13:54:00 MTM=549.25 Profit=0.08%
2026-07-21 13:54:01 INFO     strategy        PnL: 13:54:01 MTM=542.75 Profit=0.08%
2026-07-21 13:54:02 INFO     strategy        PnL: 13:54:02 MTM=536.25 Profit=0.08%
2026-07-21 13:54:03 INFO     strategy        PnL: 13:54:03 MTM=526.50 Profit=0.08%
2026-07-21 13:54:04 INFO     strategy        PnL: 13:54:04 MTM=539.50 Profit=0.08%
2026-07-21 13:54:05 INFO     strategy        PnL: 13:54:05 MTM=533.00 Profit=0.08%
2026-07-21 13:54:06 INFO     strategy        PnL: 13:54:06 MTM=526.50 Profit=0.08%
2026-07-21 13:54:07 INFO     strategy        PnL: 13:54:07 MTM=510.25 Profit=0.08%
2026-07-21 13:54:08 INFO     strategy        PnL: 13:54:08 MTM=529.75 Profit=0.08%
2026-07-21 13:54:09 INFO     strategy        PnL: 13:54:09 MTM=526.50 Profit=0.08%
2026-07-21 13:54:10 INFO     strategy        PnL: 13:54:10 MTM=533.00 Profit=0.08%
2026-07-21 13:54:11 INFO     strategy        PnL: 13:54:11 MTM=526.50 Profit=0.08%
2026-07-21 13:54:12 INFO     strategy        PnL: 13:54:12 MTM=559.00 Profit=0.08%
2026-07-21 13:54:13 INFO     strategy        PnL: 13:54:13 MTM=542.75 Profit=0.08%
2026-07-21 13:54:14 INFO     strategy        PnL: 13:54:14 MTM=526.50 Profit=0.08%
2026-07-21 13:54:15 INFO     strategy        PnL: 13:54:15 MTM=565.50 Profit=0.09%
2026-07-21 13:54:16 INFO     strategy        PnL: 13:54:16 MTM=546.00 Profit=0.08%
2026-07-21 13:54:17 INFO     strategy        PnL: 13:54:17 MTM=536.25 Profit=0.08%
2026-07-21 13:54:18 INFO     strategy        PnL: 13:54:18 MTM=542.75 Profit=0.08%
2026-07-21 13:54:19 INFO     strategy        PnL: 13:54:19 MTM=562.25 Profit=0.08%
2026-07-21 13:54:20 INFO     strategy        PnL: 13:54:20 MTM=565.50 Profit=0.09%
2026-07-21 13:54:21 INFO     strategy        PnL: 13:54:21 MTM=536.25 Profit=0.08%
2026-07-21 13:54:22 INFO     strategy        PnL: 13:54:22 MTM=552.50 Profit=0.08%
2026-07-21 13:54:23 INFO     strategy        PnL: 13:54:23 MTM=555.75 Profit=0.08%
2026-07-21 13:54:24 INFO     strategy        PnL: 13:54:24 MTM=568.75 Profit=0.09%
2026-07-21 13:54:25 INFO     strategy        PnL: 13:54:25 MTM=572.00 Profit=0.09%
2026-07-21 13:54:26 INFO     strategy        PnL: 13:54:26 MTM=555.75 Profit=0.08%
2026-07-21 13:54:27 INFO     strategy        PnL: 13:54:27 MTM=549.25 Profit=0.08%
2026-07-21 13:54:28 INFO     strategy        PnL: 13:54:28 MTM=559.00 Profit=0.08%
2026-07-21 13:54:29 INFO     strategy        PnL: 13:54:29 MTM=546.00 Profit=0.08%
2026-07-21 13:54:30 INFO     strategy        PnL: 13:54:30 MTM=568.75 Profit=0.09%
2026-07-21 13:54:31 INFO     strategy        PnL: 13:54:31 MTM=523.25 Profit=0.08%
2026-07-21 13:54:32 INFO     strategy        PnL: 13:54:32 MTM=529.75 Profit=0.08%
2026-07-21 13:54:33 INFO     strategy        PnL: 13:54:33 MTM=549.25 Profit=0.08%
2026-07-21 13:54:34 INFO     strategy        PnL: 13:54:34 MTM=552.50 Profit=0.08%
2026-07-21 13:54:35 INFO     strategy        PnL: 13:54:35 MTM=529.75 Profit=0.08%
2026-07-21 13:54:36 INFO     strategy        PnL: 13:54:36 MTM=529.75 Profit=0.08%
2026-07-21 13:54:37 INFO     strategy        PnL: 13:54:37 MTM=542.75 Profit=0.08%
2026-07-21 13:54:38 INFO     strategy        PnL: 13:54:38 MTM=526.50 Profit=0.08%
2026-07-21 13:54:39 INFO     strategy        PnL: 13:54:39 MTM=526.50 Profit=0.08%
2026-07-21 13:54:40 INFO     strategy        PnL: 13:54:40 MTM=539.50 Profit=0.08%
2026-07-21 13:54:41 INFO     strategy        PnL: 13:54:41 MTM=533.00 Profit=0.08%
2026-07-21 13:54:42 INFO     strategy        PnL: 13:54:42 MTM=539.50 Profit=0.08%
2026-07-21 13:54:43 INFO     strategy        PnL: 13:54:43 MTM=520.00 Profit=0.08%
2026-07-21 13:54:45 INFO     strategy        PnL: 13:54:45 MTM=552.50 Profit=0.08%
2026-07-21 13:54:46 INFO     strategy        PnL: 13:54:46 MTM=542.75 Profit=0.08%
2026-07-21 13:54:47 INFO     strategy        PnL: 13:54:47 MTM=552.50 Profit=0.08%
2026-07-21 13:54:48 INFO     strategy        PnL: 13:54:48 MTM=542.75 Profit=0.08%
2026-07-21 13:54:49 INFO     strategy        PnL: 13:54:49 MTM=529.75 Profit=0.08%
2026-07-21 13:54:50 INFO     strategy        PnL: 13:54:50 MTM=526.50 Profit=0.08%
2026-07-21 13:54:51 INFO     strategy        PnL: 13:54:51 MTM=510.25 Profit=0.08%
2026-07-21 13:54:52 INFO     strategy        PnL: 13:54:52 MTM=552.50 Profit=0.08%
2026-07-21 13:54:53 INFO     strategy        PnL: 13:54:53 MTM=497.25 Profit=0.07%
2026-07-21 13:54:54 INFO     strategy        PnL: 13:54:54 MTM=529.75 Profit=0.08%
2026-07-21 13:54:55 INFO     strategy        PnL: 13:54:55 MTM=526.50 Profit=0.08%
2026-07-21 13:54:56 INFO     strategy        PnL: 13:54:56 MTM=516.75 Profit=0.08%
2026-07-21 13:54:57 INFO     strategy        PnL: 13:54:57 MTM=529.75 Profit=0.08%
2026-07-21 13:54:58 INFO     strategy        PnL: 13:54:58 MTM=503.75 Profit=0.08%
2026-07-21 13:54:59 INFO     strategy        PnL: 13:54:59 MTM=503.75 Profit=0.08%
2026-07-21 13:55:00 INFO     strategy        PnL: 13:55:00 MTM=497.25 Profit=0.07%
2026-07-21 13:55:01 INFO     strategy        PnL: 13:55:01 MTM=520.00 Profit=0.08%
2026-07-21 13:55:02 INFO     strategy        PnL: 13:55:02 MTM=507.00 Profit=0.08%
2026-07-21 13:55:03 INFO     strategy        PnL: 13:55:03 MTM=526.50 Profit=0.08%
2026-07-21 13:55:04 INFO     strategy        PnL: 13:55:04 MTM=497.25 Profit=0.07%
2026-07-21 13:55:05 INFO     strategy        PnL: 13:55:05 MTM=507.00 Profit=0.08%
2026-07-21 13:55:06 INFO     strategy        PnL: 13:55:06 MTM=487.50 Profit=0.07%
2026-07-21 13:55:07 INFO     strategy        PnL: 13:55:07 MTM=484.25 Profit=0.07%
2026-07-21 13:55:08 INFO     strategy        PnL: 13:55:08 MTM=484.25 Profit=0.07%
2026-07-21 13:55:09 INFO     strategy        PnL: 13:55:09 MTM=481.00 Profit=0.07%
2026-07-21 13:55:10 INFO     strategy        PnL: 13:55:10 MTM=471.25 Profit=0.07%
2026-07-21 13:55:11 INFO     strategy        PnL: 13:55:11 MTM=451.75 Profit=0.07%
2026-07-21 13:55:12 INFO     strategy        PnL: 13:55:12 MTM=461.50 Profit=0.07%
2026-07-21 13:55:13 INFO     strategy        PnL: 13:55:13 MTM=451.75 Profit=0.07%
2026-07-21 13:55:14 INFO     strategy        PnL: 13:55:14 MTM=445.25 Profit=0.07%
2026-07-21 13:55:15 INFO     strategy        PnL: 13:55:15 MTM=448.50 Profit=0.07%
2026-07-21 13:55:16 INFO     strategy        PnL: 13:55:16 MTM=461.50 Profit=0.07%
2026-07-21 13:55:17 INFO     strategy        PnL: 13:55:17 MTM=481.00 Profit=0.07%
2026-07-21 13:55:18 INFO     strategy        PnL: 13:55:18 MTM=477.75 Profit=0.07%
2026-07-21 13:55:19 INFO     strategy        PnL: 13:55:19 MTM=477.75 Profit=0.07%
2026-07-21 13:55:20 INFO     strategy        PnL: 13:55:20 MTM=464.75 Profit=0.07%
2026-07-21 13:55:21 INFO     strategy        PnL: 13:55:21 MTM=477.75 Profit=0.07%
2026-07-21 13:55:22 INFO     strategy        PnL: 13:55:22 MTM=477.75 Profit=0.07%
2026-07-21 13:55:23 INFO     strategy        PnL: 13:55:23 MTM=487.50 Profit=0.07%
2026-07-21 13:55:24 INFO     strategy        PnL: 13:55:24 MTM=461.50 Profit=0.07%
2026-07-21 13:55:25 INFO     strategy        PnL: 13:55:25 MTM=481.00 Profit=0.07%
2026-07-21 13:55:26 INFO     strategy        PnL: 13:55:26 MTM=445.25 Profit=0.07%
2026-07-21 13:55:27 INFO     strategy        PnL: 13:55:27 MTM=448.50 Profit=0.07%
2026-07-21 13:55:28 INFO     strategy        PnL: 13:55:28 MTM=451.75 Profit=0.07%
2026-07-21 13:55:29 INFO     strategy        PnL: 13:55:29 MTM=468.00 Profit=0.07%
2026-07-21 13:55:30 INFO     strategy        PnL: 13:55:30 MTM=448.50 Profit=0.07%
2026-07-21 13:55:31 INFO     strategy        PnL: 13:55:31 MTM=448.50 Profit=0.07%
2026-07-21 13:55:32 INFO     strategy        PnL: 13:55:32 MTM=448.50 Profit=0.07%
2026-07-21 13:55:33 INFO     strategy        PnL: 13:55:33 MTM=458.25 Profit=0.07%
2026-07-21 13:55:34 INFO     strategy        PnL: 13:55:34 MTM=448.50 Profit=0.07%
2026-07-21 13:55:35 INFO     strategy        PnL: 13:55:35 MTM=455.00 Profit=0.07%
2026-07-21 13:55:36 INFO     strategy        PnL: 13:55:36 MTM=432.25 Profit=0.07%
2026-07-21 13:55:37 INFO     strategy        PnL: 13:55:37 MTM=438.75 Profit=0.07%
2026-07-21 13:55:38 INFO     strategy        PnL: 13:55:38 MTM=406.25 Profit=0.06%
2026-07-21 13:55:39 INFO     strategy        PnL: 13:55:39 MTM=419.25 Profit=0.06%
2026-07-21 13:55:40 INFO     strategy        PnL: 13:55:40 MTM=406.25 Profit=0.06%
2026-07-21 13:55:41 INFO     strategy        PnL: 13:55:41 MTM=409.50 Profit=0.06%
2026-07-21 13:55:42 INFO     strategy        PnL: 13:55:42 MTM=409.50 Profit=0.06%
2026-07-21 13:55:43 INFO     strategy        PnL: 13:55:43 MTM=409.50 Profit=0.06%
2026-07-21 13:55:44 INFO     strategy        PnL: 13:55:44 MTM=370.50 Profit=0.06%
2026-07-21 13:55:45 INFO     strategy        PnL: 13:55:45 MTM=406.25 Profit=0.06%
2026-07-21 13:55:46 INFO     strategy        PnL: 13:55:46 MTM=406.25 Profit=0.06%
2026-07-21 13:55:47 INFO     strategy        PnL: 13:55:47 MTM=393.25 Profit=0.06%
2026-07-21 13:55:48 INFO     strategy        PnL: 13:55:48 MTM=386.75 Profit=0.06%
2026-07-21 13:55:49 INFO     strategy        PnL: 13:55:49 MTM=432.25 Profit=0.07%
2026-07-21 13:55:50 INFO     strategy        PnL: 13:55:50 MTM=390.00 Profit=0.06%
2026-07-21 13:55:51 INFO     strategy        PnL: 13:55:51 MTM=390.00 Profit=0.06%
2026-07-21 13:55:52 INFO     strategy        PnL: 13:55:52 MTM=383.50 Profit=0.06%
2026-07-21 13:55:53 INFO     strategy        PnL: 13:55:53 MTM=386.75 Profit=0.06%
2026-07-21 13:55:54 INFO     strategy        PnL: 13:55:54 MTM=390.00 Profit=0.06%
2026-07-21 13:55:55 INFO     strategy        PnL: 13:55:55 MTM=367.25 Profit=0.06%
2026-07-21 13:55:56 INFO     strategy        PnL: 13:55:56 MTM=373.75 Profit=0.06%
2026-07-21 13:55:57 INFO     strategy        PnL: 13:55:57 MTM=380.25 Profit=0.06%
2026-07-21 13:55:58 INFO     strategy        PnL: 13:55:58 MTM=396.50 Profit=0.06%
2026-07-21 13:55:59 INFO     strategy        PnL: 13:55:59 MTM=367.25 Profit=0.06%
2026-07-21 13:56:00 INFO     strategy        PnL: 13:56:00 MTM=396.50 Profit=0.06%
2026-07-21 13:56:01 INFO     strategy        PnL: 13:56:01 MTM=364.00 Profit=0.05%
2026-07-21 13:56:02 INFO     strategy        PnL: 13:56:02 MTM=403.00 Profit=0.06%
2026-07-21 13:56:03 INFO     strategy        PnL: 13:56:03 MTM=390.00 Profit=0.06%
2026-07-21 13:56:04 INFO     strategy        PnL: 13:56:04 MTM=380.25 Profit=0.06%
2026-07-21 13:56:05 INFO     strategy        PnL: 13:56:05 MTM=390.00 Profit=0.06%
2026-07-21 13:56:06 INFO     strategy        PnL: 13:56:06 MTM=383.50 Profit=0.06%
2026-07-21 13:56:07 INFO     strategy        PnL: 13:56:07 MTM=380.25 Profit=0.06%
2026-07-21 13:56:08 INFO     strategy        PnL: 13:56:08 MTM=412.75 Profit=0.06%
2026-07-21 13:56:09 INFO     strategy        PnL: 13:56:09 MTM=396.50 Profit=0.06%
2026-07-21 13:56:10 INFO     strategy        PnL: 13:56:10 MTM=390.00 Profit=0.06%
2026-07-21 13:56:11 INFO     strategy        PnL: 13:56:11 MTM=399.75 Profit=0.06%
2026-07-21 13:56:12 INFO     strategy        PnL: 13:56:12 MTM=370.50 Profit=0.06%
2026-07-21 13:56:13 INFO     strategy        PnL: 13:56:13 MTM=390.00 Profit=0.06%
2026-07-21 13:56:14 INFO     strategy        PnL: 13:56:14 MTM=406.25 Profit=0.06%
2026-07-21 13:56:15 INFO     strategy        PnL: 13:56:15 MTM=403.00 Profit=0.06%
2026-07-21 13:56:16 INFO     strategy        PnL: 13:56:16 MTM=409.50 Profit=0.06%
2026-07-21 13:56:17 INFO     strategy        PnL: 13:56:17 MTM=396.50 Profit=0.06%
2026-07-21 13:56:18 INFO     strategy        PnL: 13:56:18 MTM=406.25 Profit=0.06%
2026-07-21 13:56:19 INFO     strategy        PnL: 13:56:19 MTM=393.25 Profit=0.06%
2026-07-21 13:56:20 INFO     strategy        PnL: 13:56:20 MTM=386.75 Profit=0.06%
2026-07-21 13:56:21 INFO     strategy        PnL: 13:56:21 MTM=380.25 Profit=0.06%
2026-07-21 13:56:22 INFO     strategy        PnL: 13:56:22 MTM=364.00 Profit=0.05%
2026-07-21 13:56:23 INFO     strategy        PnL: 13:56:23 MTM=370.50 Profit=0.06%
2026-07-21 13:56:25 INFO     strategy        PnL: 13:56:25 MTM=351.00 Profit=0.05%
2026-07-21 13:56:26 INFO     strategy        PnL: 13:56:26 MTM=354.25 Profit=0.05%
2026-07-21 13:56:27 INFO     strategy        PnL: 13:56:27 MTM=370.50 Profit=0.06%
2026-07-21 13:56:28 INFO     strategy        PnL: 13:56:28 MTM=334.75 Profit=0.05%
2026-07-21 13:56:29 INFO     strategy        PnL: 13:56:29 MTM=341.25 Profit=0.05%
2026-07-21 13:56:30 INFO     strategy        PnL: 13:56:30 MTM=344.50 Profit=0.05%
2026-07-21 13:56:31 INFO     strategy        PnL: 13:56:31 MTM=328.25 Profit=0.05%
2026-07-21 13:56:32 INFO     strategy        PnL: 13:56:32 MTM=344.50 Profit=0.05%
2026-07-21 13:56:33 INFO     strategy        PnL: 13:56:33 MTM=347.75 Profit=0.05%
2026-07-21 13:56:34 INFO     strategy        PnL: 13:56:34 MTM=367.25 Profit=0.06%
2026-07-21 13:56:35 INFO     strategy        PnL: 13:56:35 MTM=367.25 Profit=0.06%
2026-07-21 13:56:36 INFO     strategy        PnL: 13:56:36 MTM=351.00 Profit=0.05%
2026-07-21 13:56:37 INFO     strategy        PnL: 13:56:37 MTM=354.25 Profit=0.05%
2026-07-21 13:56:38 INFO     strategy        PnL: 13:56:38 MTM=360.75 Profit=0.05%
2026-07-21 13:56:39 INFO     strategy        PnL: 13:56:39 MTM=357.50 Profit=0.05%
2026-07-21 13:56:40 INFO     strategy        PnL: 13:56:40 MTM=383.50 Profit=0.06%
2026-07-21 13:56:41 INFO     strategy        PnL: 13:56:41 MTM=383.50 Profit=0.06%
2026-07-21 13:56:42 INFO     strategy        PnL: 13:56:42 MTM=357.50 Profit=0.05%
2026-07-21 13:56:43 INFO     strategy        PnL: 13:56:43 MTM=364.00 Profit=0.05%
2026-07-21 13:56:44 INFO     strategy        PnL: 13:56:44 MTM=367.25 Profit=0.06%
2026-07-21 13:56:45 INFO     strategy        PnL: 13:56:45 MTM=360.75 Profit=0.05%
2026-07-21 13:56:46 INFO     strategy        PnL: 13:56:46 MTM=347.75 Profit=0.05%
2026-07-21 13:56:47 INFO     strategy        PnL: 13:56:47 MTM=354.25 Profit=0.05%
2026-07-21 13:56:48 INFO     strategy        PnL: 13:56:48 MTM=377.00 Profit=0.06%
2026-07-21 13:56:49 INFO     strategy        PnL: 13:56:49 MTM=341.25 Profit=0.05%
2026-07-21 13:56:50 INFO     strategy        PnL: 13:56:50 MTM=351.00 Profit=0.05%
2026-07-21 13:56:51 INFO     strategy        PnL: 13:56:51 MTM=360.75 Profit=0.05%
2026-07-21 13:56:52 INFO     strategy        PnL: 13:56:52 MTM=328.25 Profit=0.05%
2026-07-21 13:56:53 INFO     strategy        PnL: 13:56:53 MTM=341.25 Profit=0.05%
2026-07-21 13:56:54 INFO     strategy        PnL: 13:56:54 MTM=338.00 Profit=0.05%
2026-07-21 13:56:55 INFO     strategy        PnL: 13:56:55 MTM=325.00 Profit=0.05%
2026-07-21 13:56:56 INFO     strategy        PnL: 13:56:56 MTM=315.25 Profit=0.05%
2026-07-21 13:56:57 INFO     strategy        PnL: 13:56:57 MTM=305.50 Profit=0.05%
2026-07-21 13:56:58 INFO     strategy        PnL: 13:56:58 MTM=295.75 Profit=0.04%
2026-07-21 13:56:59 INFO     strategy        PnL: 13:56:59 MTM=331.50 Profit=0.05%
2026-07-21 13:57:00 INFO     strategy        PnL: 13:57:00 MTM=318.50 Profit=0.05%
2026-07-21 13:57:01 INFO     strategy        PnL: 13:57:01 MTM=318.50 Profit=0.05%
2026-07-21 13:57:02 INFO     strategy        PnL: 13:57:02 MTM=315.25 Profit=0.05%
2026-07-21 13:57:03 INFO     strategy        PnL: 13:57:03 MTM=318.50 Profit=0.05%
2026-07-21 13:57:04 INFO     strategy        PnL: 13:57:04 MTM=325.00 Profit=0.05%
2026-07-21 13:57:05 INFO     strategy        PnL: 13:57:05 MTM=338.00 Profit=0.05%
2026-07-21 13:57:06 INFO     strategy        PnL: 13:57:06 MTM=312.00 Profit=0.05%
2026-07-21 13:57:07 INFO     strategy        PnL: 13:57:07 MTM=318.50 Profit=0.05%
2026-07-21 13:57:08 INFO     strategy        PnL: 13:57:08 MTM=315.25 Profit=0.05%
2026-07-21 13:57:09 INFO     strategy        PnL: 13:57:09 MTM=292.50 Profit=0.04%
2026-07-21 13:57:10 INFO     strategy        PnL: 13:57:10 MTM=312.00 Profit=0.05%
2026-07-21 13:57:11 INFO     strategy        PnL: 13:57:11 MTM=302.25 Profit=0.05%
2026-07-21 13:57:12 INFO     strategy        PnL: 13:57:12 MTM=305.50 Profit=0.05%
2026-07-21 13:57:13 INFO     strategy        PnL: 13:57:13 MTM=282.75 Profit=0.04%
2026-07-21 13:57:14 INFO     strategy        PnL: 13:57:14 MTM=289.25 Profit=0.04%
2026-07-21 13:57:15 INFO     strategy        PnL: 13:57:15 MTM=325.00 Profit=0.05%
2026-07-21 13:57:16 INFO     strategy        PnL: 13:57:16 MTM=305.50 Profit=0.05%
2026-07-21 13:57:17 INFO     strategy        PnL: 13:57:17 MTM=318.50 Profit=0.05%
2026-07-21 13:57:18 INFO     strategy        PnL: 13:57:18 MTM=344.50 Profit=0.05%
2026-07-21 13:57:19 INFO     strategy        PnL: 13:57:19 MTM=302.25 Profit=0.05%
2026-07-21 13:57:20 INFO     strategy        PnL: 13:57:20 MTM=328.25 Profit=0.05%
2026-07-21 13:57:21 INFO     strategy        PnL: 13:57:21 MTM=308.75 Profit=0.05%
2026-07-21 13:57:22 INFO     strategy        PnL: 13:57:22 MTM=328.25 Profit=0.05%
2026-07-21 13:57:23 INFO     strategy        PnL: 13:57:23 MTM=334.75 Profit=0.05%
2026-07-21 13:57:24 INFO     strategy        PnL: 13:57:24 MTM=325.00 Profit=0.05%
2026-07-21 13:57:25 INFO     strategy        PnL: 13:57:25 MTM=341.25 Profit=0.05%
2026-07-21 13:57:26 INFO     strategy        PnL: 13:57:26 MTM=325.00 Profit=0.05%
2026-07-21 13:57:27 INFO     strategy        PnL: 13:57:27 MTM=321.75 Profit=0.05%
2026-07-21 13:57:28 INFO     strategy        PnL: 13:57:28 MTM=341.25 Profit=0.05%
2026-07-21 13:57:29 INFO     strategy        PnL: 13:57:29 MTM=341.25 Profit=0.05%
2026-07-21 13:57:30 INFO     strategy        PnL: 13:57:30 MTM=331.50 Profit=0.05%
2026-07-21 13:57:31 INFO     strategy        PnL: 13:57:31 MTM=315.25 Profit=0.05%
2026-07-21 13:57:32 INFO     strategy        PnL: 13:57:32 MTM=354.25 Profit=0.05%
2026-07-21 13:57:33 INFO     strategy        PnL: 13:57:33 MTM=315.25 Profit=0.05%
2026-07-21 13:57:34 INFO     strategy        PnL: 13:57:34 MTM=315.25 Profit=0.05%
2026-07-21 13:57:36 INFO     strategy        PnL: 13:57:36 MTM=334.75 Profit=0.05%
2026-07-21 13:57:37 INFO     strategy        PnL: 13:57:37 MTM=331.50 Profit=0.05%
2026-07-21 13:57:38 INFO     strategy        PnL: 13:57:38 MTM=344.50 Profit=0.05%
2026-07-21 13:57:39 INFO     strategy        PnL: 13:57:39 MTM=334.75 Profit=0.05%
2026-07-21 13:57:40 INFO     strategy        PnL: 13:57:40 MTM=305.50 Profit=0.05%
2026-07-21 13:57:41 INFO     strategy        PnL: 13:57:41 MTM=321.75 Profit=0.05%
2026-07-21 13:57:42 INFO     strategy        PnL: 13:57:42 MTM=334.75 Profit=0.05%
2026-07-21 13:57:43 INFO     strategy        PnL: 13:57:43 MTM=334.75 Profit=0.05%
2026-07-21 13:57:44 INFO     strategy        PnL: 13:57:44 MTM=328.25 Profit=0.05%
2026-07-21 13:57:45 INFO     strategy        PnL: 13:57:45 MTM=321.75 Profit=0.05%
2026-07-21 13:57:46 INFO     strategy        PnL: 13:57:46 MTM=331.50 Profit=0.05%
2026-07-21 13:57:47 INFO     strategy        PnL: 13:57:47 MTM=321.75 Profit=0.05%
2026-07-21 13:57:48 INFO     strategy        PnL: 13:57:48 MTM=334.75 Profit=0.05%
2026-07-21 13:57:49 INFO     strategy        PnL: 13:57:49 MTM=328.25 Profit=0.05%
2026-07-21 13:57:50 INFO     strategy        PnL: 13:57:50 MTM=328.25 Profit=0.05%
2026-07-21 13:57:51 INFO     strategy        PnL: 13:57:51 MTM=338.00 Profit=0.05%
2026-07-21 13:57:52 INFO     strategy        PnL: 13:57:52 MTM=318.50 Profit=0.05%
2026-07-21 13:57:53 INFO     strategy        PnL: 13:57:53 MTM=328.25 Profit=0.05%
2026-07-21 13:57:54 INFO     strategy        PnL: 13:57:54 MTM=344.50 Profit=0.05%
2026-07-21 13:57:55 INFO     strategy        PnL: 13:57:55 MTM=325.00 Profit=0.05%
2026-07-21 13:57:56 INFO     strategy        PnL: 13:57:56 MTM=315.25 Profit=0.05%
2026-07-21 13:57:57 INFO     strategy        PnL: 13:57:57 MTM=325.00 Profit=0.05%
2026-07-21 13:57:58 INFO     strategy        PnL: 13:57:58 MTM=331.50 Profit=0.05%
2026-07-21 13:57:59 INFO     strategy        PnL: 13:57:59 MTM=315.25 Profit=0.05%
2026-07-21 13:58:00 INFO     strategy        PnL: 13:58:00 MTM=312.00 Profit=0.05%
2026-07-21 13:58:01 INFO     strategy        PnL: 13:58:01 MTM=315.25 Profit=0.05%
2026-07-21 13:58:02 INFO     strategy        PnL: 13:58:02 MTM=341.25 Profit=0.05%
2026-07-21 13:58:03 INFO     strategy        PnL: 13:58:03 MTM=341.25 Profit=0.05%
2026-07-21 13:58:04 INFO     strategy        PnL: 13:58:04 MTM=325.00 Profit=0.05%
2026-07-21 13:58:05 INFO     strategy        PnL: 13:58:05 MTM=334.75 Profit=0.05%
2026-07-21 13:58:06 INFO     strategy        PnL: 13:58:06 MTM=347.75 Profit=0.05%
2026-07-21 13:58:07 INFO     strategy        PnL: 13:58:07 MTM=370.50 Profit=0.06%
2026-07-21 13:58:08 INFO     strategy        PnL: 13:58:08 MTM=390.00 Profit=0.06%
2026-07-21 13:58:09 INFO     strategy        PnL: 13:58:09 MTM=393.25 Profit=0.06%
2026-07-21 13:58:10 INFO     strategy        PnL: 13:58:10 MTM=386.75 Profit=0.06%
2026-07-21 13:58:11 INFO     strategy        PnL: 13:58:11 MTM=383.50 Profit=0.06%
2026-07-21 13:58:12 INFO     strategy        PnL: 13:58:12 MTM=354.25 Profit=0.05%
2026-07-21 13:58:13 INFO     strategy        PnL: 13:58:13 MTM=370.50 Profit=0.06%
2026-07-21 13:58:14 INFO     strategy        PnL: 13:58:14 MTM=390.00 Profit=0.06%
2026-07-21 13:58:15 INFO     strategy        PnL: 13:58:15 MTM=383.50 Profit=0.06%
2026-07-21 13:58:16 INFO     strategy        PnL: 13:58:16 MTM=377.00 Profit=0.06%
2026-07-21 13:58:17 INFO     strategy        PnL: 13:58:17 MTM=390.00 Profit=0.06%
2026-07-21 13:58:18 INFO     strategy        PnL: 13:58:18 MTM=377.00 Profit=0.06%
2026-07-21 13:58:19 INFO     strategy        PnL: 13:58:19 MTM=390.00 Profit=0.06%
2026-07-21 13:58:20 INFO     strategy        PnL: 13:58:20 MTM=390.00 Profit=0.06%
2026-07-21 13:58:21 INFO     strategy        PnL: 13:58:21 MTM=360.75 Profit=0.05%
2026-07-21 13:58:22 INFO     strategy        PnL: 13:58:22 MTM=373.75 Profit=0.06%
2026-07-21 13:58:23 INFO     strategy        PnL: 13:58:23 MTM=377.00 Profit=0.06%
2026-07-21 13:58:24 INFO     strategy        PnL: 13:58:24 MTM=383.50 Profit=0.06%
2026-07-21 13:58:25 INFO     strategy        PnL: 13:58:25 MTM=373.75 Profit=0.06%
2026-07-21 13:58:26 INFO     strategy        PnL: 13:58:26 MTM=360.75 Profit=0.05%
2026-07-21 13:58:27 INFO     strategy        PnL: 13:58:27 MTM=367.25 Profit=0.06%
2026-07-21 13:58:28 INFO     strategy        PnL: 13:58:28 MTM=367.25 Profit=0.06%
2026-07-21 13:58:29 INFO     strategy        PnL: 13:58:29 MTM=367.25 Profit=0.06%
2026-07-21 13:58:30 INFO     strategy        PnL: 13:58:30 MTM=338.00 Profit=0.05%
2026-07-21 13:58:31 INFO     strategy        PnL: 13:58:31 MTM=341.25 Profit=0.05%
2026-07-21 13:58:32 INFO     strategy        PnL: 13:58:32 MTM=338.00 Profit=0.05%
2026-07-21 13:58:33 INFO     strategy        PnL: 13:58:33 MTM=347.75 Profit=0.05%
2026-07-21 13:58:34 INFO     strategy        PnL: 13:58:34 MTM=334.75 Profit=0.05%
2026-07-21 13:58:35 INFO     strategy        PnL: 13:58:35 MTM=331.50 Profit=0.05%
2026-07-21 13:58:36 INFO     strategy        PnL: 13:58:36 MTM=321.75 Profit=0.05%
2026-07-21 13:58:37 INFO     strategy        PnL: 13:58:37 MTM=344.50 Profit=0.05%
2026-07-21 13:58:38 INFO     strategy        PnL: 13:58:38 MTM=347.75 Profit=0.05%
2026-07-21 13:58:39 INFO     strategy        PnL: 13:58:39 MTM=334.75 Profit=0.05%
2026-07-21 13:58:40 INFO     strategy        PnL: 13:58:40 MTM=341.25 Profit=0.05%
2026-07-21 13:58:41 INFO     strategy        PnL: 13:58:41 MTM=321.75 Profit=0.05%
2026-07-21 13:58:42 INFO     strategy        PnL: 13:58:42 MTM=305.50 Profit=0.05%
2026-07-21 13:58:43 INFO     strategy        PnL: 13:58:43 MTM=312.00 Profit=0.05%
2026-07-21 13:58:44 INFO     strategy        PnL: 13:58:44 MTM=315.25 Profit=0.05%
2026-07-21 13:58:45 INFO     strategy        PnL: 13:58:45 MTM=302.25 Profit=0.05%
2026-07-21 13:58:46 INFO     strategy        PnL: 13:58:46 MTM=305.50 Profit=0.05%
2026-07-21 13:58:47 INFO     strategy        PnL: 13:58:47 MTM=305.50 Profit=0.05%
2026-07-21 13:58:48 INFO     strategy        PnL: 13:58:48 MTM=302.25 Profit=0.05%
2026-07-21 13:58:49 INFO     strategy        PnL: 13:58:49 MTM=299.00 Profit=0.04%
2026-07-21 13:58:50 INFO     strategy        PnL: 13:58:50 MTM=302.25 Profit=0.05%
2026-07-21 13:58:51 INFO     strategy        PnL: 13:58:51 MTM=321.75 Profit=0.05%
2026-07-21 13:58:52 INFO     strategy        PnL: 13:58:52 MTM=321.75 Profit=0.05%
2026-07-21 13:58:53 INFO     strategy        PnL: 13:58:53 MTM=299.00 Profit=0.04%
2026-07-21 13:58:54 INFO     strategy        PnL: 13:58:54 MTM=289.25 Profit=0.04%
2026-07-21 13:58:55 INFO     strategy        PnL: 13:58:55 MTM=299.00 Profit=0.04%
2026-07-21 13:58:56 INFO     strategy        PnL: 13:58:56 MTM=305.50 Profit=0.05%
2026-07-21 13:58:57 INFO     strategy        PnL: 13:58:57 MTM=312.00 Profit=0.05%
2026-07-21 13:58:58 INFO     strategy        PnL: 13:58:58 MTM=289.25 Profit=0.04%
2026-07-21 13:58:59 INFO     strategy        PnL: 13:58:59 MTM=305.50 Profit=0.05%
2026-07-21 13:59:00 INFO     strategy        PnL: 13:59:00 MTM=289.25 Profit=0.04%
2026-07-21 13:59:01 INFO     strategy        PnL: 13:59:01 MTM=289.25 Profit=0.04%
2026-07-21 13:59:02 INFO     strategy        PnL: 13:59:02 MTM=273.00 Profit=0.04%
2026-07-21 13:59:03 INFO     strategy        PnL: 13:59:03 MTM=279.50 Profit=0.04%
2026-07-21 13:59:04 INFO     strategy        PnL: 13:59:04 MTM=269.75 Profit=0.04%
2026-07-21 13:59:05 INFO     strategy        PnL: 13:59:05 MTM=256.75 Profit=0.04%
2026-07-21 13:59:06 INFO     strategy        PnL: 13:59:06 MTM=256.75 Profit=0.04%
2026-07-21 13:59:07 INFO     strategy        PnL: 13:59:07 MTM=256.75 Profit=0.04%
2026-07-21 13:59:08 INFO     strategy        PnL: 13:59:08 MTM=266.50 Profit=0.04%
2026-07-21 13:59:09 INFO     strategy        PnL: 13:59:09 MTM=276.25 Profit=0.04%
2026-07-21 13:59:10 INFO     strategy        PnL: 13:59:10 MTM=305.50 Profit=0.05%
2026-07-21 13:59:11 INFO     strategy        PnL: 13:59:11 MTM=292.50 Profit=0.04%
2026-07-21 13:59:12 INFO     strategy        PnL: 13:59:12 MTM=276.25 Profit=0.04%
2026-07-21 13:59:13 INFO     strategy        PnL: 13:59:13 MTM=279.50 Profit=0.04%
2026-07-21 13:59:14 INFO     strategy        PnL: 13:59:14 MTM=292.50 Profit=0.04%
2026-07-21 13:59:15 INFO     strategy        PnL: 13:59:15 MTM=273.00 Profit=0.04%
2026-07-21 13:59:16 INFO     strategy        PnL: 13:59:16 MTM=276.25 Profit=0.04%
2026-07-21 13:59:17 INFO     strategy        PnL: 13:59:17 MTM=263.25 Profit=0.04%
2026-07-21 13:59:18 INFO     strategy        PnL: 13:59:18 MTM=276.25 Profit=0.04%
2026-07-21 13:59:19 INFO     strategy        PnL: 13:59:19 MTM=289.25 Profit=0.04%
2026-07-21 13:59:20 INFO     strategy        PnL: 13:59:20 MTM=289.25 Profit=0.04%
2026-07-21 13:59:21 INFO     strategy        PnL: 13:59:21 MTM=282.75 Profit=0.04%
2026-07-21 13:59:22 INFO     strategy        PnL: 13:59:22 MTM=269.75 Profit=0.04%
2026-07-21 13:59:23 INFO     strategy        PnL: 13:59:23 MTM=282.75 Profit=0.04%
2026-07-21 13:59:24 INFO     strategy        PnL: 13:59:24 MTM=263.25 Profit=0.04%
2026-07-21 13:59:25 INFO     strategy        PnL: 13:59:25 MTM=256.75 Profit=0.04%
2026-07-21 13:59:27 INFO     strategy        PnL: 13:59:27 MTM=263.25 Profit=0.04%
2026-07-21 13:59:28 INFO     strategy        PnL: 13:59:28 MTM=266.50 Profit=0.04%
2026-07-21 13:59:29 INFO     strategy        PnL: 13:59:29 MTM=273.00 Profit=0.04%
2026-07-21 13:59:30 INFO     strategy        PnL: 13:59:30 MTM=269.75 Profit=0.04%
2026-07-21 13:59:31 INFO     strategy        PnL: 13:59:31 MTM=256.75 Profit=0.04%
2026-07-21 13:59:32 INFO     strategy        PnL: 13:59:32 MTM=286.00 Profit=0.04%
2026-07-21 13:59:33 INFO     strategy        PnL: 13:59:33 MTM=305.50 Profit=0.05%
2026-07-21 13:59:34 INFO     strategy        PnL: 13:59:34 MTM=286.00 Profit=0.04%
2026-07-21 13:59:35 INFO     strategy        PnL: 13:59:35 MTM=289.25 Profit=0.04%
2026-07-21 13:59:36 INFO     strategy        PnL: 13:59:36 MTM=292.50 Profit=0.04%
2026-07-21 13:59:37 INFO     strategy        PnL: 13:59:37 MTM=276.25 Profit=0.04%
2026-07-21 13:59:38 INFO     strategy        PnL: 13:59:38 MTM=282.75 Profit=0.04%
2026-07-21 13:59:39 INFO     strategy        PnL: 13:59:39 MTM=282.75 Profit=0.04%
2026-07-21 13:59:40 INFO     strategy        PnL: 13:59:40 MTM=276.25 Profit=0.04%
2026-07-21 13:59:41 INFO     strategy        PnL: 13:59:41 MTM=263.25 Profit=0.04%
2026-07-21 13:59:42 INFO     strategy        PnL: 13:59:42 MTM=279.50 Profit=0.04%
2026-07-21 13:59:43 INFO     strategy        PnL: 13:59:43 MTM=273.00 Profit=0.04%
2026-07-21 13:59:44 INFO     strategy        PnL: 13:59:44 MTM=273.00 Profit=0.04%
2026-07-21 13:59:45 INFO     strategy        PnL: 13:59:45 MTM=286.00 Profit=0.04%
2026-07-21 13:59:46 INFO     strategy        PnL: 13:59:46 MTM=256.75 Profit=0.04%
2026-07-21 13:59:47 INFO     strategy        PnL: 13:59:47 MTM=273.00 Profit=0.04%
2026-07-21 13:59:48 INFO     strategy        PnL: 13:59:48 MTM=295.75 Profit=0.04%
2026-07-21 13:59:49 INFO     strategy        PnL: 13:59:49 MTM=295.75 Profit=0.04%
2026-07-21 13:59:50 INFO     strategy        PnL: 13:59:50 MTM=279.50 Profit=0.04%
2026-07-21 13:59:51 INFO     strategy        PnL: 13:59:51 MTM=282.75 Profit=0.04%
2026-07-21 13:59:52 INFO     strategy        PnL: 13:59:52 MTM=279.50 Profit=0.04%
2026-07-21 13:59:53 INFO     strategy        PnL: 13:59:53 MTM=279.50 Profit=0.04%
2026-07-21 13:59:54 INFO     strategy        PnL: 13:59:54 MTM=302.25 Profit=0.05%
2026-07-21 13:59:55 INFO     strategy        PnL: 13:59:55 MTM=295.75 Profit=0.04%
2026-07-21 13:59:56 INFO     strategy        PnL: 13:59:56 MTM=292.50 Profit=0.04%
2026-07-21 13:59:57 INFO     strategy        PnL: 13:59:57 MTM=305.50 Profit=0.05%
2026-07-21 13:59:58 INFO     strategy        PnL: 13:59:58 MTM=305.50 Profit=0.05%
2026-07-21 13:59:59 INFO     strategy        PnL: 13:59:59 MTM=299.00 Profit=0.04%
2026-07-21 14:00:00 INFO     strategy        PnL: 14:00:00 MTM=295.75 Profit=0.04%
2026-07-21 14:00:01 INFO     strategy        PnL: 14:00:01 MTM=286.00 Profit=0.04%
2026-07-21 14:00:02 INFO     strategy        PnL: 14:00:02 MTM=295.75 Profit=0.04%
2026-07-21 14:00:03 INFO     strategy        PnL: 14:00:03 MTM=295.75 Profit=0.04%
2026-07-21 14:00:04 INFO     strategy        PnL: 14:00:04 MTM=273.00 Profit=0.04%
2026-07-21 14:00:05 INFO     strategy        PnL: 14:00:05 MTM=282.75 Profit=0.04%
2026-07-21 14:00:06 INFO     strategy        PnL: 14:00:06 MTM=305.50 Profit=0.05%
2026-07-21 14:00:07 INFO     strategy        PnL: 14:00:07 MTM=282.75 Profit=0.04%
2026-07-21 14:00:08 INFO     strategy        PnL: 14:00:08 MTM=276.25 Profit=0.04%
2026-07-21 14:00:09 INFO     strategy        PnL: 14:00:09 MTM=276.25 Profit=0.04%
2026-07-21 14:00:10 INFO     strategy        PnL: 14:00:10 MTM=286.00 Profit=0.04%
2026-07-21 14:00:11 INFO     strategy        PnL: 14:00:11 MTM=308.75 Profit=0.05%
2026-07-21 14:00:12 INFO     strategy        PnL: 14:00:12 MTM=273.00 Profit=0.04%
2026-07-21 14:00:13 INFO     strategy        PnL: 14:00:13 MTM=292.50 Profit=0.04%
2026-07-21 14:00:14 INFO     strategy        PnL: 14:00:14 MTM=282.75 Profit=0.04%
2026-07-21 14:00:15 INFO     strategy        PnL: 14:00:15 MTM=299.00 Profit=0.04%
2026-07-21 14:00:16 INFO     strategy        PnL: 14:00:16 MTM=282.75 Profit=0.04%
2026-07-21 14:00:17 INFO     strategy        PnL: 14:00:17 MTM=292.50 Profit=0.04%
2026-07-21 14:00:18 INFO     strategy        PnL: 14:00:18 MTM=282.75 Profit=0.04%
2026-07-21 14:00:19 INFO     strategy        PnL: 14:00:19 MTM=305.50 Profit=0.05%
2026-07-21 14:00:20 INFO     strategy        PnL: 14:00:20 MTM=312.00 Profit=0.05%
2026-07-21 14:00:21 INFO     strategy        PnL: 14:00:21 MTM=305.50 Profit=0.05%
2026-07-21 14:00:22 INFO     strategy        PnL: 14:00:22 MTM=302.25 Profit=0.05%
2026-07-21 14:00:23 INFO     strategy        PnL: 14:00:23 MTM=312.00 Profit=0.05%
2026-07-21 14:00:24 INFO     strategy        PnL: 14:00:24 MTM=312.00 Profit=0.05%
2026-07-21 14:00:25 INFO     strategy        PnL: 14:00:25 MTM=295.75 Profit=0.04%
2026-07-21 14:00:26 INFO     strategy        PnL: 14:00:26 MTM=325.00 Profit=0.05%
2026-07-21 14:00:27 INFO     strategy        PnL: 14:00:27 MTM=299.00 Profit=0.04%
2026-07-21 14:00:28 INFO     strategy        PnL: 14:00:28 MTM=315.25 Profit=0.05%
2026-07-21 14:00:29 INFO     strategy        PnL: 14:00:29 MTM=302.25 Profit=0.05%
2026-07-21 14:00:30 INFO     strategy        PnL: 14:00:30 MTM=302.25 Profit=0.05%
2026-07-21 14:00:31 INFO     strategy        PnL: 14:00:31 MTM=286.00 Profit=0.04%
2026-07-21 14:00:32 INFO     strategy        PnL: 14:00:32 MTM=299.00 Profit=0.04%
2026-07-21 14:00:33 INFO     strategy        PnL: 14:00:33 MTM=308.75 Profit=0.05%
2026-07-21 14:00:34 INFO     strategy        PnL: 14:00:34 MTM=289.25 Profit=0.04%
2026-07-21 14:00:35 INFO     strategy        PnL: 14:00:35 MTM=325.00 Profit=0.05%
2026-07-21 14:00:36 INFO     strategy        PnL: 14:00:36 MTM=318.50 Profit=0.05%
2026-07-21 14:00:37 INFO     strategy        PnL: 14:00:37 MTM=321.75 Profit=0.05%
2026-07-21 14:00:38 INFO     strategy        PnL: 14:00:38 MTM=318.50 Profit=0.05%
2026-07-21 14:00:39 INFO     strategy        PnL: 14:00:39 MTM=328.25 Profit=0.05%
2026-07-21 14:00:40 INFO     strategy        PnL: 14:00:40 MTM=334.75 Profit=0.05%
2026-07-21 14:00:41 INFO     strategy        PnL: 14:00:41 MTM=341.25 Profit=0.05%
2026-07-21 14:00:42 INFO     strategy        PnL: 14:00:42 MTM=357.50 Profit=0.05%
2026-07-21 14:00:43 INFO     strategy        PnL: 14:00:43 MTM=344.50 Profit=0.05%
2026-07-21 14:00:44 INFO     strategy        PnL: 14:00:44 MTM=357.50 Profit=0.05%
2026-07-21 14:00:45 INFO     strategy        PnL: 14:00:45 MTM=364.00 Profit=0.05%
2026-07-21 14:00:46 INFO     strategy        PnL: 14:00:46 MTM=341.25 Profit=0.05%
2026-07-21 14:00:47 INFO     strategy        PnL: 14:00:47 MTM=344.50 Profit=0.05%
2026-07-21 14:00:48 INFO     strategy        PnL: 14:00:48 MTM=357.50 Profit=0.05%
2026-07-21 14:00:49 INFO     strategy        PnL: 14:00:49 MTM=373.75 Profit=0.06%
2026-07-21 14:00:50 INFO     strategy        PnL: 14:00:50 MTM=360.75 Profit=0.05%
2026-07-21 14:00:51 INFO     strategy        PnL: 14:00:51 MTM=351.00 Profit=0.05%
2026-07-21 14:00:52 INFO     strategy        PnL: 14:00:52 MTM=354.25 Profit=0.05%
2026-07-21 14:00:53 INFO     strategy        PnL: 14:00:53 MTM=370.50 Profit=0.06%
2026-07-21 14:00:54 INFO     strategy        PnL: 14:00:54 MTM=380.25 Profit=0.06%
2026-07-21 14:00:55 INFO     strategy        PnL: 14:00:55 MTM=341.25 Profit=0.05%
2026-07-21 14:00:56 INFO     strategy        PnL: 14:00:56 MTM=367.25 Profit=0.06%
2026-07-21 14:00:57 INFO     strategy        PnL: 14:00:57 MTM=367.25 Profit=0.06%
2026-07-21 14:00:58 INFO     strategy        PnL: 14:00:58 MTM=360.75 Profit=0.05%
2026-07-21 14:00:59 INFO     strategy        PnL: 14:00:59 MTM=344.50 Profit=0.05%
2026-07-21 14:01:00 INFO     strategy        PnL: 14:01:00 MTM=312.00 Profit=0.05%
2026-07-21 14:01:01 INFO     strategy        PnL: 14:01:01 MTM=273.00 Profit=0.04%
2026-07-21 14:01:02 INFO     strategy        PnL: 14:01:02 MTM=299.00 Profit=0.04%
2026-07-21 14:01:03 INFO     strategy        PnL: 14:01:03 MTM=321.75 Profit=0.05%
2026-07-21 14:01:04 INFO     strategy        PnL: 14:01:04 MTM=302.25 Profit=0.05%
2026-07-21 14:01:05 INFO     strategy        PnL: 14:01:05 MTM=305.50 Profit=0.05%
2026-07-21 14:01:07 INFO     strategy        PnL: 14:01:07 MTM=292.50 Profit=0.04%
2026-07-21 14:01:08 INFO     strategy        PnL: 14:01:08 MTM=292.50 Profit=0.04%
2026-07-21 14:01:09 INFO     strategy        PnL: 14:01:09 MTM=308.75 Profit=0.05%
2026-07-21 14:01:10 INFO     strategy        PnL: 14:01:10 MTM=328.25 Profit=0.05%
2026-07-21 14:01:11 INFO     strategy        PnL: 14:01:11 MTM=341.25 Profit=0.05%
2026-07-21 14:01:12 INFO     strategy        PnL: 14:01:12 MTM=344.50 Profit=0.05%
2026-07-21 14:01:13 INFO     strategy        PnL: 14:01:13 MTM=338.00 Profit=0.05%
2026-07-21 14:01:14 INFO     strategy        PnL: 14:01:14 MTM=357.50 Profit=0.05%
2026-07-21 14:01:15 INFO     strategy        PnL: 14:01:15 MTM=380.25 Profit=0.06%
2026-07-21 14:01:16 INFO     strategy        PnL: 14:01:16 MTM=354.25 Profit=0.05%
2026-07-21 14:01:17 INFO     strategy        PnL: 14:01:17 MTM=373.75 Profit=0.06%
2026-07-21 14:01:18 INFO     strategy        PnL: 14:01:18 MTM=360.75 Profit=0.05%
2026-07-21 14:01:19 INFO     strategy        PnL: 14:01:19 MTM=351.00 Profit=0.05%
2026-07-21 14:01:20 INFO     strategy        PnL: 14:01:20 MTM=331.50 Profit=0.05%
2026-07-21 14:01:21 INFO     strategy        PnL: 14:01:21 MTM=380.25 Profit=0.06%
2026-07-21 14:01:22 INFO     strategy        PnL: 14:01:22 MTM=373.75 Profit=0.06%
2026-07-21 14:01:23 INFO     strategy        PnL: 14:01:23 MTM=370.50 Profit=0.06%
2026-07-21 14:01:24 INFO     strategy        PnL: 14:01:24 MTM=373.75 Profit=0.06%
2026-07-21 14:01:25 INFO     strategy        PnL: 14:01:25 MTM=367.25 Profit=0.06%
2026-07-21 14:01:26 INFO     strategy        PnL: 14:01:26 MTM=386.75 Profit=0.06%
2026-07-21 14:01:27 INFO     strategy        PnL: 14:01:27 MTM=373.75 Profit=0.06%
2026-07-21 14:01:28 INFO     strategy        PnL: 14:01:28 MTM=354.25 Profit=0.05%
2026-07-21 14:01:29 INFO     strategy        PnL: 14:01:29 MTM=357.50 Profit=0.05%
2026-07-21 14:01:30 INFO     strategy        PnL: 14:01:30 MTM=334.75 Profit=0.05%
2026-07-21 14:01:31 INFO     strategy        PnL: 14:01:31 MTM=331.50 Profit=0.05%
2026-07-21 14:01:32 INFO     strategy        PnL: 14:01:32 MTM=331.50 Profit=0.05%
2026-07-21 14:01:33 INFO     strategy        PnL: 14:01:33 MTM=334.75 Profit=0.05%
2026-07-21 14:01:34 INFO     strategy        PnL: 14:01:34 MTM=315.25 Profit=0.05%
2026-07-21 14:01:35 INFO     strategy        PnL: 14:01:35 MTM=328.25 Profit=0.05%
2026-07-21 14:01:36 INFO     strategy        PnL: 14:01:36 MTM=331.50 Profit=0.05%
2026-07-21 14:01:37 INFO     strategy        PnL: 14:01:37 MTM=325.00 Profit=0.05%
2026-07-21 14:01:38 INFO     strategy        PnL: 14:01:38 MTM=344.50 Profit=0.05%
2026-07-21 14:01:39 INFO     strategy        PnL: 14:01:39 MTM=334.75 Profit=0.05%
2026-07-21 14:01:40 INFO     strategy        PnL: 14:01:40 MTM=305.50 Profit=0.05%
2026-07-21 14:01:41 INFO     strategy        PnL: 14:01:41 MTM=305.50 Profit=0.05%
2026-07-21 14:01:42 INFO     strategy        PnL: 14:01:42 MTM=312.00 Profit=0.05%
2026-07-21 14:01:43 INFO     strategy        PnL: 14:01:43 MTM=295.75 Profit=0.04%
2026-07-21 14:01:44 INFO     strategy        PnL: 14:01:44 MTM=302.25 Profit=0.05%
2026-07-21 14:01:45 INFO     strategy        PnL: 14:01:45 MTM=295.75 Profit=0.04%
2026-07-21 14:01:46 INFO     strategy        PnL: 14:01:46 MTM=302.25 Profit=0.05%
2026-07-21 14:01:47 INFO     strategy        PnL: 14:01:47 MTM=295.75 Profit=0.04%
2026-07-21 14:01:48 INFO     strategy        PnL: 14:01:48 MTM=282.75 Profit=0.04%
2026-07-21 14:01:49 INFO     strategy        PnL: 14:01:49 MTM=266.50 Profit=0.04%
2026-07-21 14:01:50 INFO     strategy        PnL: 14:01:50 MTM=269.75 Profit=0.04%
2026-07-21 14:01:51 INFO     strategy        PnL: 14:01:51 MTM=263.25 Profit=0.04%
2026-07-21 14:01:52 INFO     strategy        PnL: 14:01:52 MTM=315.25 Profit=0.05%
2026-07-21 14:01:53 INFO     strategy        PnL: 14:01:53 MTM=312.00 Profit=0.05%
2026-07-21 14:01:54 INFO     strategy        PnL: 14:01:54 MTM=315.25 Profit=0.05%
2026-07-21 14:01:55 INFO     strategy        PnL: 14:01:55 MTM=269.75 Profit=0.04%
2026-07-21 14:01:56 INFO     strategy        PnL: 14:01:56 MTM=282.75 Profit=0.04%
2026-07-21 14:01:57 INFO     strategy        PnL: 14:01:57 MTM=269.75 Profit=0.04%
2026-07-21 14:01:58 INFO     strategy        PnL: 14:01:58 MTM=263.25 Profit=0.04%
2026-07-21 14:01:59 INFO     strategy        PnL: 14:01:59 MTM=269.75 Profit=0.04%
2026-07-21 14:02:00 INFO     strategy        PnL: 14:02:00 MTM=286.00 Profit=0.04%
2026-07-21 14:02:01 INFO     strategy        PnL: 14:02:01 MTM=269.75 Profit=0.04%
2026-07-21 14:02:02 INFO     strategy        PnL: 14:02:02 MTM=273.00 Profit=0.04%
2026-07-21 14:02:03 INFO     strategy        PnL: 14:02:03 MTM=256.75 Profit=0.04%
2026-07-21 14:02:04 INFO     strategy        PnL: 14:02:04 MTM=253.50 Profit=0.04%
2026-07-21 14:02:05 INFO     strategy        PnL: 14:02:05 MTM=260.00 Profit=0.04%
2026-07-21 14:02:06 INFO     strategy        PnL: 14:02:06 MTM=263.25 Profit=0.04%
2026-07-21 14:02:07 INFO     strategy        PnL: 14:02:07 MTM=240.50 Profit=0.04%
2026-07-21 14:02:08 INFO     strategy        PnL: 14:02:08 MTM=243.75 Profit=0.04%
2026-07-21 14:02:09 INFO     strategy        PnL: 14:02:09 MTM=256.75 Profit=0.04%
2026-07-21 14:02:10 INFO     strategy        PnL: 14:02:10 MTM=269.75 Profit=0.04%
2026-07-21 14:02:11 INFO     strategy        PnL: 14:02:11 MTM=295.75 Profit=0.04%
2026-07-21 14:02:12 INFO     strategy        PnL: 14:02:12 MTM=276.25 Profit=0.04%
2026-07-21 14:02:13 INFO     strategy        PnL: 14:02:13 MTM=295.75 Profit=0.04%
2026-07-21 14:02:14 INFO     strategy        PnL: 14:02:14 MTM=308.75 Profit=0.05%
2026-07-21 14:02:15 INFO     strategy        PnL: 14:02:15 MTM=315.25 Profit=0.05%
2026-07-21 14:02:16 INFO     strategy        PnL: 14:02:16 MTM=295.75 Profit=0.04%
2026-07-21 14:02:17 INFO     strategy        PnL: 14:02:17 MTM=325.00 Profit=0.05%
2026-07-21 14:02:18 INFO     strategy        PnL: 14:02:18 MTM=325.00 Profit=0.05%
2026-07-21 14:02:19 INFO     strategy        PnL: 14:02:19 MTM=321.75 Profit=0.05%
2026-07-21 14:02:20 INFO     strategy        PnL: 14:02:20 MTM=312.00 Profit=0.05%
2026-07-21 14:02:21 INFO     strategy        PnL: 14:02:21 MTM=315.25 Profit=0.05%
2026-07-21 14:02:22 INFO     strategy        PnL: 14:02:22 MTM=318.50 Profit=0.05%
2026-07-21 14:02:23 INFO     strategy        PnL: 14:02:23 MTM=315.25 Profit=0.05%
2026-07-21 14:02:24 INFO     strategy        PnL: 14:02:24 MTM=305.50 Profit=0.05%
2026-07-21 14:02:25 INFO     strategy        PnL: 14:02:25 MTM=308.75 Profit=0.05%
2026-07-21 14:02:26 INFO     strategy        PnL: 14:02:26 MTM=302.25 Profit=0.05%
2026-07-21 14:02:27 INFO     strategy        PnL: 14:02:27 MTM=308.75 Profit=0.05%
2026-07-21 14:02:28 INFO     strategy        PnL: 14:02:28 MTM=318.50 Profit=0.05%
2026-07-21 14:02:29 INFO     strategy        PnL: 14:02:29 MTM=325.00 Profit=0.05%
2026-07-21 14:02:30 INFO     strategy        PnL: 14:02:30 MTM=321.75 Profit=0.05%
2026-07-21 14:02:31 INFO     strategy        PnL: 14:02:31 MTM=312.00 Profit=0.05%
2026-07-21 14:02:32 INFO     strategy        PnL: 14:02:32 MTM=321.75 Profit=0.05%
2026-07-21 14:02:33 INFO     strategy        PnL: 14:02:33 MTM=308.75 Profit=0.05%
2026-07-21 14:02:34 INFO     strategy        PnL: 14:02:34 MTM=328.25 Profit=0.05%
2026-07-21 14:02:35 INFO     strategy        PnL: 14:02:35 MTM=331.50 Profit=0.05%
2026-07-21 14:02:36 INFO     strategy        PnL: 14:02:36 MTM=338.00 Profit=0.05%
2026-07-21 14:02:37 INFO     strategy        PnL: 14:02:37 MTM=325.00 Profit=0.05%
2026-07-21 14:02:38 INFO     strategy        PnL: 14:02:38 MTM=321.75 Profit=0.05%
2026-07-21 14:02:39 INFO     strategy        PnL: 14:02:39 MTM=338.00 Profit=0.05%
2026-07-21 14:02:40 INFO     strategy        PnL: 14:02:40 MTM=354.25 Profit=0.05%
2026-07-21 14:02:41 INFO     strategy        PnL: 14:02:41 MTM=344.50 Profit=0.05%
2026-07-21 14:02:42 INFO     strategy        PnL: 14:02:42 MTM=341.25 Profit=0.05%
2026-07-21 14:02:43 INFO     strategy        PnL: 14:02:43 MTM=351.00 Profit=0.05%
2026-07-21 14:02:44 INFO     strategy        PnL: 14:02:44 MTM=325.00 Profit=0.05%
2026-07-21 14:02:45 INFO     strategy        PnL: 14:02:45 MTM=344.50 Profit=0.05%
2026-07-21 14:02:47 INFO     strategy        PnL: 14:02:47 MTM=354.25 Profit=0.05%
2026-07-21 14:02:48 INFO     strategy        PnL: 14:02:48 MTM=360.75 Profit=0.05%
2026-07-21 14:02:49 INFO     strategy        PnL: 14:02:49 MTM=351.00 Profit=0.05%
2026-07-21 14:02:50 INFO     strategy        PnL: 14:02:50 MTM=360.75 Profit=0.05%
2026-07-21 14:02:51 INFO     strategy        PnL: 14:02:51 MTM=377.00 Profit=0.06%
2026-07-21 14:02:52 INFO     strategy        PnL: 14:02:52 MTM=360.75 Profit=0.05%
2026-07-21 14:02:53 INFO     strategy        PnL: 14:02:53 MTM=377.00 Profit=0.06%
2026-07-21 14:02:54 INFO     strategy        PnL: 14:02:54 MTM=390.00 Profit=0.06%
2026-07-21 14:02:55 INFO     strategy        PnL: 14:02:55 MTM=390.00 Profit=0.06%
2026-07-21 14:02:56 INFO     strategy        PnL: 14:02:56 MTM=380.25 Profit=0.06%
2026-07-21 14:02:57 INFO     strategy        PnL: 14:02:57 MTM=380.25 Profit=0.06%
2026-07-21 14:02:58 INFO     strategy        PnL: 14:02:58 MTM=380.25 Profit=0.06%
2026-07-21 14:02:59 INFO     strategy        PnL: 14:02:59 MTM=406.25 Profit=0.06%
2026-07-21 14:03:00 INFO     strategy        PnL: 14:03:00 MTM=377.00 Profit=0.06%
2026-07-21 14:03:01 INFO     strategy        PnL: 14:03:01 MTM=377.00 Profit=0.06%
2026-07-21 14:03:02 INFO     strategy        PnL: 14:03:02 MTM=360.75 Profit=0.05%
2026-07-21 14:03:03 INFO     strategy        PnL: 14:03:03 MTM=393.25 Profit=0.06%
2026-07-21 14:03:04 INFO     strategy        PnL: 14:03:04 MTM=422.50 Profit=0.06%
2026-07-21 14:03:05 INFO     strategy        PnL: 14:03:05 MTM=399.75 Profit=0.06%
2026-07-21 14:03:06 INFO     strategy        PnL: 14:03:06 MTM=422.50 Profit=0.06%
2026-07-21 14:03:07 INFO     strategy        PnL: 14:03:07 MTM=406.25 Profit=0.06%
2026-07-21 14:03:08 INFO     strategy        PnL: 14:03:08 MTM=422.50 Profit=0.06%
2026-07-21 14:03:09 INFO     strategy        PnL: 14:03:09 MTM=461.50 Profit=0.07%
2026-07-21 14:03:10 INFO     strategy        PnL: 14:03:10 MTM=432.25 Profit=0.07%
2026-07-21 14:03:11 INFO     strategy        PnL: 14:03:11 MTM=429.00 Profit=0.06%
2026-07-21 14:03:12 INFO     strategy        PnL: 14:03:12 MTM=393.25 Profit=0.06%
2026-07-21 14:03:13 INFO     strategy        PnL: 14:03:13 MTM=432.25 Profit=0.07%
2026-07-21 14:03:14 INFO     strategy        PnL: 14:03:14 MTM=386.75 Profit=0.06%
2026-07-21 14:03:15 INFO     strategy        PnL: 14:03:15 MTM=390.00 Profit=0.06%
2026-07-21 14:03:16 INFO     strategy        PnL: 14:03:16 MTM=406.25 Profit=0.06%
2026-07-21 14:03:17 INFO     strategy        PnL: 14:03:17 MTM=429.00 Profit=0.06%
2026-07-21 14:03:18 INFO     strategy        PnL: 14:03:18 MTM=390.00 Profit=0.06%
2026-07-21 14:03:19 INFO     strategy        PnL: 14:03:19 MTM=354.25 Profit=0.05%
2026-07-21 14:03:20 INFO     strategy        PnL: 14:03:20 MTM=390.00 Profit=0.06%
2026-07-21 14:03:21 INFO     strategy        PnL: 14:03:21 MTM=347.75 Profit=0.05%
2026-07-21 14:03:22 INFO     strategy        PnL: 14:03:22 MTM=373.75 Profit=0.06%
2026-07-21 14:03:23 INFO     strategy        PnL: 14:03:23 MTM=364.00 Profit=0.05%
2026-07-21 14:03:24 INFO     strategy        PnL: 14:03:24 MTM=373.75 Profit=0.06%
2026-07-21 14:03:25 INFO     strategy        PnL: 14:03:25 MTM=370.50 Profit=0.06%
2026-07-21 14:03:26 INFO     strategy        PnL: 14:03:26 MTM=399.75 Profit=0.06%
2026-07-21 14:03:27 INFO     strategy        PnL: 14:03:27 MTM=422.50 Profit=0.06%
2026-07-21 14:03:28 INFO     strategy        PnL: 14:03:28 MTM=412.75 Profit=0.06%
2026-07-21 14:03:29 INFO     strategy        PnL: 14:03:29 MTM=409.50 Profit=0.06%
2026-07-21 14:03:30 INFO     strategy        PnL: 14:03:30 MTM=390.00 Profit=0.06%
2026-07-21 14:03:31 INFO     strategy        PnL: 14:03:31 MTM=396.50 Profit=0.06%
2026-07-21 14:03:32 INFO     strategy        PnL: 14:03:32 MTM=386.75 Profit=0.06%
2026-07-21 14:03:33 INFO     strategy        PnL: 14:03:33 MTM=386.75 Profit=0.06%
2026-07-21 14:03:34 INFO     strategy        PnL: 14:03:34 MTM=422.50 Profit=0.06%
2026-07-21 14:03:35 INFO     strategy        PnL: 14:03:35 MTM=403.00 Profit=0.06%
2026-07-21 14:03:36 INFO     strategy        PnL: 14:03:36 MTM=393.25 Profit=0.06%
2026-07-21 14:03:37 INFO     strategy        PnL: 14:03:37 MTM=380.25 Profit=0.06%
2026-07-21 14:03:38 INFO     strategy        PnL: 14:03:38 MTM=393.25 Profit=0.06%
2026-07-21 14:03:39 INFO     strategy        PnL: 14:03:39 MTM=383.50 Profit=0.06%
2026-07-21 14:03:40 INFO     strategy        PnL: 14:03:40 MTM=419.25 Profit=0.06%
2026-07-21 14:03:41 INFO     strategy        PnL: 14:03:41 MTM=403.00 Profit=0.06%
2026-07-21 14:03:42 INFO     strategy        PnL: 14:03:42 MTM=422.50 Profit=0.06%
2026-07-21 14:03:43 INFO     strategy        PnL: 14:03:43 MTM=406.25 Profit=0.06%
2026-07-21 14:03:44 INFO     strategy        PnL: 14:03:44 MTM=409.50 Profit=0.06%
2026-07-21 14:03:45 INFO     strategy        PnL: 14:03:45 MTM=406.25 Profit=0.06%
2026-07-21 14:03:46 INFO     strategy        PnL: 14:03:46 MTM=399.75 Profit=0.06%
2026-07-21 14:03:47 INFO     strategy        PnL: 14:03:47 MTM=399.75 Profit=0.06%
2026-07-21 14:03:48 INFO     strategy        PnL: 14:03:48 MTM=383.50 Profit=0.06%
2026-07-21 14:03:49 INFO     strategy        PnL: 14:03:49 MTM=380.25 Profit=0.06%
2026-07-21 14:03:50 INFO     strategy        PnL: 14:03:50 MTM=373.75 Profit=0.06%
2026-07-21 14:03:51 INFO     strategy        PnL: 14:03:51 MTM=344.50 Profit=0.05%
2026-07-21 14:03:52 INFO     strategy        PnL: 14:03:52 MTM=341.25 Profit=0.05%
2026-07-21 14:03:53 INFO     strategy        PnL: 14:03:53 MTM=360.75 Profit=0.05%
2026-07-21 14:03:54 INFO     strategy        PnL: 14:03:54 MTM=331.50 Profit=0.05%
2026-07-21 14:03:55 INFO     strategy        PnL: 14:03:55 MTM=325.00 Profit=0.05%
2026-07-21 14:03:56 INFO     strategy        PnL: 14:03:56 MTM=315.25 Profit=0.05%
2026-07-21 14:03:57 INFO     strategy        PnL: 14:03:57 MTM=357.50 Profit=0.05%
2026-07-21 14:03:58 INFO     strategy        PnL: 14:03:58 MTM=338.00 Profit=0.05%
2026-07-21 14:03:59 INFO     strategy        PnL: 14:03:59 MTM=347.75 Profit=0.05%
2026-07-21 14:04:00 INFO     strategy        PnL: 14:04:00 MTM=338.00 Profit=0.05%
2026-07-21 14:04:01 INFO     strategy        PnL: 14:04:01 MTM=354.25 Profit=0.05%
2026-07-21 14:04:02 INFO     strategy        PnL: 14:04:02 MTM=334.75 Profit=0.05%
2026-07-21 14:04:03 INFO     strategy        PnL: 14:04:03 MTM=325.00 Profit=0.05%
2026-07-21 14:04:04 INFO     strategy        PnL: 14:04:04 MTM=338.00 Profit=0.05%
2026-07-21 14:04:05 INFO     strategy        PnL: 14:04:05 MTM=331.50 Profit=0.05%
2026-07-21 14:04:06 INFO     strategy        PnL: 14:04:06 MTM=334.75 Profit=0.05%
2026-07-21 14:04:07 INFO     strategy        PnL: 14:04:07 MTM=325.00 Profit=0.05%
2026-07-21 14:04:08 INFO     strategy        PnL: 14:04:08 MTM=334.75 Profit=0.05%
2026-07-21 14:04:09 INFO     strategy        PnL: 14:04:09 MTM=321.75 Profit=0.05%
2026-07-21 14:04:10 INFO     strategy        PnL: 14:04:10 MTM=318.50 Profit=0.05%
2026-07-21 14:04:11 INFO     strategy        PnL: 14:04:11 MTM=328.25 Profit=0.05%
2026-07-21 14:04:12 INFO     strategy        PnL: 14:04:12 MTM=305.50 Profit=0.05%
2026-07-21 14:04:13 INFO     strategy        PnL: 14:04:13 MTM=331.50 Profit=0.05%
2026-07-21 14:04:14 INFO     strategy        PnL: 14:04:14 MTM=341.25 Profit=0.05%
2026-07-21 14:04:15 INFO     strategy        PnL: 14:04:15 MTM=334.75 Profit=0.05%
2026-07-21 14:04:16 INFO     strategy        PnL: 14:04:16 MTM=325.00 Profit=0.05%
2026-07-21 14:04:17 INFO     strategy        PnL: 14:04:17 MTM=334.75 Profit=0.05%
2026-07-21 14:04:18 INFO     strategy        PnL: 14:04:18 MTM=354.25 Profit=0.05%
2026-07-21 14:04:19 INFO     strategy        PnL: 14:04:19 MTM=347.75 Profit=0.05%
2026-07-21 14:04:20 INFO     strategy        PnL: 14:04:20 MTM=341.25 Profit=0.05%
2026-07-21 14:04:21 INFO     strategy        PnL: 14:04:21 MTM=338.00 Profit=0.05%
2026-07-21 14:04:22 INFO     strategy        PnL: 14:04:22 MTM=331.50 Profit=0.05%
2026-07-21 14:04:23 INFO     strategy        PnL: 14:04:23 MTM=344.50 Profit=0.05%
2026-07-21 14:04:24 INFO     strategy        PnL: 14:04:24 MTM=328.25 Profit=0.05%
2026-07-21 14:04:25 INFO     strategy        PnL: 14:04:25 MTM=325.00 Profit=0.05%
2026-07-21 14:04:26 INFO     strategy        PnL: 14:04:26 MTM=321.75 Profit=0.05%
2026-07-21 14:04:27 INFO     strategy        PnL: 14:04:27 MTM=334.75 Profit=0.05%
2026-07-21 14:04:28 INFO     strategy        PnL: 14:04:28 MTM=338.00 Profit=0.05%
2026-07-21 14:04:29 INFO     strategy        PnL: 14:04:29 MTM=338.00 Profit=0.05%
2026-07-21 14:04:30 INFO     strategy        PnL: 14:04:30 MTM=318.50 Profit=0.05%
2026-07-21 14:04:31 INFO     strategy        PnL: 14:04:31 MTM=318.50 Profit=0.05%
2026-07-21 14:04:32 INFO     strategy        PnL: 14:04:32 MTM=331.50 Profit=0.05%
2026-07-21 14:04:33 INFO     strategy        PnL: 14:04:33 MTM=331.50 Profit=0.05%
2026-07-21 14:04:34 INFO     strategy        PnL: 14:04:34 MTM=357.50 Profit=0.05%
2026-07-21 14:04:35 INFO     strategy        PnL: 14:04:35 MTM=354.25 Profit=0.05%
2026-07-21 14:04:36 INFO     strategy        PnL: 14:04:36 MTM=334.75 Profit=0.05%
2026-07-21 14:04:37 INFO     strategy        PnL: 14:04:37 MTM=331.50 Profit=0.05%
2026-07-21 14:04:38 INFO     strategy        PnL: 14:04:38 MTM=347.75 Profit=0.05%
2026-07-21 14:04:39 INFO     strategy        PnL: 14:04:39 MTM=360.75 Profit=0.05%
2026-07-21 14:04:40 INFO     strategy        PnL: 14:04:40 MTM=354.25 Profit=0.05%
2026-07-21 14:04:41 INFO     strategy        PnL: 14:04:41 MTM=367.25 Profit=0.06%
2026-07-21 14:04:42 INFO     strategy        PnL: 14:04:42 MTM=383.50 Profit=0.06%
2026-07-21 14:04:43 INFO     strategy        PnL: 14:04:43 MTM=403.00 Profit=0.06%
2026-07-21 14:04:44 INFO     strategy        PnL: 14:04:44 MTM=409.50 Profit=0.06%
2026-07-21 14:04:45 INFO     strategy        PnL: 14:04:45 MTM=403.00 Profit=0.06%
2026-07-21 14:04:46 INFO     strategy        PnL: 14:04:46 MTM=380.25 Profit=0.06%
2026-07-21 14:04:47 INFO     strategy        PnL: 14:04:47 MTM=399.75 Profit=0.06%
2026-07-21 14:04:49 INFO     strategy        PnL: 14:04:49 MTM=403.00 Profit=0.06%
2026-07-21 14:04:50 INFO     strategy        PnL: 14:04:50 MTM=377.00 Profit=0.06%
2026-07-21 14:04:51 INFO     strategy        PnL: 14:04:51 MTM=393.25 Profit=0.06%
2026-07-21 14:04:52 INFO     strategy        PnL: 14:04:52 MTM=390.00 Profit=0.06%
2026-07-21 14:04:53 INFO     strategy        PnL: 14:04:53 MTM=390.00 Profit=0.06%
2026-07-21 14:04:54 INFO     strategy        PnL: 14:04:54 MTM=393.25 Profit=0.06%
2026-07-21 14:04:55 INFO     strategy        PnL: 14:04:55 MTM=383.50 Profit=0.06%
2026-07-21 14:04:56 INFO     strategy        PnL: 14:04:56 MTM=386.75 Profit=0.06%
2026-07-21 14:04:57 INFO     strategy        PnL: 14:04:57 MTM=377.00 Profit=0.06%
2026-07-21 14:04:58 INFO     strategy        PnL: 14:04:58 MTM=380.25 Profit=0.06%
2026-07-21 14:04:59 INFO     strategy        PnL: 14:04:59 MTM=390.00 Profit=0.06%
2026-07-21 14:05:00 INFO     strategy        PnL: 14:05:00 MTM=370.50 Profit=0.06%
2026-07-21 14:05:01 INFO     strategy        PnL: 14:05:01 MTM=390.00 Profit=0.06%
2026-07-21 14:05:02 INFO     strategy        PnL: 14:05:02 MTM=412.75 Profit=0.06%
2026-07-21 14:05:03 INFO     strategy        PnL: 14:05:03 MTM=390.00 Profit=0.06%
2026-07-21 14:05:04 INFO     strategy        PnL: 14:05:04 MTM=373.75 Profit=0.06%
2026-07-21 14:05:05 INFO     strategy        PnL: 14:05:05 MTM=399.75 Profit=0.06%
2026-07-21 14:05:06 INFO     strategy        PnL: 14:05:06 MTM=377.00 Profit=0.06%
2026-07-21 14:05:07 INFO     strategy        PnL: 14:05:07 MTM=380.25 Profit=0.06%
2026-07-21 14:05:08 INFO     strategy        PnL: 14:05:08 MTM=396.50 Profit=0.06%
2026-07-21 14:05:09 INFO     strategy        PnL: 14:05:09 MTM=419.25 Profit=0.06%
2026-07-21 14:05:10 INFO     strategy        PnL: 14:05:10 MTM=399.75 Profit=0.06%
2026-07-21 14:05:11 INFO     strategy        PnL: 14:05:11 MTM=403.00 Profit=0.06%
2026-07-21 14:05:12 INFO     strategy        PnL: 14:05:12 MTM=403.00 Profit=0.06%
2026-07-21 14:05:13 INFO     strategy        PnL: 14:05:13 MTM=396.50 Profit=0.06%
2026-07-21 14:05:14 INFO     strategy        PnL: 14:05:14 MTM=409.50 Profit=0.06%
2026-07-21 14:05:15 INFO     strategy        PnL: 14:05:15 MTM=393.25 Profit=0.06%
2026-07-21 14:05:16 INFO     strategy        PnL: 14:05:16 MTM=396.50 Profit=0.06%
2026-07-21 14:05:17 INFO     strategy        PnL: 14:05:17 MTM=419.25 Profit=0.06%
2026-07-21 14:05:18 INFO     strategy        PnL: 14:05:18 MTM=409.50 Profit=0.06%
2026-07-21 14:05:19 INFO     strategy        PnL: 14:05:19 MTM=396.50 Profit=0.06%
2026-07-21 14:05:20 INFO     strategy        PnL: 14:05:20 MTM=383.50 Profit=0.06%
2026-07-21 14:05:21 INFO     strategy        PnL: 14:05:21 MTM=393.25 Profit=0.06%
2026-07-21 14:05:22 INFO     strategy        PnL: 14:05:22 MTM=393.25 Profit=0.06%
2026-07-21 14:05:23 INFO     strategy        PnL: 14:05:23 MTM=380.25 Profit=0.06%
2026-07-21 14:05:24 INFO     strategy        PnL: 14:05:24 MTM=390.00 Profit=0.06%
2026-07-21 14:05:25 INFO     strategy        PnL: 14:05:25 MTM=438.75 Profit=0.07%
2026-07-21 14:05:26 INFO     strategy        PnL: 14:05:26 MTM=396.50 Profit=0.06%
2026-07-21 14:05:27 INFO     strategy        PnL: 14:05:27 MTM=438.75 Profit=0.07%
2026-07-21 14:05:28 INFO     strategy        PnL: 14:05:28 MTM=419.25 Profit=0.06%
2026-07-21 14:05:29 INFO     strategy        PnL: 14:05:29 MTM=455.00 Profit=0.07%
2026-07-21 14:05:30 INFO     strategy        PnL: 14:05:30 MTM=435.50 Profit=0.07%
2026-07-21 14:05:31 INFO     strategy        PnL: 14:05:31 MTM=455.00 Profit=0.07%
2026-07-21 14:05:32 INFO     strategy        PnL: 14:05:32 MTM=461.50 Profit=0.07%
2026-07-21 14:05:33 INFO     strategy        PnL: 14:05:33 MTM=445.25 Profit=0.07%
2026-07-21 14:05:34 INFO     strategy        PnL: 14:05:34 MTM=458.25 Profit=0.07%
2026-07-21 14:05:35 INFO     strategy        PnL: 14:05:35 MTM=487.50 Profit=0.07%
2026-07-21 14:05:36 INFO     strategy        PnL: 14:05:36 MTM=448.50 Profit=0.07%
2026-07-21 14:05:37 INFO     strategy        PnL: 14:05:37 MTM=429.00 Profit=0.06%
2026-07-21 14:05:38 INFO     strategy        PnL: 14:05:38 MTM=458.25 Profit=0.07%
2026-07-21 14:05:39 INFO     strategy        PnL: 14:05:39 MTM=435.50 Profit=0.07%
2026-07-21 14:05:40 INFO     strategy        PnL: 14:05:40 MTM=432.25 Profit=0.07%
2026-07-21 14:05:41 INFO     strategy        PnL: 14:05:41 MTM=435.50 Profit=0.07%
2026-07-21 14:05:42 INFO     strategy        PnL: 14:05:42 MTM=458.25 Profit=0.07%
2026-07-21 14:05:43 INFO     strategy        PnL: 14:05:43 MTM=468.00 Profit=0.07%
2026-07-21 14:05:44 INFO     strategy        PnL: 14:05:44 MTM=484.25 Profit=0.07%
2026-07-21 14:05:45 INFO     strategy        PnL: 14:05:45 MTM=438.75 Profit=0.07%
2026-07-21 14:05:46 INFO     strategy        PnL: 14:05:46 MTM=451.75 Profit=0.07%
2026-07-21 14:05:47 INFO     strategy        PnL: 14:05:47 MTM=520.00 Profit=0.08%
2026-07-21 14:05:48 INFO     strategy        PnL: 14:05:48 MTM=481.00 Profit=0.07%
2026-07-21 14:05:49 INFO     strategy        PnL: 14:05:49 MTM=507.00 Profit=0.08%
2026-07-21 14:05:50 INFO     strategy        PnL: 14:05:50 MTM=526.50 Profit=0.08%
2026-07-21 14:05:51 INFO     strategy        PnL: 14:05:51 MTM=539.50 Profit=0.08%
2026-07-21 14:05:52 INFO     strategy        PnL: 14:05:52 MTM=487.50 Profit=0.07%
2026-07-21 14:05:53 INFO     strategy        PnL: 14:05:53 MTM=487.50 Profit=0.07%
2026-07-21 14:05:54 INFO     strategy        PnL: 14:05:54 MTM=490.75 Profit=0.07%
2026-07-21 14:05:55 INFO     strategy        PnL: 14:05:55 MTM=481.00 Profit=0.07%
2026-07-21 14:05:56 INFO     strategy        PnL: 14:05:56 MTM=481.00 Profit=0.07%
2026-07-21 14:05:57 INFO     strategy        PnL: 14:05:57 MTM=474.50 Profit=0.07%
2026-07-21 14:05:58 INFO     strategy        PnL: 14:05:58 MTM=455.00 Profit=0.07%
2026-07-21 14:05:59 INFO     strategy        PnL: 14:05:59 MTM=464.75 Profit=0.07%
2026-07-21 14:06:00 INFO     strategy        PnL: 14:06:00 MTM=464.75 Profit=0.07%
2026-07-21 14:06:01 INFO     strategy        PnL: 14:06:01 MTM=461.50 Profit=0.07%
2026-07-21 14:06:02 INFO     strategy        PnL: 14:06:02 MTM=481.00 Profit=0.07%
2026-07-21 14:06:03 INFO     strategy        PnL: 14:06:03 MTM=464.75 Profit=0.07%
2026-07-21 14:06:04 INFO     strategy        PnL: 14:06:04 MTM=487.50 Profit=0.07%
2026-07-21 14:06:05 INFO     strategy        PnL: 14:06:05 MTM=468.00 Profit=0.07%
2026-07-21 14:06:06 INFO     strategy        PnL: 14:06:06 MTM=464.75 Profit=0.07%
2026-07-21 14:06:07 INFO     strategy        PnL: 14:06:07 MTM=468.00 Profit=0.07%
2026-07-21 14:06:08 INFO     strategy        PnL: 14:06:08 MTM=494.00 Profit=0.07%
2026-07-21 14:06:09 INFO     strategy        PnL: 14:06:09 MTM=484.25 Profit=0.07%
2026-07-21 14:06:10 INFO     strategy        PnL: 14:06:10 MTM=471.25 Profit=0.07%
2026-07-21 14:06:11 INFO     strategy        PnL: 14:06:11 MTM=497.25 Profit=0.07%
2026-07-21 14:06:12 INFO     strategy        PnL: 14:06:12 MTM=458.25 Profit=0.07%
2026-07-21 14:06:13 INFO     strategy        PnL: 14:06:13 MTM=461.50 Profit=0.07%
2026-07-21 14:06:14 INFO     strategy        PnL: 14:06:14 MTM=513.50 Profit=0.08%
2026-07-21 14:06:15 INFO     strategy        PnL: 14:06:15 MTM=477.75 Profit=0.07%
2026-07-21 14:06:16 INFO     strategy        PnL: 14:06:16 MTM=481.00 Profit=0.07%
2026-07-21 14:06:17 INFO     strategy        PnL: 14:06:17 MTM=481.00 Profit=0.07%
2026-07-21 14:06:18 INFO     strategy        PnL: 14:06:18 MTM=474.50 Profit=0.07%
2026-07-21 14:06:19 INFO     strategy        PnL: 14:06:19 MTM=464.75 Profit=0.07%
2026-07-21 14:06:20 INFO     strategy        PnL: 14:06:20 MTM=471.25 Profit=0.07%
2026-07-21 14:06:21 INFO     strategy        PnL: 14:06:21 MTM=468.00 Profit=0.07%
2026-07-21 14:06:22 INFO     strategy        PnL: 14:06:22 MTM=487.50 Profit=0.07%
2026-07-21 14:06:23 INFO     strategy        PnL: 14:06:23 MTM=487.50 Profit=0.07%
2026-07-21 14:06:24 INFO     strategy        PnL: 14:06:24 MTM=484.25 Profit=0.07%
2026-07-21 14:06:25 INFO     strategy        PnL: 14:06:25 MTM=481.00 Profit=0.07%
2026-07-21 14:06:26 INFO     strategy        PnL: 14:06:26 MTM=468.00 Profit=0.07%
2026-07-21 14:06:27 INFO     strategy        PnL: 14:06:27 MTM=484.25 Profit=0.07%
2026-07-21 14:06:28 INFO     strategy        PnL: 14:06:28 MTM=494.00 Profit=0.07%
2026-07-21 14:06:29 INFO     strategy        PnL: 14:06:29 MTM=474.50 Profit=0.07%
2026-07-21 14:06:30 INFO     strategy        PnL: 14:06:30 MTM=464.75 Profit=0.07%
2026-07-21 14:06:31 INFO     strategy        PnL: 14:06:31 MTM=455.00 Profit=0.07%
2026-07-21 14:06:32 INFO     strategy        PnL: 14:06:32 MTM=464.75 Profit=0.07%
2026-07-21 14:06:34 INFO     strategy        PnL: 14:06:34 MTM=445.25 Profit=0.07%
2026-07-21 14:06:35 INFO     strategy        PnL: 14:06:35 MTM=468.00 Profit=0.07%
2026-07-21 14:06:36 INFO     strategy        PnL: 14:06:36 MTM=445.25 Profit=0.07%
2026-07-21 14:06:37 INFO     strategy        PnL: 14:06:37 MTM=435.50 Profit=0.07%
2026-07-21 14:06:38 INFO     strategy        PnL: 14:06:38 MTM=445.25 Profit=0.07%
2026-07-21 14:06:39 INFO     strategy        PnL: 14:06:39 MTM=442.00 Profit=0.07%
2026-07-21 14:06:40 INFO     strategy        PnL: 14:06:40 MTM=451.75 Profit=0.07%
2026-07-21 14:06:41 INFO     strategy        PnL: 14:06:41 MTM=429.00 Profit=0.06%
2026-07-21 14:06:42 INFO     strategy        PnL: 14:06:42 MTM=425.75 Profit=0.06%
2026-07-21 14:06:43 INFO     strategy        PnL: 14:06:43 MTM=409.50 Profit=0.06%
2026-07-21 14:06:44 INFO     strategy        PnL: 14:06:44 MTM=416.00 Profit=0.06%
2026-07-21 14:06:45 INFO     strategy        PnL: 14:06:45 MTM=403.00 Profit=0.06%
2026-07-21 14:06:46 INFO     strategy        PnL: 14:06:46 MTM=396.50 Profit=0.06%
2026-07-21 14:06:47 INFO     strategy        PnL: 14:06:47 MTM=403.00 Profit=0.06%
2026-07-21 14:06:48 INFO     strategy        PnL: 14:06:48 MTM=403.00 Profit=0.06%
2026-07-21 14:06:49 INFO     strategy        PnL: 14:06:49 MTM=416.00 Profit=0.06%
2026-07-21 14:06:50 INFO     strategy        PnL: 14:06:50 MTM=406.25 Profit=0.06%
2026-07-21 14:06:51 INFO     strategy        PnL: 14:06:51 MTM=373.75 Profit=0.06%
2026-07-21 14:06:52 INFO     strategy        PnL: 14:06:52 MTM=416.00 Profit=0.06%
2026-07-21 14:06:53 INFO     strategy        PnL: 14:06:53 MTM=435.50 Profit=0.07%
2026-07-21 14:06:54 INFO     strategy        PnL: 14:06:54 MTM=422.50 Profit=0.06%
2026-07-21 14:06:55 INFO     strategy        PnL: 14:06:55 MTM=416.00 Profit=0.06%
2026-07-21 14:06:56 INFO     strategy        PnL: 14:06:56 MTM=412.75 Profit=0.06%
2026-07-21 14:06:57 INFO     strategy        PnL: 14:06:57 MTM=390.00 Profit=0.06%
2026-07-21 14:06:58 INFO     strategy        PnL: 14:06:58 MTM=406.25 Profit=0.06%
2026-07-21 14:06:59 INFO     strategy        PnL: 14:06:59 MTM=393.25 Profit=0.06%
2026-07-21 14:07:00 INFO     strategy        PnL: 14:07:00 MTM=373.75 Profit=0.06%
2026-07-21 14:07:01 INFO     strategy        PnL: 14:07:01 MTM=399.75 Profit=0.06%
2026-07-21 14:07:02 INFO     strategy        PnL: 14:07:02 MTM=370.50 Profit=0.06%
2026-07-21 14:07:03 INFO     strategy        PnL: 14:07:03 MTM=390.00 Profit=0.06%
2026-07-21 14:07:04 INFO     strategy        PnL: 14:07:04 MTM=386.75 Profit=0.06%
2026-07-21 14:07:05 INFO     strategy        PnL: 14:07:05 MTM=393.25 Profit=0.06%
2026-07-21 14:07:06 INFO     strategy        PnL: 14:07:06 MTM=367.25 Profit=0.06%
2026-07-21 14:07:07 INFO     strategy        PnL: 14:07:07 MTM=328.25 Profit=0.05%
2026-07-21 14:07:08 INFO     strategy        PnL: 14:07:08 MTM=351.00 Profit=0.05%
2026-07-21 14:07:09 INFO     strategy        PnL: 14:07:09 MTM=357.50 Profit=0.05%
2026-07-21 14:07:10 INFO     strategy        PnL: 14:07:10 MTM=386.75 Profit=0.06%
2026-07-21 14:07:11 INFO     strategy        PnL: 14:07:11 MTM=373.75 Profit=0.06%
2026-07-21 14:07:12 INFO     strategy        PnL: 14:07:12 MTM=396.50 Profit=0.06%
2026-07-21 14:07:13 INFO     strategy        PnL: 14:07:13 MTM=364.00 Profit=0.05%
2026-07-21 14:07:14 INFO     strategy        PnL: 14:07:14 MTM=360.75 Profit=0.05%
2026-07-21 14:07:15 INFO     strategy        PnL: 14:07:15 MTM=383.50 Profit=0.06%
2026-07-21 14:07:16 INFO     strategy        PnL: 14:07:16 MTM=380.25 Profit=0.06%
2026-07-21 14:07:17 INFO     strategy        PnL: 14:07:17 MTM=396.50 Profit=0.06%
2026-07-21 14:07:18 INFO     strategy        PnL: 14:07:18 MTM=360.75 Profit=0.05%
2026-07-21 14:07:19 INFO     strategy        PnL: 14:07:19 MTM=341.25 Profit=0.05%
2026-07-21 14:07:20 INFO     strategy        PnL: 14:07:20 MTM=377.00 Profit=0.06%
2026-07-21 14:07:21 INFO     strategy        PnL: 14:07:21 MTM=393.25 Profit=0.06%
2026-07-21 14:07:22 INFO     strategy        PnL: 14:07:22 MTM=377.00 Profit=0.06%
2026-07-21 14:07:23 INFO     strategy        PnL: 14:07:23 MTM=390.00 Profit=0.06%
2026-07-21 14:07:24 INFO     strategy        PnL: 14:07:24 MTM=377.00 Profit=0.06%
2026-07-21 14:07:25 INFO     strategy        PnL: 14:07:25 MTM=364.00 Profit=0.05%
2026-07-21 14:07:26 INFO     strategy        PnL: 14:07:26 MTM=373.75 Profit=0.06%
2026-07-21 14:07:27 INFO     strategy        PnL: 14:07:27 MTM=386.75 Profit=0.06%
2026-07-21 14:07:28 INFO     strategy        PnL: 14:07:28 MTM=377.00 Profit=0.06%
2026-07-21 14:07:29 INFO     strategy        PnL: 14:07:29 MTM=396.50 Profit=0.06%
2026-07-21 14:07:30 INFO     strategy        PnL: 14:07:30 MTM=422.50 Profit=0.06%
2026-07-21 14:07:31 INFO     strategy        PnL: 14:07:31 MTM=425.75 Profit=0.06%
2026-07-21 14:07:32 INFO     strategy        PnL: 14:07:32 MTM=438.75 Profit=0.07%
2026-07-21 14:07:33 INFO     strategy        PnL: 14:07:33 MTM=419.25 Profit=0.06%
2026-07-21 14:07:34 INFO     strategy        PnL: 14:07:34 MTM=432.25 Profit=0.07%
2026-07-21 14:07:35 INFO     strategy        PnL: 14:07:35 MTM=422.50 Profit=0.06%
2026-07-21 14:07:36 INFO     strategy        PnL: 14:07:36 MTM=419.25 Profit=0.06%
2026-07-21 14:07:37 INFO     strategy        PnL: 14:07:37 MTM=429.00 Profit=0.06%
2026-07-21 14:07:38 INFO     strategy        PnL: 14:07:38 MTM=419.25 Profit=0.06%
2026-07-21 14:07:39 INFO     strategy        PnL: 14:07:39 MTM=438.75 Profit=0.07%
2026-07-21 14:07:40 INFO     strategy        PnL: 14:07:40 MTM=416.00 Profit=0.06%
2026-07-21 14:07:41 INFO     strategy        PnL: 14:07:41 MTM=429.00 Profit=0.06%
2026-07-21 14:07:42 INFO     strategy        PnL: 14:07:42 MTM=416.00 Profit=0.06%
2026-07-21 14:07:43 INFO     strategy        PnL: 14:07:43 MTM=425.75 Profit=0.06%
2026-07-21 14:07:44 INFO     strategy        PnL: 14:07:44 MTM=425.75 Profit=0.06%
2026-07-21 14:07:45 INFO     strategy        PnL: 14:07:45 MTM=451.75 Profit=0.07%
2026-07-21 14:07:46 INFO     strategy        PnL: 14:07:46 MTM=448.50 Profit=0.07%
2026-07-21 14:07:47 INFO     strategy        PnL: 14:07:47 MTM=442.00 Profit=0.07%
2026-07-21 14:07:48 INFO     strategy        PnL: 14:07:48 MTM=435.50 Profit=0.07%
2026-07-21 14:07:49 INFO     strategy        PnL: 14:07:49 MTM=432.25 Profit=0.07%
2026-07-21 14:07:50 INFO     strategy        PnL: 14:07:50 MTM=425.75 Profit=0.06%
2026-07-21 14:07:51 INFO     strategy        PnL: 14:07:51 MTM=429.00 Profit=0.06%
2026-07-21 14:07:52 INFO     strategy        PnL: 14:07:52 MTM=412.75 Profit=0.06%
2026-07-21 14:07:53 INFO     strategy        PnL: 14:07:53 MTM=429.00 Profit=0.06%
2026-07-21 14:07:54 INFO     strategy        PnL: 14:07:54 MTM=419.25 Profit=0.06%
2026-07-21 14:07:55 INFO     strategy        PnL: 14:07:55 MTM=406.25 Profit=0.06%
2026-07-21 14:07:56 INFO     strategy        PnL: 14:07:56 MTM=422.50 Profit=0.06%
2026-07-21 14:07:57 INFO     strategy        PnL: 14:07:57 MTM=422.50 Profit=0.06%
2026-07-21 14:07:58 INFO     strategy        PnL: 14:07:58 MTM=435.50 Profit=0.07%
2026-07-21 14:07:59 INFO     strategy        PnL: 14:07:59 MTM=399.75 Profit=0.06%
2026-07-21 14:08:00 INFO     strategy        PnL: 14:08:00 MTM=390.00 Profit=0.06%
2026-07-21 14:08:01 INFO     strategy        PnL: 14:08:01 MTM=367.25 Profit=0.06%
2026-07-21 14:08:02 INFO     strategy        PnL: 14:08:02 MTM=406.25 Profit=0.06%
2026-07-21 14:08:03 INFO     strategy        PnL: 14:08:03 MTM=390.00 Profit=0.06%
2026-07-21 14:08:04 INFO     strategy        PnL: 14:08:04 MTM=399.75 Profit=0.06%
2026-07-21 14:08:05 INFO     strategy        PnL: 14:08:05 MTM=409.50 Profit=0.06%
2026-07-21 14:08:06 INFO     strategy        PnL: 14:08:06 MTM=419.25 Profit=0.06%
2026-07-21 14:08:07 INFO     strategy        PnL: 14:08:07 MTM=412.75 Profit=0.06%
2026-07-21 14:08:08 INFO     strategy        PnL: 14:08:08 MTM=416.00 Profit=0.06%
2026-07-21 14:08:09 INFO     strategy        PnL: 14:08:09 MTM=412.75 Profit=0.06%
2026-07-21 14:08:10 INFO     strategy        PnL: 14:08:10 MTM=399.75 Profit=0.06%
2026-07-21 14:08:11 INFO     strategy        PnL: 14:08:11 MTM=377.00 Profit=0.06%
2026-07-21 14:08:12 INFO     strategy        PnL: 14:08:12 MTM=393.25 Profit=0.06%
2026-07-21 14:08:14 INFO     strategy        PnL: 14:08:14 MTM=370.50 Profit=0.06%
2026-07-21 14:08:15 INFO     strategy        PnL: 14:08:15 MTM=380.25 Profit=0.06%
2026-07-21 14:08:16 INFO     strategy        PnL: 14:08:16 MTM=364.00 Profit=0.05%
2026-07-21 14:08:17 INFO     strategy        PnL: 14:08:17 MTM=347.75 Profit=0.05%
2026-07-21 14:08:18 INFO     strategy        PnL: 14:08:18 MTM=351.00 Profit=0.05%
2026-07-21 14:08:19 INFO     strategy        PnL: 14:08:19 MTM=344.50 Profit=0.05%
2026-07-21 14:08:20 INFO     strategy        PnL: 14:08:20 MTM=338.00 Profit=0.05%
2026-07-21 14:08:21 INFO     strategy        PnL: 14:08:21 MTM=357.50 Profit=0.05%
2026-07-21 14:08:22 INFO     strategy        PnL: 14:08:22 MTM=354.25 Profit=0.05%
2026-07-21 14:08:23 INFO     strategy        PnL: 14:08:23 MTM=377.00 Profit=0.06%
2026-07-21 14:08:24 INFO     strategy        PnL: 14:08:24 MTM=360.75 Profit=0.05%
2026-07-21 14:08:25 INFO     strategy        PnL: 14:08:25 MTM=360.75 Profit=0.05%
2026-07-21 14:08:26 INFO     strategy        PnL: 14:08:26 MTM=370.50 Profit=0.06%
2026-07-21 14:08:27 INFO     strategy        PnL: 14:08:27 MTM=334.75 Profit=0.05%
2026-07-21 14:08:28 INFO     strategy        PnL: 14:08:28 MTM=334.75 Profit=0.05%
2026-07-21 14:08:29 INFO     strategy        PnL: 14:08:29 MTM=299.00 Profit=0.04%
2026-07-21 14:08:30 INFO     strategy        PnL: 14:08:30 MTM=243.75 Profit=0.04%
2026-07-21 14:08:31 INFO     strategy        PnL: 14:08:31 MTM=263.25 Profit=0.04%
2026-07-21 14:08:32 INFO     strategy        PnL: 14:08:32 MTM=269.75 Profit=0.04%
2026-07-21 14:08:33 INFO     strategy        PnL: 14:08:33 MTM=273.00 Profit=0.04%
2026-07-21 14:08:34 INFO     strategy        PnL: 14:08:34 MTM=282.75 Profit=0.04%
2026-07-21 14:08:35 INFO     strategy        PnL: 14:08:35 MTM=263.25 Profit=0.04%
2026-07-21 14:08:36 INFO     strategy        PnL: 14:08:36 MTM=279.50 Profit=0.04%
2026-07-21 14:08:37 INFO     strategy        PnL: 14:08:37 MTM=269.75 Profit=0.04%
2026-07-21 14:08:38 INFO     strategy        PnL: 14:08:38 MTM=269.75 Profit=0.04%
2026-07-21 14:08:39 INFO     strategy        PnL: 14:08:39 MTM=276.25 Profit=0.04%
2026-07-21 14:08:40 INFO     strategy        PnL: 14:08:40 MTM=269.75 Profit=0.04%
2026-07-21 14:08:41 INFO     strategy        PnL: 14:08:41 MTM=256.75 Profit=0.04%
2026-07-21 14:08:42 INFO     strategy        PnL: 14:08:42 MTM=299.00 Profit=0.04%
2026-07-21 14:08:43 INFO     strategy        PnL: 14:08:43 MTM=318.50 Profit=0.05%
2026-07-21 14:08:44 INFO     strategy        PnL: 14:08:44 MTM=295.75 Profit=0.04%
2026-07-21 14:08:45 INFO     strategy        PnL: 14:08:45 MTM=256.75 Profit=0.04%
2026-07-21 14:08:46 INFO     strategy        PnL: 14:08:46 MTM=289.25 Profit=0.04%
2026-07-21 14:08:47 INFO     strategy        PnL: 14:08:47 MTM=292.50 Profit=0.04%
2026-07-21 14:08:48 INFO     strategy        PnL: 14:08:48 MTM=318.50 Profit=0.05%
2026-07-21 14:08:49 INFO     strategy        PnL: 14:08:49 MTM=308.75 Profit=0.05%
2026-07-21 14:08:50 INFO     strategy        PnL: 14:08:50 MTM=308.75 Profit=0.05%
2026-07-21 14:08:51 INFO     strategy        PnL: 14:08:51 MTM=273.00 Profit=0.04%
2026-07-21 14:08:52 INFO     strategy        PnL: 14:08:52 MTM=263.25 Profit=0.04%
2026-07-21 14:08:53 INFO     strategy        PnL: 14:08:53 MTM=227.50 Profit=0.03%
2026-07-21 14:08:54 INFO     strategy        PnL: 14:08:54 MTM=243.75 Profit=0.04%
2026-07-21 14:08:55 INFO     strategy        PnL: 14:08:55 MTM=247.00 Profit=0.04%
2026-07-21 14:08:56 INFO     strategy        PnL: 14:08:56 MTM=247.00 Profit=0.04%
2026-07-21 14:08:57 INFO     strategy        PnL: 14:08:57 MTM=253.50 Profit=0.04%
2026-07-21 14:08:58 INFO     strategy        PnL: 14:08:58 MTM=260.00 Profit=0.04%
2026-07-21 14:08:59 INFO     strategy        PnL: 14:08:59 MTM=279.50 Profit=0.04%
2026-07-21 14:09:00 INFO     strategy        PnL: 14:09:00 MTM=247.00 Profit=0.04%
2026-07-21 14:09:01 INFO     strategy        PnL: 14:09:01 MTM=269.75 Profit=0.04%
2026-07-21 14:09:02 INFO     strategy        PnL: 14:09:02 MTM=247.00 Profit=0.04%
2026-07-21 14:09:03 INFO     strategy        PnL: 14:09:03 MTM=266.50 Profit=0.04%
2026-07-21 14:09:04 INFO     strategy        PnL: 14:09:04 MTM=240.50 Profit=0.04%
2026-07-21 14:09:05 INFO     strategy        PnL: 14:09:05 MTM=260.00 Profit=0.04%
2026-07-21 14:09:06 INFO     strategy        PnL: 14:09:06 MTM=273.00 Profit=0.04%
2026-07-21 14:09:07 INFO     strategy        PnL: 14:09:07 MTM=266.50 Profit=0.04%
2026-07-21 14:09:08 INFO     strategy        PnL: 14:09:08 MTM=260.00 Profit=0.04%
2026-07-21 14:09:09 INFO     strategy        PnL: 14:09:09 MTM=240.50 Profit=0.04%
2026-07-21 14:09:10 INFO     strategy        PnL: 14:09:10 MTM=227.50 Profit=0.03%
2026-07-21 14:09:11 INFO     strategy        PnL: 14:09:11 MTM=243.75 Profit=0.04%
2026-07-21 14:09:12 INFO     strategy        PnL: 14:09:12 MTM=230.75 Profit=0.03%
2026-07-21 14:09:13 INFO     strategy        PnL: 14:09:13 MTM=224.25 Profit=0.03%
2026-07-21 14:09:14 INFO     strategy        PnL: 14:09:14 MTM=201.50 Profit=0.03%
2026-07-21 14:09:15 INFO     strategy        PnL: 14:09:15 MTM=227.50 Profit=0.03%
2026-07-21 14:09:16 INFO     strategy        PnL: 14:09:16 MTM=221.00 Profit=0.03%
2026-07-21 14:09:17 INFO     strategy        PnL: 14:09:17 MTM=204.75 Profit=0.03%
2026-07-21 14:09:18 INFO     strategy        PnL: 14:09:18 MTM=247.00 Profit=0.04%
2026-07-21 14:09:19 INFO     strategy        PnL: 14:09:19 MTM=211.25 Profit=0.03%
2026-07-21 14:09:20 INFO     strategy        PnL: 14:09:20 MTM=227.50 Profit=0.03%
2026-07-21 14:09:21 INFO     strategy        PnL: 14:09:21 MTM=240.50 Profit=0.04%
2026-07-21 14:09:22 INFO     strategy        PnL: 14:09:22 MTM=256.75 Profit=0.04%
2026-07-21 14:09:23 INFO     strategy        PnL: 14:09:23 MTM=276.25 Profit=0.04%
2026-07-21 14:09:24 INFO     strategy        PnL: 14:09:24 MTM=260.00 Profit=0.04%
2026-07-21 14:09:25 INFO     strategy        PnL: 14:09:25 MTM=266.50 Profit=0.04%
2026-07-21 14:09:26 INFO     strategy        PnL: 14:09:26 MTM=282.75 Profit=0.04%
2026-07-21 14:09:27 INFO     strategy        PnL: 14:09:27 MTM=282.75 Profit=0.04%
2026-07-21 14:09:28 INFO     strategy        PnL: 14:09:28 MTM=302.25 Profit=0.05%
2026-07-21 14:09:29 INFO     strategy        PnL: 14:09:29 MTM=289.25 Profit=0.04%
2026-07-21 14:09:30 INFO     strategy        PnL: 14:09:30 MTM=295.75 Profit=0.04%
2026-07-21 14:09:31 INFO     strategy        PnL: 14:09:31 MTM=289.25 Profit=0.04%
2026-07-21 14:09:32 INFO     strategy        PnL: 14:09:32 MTM=305.50 Profit=0.05%
2026-07-21 14:09:33 INFO     strategy        PnL: 14:09:33 MTM=292.50 Profit=0.04%
2026-07-21 14:09:34 INFO     strategy        PnL: 14:09:34 MTM=292.50 Profit=0.04%
2026-07-21 14:09:35 INFO     strategy        PnL: 14:09:35 MTM=263.25 Profit=0.04%
2026-07-21 14:09:36 INFO     strategy        PnL: 14:09:36 MTM=286.00 Profit=0.04%
2026-07-21 14:09:37 INFO     strategy        PnL: 14:09:37 MTM=295.75 Profit=0.04%
2026-07-21 14:09:38 INFO     strategy        PnL: 14:09:38 MTM=286.00 Profit=0.04%
2026-07-21 14:09:39 INFO     strategy        PnL: 14:09:39 MTM=302.25 Profit=0.05%
2026-07-21 14:09:40 INFO     strategy        PnL: 14:09:40 MTM=295.75 Profit=0.04%
2026-07-21 14:09:41 INFO     strategy        PnL: 14:09:41 MTM=292.50 Profit=0.04%
2026-07-21 14:09:42 INFO     strategy        PnL: 14:09:42 MTM=295.75 Profit=0.04%
2026-07-21 14:09:43 INFO     strategy        PnL: 14:09:43 MTM=295.75 Profit=0.04%
2026-07-21 14:09:44 INFO     strategy        PnL: 14:09:44 MTM=299.00 Profit=0.04%
2026-07-21 14:09:45 INFO     strategy        PnL: 14:09:45 MTM=289.25 Profit=0.04%
2026-07-21 14:09:46 INFO     strategy        PnL: 14:09:46 MTM=292.50 Profit=0.04%
2026-07-21 14:09:47 INFO     strategy        PnL: 14:09:47 MTM=302.25 Profit=0.05%
2026-07-21 14:09:48 INFO     strategy        PnL: 14:09:48 MTM=299.00 Profit=0.04%
2026-07-21 14:09:49 INFO     strategy        PnL: 14:09:49 MTM=273.00 Profit=0.04%
2026-07-21 14:09:50 INFO     strategy        PnL: 14:09:50 MTM=282.75 Profit=0.04%
2026-07-21 14:09:51 INFO     strategy        PnL: 14:09:51 MTM=299.00 Profit=0.04%
2026-07-21 14:09:52 INFO     strategy        PnL: 14:09:52 MTM=315.25 Profit=0.05%
2026-07-21 14:09:53 INFO     strategy        PnL: 14:09:53 MTM=269.75 Profit=0.04%
2026-07-21 14:09:54 INFO     strategy        PnL: 14:09:54 MTM=279.50 Profit=0.04%
2026-07-21 14:09:55 INFO     strategy        PnL: 14:09:55 MTM=276.25 Profit=0.04%
2026-07-21 14:09:56 INFO     strategy        PnL: 14:09:56 MTM=273.00 Profit=0.04%
2026-07-21 14:09:57 INFO     strategy        PnL: 14:09:57 MTM=260.00 Profit=0.04%
2026-07-21 14:09:58 INFO     strategy        PnL: 14:09:58 MTM=256.75 Profit=0.04%
2026-07-21 14:09:59 INFO     strategy        PnL: 14:09:59 MTM=237.25 Profit=0.04%
2026-07-21 14:10:00 INFO     strategy        PnL: 14:10:00 MTM=247.00 Profit=0.04%
2026-07-21 14:10:01 INFO     strategy        PnL: 14:10:01 MTM=250.25 Profit=0.04%
2026-07-21 14:10:02 INFO     strategy        PnL: 14:10:02 MTM=256.75 Profit=0.04%
2026-07-21 14:10:03 INFO     strategy        PnL: 14:10:03 MTM=240.50 Profit=0.04%
2026-07-21 14:10:04 INFO     strategy        PnL: 14:10:04 MTM=256.75 Profit=0.04%
2026-07-21 14:10:05 INFO     strategy        PnL: 14:10:05 MTM=256.75 Profit=0.04%
2026-07-21 14:10:06 INFO     strategy        PnL: 14:10:06 MTM=279.50 Profit=0.04%
2026-07-21 14:10:07 INFO     strategy        PnL: 14:10:07 MTM=279.50 Profit=0.04%
2026-07-21 14:10:08 INFO     strategy        PnL: 14:10:08 MTM=247.00 Profit=0.04%
2026-07-21 14:10:09 INFO     strategy        PnL: 14:10:09 MTM=247.00 Profit=0.04%
2026-07-21 14:10:10 INFO     strategy        PnL: 14:10:10 MTM=253.50 Profit=0.04%
2026-07-21 14:10:11 INFO     strategy        PnL: 14:10:11 MTM=260.00 Profit=0.04%
2026-07-21 14:10:12 INFO     strategy        PnL: 14:10:12 MTM=253.50 Profit=0.04%
2026-07-21 14:10:13 INFO     strategy        PnL: 14:10:13 MTM=263.25 Profit=0.04%
2026-07-21 14:10:14 INFO     strategy        PnL: 14:10:14 MTM=273.00 Profit=0.04%
2026-07-21 14:10:15 INFO     strategy        PnL: 14:10:15 MTM=269.75 Profit=0.04%
2026-07-21 14:10:16 INFO     strategy        PnL: 14:10:16 MTM=263.25 Profit=0.04%
2026-07-21 14:10:17 INFO     strategy        PnL: 14:10:17 MTM=266.50 Profit=0.04%
2026-07-21 14:10:18 INFO     strategy        PnL: 14:10:18 MTM=253.50 Profit=0.04%
2026-07-21 14:10:19 INFO     strategy        PnL: 14:10:19 MTM=260.00 Profit=0.04%
2026-07-21 14:10:20 INFO     strategy        PnL: 14:10:20 MTM=266.50 Profit=0.04%
2026-07-21 14:10:21 INFO     strategy        PnL: 14:10:21 MTM=266.50 Profit=0.04%
2026-07-21 14:10:22 INFO     strategy        PnL: 14:10:22 MTM=273.00 Profit=0.04%
2026-07-21 14:10:24 INFO     strategy        PnL: 14:10:24 MTM=286.00 Profit=0.04%
2026-07-21 14:10:25 INFO     strategy        PnL: 14:10:25 MTM=282.75 Profit=0.04%
2026-07-21 14:10:26 INFO     strategy        PnL: 14:10:26 MTM=269.75 Profit=0.04%
2026-07-21 14:10:27 INFO     strategy        PnL: 14:10:27 MTM=263.25 Profit=0.04%
2026-07-21 14:10:28 INFO     strategy        PnL: 14:10:28 MTM=282.75 Profit=0.04%
2026-07-21 14:10:29 INFO     strategy        PnL: 14:10:29 MTM=269.75 Profit=0.04%
2026-07-21 14:10:30 INFO     strategy        PnL: 14:10:30 MTM=269.75 Profit=0.04%
2026-07-21 14:10:31 INFO     strategy        PnL: 14:10:31 MTM=292.50 Profit=0.04%
2026-07-21 14:10:32 INFO     strategy        PnL: 14:10:32 MTM=266.50 Profit=0.04%
2026-07-21 14:10:33 INFO     strategy        PnL: 14:10:33 MTM=276.25 Profit=0.04%
2026-07-21 14:10:34 INFO     strategy        PnL: 14:10:34 MTM=260.00 Profit=0.04%
2026-07-21 14:10:35 INFO     strategy        PnL: 14:10:35 MTM=256.75 Profit=0.04%
2026-07-21 14:10:36 INFO     strategy        PnL: 14:10:36 MTM=253.50 Profit=0.04%
2026-07-21 14:10:37 INFO     strategy        PnL: 14:10:37 MTM=263.25 Profit=0.04%
2026-07-21 14:10:38 INFO     strategy        PnL: 14:10:38 MTM=253.50 Profit=0.04%
2026-07-21 14:10:39 INFO     strategy        PnL: 14:10:39 MTM=240.50 Profit=0.04%
2026-07-21 14:10:40 INFO     strategy        PnL: 14:10:40 MTM=256.75 Profit=0.04%
2026-07-21 14:10:41 INFO     strategy        PnL: 14:10:41 MTM=260.00 Profit=0.04%
2026-07-21 14:10:42 INFO     strategy        PnL: 14:10:42 MTM=240.50 Profit=0.04%
2026-07-21 14:10:43 INFO     strategy        PnL: 14:10:43 MTM=253.50 Profit=0.04%
2026-07-21 14:10:44 INFO     strategy        PnL: 14:10:44 MTM=250.25 Profit=0.04%
2026-07-21 14:10:45 INFO     strategy        PnL: 14:10:45 MTM=243.75 Profit=0.04%
2026-07-21 14:10:46 INFO     strategy        PnL: 14:10:46 MTM=260.00 Profit=0.04%
2026-07-21 14:10:47 INFO     strategy        PnL: 14:10:47 MTM=250.25 Profit=0.04%
2026-07-21 14:10:48 INFO     strategy        PnL: 14:10:48 MTM=237.25 Profit=0.04%
2026-07-21 14:10:49 INFO     strategy        PnL: 14:10:49 MTM=263.25 Profit=0.04%
2026-07-21 14:10:50 INFO     strategy        PnL: 14:10:50 MTM=273.00 Profit=0.04%
2026-07-21 14:10:51 INFO     strategy        PnL: 14:10:51 MTM=256.75 Profit=0.04%
2026-07-21 14:10:52 INFO     strategy        PnL: 14:10:52 MTM=256.75 Profit=0.04%
2026-07-21 14:10:53 INFO     strategy        PnL: 14:10:53 MTM=256.75 Profit=0.04%
2026-07-21 14:10:54 INFO     strategy        PnL: 14:10:54 MTM=260.00 Profit=0.04%
2026-07-21 14:10:55 INFO     strategy        PnL: 14:10:55 MTM=250.25 Profit=0.04%
2026-07-21 14:10:56 INFO     strategy        PnL: 14:10:56 MTM=253.50 Profit=0.04%
2026-07-21 14:10:57 INFO     strategy        PnL: 14:10:57 MTM=260.00 Profit=0.04%
2026-07-21 14:10:58 INFO     strategy        PnL: 14:10:58 MTM=237.25 Profit=0.04%
2026-07-21 14:10:59 INFO     strategy        PnL: 14:10:59 MTM=256.75 Profit=0.04%
2026-07-21 14:11:00 INFO     strategy        PnL: 14:11:00 MTM=237.25 Profit=0.04%
2026-07-21 14:11:01 INFO     strategy        PnL: 14:11:01 MTM=243.75 Profit=0.04%
2026-07-21 14:11:02 INFO     strategy        PnL: 14:11:02 MTM=247.00 Profit=0.04%
2026-07-21 14:11:03 INFO     strategy        PnL: 14:11:03 MTM=227.50 Profit=0.03%
2026-07-21 14:11:04 INFO     strategy        PnL: 14:11:04 MTM=230.75 Profit=0.03%
2026-07-21 14:11:05 INFO     strategy        PnL: 14:11:05 MTM=247.00 Profit=0.04%
2026-07-21 14:11:06 INFO     strategy        PnL: 14:11:06 MTM=263.25 Profit=0.04%
2026-07-21 14:11:07 INFO     strategy        PnL: 14:11:07 MTM=253.50 Profit=0.04%
2026-07-21 14:11:08 INFO     strategy        PnL: 14:11:08 MTM=243.75 Profit=0.04%
2026-07-21 14:11:09 INFO     strategy        PnL: 14:11:09 MTM=250.25 Profit=0.04%
2026-07-21 14:11:10 INFO     strategy        PnL: 14:11:10 MTM=256.75 Profit=0.04%
2026-07-21 14:11:11 INFO     strategy        PnL: 14:11:11 MTM=234.00 Profit=0.04%
2026-07-21 14:11:12 INFO     strategy        PnL: 14:11:12 MTM=234.00 Profit=0.04%
2026-07-21 14:11:13 INFO     strategy        PnL: 14:11:13 MTM=247.00 Profit=0.04%
2026-07-21 14:11:14 INFO     strategy        PnL: 14:11:14 MTM=237.25 Profit=0.04%
2026-07-21 14:11:15 INFO     strategy        PnL: 14:11:15 MTM=250.25 Profit=0.04%
2026-07-21 14:11:16 INFO     strategy        PnL: 14:11:16 MTM=253.50 Profit=0.04%
2026-07-21 14:11:17 INFO     strategy        PnL: 14:11:17 MTM=237.25 Profit=0.04%
2026-07-21 14:11:18 INFO     strategy        PnL: 14:11:18 MTM=240.50 Profit=0.04%
2026-07-21 14:11:19 INFO     strategy        PnL: 14:11:19 MTM=260.00 Profit=0.04%
2026-07-21 14:11:20 INFO     strategy        PnL: 14:11:20 MTM=256.75 Profit=0.04%
2026-07-21 14:11:21 INFO     strategy        PnL: 14:11:21 MTM=269.75 Profit=0.04%
2026-07-21 14:11:22 INFO     strategy        PnL: 14:11:22 MTM=286.00 Profit=0.04%
2026-07-21 14:11:23 INFO     strategy        PnL: 14:11:23 MTM=276.25 Profit=0.04%
2026-07-21 14:11:24 INFO     strategy        PnL: 14:11:24 MTM=263.25 Profit=0.04%
2026-07-21 14:11:25 INFO     strategy        PnL: 14:11:25 MTM=260.00 Profit=0.04%
2026-07-21 14:11:26 INFO     strategy        PnL: 14:11:26 MTM=250.25 Profit=0.04%
2026-07-21 14:11:27 INFO     strategy        PnL: 14:11:27 MTM=243.75 Profit=0.04%
2026-07-21 14:11:28 INFO     strategy        PnL: 14:11:28 MTM=230.75 Profit=0.03%
2026-07-21 14:11:29 INFO     strategy        PnL: 14:11:29 MTM=234.00 Profit=0.04%
2026-07-21 14:11:30 INFO     strategy        PnL: 14:11:30 MTM=234.00 Profit=0.04%
2026-07-21 14:11:31 INFO     strategy        PnL: 14:11:31 MTM=247.00 Profit=0.04%
2026-07-21 14:11:32 INFO     strategy        PnL: 14:11:32 MTM=230.75 Profit=0.03%
2026-07-21 14:11:33 INFO     strategy        PnL: 14:11:33 MTM=253.50 Profit=0.04%
2026-07-21 14:11:34 INFO     strategy        PnL: 14:11:34 MTM=237.25 Profit=0.04%
2026-07-21 14:11:35 INFO     strategy        PnL: 14:11:35 MTM=256.75 Profit=0.04%
2026-07-21 14:11:36 INFO     strategy        PnL: 14:11:36 MTM=247.00 Profit=0.04%
2026-07-21 14:11:37 INFO     strategy        PnL: 14:11:37 MTM=253.50 Profit=0.04%
2026-07-21 14:11:38 INFO     strategy        PnL: 14:11:38 MTM=230.75 Profit=0.03%
2026-07-21 14:11:39 INFO     strategy        PnL: 14:11:39 MTM=234.00 Profit=0.04%
2026-07-21 14:11:40 INFO     strategy        PnL: 14:11:40 MTM=240.50 Profit=0.04%
2026-07-21 14:11:41 INFO     strategy        PnL: 14:11:41 MTM=237.25 Profit=0.04%
2026-07-21 14:11:42 INFO     strategy        PnL: 14:11:42 MTM=227.50 Profit=0.03%
2026-07-21 14:11:43 INFO     strategy        PnL: 14:11:43 MTM=253.50 Profit=0.04%
2026-07-21 14:11:44 INFO     strategy        PnL: 14:11:44 MTM=247.00 Profit=0.04%
2026-07-21 14:11:45 INFO     strategy        PnL: 14:11:45 MTM=250.25 Profit=0.04%
2026-07-21 14:11:46 INFO     strategy        PnL: 14:11:46 MTM=237.25 Profit=0.04%
2026-07-21 14:11:47 INFO     strategy        PnL: 14:11:47 MTM=234.00 Profit=0.04%
2026-07-21 14:11:48 INFO     strategy        PnL: 14:11:48 MTM=204.75 Profit=0.03%
2026-07-21 14:11:49 INFO     strategy        PnL: 14:11:49 MTM=217.75 Profit=0.03%
2026-07-21 14:11:50 INFO     strategy        PnL: 14:11:50 MTM=204.75 Profit=0.03%
2026-07-21 14:11:51 INFO     strategy        PnL: 14:11:51 MTM=208.00 Profit=0.03%
2026-07-21 14:11:52 INFO     strategy        PnL: 14:11:52 MTM=204.75 Profit=0.03%
2026-07-21 14:11:53 INFO     strategy        PnL: 14:11:53 MTM=211.25 Profit=0.03%
2026-07-21 14:11:54 INFO     strategy        PnL: 14:11:54 MTM=204.75 Profit=0.03%
2026-07-21 14:11:55 INFO     strategy        PnL: 14:11:55 MTM=191.75 Profit=0.03%
2026-07-21 14:11:56 INFO     strategy        PnL: 14:11:56 MTM=201.50 Profit=0.03%
2026-07-21 14:11:57 INFO     strategy        PnL: 14:11:57 MTM=185.25 Profit=0.03%
2026-07-21 14:11:58 INFO     strategy        PnL: 14:11:58 MTM=185.25 Profit=0.03%
2026-07-21 14:11:59 INFO     strategy        PnL: 14:11:59 MTM=191.75 Profit=0.03%
2026-07-21 14:12:00 INFO     strategy        PnL: 14:12:00 MTM=208.00 Profit=0.03%
2026-07-21 14:12:01 INFO     strategy        PnL: 14:12:01 MTM=217.75 Profit=0.03%
2026-07-21 14:12:02 INFO     strategy        PnL: 14:12:02 MTM=224.25 Profit=0.03%
2026-07-21 14:12:03 INFO     strategy        PnL: 14:12:03 MTM=221.00 Profit=0.03%
2026-07-21 14:12:04 INFO     strategy        PnL: 14:12:04 MTM=224.25 Profit=0.03%
2026-07-21 14:12:05 INFO     strategy        PnL: 14:12:05 MTM=208.00 Profit=0.03%
2026-07-21 14:12:06 INFO     strategy        PnL: 14:12:06 MTM=204.75 Profit=0.03%
2026-07-21 14:12:07 INFO     strategy        PnL: 14:12:07 MTM=208.00 Profit=0.03%
2026-07-21 14:12:08 INFO     strategy        PnL: 14:12:08 MTM=221.00 Profit=0.03%
2026-07-21 14:12:09 INFO     strategy        PnL: 14:12:09 MTM=217.75 Profit=0.03%
2026-07-21 14:12:10 INFO     strategy        PnL: 14:12:10 MTM=230.75 Profit=0.03%
2026-07-21 14:12:11 INFO     strategy        PnL: 14:12:11 MTM=227.50 Profit=0.03%
2026-07-21 14:12:12 INFO     strategy        PnL: 14:12:12 MTM=221.00 Profit=0.03%
2026-07-21 14:12:13 INFO     strategy        PnL: 14:12:13 MTM=221.00 Profit=0.03%
2026-07-21 14:12:15 INFO     strategy        PnL: 14:12:15 MTM=224.25 Profit=0.03%
2026-07-21 14:12:16 INFO     strategy        PnL: 14:12:16 MTM=250.25 Profit=0.04%
2026-07-21 14:12:17 INFO     strategy        PnL: 14:12:17 MTM=256.75 Profit=0.04%
2026-07-21 14:12:18 INFO     strategy        PnL: 14:12:18 MTM=243.75 Profit=0.04%
2026-07-21 14:12:19 INFO     strategy        PnL: 14:12:19 MTM=247.00 Profit=0.04%
2026-07-21 14:12:20 INFO     strategy        PnL: 14:12:20 MTM=243.75 Profit=0.04%
2026-07-21 14:12:21 INFO     strategy        PnL: 14:12:21 MTM=240.50 Profit=0.04%
2026-07-21 14:12:22 INFO     strategy        PnL: 14:12:22 MTM=250.25 Profit=0.04%
2026-07-21 14:12:23 INFO     strategy        PnL: 14:12:23 MTM=227.50 Profit=0.03%
2026-07-21 14:12:24 INFO     strategy        PnL: 14:12:24 MTM=247.00 Profit=0.04%
2026-07-21 14:12:25 INFO     strategy        PnL: 14:12:25 MTM=253.50 Profit=0.04%
2026-07-21 14:12:26 INFO     strategy        PnL: 14:12:26 MTM=234.00 Profit=0.04%
2026-07-21 14:12:27 INFO     strategy        PnL: 14:12:27 MTM=227.50 Profit=0.03%
2026-07-21 14:12:28 INFO     strategy        PnL: 14:12:28 MTM=243.75 Profit=0.04%
2026-07-21 14:12:29 INFO     strategy        PnL: 14:12:29 MTM=250.25 Profit=0.04%
2026-07-21 14:12:30 INFO     strategy        PnL: 14:12:30 MTM=227.50 Profit=0.03%
2026-07-21 14:12:31 INFO     strategy        PnL: 14:12:31 MTM=227.50 Profit=0.03%
2026-07-21 14:12:32 INFO     strategy        PnL: 14:12:32 MTM=240.50 Profit=0.04%
2026-07-21 14:12:33 INFO     strategy        PnL: 14:12:33 MTM=243.75 Profit=0.04%
2026-07-21 14:12:34 INFO     strategy        PnL: 14:12:34 MTM=247.00 Profit=0.04%
2026-07-21 14:12:35 INFO     strategy        PnL: 14:12:35 MTM=253.50 Profit=0.04%
2026-07-21 14:12:36 INFO     strategy        PnL: 14:12:36 MTM=256.75 Profit=0.04%
2026-07-21 14:12:37 INFO     strategy        PnL: 14:12:37 MTM=256.75 Profit=0.04%
2026-07-21 14:12:38 INFO     strategy        PnL: 14:12:38 MTM=256.75 Profit=0.04%
2026-07-21 14:12:39 INFO     strategy        PnL: 14:12:39 MTM=266.50 Profit=0.04%
2026-07-21 14:12:40 INFO     strategy        PnL: 14:12:40 MTM=247.00 Profit=0.04%
2026-07-21 14:12:41 INFO     strategy        PnL: 14:12:41 MTM=273.00 Profit=0.04%
2026-07-21 14:12:42 INFO     strategy        PnL: 14:12:42 MTM=240.50 Profit=0.04%
2026-07-21 14:12:43 INFO     strategy        PnL: 14:12:43 MTM=256.75 Profit=0.04%
2026-07-21 14:12:44 INFO     strategy        PnL: 14:12:44 MTM=273.00 Profit=0.04%
2026-07-21 14:12:45 INFO     strategy        PnL: 14:12:45 MTM=273.00 Profit=0.04%
2026-07-21 14:12:46 INFO     strategy        PnL: 14:12:46 MTM=263.25 Profit=0.04%
2026-07-21 14:12:47 INFO     strategy        PnL: 14:12:47 MTM=260.00 Profit=0.04%
2026-07-21 14:12:48 INFO     strategy        PnL: 14:12:48 MTM=253.50 Profit=0.04%
2026-07-21 14:12:49 INFO     strategy        PnL: 14:12:49 MTM=256.75 Profit=0.04%
2026-07-21 14:12:50 INFO     strategy        PnL: 14:12:50 MTM=266.50 Profit=0.04%
2026-07-21 14:12:51 INFO     strategy        PnL: 14:12:51 MTM=247.00 Profit=0.04%
2026-07-21 14:12:52 INFO     strategy        PnL: 14:12:52 MTM=247.00 Profit=0.04%
2026-07-21 14:12:53 INFO     strategy        PnL: 14:12:53 MTM=247.00 Profit=0.04%
2026-07-21 14:12:54 INFO     strategy        PnL: 14:12:54 MTM=260.00 Profit=0.04%
2026-07-21 14:12:55 INFO     strategy        PnL: 14:12:55 MTM=256.75 Profit=0.04%
2026-07-21 14:12:56 INFO     strategy        PnL: 14:12:56 MTM=243.75 Profit=0.04%
2026-07-21 14:12:57 INFO     strategy        PnL: 14:12:57 MTM=256.75 Profit=0.04%
2026-07-21 14:12:58 INFO     strategy        PnL: 14:12:58 MTM=253.50 Profit=0.04%
2026-07-21 14:12:59 INFO     strategy        PnL: 14:12:59 MTM=250.25 Profit=0.04%
2026-07-21 14:13:00 INFO     strategy        PnL: 14:13:00 MTM=243.75 Profit=0.04%
2026-07-21 14:13:01 INFO     strategy        PnL: 14:13:01 MTM=230.75 Profit=0.03%
2026-07-21 14:13:02 INFO     strategy        PnL: 14:13:02 MTM=237.25 Profit=0.04%
2026-07-21 14:13:03 INFO     strategy        PnL: 14:13:03 MTM=250.25 Profit=0.04%
2026-07-21 14:13:04 INFO     strategy        PnL: 14:13:04 MTM=240.50 Profit=0.04%
2026-07-21 14:13:05 INFO     strategy        PnL: 14:13:05 MTM=243.75 Profit=0.04%
2026-07-21 14:13:06 INFO     strategy        PnL: 14:13:06 MTM=260.00 Profit=0.04%
2026-07-21 14:13:07 INFO     strategy        PnL: 14:13:07 MTM=260.00 Profit=0.04%
2026-07-21 14:13:08 INFO     strategy        PnL: 14:13:08 MTM=269.75 Profit=0.04%
2026-07-21 14:13:09 INFO     strategy        PnL: 14:13:09 MTM=256.75 Profit=0.04%
2026-07-21 14:13:10 INFO     strategy        PnL: 14:13:10 MTM=266.50 Profit=0.04%
2026-07-21 14:13:11 INFO     strategy        PnL: 14:13:11 MTM=273.00 Profit=0.04%
2026-07-21 14:13:12 INFO     strategy        PnL: 14:13:12 MTM=279.50 Profit=0.04%
2026-07-21 14:13:13 INFO     strategy        PnL: 14:13:13 MTM=253.50 Profit=0.04%
2026-07-21 14:13:14 INFO     strategy        PnL: 14:13:14 MTM=263.25 Profit=0.04%
2026-07-21 14:13:15 INFO     strategy        PnL: 14:13:15 MTM=247.00 Profit=0.04%
2026-07-21 14:13:16 INFO     strategy        PnL: 14:13:16 MTM=217.75 Profit=0.03%
2026-07-21 14:13:17 INFO     strategy        PnL: 14:13:17 MTM=217.75 Profit=0.03%
2026-07-21 14:13:18 INFO     strategy        PnL: 14:13:18 MTM=217.75 Profit=0.03%
2026-07-21 14:13:19 INFO     strategy        PnL: 14:13:19 MTM=227.50 Profit=0.03%
2026-07-21 14:13:20 INFO     strategy        PnL: 14:13:20 MTM=230.75 Profit=0.03%
2026-07-21 14:13:21 INFO     strategy        PnL: 14:13:21 MTM=221.00 Profit=0.03%
2026-07-21 14:13:22 INFO     strategy        PnL: 14:13:22 MTM=217.75 Profit=0.03%
2026-07-21 14:13:23 INFO     strategy        PnL: 14:13:23 MTM=221.00 Profit=0.03%
2026-07-21 14:13:24 INFO     strategy        PnL: 14:13:24 MTM=208.00 Profit=0.03%
2026-07-21 14:13:25 INFO     strategy        PnL: 14:13:25 MTM=214.50 Profit=0.03%
2026-07-21 14:13:26 INFO     strategy        PnL: 14:13:26 MTM=214.50 Profit=0.03%
2026-07-21 14:13:27 INFO     strategy        PnL: 14:13:27 MTM=214.50 Profit=0.03%
2026-07-21 14:13:28 INFO     strategy        PnL: 14:13:28 MTM=214.50 Profit=0.03%
2026-07-21 14:13:29 INFO     strategy        PnL: 14:13:29 MTM=204.75 Profit=0.03%
2026-07-21 14:13:30 INFO     strategy        PnL: 14:13:30 MTM=175.50 Profit=0.03%
2026-07-21 14:13:31 INFO     strategy        PnL: 14:13:31 MTM=191.75 Profit=0.03%
2026-07-21 14:13:32 INFO     strategy        PnL: 14:13:32 MTM=182.00 Profit=0.03%
2026-07-21 14:13:33 INFO     strategy        PnL: 14:13:33 MTM=172.25 Profit=0.03%
2026-07-21 14:13:34 INFO     strategy        PnL: 14:13:34 MTM=169.00 Profit=0.03%
2026-07-21 14:13:35 INFO     strategy        PnL: 14:13:35 MTM=172.25 Profit=0.03%
2026-07-21 14:13:36 INFO     strategy        PnL: 14:13:36 MTM=149.50 Profit=0.02%
2026-07-21 14:13:37 INFO     strategy        PnL: 14:13:37 MTM=156.00 Profit=0.02%
2026-07-21 14:13:38 INFO     strategy        PnL: 14:13:38 MTM=169.00 Profit=0.03%
2026-07-21 14:13:39 INFO     strategy        PnL: 14:13:39 MTM=175.50 Profit=0.03%
2026-07-21 14:13:40 INFO     strategy        PnL: 14:13:40 MTM=159.25 Profit=0.02%
2026-07-21 14:13:41 INFO     strategy        PnL: 14:13:41 MTM=165.75 Profit=0.02%
2026-07-21 14:13:42 INFO     strategy        PnL: 14:13:42 MTM=191.75 Profit=0.03%
2026-07-21 14:13:43 INFO     strategy        PnL: 14:13:43 MTM=169.00 Profit=0.03%
2026-07-21 14:13:44 INFO     strategy        PnL: 14:13:44 MTM=188.50 Profit=0.03%
2026-07-21 14:13:45 INFO     strategy        PnL: 14:13:45 MTM=149.50 Profit=0.02%
2026-07-21 14:13:46 INFO     strategy        PnL: 14:13:46 MTM=162.50 Profit=0.02%
2026-07-21 14:13:47 INFO     strategy        PnL: 14:13:47 MTM=172.25 Profit=0.03%
2026-07-21 14:13:48 INFO     strategy        PnL: 14:13:48 MTM=182.00 Profit=0.03%
2026-07-21 14:13:49 INFO     strategy        PnL: 14:13:49 MTM=162.50 Profit=0.02%
2026-07-21 14:13:50 INFO     strategy        PnL: 14:13:50 MTM=188.50 Profit=0.03%
2026-07-21 14:13:51 INFO     strategy        PnL: 14:13:51 MTM=195.00 Profit=0.03%
2026-07-21 14:13:52 INFO     strategy        PnL: 14:13:52 MTM=195.00 Profit=0.03%
2026-07-21 14:13:53 INFO     strategy        PnL: 14:13:53 MTM=172.25 Profit=0.03%
2026-07-21 14:13:54 INFO     strategy        PnL: 14:13:54 MTM=159.25 Profit=0.02%
2026-07-21 14:13:55 INFO     strategy        PnL: 14:13:55 MTM=191.75 Profit=0.03%
2026-07-21 14:13:56 INFO     strategy        PnL: 14:13:56 MTM=178.75 Profit=0.03%
2026-07-21 14:13:57 INFO     strategy        PnL: 14:13:57 MTM=175.50 Profit=0.03%
2026-07-21 14:13:59 INFO     strategy        PnL: 14:13:59 MTM=178.75 Profit=0.03%
2026-07-21 14:14:00 INFO     strategy        PnL: 14:14:00 MTM=185.25 Profit=0.03%
2026-07-21 14:14:01 INFO     strategy        PnL: 14:14:01 MTM=182.00 Profit=0.03%
2026-07-21 14:14:02 INFO     strategy        PnL: 14:14:02 MTM=191.75 Profit=0.03%
2026-07-21 14:14:03 INFO     strategy        PnL: 14:14:03 MTM=185.25 Profit=0.03%
2026-07-21 14:14:04 INFO     strategy        PnL: 14:14:04 MTM=188.50 Profit=0.03%
2026-07-21 14:14:05 INFO     strategy        PnL: 14:14:05 MTM=182.00 Profit=0.03%
2026-07-21 14:14:06 INFO     strategy        PnL: 14:14:06 MTM=188.50 Profit=0.03%
2026-07-21 14:14:07 INFO     strategy        PnL: 14:14:07 MTM=191.75 Profit=0.03%
2026-07-21 14:14:08 INFO     strategy        PnL: 14:14:08 MTM=195.00 Profit=0.03%
2026-07-21 14:14:09 INFO     strategy        PnL: 14:14:09 MTM=191.75 Profit=0.03%
2026-07-21 14:14:10 INFO     strategy        PnL: 14:14:10 MTM=195.00 Profit=0.03%
2026-07-21 14:14:11 INFO     strategy        PnL: 14:14:11 MTM=198.25 Profit=0.03%
2026-07-21 14:14:12 INFO     strategy        PnL: 14:14:12 MTM=191.75 Profit=0.03%
2026-07-21 14:14:13 INFO     strategy        PnL: 14:14:13 MTM=185.25 Profit=0.03%
2026-07-21 14:14:14 INFO     strategy        PnL: 14:14:14 MTM=204.75 Profit=0.03%
2026-07-21 14:14:15 INFO     strategy        PnL: 14:14:15 MTM=208.00 Profit=0.03%
2026-07-21 14:14:16 INFO     strategy        PnL: 14:14:16 MTM=208.00 Profit=0.03%
2026-07-21 14:14:17 INFO     strategy        PnL: 14:14:17 MTM=221.00 Profit=0.03%
2026-07-21 14:14:18 INFO     strategy        PnL: 14:14:18 MTM=227.50 Profit=0.03%
2026-07-21 14:14:19 INFO     strategy        PnL: 14:14:19 MTM=217.75 Profit=0.03%
2026-07-21 14:14:20 INFO     strategy        PnL: 14:14:20 MTM=208.00 Profit=0.03%
2026-07-21 14:14:21 INFO     strategy        PnL: 14:14:21 MTM=182.00 Profit=0.03%
2026-07-21 14:14:22 INFO     strategy        PnL: 14:14:22 MTM=195.00 Profit=0.03%
2026-07-21 14:14:23 INFO     strategy        PnL: 14:14:23 MTM=185.25 Profit=0.03%
2026-07-21 14:14:24 INFO     strategy        PnL: 14:14:24 MTM=188.50 Profit=0.03%
2026-07-21 14:14:25 INFO     strategy        PnL: 14:14:25 MTM=178.75 Profit=0.03%
2026-07-21 14:14:26 INFO     strategy        PnL: 14:14:26 MTM=204.75 Profit=0.03%
2026-07-21 14:14:27 INFO     strategy        PnL: 14:14:27 MTM=217.75 Profit=0.03%
2026-07-21 14:14:28 INFO     strategy        PnL: 14:14:28 MTM=204.75 Profit=0.03%
2026-07-21 14:14:29 INFO     strategy        PnL: 14:14:29 MTM=211.25 Profit=0.03%
2026-07-21 14:14:30 INFO     strategy        PnL: 14:14:30 MTM=214.50 Profit=0.03%
2026-07-21 14:14:31 INFO     strategy        PnL: 14:14:31 MTM=217.75 Profit=0.03%
2026-07-21 14:14:32 INFO     strategy        PnL: 14:14:32 MTM=214.50 Profit=0.03%
2026-07-21 14:14:33 INFO     strategy        PnL: 14:14:33 MTM=195.00 Profit=0.03%
2026-07-21 14:14:34 INFO     strategy        PnL: 14:14:34 MTM=191.75 Profit=0.03%
2026-07-21 14:14:35 INFO     strategy        PnL: 14:14:35 MTM=195.00 Profit=0.03%
2026-07-21 14:14:36 INFO     strategy        PnL: 14:14:36 MTM=185.25 Profit=0.03%
2026-07-21 14:14:37 INFO     strategy        PnL: 14:14:37 MTM=178.75 Profit=0.03%
2026-07-21 14:14:38 INFO     strategy        PnL: 14:14:38 MTM=201.50 Profit=0.03%
2026-07-21 14:14:39 INFO     strategy        PnL: 14:14:39 MTM=191.75 Profit=0.03%
2026-07-21 14:14:40 INFO     strategy        PnL: 14:14:40 MTM=204.75 Profit=0.03%
2026-07-21 14:14:41 INFO     strategy        PnL: 14:14:41 MTM=195.00 Profit=0.03%
2026-07-21 14:14:42 INFO     strategy        PnL: 14:14:42 MTM=211.25 Profit=0.03%
2026-07-21 14:14:43 INFO     strategy        PnL: 14:14:43 MTM=172.25 Profit=0.03%
2026-07-21 14:14:44 INFO     strategy        PnL: 14:14:44 MTM=195.00 Profit=0.03%
2026-07-21 14:14:45 INFO     strategy        PnL: 14:14:45 MTM=188.50 Profit=0.03%
2026-07-21 14:14:46 INFO     strategy        PnL: 14:14:46 MTM=198.25 Profit=0.03%
2026-07-21 14:14:47 INFO     strategy        PnL: 14:14:47 MTM=185.25 Profit=0.03%
2026-07-21 14:14:48 INFO     strategy        PnL: 14:14:48 MTM=204.75 Profit=0.03%
2026-07-21 14:14:49 INFO     strategy        PnL: 14:14:49 MTM=195.00 Profit=0.03%
2026-07-21 14:14:50 INFO     strategy        PnL: 14:14:50 MTM=211.25 Profit=0.03%
2026-07-21 14:14:51 INFO     strategy        PnL: 14:14:51 MTM=191.75 Profit=0.03%
2026-07-21 14:14:52 INFO     strategy        PnL: 14:14:52 MTM=185.25 Profit=0.03%
2026-07-21 14:14:53 INFO     strategy        PnL: 14:14:53 MTM=175.50 Profit=0.03%
2026-07-21 14:14:54 INFO     strategy        PnL: 14:14:54 MTM=188.50 Profit=0.03%
2026-07-21 14:14:55 INFO     strategy        PnL: 14:14:55 MTM=182.00 Profit=0.03%
2026-07-21 14:14:56 INFO     strategy        PnL: 14:14:56 MTM=201.50 Profit=0.03%
2026-07-21 14:14:57 INFO     strategy        PnL: 14:14:57 MTM=198.25 Profit=0.03%
2026-07-21 14:14:58 INFO     strategy        PnL: 14:14:58 MTM=191.75 Profit=0.03%
2026-07-21 14:14:59 INFO     strategy        PnL: 14:14:59 MTM=201.50 Profit=0.03%
2026-07-21 14:15:00 INFO     strategy        PnL: 14:15:00 MTM=188.50 Profit=0.03%
2026-07-21 14:15:01 INFO     strategy        PnL: 14:15:01 MTM=188.50 Profit=0.03%
2026-07-21 14:15:02 INFO     strategy        PnL: 14:15:02 MTM=182.00 Profit=0.03%
2026-07-21 14:15:03 INFO     strategy        PnL: 14:15:03 MTM=188.50 Profit=0.03%
2026-07-21 14:15:04 INFO     strategy        PnL: 14:15:04 MTM=191.75 Profit=0.03%
2026-07-21 14:15:05 INFO     strategy        PnL: 14:15:05 MTM=188.50 Profit=0.03%
2026-07-21 14:15:06 INFO     strategy        PnL: 14:15:06 MTM=191.75 Profit=0.03%
2026-07-21 14:15:07 INFO     strategy        PnL: 14:15:07 MTM=201.50 Profit=0.03%
2026-07-21 14:15:08 INFO     strategy        PnL: 14:15:08 MTM=195.00 Profit=0.03%
2026-07-21 14:15:09 INFO     strategy        PnL: 14:15:09 MTM=195.00 Profit=0.03%
2026-07-21 14:15:10 INFO     strategy        PnL: 14:15:10 MTM=208.00 Profit=0.03%
2026-07-21 14:15:11 INFO     strategy        PnL: 14:15:11 MTM=208.00 Profit=0.03%
2026-07-21 14:15:12 INFO     strategy        PnL: 14:15:12 MTM=221.00 Profit=0.03%
2026-07-21 14:15:13 INFO     strategy        PnL: 14:15:13 MTM=201.50 Profit=0.03%
2026-07-21 14:15:14 INFO     strategy        PnL: 14:15:14 MTM=217.75 Profit=0.03%
2026-07-21 14:15:15 INFO     strategy        PnL: 14:15:15 MTM=198.25 Profit=0.03%
2026-07-21 14:15:16 INFO     strategy        PnL: 14:15:16 MTM=191.75 Profit=0.03%
2026-07-21 14:15:17 INFO     strategy        PnL: 14:15:17 MTM=201.50 Profit=0.03%
2026-07-21 14:15:18 INFO     strategy        PnL: 14:15:18 MTM=201.50 Profit=0.03%
2026-07-21 14:15:19 INFO     strategy        PnL: 14:15:19 MTM=214.50 Profit=0.03%
2026-07-21 14:15:20 INFO     strategy        PnL: 14:15:20 MTM=224.25 Profit=0.03%
2026-07-21 14:15:21 INFO     strategy        PnL: 14:15:21 MTM=214.50 Profit=0.03%
2026-07-21 14:15:22 INFO     strategy        PnL: 14:15:22 MTM=201.50 Profit=0.03%
2026-07-21 14:15:23 INFO     strategy        PnL: 14:15:23 MTM=204.75 Profit=0.03%
2026-07-21 14:15:24 INFO     strategy        PnL: 14:15:24 MTM=204.75 Profit=0.03%
2026-07-21 14:15:25 INFO     strategy        PnL: 14:15:25 MTM=175.50 Profit=0.03%
2026-07-21 14:15:26 INFO     strategy        PnL: 14:15:26 MTM=178.75 Profit=0.03%
2026-07-21 14:15:27 INFO     strategy        PnL: 14:15:27 MTM=208.00 Profit=0.03%
2026-07-21 14:15:28 INFO     strategy        PnL: 14:15:28 MTM=208.00 Profit=0.03%
2026-07-21 14:15:29 INFO     strategy        PnL: 14:15:29 MTM=165.75 Profit=0.02%
2026-07-21 14:15:30 INFO     strategy        PnL: 14:15:30 MTM=178.75 Profit=0.03%
2026-07-21 14:15:31 INFO     strategy        PnL: 14:15:31 MTM=169.00 Profit=0.03%
2026-07-21 14:15:32 INFO     strategy        PnL: 14:15:32 MTM=169.00 Profit=0.03%
2026-07-21 14:15:33 INFO     strategy        PnL: 14:15:33 MTM=162.50 Profit=0.02%
2026-07-21 14:15:34 INFO     strategy        PnL: 14:15:34 MTM=159.25 Profit=0.02%
2026-07-21 14:15:35 INFO     strategy        PnL: 14:15:35 MTM=169.00 Profit=0.03%
2026-07-21 14:15:36 INFO     strategy        PnL: 14:15:36 MTM=182.00 Profit=0.03%
2026-07-21 14:15:37 INFO     strategy        PnL: 14:15:37 MTM=169.00 Profit=0.03%
2026-07-21 14:15:38 INFO     strategy        PnL: 14:15:38 MTM=178.75 Profit=0.03%
2026-07-21 14:15:39 INFO     strategy        PnL: 14:15:39 MTM=211.25 Profit=0.03%
2026-07-21 14:15:40 INFO     strategy        PnL: 14:15:40 MTM=175.50 Profit=0.03%
2026-07-21 14:15:41 INFO     strategy        PnL: 14:15:41 MTM=182.00 Profit=0.03%
2026-07-21 14:15:42 INFO     strategy        PnL: 14:15:42 MTM=175.50 Profit=0.03%
2026-07-21 14:15:43 INFO     strategy        PnL: 14:15:43 MTM=182.00 Profit=0.03%
2026-07-21 14:15:44 INFO     strategy        PnL: 14:15:44 MTM=198.25 Profit=0.03%
2026-07-21 14:15:45 INFO     strategy        PnL: 14:15:45 MTM=188.50 Profit=0.03%
2026-07-21 14:15:46 INFO     strategy        PnL: 14:15:46 MTM=191.75 Profit=0.03%
2026-07-21 14:15:47 INFO     strategy        PnL: 14:15:47 MTM=178.75 Profit=0.03%
2026-07-21 14:15:48 INFO     strategy        PnL: 14:15:48 MTM=182.00 Profit=0.03%
2026-07-21 14:15:49 INFO     strategy        PnL: 14:15:49 MTM=188.50 Profit=0.03%
2026-07-21 14:15:50 INFO     strategy        PnL: 14:15:50 MTM=195.00 Profit=0.03%
2026-07-21 14:15:51 INFO     strategy        PnL: 14:15:51 MTM=188.50 Profit=0.03%
2026-07-21 14:15:52 INFO     strategy        PnL: 14:15:52 MTM=188.50 Profit=0.03%
2026-07-21 14:15:53 INFO     strategy        PnL: 14:15:53 MTM=195.00 Profit=0.03%
2026-07-21 14:15:54 INFO     strategy        PnL: 14:15:54 MTM=195.00 Profit=0.03%
2026-07-21 14:15:55 INFO     strategy        PnL: 14:15:55 MTM=191.75 Profit=0.03%
2026-07-21 14:15:56 INFO     strategy        PnL: 14:15:56 MTM=178.75 Profit=0.03%
2026-07-21 14:15:57 INFO     strategy        PnL: 14:15:57 MTM=162.50 Profit=0.02%
2026-07-21 14:15:58 INFO     strategy        PnL: 14:15:58 MTM=169.00 Profit=0.03%
2026-07-21 14:15:59 INFO     strategy        PnL: 14:15:59 MTM=152.75 Profit=0.02%
2026-07-21 14:16:00 INFO     strategy        PnL: 14:16:00 MTM=149.50 Profit=0.02%
2026-07-21 14:16:01 INFO     strategy        PnL: 14:16:01 MTM=156.00 Profit=0.02%
2026-07-21 14:16:02 INFO     strategy        PnL: 14:16:02 MTM=159.25 Profit=0.02%
2026-07-21 14:16:03 INFO     strategy        PnL: 14:16:03 MTM=165.75 Profit=0.02%
2026-07-21 14:16:04 INFO     strategy        PnL: 14:16:04 MTM=152.75 Profit=0.02%
2026-07-21 14:16:05 INFO     strategy        PnL: 14:16:05 MTM=162.50 Profit=0.02%
2026-07-21 14:16:06 INFO     strategy        PnL: 14:16:06 MTM=149.50 Profit=0.02%
2026-07-21 14:16:07 INFO     strategy        PnL: 14:16:07 MTM=143.00 Profit=0.02%
2026-07-21 14:16:08 INFO     strategy        PnL: 14:16:08 MTM=136.50 Profit=0.02%
2026-07-21 14:16:09 INFO     strategy        PnL: 14:16:09 MTM=156.00 Profit=0.02%
2026-07-21 14:16:10 INFO     strategy        PnL: 14:16:10 MTM=152.75 Profit=0.02%
2026-07-21 14:16:11 INFO     strategy        PnL: 14:16:11 MTM=139.75 Profit=0.02%
2026-07-21 14:16:12 INFO     strategy        PnL: 14:16:12 MTM=152.75 Profit=0.02%
2026-07-21 14:16:13 INFO     strategy        PnL: 14:16:13 MTM=123.50 Profit=0.02%
2026-07-21 14:16:14 INFO     strategy        PnL: 14:16:14 MTM=156.00 Profit=0.02%
2026-07-21 14:16:16 INFO     strategy        PnL: 14:16:15 MTM=175.50 Profit=0.03%
2026-07-21 14:16:17 INFO     strategy        PnL: 14:16:17 MTM=130.00 Profit=0.02%
2026-07-21 14:16:18 INFO     strategy        PnL: 14:16:18 MTM=126.75 Profit=0.02%
2026-07-21 14:16:19 INFO     strategy        PnL: 14:16:19 MTM=117.00 Profit=0.02%
2026-07-21 14:16:20 INFO     strategy        PnL: 14:16:20 MTM=136.50 Profit=0.02%
2026-07-21 14:16:21 INFO     strategy        PnL: 14:16:21 MTM=146.25 Profit=0.02%
2026-07-21 14:16:22 INFO     strategy        PnL: 14:16:22 MTM=146.25 Profit=0.02%
2026-07-21 14:16:23 INFO     strategy        PnL: 14:16:23 MTM=139.75 Profit=0.02%
2026-07-21 14:16:24 INFO     strategy        PnL: 14:16:24 MTM=126.75 Profit=0.02%
2026-07-21 14:16:25 INFO     strategy        PnL: 14:16:25 MTM=139.75 Profit=0.02%
2026-07-21 14:16:26 INFO     strategy        PnL: 14:16:26 MTM=136.50 Profit=0.02%
2026-07-21 14:16:27 INFO     strategy        PnL: 14:16:27 MTM=143.00 Profit=0.02%
2026-07-21 14:16:28 INFO     strategy        PnL: 14:16:28 MTM=149.50 Profit=0.02%
2026-07-21 14:16:29 INFO     strategy        PnL: 14:16:29 MTM=156.00 Profit=0.02%
2026-07-21 14:16:30 INFO     strategy        PnL: 14:16:30 MTM=169.00 Profit=0.03%
2026-07-21 14:16:31 INFO     strategy        PnL: 14:16:31 MTM=152.75 Profit=0.02%
2026-07-21 14:16:32 INFO     strategy        PnL: 14:16:32 MTM=149.50 Profit=0.02%
2026-07-21 14:16:33 INFO     strategy        PnL: 14:16:33 MTM=120.25 Profit=0.02%
2026-07-21 14:16:34 INFO     strategy        PnL: 14:16:34 MTM=149.50 Profit=0.02%
2026-07-21 14:16:35 INFO     strategy        PnL: 14:16:35 MTM=133.25 Profit=0.02%
2026-07-21 14:16:36 INFO     strategy        PnL: 14:16:36 MTM=139.75 Profit=0.02%
2026-07-21 14:16:37 INFO     strategy        PnL: 14:16:37 MTM=130.00 Profit=0.02%
2026-07-21 14:16:38 INFO     strategy        PnL: 14:16:38 MTM=113.75 Profit=0.02%
2026-07-21 14:16:39 INFO     strategy        PnL: 14:16:39 MTM=143.00 Profit=0.02%
2026-07-21 14:16:40 INFO     strategy        PnL: 14:16:40 MTM=123.50 Profit=0.02%
2026-07-21 14:16:41 INFO     strategy        PnL: 14:16:41 MTM=136.50 Profit=0.02%
2026-07-21 14:16:42 INFO     strategy        PnL: 14:16:42 MTM=143.00 Profit=0.02%
2026-07-21 14:16:43 INFO     strategy        PnL: 14:16:43 MTM=152.75 Profit=0.02%
2026-07-21 14:16:44 INFO     strategy        PnL: 14:16:44 MTM=146.25 Profit=0.02%
2026-07-21 14:16:45 INFO     strategy        PnL: 14:16:45 MTM=152.75 Profit=0.02%
2026-07-21 14:16:46 INFO     strategy        PnL: 14:16:46 MTM=165.75 Profit=0.02%
2026-07-21 14:16:47 INFO     strategy        PnL: 14:16:47 MTM=159.25 Profit=0.02%
2026-07-21 14:16:48 INFO     strategy        PnL: 14:16:48 MTM=172.25 Profit=0.03%
2026-07-21 14:16:49 INFO     strategy        PnL: 14:16:49 MTM=149.50 Profit=0.02%
2026-07-21 14:16:50 INFO     strategy        PnL: 14:16:50 MTM=149.50 Profit=0.02%
2026-07-21 14:16:51 INFO     strategy        PnL: 14:16:51 MTM=152.75 Profit=0.02%
2026-07-21 14:16:52 INFO     strategy        PnL: 14:16:52 MTM=159.25 Profit=0.02%
2026-07-21 14:16:53 INFO     strategy        PnL: 14:16:53 MTM=152.75 Profit=0.02%
2026-07-21 14:16:54 INFO     strategy        PnL: 14:16:54 MTM=152.75 Profit=0.02%
2026-07-21 14:16:55 INFO     strategy        PnL: 14:16:55 MTM=146.25 Profit=0.02%
2026-07-21 14:16:56 INFO     strategy        PnL: 14:16:56 MTM=120.25 Profit=0.02%
2026-07-21 14:16:57 INFO     strategy        PnL: 14:16:57 MTM=120.25 Profit=0.02%
2026-07-21 14:16:58 INFO     strategy        PnL: 14:16:58 MTM=104.00 Profit=0.02%
2026-07-21 14:16:59 INFO     strategy        PnL: 14:16:59 MTM=107.25 Profit=0.02%
2026-07-21 14:17:00 INFO     strategy        PnL: 14:17:00 MTM=126.75 Profit=0.02%
2026-07-21 14:17:01 INFO     strategy        PnL: 14:17:01 MTM=139.75 Profit=0.02%
2026-07-21 14:17:02 INFO     strategy        PnL: 14:17:02 MTM=136.50 Profit=0.02%
2026-07-21 14:17:03 INFO     strategy        PnL: 14:17:03 MTM=152.75 Profit=0.02%
2026-07-21 14:17:04 INFO     strategy        PnL: 14:17:04 MTM=159.25 Profit=0.02%
2026-07-21 14:17:05 INFO     strategy        PnL: 14:17:05 MTM=136.50 Profit=0.02%
2026-07-21 14:17:06 INFO     strategy        PnL: 14:17:06 MTM=136.50 Profit=0.02%
2026-07-21 14:17:07 INFO     strategy        PnL: 14:17:07 MTM=146.25 Profit=0.02%
2026-07-21 14:17:08 INFO     strategy        PnL: 14:17:08 MTM=165.75 Profit=0.02%
2026-07-21 14:17:09 INFO     strategy        PnL: 14:17:09 MTM=152.75 Profit=0.02%
2026-07-21 14:17:10 INFO     strategy        PnL: 14:17:10 MTM=156.00 Profit=0.02%
2026-07-21 14:17:11 INFO     strategy        PnL: 14:17:11 MTM=156.00 Profit=0.02%
2026-07-21 14:17:12 INFO     strategy        PnL: 14:17:12 MTM=165.75 Profit=0.02%
2026-07-21 14:17:13 INFO     strategy        PnL: 14:17:13 MTM=165.75 Profit=0.02%
2026-07-21 14:17:14 INFO     strategy        PnL: 14:17:14 MTM=152.75 Profit=0.02%
2026-07-21 14:17:15 INFO     strategy        PnL: 14:17:15 MTM=146.25 Profit=0.02%
2026-07-21 14:17:16 INFO     strategy        PnL: 14:17:16 MTM=149.50 Profit=0.02%
2026-07-21 14:17:17 INFO     strategy        PnL: 14:17:17 MTM=136.50 Profit=0.02%
2026-07-21 14:17:18 INFO     strategy        PnL: 14:17:18 MTM=139.75 Profit=0.02%
2026-07-21 14:17:19 INFO     strategy        PnL: 14:17:19 MTM=152.75 Profit=0.02%
2026-07-21 14:17:20 INFO     strategy        PnL: 14:17:20 MTM=126.75 Profit=0.02%
2026-07-21 14:17:21 INFO     strategy        PnL: 14:17:21 MTM=130.00 Profit=0.02%
2026-07-21 14:17:22 INFO     strategy        PnL: 14:17:22 MTM=136.50 Profit=0.02%
2026-07-21 14:17:23 INFO     strategy        PnL: 14:17:23 MTM=165.75 Profit=0.02%
2026-07-21 14:17:24 INFO     strategy        PnL: 14:17:24 MTM=126.75 Profit=0.02%
2026-07-21 14:17:25 INFO     strategy        PnL: 14:17:25 MTM=123.50 Profit=0.02%
2026-07-21 14:17:26 INFO     strategy        PnL: 14:17:26 MTM=159.25 Profit=0.02%
2026-07-21 14:17:27 INFO     strategy        PnL: 14:17:27 MTM=159.25 Profit=0.02%
2026-07-21 14:17:28 INFO     strategy        PnL: 14:17:28 MTM=152.75 Profit=0.02%
2026-07-21 14:17:29 INFO     strategy        PnL: 14:17:29 MTM=126.75 Profit=0.02%
2026-07-21 14:17:30 INFO     strategy        PnL: 14:17:30 MTM=143.00 Profit=0.02%
2026-07-21 14:17:31 INFO     strategy        PnL: 14:17:31 MTM=120.25 Profit=0.02%
2026-07-21 14:17:32 INFO     strategy        PnL: 14:17:32 MTM=120.25 Profit=0.02%
2026-07-21 14:17:33 INFO     strategy        PnL: 14:17:33 MTM=120.25 Profit=0.02%
2026-07-21 14:17:34 INFO     strategy        PnL: 14:17:34 MTM=139.75 Profit=0.02%
2026-07-21 14:17:35 INFO     strategy        PnL: 14:17:35 MTM=136.50 Profit=0.02%
2026-07-21 14:17:36 INFO     strategy        PnL: 14:17:36 MTM=139.75 Profit=0.02%
2026-07-21 14:17:37 INFO     strategy        PnL: 14:17:37 MTM=130.00 Profit=0.02%
2026-07-21 14:17:38 INFO     strategy        PnL: 14:17:38 MTM=136.50 Profit=0.02%
2026-07-21 14:17:39 INFO     strategy        PnL: 14:17:39 MTM=55.25 Profit=0.01%
2026-07-21 14:17:40 INFO     strategy        PnL: 14:17:40 MTM=107.25 Profit=0.02%
2026-07-21 14:17:41 INFO     strategy        PnL: 14:17:41 MTM=117.00 Profit=0.02%
2026-07-21 14:17:42 INFO     strategy        PnL: 14:17:42 MTM=107.25 Profit=0.02%
2026-07-21 14:17:43 INFO     strategy        PnL: 14:17:43 MTM=107.25 Profit=0.02%
2026-07-21 14:17:44 INFO     strategy        PnL: 14:17:44 MTM=100.75 Profit=0.02%
2026-07-21 14:17:45 INFO     strategy        PnL: 14:17:45 MTM=91.00 Profit=0.01%
2026-07-21 14:17:46 INFO     strategy        PnL: 14:17:46 MTM=107.25 Profit=0.02%
2026-07-21 14:17:47 INFO     strategy        PnL: 14:17:47 MTM=94.25 Profit=0.01%
2026-07-21 14:17:48 INFO     strategy        PnL: 14:17:48 MTM=110.50 Profit=0.02%
2026-07-21 14:17:49 INFO     strategy        PnL: 14:17:49 MTM=117.00 Profit=0.02%
2026-07-21 14:17:50 INFO     strategy        PnL: 14:17:50 MTM=120.25 Profit=0.02%
2026-07-21 14:17:51 INFO     strategy        PnL: 14:17:51 MTM=110.50 Profit=0.02%
2026-07-21 14:17:52 INFO     strategy        PnL: 14:17:52 MTM=91.00 Profit=0.01%
2026-07-21 14:17:53 INFO     strategy        PnL: 14:17:53 MTM=104.00 Profit=0.02%
2026-07-21 14:17:54 INFO     strategy        PnL: 14:17:54 MTM=97.50 Profit=0.01%
2026-07-21 14:17:55 INFO     strategy        PnL: 14:17:55 MTM=84.50 Profit=0.01%
2026-07-21 14:17:56 INFO     strategy        PnL: 14:17:56 MTM=107.25 Profit=0.02%
2026-07-21 14:17:57 INFO     strategy        PnL: 14:17:57 MTM=94.25 Profit=0.01%
2026-07-21 14:17:58 INFO     strategy        PnL: 14:17:58 MTM=87.75 Profit=0.01%
2026-07-21 14:17:59 INFO     strategy        PnL: 14:17:59 MTM=100.75 Profit=0.02%
2026-07-21 14:18:00 INFO     strategy        PnL: 14:18:00 MTM=78.00 Profit=0.01%
2026-07-21 14:18:01 INFO     strategy        PnL: 14:18:01 MTM=94.25 Profit=0.01%
2026-07-21 14:18:02 INFO     strategy        PnL: 14:18:02 MTM=104.00 Profit=0.02%
2026-07-21 14:18:03 INFO     strategy        PnL: 14:18:03 MTM=97.50 Profit=0.01%
2026-07-21 14:18:04 INFO     strategy        PnL: 14:18:04 MTM=110.50 Profit=0.02%
2026-07-21 14:18:05 INFO     strategy        PnL: 14:18:05 MTM=87.75 Profit=0.01%
2026-07-21 14:18:06 INFO     strategy        PnL: 14:18:06 MTM=110.50 Profit=0.02%
2026-07-21 14:18:07 INFO     strategy        PnL: 14:18:07 MTM=91.00 Profit=0.01%
2026-07-21 14:18:08 INFO     strategy        PnL: 14:18:08 MTM=87.75 Profit=0.01%
2026-07-21 14:18:09 INFO     strategy        PnL: 14:18:09 MTM=100.75 Profit=0.02%
2026-07-21 14:18:10 INFO     strategy        PnL: 14:18:10 MTM=91.00 Profit=0.01%
2026-07-21 14:18:11 INFO     strategy        PnL: 14:18:11 MTM=110.50 Profit=0.02%
2026-07-21 14:18:12 INFO     strategy        PnL: 14:18:12 MTM=84.50 Profit=0.01%
2026-07-21 14:18:14 INFO     strategy        PnL: 14:18:14 MTM=100.75 Profit=0.02%
2026-07-21 14:18:15 INFO     strategy        PnL: 14:18:15 MTM=126.75 Profit=0.02%
2026-07-21 14:18:16 INFO     strategy        PnL: 14:18:16 MTM=110.50 Profit=0.02%
2026-07-21 14:18:17 INFO     strategy        PnL: 14:18:17 MTM=104.00 Profit=0.02%
2026-07-21 14:18:18 INFO     strategy        PnL: 14:18:18 MTM=113.75 Profit=0.02%
2026-07-21 14:18:19 INFO     strategy        PnL: 14:18:19 MTM=107.25 Profit=0.02%
2026-07-21 14:18:20 INFO     strategy        PnL: 14:18:20 MTM=110.50 Profit=0.02%
2026-07-21 14:18:21 INFO     strategy        PnL: 14:18:21 MTM=104.00 Profit=0.02%
2026-07-21 14:18:22 INFO     strategy        PnL: 14:18:22 MTM=123.50 Profit=0.02%
2026-07-21 14:18:23 INFO     strategy        PnL: 14:18:23 MTM=100.75 Profit=0.02%
2026-07-21 14:18:24 INFO     strategy        PnL: 14:18:24 MTM=123.50 Profit=0.02%
2026-07-21 14:18:25 INFO     strategy        PnL: 14:18:25 MTM=113.75 Profit=0.02%
2026-07-21 14:18:26 INFO     strategy        PnL: 14:18:26 MTM=120.25 Profit=0.02%
2026-07-21 14:18:27 INFO     strategy        PnL: 14:18:27 MTM=136.50 Profit=0.02%
2026-07-21 14:18:28 INFO     strategy        PnL: 14:18:28 MTM=110.50 Profit=0.02%
2026-07-21 14:18:29 INFO     strategy        PnL: 14:18:29 MTM=117.00 Profit=0.02%
2026-07-21 14:18:30 INFO     strategy        PnL: 14:18:30 MTM=123.50 Profit=0.02%
2026-07-21 14:18:31 INFO     strategy        PnL: 14:18:31 MTM=126.75 Profit=0.02%
2026-07-21 14:18:32 INFO     strategy        PnL: 14:18:32 MTM=113.75 Profit=0.02%
2026-07-21 14:18:33 INFO     strategy        PnL: 14:18:33 MTM=130.00 Profit=0.02%
2026-07-21 14:18:34 INFO     strategy        PnL: 14:18:34 MTM=117.00 Profit=0.02%
2026-07-21 14:18:35 INFO     strategy        PnL: 14:18:35 MTM=139.75 Profit=0.02%
2026-07-21 14:18:36 INFO     strategy        PnL: 14:18:36 MTM=139.75 Profit=0.02%
2026-07-21 14:18:37 INFO     strategy        PnL: 14:18:37 MTM=123.50 Profit=0.02%
2026-07-21 14:18:38 INFO     strategy        PnL: 14:18:38 MTM=156.00 Profit=0.02%
2026-07-21 14:18:39 INFO     strategy        PnL: 14:18:39 MTM=133.25 Profit=0.02%
2026-07-21 14:18:40 INFO     strategy        PnL: 14:18:40 MTM=146.25 Profit=0.02%
2026-07-21 14:18:41 INFO     strategy        PnL: 14:18:41 MTM=143.00 Profit=0.02%
2026-07-21 14:18:42 INFO     strategy        PnL: 14:18:42 MTM=143.00 Profit=0.02%
2026-07-21 14:18:43 INFO     strategy        PnL: 14:18:43 MTM=146.25 Profit=0.02%
2026-07-21 14:18:44 INFO     strategy        PnL: 14:18:44 MTM=133.25 Profit=0.02%
2026-07-21 14:18:45 INFO     strategy        PnL: 14:18:45 MTM=162.50 Profit=0.02%
2026-07-21 14:18:46 INFO     strategy        PnL: 14:18:46 MTM=152.75 Profit=0.02%
2026-07-21 14:18:47 INFO     strategy        PnL: 14:18:47 MTM=149.50 Profit=0.02%
2026-07-21 14:18:48 INFO     strategy        PnL: 14:18:48 MTM=143.00 Profit=0.02%
2026-07-21 14:18:49 INFO     strategy        PnL: 14:18:49 MTM=143.00 Profit=0.02%
2026-07-21 14:18:50 INFO     strategy        PnL: 14:18:50 MTM=152.75 Profit=0.02%
2026-07-21 14:18:51 INFO     strategy        PnL: 14:18:51 MTM=162.50 Profit=0.02%
2026-07-21 14:18:52 INFO     strategy        PnL: 14:18:52 MTM=152.75 Profit=0.02%
2026-07-21 14:18:53 INFO     strategy        PnL: 14:18:53 MTM=149.50 Profit=0.02%
2026-07-21 14:18:54 INFO     strategy        PnL: 14:18:54 MTM=139.75 Profit=0.02%
2026-07-21 14:18:55 INFO     strategy        PnL: 14:18:55 MTM=139.75 Profit=0.02%
2026-07-21 14:18:56 INFO     strategy        PnL: 14:18:56 MTM=152.75 Profit=0.02%
2026-07-21 14:18:57 INFO     strategy        PnL: 14:18:57 MTM=130.00 Profit=0.02%
2026-07-21 14:18:58 INFO     strategy        PnL: 14:18:58 MTM=159.25 Profit=0.02%
2026-07-21 14:18:59 INFO     strategy        PnL: 14:18:59 MTM=156.00 Profit=0.02%
2026-07-21 14:19:00 INFO     strategy        PnL: 14:19:00 MTM=146.25 Profit=0.02%
2026-07-21 14:19:01 INFO     strategy        PnL: 14:19:01 MTM=165.75 Profit=0.02%
2026-07-21 14:19:02 INFO     strategy        PnL: 14:19:02 MTM=169.00 Profit=0.03%
2026-07-21 14:19:03 INFO     strategy        PnL: 14:19:03 MTM=159.25 Profit=0.02%
2026-07-21 14:19:04 INFO     strategy        PnL: 14:19:04 MTM=146.25 Profit=0.02%
2026-07-21 14:19:05 INFO     strategy        PnL: 14:19:05 MTM=156.00 Profit=0.02%
2026-07-21 14:19:06 INFO     strategy        PnL: 14:19:06 MTM=159.25 Profit=0.02%
2026-07-21 14:19:07 INFO     strategy        PnL: 14:19:07 MTM=149.50 Profit=0.02%
2026-07-21 14:19:08 INFO     strategy        PnL: 14:19:08 MTM=162.50 Profit=0.02%
2026-07-21 14:19:09 INFO     strategy        PnL: 14:19:09 MTM=156.00 Profit=0.02%
2026-07-21 14:19:10 INFO     strategy        PnL: 14:19:10 MTM=152.75 Profit=0.02%
2026-07-21 14:19:11 INFO     strategy        PnL: 14:19:11 MTM=156.00 Profit=0.02%
2026-07-21 14:19:12 INFO     strategy        PnL: 14:19:12 MTM=169.00 Profit=0.03%
2026-07-21 14:19:13 INFO     strategy        PnL: 14:19:13 MTM=182.00 Profit=0.03%
2026-07-21 14:19:14 INFO     strategy        PnL: 14:19:14 MTM=182.00 Profit=0.03%
2026-07-21 14:19:15 INFO     strategy        PnL: 14:19:15 MTM=178.75 Profit=0.03%
2026-07-21 14:19:16 INFO     strategy        PnL: 14:19:16 MTM=224.25 Profit=0.03%
2026-07-21 14:19:17 INFO     strategy        PnL: 14:19:17 MTM=201.50 Profit=0.03%
2026-07-21 14:19:18 INFO     strategy        PnL: 14:19:18 MTM=198.25 Profit=0.03%
2026-07-21 14:19:19 INFO     strategy        PnL: 14:19:19 MTM=204.75 Profit=0.03%
2026-07-21 14:19:20 INFO     strategy        PnL: 14:19:20 MTM=191.75 Profit=0.03%
2026-07-21 14:19:21 INFO     strategy        PnL: 14:19:21 MTM=208.00 Profit=0.03%
2026-07-21 14:19:22 INFO     strategy        PnL: 14:19:22 MTM=195.00 Profit=0.03%
2026-07-21 14:19:23 INFO     strategy        PnL: 14:19:23 MTM=201.50 Profit=0.03%
2026-07-21 14:19:24 INFO     strategy        PnL: 14:19:24 MTM=214.50 Profit=0.03%
2026-07-21 14:19:25 INFO     strategy        PnL: 14:19:25 MTM=195.00 Profit=0.03%
2026-07-21 14:19:26 INFO     strategy        PnL: 14:19:26 MTM=204.75 Profit=0.03%
2026-07-21 14:19:27 INFO     strategy        PnL: 14:19:27 MTM=214.50 Profit=0.03%
2026-07-21 14:19:28 INFO     strategy        PnL: 14:19:28 MTM=198.25 Profit=0.03%
2026-07-21 14:19:29 INFO     strategy        PnL: 14:19:29 MTM=221.00 Profit=0.03%
2026-07-21 14:19:30 INFO     strategy        PnL: 14:19:30 MTM=191.75 Profit=0.03%
2026-07-21 14:19:31 INFO     strategy        PnL: 14:19:31 MTM=204.75 Profit=0.03%
2026-07-21 14:19:32 INFO     strategy        PnL: 14:19:32 MTM=214.50 Profit=0.03%
2026-07-21 14:19:33 INFO     strategy        PnL: 14:19:33 MTM=208.00 Profit=0.03%
2026-07-21 14:19:34 INFO     strategy        PnL: 14:19:34 MTM=221.00 Profit=0.03%
2026-07-21 14:19:35 INFO     strategy        PnL: 14:19:35 MTM=230.75 Profit=0.03%
2026-07-21 14:19:36 INFO     strategy        PnL: 14:19:36 MTM=211.25 Profit=0.03%
2026-07-21 14:19:37 INFO     strategy        PnL: 14:19:37 MTM=224.25 Profit=0.03%
2026-07-21 14:19:38 INFO     strategy        PnL: 14:19:38 MTM=191.75 Profit=0.03%
2026-07-21 14:19:39 INFO     strategy        PnL: 14:19:39 MTM=178.75 Profit=0.03%
2026-07-21 14:19:40 INFO     strategy        PnL: 14:19:40 MTM=188.50 Profit=0.03%
2026-07-21 14:19:41 INFO     strategy        PnL: 14:19:41 MTM=191.75 Profit=0.03%
2026-07-21 14:19:42 INFO     strategy        PnL: 14:19:42 MTM=185.25 Profit=0.03%
2026-07-21 14:19:43 INFO     strategy        PnL: 14:19:43 MTM=188.50 Profit=0.03%
2026-07-21 14:19:44 INFO     strategy        PnL: 14:19:44 MTM=185.25 Profit=0.03%
2026-07-21 14:19:45 INFO     strategy        PnL: 14:19:45 MTM=185.25 Profit=0.03%
2026-07-21 14:19:46 INFO     strategy        PnL: 14:19:46 MTM=175.50 Profit=0.03%
2026-07-21 14:19:47 INFO     strategy        PnL: 14:19:47 MTM=185.25 Profit=0.03%
2026-07-21 14:19:48 INFO     strategy        PnL: 14:19:48 MTM=182.00 Profit=0.03%
2026-07-21 14:19:49 INFO     strategy        PnL: 14:19:49 MTM=195.00 Profit=0.03%
2026-07-21 14:19:50 INFO     strategy        PnL: 14:19:50 MTM=204.75 Profit=0.03%
2026-07-21 14:19:51 INFO     strategy        PnL: 14:19:51 MTM=198.25 Profit=0.03%
2026-07-21 14:19:52 INFO     strategy        PnL: 14:19:52 MTM=208.00 Profit=0.03%
2026-07-21 14:19:53 INFO     strategy        PnL: 14:19:53 MTM=185.25 Profit=0.03%
2026-07-21 14:19:54 INFO     strategy        PnL: 14:19:54 MTM=188.50 Profit=0.03%
2026-07-21 14:19:55 INFO     strategy        PnL: 14:19:55 MTM=175.50 Profit=0.03%
2026-07-21 14:19:56 INFO     strategy        PnL: 14:19:56 MTM=172.25 Profit=0.03%
2026-07-21 14:19:57 INFO     strategy        PnL: 14:19:57 MTM=175.50 Profit=0.03%
2026-07-21 14:19:58 INFO     strategy        PnL: 14:19:58 MTM=139.75 Profit=0.02%
2026-07-21 14:19:59 INFO     strategy        PnL: 14:19:59 MTM=143.00 Profit=0.02%
2026-07-21 14:20:00 INFO     strategy        PnL: 14:20:00 MTM=143.00 Profit=0.02%
2026-07-21 14:20:01 INFO     strategy        PnL: 14:20:01 MTM=169.00 Profit=0.03%
2026-07-21 14:20:02 INFO     strategy        PnL: 14:20:02 MTM=182.00 Profit=0.03%
2026-07-21 14:20:03 INFO     strategy        PnL: 14:20:03 MTM=162.50 Profit=0.02%
2026-07-21 14:20:04 INFO     strategy        PnL: 14:20:04 MTM=143.00 Profit=0.02%
2026-07-21 14:20:05 INFO     strategy        PnL: 14:20:05 MTM=152.75 Profit=0.02%
2026-07-21 14:20:06 INFO     strategy        PnL: 14:20:06 MTM=149.50 Profit=0.02%
2026-07-21 14:20:07 INFO     strategy        PnL: 14:20:07 MTM=146.25 Profit=0.02%
2026-07-21 14:20:08 INFO     strategy        PnL: 14:20:08 MTM=152.75 Profit=0.02%
2026-07-21 14:20:09 INFO     strategy        PnL: 14:20:09 MTM=152.75 Profit=0.02%
2026-07-21 14:20:11 INFO     strategy        PnL: 14:20:11 MTM=156.00 Profit=0.02%
2026-07-21 14:20:12 INFO     strategy        PnL: 14:20:12 MTM=162.50 Profit=0.02%
2026-07-21 14:20:13 INFO     strategy        PnL: 14:20:13 MTM=182.00 Profit=0.03%
2026-07-21 14:20:14 INFO     strategy        PnL: 14:20:14 MTM=175.50 Profit=0.03%
2026-07-21 14:20:15 INFO     strategy        PnL: 14:20:15 MTM=191.75 Profit=0.03%
2026-07-21 14:20:16 INFO     strategy        PnL: 14:20:16 MTM=204.75 Profit=0.03%
2026-07-21 14:20:17 INFO     strategy        PnL: 14:20:17 MTM=201.50 Profit=0.03%
2026-07-21 14:20:18 INFO     strategy        PnL: 14:20:18 MTM=188.50 Profit=0.03%
2026-07-21 14:20:19 INFO     strategy        PnL: 14:20:19 MTM=185.25 Profit=0.03%
2026-07-21 14:20:20 INFO     strategy        PnL: 14:20:20 MTM=178.75 Profit=0.03%
2026-07-21 14:20:21 INFO     strategy        PnL: 14:20:21 MTM=198.25 Profit=0.03%
2026-07-21 14:20:22 INFO     strategy        PnL: 14:20:22 MTM=204.75 Profit=0.03%
2026-07-21 14:20:23 INFO     strategy        PnL: 14:20:23 MTM=201.50 Profit=0.03%
2026-07-21 14:20:24 INFO     strategy        PnL: 14:20:24 MTM=188.50 Profit=0.03%
2026-07-21 14:20:25 INFO     strategy        PnL: 14:20:25 MTM=214.50 Profit=0.03%
2026-07-21 14:20:26 INFO     strategy        PnL: 14:20:26 MTM=214.50 Profit=0.03%
2026-07-21 14:20:27 INFO     strategy        PnL: 14:20:27 MTM=208.00 Profit=0.03%
2026-07-21 14:20:28 INFO     strategy        PnL: 14:20:28 MTM=211.25 Profit=0.03%
2026-07-21 14:20:29 INFO     strategy        PnL: 14:20:29 MTM=230.75 Profit=0.03%
2026-07-21 14:20:30 INFO     strategy        PnL: 14:20:30 MTM=224.25 Profit=0.03%
2026-07-21 14:20:31 INFO     strategy        PnL: 14:20:31 MTM=211.25 Profit=0.03%
2026-07-21 14:20:32 INFO     strategy        PnL: 14:20:32 MTM=217.75 Profit=0.03%
2026-07-21 14:20:33 INFO     strategy        PnL: 14:20:33 MTM=234.00 Profit=0.04%
2026-07-21 14:20:34 INFO     strategy        PnL: 14:20:34 MTM=230.75 Profit=0.03%
2026-07-21 14:20:35 INFO     strategy        PnL: 14:20:35 MTM=250.25 Profit=0.04%
2026-07-21 14:20:36 INFO     strategy        PnL: 14:20:36 MTM=253.50 Profit=0.04%
2026-07-21 14:20:37 INFO     strategy        PnL: 14:20:37 MTM=253.50 Profit=0.04%
2026-07-21 14:20:38 INFO     strategy        PnL: 14:20:38 MTM=266.50 Profit=0.04%
2026-07-21 14:20:39 INFO     strategy        PnL: 14:20:39 MTM=289.25 Profit=0.04%
2026-07-21 14:20:40 INFO     strategy        PnL: 14:20:40 MTM=279.50 Profit=0.04%
2026-07-21 14:20:41 INFO     strategy        PnL: 14:20:41 MTM=295.75 Profit=0.04%
2026-07-21 14:20:42 INFO     strategy        PnL: 14:20:42 MTM=263.25 Profit=0.04%
2026-07-21 14:20:43 INFO     strategy        PnL: 14:20:43 MTM=308.75 Profit=0.05%
2026-07-21 14:20:44 INFO     strategy        PnL: 14:20:44 MTM=276.25 Profit=0.04%
2026-07-21 14:20:45 INFO     strategy        PnL: 14:20:45 MTM=276.25 Profit=0.04%
2026-07-21 14:20:46 INFO     strategy        PnL: 14:20:46 MTM=292.50 Profit=0.04%
2026-07-21 14:20:47 INFO     strategy        PnL: 14:20:47 MTM=266.50 Profit=0.04%
2026-07-21 14:20:48 INFO     strategy        PnL: 14:20:48 MTM=321.75 Profit=0.05%
2026-07-21 14:20:49 INFO     strategy        PnL: 14:20:49 MTM=315.25 Profit=0.05%
2026-07-21 14:20:50 INFO     strategy        PnL: 14:20:50 MTM=286.00 Profit=0.04%
2026-07-21 14:20:51 INFO     strategy        PnL: 14:20:51 MTM=292.50 Profit=0.04%
2026-07-21 14:20:52 INFO     strategy        PnL: 14:20:52 MTM=279.50 Profit=0.04%
2026-07-21 14:20:53 INFO     strategy        PnL: 14:20:53 MTM=266.50 Profit=0.04%
2026-07-21 14:20:54 INFO     strategy        PnL: 14:20:54 MTM=269.75 Profit=0.04%
2026-07-21 14:20:55 INFO     strategy        PnL: 14:20:55 MTM=276.25 Profit=0.04%
2026-07-21 14:20:56 INFO     strategy        PnL: 14:20:56 MTM=289.25 Profit=0.04%
2026-07-21 14:20:57 INFO     strategy        PnL: 14:20:57 MTM=341.25 Profit=0.05%
2026-07-21 14:20:58 INFO     strategy        PnL: 14:20:58 MTM=279.50 Profit=0.04%
2026-07-21 14:20:59 INFO     strategy        PnL: 14:20:59 MTM=299.00 Profit=0.04%
2026-07-21 14:21:00 INFO     strategy        PnL: 14:21:00 MTM=217.75 Profit=0.03%
2026-07-21 14:21:01 INFO     strategy        PnL: 14:21:01 MTM=211.25 Profit=0.03%
2026-07-21 14:21:02 INFO     strategy        PnL: 14:21:02 MTM=237.25 Profit=0.04%
2026-07-21 14:21:03 INFO     strategy        PnL: 14:21:03 MTM=230.75 Profit=0.03%
2026-07-21 14:21:04 INFO     strategy        PnL: 14:21:04 MTM=247.00 Profit=0.04%
2026-07-21 14:21:05 INFO     strategy        PnL: 14:21:05 MTM=250.25 Profit=0.04%
2026-07-21 14:21:06 INFO     strategy        PnL: 14:21:06 MTM=237.25 Profit=0.04%
2026-07-21 14:21:07 INFO     strategy        PnL: 14:21:07 MTM=214.50 Profit=0.03%
2026-07-21 14:21:08 INFO     strategy        PnL: 14:21:08 MTM=217.75 Profit=0.03%
2026-07-21 14:21:09 INFO     strategy        PnL: 14:21:09 MTM=237.25 Profit=0.04%
2026-07-21 14:21:10 INFO     strategy        PnL: 14:21:10 MTM=211.25 Profit=0.03%
2026-07-21 14:21:11 INFO     strategy        PnL: 14:21:11 MTM=240.50 Profit=0.04%
2026-07-21 14:21:12 INFO     strategy        PnL: 14:21:12 MTM=230.75 Profit=0.03%
2026-07-21 14:21:13 INFO     strategy        PnL: 14:21:13 MTM=224.25 Profit=0.03%
2026-07-21 14:21:14 INFO     strategy        PnL: 14:21:14 MTM=208.00 Profit=0.03%
2026-07-21 14:21:15 INFO     strategy        PnL: 14:21:15 MTM=204.75 Profit=0.03%
2026-07-21 14:21:16 INFO     strategy        PnL: 14:21:16 MTM=237.25 Profit=0.04%
2026-07-21 14:21:17 INFO     strategy        PnL: 14:21:17 MTM=211.25 Profit=0.03%
2026-07-21 14:21:18 INFO     strategy        PnL: 14:21:18 MTM=224.25 Profit=0.03%
2026-07-21 14:21:19 INFO     strategy        PnL: 14:21:19 MTM=237.25 Profit=0.04%
2026-07-21 14:21:20 INFO     strategy        PnL: 14:21:20 MTM=247.00 Profit=0.04%
2026-07-21 14:21:21 INFO     strategy        PnL: 14:21:21 MTM=217.75 Profit=0.03%
2026-07-21 14:21:22 INFO     strategy        PnL: 14:21:22 MTM=237.25 Profit=0.04%
2026-07-21 14:21:23 INFO     strategy        PnL: 14:21:23 MTM=217.75 Profit=0.03%
2026-07-21 14:21:24 INFO     strategy        PnL: 14:21:24 MTM=224.25 Profit=0.03%
2026-07-21 14:21:25 INFO     strategy        PnL: 14:21:25 MTM=227.50 Profit=0.03%
2026-07-21 14:21:26 INFO     strategy        PnL: 14:21:26 MTM=237.25 Profit=0.04%
2026-07-21 14:21:27 INFO     strategy        PnL: 14:21:27 MTM=224.25 Profit=0.03%
2026-07-21 14:21:28 INFO     strategy        PnL: 14:21:28 MTM=230.75 Profit=0.03%
2026-07-21 14:21:29 INFO     strategy        PnL: 14:21:29 MTM=224.25 Profit=0.03%
2026-07-21 14:21:30 INFO     strategy        PnL: 14:21:30 MTM=227.50 Profit=0.03%
2026-07-21 14:21:31 INFO     strategy        PnL: 14:21:31 MTM=224.25 Profit=0.03%
2026-07-21 14:21:32 INFO     strategy        PnL: 14:21:32 MTM=227.50 Profit=0.03%
2026-07-21 14:21:33 INFO     strategy        PnL: 14:21:33 MTM=208.00 Profit=0.03%
2026-07-21 14:21:34 INFO     strategy        PnL: 14:21:34 MTM=217.75 Profit=0.03%
2026-07-21 14:21:35 INFO     strategy        PnL: 14:21:35 MTM=243.75 Profit=0.04%
2026-07-21 14:21:36 INFO     strategy        PnL: 14:21:36 MTM=217.75 Profit=0.03%
2026-07-21 14:21:37 INFO     strategy        PnL: 14:21:37 MTM=198.25 Profit=0.03%
2026-07-21 14:21:38 INFO     strategy        PnL: 14:21:38 MTM=165.75 Profit=0.02%
2026-07-21 14:21:39 INFO     strategy        PnL: 14:21:39 MTM=214.50 Profit=0.03%
2026-07-21 14:21:40 INFO     strategy        PnL: 14:21:40 MTM=182.00 Profit=0.03%
2026-07-21 14:21:41 INFO     strategy        PnL: 14:21:41 MTM=162.50 Profit=0.02%
2026-07-21 14:21:42 INFO     strategy        PnL: 14:21:42 MTM=156.00 Profit=0.02%
2026-07-21 14:21:43 INFO     strategy        PnL: 14:21:43 MTM=152.75 Profit=0.02%
2026-07-21 14:21:44 INFO     strategy        PnL: 14:21:44 MTM=149.50 Profit=0.02%
2026-07-21 14:21:45 INFO     strategy        PnL: 14:21:45 MTM=178.75 Profit=0.03%
2026-07-21 14:21:46 INFO     strategy        PnL: 14:21:46 MTM=169.00 Profit=0.03%
2026-07-21 14:21:47 INFO     strategy        PnL: 14:21:47 MTM=191.75 Profit=0.03%
2026-07-21 14:21:48 INFO     strategy        PnL: 14:21:48 MTM=149.50 Profit=0.02%
2026-07-21 14:21:49 INFO     strategy        PnL: 14:21:49 MTM=178.75 Profit=0.03%
2026-07-21 14:21:50 INFO     strategy        PnL: 14:21:50 MTM=198.25 Profit=0.03%
2026-07-21 14:21:51 INFO     strategy        PnL: 14:21:51 MTM=162.50 Profit=0.02%
2026-07-21 14:21:52 INFO     strategy        PnL: 14:21:52 MTM=169.00 Profit=0.03%
2026-07-21 14:21:53 INFO     strategy        PnL: 14:21:53 MTM=182.00 Profit=0.03%
2026-07-21 14:21:54 INFO     strategy        PnL: 14:21:54 MTM=198.25 Profit=0.03%
2026-07-21 14:21:55 INFO     strategy        PnL: 14:21:55 MTM=195.00 Profit=0.03%
2026-07-21 14:21:56 INFO     strategy        PnL: 14:21:56 MTM=195.00 Profit=0.03%
2026-07-21 14:21:58 INFO     strategy        PnL: 14:21:57 MTM=208.00 Profit=0.03%
2026-07-21 14:21:59 INFO     strategy        PnL: 14:21:59 MTM=204.75 Profit=0.03%
2026-07-21 14:22:00 INFO     strategy        PnL: 14:22:00 MTM=208.00 Profit=0.03%
2026-07-21 14:22:01 INFO     strategy        PnL: 14:22:01 MTM=198.25 Profit=0.03%
2026-07-21 14:22:02 INFO     strategy        PnL: 14:22:02 MTM=195.00 Profit=0.03%
2026-07-21 14:22:03 INFO     strategy        PnL: 14:22:03 MTM=198.25 Profit=0.03%
2026-07-21 14:22:04 INFO     strategy        PnL: 14:22:04 MTM=195.00 Profit=0.03%
2026-07-21 14:22:05 INFO     strategy        PnL: 14:22:05 MTM=211.25 Profit=0.03%
2026-07-21 14:22:06 INFO     strategy        PnL: 14:22:06 MTM=237.25 Profit=0.04%
2026-07-21 14:22:07 INFO     strategy        PnL: 14:22:07 MTM=243.75 Profit=0.04%
2026-07-21 14:22:08 INFO     strategy        PnL: 14:22:08 MTM=243.75 Profit=0.04%
2026-07-21 14:22:09 INFO     strategy        PnL: 14:22:09 MTM=224.25 Profit=0.03%
2026-07-21 14:22:10 INFO     strategy        PnL: 14:22:10 MTM=253.50 Profit=0.04%
2026-07-21 14:22:11 INFO     strategy        PnL: 14:22:11 MTM=250.25 Profit=0.04%
2026-07-21 14:22:12 INFO     strategy        PnL: 14:22:12 MTM=266.50 Profit=0.04%
2026-07-21 14:22:13 INFO     strategy        PnL: 14:22:13 MTM=256.75 Profit=0.04%
2026-07-21 14:22:14 INFO     strategy        PnL: 14:22:14 MTM=260.00 Profit=0.04%
2026-07-21 14:22:15 INFO     strategy        PnL: 14:22:15 MTM=279.50 Profit=0.04%
2026-07-21 14:22:16 INFO     strategy        PnL: 14:22:16 MTM=279.50 Profit=0.04%
2026-07-21 14:22:17 INFO     strategy        PnL: 14:22:17 MTM=279.50 Profit=0.04%
2026-07-21 14:22:18 INFO     strategy        PnL: 14:22:18 MTM=302.25 Profit=0.05%
2026-07-21 14:22:19 INFO     strategy        PnL: 14:22:19 MTM=273.00 Profit=0.04%
2026-07-21 14:22:20 INFO     strategy        PnL: 14:22:20 MTM=286.00 Profit=0.04%
2026-07-21 14:22:21 INFO     strategy        PnL: 14:22:21 MTM=292.50 Profit=0.04%
2026-07-21 14:22:22 INFO     strategy        PnL: 14:22:22 MTM=286.00 Profit=0.04%
2026-07-21 14:22:23 INFO     strategy        PnL: 14:22:23 MTM=256.75 Profit=0.04%
2026-07-21 14:22:24 INFO     strategy        PnL: 14:22:24 MTM=263.25 Profit=0.04%
2026-07-21 14:22:25 INFO     strategy        PnL: 14:22:25 MTM=237.25 Profit=0.04%
2026-07-21 14:22:26 INFO     strategy        PnL: 14:22:26 MTM=240.50 Profit=0.04%
2026-07-21 14:22:27 INFO     strategy        PnL: 14:22:27 MTM=243.75 Profit=0.04%
2026-07-21 14:22:28 INFO     strategy        PnL: 14:22:28 MTM=240.50 Profit=0.04%
2026-07-21 14:22:29 INFO     strategy        PnL: 14:22:29 MTM=234.00 Profit=0.04%
2026-07-21 14:22:30 INFO     strategy        PnL: 14:22:30 MTM=234.00 Profit=0.04%
2026-07-21 14:22:31 INFO     strategy        PnL: 14:22:31 MTM=253.50 Profit=0.04%
2026-07-21 14:22:32 INFO     strategy        PnL: 14:22:32 MTM=279.50 Profit=0.04%
2026-07-21 14:22:33 INFO     strategy        PnL: 14:22:33 MTM=260.00 Profit=0.04%
2026-07-21 14:22:34 INFO     strategy        PnL: 14:22:34 MTM=273.00 Profit=0.04%
2026-07-21 14:22:35 INFO     strategy        PnL: 14:22:35 MTM=266.50 Profit=0.04%
2026-07-21 14:22:36 INFO     strategy        PnL: 14:22:36 MTM=279.50 Profit=0.04%
2026-07-21 14:22:37 INFO     strategy        PnL: 14:22:37 MTM=273.00 Profit=0.04%
2026-07-21 14:22:38 INFO     strategy        PnL: 14:22:38 MTM=266.50 Profit=0.04%
2026-07-21 14:22:39 INFO     strategy        PnL: 14:22:39 MTM=279.50 Profit=0.04%
2026-07-21 14:22:40 INFO     strategy        PnL: 14:22:40 MTM=253.50 Profit=0.04%
2026-07-21 14:22:41 INFO     strategy        PnL: 14:22:41 MTM=266.50 Profit=0.04%
2026-07-21 14:22:42 INFO     strategy        PnL: 14:22:42 MTM=269.75 Profit=0.04%
2026-07-21 14:22:43 INFO     strategy        PnL: 14:22:43 MTM=295.75 Profit=0.04%
2026-07-21 14:22:44 INFO     strategy        PnL: 14:22:44 MTM=273.00 Profit=0.04%
2026-07-21 14:22:45 INFO     strategy        PnL: 14:22:45 MTM=289.25 Profit=0.04%
2026-07-21 14:22:46 INFO     strategy        PnL: 14:22:46 MTM=279.50 Profit=0.04%
2026-07-21 14:22:47 INFO     strategy        PnL: 14:22:47 MTM=263.25 Profit=0.04%
2026-07-21 14:22:48 INFO     strategy        PnL: 14:22:48 MTM=286.00 Profit=0.04%
2026-07-21 14:22:49 INFO     strategy        PnL: 14:22:49 MTM=273.00 Profit=0.04%
2026-07-21 14:22:50 INFO     strategy        PnL: 14:22:50 MTM=266.50 Profit=0.04%
2026-07-21 14:22:51 INFO     strategy        PnL: 14:22:51 MTM=247.00 Profit=0.04%
2026-07-21 14:22:52 INFO     strategy        PnL: 14:22:52 MTM=266.50 Profit=0.04%
2026-07-21 14:22:53 INFO     strategy        PnL: 14:22:53 MTM=260.00 Profit=0.04%
2026-07-21 14:22:54 INFO     strategy        PnL: 14:22:54 MTM=266.50 Profit=0.04%
2026-07-21 14:22:55 INFO     strategy        PnL: 14:22:55 MTM=227.50 Profit=0.03%
2026-07-21 14:22:56 INFO     strategy        PnL: 14:22:56 MTM=247.00 Profit=0.04%
2026-07-21 14:22:57 INFO     strategy        PnL: 14:22:57 MTM=230.75 Profit=0.03%
2026-07-21 14:22:58 INFO     strategy        PnL: 14:22:58 MTM=243.75 Profit=0.04%
2026-07-21 14:22:59 INFO     strategy        PnL: 14:22:59 MTM=240.50 Profit=0.04%
2026-07-21 14:23:00 INFO     strategy        PnL: 14:23:00 MTM=253.50 Profit=0.04%
2026-07-21 14:23:01 INFO     strategy        PnL: 14:23:01 MTM=256.75 Profit=0.04%
2026-07-21 14:23:02 INFO     strategy        PnL: 14:23:02 MTM=256.75 Profit=0.04%
2026-07-21 14:23:03 INFO     strategy        PnL: 14:23:03 MTM=263.25 Profit=0.04%
2026-07-21 14:23:04 INFO     strategy        PnL: 14:23:04 MTM=240.50 Profit=0.04%
2026-07-21 14:23:05 INFO     strategy        PnL: 14:23:05 MTM=230.75 Profit=0.03%
2026-07-21 14:23:06 INFO     strategy        PnL: 14:23:06 MTM=250.25 Profit=0.04%
2026-07-21 14:23:07 INFO     strategy        PnL: 14:23:07 MTM=247.00 Profit=0.04%
2026-07-21 14:23:08 INFO     strategy        PnL: 14:23:08 MTM=243.75 Profit=0.04%
2026-07-21 14:23:09 INFO     strategy        PnL: 14:23:09 MTM=253.50 Profit=0.04%
2026-07-21 14:23:10 INFO     strategy        PnL: 14:23:10 MTM=247.00 Profit=0.04%
2026-07-21 14:23:11 INFO     strategy        PnL: 14:23:11 MTM=269.75 Profit=0.04%
2026-07-21 14:23:12 INFO     strategy        PnL: 14:23:12 MTM=260.00 Profit=0.04%
2026-07-21 14:23:13 INFO     strategy        PnL: 14:23:13 MTM=253.50 Profit=0.04%
2026-07-21 14:23:14 INFO     strategy        PnL: 14:23:14 MTM=250.25 Profit=0.04%
2026-07-21 14:23:15 INFO     strategy        PnL: 14:23:15 MTM=273.00 Profit=0.04%
2026-07-21 14:23:16 INFO     strategy        PnL: 14:23:16 MTM=266.50 Profit=0.04%
2026-07-21 14:23:17 INFO     strategy        PnL: 14:23:17 MTM=253.50 Profit=0.04%
2026-07-21 14:23:18 INFO     strategy        PnL: 14:23:18 MTM=286.00 Profit=0.04%
2026-07-21 14:23:19 INFO     strategy        PnL: 14:23:19 MTM=299.00 Profit=0.04%
2026-07-21 14:23:20 INFO     strategy        PnL: 14:23:20 MTM=286.00 Profit=0.04%
2026-07-21 14:23:21 INFO     strategy        PnL: 14:23:21 MTM=289.25 Profit=0.04%
2026-07-21 14:23:22 INFO     strategy        PnL: 14:23:22 MTM=292.50 Profit=0.04%
2026-07-21 14:23:23 INFO     strategy        PnL: 14:23:23 MTM=312.00 Profit=0.05%
2026-07-21 14:23:24 INFO     strategy        PnL: 14:23:24 MTM=305.50 Profit=0.05%
2026-07-21 14:23:25 INFO     strategy        PnL: 14:23:25 MTM=325.00 Profit=0.05%
2026-07-21 14:23:26 INFO     strategy        PnL: 14:23:26 MTM=299.00 Profit=0.04%
2026-07-21 14:23:27 INFO     strategy        PnL: 14:23:27 MTM=312.00 Profit=0.05%
2026-07-21 14:23:28 INFO     strategy        PnL: 14:23:28 MTM=289.25 Profit=0.04%
2026-07-21 14:23:29 INFO     strategy        PnL: 14:23:29 MTM=312.00 Profit=0.05%
2026-07-21 14:23:30 INFO     strategy        PnL: 14:23:30 MTM=299.00 Profit=0.04%
2026-07-21 14:23:31 INFO     strategy        PnL: 14:23:31 MTM=289.25 Profit=0.04%
2026-07-21 14:23:32 INFO     strategy        PnL: 14:23:32 MTM=279.50 Profit=0.04%
2026-07-21 14:23:33 INFO     strategy        PnL: 14:23:33 MTM=312.00 Profit=0.05%
2026-07-21 14:23:34 INFO     strategy        PnL: 14:23:34 MTM=292.50 Profit=0.04%
2026-07-21 14:23:35 INFO     strategy        PnL: 14:23:35 MTM=286.00 Profit=0.04%
2026-07-21 14:23:37 INFO     strategy        PnL: 14:23:36 MTM=299.00 Profit=0.04%
2026-07-21 14:23:37 INFO     strategy        PnL: 14:23:37 MTM=276.25 Profit=0.04%
2026-07-21 14:23:38 INFO     strategy        PnL: 14:23:38 MTM=292.50 Profit=0.04%
2026-07-21 14:23:40 INFO     strategy        PnL: 14:23:40 MTM=289.25 Profit=0.04%
2026-07-21 14:23:41 INFO     strategy        PnL: 14:23:41 MTM=292.50 Profit=0.04%
2026-07-21 14:23:42 INFO     strategy        PnL: 14:23:42 MTM=308.75 Profit=0.05%
2026-07-21 14:23:43 INFO     strategy        PnL: 14:23:43 MTM=299.00 Profit=0.04%
2026-07-21 14:23:44 INFO     strategy        PnL: 14:23:44 MTM=315.25 Profit=0.05%
2026-07-21 14:23:45 INFO     strategy        PnL: 14:23:45 MTM=351.00 Profit=0.05%
2026-07-21 14:23:46 INFO     strategy        PnL: 14:23:46 MTM=334.75 Profit=0.05%
2026-07-21 14:23:47 INFO     strategy        PnL: 14:23:47 MTM=312.00 Profit=0.05%
2026-07-21 14:23:48 INFO     strategy        PnL: 14:23:48 MTM=344.50 Profit=0.05%
2026-07-21 14:23:49 INFO     strategy        PnL: 14:23:49 MTM=315.25 Profit=0.05%
2026-07-21 14:23:50 INFO     strategy        PnL: 14:23:50 MTM=321.75 Profit=0.05%
2026-07-21 14:23:51 INFO     strategy        PnL: 14:23:51 MTM=364.00 Profit=0.05%
2026-07-21 14:23:52 INFO     strategy        PnL: 14:23:52 MTM=354.25 Profit=0.05%
2026-07-21 14:23:53 INFO     strategy        PnL: 14:23:53 MTM=344.50 Profit=0.05%
2026-07-21 14:23:54 INFO     strategy        PnL: 14:23:54 MTM=341.25 Profit=0.05%
2026-07-21 14:23:55 INFO     strategy        PnL: 14:23:55 MTM=373.75 Profit=0.06%
2026-07-21 14:23:56 INFO     strategy        PnL: 14:23:56 MTM=386.75 Profit=0.06%
2026-07-21 14:23:57 INFO     strategy        PnL: 14:23:57 MTM=370.50 Profit=0.06%
2026-07-21 14:23:58 INFO     strategy        PnL: 14:23:58 MTM=383.50 Profit=0.06%
2026-07-21 14:23:59 INFO     strategy        PnL: 14:23:59 MTM=377.00 Profit=0.06%
2026-07-21 14:24:00 INFO     strategy        PnL: 14:24:00 MTM=341.25 Profit=0.05%
2026-07-21 14:24:01 INFO     strategy        PnL: 14:24:01 MTM=367.25 Profit=0.06%
2026-07-21 14:24:02 INFO     strategy        PnL: 14:24:02 MTM=364.00 Profit=0.05%
2026-07-21 14:24:03 INFO     strategy        PnL: 14:24:03 MTM=331.50 Profit=0.05%
2026-07-21 14:24:04 INFO     strategy        PnL: 14:24:04 MTM=338.00 Profit=0.05%
2026-07-21 14:24:05 INFO     strategy        PnL: 14:24:05 MTM=360.75 Profit=0.05%
2026-07-21 14:24:06 INFO     strategy        PnL: 14:24:06 MTM=380.25 Profit=0.06%
2026-07-21 14:24:07 INFO     strategy        PnL: 14:24:07 MTM=393.25 Profit=0.06%
2026-07-21 14:24:08 INFO     strategy        PnL: 14:24:08 MTM=380.25 Profit=0.06%
2026-07-21 14:24:09 INFO     strategy        PnL: 14:24:09 MTM=377.00 Profit=0.06%
2026-07-21 14:24:10 INFO     strategy        PnL: 14:24:10 MTM=386.75 Profit=0.06%
2026-07-21 14:24:11 INFO     strategy        PnL: 14:24:11 MTM=354.25 Profit=0.05%
2026-07-21 14:24:12 INFO     strategy        PnL: 14:24:12 MTM=380.25 Profit=0.06%
2026-07-21 14:24:13 INFO     strategy        PnL: 14:24:13 MTM=380.25 Profit=0.06%
2026-07-21 14:24:14 INFO     strategy        PnL: 14:24:14 MTM=357.50 Profit=0.05%
2026-07-21 14:24:15 INFO     strategy        PnL: 14:24:15 MTM=367.25 Profit=0.06%
2026-07-21 14:24:16 INFO     strategy        PnL: 14:24:16 MTM=344.50 Profit=0.05%
2026-07-21 14:24:17 INFO     strategy        PnL: 14:24:17 MTM=354.25 Profit=0.05%
2026-07-21 14:24:18 INFO     strategy        PnL: 14:24:18 MTM=334.75 Profit=0.05%
2026-07-21 14:24:19 INFO     strategy        PnL: 14:24:19 MTM=279.50 Profit=0.04%
2026-07-21 14:24:20 INFO     strategy        PnL: 14:24:20 MTM=289.25 Profit=0.04%
2026-07-21 14:24:21 INFO     strategy        PnL: 14:24:21 MTM=269.75 Profit=0.04%
2026-07-21 14:24:22 INFO     strategy        PnL: 14:24:22 MTM=269.75 Profit=0.04%
2026-07-21 14:24:23 INFO     strategy        PnL: 14:24:23 MTM=273.00 Profit=0.04%
2026-07-21 14:24:24 INFO     strategy        PnL: 14:24:24 MTM=282.75 Profit=0.04%
2026-07-21 14:24:25 INFO     strategy        PnL: 14:24:25 MTM=286.00 Profit=0.04%
2026-07-21 14:24:26 INFO     strategy        PnL: 14:24:26 MTM=286.00 Profit=0.04%
2026-07-21 14:24:27 INFO     strategy        PnL: 14:24:27 MTM=321.75 Profit=0.05%
2026-07-21 14:24:28 INFO     strategy        PnL: 14:24:28 MTM=279.50 Profit=0.04%
2026-07-21 14:24:29 INFO     strategy        PnL: 14:24:29 MTM=276.25 Profit=0.04%
2026-07-21 14:24:30 INFO     strategy        PnL: 14:24:30 MTM=269.75 Profit=0.04%
2026-07-21 14:24:31 INFO     strategy        PnL: 14:24:31 MTM=289.25 Profit=0.04%
2026-07-21 14:24:32 INFO     strategy        PnL: 14:24:32 MTM=276.25 Profit=0.04%
2026-07-21 14:24:33 INFO     strategy        PnL: 14:24:33 MTM=286.00 Profit=0.04%
2026-07-21 14:24:34 INFO     strategy        PnL: 14:24:34 MTM=286.00 Profit=0.04%
2026-07-21 14:24:35 INFO     strategy        PnL: 14:24:35 MTM=334.75 Profit=0.05%
2026-07-21 14:24:36 INFO     strategy        PnL: 14:24:36 MTM=318.50 Profit=0.05%
2026-07-21 14:24:37 INFO     strategy        PnL: 14:24:37 MTM=328.25 Profit=0.05%
2026-07-21 14:24:38 INFO     strategy        PnL: 14:24:38 MTM=338.00 Profit=0.05%
2026-07-21 14:24:39 INFO     strategy        PnL: 14:24:39 MTM=328.25 Profit=0.05%
2026-07-21 14:24:40 INFO     strategy        PnL: 14:24:40 MTM=331.50 Profit=0.05%
2026-07-21 14:24:41 INFO     strategy        PnL: 14:24:41 MTM=357.50 Profit=0.05%
2026-07-21 14:24:42 INFO     strategy        PnL: 14:24:42 MTM=357.50 Profit=0.05%
2026-07-21 14:24:43 INFO     strategy        PnL: 14:24:43 MTM=347.75 Profit=0.05%
2026-07-21 14:24:44 INFO     strategy        PnL: 14:24:44 MTM=338.00 Profit=0.05%
2026-07-21 14:24:45 INFO     strategy        PnL: 14:24:45 MTM=367.25 Profit=0.06%
2026-07-21 14:24:46 INFO     strategy        PnL: 14:24:46 MTM=344.50 Profit=0.05%
2026-07-21 14:24:47 INFO     strategy        PnL: 14:24:47 MTM=341.25 Profit=0.05%
2026-07-21 14:24:48 INFO     strategy        PnL: 14:24:48 MTM=360.75 Profit=0.05%
2026-07-21 14:24:49 INFO     strategy        PnL: 14:24:49 MTM=357.50 Profit=0.05%
2026-07-21 14:24:50 INFO     strategy        PnL: 14:24:50 MTM=351.00 Profit=0.05%
2026-07-21 14:24:51 INFO     strategy        PnL: 14:24:51 MTM=354.25 Profit=0.05%
2026-07-21 14:24:52 INFO     strategy        PnL: 14:24:52 MTM=338.00 Profit=0.05%
2026-07-21 14:24:53 INFO     strategy        PnL: 14:24:53 MTM=308.75 Profit=0.05%
2026-07-21 14:24:54 INFO     strategy        PnL: 14:24:54 MTM=321.75 Profit=0.05%
2026-07-21 14:24:55 INFO     strategy        PnL: 14:24:55 MTM=299.00 Profit=0.04%
2026-07-21 14:24:56 INFO     strategy        PnL: 14:24:56 MTM=302.25 Profit=0.05%
2026-07-21 14:24:57 INFO     strategy        PnL: 14:24:57 MTM=312.00 Profit=0.05%
2026-07-21 14:24:58 INFO     strategy        PnL: 14:24:58 MTM=312.00 Profit=0.05%
2026-07-21 14:24:59 INFO     strategy        PnL: 14:24:59 MTM=276.25 Profit=0.04%
2026-07-21 14:25:00 INFO     strategy        PnL: 14:25:00 MTM=299.00 Profit=0.04%
2026-07-21 14:25:01 INFO     strategy        PnL: 14:25:01 MTM=292.50 Profit=0.04%
2026-07-21 14:25:02 INFO     strategy        PnL: 14:25:02 MTM=286.00 Profit=0.04%
2026-07-21 14:25:03 INFO     strategy        PnL: 14:25:03 MTM=286.00 Profit=0.04%
2026-07-21 14:25:04 INFO     strategy        PnL: 14:25:04 MTM=286.00 Profit=0.04%
2026-07-21 14:25:05 INFO     strategy        PnL: 14:25:05 MTM=289.25 Profit=0.04%
2026-07-21 14:25:06 INFO     strategy        PnL: 14:25:06 MTM=253.50 Profit=0.04%
2026-07-21 14:25:07 INFO     strategy        PnL: 14:25:07 MTM=240.50 Profit=0.04%
2026-07-21 14:25:08 INFO     strategy        PnL: 14:25:08 MTM=282.75 Profit=0.04%
2026-07-21 14:25:09 INFO     strategy        PnL: 14:25:09 MTM=299.00 Profit=0.04%
2026-07-21 14:25:10 INFO     strategy        PnL: 14:25:10 MTM=299.00 Profit=0.04%
2026-07-21 14:25:11 INFO     strategy        PnL: 14:25:11 MTM=295.75 Profit=0.04%
2026-07-21 14:25:12 INFO     strategy        PnL: 14:25:12 MTM=292.50 Profit=0.04%
2026-07-21 14:25:13 INFO     strategy        PnL: 14:25:13 MTM=308.75 Profit=0.05%
2026-07-21 14:25:14 INFO     strategy        PnL: 14:25:14 MTM=289.25 Profit=0.04%
2026-07-21 14:25:15 INFO     strategy        PnL: 14:25:15 MTM=292.50 Profit=0.04%
2026-07-21 14:25:16 INFO     strategy        PnL: 14:25:16 MTM=286.00 Profit=0.04%
2026-07-21 14:25:17 INFO     strategy        PnL: 14:25:17 MTM=292.50 Profit=0.04%
2026-07-21 14:25:18 INFO     strategy        PnL: 14:25:18 MTM=279.50 Profit=0.04%
2026-07-21 14:25:19 INFO     strategy        PnL: 14:25:19 MTM=269.75 Profit=0.04%
2026-07-21 14:25:20 INFO     strategy        PnL: 14:25:20 MTM=273.00 Profit=0.04%
2026-07-21 14:25:22 INFO     strategy        PnL: 14:25:22 MTM=266.50 Profit=0.04%
2026-07-21 14:25:23 INFO     strategy        PnL: 14:25:23 MTM=269.75 Profit=0.04%
2026-07-21 14:25:24 INFO     strategy        PnL: 14:25:24 MTM=282.75 Profit=0.04%
2026-07-21 14:25:25 INFO     strategy        PnL: 14:25:25 MTM=266.50 Profit=0.04%
2026-07-21 14:25:26 INFO     strategy        PnL: 14:25:26 MTM=269.75 Profit=0.04%
2026-07-21 14:25:27 INFO     strategy        PnL: 14:25:27 MTM=299.00 Profit=0.04%
2026-07-21 14:25:28 INFO     strategy        PnL: 14:25:28 MTM=279.50 Profit=0.04%
2026-07-21 14:25:29 INFO     strategy        PnL: 14:25:29 MTM=282.75 Profit=0.04%
2026-07-21 14:25:30 INFO     strategy        PnL: 14:25:30 MTM=289.25 Profit=0.04%
2026-07-21 14:25:31 INFO     strategy        PnL: 14:25:31 MTM=289.25 Profit=0.04%
2026-07-21 14:25:32 INFO     strategy        PnL: 14:25:32 MTM=292.50 Profit=0.04%
2026-07-21 14:25:33 INFO     strategy        PnL: 14:25:33 MTM=276.25 Profit=0.04%
2026-07-21 14:25:34 INFO     strategy        PnL: 14:25:34 MTM=253.50 Profit=0.04%
2026-07-21 14:25:35 INFO     strategy        PnL: 14:25:35 MTM=260.00 Profit=0.04%
2026-07-21 14:25:36 INFO     strategy        PnL: 14:25:36 MTM=237.25 Profit=0.04%
2026-07-21 14:25:37 INFO     strategy        PnL: 14:25:37 MTM=237.25 Profit=0.04%
2026-07-21 14:25:38 INFO     strategy        PnL: 14:25:38 MTM=227.50 Profit=0.03%
2026-07-21 14:25:39 INFO     strategy        PnL: 14:25:39 MTM=276.25 Profit=0.04%
2026-07-21 14:25:40 INFO     strategy        PnL: 14:25:40 MTM=269.75 Profit=0.04%
2026-07-21 14:25:41 INFO     strategy        PnL: 14:25:41 MTM=282.75 Profit=0.04%
2026-07-21 14:25:42 INFO     strategy        PnL: 14:25:42 MTM=263.25 Profit=0.04%
2026-07-21 14:25:43 INFO     strategy        PnL: 14:25:43 MTM=247.00 Profit=0.04%
2026-07-21 14:25:44 INFO     strategy        PnL: 14:25:44 MTM=256.75 Profit=0.04%
2026-07-21 14:25:45 INFO     strategy        PnL: 14:25:45 MTM=260.00 Profit=0.04%
2026-07-21 14:25:46 INFO     strategy        PnL: 14:25:46 MTM=256.75 Profit=0.04%
2026-07-21 14:25:47 INFO     strategy        PnL: 14:25:47 MTM=256.75 Profit=0.04%
2026-07-21 14:25:48 INFO     strategy        PnL: 14:25:48 MTM=243.75 Profit=0.04%
2026-07-21 14:25:49 INFO     strategy        PnL: 14:25:49 MTM=243.75 Profit=0.04%
2026-07-21 14:25:50 INFO     strategy        PnL: 14:25:50 MTM=230.75 Profit=0.03%
2026-07-21 14:25:51 INFO     strategy        PnL: 14:25:51 MTM=247.00 Profit=0.04%
2026-07-21 14:25:52 INFO     strategy        PnL: 14:25:52 MTM=234.00 Profit=0.04%
2026-07-21 14:25:53 INFO     strategy        PnL: 14:25:53 MTM=230.75 Profit=0.03%
2026-07-21 14:25:54 INFO     strategy        PnL: 14:25:54 MTM=247.00 Profit=0.04%
2026-07-21 14:25:55 INFO     strategy        PnL: 14:25:55 MTM=250.25 Profit=0.04%
2026-07-21 14:25:56 INFO     strategy        PnL: 14:25:56 MTM=253.50 Profit=0.04%
2026-07-21 14:25:57 INFO     strategy        PnL: 14:25:57 MTM=276.25 Profit=0.04%
2026-07-21 14:25:58 INFO     strategy        PnL: 14:25:58 MTM=286.00 Profit=0.04%
2026-07-21 14:25:59 INFO     strategy        PnL: 14:25:59 MTM=250.25 Profit=0.04%
2026-07-21 14:26:00 INFO     strategy        PnL: 14:26:00 MTM=279.50 Profit=0.04%
2026-07-21 14:26:01 INFO     strategy        PnL: 14:26:01 MTM=247.00 Profit=0.04%
2026-07-21 14:26:02 INFO     strategy        PnL: 14:26:02 MTM=263.25 Profit=0.04%
2026-07-21 14:26:03 INFO     strategy        PnL: 14:26:03 MTM=256.75 Profit=0.04%
2026-07-21 14:26:04 INFO     strategy        PnL: 14:26:04 MTM=263.25 Profit=0.04%
2026-07-21 14:26:05 INFO     strategy        PnL: 14:26:05 MTM=269.75 Profit=0.04%
2026-07-21 14:26:06 INFO     strategy        PnL: 14:26:06 MTM=273.00 Profit=0.04%
2026-07-21 14:26:07 INFO     strategy        PnL: 14:26:07 MTM=256.75 Profit=0.04%
2026-07-21 14:26:08 INFO     strategy        PnL: 14:26:08 MTM=253.50 Profit=0.04%
2026-07-21 14:26:09 INFO     strategy        PnL: 14:26:09 MTM=273.00 Profit=0.04%
2026-07-21 14:26:10 INFO     strategy        PnL: 14:26:10 MTM=269.75 Profit=0.04%
2026-07-21 14:26:11 INFO     strategy        PnL: 14:26:11 MTM=292.50 Profit=0.04%
2026-07-21 14:26:12 INFO     strategy        PnL: 14:26:12 MTM=308.75 Profit=0.05%
2026-07-21 14:26:13 INFO     strategy        PnL: 14:26:13 MTM=295.75 Profit=0.04%
2026-07-21 14:26:14 INFO     strategy        PnL: 14:26:14 MTM=305.50 Profit=0.05%
2026-07-21 14:26:15 INFO     strategy        PnL: 14:26:15 MTM=312.00 Profit=0.05%
2026-07-21 14:26:16 INFO     strategy        PnL: 14:26:16 MTM=318.50 Profit=0.05%
2026-07-21 14:26:17 INFO     strategy        PnL: 14:26:17 MTM=308.75 Profit=0.05%
2026-07-21 14:26:18 INFO     strategy        PnL: 14:26:18 MTM=315.25 Profit=0.05%
2026-07-21 14:26:19 INFO     strategy        PnL: 14:26:19 MTM=360.75 Profit=0.05%
2026-07-21 14:26:20 INFO     strategy        PnL: 14:26:20 MTM=266.50 Profit=0.04%
2026-07-21 14:26:21 INFO     strategy        PnL: 14:26:21 MTM=269.75 Profit=0.04%
2026-07-21 14:26:22 INFO     strategy        PnL: 14:26:22 MTM=286.00 Profit=0.04%
2026-07-21 14:26:23 INFO     strategy        PnL: 14:26:23 MTM=263.25 Profit=0.04%
2026-07-21 14:26:24 INFO     strategy        PnL: 14:26:24 MTM=289.25 Profit=0.04%
2026-07-21 14:26:25 INFO     strategy        PnL: 14:26:25 MTM=295.75 Profit=0.04%
2026-07-21 14:26:26 INFO     strategy        PnL: 14:26:26 MTM=299.00 Profit=0.04%
2026-07-21 14:26:27 INFO     strategy        PnL: 14:26:27 MTM=299.00 Profit=0.04%
2026-07-21 14:26:28 INFO     strategy        PnL: 14:26:28 MTM=289.25 Profit=0.04%
2026-07-21 14:26:29 INFO     strategy        PnL: 14:26:29 MTM=276.25 Profit=0.04%
2026-07-21 14:26:30 INFO     strategy        PnL: 14:26:30 MTM=256.75 Profit=0.04%
2026-07-21 14:26:31 INFO     strategy        PnL: 14:26:31 MTM=263.25 Profit=0.04%
2026-07-21 14:26:32 INFO     strategy        PnL: 14:26:32 MTM=286.00 Profit=0.04%
2026-07-21 14:26:33 INFO     strategy        PnL: 14:26:33 MTM=282.75 Profit=0.04%
2026-07-21 14:26:34 INFO     strategy        PnL: 14:26:34 MTM=289.25 Profit=0.04%
2026-07-21 14:26:35 INFO     strategy        PnL: 14:26:35 MTM=282.75 Profit=0.04%
2026-07-21 14:26:36 INFO     strategy        PnL: 14:26:36 MTM=250.25 Profit=0.04%
2026-07-21 14:26:37 INFO     strategy        PnL: 14:26:37 MTM=250.25 Profit=0.04%
2026-07-21 14:26:38 INFO     strategy        PnL: 14:26:38 MTM=237.25 Profit=0.04%
2026-07-21 14:26:39 INFO     strategy        PnL: 14:26:39 MTM=269.75 Profit=0.04%
2026-07-21 14:26:40 INFO     strategy        PnL: 14:26:40 MTM=276.25 Profit=0.04%
2026-07-21 14:26:41 INFO     strategy        PnL: 14:26:41 MTM=266.50 Profit=0.04%
2026-07-21 14:26:42 INFO     strategy        PnL: 14:26:42 MTM=260.00 Profit=0.04%
2026-07-21 14:26:43 INFO     strategy        PnL: 14:26:43 MTM=266.50 Profit=0.04%
2026-07-21 14:26:44 INFO     strategy        PnL: 14:26:44 MTM=263.25 Profit=0.04%
2026-07-21 14:26:45 INFO     strategy        PnL: 14:26:45 MTM=266.50 Profit=0.04%
2026-07-21 14:26:46 INFO     strategy        PnL: 14:26:46 MTM=243.75 Profit=0.04%
2026-07-21 14:26:47 INFO     strategy        PnL: 14:26:47 MTM=243.75 Profit=0.04%
2026-07-21 14:26:48 INFO     strategy        PnL: 14:26:48 MTM=253.50 Profit=0.04%
2026-07-21 14:26:49 INFO     strategy        PnL: 14:26:49 MTM=263.25 Profit=0.04%
2026-07-21 14:26:50 INFO     strategy        PnL: 14:26:50 MTM=247.00 Profit=0.04%
2026-07-21 14:26:51 INFO     strategy        PnL: 14:26:51 MTM=286.00 Profit=0.04%
2026-07-21 14:26:52 INFO     strategy        PnL: 14:26:52 MTM=266.50 Profit=0.04%
2026-07-21 14:26:53 INFO     strategy        PnL: 14:26:53 MTM=269.75 Profit=0.04%
2026-07-21 14:26:54 INFO     strategy        PnL: 14:26:54 MTM=276.25 Profit=0.04%
2026-07-21 14:26:55 INFO     strategy        PnL: 14:26:55 MTM=276.25 Profit=0.04%
2026-07-21 14:26:56 INFO     strategy        PnL: 14:26:56 MTM=269.75 Profit=0.04%
2026-07-21 14:26:57 INFO     strategy        PnL: 14:26:57 MTM=289.25 Profit=0.04%
2026-07-21 14:26:58 INFO     strategy        PnL: 14:26:58 MTM=276.25 Profit=0.04%
2026-07-21 14:26:59 INFO     strategy        PnL: 14:26:59 MTM=276.25 Profit=0.04%
2026-07-21 14:27:00 INFO     strategy        PnL: 14:27:00 MTM=269.75 Profit=0.04%
2026-07-21 14:27:01 INFO     strategy        PnL: 14:27:01 MTM=253.50 Profit=0.04%
2026-07-21 14:27:03 INFO     strategy        PnL: 14:27:03 MTM=250.25 Profit=0.04%
2026-07-21 14:27:04 INFO     strategy        PnL: 14:27:04 MTM=256.75 Profit=0.04%
2026-07-21 14:27:05 INFO     strategy        PnL: 14:27:05 MTM=260.00 Profit=0.04%
2026-07-21 14:27:06 INFO     strategy        PnL: 14:27:06 MTM=250.25 Profit=0.04%
2026-07-21 14:27:07 INFO     strategy        PnL: 14:27:07 MTM=269.75 Profit=0.04%
2026-07-21 14:27:08 INFO     strategy        PnL: 14:27:08 MTM=266.50 Profit=0.04%
2026-07-21 14:27:09 INFO     strategy        PnL: 14:27:09 MTM=260.00 Profit=0.04%
2026-07-21 14:27:10 INFO     strategy        PnL: 14:27:10 MTM=256.75 Profit=0.04%
2026-07-21 14:27:11 INFO     strategy        PnL: 14:27:11 MTM=269.75 Profit=0.04%
2026-07-21 14:27:12 INFO     strategy        PnL: 14:27:12 MTM=256.75 Profit=0.04%
2026-07-21 14:27:13 INFO     strategy        PnL: 14:27:13 MTM=273.00 Profit=0.04%
2026-07-21 14:27:14 INFO     strategy        PnL: 14:27:14 MTM=250.25 Profit=0.04%
2026-07-21 14:27:15 INFO     strategy        PnL: 14:27:15 MTM=243.75 Profit=0.04%
2026-07-21 14:27:16 INFO     strategy        PnL: 14:27:16 MTM=263.25 Profit=0.04%
2026-07-21 14:27:17 INFO     strategy        PnL: 14:27:17 MTM=253.50 Profit=0.04%
2026-07-21 14:27:18 INFO     strategy        PnL: 14:27:18 MTM=273.00 Profit=0.04%
2026-07-21 14:27:19 INFO     strategy        PnL: 14:27:19 MTM=282.75 Profit=0.04%
2026-07-21 14:27:20 INFO     strategy        PnL: 14:27:20 MTM=269.75 Profit=0.04%
2026-07-21 14:27:21 INFO     strategy        PnL: 14:27:21 MTM=289.25 Profit=0.04%
2026-07-21 14:27:22 INFO     strategy        PnL: 14:27:22 MTM=299.00 Profit=0.04%
2026-07-21 14:27:23 INFO     strategy        PnL: 14:27:23 MTM=282.75 Profit=0.04%
2026-07-21 14:27:24 INFO     strategy        PnL: 14:27:24 MTM=292.50 Profit=0.04%
2026-07-21 14:27:25 INFO     strategy        PnL: 14:27:25 MTM=286.00 Profit=0.04%
2026-07-21 14:27:26 INFO     strategy        PnL: 14:27:26 MTM=279.50 Profit=0.04%
2026-07-21 14:27:27 INFO     strategy        PnL: 14:27:27 MTM=282.75 Profit=0.04%
2026-07-21 14:27:28 INFO     strategy        PnL: 14:27:28 MTM=282.75 Profit=0.04%
2026-07-21 14:27:29 INFO     strategy        PnL: 14:27:29 MTM=263.25 Profit=0.04%
2026-07-21 14:27:30 INFO     strategy        PnL: 14:27:30 MTM=266.50 Profit=0.04%
2026-07-21 14:27:31 INFO     strategy        PnL: 14:27:31 MTM=243.75 Profit=0.04%
2026-07-21 14:27:32 INFO     strategy        PnL: 14:27:32 MTM=247.00 Profit=0.04%
2026-07-21 14:27:33 INFO     strategy        PnL: 14:27:33 MTM=227.50 Profit=0.03%
2026-07-21 14:27:34 INFO     strategy        PnL: 14:27:34 MTM=221.00 Profit=0.03%
2026-07-21 14:27:35 INFO     strategy        PnL: 14:27:35 MTM=234.00 Profit=0.04%
2026-07-21 14:27:36 INFO     strategy        PnL: 14:27:36 MTM=227.50 Profit=0.03%
2026-07-21 14:27:37 INFO     strategy        PnL: 14:27:37 MTM=237.25 Profit=0.04%
2026-07-21 14:27:38 INFO     strategy        PnL: 14:27:38 MTM=253.50 Profit=0.04%
2026-07-21 14:27:39 INFO     strategy        PnL: 14:27:39 MTM=227.50 Profit=0.03%
2026-07-21 14:27:40 INFO     strategy        PnL: 14:27:40 MTM=247.00 Profit=0.04%
2026-07-21 14:27:41 INFO     strategy        PnL: 14:27:41 MTM=234.00 Profit=0.04%
2026-07-21 14:27:42 INFO     strategy        PnL: 14:27:42 MTM=243.75 Profit=0.04%
2026-07-21 14:27:43 INFO     strategy        PnL: 14:27:43 MTM=256.75 Profit=0.04%
2026-07-21 14:27:44 INFO     strategy        PnL: 14:27:44 MTM=260.00 Profit=0.04%
2026-07-21 14:27:45 INFO     strategy        PnL: 14:27:45 MTM=253.50 Profit=0.04%
2026-07-21 14:27:46 INFO     strategy        PnL: 14:27:46 MTM=240.50 Profit=0.04%
2026-07-21 14:27:47 INFO     strategy        PnL: 14:27:47 MTM=253.50 Profit=0.04%
2026-07-21 14:27:48 INFO     strategy        PnL: 14:27:48 MTM=263.25 Profit=0.04%
2026-07-21 14:27:49 INFO     strategy        PnL: 14:27:49 MTM=266.50 Profit=0.04%
2026-07-21 14:27:50 INFO     strategy        PnL: 14:27:50 MTM=269.75 Profit=0.04%
2026-07-21 14:27:51 INFO     strategy        PnL: 14:27:51 MTM=276.25 Profit=0.04%
2026-07-21 14:27:52 INFO     strategy        PnL: 14:27:52 MTM=256.75 Profit=0.04%
2026-07-21 14:27:53 INFO     strategy        PnL: 14:27:53 MTM=289.25 Profit=0.04%
2026-07-21 14:27:54 INFO     strategy        PnL: 14:27:54 MTM=263.25 Profit=0.04%
2026-07-21 14:27:55 INFO     strategy        PnL: 14:27:55 MTM=260.00 Profit=0.04%
2026-07-21 14:27:56 INFO     strategy        PnL: 14:27:56 MTM=263.25 Profit=0.04%
2026-07-21 14:27:57 INFO     strategy        PnL: 14:27:57 MTM=247.00 Profit=0.04%
2026-07-21 14:27:58 INFO     strategy        PnL: 14:27:58 MTM=260.00 Profit=0.04%
2026-07-21 14:27:59 INFO     strategy        PnL: 14:27:59 MTM=279.50 Profit=0.04%
2026-07-21 14:28:00 INFO     strategy        PnL: 14:28:00 MTM=292.50 Profit=0.04%
2026-07-21 14:28:01 INFO     strategy        PnL: 14:28:01 MTM=273.00 Profit=0.04%
2026-07-21 14:28:02 INFO     strategy        PnL: 14:28:02 MTM=305.50 Profit=0.05%
2026-07-21 14:28:03 INFO     strategy        PnL: 14:28:03 MTM=292.50 Profit=0.04%
2026-07-21 14:28:04 INFO     strategy        PnL: 14:28:04 MTM=321.75 Profit=0.05%
2026-07-21 14:28:05 INFO     strategy        PnL: 14:28:05 MTM=321.75 Profit=0.05%
2026-07-21 14:28:06 INFO     strategy        PnL: 14:28:06 MTM=279.50 Profit=0.04%
2026-07-21 14:28:07 INFO     strategy        PnL: 14:28:07 MTM=295.75 Profit=0.04%
2026-07-21 14:28:08 INFO     strategy        PnL: 14:28:08 MTM=292.50 Profit=0.04%
2026-07-21 14:28:09 INFO     strategy        PnL: 14:28:09 MTM=325.00 Profit=0.05%
2026-07-21 14:28:10 INFO     strategy        PnL: 14:28:10 MTM=308.75 Profit=0.05%
2026-07-21 14:28:11 INFO     strategy        PnL: 14:28:11 MTM=344.50 Profit=0.05%
2026-07-21 14:28:12 INFO     strategy        PnL: 14:28:12 MTM=325.00 Profit=0.05%
2026-07-21 14:28:13 INFO     strategy        PnL: 14:28:13 MTM=321.75 Profit=0.05%
2026-07-21 14:28:14 INFO     strategy        PnL: 14:28:14 MTM=315.25 Profit=0.05%
2026-07-21 14:28:15 INFO     strategy        PnL: 14:28:15 MTM=321.75 Profit=0.05%
2026-07-21 14:28:16 INFO     strategy        PnL: 14:28:16 MTM=377.00 Profit=0.06%
2026-07-21 14:28:17 INFO     strategy        PnL: 14:28:17 MTM=367.25 Profit=0.06%
2026-07-21 14:28:18 INFO     strategy        PnL: 14:28:18 MTM=364.00 Profit=0.05%
2026-07-21 14:28:19 INFO     strategy        PnL: 14:28:19 MTM=367.25 Profit=0.06%
2026-07-21 14:28:20 INFO     strategy        PnL: 14:28:20 MTM=357.50 Profit=0.05%
2026-07-21 14:28:21 INFO     strategy        PnL: 14:28:21 MTM=334.75 Profit=0.05%
2026-07-21 14:28:22 INFO     strategy        PnL: 14:28:22 MTM=360.75 Profit=0.05%
2026-07-21 14:28:23 INFO     strategy        PnL: 14:28:23 MTM=370.50 Profit=0.06%
2026-07-21 14:28:24 INFO     strategy        PnL: 14:28:24 MTM=344.50 Profit=0.05%
2026-07-21 14:28:25 INFO     strategy        PnL: 14:28:25 MTM=393.25 Profit=0.06%
2026-07-21 14:28:26 INFO     strategy        PnL: 14:28:26 MTM=331.50 Profit=0.05%
2026-07-21 14:28:27 INFO     strategy        PnL: 14:28:27 MTM=347.75 Profit=0.05%
2026-07-21 14:28:28 INFO     strategy        PnL: 14:28:28 MTM=325.00 Profit=0.05%
2026-07-21 14:28:29 INFO     strategy        PnL: 14:28:29 MTM=354.25 Profit=0.05%
2026-07-21 14:28:30 INFO     strategy        PnL: 14:28:30 MTM=351.00 Profit=0.05%
2026-07-21 14:28:31 INFO     strategy        PnL: 14:28:31 MTM=380.25 Profit=0.06%
2026-07-21 14:28:32 INFO     strategy        PnL: 14:28:32 MTM=386.75 Profit=0.06%
2026-07-21 14:28:33 INFO     strategy        PnL: 14:28:33 MTM=367.25 Profit=0.06%
2026-07-21 14:28:34 INFO     strategy        PnL: 14:28:34 MTM=367.25 Profit=0.06%
2026-07-21 14:28:35 INFO     strategy        PnL: 14:28:35 MTM=341.25 Profit=0.05%
2026-07-21 14:28:36 INFO     strategy        PnL: 14:28:36 MTM=341.25 Profit=0.05%
2026-07-21 14:28:37 INFO     strategy        PnL: 14:28:37 MTM=354.25 Profit=0.05%
2026-07-21 14:28:38 INFO     strategy        PnL: 14:28:38 MTM=331.50 Profit=0.05%
2026-07-21 14:28:39 INFO     strategy        PnL: 14:28:39 MTM=321.75 Profit=0.05%
2026-07-21 14:28:40 INFO     strategy        PnL: 14:28:40 MTM=325.00 Profit=0.05%
2026-07-21 14:28:41 INFO     strategy        PnL: 14:28:41 MTM=347.75 Profit=0.05%
2026-07-21 14:28:42 INFO     strategy        PnL: 14:28:42 MTM=347.75 Profit=0.05%
2026-07-21 14:28:43 INFO     strategy        PnL: 14:28:43 MTM=328.25 Profit=0.05%
2026-07-21 14:28:44 INFO     strategy        PnL: 14:28:44 MTM=325.00 Profit=0.05%
2026-07-21 14:28:45 INFO     strategy        PnL: 14:28:45 MTM=321.75 Profit=0.05%
2026-07-21 14:28:46 INFO     strategy        PnL: 14:28:46 MTM=308.75 Profit=0.05%
2026-07-21 14:28:47 INFO     strategy        PnL: 14:28:47 MTM=292.50 Profit=0.04%
2026-07-21 14:28:48 INFO     strategy        PnL: 14:28:48 MTM=302.25 Profit=0.05%
2026-07-21 14:28:49 INFO     strategy        PnL: 14:28:49 MTM=276.25 Profit=0.04%
2026-07-21 14:28:50 INFO     strategy        PnL: 14:28:50 MTM=260.00 Profit=0.04%
2026-07-21 14:28:51 INFO     strategy        PnL: 14:28:51 MTM=282.75 Profit=0.04%
2026-07-21 14:28:52 INFO     strategy        PnL: 14:28:52 MTM=302.25 Profit=0.05%
2026-07-21 14:28:54 INFO     strategy        PnL: 14:28:54 MTM=282.75 Profit=0.04%
2026-07-21 14:28:55 INFO     strategy        PnL: 14:28:55 MTM=273.00 Profit=0.04%
2026-07-21 14:28:56 INFO     strategy        PnL: 14:28:56 MTM=253.50 Profit=0.04%
2026-07-21 14:28:57 INFO     strategy        PnL: 14:28:57 MTM=250.25 Profit=0.04%
2026-07-21 14:28:58 INFO     strategy        PnL: 14:28:58 MTM=250.25 Profit=0.04%
2026-07-21 14:28:59 INFO     strategy        PnL: 14:28:59 MTM=250.25 Profit=0.04%
2026-07-21 14:29:00 INFO     strategy        PnL: 14:29:00 MTM=237.25 Profit=0.04%
2026-07-21 14:29:01 INFO     strategy        PnL: 14:29:01 MTM=240.50 Profit=0.04%
2026-07-21 14:29:02 INFO     strategy        PnL: 14:29:02 MTM=237.25 Profit=0.04%
2026-07-21 14:29:03 INFO     strategy        PnL: 14:29:03 MTM=230.75 Profit=0.03%
2026-07-21 14:29:04 INFO     strategy        PnL: 14:29:04 MTM=227.50 Profit=0.03%
2026-07-21 14:29:05 INFO     strategy        PnL: 14:29:05 MTM=208.00 Profit=0.03%
2026-07-21 14:29:06 INFO     strategy        PnL: 14:29:06 MTM=227.50 Profit=0.03%
2026-07-21 14:29:07 INFO     strategy        PnL: 14:29:07 MTM=214.50 Profit=0.03%
2026-07-21 14:29:08 INFO     strategy        PnL: 14:29:08 MTM=217.75 Profit=0.03%
2026-07-21 14:29:09 INFO     strategy        PnL: 14:29:09 MTM=221.00 Profit=0.03%
2026-07-21 14:29:10 INFO     strategy        PnL: 14:29:10 MTM=211.25 Profit=0.03%
2026-07-21 14:29:11 INFO     strategy        PnL: 14:29:11 MTM=224.25 Profit=0.03%
2026-07-21 14:29:12 INFO     strategy        PnL: 14:29:12 MTM=250.25 Profit=0.04%
2026-07-21 14:29:13 INFO     strategy        PnL: 14:29:13 MTM=247.00 Profit=0.04%
2026-07-21 14:29:14 INFO     strategy        PnL: 14:29:14 MTM=230.75 Profit=0.03%
2026-07-21 14:29:15 INFO     strategy        PnL: 14:29:15 MTM=250.25 Profit=0.04%
2026-07-21 14:29:16 INFO     strategy        PnL: 14:29:16 MTM=237.25 Profit=0.04%
2026-07-21 14:29:17 INFO     strategy        PnL: 14:29:17 MTM=250.25 Profit=0.04%
2026-07-21 14:29:18 INFO     strategy        PnL: 14:29:18 MTM=247.00 Profit=0.04%
2026-07-21 14:29:19 INFO     strategy        PnL: 14:29:19 MTM=263.25 Profit=0.04%
2026-07-21 14:29:20 INFO     strategy        PnL: 14:29:20 MTM=263.25 Profit=0.04%
2026-07-21 14:29:21 INFO     strategy        PnL: 14:29:21 MTM=247.00 Profit=0.04%
2026-07-21 14:29:22 INFO     strategy        PnL: 14:29:22 MTM=243.75 Profit=0.04%
2026-07-21 14:29:23 INFO     strategy        PnL: 14:29:23 MTM=230.75 Profit=0.03%
2026-07-21 14:29:24 INFO     strategy        PnL: 14:29:24 MTM=260.00 Profit=0.04%
2026-07-21 14:29:25 INFO     strategy        PnL: 14:29:25 MTM=266.50 Profit=0.04%
2026-07-21 14:29:26 INFO     strategy        PnL: 14:29:26 MTM=224.25 Profit=0.03%
2026-07-21 14:29:27 INFO     strategy        PnL: 14:29:27 MTM=240.50 Profit=0.04%
2026-07-21 14:29:28 INFO     strategy        PnL: 14:29:28 MTM=224.25 Profit=0.03%
2026-07-21 14:29:29 INFO     strategy        PnL: 14:29:29 MTM=211.25 Profit=0.03%
2026-07-21 14:29:30 INFO     strategy        PnL: 14:29:30 MTM=208.00 Profit=0.03%
2026-07-21 14:29:31 INFO     strategy        PnL: 14:29:31 MTM=279.50 Profit=0.04%
2026-07-21 14:29:32 INFO     strategy        PnL: 14:29:32 MTM=243.75 Profit=0.04%
2026-07-21 14:29:33 INFO     strategy        PnL: 14:29:33 MTM=234.00 Profit=0.04%
2026-07-21 14:29:34 INFO     strategy        PnL: 14:29:34 MTM=227.50 Profit=0.03%
2026-07-21 14:29:35 INFO     strategy        PnL: 14:29:35 MTM=224.25 Profit=0.03%
2026-07-21 14:29:36 INFO     strategy        PnL: 14:29:36 MTM=208.00 Profit=0.03%
2026-07-21 14:29:37 INFO     strategy        PnL: 14:29:37 MTM=221.00 Profit=0.03%
2026-07-21 14:29:38 INFO     strategy        PnL: 14:29:38 MTM=217.75 Profit=0.03%
2026-07-21 14:29:39 INFO     strategy        PnL: 14:29:39 MTM=224.25 Profit=0.03%
2026-07-21 14:29:40 INFO     strategy        PnL: 14:29:40 MTM=237.25 Profit=0.04%
2026-07-21 14:29:41 INFO     strategy        PnL: 14:29:41 MTM=237.25 Profit=0.04%
2026-07-21 14:29:42 INFO     strategy        PnL: 14:29:42 MTM=201.50 Profit=0.03%
2026-07-21 14:29:43 INFO     strategy        PnL: 14:29:43 MTM=169.00 Profit=0.03%
2026-07-21 14:29:44 INFO     strategy        PnL: 14:29:44 MTM=230.75 Profit=0.03%
2026-07-21 14:29:45 INFO     strategy        PnL: 14:29:45 MTM=243.75 Profit=0.04%
2026-07-21 14:29:46 INFO     strategy        PnL: 14:29:46 MTM=240.50 Profit=0.04%
2026-07-21 14:29:47 INFO     strategy        PnL: 14:29:47 MTM=208.00 Profit=0.03%
2026-07-21 14:29:48 INFO     strategy        PnL: 14:29:48 MTM=204.75 Profit=0.03%
2026-07-21 14:29:49 INFO     strategy        PnL: 14:29:49 MTM=247.00 Profit=0.04%
2026-07-21 14:29:50 INFO     strategy        PnL: 14:29:50 MTM=243.75 Profit=0.04%
2026-07-21 14:29:51 INFO     strategy        PnL: 14:29:51 MTM=227.50 Profit=0.03%
2026-07-21 14:29:52 INFO     strategy        PnL: 14:29:52 MTM=211.25 Profit=0.03%
2026-07-21 14:29:53 INFO     strategy        PnL: 14:29:53 MTM=221.00 Profit=0.03%
2026-07-21 14:29:54 INFO     strategy        PnL: 14:29:54 MTM=227.50 Profit=0.03%
2026-07-21 14:29:55 INFO     strategy        PnL: 14:29:55 MTM=201.50 Profit=0.03%
2026-07-21 14:29:56 INFO     strategy        PnL: 14:29:56 MTM=208.00 Profit=0.03%
2026-07-21 14:29:57 INFO     strategy        PnL: 14:29:57 MTM=224.25 Profit=0.03%
2026-07-21 14:29:58 INFO     strategy        PnL: 14:29:58 MTM=188.50 Profit=0.03%
2026-07-21 14:29:59 INFO     strategy        PnL: 14:29:59 MTM=143.00 Profit=0.02%
2026-07-21 14:30:00 INFO     strategy        PnL: 14:30:00 MTM=146.25 Profit=0.02%
2026-07-21 14:30:01 INFO     strategy        PnL: 14:30:01 MTM=169.00 Profit=0.03%
2026-07-21 14:30:02 INFO     strategy        PnL: 14:30:02 MTM=152.75 Profit=0.02%
2026-07-21 14:30:03 INFO     strategy        PnL: 14:30:03 MTM=139.75 Profit=0.02%
2026-07-21 14:30:04 INFO     strategy        PnL: 14:30:04 MTM=152.75 Profit=0.02%
2026-07-21 14:30:05 INFO     strategy        PnL: 14:30:05 MTM=123.50 Profit=0.02%
2026-07-21 14:30:06 INFO     strategy        PnL: 14:30:06 MTM=133.25 Profit=0.02%
2026-07-21 14:30:07 INFO     strategy        PnL: 14:30:07 MTM=133.25 Profit=0.02%
2026-07-21 14:30:08 INFO     strategy        PnL: 14:30:08 MTM=120.25 Profit=0.02%
2026-07-21 14:30:09 INFO     strategy        PnL: 14:30:09 MTM=152.75 Profit=0.02%
2026-07-21 14:30:10 INFO     strategy        PnL: 14:30:10 MTM=178.75 Profit=0.03%
2026-07-21 14:30:11 INFO     strategy        PnL: 14:30:11 MTM=159.25 Profit=0.02%
2026-07-21 14:30:12 INFO     strategy        PnL: 14:30:12 MTM=143.00 Profit=0.02%
2026-07-21 14:30:13 INFO     strategy        PnL: 14:30:13 MTM=136.50 Profit=0.02%
2026-07-21 14:30:14 INFO     strategy        PnL: 14:30:14 MTM=143.00 Profit=0.02%
2026-07-21 14:30:15 INFO     strategy        PnL: 14:30:15 MTM=104.00 Profit=0.02%
2026-07-21 14:30:16 INFO     strategy        PnL: 14:30:16 MTM=117.00 Profit=0.02%
2026-07-21 14:30:17 INFO     strategy        PnL: 14:30:17 MTM=94.25 Profit=0.01%
2026-07-21 14:30:18 INFO     strategy        PnL: 14:30:18 MTM=117.00 Profit=0.02%
2026-07-21 14:30:19 INFO     strategy        PnL: 14:30:19 MTM=130.00 Profit=0.02%
2026-07-21 14:30:20 INFO     strategy        PnL: 14:30:20 MTM=130.00 Profit=0.02%
2026-07-21 14:30:21 INFO     strategy        PnL: 14:30:21 MTM=146.25 Profit=0.02%
2026-07-21 14:30:22 INFO     strategy        PnL: 14:30:22 MTM=149.50 Profit=0.02%
2026-07-21 14:30:23 INFO     strategy        PnL: 14:30:23 MTM=146.25 Profit=0.02%
2026-07-21 14:30:24 INFO     strategy        PnL: 14:30:24 MTM=130.00 Profit=0.02%
2026-07-21 14:30:25 INFO     strategy        PnL: 14:30:25 MTM=156.00 Profit=0.02%
2026-07-21 14:30:26 INFO     strategy        PnL: 14:30:26 MTM=152.75 Profit=0.02%
2026-07-21 14:30:27 INFO     strategy        PnL: 14:30:27 MTM=149.50 Profit=0.02%
2026-07-21 14:30:28 INFO     strategy        PnL: 14:30:28 MTM=133.25 Profit=0.02%
2026-07-21 14:30:29 INFO     strategy        PnL: 14:30:29 MTM=146.25 Profit=0.02%
2026-07-21 14:30:30 INFO     strategy        PnL: 14:30:30 MTM=146.25 Profit=0.02%
2026-07-21 14:30:31 INFO     strategy        PnL: 14:30:31 MTM=169.00 Profit=0.03%
2026-07-21 14:30:32 INFO     strategy        PnL: 14:30:32 MTM=123.50 Profit=0.02%
2026-07-21 14:30:33 INFO     strategy        PnL: 14:30:33 MTM=156.00 Profit=0.02%
2026-07-21 14:30:34 INFO     strategy        PnL: 14:30:34 MTM=165.75 Profit=0.02%
2026-07-21 14:30:35 INFO     strategy        PnL: 14:30:35 MTM=169.00 Profit=0.03%
2026-07-21 14:30:36 INFO     strategy        PnL: 14:30:36 MTM=175.50 Profit=0.03%
2026-07-21 14:30:37 INFO     strategy        PnL: 14:30:37 MTM=172.25 Profit=0.03%
2026-07-21 14:30:38 INFO     strategy        PnL: 14:30:38 MTM=211.25 Profit=0.03%
2026-07-21 14:30:39 INFO     strategy        PnL: 14:30:39 MTM=211.25 Profit=0.03%
2026-07-21 14:30:41 INFO     strategy        PnL: 14:30:41 MTM=214.50 Profit=0.03%
2026-07-21 14:30:42 INFO     strategy        PnL: 14:30:42 MTM=208.00 Profit=0.03%
2026-07-21 14:30:43 INFO     strategy        PnL: 14:30:43 MTM=191.75 Profit=0.03%
2026-07-21 14:30:44 INFO     strategy        PnL: 14:30:44 MTM=208.00 Profit=0.03%
2026-07-21 14:30:45 INFO     strategy        PnL: 14:30:45 MTM=217.75 Profit=0.03%
2026-07-21 14:30:46 INFO     strategy        PnL: 14:30:46 MTM=217.75 Profit=0.03%
2026-07-21 14:30:47 INFO     strategy        PnL: 14:30:47 MTM=211.25 Profit=0.03%
2026-07-21 14:30:48 INFO     strategy        PnL: 14:30:48 MTM=237.25 Profit=0.04%
2026-07-21 14:30:49 INFO     strategy        PnL: 14:30:49 MTM=224.25 Profit=0.03%
2026-07-21 14:30:50 INFO     strategy        PnL: 14:30:50 MTM=204.75 Profit=0.03%
2026-07-21 14:30:51 INFO     strategy        PnL: 14:30:51 MTM=217.75 Profit=0.03%
2026-07-21 14:30:52 INFO     strategy        PnL: 14:30:52 MTM=234.00 Profit=0.04%
2026-07-21 14:30:53 INFO     strategy        PnL: 14:30:53 MTM=240.50 Profit=0.04%
2026-07-21 14:30:54 INFO     strategy        PnL: 14:30:54 MTM=234.00 Profit=0.04%
2026-07-21 14:30:55 INFO     strategy        PnL: 14:30:55 MTM=240.50 Profit=0.04%
2026-07-21 14:30:56 INFO     strategy        PnL: 14:30:56 MTM=217.75 Profit=0.03%
2026-07-21 14:30:57 INFO     strategy        PnL: 14:30:57 MTM=234.00 Profit=0.04%
2026-07-21 14:30:58 INFO     strategy        PnL: 14:30:58 MTM=234.00 Profit=0.04%
2026-07-21 14:30:59 INFO     strategy        PnL: 14:30:59 MTM=234.00 Profit=0.04%
2026-07-21 14:31:00 INFO     strategy        PnL: 14:31:00 MTM=208.00 Profit=0.03%
2026-07-21 14:31:01 INFO     strategy        PnL: 14:31:01 MTM=214.50 Profit=0.03%
2026-07-21 14:31:02 INFO     strategy        PnL: 14:31:02 MTM=208.00 Profit=0.03%
2026-07-21 14:31:03 INFO     strategy        PnL: 14:31:03 MTM=211.25 Profit=0.03%
2026-07-21 14:31:04 INFO     strategy        PnL: 14:31:04 MTM=234.00 Profit=0.04%
2026-07-21 14:31:05 INFO     strategy        PnL: 14:31:05 MTM=230.75 Profit=0.03%
2026-07-21 14:31:06 INFO     strategy        PnL: 14:31:06 MTM=234.00 Profit=0.04%
2026-07-21 14:31:07 INFO     strategy        PnL: 14:31:07 MTM=240.50 Profit=0.04%
2026-07-21 14:31:08 INFO     strategy        PnL: 14:31:08 MTM=253.50 Profit=0.04%
2026-07-21 14:31:09 INFO     strategy        PnL: 14:31:09 MTM=224.25 Profit=0.03%
2026-07-21 14:31:10 INFO     strategy        PnL: 14:31:10 MTM=250.25 Profit=0.04%
2026-07-21 14:31:11 INFO     strategy        PnL: 14:31:11 MTM=266.50 Profit=0.04%
2026-07-21 14:31:12 INFO     strategy        PnL: 14:31:12 MTM=256.75 Profit=0.04%
2026-07-21 14:31:13 INFO     strategy        PnL: 14:31:13 MTM=269.75 Profit=0.04%
2026-07-21 14:31:14 INFO     strategy        PnL: 14:31:14 MTM=260.00 Profit=0.04%
2026-07-21 14:31:15 INFO     strategy        PnL: 14:31:15 MTM=224.25 Profit=0.03%
2026-07-21 14:31:16 INFO     strategy        PnL: 14:31:16 MTM=247.00 Profit=0.04%
2026-07-21 14:31:17 INFO     strategy        PnL: 14:31:17 MTM=227.50 Profit=0.03%
2026-07-21 14:31:18 INFO     strategy        PnL: 14:31:18 MTM=247.00 Profit=0.04%
2026-07-21 14:31:19 INFO     strategy        PnL: 14:31:19 MTM=253.50 Profit=0.04%
2026-07-21 14:31:20 INFO     strategy        PnL: 14:31:20 MTM=243.75 Profit=0.04%
2026-07-21 14:31:21 INFO     strategy        PnL: 14:31:21 MTM=230.75 Profit=0.03%
2026-07-21 14:31:22 INFO     strategy        PnL: 14:31:22 MTM=253.50 Profit=0.04%
2026-07-21 14:31:23 INFO     strategy        PnL: 14:31:23 MTM=256.75 Profit=0.04%
2026-07-21 14:31:24 INFO     strategy        PnL: 14:31:24 MTM=256.75 Profit=0.04%
2026-07-21 14:31:25 INFO     strategy        PnL: 14:31:25 MTM=227.50 Profit=0.03%
2026-07-21 14:31:26 INFO     strategy        PnL: 14:31:26 MTM=253.50 Profit=0.04%
2026-07-21 14:31:27 INFO     strategy        PnL: 14:31:27 MTM=256.75 Profit=0.04%
2026-07-21 14:31:28 INFO     strategy        PnL: 14:31:28 MTM=263.25 Profit=0.04%
2026-07-21 14:31:29 INFO     strategy        PnL: 14:31:29 MTM=234.00 Profit=0.04%
2026-07-21 14:31:30 INFO     strategy        PnL: 14:31:30 MTM=250.25 Profit=0.04%
2026-07-21 14:31:31 INFO     strategy        PnL: 14:31:31 MTM=237.25 Profit=0.04%
2026-07-21 14:31:32 INFO     strategy        PnL: 14:31:32 MTM=224.25 Profit=0.03%
2026-07-21 14:31:33 INFO     strategy        PnL: 14:31:33 MTM=227.50 Profit=0.03%
2026-07-21 14:31:34 INFO     strategy        PnL: 14:31:34 MTM=208.00 Profit=0.03%
2026-07-21 14:31:35 INFO     strategy        PnL: 14:31:35 MTM=211.25 Profit=0.03%
2026-07-21 14:31:36 INFO     strategy        PnL: 14:31:36 MTM=214.50 Profit=0.03%
2026-07-21 14:31:37 INFO     strategy        PnL: 14:31:37 MTM=224.25 Profit=0.03%
2026-07-21 14:31:38 INFO     strategy        PnL: 14:31:38 MTM=243.75 Profit=0.04%
2026-07-21 14:31:39 INFO     strategy        PnL: 14:31:39 MTM=214.50 Profit=0.03%
2026-07-21 14:31:40 INFO     strategy        PnL: 14:31:40 MTM=230.75 Profit=0.03%
2026-07-21 14:31:41 INFO     strategy        PnL: 14:31:41 MTM=250.25 Profit=0.04%
2026-07-21 14:31:42 INFO     strategy        PnL: 14:31:42 MTM=260.00 Profit=0.04%
2026-07-21 14:31:43 INFO     strategy        PnL: 14:31:43 MTM=250.25 Profit=0.04%
2026-07-21 14:31:44 INFO     strategy        PnL: 14:31:44 MTM=221.00 Profit=0.03%
2026-07-21 14:31:45 INFO     strategy        PnL: 14:31:45 MTM=234.00 Profit=0.04%
2026-07-21 14:31:46 INFO     strategy        PnL: 14:31:46 MTM=234.00 Profit=0.04%
2026-07-21 14:31:47 INFO     strategy        PnL: 14:31:47 MTM=221.00 Profit=0.03%
2026-07-21 14:31:48 INFO     strategy        PnL: 14:31:48 MTM=224.25 Profit=0.03%
2026-07-21 14:31:49 INFO     strategy        PnL: 14:31:49 MTM=230.75 Profit=0.03%
2026-07-21 14:31:50 INFO     strategy        PnL: 14:31:50 MTM=211.25 Profit=0.03%
2026-07-21 14:31:51 INFO     strategy        PnL: 14:31:51 MTM=208.00 Profit=0.03%
2026-07-21 14:31:52 INFO     strategy        PnL: 14:31:52 MTM=208.00 Profit=0.03%
2026-07-21 14:31:53 INFO     strategy        PnL: 14:31:53 MTM=169.00 Profit=0.03%
2026-07-21 14:31:54 INFO     strategy        PnL: 14:31:54 MTM=185.25 Profit=0.03%
2026-07-21 14:31:55 INFO     strategy        PnL: 14:31:55 MTM=159.25 Profit=0.02%
2026-07-21 14:31:56 INFO     strategy        PnL: 14:31:56 MTM=162.50 Profit=0.02%
2026-07-21 14:31:57 INFO     strategy        PnL: 14:31:57 MTM=156.00 Profit=0.02%
2026-07-21 14:31:58 INFO     strategy        PnL: 14:31:58 MTM=165.75 Profit=0.02%
2026-07-21 14:31:59 INFO     strategy        PnL: 14:31:59 MTM=156.00 Profit=0.02%
2026-07-21 14:32:00 INFO     strategy        PnL: 14:32:00 MTM=149.50 Profit=0.02%
2026-07-21 14:32:01 INFO     strategy        PnL: 14:32:01 MTM=162.50 Profit=0.02%
2026-07-21 14:32:02 INFO     strategy        PnL: 14:32:02 MTM=165.75 Profit=0.02%
2026-07-21 14:32:03 INFO     strategy        PnL: 14:32:03 MTM=162.50 Profit=0.02%
2026-07-21 14:32:04 INFO     strategy        PnL: 14:32:04 MTM=169.00 Profit=0.03%
2026-07-21 14:32:05 INFO     strategy        PnL: 14:32:05 MTM=169.00 Profit=0.03%
2026-07-21 14:32:06 INFO     strategy        PnL: 14:32:06 MTM=182.00 Profit=0.03%
2026-07-21 14:32:07 INFO     strategy        PnL: 14:32:07 MTM=159.25 Profit=0.02%
2026-07-21 14:32:08 INFO     strategy        PnL: 14:32:08 MTM=152.75 Profit=0.02%
2026-07-21 14:32:09 INFO     strategy        PnL: 14:32:09 MTM=175.50 Profit=0.03%
2026-07-21 14:32:10 INFO     strategy        PnL: 14:32:10 MTM=172.25 Profit=0.03%
2026-07-21 14:32:11 INFO     strategy        PnL: 14:32:11 MTM=172.25 Profit=0.03%
2026-07-21 14:32:12 INFO     strategy        PnL: 14:32:12 MTM=165.75 Profit=0.02%
2026-07-21 14:32:13 INFO     strategy        PnL: 14:32:13 MTM=188.50 Profit=0.03%
2026-07-21 14:32:14 INFO     strategy        PnL: 14:32:14 MTM=185.25 Profit=0.03%
2026-07-21 14:32:15 INFO     strategy        PnL: 14:32:15 MTM=191.75 Profit=0.03%
2026-07-21 14:32:16 INFO     strategy        PnL: 14:32:16 MTM=191.75 Profit=0.03%
2026-07-21 14:32:17 INFO     strategy        PnL: 14:32:17 MTM=191.75 Profit=0.03%
2026-07-21 14:32:18 INFO     strategy        PnL: 14:32:18 MTM=185.25 Profit=0.03%
2026-07-21 14:32:19 INFO     strategy        PnL: 14:32:19 MTM=201.50 Profit=0.03%
2026-07-21 14:32:20 INFO     strategy        PnL: 14:32:20 MTM=195.00 Profit=0.03%
2026-07-21 14:32:21 INFO     strategy        PnL: 14:32:21 MTM=208.00 Profit=0.03%
2026-07-21 14:32:22 INFO     strategy        PnL: 14:32:22 MTM=175.50 Profit=0.03%
2026-07-21 14:32:23 INFO     strategy        PnL: 14:32:23 MTM=191.75 Profit=0.03%
2026-07-21 14:32:24 INFO     strategy        PnL: 14:32:24 MTM=204.75 Profit=0.03%
2026-07-21 14:32:25 INFO     strategy        PnL: 14:32:25 MTM=191.75 Profit=0.03%
2026-07-21 14:32:26 INFO     strategy        PnL: 14:32:26 MTM=182.00 Profit=0.03%
2026-07-21 14:32:27 INFO     strategy        PnL: 14:32:27 MTM=178.75 Profit=0.03%
2026-07-21 14:32:28 INFO     strategy        PnL: 14:32:28 MTM=191.75 Profit=0.03%
2026-07-21 14:32:29 INFO     strategy        PnL: 14:32:29 MTM=178.75 Profit=0.03%
2026-07-21 14:32:30 INFO     strategy        PnL: 14:32:30 MTM=172.25 Profit=0.03%
2026-07-21 14:32:32 INFO     strategy        PnL: 14:32:31 MTM=152.75 Profit=0.02%
2026-07-21 14:32:33 INFO     strategy        PnL: 14:32:33 MTM=162.50 Profit=0.02%
2026-07-21 14:32:34 INFO     strategy        PnL: 14:32:34 MTM=172.25 Profit=0.03%
2026-07-21 14:32:35 INFO     strategy        PnL: 14:32:35 MTM=156.00 Profit=0.02%
2026-07-21 14:32:36 INFO     strategy        PnL: 14:32:36 MTM=162.50 Profit=0.02%
2026-07-21 14:32:37 INFO     strategy        PnL: 14:32:37 MTM=185.25 Profit=0.03%
2026-07-21 14:32:38 INFO     strategy        PnL: 14:32:38 MTM=165.75 Profit=0.02%
2026-07-21 14:32:39 INFO     strategy        PnL: 14:32:39 MTM=159.25 Profit=0.02%
2026-07-21 14:32:40 INFO     strategy        PnL: 14:32:40 MTM=188.50 Profit=0.03%
2026-07-21 14:32:41 INFO     strategy        PnL: 14:32:41 MTM=178.75 Profit=0.03%
2026-07-21 14:32:42 INFO     strategy        PnL: 14:32:42 MTM=152.75 Profit=0.02%
2026-07-21 14:32:43 INFO     strategy        PnL: 14:32:43 MTM=152.75 Profit=0.02%
2026-07-21 14:32:44 INFO     strategy        PnL: 14:32:44 MTM=162.50 Profit=0.02%
2026-07-21 14:32:45 INFO     strategy        PnL: 14:32:45 MTM=149.50 Profit=0.02%
2026-07-21 14:32:46 INFO     strategy        PnL: 14:32:46 MTM=172.25 Profit=0.03%
2026-07-21 14:32:47 INFO     strategy        PnL: 14:32:47 MTM=188.50 Profit=0.03%
2026-07-21 14:32:48 INFO     strategy        PnL: 14:32:48 MTM=175.50 Profit=0.03%
2026-07-21 14:32:49 INFO     strategy        PnL: 14:32:49 MTM=185.25 Profit=0.03%
2026-07-21 14:32:50 INFO     strategy        PnL: 14:32:50 MTM=182.00 Profit=0.03%
2026-07-21 14:32:51 INFO     strategy        PnL: 14:32:51 MTM=126.75 Profit=0.02%
2026-07-21 14:32:52 INFO     strategy        PnL: 14:32:52 MTM=97.50 Profit=0.01%
2026-07-21 14:32:53 INFO     strategy        PnL: 14:32:53 MTM=117.00 Profit=0.02%
2026-07-21 14:32:54 INFO     strategy        PnL: 14:32:54 MTM=94.25 Profit=0.01%
2026-07-21 14:32:55 INFO     strategy        PnL: 14:32:55 MTM=100.75 Profit=0.02%
2026-07-21 14:32:56 INFO     strategy        PnL: 14:32:56 MTM=97.50 Profit=0.01%
2026-07-21 14:32:57 INFO     strategy        PnL: 14:32:57 MTM=133.25 Profit=0.02%
2026-07-21 14:32:58 INFO     strategy        PnL: 14:32:58 MTM=126.75 Profit=0.02%
2026-07-21 14:32:59 INFO     strategy        PnL: 14:32:59 MTM=126.75 Profit=0.02%
2026-07-21 14:33:00 INFO     strategy        PnL: 14:33:00 MTM=126.75 Profit=0.02%
2026-07-21 14:33:01 INFO     strategy        PnL: 14:33:01 MTM=113.75 Profit=0.02%
2026-07-21 14:33:02 INFO     strategy        PnL: 14:33:02 MTM=146.25 Profit=0.02%
2026-07-21 14:33:03 INFO     strategy        PnL: 14:33:03 MTM=146.25 Profit=0.02%
2026-07-21 14:33:04 INFO     strategy        PnL: 14:33:04 MTM=146.25 Profit=0.02%
2026-07-21 14:33:05 INFO     strategy        PnL: 14:33:05 MTM=159.25 Profit=0.02%
2026-07-21 14:33:06 INFO     strategy        PnL: 14:33:06 MTM=126.75 Profit=0.02%
2026-07-21 14:33:07 INFO     strategy        PnL: 14:33:07 MTM=156.00 Profit=0.02%
2026-07-21 14:33:08 INFO     strategy        PnL: 14:33:08 MTM=152.75 Profit=0.02%
2026-07-21 14:33:09 INFO     strategy        PnL: 14:33:09 MTM=143.00 Profit=0.02%
2026-07-21 14:33:10 INFO     strategy        PnL: 14:33:10 MTM=120.25 Profit=0.02%
2026-07-21 14:33:11 INFO     strategy        PnL: 14:33:11 MTM=104.00 Profit=0.02%
2026-07-21 14:33:12 INFO     strategy        PnL: 14:33:12 MTM=91.00 Profit=0.01%
2026-07-21 14:33:13 INFO     strategy        PnL: 14:33:13 MTM=97.50 Profit=0.01%
2026-07-21 14:33:14 INFO     strategy        PnL: 14:33:14 MTM=113.75 Profit=0.02%
2026-07-21 14:33:15 INFO     strategy        PnL: 14:33:15 MTM=104.00 Profit=0.02%
2026-07-21 14:33:16 INFO     strategy        PnL: 14:33:16 MTM=110.50 Profit=0.02%
2026-07-21 14:33:17 INFO     strategy        PnL: 14:33:17 MTM=74.75 Profit=0.01%
2026-07-21 14:33:18 INFO     strategy        PnL: 14:33:18 MTM=81.25 Profit=0.01%
2026-07-21 14:33:19 INFO     strategy        PnL: 14:33:19 MTM=94.25 Profit=0.01%
2026-07-21 14:33:20 INFO     strategy        PnL: 14:33:20 MTM=94.25 Profit=0.01%
2026-07-21 14:33:21 INFO     strategy        PnL: 14:33:21 MTM=113.75 Profit=0.02%
2026-07-21 14:33:22 INFO     strategy        PnL: 14:33:22 MTM=81.25 Profit=0.01%
2026-07-21 14:33:23 INFO     strategy        PnL: 14:33:23 MTM=71.50 Profit=0.01%
2026-07-21 14:33:24 INFO     strategy        PnL: 14:33:24 MTM=78.00 Profit=0.01%
2026-07-21 14:33:25 INFO     strategy        PnL: 14:33:25 MTM=61.75 Profit=0.01%
2026-07-21 14:33:26 INFO     strategy        PnL: 14:33:26 MTM=68.25 Profit=0.01%
2026-07-21 14:33:27 INFO     strategy        PnL: 14:33:27 MTM=71.50 Profit=0.01%
2026-07-21 14:33:28 INFO     strategy        PnL: 14:33:28 MTM=84.50 Profit=0.01%
2026-07-21 14:33:29 INFO     strategy        PnL: 14:33:29 MTM=74.75 Profit=0.01%
2026-07-21 14:33:30 INFO     strategy        PnL: 14:33:30 MTM=78.00 Profit=0.01%
2026-07-21 14:33:31 INFO     strategy        PnL: 14:33:31 MTM=61.75 Profit=0.01%
2026-07-21 14:33:32 INFO     strategy        PnL: 14:33:32 MTM=78.00 Profit=0.01%
2026-07-21 14:33:33 INFO     strategy        PnL: 14:33:33 MTM=84.50 Profit=0.01%
2026-07-21 14:33:34 INFO     strategy        PnL: 14:33:34 MTM=84.50 Profit=0.01%
2026-07-21 14:33:35 INFO     strategy        PnL: 14:33:35 MTM=87.75 Profit=0.01%
2026-07-21 14:33:36 INFO     strategy        PnL: 14:33:36 MTM=78.00 Profit=0.01%
2026-07-21 14:33:37 INFO     strategy        PnL: 14:33:37 MTM=94.25 Profit=0.01%
2026-07-21 14:33:38 INFO     strategy        PnL: 14:33:38 MTM=94.25 Profit=0.01%
2026-07-21 14:33:39 INFO     strategy        PnL: 14:33:39 MTM=107.25 Profit=0.02%
2026-07-21 14:33:40 INFO     strategy        PnL: 14:33:40 MTM=100.75 Profit=0.02%
2026-07-21 14:33:41 INFO     strategy        PnL: 14:33:41 MTM=81.25 Profit=0.01%
2026-07-21 14:33:42 INFO     strategy        PnL: 14:33:42 MTM=74.75 Profit=0.01%
2026-07-21 14:33:43 INFO     strategy        PnL: 14:33:43 MTM=91.00 Profit=0.01%
2026-07-21 14:33:44 INFO     strategy        PnL: 14:33:44 MTM=97.50 Profit=0.01%
2026-07-21 14:33:45 INFO     strategy        PnL: 14:33:45 MTM=117.00 Profit=0.02%
2026-07-21 14:33:46 INFO     strategy        PnL: 14:33:46 MTM=120.25 Profit=0.02%
2026-07-21 14:33:47 INFO     strategy        PnL: 14:33:47 MTM=117.00 Profit=0.02%
2026-07-21 14:33:48 INFO     strategy        PnL: 14:33:48 MTM=97.50 Profit=0.01%
2026-07-21 14:33:49 INFO     strategy        PnL: 14:33:49 MTM=107.25 Profit=0.02%
2026-07-21 14:33:50 INFO     strategy        PnL: 14:33:50 MTM=110.50 Profit=0.02%
2026-07-21 14:33:51 INFO     strategy        PnL: 14:33:51 MTM=123.50 Profit=0.02%
2026-07-21 14:33:52 INFO     strategy        PnL: 14:33:52 MTM=133.25 Profit=0.02%
2026-07-21 14:33:53 INFO     strategy        PnL: 14:33:53 MTM=126.75 Profit=0.02%
2026-07-21 14:33:54 INFO     strategy        PnL: 14:33:54 MTM=123.50 Profit=0.02%
2026-07-21 14:33:55 INFO     strategy        PnL: 14:33:55 MTM=149.50 Profit=0.02%
2026-07-21 14:33:56 INFO     strategy        PnL: 14:33:56 MTM=104.00 Profit=0.02%
2026-07-21 14:33:57 INFO     strategy        PnL: 14:33:57 MTM=120.25 Profit=0.02%
2026-07-21 14:33:58 INFO     strategy        PnL: 14:33:58 MTM=143.00 Profit=0.02%
2026-07-21 14:33:59 INFO     strategy        PnL: 14:33:59 MTM=126.75 Profit=0.02%
2026-07-21 14:34:00 INFO     strategy        PnL: 14:34:00 MTM=123.50 Profit=0.02%
2026-07-21 14:34:01 INFO     strategy        PnL: 14:34:01 MTM=136.50 Profit=0.02%
2026-07-21 14:34:02 INFO     strategy        PnL: 14:34:02 MTM=117.00 Profit=0.02%
2026-07-21 14:34:03 INFO     strategy        PnL: 14:34:03 MTM=126.75 Profit=0.02%
2026-07-21 14:34:04 INFO     strategy        PnL: 14:34:04 MTM=126.75 Profit=0.02%
2026-07-21 14:34:05 INFO     strategy        PnL: 14:34:05 MTM=117.00 Profit=0.02%
2026-07-21 14:34:06 INFO     strategy        PnL: 14:34:06 MTM=117.00 Profit=0.02%
2026-07-21 14:34:07 INFO     strategy        PnL: 14:34:07 MTM=117.00 Profit=0.02%
2026-07-21 14:34:08 INFO     strategy        PnL: 14:34:08 MTM=120.25 Profit=0.02%
2026-07-21 14:34:09 INFO     strategy        PnL: 14:34:09 MTM=91.00 Profit=0.01%
2026-07-21 14:34:10 INFO     strategy        PnL: 14:34:10 MTM=100.75 Profit=0.02%
2026-07-21 14:34:11 INFO     strategy        PnL: 14:34:11 MTM=81.25 Profit=0.01%
2026-07-21 14:34:12 INFO     strategy        PnL: 14:34:12 MTM=104.00 Profit=0.02%
2026-07-21 14:34:13 INFO     strategy        PnL: 14:34:13 MTM=97.50 Profit=0.01%
2026-07-21 14:34:14 INFO     strategy        PnL: 14:34:14 MTM=100.75 Profit=0.02%
2026-07-21 14:34:15 INFO     strategy        PnL: 14:34:15 MTM=113.75 Profit=0.02%
2026-07-21 14:34:16 INFO     strategy        PnL: 14:34:16 MTM=113.75 Profit=0.02%
2026-07-21 14:34:17 INFO     strategy        PnL: 14:34:17 MTM=100.75 Profit=0.02%
2026-07-21 14:34:18 INFO     strategy        PnL: 14:34:18 MTM=100.75 Profit=0.02%
2026-07-21 14:34:19 INFO     strategy        PnL: 14:34:19 MTM=87.75 Profit=0.01%
2026-07-21 14:34:20 INFO     strategy        PnL: 14:34:20 MTM=84.50 Profit=0.01%
2026-07-21 14:34:21 INFO     strategy        PnL: 14:34:21 MTM=87.75 Profit=0.01%
2026-07-21 14:34:22 INFO     strategy        PnL: 14:34:22 MTM=94.25 Profit=0.01%
2026-07-21 14:34:23 INFO     strategy        PnL: 14:34:23 MTM=65.00 Profit=0.01%
2026-07-21 14:34:24 INFO     strategy        PnL: 14:34:24 MTM=68.25 Profit=0.01%
2026-07-21 14:34:25 INFO     strategy        PnL: 14:34:25 MTM=68.25 Profit=0.01%
2026-07-21 14:34:26 INFO     strategy        PnL: 14:34:26 MTM=48.75 Profit=0.01%
2026-07-21 14:34:27 INFO     strategy        PnL: 14:34:27 MTM=58.50 Profit=0.01%
2026-07-21 14:34:28 INFO     strategy        PnL: 14:34:28 MTM=35.75 Profit=0.01%
2026-07-21 14:34:30 INFO     strategy        PnL: 14:34:30 MTM=42.25 Profit=0.01%
2026-07-21 14:34:31 INFO     strategy        PnL: 14:34:31 MTM=58.50 Profit=0.01%
2026-07-21 14:34:32 INFO     strategy        PnL: 14:34:32 MTM=65.00 Profit=0.01%
2026-07-21 14:34:33 INFO     strategy        PnL: 14:34:33 MTM=68.25 Profit=0.01%
2026-07-21 14:34:34 INFO     strategy        PnL: 14:34:34 MTM=74.75 Profit=0.01%
2026-07-21 14:34:35 INFO     strategy        PnL: 14:34:35 MTM=68.25 Profit=0.01%
2026-07-21 14:34:36 INFO     strategy        PnL: 14:34:36 MTM=81.25 Profit=0.01%
2026-07-21 14:34:37 INFO     strategy        PnL: 14:34:37 MTM=61.75 Profit=0.01%
2026-07-21 14:34:38 INFO     strategy        PnL: 14:34:38 MTM=71.50 Profit=0.01%
2026-07-21 14:34:39 INFO     strategy        PnL: 14:34:39 MTM=71.50 Profit=0.01%
2026-07-21 14:34:40 INFO     strategy        PnL: 14:34:40 MTM=81.25 Profit=0.01%
2026-07-21 14:34:41 INFO     strategy        PnL: 14:34:41 MTM=84.50 Profit=0.01%
2026-07-21 14:34:42 INFO     strategy        PnL: 14:34:42 MTM=78.00 Profit=0.01%
2026-07-21 14:34:43 INFO     strategy        PnL: 14:34:43 MTM=84.50 Profit=0.01%
2026-07-21 14:34:44 INFO     strategy        PnL: 14:34:44 MTM=42.25 Profit=0.01%
2026-07-21 14:34:45 INFO     strategy        PnL: 14:34:45 MTM=65.00 Profit=0.01%
2026-07-21 14:34:46 INFO     strategy        PnL: 14:34:46 MTM=71.50 Profit=0.01%
2026-07-21 14:34:47 INFO     strategy        PnL: 14:34:47 MTM=68.25 Profit=0.01%
2026-07-21 14:34:48 INFO     strategy        PnL: 14:34:48 MTM=81.25 Profit=0.01%
2026-07-21 14:34:49 INFO     strategy        PnL: 14:34:49 MTM=68.25 Profit=0.01%
2026-07-21 14:34:50 INFO     strategy        PnL: 14:34:50 MTM=71.50 Profit=0.01%
2026-07-21 14:34:51 INFO     strategy        PnL: 14:34:51 MTM=81.25 Profit=0.01%
2026-07-21 14:34:52 INFO     strategy        PnL: 14:34:52 MTM=91.00 Profit=0.01%
2026-07-21 14:34:53 INFO     strategy        PnL: 14:34:53 MTM=81.25 Profit=0.01%
2026-07-21 14:34:54 INFO     strategy        PnL: 14:34:54 MTM=68.25 Profit=0.01%
2026-07-21 14:34:55 INFO     strategy        PnL: 14:34:55 MTM=65.00 Profit=0.01%
2026-07-21 14:34:56 INFO     strategy        PnL: 14:34:56 MTM=107.25 Profit=0.02%
2026-07-21 14:34:57 INFO     strategy        PnL: 14:34:57 MTM=74.75 Profit=0.01%
2026-07-21 14:34:58 INFO     strategy        PnL: 14:34:58 MTM=91.00 Profit=0.01%
2026-07-21 14:34:59 INFO     strategy        PnL: 14:34:59 MTM=81.25 Profit=0.01%
2026-07-21 14:35:00 INFO     strategy        PnL: 14:35:00 MTM=87.75 Profit=0.01%
2026-07-21 14:35:01 INFO     strategy        PnL: 14:35:01 MTM=45.50 Profit=0.01%
2026-07-21 14:35:02 INFO     strategy        PnL: 14:35:02 MTM=55.25 Profit=0.01%
2026-07-21 14:35:03 INFO     strategy        PnL: 14:35:03 MTM=58.50 Profit=0.01%
2026-07-21 14:35:04 INFO     strategy        PnL: 14:35:04 MTM=48.75 Profit=0.01%
2026-07-21 14:35:05 INFO     strategy        PnL: 14:35:05 MTM=52.00 Profit=0.01%
2026-07-21 14:35:06 INFO     strategy        PnL: 14:35:06 MTM=65.00 Profit=0.01%
2026-07-21 14:35:07 INFO     strategy        PnL: 14:35:07 MTM=87.75 Profit=0.01%
2026-07-21 14:35:08 INFO     strategy        PnL: 14:35:08 MTM=61.75 Profit=0.01%
2026-07-21 14:35:09 INFO     strategy        PnL: 14:35:09 MTM=61.75 Profit=0.01%
2026-07-21 14:35:10 INFO     strategy        PnL: 14:35:10 MTM=61.75 Profit=0.01%
2026-07-21 14:35:11 INFO     strategy        PnL: 14:35:11 MTM=68.25 Profit=0.01%
2026-07-21 14:35:12 INFO     strategy        PnL: 14:35:12 MTM=68.25 Profit=0.01%
2026-07-21 14:35:13 INFO     strategy        PnL: 14:35:13 MTM=65.00 Profit=0.01%
2026-07-21 14:35:14 INFO     strategy        PnL: 14:35:14 MTM=65.00 Profit=0.01%
2026-07-21 14:35:15 INFO     strategy        PnL: 14:35:15 MTM=71.50 Profit=0.01%
2026-07-21 14:35:16 INFO     strategy        PnL: 14:35:16 MTM=71.50 Profit=0.01%
2026-07-21 14:35:17 INFO     strategy        PnL: 14:35:17 MTM=74.75 Profit=0.01%
2026-07-21 14:35:18 INFO     strategy        PnL: 14:35:18 MTM=68.25 Profit=0.01%
2026-07-21 14:35:19 INFO     strategy        PnL: 14:35:19 MTM=78.00 Profit=0.01%
2026-07-21 14:35:20 INFO     strategy        PnL: 14:35:20 MTM=71.50 Profit=0.01%
2026-07-21 14:35:21 INFO     strategy        PnL: 14:35:21 MTM=84.50 Profit=0.01%
2026-07-21 14:35:22 INFO     strategy        PnL: 14:35:22 MTM=81.25 Profit=0.01%
2026-07-21 14:35:23 INFO     strategy        PnL: 14:35:23 MTM=81.25 Profit=0.01%
2026-07-21 14:35:24 INFO     strategy        PnL: 14:35:24 MTM=78.00 Profit=0.01%
2026-07-21 14:35:25 INFO     strategy        PnL: 14:35:25 MTM=74.75 Profit=0.01%
2026-07-21 14:35:26 INFO     strategy        PnL: 14:35:26 MTM=97.50 Profit=0.01%
2026-07-21 14:35:27 INFO     strategy        PnL: 14:35:27 MTM=84.50 Profit=0.01%
2026-07-21 14:35:28 INFO     strategy        PnL: 14:35:28 MTM=68.25 Profit=0.01%
2026-07-21 14:35:29 INFO     strategy        PnL: 14:35:29 MTM=81.25 Profit=0.01%
2026-07-21 14:35:30 INFO     strategy        PnL: 14:35:30 MTM=65.00 Profit=0.01%
2026-07-21 14:35:31 INFO     strategy        PnL: 14:35:31 MTM=71.50 Profit=0.01%
2026-07-21 14:35:32 INFO     strategy        PnL: 14:35:32 MTM=61.75 Profit=0.01%
2026-07-21 14:35:33 INFO     strategy        PnL: 14:35:33 MTM=45.50 Profit=0.01%
2026-07-21 14:35:34 INFO     strategy        PnL: 14:35:34 MTM=74.75 Profit=0.01%
2026-07-21 14:35:35 INFO     strategy        PnL: 14:35:35 MTM=55.25 Profit=0.01%
2026-07-21 14:35:36 INFO     strategy        PnL: 14:35:36 MTM=58.50 Profit=0.01%
2026-07-21 14:35:37 INFO     strategy        PnL: 14:35:37 MTM=42.25 Profit=0.01%
2026-07-21 14:35:38 INFO     strategy        PnL: 14:35:38 MTM=9.75 Profit=0.00%
2026-07-21 14:35:39 INFO     strategy        PnL: 14:35:39 MTM=61.75 Profit=0.01%
2026-07-21 14:35:40 INFO     strategy        PnL: 14:35:40 MTM=61.75 Profit=0.01%
2026-07-21 14:35:41 INFO     strategy        PnL: 14:35:41 MTM=52.00 Profit=0.01%
2026-07-21 14:35:42 INFO     strategy        PnL: 14:35:42 MTM=71.50 Profit=0.01%
2026-07-21 14:35:43 INFO     strategy        PnL: 14:35:43 MTM=61.75 Profit=0.01%
2026-07-21 14:35:44 INFO     strategy        PnL: 14:35:44 MTM=74.75 Profit=0.01%
2026-07-21 14:35:45 INFO     strategy        PnL: 14:35:45 MTM=71.50 Profit=0.01%
2026-07-21 14:35:46 INFO     strategy        PnL: 14:35:46 MTM=81.25 Profit=0.01%
2026-07-21 14:35:47 INFO     strategy        PnL: 14:35:47 MTM=87.75 Profit=0.01%
2026-07-21 14:35:48 INFO     strategy        PnL: 14:35:48 MTM=78.00 Profit=0.01%
2026-07-21 14:35:49 INFO     strategy        PnL: 14:35:49 MTM=97.50 Profit=0.01%
2026-07-21 14:35:50 INFO     strategy        PnL: 14:35:50 MTM=91.00 Profit=0.01%
2026-07-21 14:35:51 INFO     strategy        PnL: 14:35:51 MTM=71.50 Profit=0.01%
2026-07-21 14:35:52 INFO     strategy        PnL: 14:35:52 MTM=32.50 Profit=0.00%
2026-07-21 14:35:53 INFO     strategy        PnL: 14:35:53 MTM=42.25 Profit=0.01%
2026-07-21 14:35:54 INFO     strategy        PnL: 14:35:54 MTM=68.25 Profit=0.01%
2026-07-21 14:35:55 INFO     strategy        PnL: 14:35:55 MTM=52.00 Profit=0.01%
2026-07-21 14:35:56 INFO     strategy        PnL: 14:35:56 MTM=58.50 Profit=0.01%
2026-07-21 14:35:57 INFO     strategy        PnL: 14:35:57 MTM=35.75 Profit=0.01%
2026-07-21 14:35:58 INFO     strategy        PnL: 14:35:58 MTM=48.75 Profit=0.01%
2026-07-21 14:35:59 INFO     strategy        PnL: 14:35:59 MTM=39.00 Profit=0.01%
2026-07-21 14:36:00 INFO     strategy        PnL: 14:36:00 MTM=65.00 Profit=0.01%
2026-07-21 14:36:01 INFO     strategy        PnL: 14:36:01 MTM=71.50 Profit=0.01%
2026-07-21 14:36:02 INFO     strategy        PnL: 14:36:02 MTM=81.25 Profit=0.01%
2026-07-21 14:36:03 INFO     strategy        PnL: 14:36:03 MTM=91.00 Profit=0.01%
2026-07-21 14:36:04 INFO     strategy        PnL: 14:36:04 MTM=84.50 Profit=0.01%
2026-07-21 14:36:05 INFO     strategy        PnL: 14:36:05 MTM=84.50 Profit=0.01%
2026-07-21 14:36:06 INFO     strategy        PnL: 14:36:06 MTM=74.75 Profit=0.01%
2026-07-21 14:36:07 INFO     strategy        PnL: 14:36:07 MTM=97.50 Profit=0.01%
2026-07-21 14:36:08 INFO     strategy        PnL: 14:36:08 MTM=97.50 Profit=0.01%
2026-07-21 14:36:09 INFO     strategy        PnL: 14:36:09 MTM=87.75 Profit=0.01%
2026-07-21 14:36:10 INFO     strategy        PnL: 14:36:10 MTM=94.25 Profit=0.01%
2026-07-21 14:36:11 INFO     strategy        PnL: 14:36:11 MTM=84.50 Profit=0.01%
2026-07-21 14:36:12 INFO     strategy        PnL: 14:36:12 MTM=104.00 Profit=0.02%
2026-07-21 14:36:13 INFO     strategy        PnL: 14:36:13 MTM=133.25 Profit=0.02%
2026-07-21 14:36:14 INFO     strategy        PnL: 14:36:14 MTM=133.25 Profit=0.02%
2026-07-21 14:36:15 INFO     strategy        PnL: 14:36:15 MTM=126.75 Profit=0.02%
2026-07-21 14:36:16 INFO     strategy        PnL: 14:36:16 MTM=117.00 Profit=0.02%
2026-07-21 14:36:17 INFO     strategy        PnL: 14:36:17 MTM=87.75 Profit=0.01%
2026-07-21 14:36:18 INFO     strategy        PnL: 14:36:18 MTM=107.25 Profit=0.02%
2026-07-21 14:36:20 INFO     strategy        PnL: 14:36:20 MTM=126.75 Profit=0.02%
2026-07-21 14:36:21 INFO     strategy        PnL: 14:36:21 MTM=97.50 Profit=0.01%
2026-07-21 14:36:22 INFO     strategy        PnL: 14:36:22 MTM=100.75 Profit=0.02%
2026-07-21 14:36:23 INFO     strategy        PnL: 14:36:23 MTM=110.50 Profit=0.02%
2026-07-21 14:36:24 INFO     strategy        PnL: 14:36:24 MTM=61.75 Profit=0.01%
2026-07-21 14:36:25 INFO     strategy        PnL: 14:36:25 MTM=48.75 Profit=0.01%
2026-07-21 14:36:26 INFO     strategy        PnL: 14:36:26 MTM=52.00 Profit=0.01%
2026-07-21 14:36:27 INFO     strategy        PnL: 14:36:27 MTM=35.75 Profit=0.01%
2026-07-21 14:36:28 INFO     strategy        PnL: 14:36:28 MTM=48.75 Profit=0.01%
2026-07-21 14:36:29 INFO     strategy        PnL: 14:36:29 MTM=6.50 Profit=0.00%
2026-07-21 14:36:30 INFO     strategy        PnL: 14:36:30 MTM=-3.25 Loss=0.00%
2026-07-21 14:36:31 INFO     strategy        PnL: 14:36:31 MTM=-6.50 Loss=0.00%
2026-07-21 14:36:32 INFO     strategy        PnL: 14:36:32 MTM=29.25 Profit=0.00%
2026-07-21 14:36:33 INFO     strategy        PnL: 14:36:33 MTM=35.75 Profit=0.01%
2026-07-21 14:36:34 INFO     strategy        PnL: 14:36:34 MTM=3.25 Profit=0.00%
2026-07-21 14:36:35 INFO     strategy        PnL: 14:36:35 MTM=-39.00 Loss=0.01%
2026-07-21 14:36:36 INFO     strategy        PnL: 14:36:36 MTM=-13.00 Loss=0.00%
2026-07-21 14:36:37 INFO     strategy        PnL: 14:36:37 MTM=-39.00 Loss=0.01%
2026-07-21 14:36:38 INFO     strategy        PnL: 14:36:38 MTM=-39.00 Loss=0.01%
2026-07-21 14:36:39 INFO     strategy        PnL: 14:36:39 MTM=0.00 Profit=0.00%
2026-07-21 14:36:40 INFO     strategy        PnL: 14:36:40 MTM=9.75 Profit=0.00%
2026-07-21 14:36:41 INFO     strategy        PnL: 14:36:41 MTM=16.25 Profit=0.00%
2026-07-21 14:36:42 INFO     strategy        PnL: 14:36:42 MTM=22.75 Profit=0.00%
2026-07-21 14:36:43 INFO     strategy        PnL: 14:36:43 MTM=6.50 Profit=0.00%
2026-07-21 14:36:44 INFO     strategy        PnL: 14:36:44 MTM=32.50 Profit=0.00%
2026-07-21 14:36:45 INFO     strategy        PnL: 14:36:45 MTM=9.75 Profit=0.00%
2026-07-21 14:36:46 INFO     strategy        PnL: 14:36:46 MTM=39.00 Profit=0.01%
2026-07-21 14:36:47 INFO     strategy        PnL: 14:36:47 MTM=45.50 Profit=0.01%
2026-07-21 14:36:48 INFO     strategy        PnL: 14:36:48 MTM=3.25 Profit=0.00%
2026-07-21 14:36:49 INFO     strategy        PnL: 14:36:49 MTM=-3.25 Loss=0.00%
2026-07-21 14:36:50 INFO     strategy        PnL: 14:36:50 MTM=-16.25 Loss=0.00%
2026-07-21 14:36:51 INFO     strategy        PnL: 14:36:51 MTM=0.00 Profit=0.00%
2026-07-21 14:36:52 INFO     strategy        PnL: 14:36:52 MTM=-29.25 Loss=0.00%
2026-07-21 14:36:53 INFO     strategy        PnL: 14:36:53 MTM=-9.75 Loss=0.00%
2026-07-21 14:36:54 INFO     strategy        PnL: 14:36:54 MTM=-13.00 Loss=0.00%
2026-07-21 14:36:55 INFO     strategy        PnL: 14:36:55 MTM=-16.25 Loss=0.00%
2026-07-21 14:36:56 INFO     strategy        PnL: 14:36:56 MTM=-32.50 Loss=0.00%
2026-07-21 14:36:57 INFO     strategy        PnL: 14:36:57 MTM=-42.25 Loss=0.01%
2026-07-21 14:36:58 INFO     strategy        PnL: 14:36:58 MTM=-32.50 Loss=0.00%
2026-07-21 14:36:59 INFO     strategy        PnL: 14:36:59 MTM=-35.75 Loss=0.01%
2026-07-21 14:37:00 INFO     strategy        PnL: 14:37:00 MTM=-58.50 Loss=0.01%
2026-07-21 14:37:01 INFO     strategy        PnL: 14:37:01 MTM=-48.75 Loss=0.01%
2026-07-21 14:37:02 INFO     strategy        PnL: 14:37:02 MTM=-26.00 Loss=0.00%
2026-07-21 14:37:03 INFO     strategy        PnL: 14:37:03 MTM=-26.00 Loss=0.00%
2026-07-21 14:37:04 INFO     strategy        PnL: 14:37:04 MTM=-22.75 Loss=0.00%
2026-07-21 14:37:05 INFO     strategy        PnL: 14:37:05 MTM=-26.00 Loss=0.00%
2026-07-21 14:37:06 INFO     strategy        PnL: 14:37:06 MTM=-26.00 Loss=0.00%
2026-07-21 14:37:07 INFO     strategy        PnL: 14:37:07 MTM=-32.50 Loss=0.00%
2026-07-21 14:37:08 INFO     strategy        PnL: 14:37:08 MTM=-32.50 Loss=0.00%
2026-07-21 14:37:09 INFO     strategy        PnL: 14:37:09 MTM=-35.75 Loss=0.01%
2026-07-21 14:37:10 INFO     strategy        PnL: 14:37:10 MTM=-39.00 Loss=0.01%
2026-07-21 14:37:11 INFO     strategy        PnL: 14:37:11 MTM=-16.25 Loss=0.00%
2026-07-21 14:37:12 INFO     strategy        PnL: 14:37:12 MTM=-32.50 Loss=0.00%
2026-07-21 14:37:13 INFO     strategy        PnL: 14:37:13 MTM=-16.25 Loss=0.00%
2026-07-21 14:37:14 INFO     strategy        PnL: 14:37:14 MTM=-45.50 Loss=0.01%
2026-07-21 14:37:15 INFO     strategy        PnL: 14:37:15 MTM=-45.50 Loss=0.01%
2026-07-21 14:37:16 INFO     strategy        PnL: 14:37:16 MTM=-48.75 Loss=0.01%
2026-07-21 14:37:17 INFO     strategy        PnL: 14:37:17 MTM=-39.00 Loss=0.01%
2026-07-21 14:37:18 INFO     strategy        PnL: 14:37:18 MTM=-39.00 Loss=0.01%
2026-07-21 14:37:19 INFO     strategy        PnL: 14:37:19 MTM=-26.00 Loss=0.00%
2026-07-21 14:37:20 INFO     strategy        PnL: 14:37:20 MTM=-19.50 Loss=0.00%
2026-07-21 14:37:21 INFO     strategy        PnL: 14:37:21 MTM=-26.00 Loss=0.00%
2026-07-21 14:37:22 INFO     strategy        PnL: 14:37:22 MTM=29.25 Profit=0.00%
2026-07-21 14:37:23 INFO     strategy        PnL: 14:37:23 MTM=26.00 Profit=0.00%
2026-07-21 14:37:24 INFO     strategy        PnL: 14:37:24 MTM=22.75 Profit=0.00%
2026-07-21 14:37:25 INFO     strategy        PnL: 14:37:25 MTM=35.75 Profit=0.01%
2026-07-21 14:37:26 INFO     strategy        PnL: 14:37:26 MTM=35.75 Profit=0.01%
2026-07-21 14:37:27 INFO     strategy        PnL: 14:37:27 MTM=22.75 Profit=0.00%
2026-07-21 14:37:28 INFO     strategy        PnL: 14:37:28 MTM=9.75 Profit=0.00%
2026-07-21 14:37:29 INFO     strategy        PnL: 14:37:29 MTM=9.75 Profit=0.00%
2026-07-21 14:37:30 INFO     strategy        PnL: 14:37:30 MTM=0.00 Profit=0.00%
2026-07-21 14:37:31 INFO     strategy        PnL: 14:37:31 MTM=-9.75 Loss=0.00%
2026-07-21 14:37:32 INFO     strategy        PnL: 14:37:32 MTM=-16.25 Loss=0.00%
2026-07-21 14:37:33 INFO     strategy        PnL: 14:37:33 MTM=-26.00 Loss=0.00%
2026-07-21 14:37:34 INFO     strategy        PnL: 14:37:34 MTM=-9.75 Loss=0.00%
2026-07-21 14:37:35 INFO     strategy        PnL: 14:37:35 MTM=-13.00 Loss=0.00%
2026-07-21 14:37:36 INFO     strategy        PnL: 14:37:36 MTM=-9.75 Loss=0.00%
2026-07-21 14:37:37 INFO     strategy        PnL: 14:37:37 MTM=-16.25 Loss=0.00%
2026-07-21 14:37:38 INFO     strategy        PnL: 14:37:38 MTM=0.00 Profit=0.00%
2026-07-21 14:37:39 INFO     strategy        PnL: 14:37:39 MTM=6.50 Profit=0.00%
2026-07-21 14:37:40 INFO     strategy        PnL: 14:37:40 MTM=-22.75 Loss=0.00%
2026-07-21 14:37:41 INFO     strategy        PnL: 14:37:41 MTM=-22.75 Loss=0.00%
2026-07-21 14:37:42 INFO     strategy        PnL: 14:37:42 MTM=-9.75 Loss=0.00%
2026-07-21 14:37:43 INFO     strategy        PnL: 14:37:43 MTM=-32.50 Loss=0.00%
2026-07-21 14:37:44 INFO     strategy        PnL: 14:37:44 MTM=-29.25 Loss=0.00%
2026-07-21 14:37:45 INFO     strategy        PnL: 14:37:45 MTM=-35.75 Loss=0.01%
2026-07-21 14:37:46 INFO     strategy        PnL: 14:37:46 MTM=-26.00 Loss=0.00%
2026-07-21 14:37:47 INFO     strategy        PnL: 14:37:47 MTM=-39.00 Loss=0.01%
2026-07-21 14:37:48 INFO     strategy        PnL: 14:37:48 MTM=-32.50 Loss=0.00%
2026-07-21 14:37:49 INFO     strategy        PnL: 14:37:49 MTM=-16.25 Loss=0.00%
2026-07-21 14:37:50 INFO     strategy        PnL: 14:37:50 MTM=-22.75 Loss=0.00%
2026-07-21 14:37:51 INFO     strategy        PnL: 14:37:51 MTM=-26.00 Loss=0.00%
2026-07-21 14:37:52 INFO     strategy        PnL: 14:37:52 MTM=-32.50 Loss=0.00%
2026-07-21 14:37:53 INFO     strategy        PnL: 14:37:53 MTM=-22.75 Loss=0.00%
2026-07-21 14:37:54 INFO     strategy        PnL: 14:37:54 MTM=-6.50 Loss=0.00%
2026-07-21 14:37:55 INFO     strategy        PnL: 14:37:55 MTM=-32.50 Loss=0.00%
2026-07-21 14:37:56 INFO     strategy        PnL: 14:37:56 MTM=-16.25 Loss=0.00%
2026-07-21 14:37:57 INFO     strategy        PnL: 14:37:57 MTM=-29.25 Loss=0.00%
2026-07-21 14:37:58 INFO     strategy        PnL: 14:37:58 MTM=-35.75 Loss=0.01%
2026-07-21 14:37:59 INFO     strategy        PnL: 14:37:59 MTM=-22.75 Loss=0.00%
2026-07-21 14:38:00 INFO     strategy        PnL: 14:38:00 MTM=-29.25 Loss=0.00%
2026-07-21 14:38:01 INFO     strategy        PnL: 14:38:01 MTM=-9.75 Loss=0.00%
2026-07-21 14:38:02 INFO     strategy        PnL: 14:38:02 MTM=3.25 Profit=0.00%
2026-07-21 14:38:03 INFO     strategy        PnL: 14:38:03 MTM=-9.75 Loss=0.00%
2026-07-21 14:38:04 INFO     strategy        PnL: 14:38:04 MTM=9.75 Profit=0.00%
2026-07-21 14:38:05 INFO     strategy        PnL: 14:38:05 MTM=-6.50 Loss=0.00%
2026-07-21 14:38:06 INFO     strategy        PnL: 14:38:06 MTM=-9.75 Loss=0.00%
2026-07-21 14:38:08 INFO     strategy        PnL: 14:38:07 MTM=-26.00 Loss=0.00%
2026-07-21 14:38:09 INFO     strategy        PnL: 14:38:09 MTM=-22.75 Loss=0.00%
2026-07-21 14:38:10 INFO     strategy        PnL: 14:38:10 MTM=-19.50 Loss=0.00%
2026-07-21 14:38:11 INFO     strategy        PnL: 14:38:11 MTM=-9.75 Loss=0.00%
2026-07-21 14:38:12 INFO     strategy        PnL: 14:38:12 MTM=-32.50 Loss=0.00%
2026-07-21 14:38:13 INFO     strategy        PnL: 14:38:13 MTM=-22.75 Loss=0.00%
2026-07-21 14:38:14 INFO     strategy        PnL: 14:38:14 MTM=-16.25 Loss=0.00%
2026-07-21 14:38:15 INFO     strategy        PnL: 14:38:15 MTM=-3.25 Loss=0.00%
2026-07-21 14:38:16 INFO     strategy        PnL: 14:38:16 MTM=3.25 Profit=0.00%
2026-07-21 14:38:17 INFO     strategy        PnL: 14:38:17 MTM=3.25 Profit=0.00%
2026-07-21 14:38:18 INFO     strategy        PnL: 14:38:18 MTM=16.25 Profit=0.00%
2026-07-21 14:38:19 INFO     strategy        PnL: 14:38:19 MTM=16.25 Profit=0.00%
2026-07-21 14:38:20 INFO     strategy        PnL: 14:38:20 MTM=0.00 Profit=0.00%
2026-07-21 14:38:21 INFO     strategy        PnL: 14:38:21 MTM=3.25 Profit=0.00%
2026-07-21 14:38:22 INFO     strategy        PnL: 14:38:22 MTM=-13.00 Loss=0.00%
2026-07-21 14:38:23 INFO     strategy        PnL: 14:38:23 MTM=-19.50 Loss=0.00%
2026-07-21 14:38:24 INFO     strategy        PnL: 14:38:24 MTM=-16.25 Loss=0.00%
2026-07-21 14:38:25 INFO     strategy        PnL: 14:38:25 MTM=-9.75 Loss=0.00%
2026-07-21 14:38:26 INFO     strategy        PnL: 14:38:26 MTM=-9.75 Loss=0.00%
2026-07-21 14:38:27 INFO     strategy        PnL: 14:38:27 MTM=6.50 Profit=0.00%
2026-07-21 14:38:28 INFO     strategy        PnL: 14:38:28 MTM=6.50 Profit=0.00%
2026-07-21 14:38:29 INFO     strategy        PnL: 14:38:29 MTM=0.00 Profit=0.00%
2026-07-21 14:38:30 INFO     strategy        PnL: 14:38:30 MTM=-6.50 Loss=0.00%
2026-07-21 14:38:31 INFO     strategy        PnL: 14:38:31 MTM=6.50 Profit=0.00%
2026-07-21 14:38:32 INFO     strategy        PnL: 14:38:32 MTM=3.25 Profit=0.00%
2026-07-21 14:38:33 INFO     strategy        PnL: 14:38:33 MTM=13.00 Profit=0.00%
2026-07-21 14:38:34 INFO     strategy        PnL: 14:38:34 MTM=6.50 Profit=0.00%
2026-07-21 14:38:35 INFO     strategy        PnL: 14:38:35 MTM=6.50 Profit=0.00%
2026-07-21 14:38:36 INFO     strategy        PnL: 14:38:36 MTM=9.75 Profit=0.00%
2026-07-21 14:38:37 INFO     strategy        PnL: 14:38:37 MTM=9.75 Profit=0.00%
2026-07-21 14:38:38 INFO     strategy        PnL: 14:38:38 MTM=19.50 Profit=0.00%
2026-07-21 14:38:39 INFO     strategy        PnL: 14:38:39 MTM=13.00 Profit=0.00%
2026-07-21 14:38:40 INFO     strategy        PnL: 14:38:40 MTM=13.00 Profit=0.00%
2026-07-21 14:38:41 INFO     strategy        PnL: 14:38:41 MTM=-6.50 Loss=0.00%
2026-07-21 14:38:42 INFO     strategy        PnL: 14:38:42 MTM=9.75 Profit=0.00%
2026-07-21 14:38:43 INFO     strategy        PnL: 14:38:43 MTM=6.50 Profit=0.00%
2026-07-21 14:38:44 INFO     strategy        PnL: 14:38:44 MTM=0.00 Profit=0.00%
2026-07-21 14:38:45 INFO     strategy        PnL: 14:38:45 MTM=13.00 Profit=0.00%
2026-07-21 14:38:46 INFO     strategy        PnL: 14:38:46 MTM=19.50 Profit=0.00%
2026-07-21 14:38:47 INFO     strategy        PnL: 14:38:47 MTM=19.50 Profit=0.00%
2026-07-21 14:38:48 INFO     strategy        PnL: 14:38:48 MTM=26.00 Profit=0.00%
2026-07-21 14:38:49 INFO     strategy        PnL: 14:38:49 MTM=9.75 Profit=0.00%
2026-07-21 14:38:50 INFO     strategy        PnL: 14:38:50 MTM=0.00 Profit=0.00%
2026-07-21 14:38:51 INFO     strategy        PnL: 14:38:51 MTM=0.00 Profit=0.00%
2026-07-21 14:38:52 INFO     strategy        PnL: 14:38:52 MTM=-13.00 Loss=0.00%
2026-07-21 14:38:53 INFO     strategy        PnL: 14:38:53 MTM=6.50 Profit=0.00%
2026-07-21 14:38:54 INFO     strategy        PnL: 14:38:54 MTM=3.25 Profit=0.00%
2026-07-21 14:38:55 INFO     strategy        PnL: 14:38:55 MTM=-13.00 Loss=0.00%
2026-07-21 14:38:56 INFO     strategy        PnL: 14:38:56 MTM=-6.50 Loss=0.00%
2026-07-21 14:38:57 INFO     strategy        PnL: 14:38:57 MTM=9.75 Profit=0.00%
2026-07-21 14:38:58 INFO     strategy        PnL: 14:38:58 MTM=-3.25 Loss=0.00%
2026-07-21 14:38:59 INFO     strategy        PnL: 14:38:59 MTM=9.75 Profit=0.00%
2026-07-21 14:39:00 INFO     strategy        PnL: 14:39:00 MTM=-3.25 Loss=0.00%
2026-07-21 14:39:01 INFO     strategy        PnL: 14:39:01 MTM=-3.25 Loss=0.00%
2026-07-21 14:39:02 INFO     strategy        PnL: 14:39:02 MTM=-3.25 Loss=0.00%
2026-07-21 14:39:03 INFO     strategy        PnL: 14:39:03 MTM=-3.25 Loss=0.00%
2026-07-21 14:39:04 INFO     strategy        PnL: 14:39:04 MTM=0.00 Profit=0.00%
2026-07-21 14:39:05 INFO     strategy        PnL: 14:39:05 MTM=6.50 Profit=0.00%
2026-07-21 14:39:06 INFO     strategy        PnL: 14:39:06 MTM=-13.00 Loss=0.00%
2026-07-21 14:39:07 INFO     strategy        PnL: 14:39:07 MTM=-16.25 Loss=0.00%
2026-07-21 14:39:08 INFO     strategy        PnL: 14:39:08 MTM=-6.50 Loss=0.00%
2026-07-21 14:39:09 INFO     strategy        PnL: 14:39:09 MTM=-3.25 Loss=0.00%
2026-07-21 14:39:10 INFO     strategy        PnL: 14:39:10 MTM=-29.25 Loss=0.00%
2026-07-21 14:39:11 INFO     strategy        PnL: 14:39:11 MTM=-19.50 Loss=0.00%
2026-07-21 14:39:12 INFO     strategy        PnL: 14:39:12 MTM=-6.50 Loss=0.00%
2026-07-21 14:39:13 INFO     strategy        PnL: 14:39:13 MTM=-9.75 Loss=0.00%
2026-07-21 14:39:14 INFO     strategy        PnL: 14:39:14 MTM=0.00 Profit=0.00%
2026-07-21 14:39:15 INFO     strategy        PnL: 14:39:15 MTM=3.25 Profit=0.00%
2026-07-21 14:39:16 INFO     strategy        PnL: 14:39:16 MTM=-16.25 Loss=0.00%
2026-07-21 14:39:17 INFO     strategy        PnL: 14:39:17 MTM=-19.50 Loss=0.00%
2026-07-21 14:39:18 INFO     strategy        PnL: 14:39:18 MTM=-16.25 Loss=0.00%
2026-07-21 14:39:19 INFO     strategy        PnL: 14:39:19 MTM=-32.50 Loss=0.00%
2026-07-21 14:39:20 INFO     strategy        PnL: 14:39:20 MTM=-16.25 Loss=0.00%
2026-07-21 14:39:21 INFO     strategy        PnL: 14:39:21 MTM=-9.75 Loss=0.00%
2026-07-21 14:39:22 INFO     strategy        PnL: 14:39:22 MTM=-16.25 Loss=0.00%
2026-07-21 14:39:23 INFO     strategy        PnL: 14:39:23 MTM=0.00 Profit=0.00%
2026-07-21 14:39:24 INFO     strategy        PnL: 14:39:24 MTM=-16.25 Loss=0.00%
2026-07-21 14:39:25 INFO     strategy        PnL: 14:39:25 MTM=-6.50 Loss=0.00%
2026-07-21 14:39:26 INFO     strategy        PnL: 14:39:26 MTM=-16.25 Loss=0.00%
2026-07-21 14:39:27 INFO     strategy        PnL: 14:39:27 MTM=-19.50 Loss=0.00%
2026-07-21 14:39:28 INFO     strategy        PnL: 14:39:28 MTM=0.00 Profit=0.00%
2026-07-21 14:39:29 INFO     strategy        PnL: 14:39:29 MTM=-13.00 Loss=0.00%
2026-07-21 14:39:30 INFO     strategy        PnL: 14:39:30 MTM=-9.75 Loss=0.00%
2026-07-21 14:39:31 INFO     strategy        PnL: 14:39:31 MTM=-6.50 Loss=0.00%
2026-07-21 14:39:32 INFO     strategy        PnL: 14:39:32 MTM=6.50 Profit=0.00%
2026-07-21 14:39:33 INFO     strategy        PnL: 14:39:33 MTM=-9.75 Loss=0.00%
2026-07-21 14:39:34 INFO     strategy        PnL: 14:39:34 MTM=-3.25 Loss=0.00%
2026-07-21 14:39:35 INFO     strategy        PnL: 14:39:35 MTM=-22.75 Loss=0.00%
2026-07-21 14:39:36 INFO     strategy        PnL: 14:39:36 MTM=-22.75 Loss=0.00%
2026-07-21 14:39:37 INFO     strategy        PnL: 14:39:37 MTM=-9.75 Loss=0.00%
2026-07-21 14:39:38 INFO     strategy        PnL: 14:39:38 MTM=-9.75 Loss=0.00%
2026-07-21 14:39:40 INFO     strategy        PnL: 14:39:40 MTM=-13.00 Loss=0.00%
2026-07-21 14:39:41 INFO     strategy        PnL: 14:39:41 MTM=-22.75 Loss=0.00%
2026-07-21 14:39:42 INFO     strategy        PnL: 14:39:42 MTM=-3.25 Loss=0.00%
2026-07-21 14:39:43 INFO     strategy        PnL: 14:39:43 MTM=-22.75 Loss=0.00%
2026-07-21 14:39:44 INFO     strategy        PnL: 14:39:44 MTM=-22.75 Loss=0.00%
2026-07-21 14:39:45 INFO     strategy        PnL: 14:39:45 MTM=6.50 Profit=0.00%
2026-07-21 14:39:46 INFO     strategy        PnL: 14:39:46 MTM=-13.00 Loss=0.00%
2026-07-21 14:39:47 INFO     strategy        PnL: 14:39:47 MTM=-3.25 Loss=0.00%
2026-07-21 14:39:48 INFO     strategy        PnL: 14:39:48 MTM=-13.00 Loss=0.00%
2026-07-21 14:39:49 INFO     strategy        PnL: 14:39:49 MTM=-6.50 Loss=0.00%
2026-07-21 14:39:50 INFO     strategy        PnL: 14:39:50 MTM=-6.50 Loss=0.00%
2026-07-21 14:39:51 INFO     strategy        PnL: 14:39:51 MTM=-19.50 Loss=0.00%
2026-07-21 14:39:52 INFO     strategy        PnL: 14:39:52 MTM=-9.75 Loss=0.00%
2026-07-21 14:39:53 INFO     strategy        PnL: 14:39:53 MTM=6.50 Profit=0.00%
2026-07-21 14:39:54 INFO     strategy        PnL: 14:39:54 MTM=-6.50 Loss=0.00%
2026-07-21 14:39:55 INFO     strategy        PnL: 14:39:55 MTM=3.25 Profit=0.00%
2026-07-21 14:39:56 INFO     strategy        PnL: 14:39:56 MTM=6.50 Profit=0.00%
2026-07-21 14:39:57 INFO     strategy        PnL: 14:39:57 MTM=-9.75 Loss=0.00%
2026-07-21 14:39:58 INFO     strategy        PnL: 14:39:58 MTM=-6.50 Loss=0.00%
2026-07-21 14:39:59 INFO     strategy        PnL: 14:39:59 MTM=-26.00 Loss=0.00%
2026-07-21 14:40:00 INFO     strategy        PnL: 14:40:00 MTM=-16.25 Loss=0.00%
2026-07-21 14:40:01 INFO     strategy        PnL: 14:40:01 MTM=0.00 Profit=0.00%
2026-07-21 14:40:02 INFO     strategy        PnL: 14:40:02 MTM=-13.00 Loss=0.00%
2026-07-21 14:40:03 INFO     strategy        PnL: 14:40:03 MTM=-13.00 Loss=0.00%
2026-07-21 14:40:04 INFO     strategy        PnL: 14:40:04 MTM=6.50 Profit=0.00%
2026-07-21 14:40:05 INFO     strategy        PnL: 14:40:05 MTM=-6.50 Loss=0.00%
2026-07-21 14:40:06 INFO     strategy        PnL: 14:40:06 MTM=-9.75 Loss=0.00%
2026-07-21 14:40:07 INFO     strategy        PnL: 14:40:07 MTM=-3.25 Loss=0.00%
2026-07-21 14:40:08 INFO     strategy        PnL: 14:40:08 MTM=-6.50 Loss=0.00%
2026-07-21 14:40:09 INFO     strategy        PnL: 14:40:09 MTM=0.00 Profit=0.00%
2026-07-21 14:40:10 INFO     strategy        PnL: 14:40:10 MTM=19.50 Profit=0.00%
2026-07-21 14:40:11 INFO     strategy        PnL: 14:40:11 MTM=-3.25 Loss=0.00%
2026-07-21 14:40:12 INFO     strategy        PnL: 14:40:12 MTM=6.50 Profit=0.00%
2026-07-21 14:40:13 INFO     strategy        PnL: 14:40:13 MTM=6.50 Profit=0.00%
2026-07-21 14:40:14 INFO     strategy        PnL: 14:40:14 MTM=-6.50 Loss=0.00%
2026-07-21 14:40:15 INFO     strategy        PnL: 14:40:15 MTM=0.00 Profit=0.00%
2026-07-21 14:40:16 INFO     strategy        PnL: 14:40:16 MTM=3.25 Profit=0.00%
2026-07-21 14:40:17 INFO     strategy        PnL: 14:40:17 MTM=9.75 Profit=0.00%
2026-07-21 14:40:18 INFO     strategy        PnL: 14:40:18 MTM=9.75 Profit=0.00%
2026-07-21 14:40:19 INFO     strategy        PnL: 14:40:19 MTM=-32.50 Loss=0.00%
2026-07-21 14:40:20 INFO     strategy        PnL: 14:40:20 MTM=-26.00 Loss=0.00%
2026-07-21 14:40:21 INFO     strategy        PnL: 14:40:21 MTM=-29.25 Loss=0.00%
2026-07-21 14:40:22 INFO     strategy        PnL: 14:40:22 MTM=-32.50 Loss=0.00%
2026-07-21 14:40:23 INFO     strategy        PnL: 14:40:23 MTM=-16.25 Loss=0.00%
2026-07-21 14:40:24 INFO     strategy        PnL: 14:40:24 MTM=-16.25 Loss=0.00%
2026-07-21 14:40:25 INFO     strategy        PnL: 14:40:25 MTM=-45.50 Loss=0.01%
2026-07-21 14:40:26 INFO     strategy        PnL: 14:40:26 MTM=-26.00 Loss=0.00%
2026-07-21 14:40:27 INFO     strategy        PnL: 14:40:27 MTM=-45.50 Loss=0.01%
2026-07-21 14:40:28 INFO     strategy        PnL: 14:40:28 MTM=-16.25 Loss=0.00%
2026-07-21 14:40:29 INFO     strategy        PnL: 14:40:29 MTM=-29.25 Loss=0.00%
2026-07-21 14:40:30 INFO     strategy        PnL: 14:40:30 MTM=-29.25 Loss=0.00%
2026-07-21 14:40:31 INFO     strategy        PnL: 14:40:31 MTM=-6.50 Loss=0.00%
2026-07-21 14:40:32 INFO     strategy        PnL: 14:40:32 MTM=-32.50 Loss=0.00%
2026-07-21 14:40:33 INFO     strategy        PnL: 14:40:33 MTM=-29.25 Loss=0.00%
2026-07-21 14:40:34 INFO     strategy        PnL: 14:40:34 MTM=-29.25 Loss=0.00%
2026-07-21 14:40:35 INFO     strategy        PnL: 14:40:35 MTM=-26.00 Loss=0.00%
2026-07-21 14:40:36 INFO     strategy        PnL: 14:40:36 MTM=0.00 Profit=0.00%
2026-07-21 14:40:37 INFO     strategy        PnL: 14:40:37 MTM=-19.50 Loss=0.00%
2026-07-21 14:40:38 INFO     strategy        PnL: 14:40:38 MTM=-19.50 Loss=0.00%
2026-07-21 14:40:39 INFO     strategy        PnL: 14:40:39 MTM=-32.50 Loss=0.00%
2026-07-21 14:40:40 INFO     strategy        PnL: 14:40:40 MTM=-3.25 Loss=0.00%
2026-07-21 14:40:41 INFO     strategy        PnL: 14:40:41 MTM=-9.75 Loss=0.00%
2026-07-21 14:40:42 INFO     strategy        PnL: 14:40:42 MTM=-3.25 Loss=0.00%
2026-07-21 14:40:43 INFO     strategy        PnL: 14:40:43 MTM=-22.75 Loss=0.00%
2026-07-21 14:40:44 INFO     strategy        PnL: 14:40:44 MTM=-26.00 Loss=0.00%
2026-07-21 14:40:45 INFO     strategy        PnL: 14:40:45 MTM=-6.50 Loss=0.00%
2026-07-21 14:40:46 INFO     strategy        PnL: 14:40:46 MTM=-16.25 Loss=0.00%
2026-07-21 14:40:47 INFO     strategy        PnL: 14:40:47 MTM=-6.50 Loss=0.00%
2026-07-21 14:40:48 INFO     strategy        PnL: 14:40:48 MTM=3.25 Profit=0.00%
2026-07-21 14:40:49 INFO     strategy        PnL: 14:40:49 MTM=-19.50 Loss=0.00%
2026-07-21 14:40:50 INFO     strategy        PnL: 14:40:50 MTM=-6.50 Loss=0.00%
2026-07-21 14:40:51 INFO     strategy        PnL: 14:40:51 MTM=3.25 Profit=0.00%
2026-07-21 14:40:52 INFO     strategy        PnL: 14:40:52 MTM=-9.75 Loss=0.00%
2026-07-21 14:40:53 INFO     strategy        PnL: 14:40:53 MTM=-22.75 Loss=0.00%
2026-07-21 14:40:54 INFO     strategy        PnL: 14:40:54 MTM=-22.75 Loss=0.00%
2026-07-21 14:40:55 INFO     strategy        PnL: 14:40:55 MTM=-26.00 Loss=0.00%
2026-07-21 14:40:56 INFO     strategy        PnL: 14:40:56 MTM=-6.50 Loss=0.00%
2026-07-21 14:40:57 INFO     strategy        PnL: 14:40:57 MTM=0.00 Profit=0.00%
2026-07-21 14:40:58 INFO     strategy        PnL: 14:40:58 MTM=-13.00 Loss=0.00%
2026-07-21 14:40:59 INFO     strategy        PnL: 14:40:59 MTM=-9.75 Loss=0.00%
2026-07-21 14:41:00 INFO     strategy        PnL: 14:41:00 MTM=-13.00 Loss=0.00%
2026-07-21 14:41:01 INFO     strategy        PnL: 14:41:01 MTM=-9.75 Loss=0.00%
2026-07-21 14:41:02 INFO     strategy        PnL: 14:41:02 MTM=-22.75 Loss=0.00%
2026-07-21 14:41:03 INFO     strategy        PnL: 14:41:03 MTM=-13.00 Loss=0.00%
2026-07-21 14:41:04 INFO     strategy        PnL: 14:41:04 MTM=9.75 Profit=0.00%
2026-07-21 14:41:05 INFO     strategy        PnL: 14:41:05 MTM=-3.25 Loss=0.00%
2026-07-21 14:41:06 INFO     strategy        PnL: 14:41:06 MTM=-19.50 Loss=0.00%
2026-07-21 14:41:07 INFO     strategy        PnL: 14:41:07 MTM=-26.00 Loss=0.00%
2026-07-21 14:41:08 INFO     strategy        PnL: 14:41:08 MTM=-9.75 Loss=0.00%
2026-07-21 14:41:09 INFO     strategy        PnL: 14:41:09 MTM=-16.25 Loss=0.00%
2026-07-21 14:41:10 INFO     strategy        PnL: 14:41:10 MTM=-26.00 Loss=0.00%
2026-07-21 14:41:11 INFO     strategy        PnL: 14:41:11 MTM=-9.75 Loss=0.00%
2026-07-21 14:41:12 INFO     strategy        PnL: 14:41:12 MTM=-9.75 Loss=0.00%
2026-07-21 14:41:13 INFO     strategy        PnL: 14:41:13 MTM=-19.50 Loss=0.00%
2026-07-21 14:41:14 INFO     strategy        PnL: 14:41:14 MTM=-9.75 Loss=0.00%
2026-07-21 14:41:15 INFO     strategy        PnL: 14:41:15 MTM=-6.50 Loss=0.00%
2026-07-21 14:41:16 INFO     strategy        PnL: 14:41:16 MTM=-9.75 Loss=0.00%
2026-07-21 14:41:17 INFO     strategy        PnL: 14:41:17 MTM=-9.75 Loss=0.00%
2026-07-21 14:41:18 INFO     strategy        PnL: 14:41:18 MTM=-6.50 Loss=0.00%
2026-07-21 14:41:19 INFO     strategy        PnL: 14:41:19 MTM=-9.75 Loss=0.00%
2026-07-21 14:41:20 INFO     strategy        PnL: 14:41:20 MTM=-16.25 Loss=0.00%
2026-07-21 14:41:21 INFO     strategy        PnL: 14:41:21 MTM=3.25 Profit=0.00%
2026-07-21 14:41:22 INFO     strategy        PnL: 14:41:22 MTM=-13.00 Loss=0.00%
2026-07-21 14:41:23 INFO     strategy        PnL: 14:41:23 MTM=-22.75 Loss=0.00%
2026-07-21 14:41:24 INFO     strategy        PnL: 14:41:24 MTM=-19.50 Loss=0.00%
2026-07-21 14:41:25 INFO     strategy        PnL: 14:41:25 MTM=-29.25 Loss=0.00%
2026-07-21 14:41:26 INFO     strategy        PnL: 14:41:26 MTM=-9.75 Loss=0.00%
2026-07-21 14:41:27 INFO     strategy        PnL: 14:41:27 MTM=-13.00 Loss=0.00%
2026-07-21 14:41:28 INFO     strategy        PnL: 14:41:28 MTM=3.25 Profit=0.00%
2026-07-21 14:41:29 INFO     strategy        PnL: 14:41:29 MTM=-3.25 Loss=0.00%
2026-07-21 14:41:31 INFO     strategy        PnL: 14:41:31 MTM=13.00 Profit=0.00%
2026-07-21 14:41:32 INFO     strategy        PnL: 14:41:32 MTM=3.25 Profit=0.00%
2026-07-21 14:41:33 INFO     strategy        PnL: 14:41:33 MTM=9.75 Profit=0.00%
2026-07-21 14:41:34 INFO     strategy        PnL: 14:41:34 MTM=26.00 Profit=0.00%
2026-07-21 14:41:35 INFO     strategy        PnL: 14:41:35 MTM=19.50 Profit=0.00%
2026-07-21 14:41:36 INFO     strategy        PnL: 14:41:36 MTM=-6.50 Loss=0.00%
2026-07-21 14:41:37 INFO     strategy        PnL: 14:41:37 MTM=3.25 Profit=0.00%
2026-07-21 14:41:38 INFO     strategy        PnL: 14:41:38 MTM=0.00 Profit=0.00%
2026-07-21 14:41:39 INFO     strategy        PnL: 14:41:39 MTM=-13.00 Loss=0.00%
2026-07-21 14:41:40 INFO     strategy        PnL: 14:41:40 MTM=6.50 Profit=0.00%
2026-07-21 14:41:41 INFO     strategy        PnL: 14:41:41 MTM=3.25 Profit=0.00%
2026-07-21 14:41:42 INFO     strategy        PnL: 14:41:42 MTM=0.00 Profit=0.00%
2026-07-21 14:41:43 INFO     strategy        PnL: 14:41:43 MTM=-3.25 Loss=0.00%
2026-07-21 14:41:44 INFO     strategy        PnL: 14:41:44 MTM=6.50 Profit=0.00%
2026-07-21 14:41:45 INFO     strategy        PnL: 14:41:45 MTM=-3.25 Loss=0.00%
2026-07-21 14:41:46 INFO     strategy        PnL: 14:41:46 MTM=6.50 Profit=0.00%
2026-07-21 14:41:47 INFO     strategy        PnL: 14:41:47 MTM=3.25 Profit=0.00%
2026-07-21 14:41:48 INFO     strategy        PnL: 14:41:48 MTM=-6.50 Loss=0.00%
2026-07-21 14:41:49 INFO     strategy        PnL: 14:41:49 MTM=-3.25 Loss=0.00%
2026-07-21 14:41:50 INFO     strategy        PnL: 14:41:50 MTM=-6.50 Loss=0.00%
2026-07-21 14:41:51 INFO     strategy        PnL: 14:41:51 MTM=-13.00 Loss=0.00%
2026-07-21 14:41:52 INFO     strategy        PnL: 14:41:52 MTM=-9.75 Loss=0.00%
2026-07-21 14:41:53 INFO     strategy        PnL: 14:41:53 MTM=-6.50 Loss=0.00%
2026-07-21 14:41:54 INFO     strategy        PnL: 14:41:54 MTM=-9.75 Loss=0.00%
2026-07-21 14:41:55 INFO     strategy        PnL: 14:41:55 MTM=-19.50 Loss=0.00%
2026-07-21 14:41:56 INFO     strategy        PnL: 14:41:56 MTM=3.25 Profit=0.00%
2026-07-21 14:41:57 INFO     strategy        PnL: 14:41:57 MTM=0.00 Profit=0.00%
2026-07-21 14:41:58 INFO     strategy        PnL: 14:41:58 MTM=-16.25 Loss=0.00%
2026-07-21 14:41:59 INFO     strategy        PnL: 14:41:59 MTM=-6.50 Loss=0.00%
2026-07-21 14:42:00 INFO     strategy        PnL: 14:42:00 MTM=-13.00 Loss=0.00%
2026-07-21 14:42:01 INFO     strategy        PnL: 14:42:01 MTM=-13.00 Loss=0.00%
2026-07-21 14:42:02 INFO     strategy        PnL: 14:42:02 MTM=-9.75 Loss=0.00%
2026-07-21 14:42:03 INFO     strategy        PnL: 14:42:03 MTM=-9.75 Loss=0.00%
2026-07-21 14:42:04 INFO     strategy        PnL: 14:42:04 MTM=-9.75 Loss=0.00%
2026-07-21 14:42:05 INFO     strategy        PnL: 14:42:05 MTM=-26.00 Loss=0.00%
2026-07-21 14:42:06 INFO     strategy        PnL: 14:42:06 MTM=-3.25 Loss=0.00%
2026-07-21 14:42:07 INFO     strategy        PnL: 14:42:07 MTM=-9.75 Loss=0.00%
2026-07-21 14:42:08 INFO     strategy        PnL: 14:42:08 MTM=-22.75 Loss=0.00%
2026-07-21 14:42:09 INFO     strategy        PnL: 14:42:09 MTM=-3.25 Loss=0.00%
2026-07-21 14:42:10 INFO     strategy        PnL: 14:42:10 MTM=32.50 Profit=0.00%
2026-07-21 14:42:11 INFO     strategy        PnL: 14:42:11 MTM=19.50 Profit=0.00%
2026-07-21 14:42:12 INFO     strategy        PnL: 14:42:12 MTM=13.00 Profit=0.00%
2026-07-21 14:42:13 INFO     strategy        PnL: 14:42:13 MTM=22.75 Profit=0.00%
2026-07-21 14:42:14 INFO     strategy        PnL: 14:42:14 MTM=13.00 Profit=0.00%
2026-07-21 14:42:15 INFO     strategy        PnL: 14:42:15 MTM=35.75 Profit=0.01%
2026-07-21 14:42:16 INFO     strategy        PnL: 14:42:16 MTM=32.50 Profit=0.00%
2026-07-21 14:42:17 INFO     strategy        PnL: 14:42:17 MTM=9.75 Profit=0.00%
2026-07-21 14:42:18 INFO     strategy        PnL: 14:42:18 MTM=35.75 Profit=0.01%
2026-07-21 14:42:19 INFO     strategy        PnL: 14:42:19 MTM=35.75 Profit=0.01%
2026-07-21 14:42:20 INFO     strategy        PnL: 14:42:20 MTM=32.50 Profit=0.00%
2026-07-21 14:42:21 INFO     strategy        PnL: 14:42:21 MTM=26.00 Profit=0.00%
2026-07-21 14:42:22 INFO     strategy        PnL: 14:42:22 MTM=39.00 Profit=0.01%
2026-07-21 14:42:23 INFO     strategy        PnL: 14:42:23 MTM=13.00 Profit=0.00%
2026-07-21 14:42:24 INFO     strategy        PnL: 14:42:24 MTM=19.50 Profit=0.00%
2026-07-21 14:42:25 INFO     strategy        PnL: 14:42:25 MTM=-9.75 Loss=0.00%
2026-07-21 14:42:26 INFO     strategy        PnL: 14:42:26 MTM=-3.25 Loss=0.00%
2026-07-21 14:42:27 INFO     strategy        PnL: 14:42:27 MTM=9.75 Profit=0.00%
2026-07-21 14:42:28 INFO     strategy        PnL: 14:42:28 MTM=-3.25 Loss=0.00%
2026-07-21 14:42:29 INFO     strategy        PnL: 14:42:29 MTM=6.50 Profit=0.00%
2026-07-21 14:42:30 INFO     strategy        PnL: 14:42:30 MTM=-13.00 Loss=0.00%
2026-07-21 14:42:31 INFO     strategy        PnL: 14:42:31 MTM=-29.25 Loss=0.00%
2026-07-21 14:42:32 INFO     strategy        PnL: 14:42:32 MTM=-3.25 Loss=0.00%
2026-07-21 14:42:33 INFO     strategy        PnL: 14:42:33 MTM=9.75 Profit=0.00%
2026-07-21 14:42:34 INFO     strategy        PnL: 14:42:34 MTM=3.25 Profit=0.00%
2026-07-21 14:42:35 INFO     strategy        PnL: 14:42:35 MTM=22.75 Profit=0.00%
2026-07-21 14:42:36 INFO     strategy        PnL: 14:42:36 MTM=29.25 Profit=0.00%
2026-07-21 14:42:37 INFO     strategy        PnL: 14:42:37 MTM=19.50 Profit=0.00%
2026-07-21 14:42:38 INFO     strategy        PnL: 14:42:38 MTM=16.25 Profit=0.00%
2026-07-21 14:42:39 INFO     strategy        PnL: 14:42:39 MTM=29.25 Profit=0.00%
2026-07-21 14:42:40 INFO     strategy        PnL: 14:42:40 MTM=16.25 Profit=0.00%
2026-07-21 14:42:41 INFO     strategy        PnL: 14:42:41 MTM=45.50 Profit=0.01%
2026-07-21 14:42:42 INFO     strategy        PnL: 14:42:42 MTM=45.50 Profit=0.01%
2026-07-21 14:42:43 INFO     strategy        PnL: 14:42:43 MTM=55.25 Profit=0.01%
2026-07-21 14:42:44 INFO     strategy        PnL: 14:42:44 MTM=45.50 Profit=0.01%
2026-07-21 14:42:45 INFO     strategy        PnL: 14:42:45 MTM=52.00 Profit=0.01%
2026-07-21 14:42:46 INFO     strategy        PnL: 14:42:46 MTM=42.25 Profit=0.01%
2026-07-21 14:42:47 INFO     strategy        PnL: 14:42:47 MTM=55.25 Profit=0.01%
2026-07-21 14:42:48 INFO     strategy        PnL: 14:42:48 MTM=52.00 Profit=0.01%
2026-07-21 14:42:49 INFO     strategy        PnL: 14:42:49 MTM=58.50 Profit=0.01%
2026-07-21 14:42:50 INFO     strategy        PnL: 14:42:50 MTM=61.75 Profit=0.01%
2026-07-21 14:42:51 INFO     strategy        PnL: 14:42:51 MTM=55.25 Profit=0.01%
2026-07-21 14:42:52 INFO     strategy        PnL: 14:42:52 MTM=45.50 Profit=0.01%
2026-07-21 14:42:53 INFO     strategy        PnL: 14:42:53 MTM=39.00 Profit=0.01%
2026-07-21 14:42:54 INFO     strategy        PnL: 14:42:54 MTM=35.75 Profit=0.01%
2026-07-21 14:42:55 INFO     strategy        PnL: 14:42:55 MTM=32.50 Profit=0.00%
2026-07-21 14:42:56 INFO     strategy        PnL: 14:42:56 MTM=68.25 Profit=0.01%
2026-07-21 14:42:57 INFO     strategy        PnL: 14:42:57 MTM=35.75 Profit=0.01%
2026-07-21 14:42:58 INFO     strategy        PnL: 14:42:58 MTM=32.50 Profit=0.00%
2026-07-21 14:42:59 INFO     strategy        PnL: 14:42:59 MTM=35.75 Profit=0.01%
2026-07-21 14:43:00 INFO     strategy        PnL: 14:43:00 MTM=61.75 Profit=0.01%
2026-07-21 14:43:01 INFO     strategy        PnL: 14:43:01 MTM=55.25 Profit=0.01%
2026-07-21 14:43:02 INFO     strategy        PnL: 14:43:02 MTM=71.50 Profit=0.01%
2026-07-21 14:43:03 INFO     strategy        PnL: 14:43:03 MTM=58.50 Profit=0.01%
2026-07-21 14:43:04 INFO     strategy        PnL: 14:43:04 MTM=42.25 Profit=0.01%
2026-07-21 14:43:05 INFO     strategy        PnL: 14:43:05 MTM=52.00 Profit=0.01%
2026-07-21 14:43:06 INFO     strategy        PnL: 14:43:06 MTM=71.50 Profit=0.01%
2026-07-21 14:43:07 INFO     strategy        PnL: 14:43:07 MTM=78.00 Profit=0.01%
2026-07-21 14:43:08 INFO     strategy        PnL: 14:43:08 MTM=65.00 Profit=0.01%
2026-07-21 14:43:09 INFO     strategy        PnL: 14:43:09 MTM=81.25 Profit=0.01%
2026-07-21 14:43:10 INFO     strategy        PnL: 14:43:10 MTM=91.00 Profit=0.01%
2026-07-21 14:43:11 INFO     strategy        PnL: 14:43:11 MTM=104.00 Profit=0.02%
2026-07-21 14:43:12 INFO     strategy        PnL: 14:43:12 MTM=97.50 Profit=0.01%
2026-07-21 14:43:13 INFO     strategy        PnL: 14:43:13 MTM=91.00 Profit=0.01%
2026-07-21 14:43:14 INFO     strategy        PnL: 14:43:14 MTM=94.25 Profit=0.01%
2026-07-21 14:43:15 INFO     strategy        PnL: 14:43:15 MTM=110.50 Profit=0.02%
2026-07-21 14:43:16 INFO     strategy        PnL: 14:43:16 MTM=78.00 Profit=0.01%
2026-07-21 14:43:17 INFO     strategy        PnL: 14:43:17 MTM=107.25 Profit=0.02%
2026-07-21 14:43:18 INFO     strategy        PnL: 14:43:18 MTM=74.75 Profit=0.01%
2026-07-21 14:43:19 INFO     strategy        PnL: 14:43:19 MTM=74.75 Profit=0.01%
2026-07-21 14:43:20 INFO     strategy        PnL: 14:43:20 MTM=61.75 Profit=0.01%
2026-07-21 14:43:22 INFO     strategy        PnL: 14:43:22 MTM=55.25 Profit=0.01%
2026-07-21 14:43:23 INFO     strategy        PnL: 14:43:23 MTM=71.50 Profit=0.01%
2026-07-21 14:43:24 INFO     strategy        PnL: 14:43:24 MTM=104.00 Profit=0.02%
2026-07-21 14:43:25 INFO     strategy        PnL: 14:43:25 MTM=87.75 Profit=0.01%
2026-07-21 14:43:26 INFO     strategy        PnL: 14:43:26 MTM=55.25 Profit=0.01%
2026-07-21 14:43:27 INFO     strategy        PnL: 14:43:27 MTM=87.75 Profit=0.01%
2026-07-21 14:43:28 INFO     strategy        PnL: 14:43:28 MTM=81.25 Profit=0.01%
2026-07-21 14:43:29 INFO     strategy        PnL: 14:43:29 MTM=91.00 Profit=0.01%
2026-07-21 14:43:30 INFO     strategy        PnL: 14:43:30 MTM=91.00 Profit=0.01%
2026-07-21 14:43:31 INFO     strategy        PnL: 14:43:31 MTM=107.25 Profit=0.02%
2026-07-21 14:43:32 INFO     strategy        PnL: 14:43:32 MTM=97.50 Profit=0.01%
2026-07-21 14:43:33 INFO     strategy        PnL: 14:43:33 MTM=117.00 Profit=0.02%
2026-07-21 14:43:34 INFO     strategy        PnL: 14:43:34 MTM=113.75 Profit=0.02%
2026-07-21 14:43:35 INFO     strategy        PnL: 14:43:35 MTM=91.00 Profit=0.01%
2026-07-21 14:43:36 INFO     strategy        PnL: 14:43:36 MTM=123.50 Profit=0.02%
2026-07-21 14:43:37 INFO     strategy        PnL: 14:43:37 MTM=120.25 Profit=0.02%
2026-07-21 14:43:38 INFO     strategy        PnL: 14:43:38 MTM=120.25 Profit=0.02%
2026-07-21 14:43:39 INFO     strategy        PnL: 14:43:39 MTM=94.25 Profit=0.01%
2026-07-21 14:43:40 INFO     strategy        PnL: 14:43:40 MTM=84.50 Profit=0.01%
2026-07-21 14:43:41 INFO     strategy        PnL: 14:43:41 MTM=91.00 Profit=0.01%
2026-07-21 14:43:42 INFO     strategy        PnL: 14:43:42 MTM=100.75 Profit=0.02%
2026-07-21 14:43:43 INFO     strategy        PnL: 14:43:43 MTM=107.25 Profit=0.02%
2026-07-21 14:43:44 INFO     strategy        PnL: 14:43:44 MTM=117.00 Profit=0.02%
2026-07-21 14:43:45 INFO     strategy        PnL: 14:43:45 MTM=104.00 Profit=0.02%
2026-07-21 14:43:46 INFO     strategy        PnL: 14:43:46 MTM=113.75 Profit=0.02%
2026-07-21 14:43:47 INFO     strategy        PnL: 14:43:47 MTM=107.25 Profit=0.02%
2026-07-21 14:43:48 INFO     strategy        PnL: 14:43:48 MTM=143.00 Profit=0.02%
2026-07-21 14:43:49 INFO     strategy        PnL: 14:43:49 MTM=113.75 Profit=0.02%
2026-07-21 14:43:50 INFO     strategy        PnL: 14:43:50 MTM=130.00 Profit=0.02%
2026-07-21 14:43:51 INFO     strategy        PnL: 14:43:51 MTM=123.50 Profit=0.02%
2026-07-21 14:43:52 INFO     strategy        PnL: 14:43:52 MTM=123.50 Profit=0.02%
2026-07-21 14:43:53 INFO     strategy        PnL: 14:43:53 MTM=117.00 Profit=0.02%
2026-07-21 14:43:54 INFO     strategy        PnL: 14:43:54 MTM=139.75 Profit=0.02%
2026-07-21 14:43:55 INFO     strategy        PnL: 14:43:55 MTM=136.50 Profit=0.02%
2026-07-21 14:43:56 INFO     strategy        PnL: 14:43:56 MTM=146.25 Profit=0.02%
2026-07-21 14:43:57 INFO     strategy        PnL: 14:43:57 MTM=149.50 Profit=0.02%
2026-07-21 14:43:58 INFO     strategy        PnL: 14:43:58 MTM=133.25 Profit=0.02%
2026-07-21 14:43:59 INFO     strategy        PnL: 14:43:59 MTM=120.25 Profit=0.02%
2026-07-21 14:44:00 INFO     strategy        PnL: 14:44:00 MTM=143.00 Profit=0.02%
2026-07-21 14:44:01 INFO     strategy        PnL: 14:44:01 MTM=143.00 Profit=0.02%
2026-07-21 14:44:02 INFO     strategy        PnL: 14:44:02 MTM=149.50 Profit=0.02%
2026-07-21 14:44:03 INFO     strategy        PnL: 14:44:03 MTM=175.50 Profit=0.03%
2026-07-21 14:44:04 INFO     strategy        PnL: 14:44:04 MTM=191.75 Profit=0.03%
2026-07-21 14:44:05 INFO     strategy        PnL: 14:44:05 MTM=182.00 Profit=0.03%
2026-07-21 14:44:06 INFO     strategy        PnL: 14:44:06 MTM=172.25 Profit=0.03%
2026-07-21 14:44:07 INFO     strategy        PnL: 14:44:07 MTM=126.75 Profit=0.02%
2026-07-21 14:44:08 INFO     strategy        PnL: 14:44:08 MTM=136.50 Profit=0.02%
2026-07-21 14:44:09 INFO     strategy        PnL: 14:44:09 MTM=110.50 Profit=0.02%
2026-07-21 14:44:10 INFO     strategy        PnL: 14:44:10 MTM=120.25 Profit=0.02%
2026-07-21 14:44:11 INFO     strategy        PnL: 14:44:11 MTM=104.00 Profit=0.02%
2026-07-21 14:44:12 INFO     strategy        PnL: 14:44:12 MTM=97.50 Profit=0.01%
2026-07-21 14:44:13 INFO     strategy        PnL: 14:44:13 MTM=91.00 Profit=0.01%
2026-07-21 14:44:14 INFO     strategy        PnL: 14:44:14 MTM=87.75 Profit=0.01%
2026-07-21 14:44:15 INFO     strategy        PnL: 14:44:15 MTM=100.75 Profit=0.02%
2026-07-21 14:44:16 INFO     strategy        PnL: 14:44:16 MTM=74.75 Profit=0.01%
2026-07-21 14:44:17 INFO     strategy        PnL: 14:44:17 MTM=110.50 Profit=0.02%
2026-07-21 14:44:18 INFO     strategy        PnL: 14:44:18 MTM=91.00 Profit=0.01%
2026-07-21 14:44:19 INFO     strategy        PnL: 14:44:19 MTM=78.00 Profit=0.01%
2026-07-21 14:44:20 INFO     strategy        PnL: 14:44:20 MTM=61.75 Profit=0.01%
2026-07-21 14:44:21 INFO     strategy        PnL: 14:44:21 MTM=74.75 Profit=0.01%
2026-07-21 14:44:22 INFO     strategy        PnL: 14:44:22 MTM=74.75 Profit=0.01%
2026-07-21 14:44:23 INFO     strategy        PnL: 14:44:23 MTM=97.50 Profit=0.01%
2026-07-21 14:44:24 INFO     strategy        PnL: 14:44:24 MTM=91.00 Profit=0.01%
2026-07-21 14:44:25 INFO     strategy        PnL: 14:44:25 MTM=87.75 Profit=0.01%
2026-07-21 14:44:26 INFO     strategy        PnL: 14:44:26 MTM=58.50 Profit=0.01%
2026-07-21 14:44:27 INFO     strategy        PnL: 14:44:27 MTM=58.50 Profit=0.01%
2026-07-21 14:44:28 INFO     strategy        PnL: 14:44:28 MTM=39.00 Profit=0.01%
2026-07-21 14:44:29 INFO     strategy        PnL: 14:44:29 MTM=35.75 Profit=0.01%
2026-07-21 14:44:30 INFO     strategy        PnL: 14:44:30 MTM=42.25 Profit=0.01%
2026-07-21 14:44:31 INFO     strategy        PnL: 14:44:31 MTM=65.00 Profit=0.01%
2026-07-21 14:44:32 INFO     strategy        PnL: 14:44:32 MTM=74.75 Profit=0.01%
2026-07-21 14:44:33 INFO     strategy        PnL: 14:44:33 MTM=97.50 Profit=0.01%
2026-07-21 14:44:34 INFO     strategy        PnL: 14:44:34 MTM=81.25 Profit=0.01%
2026-07-21 14:44:35 INFO     strategy        PnL: 14:44:35 MTM=58.50 Profit=0.01%
2026-07-21 14:44:36 INFO     strategy        PnL: 14:44:36 MTM=84.50 Profit=0.01%
2026-07-21 14:44:37 INFO     strategy        PnL: 14:44:37 MTM=61.75 Profit=0.01%
2026-07-21 14:44:38 INFO     strategy        PnL: 14:44:38 MTM=71.50 Profit=0.01%
2026-07-21 14:44:39 INFO     strategy        PnL: 14:44:39 MTM=65.00 Profit=0.01%
2026-07-21 14:44:40 INFO     strategy        PnL: 14:44:40 MTM=91.00 Profit=0.01%
2026-07-21 14:44:41 INFO     strategy        PnL: 14:44:41 MTM=78.00 Profit=0.01%
2026-07-21 14:44:42 INFO     strategy        PnL: 14:44:42 MTM=78.00 Profit=0.01%
2026-07-21 14:44:43 INFO     strategy        PnL: 14:44:43 MTM=78.00 Profit=0.01%
2026-07-21 14:44:44 INFO     strategy        PnL: 14:44:44 MTM=110.50 Profit=0.02%
2026-07-21 14:44:45 INFO     strategy        PnL: 14:44:45 MTM=120.25 Profit=0.02%
2026-07-21 14:44:46 INFO     strategy        PnL: 14:44:46 MTM=143.00 Profit=0.02%
2026-07-21 14:44:47 INFO     strategy        PnL: 14:44:47 MTM=117.00 Profit=0.02%
2026-07-21 14:44:48 INFO     strategy        PnL: 14:44:48 MTM=110.50 Profit=0.02%
2026-07-21 14:44:49 INFO     strategy        PnL: 14:44:49 MTM=133.25 Profit=0.02%
2026-07-21 14:44:50 INFO     strategy        PnL: 14:44:50 MTM=139.75 Profit=0.02%
2026-07-21 14:44:51 INFO     strategy        PnL: 14:44:51 MTM=152.75 Profit=0.02%
2026-07-21 14:44:52 INFO     strategy        PnL: 14:44:52 MTM=146.25 Profit=0.02%
2026-07-21 14:44:53 INFO     strategy        PnL: 14:44:53 MTM=156.00 Profit=0.02%
2026-07-21 14:44:54 INFO     strategy        PnL: 14:44:54 MTM=143.00 Profit=0.02%
2026-07-21 14:44:55 INFO     strategy        PnL: 14:44:55 MTM=149.50 Profit=0.02%
2026-07-21 14:44:56 INFO     strategy        PnL: 14:44:56 MTM=156.00 Profit=0.02%
2026-07-21 14:44:57 INFO     strategy        PnL: 14:44:57 MTM=162.50 Profit=0.02%
2026-07-21 14:44:58 INFO     strategy        PnL: 14:44:58 MTM=107.25 Profit=0.02%
2026-07-21 14:44:59 INFO     strategy        PnL: 14:44:59 MTM=139.75 Profit=0.02%
2026-07-21 14:45:00 INFO     strategy        PnL: 14:45:00 MTM=156.00 Profit=0.02%
2026-07-21 14:45:01 INFO     strategy        PnL: 14:45:01 MTM=162.50 Profit=0.02%
2026-07-21 14:45:02 INFO     strategy        PnL: 14:45:02 MTM=117.00 Profit=0.02%
2026-07-21 14:45:03 INFO     strategy        PnL: 14:45:03 MTM=117.00 Profit=0.02%
2026-07-21 14:45:04 INFO     strategy        PnL: 14:45:04 MTM=123.50 Profit=0.02%
2026-07-21 14:45:05 INFO     strategy        PnL: 14:45:05 MTM=149.50 Profit=0.02%
2026-07-21 14:45:06 INFO     strategy        PnL: 14:45:06 MTM=123.50 Profit=0.02%
2026-07-21 14:45:07 INFO     strategy        PnL: 14:45:07 MTM=165.75 Profit=0.02%
2026-07-21 14:45:08 INFO     strategy        PnL: 14:45:08 MTM=146.25 Profit=0.02%
2026-07-21 14:45:09 INFO     strategy        PnL: 14:45:09 MTM=159.25 Profit=0.02%
2026-07-21 14:45:10 INFO     strategy        PnL: 14:45:10 MTM=133.25 Profit=0.02%
2026-07-21 14:45:11 INFO     strategy        PnL: 14:45:11 MTM=136.50 Profit=0.02%
2026-07-21 14:45:12 INFO     strategy        PnL: 14:45:12 MTM=146.25 Profit=0.02%
2026-07-21 14:45:13 INFO     strategy        PnL: 14:45:13 MTM=146.25 Profit=0.02%
2026-07-21 14:45:14 INFO     strategy        PnL: 14:45:14 MTM=133.25 Profit=0.02%
2026-07-21 14:45:15 INFO     strategy        PnL: 14:45:15 MTM=149.50 Profit=0.02%
2026-07-21 14:45:16 INFO     strategy        PnL: 14:45:16 MTM=146.25 Profit=0.02%
2026-07-21 14:45:18 INFO     strategy        PnL: 14:45:18 MTM=178.75 Profit=0.03%
2026-07-21 14:45:19 INFO     strategy        PnL: 14:45:19 MTM=201.50 Profit=0.03%
2026-07-21 14:45:20 INFO     strategy        PnL: 14:45:20 MTM=214.50 Profit=0.03%
2026-07-21 14:45:21 INFO     strategy        PnL: 14:45:21 MTM=240.50 Profit=0.04%
2026-07-21 14:45:22 INFO     strategy        PnL: 14:45:22 MTM=263.25 Profit=0.04%
2026-07-21 14:45:23 INFO     strategy        PnL: 14:45:23 MTM=305.50 Profit=0.05%
2026-07-21 14:45:24 INFO     strategy        PnL: 14:45:24 MTM=295.75 Profit=0.04%
2026-07-21 14:45:25 INFO     strategy        PnL: 14:45:25 MTM=295.75 Profit=0.04%
2026-07-21 14:45:26 INFO     strategy        PnL: 14:45:26 MTM=328.25 Profit=0.05%
2026-07-21 14:45:27 INFO     strategy        PnL: 14:45:27 MTM=302.25 Profit=0.05%
2026-07-21 14:45:28 INFO     strategy        PnL: 14:45:28 MTM=286.00 Profit=0.04%
2026-07-21 14:45:29 INFO     strategy        PnL: 14:45:29 MTM=286.00 Profit=0.04%
2026-07-21 14:45:30 INFO     strategy        PnL: 14:45:30 MTM=273.00 Profit=0.04%
2026-07-21 14:45:31 INFO     strategy        PnL: 14:45:31 MTM=286.00 Profit=0.04%
2026-07-21 14:45:32 INFO     strategy        PnL: 14:45:32 MTM=286.00 Profit=0.04%
2026-07-21 14:45:33 INFO     strategy        PnL: 14:45:33 MTM=273.00 Profit=0.04%
2026-07-21 14:45:34 INFO     strategy        PnL: 14:45:34 MTM=286.00 Profit=0.04%
2026-07-21 14:45:35 INFO     strategy        PnL: 14:45:35 MTM=266.50 Profit=0.04%
2026-07-21 14:45:36 INFO     strategy        PnL: 14:45:36 MTM=308.75 Profit=0.05%
2026-07-21 14:45:37 INFO     strategy        PnL: 14:45:37 MTM=331.50 Profit=0.05%
2026-07-21 14:45:38 INFO     strategy        PnL: 14:45:38 MTM=295.75 Profit=0.04%
2026-07-21 14:45:39 INFO     strategy        PnL: 14:45:39 MTM=295.75 Profit=0.04%
2026-07-21 14:45:40 INFO     strategy        PnL: 14:45:40 MTM=286.00 Profit=0.04%
2026-07-21 14:45:41 INFO     strategy        PnL: 14:45:41 MTM=276.25 Profit=0.04%
2026-07-21 14:45:42 INFO     strategy        PnL: 14:45:42 MTM=305.50 Profit=0.05%
2026-07-21 14:45:43 INFO     strategy        PnL: 14:45:43 MTM=289.25 Profit=0.04%
2026-07-21 14:45:44 INFO     strategy        PnL: 14:45:44 MTM=276.25 Profit=0.04%
2026-07-21 14:45:45 INFO     strategy        PnL: 14:45:45 MTM=269.75 Profit=0.04%
2026-07-21 14:45:46 INFO     strategy        PnL: 14:45:46 MTM=224.25 Profit=0.03%
2026-07-21 14:45:47 INFO     strategy        PnL: 14:45:47 MTM=221.00 Profit=0.03%
2026-07-21 14:45:48 INFO     strategy        PnL: 14:45:48 MTM=230.75 Profit=0.03%
2026-07-21 14:45:49 INFO     strategy        PnL: 14:45:49 MTM=260.00 Profit=0.04%
2026-07-21 14:45:50 INFO     strategy        PnL: 14:45:50 MTM=253.50 Profit=0.04%
2026-07-21 14:45:51 INFO     strategy        PnL: 14:45:51 MTM=227.50 Profit=0.03%
2026-07-21 14:45:52 INFO     strategy        PnL: 14:45:52 MTM=224.25 Profit=0.03%
2026-07-21 14:45:53 INFO     strategy        PnL: 14:45:53 MTM=227.50 Profit=0.03%
2026-07-21 14:45:54 INFO     strategy        PnL: 14:45:54 MTM=227.50 Profit=0.03%
2026-07-21 14:45:55 INFO     strategy        PnL: 14:45:55 MTM=243.75 Profit=0.04%
2026-07-21 14:45:56 INFO     strategy        PnL: 14:45:56 MTM=237.25 Profit=0.04%
2026-07-21 14:45:57 INFO     strategy        PnL: 14:45:57 MTM=250.25 Profit=0.04%
2026-07-21 14:45:58 INFO     strategy        PnL: 14:45:58 MTM=276.25 Profit=0.04%
2026-07-21 14:45:59 INFO     strategy        PnL: 14:45:59 MTM=237.25 Profit=0.04%
2026-07-21 14:46:00 INFO     strategy        PnL: 14:46:00 MTM=230.75 Profit=0.03%
2026-07-21 14:46:01 INFO     strategy        PnL: 14:46:01 MTM=273.00 Profit=0.04%
2026-07-21 14:46:02 INFO     strategy        PnL: 14:46:02 MTM=260.00 Profit=0.04%
2026-07-21 14:46:03 INFO     strategy        PnL: 14:46:03 MTM=260.00 Profit=0.04%
2026-07-21 14:46:04 INFO     strategy        PnL: 14:46:04 MTM=243.75 Profit=0.04%
2026-07-21 14:46:05 INFO     strategy        PnL: 14:46:05 MTM=211.25 Profit=0.03%
2026-07-21 14:46:06 INFO     strategy        PnL: 14:46:06 MTM=224.25 Profit=0.03%
2026-07-21 14:46:07 INFO     strategy        PnL: 14:46:07 MTM=240.50 Profit=0.04%
2026-07-21 14:46:08 INFO     strategy        PnL: 14:46:08 MTM=253.50 Profit=0.04%
2026-07-21 14:46:09 INFO     strategy        PnL: 14:46:09 MTM=273.00 Profit=0.04%
2026-07-21 14:46:10 INFO     strategy        PnL: 14:46:10 MTM=260.00 Profit=0.04%
2026-07-21 14:46:11 INFO     strategy        PnL: 14:46:11 MTM=260.00 Profit=0.04%
2026-07-21 14:46:12 INFO     strategy        PnL: 14:46:12 MTM=295.75 Profit=0.04%
2026-07-21 14:46:13 INFO     strategy        PnL: 14:46:13 MTM=279.50 Profit=0.04%
2026-07-21 14:46:14 INFO     strategy        PnL: 14:46:14 MTM=279.50 Profit=0.04%
2026-07-21 14:46:15 INFO     strategy        PnL: 14:46:15 MTM=230.75 Profit=0.03%
2026-07-21 14:46:16 INFO     strategy        PnL: 14:46:16 MTM=237.25 Profit=0.04%
2026-07-21 14:46:17 INFO     strategy        PnL: 14:46:17 MTM=227.50 Profit=0.03%
2026-07-21 14:46:18 INFO     strategy        PnL: 14:46:18 MTM=227.50 Profit=0.03%
2026-07-21 14:46:19 INFO     strategy        PnL: 14:46:19 MTM=214.50 Profit=0.03%
2026-07-21 14:46:20 INFO     strategy        PnL: 14:46:20 MTM=217.75 Profit=0.03%
2026-07-21 14:46:21 INFO     strategy        PnL: 14:46:21 MTM=175.50 Profit=0.03%
2026-07-21 14:46:22 INFO     strategy        PnL: 14:46:22 MTM=211.25 Profit=0.03%
2026-07-21 14:46:23 INFO     strategy        PnL: 14:46:23 MTM=266.50 Profit=0.04%
2026-07-21 14:46:24 INFO     strategy        PnL: 14:46:24 MTM=224.25 Profit=0.03%
2026-07-21 14:46:25 INFO     strategy        PnL: 14:46:25 MTM=247.00 Profit=0.04%
2026-07-21 14:46:26 INFO     strategy        PnL: 14:46:26 MTM=234.00 Profit=0.04%
2026-07-21 14:46:27 INFO     strategy        PnL: 14:46:27 MTM=211.25 Profit=0.03%
2026-07-21 14:46:28 INFO     strategy        PnL: 14:46:28 MTM=234.00 Profit=0.04%
2026-07-21 14:46:29 INFO     strategy        PnL: 14:46:29 MTM=221.00 Profit=0.03%
2026-07-21 14:46:30 INFO     strategy        PnL: 14:46:30 MTM=211.25 Profit=0.03%
2026-07-21 14:46:31 INFO     strategy        PnL: 14:46:31 MTM=188.50 Profit=0.03%
2026-07-21 14:46:32 INFO     strategy        PnL: 14:46:32 MTM=204.75 Profit=0.03%
2026-07-21 14:46:33 INFO     strategy        PnL: 14:46:33 MTM=214.50 Profit=0.03%
2026-07-21 14:46:34 INFO     strategy        PnL: 14:46:34 MTM=243.75 Profit=0.04%
2026-07-21 14:46:35 INFO     strategy        PnL: 14:46:35 MTM=237.25 Profit=0.04%
2026-07-21 14:46:36 INFO     strategy        PnL: 14:46:36 MTM=234.00 Profit=0.04%
2026-07-21 14:46:37 INFO     strategy        PnL: 14:46:37 MTM=227.50 Profit=0.03%
2026-07-21 14:46:38 INFO     strategy        PnL: 14:46:38 MTM=211.25 Profit=0.03%
2026-07-21 14:46:39 INFO     strategy        PnL: 14:46:39 MTM=201.50 Profit=0.03%
2026-07-21 14:46:40 INFO     strategy        PnL: 14:46:40 MTM=175.50 Profit=0.03%
2026-07-21 14:46:41 INFO     strategy        PnL: 14:46:41 MTM=188.50 Profit=0.03%
2026-07-21 14:46:42 INFO     strategy        PnL: 14:46:42 MTM=182.00 Profit=0.03%
2026-07-21 14:46:43 INFO     strategy        PnL: 14:46:43 MTM=185.25 Profit=0.03%
2026-07-21 14:46:44 INFO     strategy        PnL: 14:46:44 MTM=185.25 Profit=0.03%
2026-07-21 14:46:45 INFO     strategy        PnL: 14:46:45 MTM=195.00 Profit=0.03%
2026-07-21 14:46:46 INFO     strategy        PnL: 14:46:46 MTM=178.75 Profit=0.03%
2026-07-21 14:46:47 INFO     strategy        PnL: 14:46:47 MTM=146.25 Profit=0.02%
2026-07-21 14:46:48 INFO     strategy        PnL: 14:46:48 MTM=146.25 Profit=0.02%
2026-07-21 14:46:49 INFO     strategy        PnL: 14:46:49 MTM=87.75 Profit=0.01%
2026-07-21 14:46:50 INFO     strategy        PnL: 14:46:50 MTM=107.25 Profit=0.02%
2026-07-21 14:46:51 INFO     strategy        PnL: 14:46:51 MTM=91.00 Profit=0.01%
2026-07-21 14:46:52 INFO     strategy        PnL: 14:46:52 MTM=84.50 Profit=0.01%
2026-07-21 14:46:53 INFO     strategy        PnL: 14:46:53 MTM=123.50 Profit=0.02%
2026-07-21 14:46:54 INFO     strategy        PnL: 14:46:54 MTM=113.75 Profit=0.02%
2026-07-21 14:46:55 INFO     strategy        PnL: 14:46:55 MTM=133.25 Profit=0.02%
2026-07-21 14:46:56 INFO     strategy        PnL: 14:46:56 MTM=130.00 Profit=0.02%
2026-07-21 14:46:57 INFO     strategy        PnL: 14:46:57 MTM=130.00 Profit=0.02%
2026-07-21 14:46:58 INFO     strategy        PnL: 14:46:58 MTM=107.25 Profit=0.02%
2026-07-21 14:46:59 INFO     strategy        PnL: 14:46:59 MTM=107.25 Profit=0.02%
2026-07-21 14:47:00 INFO     strategy        PnL: 14:47:00 MTM=84.50 Profit=0.01%
2026-07-21 14:47:01 INFO     strategy        PnL: 14:47:01 MTM=100.75 Profit=0.02%
2026-07-21 14:47:02 INFO     strategy        PnL: 14:47:02 MTM=65.00 Profit=0.01%
2026-07-21 14:47:03 INFO     strategy        PnL: 14:47:03 MTM=94.25 Profit=0.01%
2026-07-21 14:47:04 INFO     strategy        PnL: 14:47:04 MTM=68.25 Profit=0.01%
2026-07-21 14:47:05 INFO     strategy        PnL: 14:47:05 MTM=48.75 Profit=0.01%
2026-07-21 14:47:06 INFO     strategy        PnL: 14:47:06 MTM=71.50 Profit=0.01%
2026-07-21 14:47:07 INFO     strategy        PnL: 14:47:07 MTM=74.75 Profit=0.01%
2026-07-21 14:47:09 INFO     strategy        PnL: 14:47:09 MTM=52.00 Profit=0.01%
2026-07-21 14:47:10 INFO     strategy        PnL: 14:47:10 MTM=94.25 Profit=0.01%
2026-07-21 14:47:11 INFO     strategy        PnL: 14:47:11 MTM=61.75 Profit=0.01%
2026-07-21 14:47:12 INFO     strategy        PnL: 14:47:12 MTM=74.75 Profit=0.01%
2026-07-21 14:47:13 INFO     strategy        PnL: 14:47:13 MTM=81.25 Profit=0.01%
2026-07-21 14:47:14 INFO     strategy        PnL: 14:47:14 MTM=97.50 Profit=0.01%
2026-07-21 14:47:15 INFO     strategy        PnL: 14:47:15 MTM=104.00 Profit=0.02%
2026-07-21 14:47:16 INFO     strategy        PnL: 14:47:16 MTM=117.00 Profit=0.02%
2026-07-21 14:47:17 INFO     strategy        PnL: 14:47:17 MTM=100.75 Profit=0.02%
2026-07-21 14:47:18 INFO     strategy        PnL: 14:47:18 MTM=61.75 Profit=0.01%
2026-07-21 14:47:19 INFO     strategy        PnL: 14:47:19 MTM=97.50 Profit=0.01%
2026-07-21 14:47:20 INFO     strategy        PnL: 14:47:20 MTM=84.50 Profit=0.01%
2026-07-21 14:47:21 INFO     strategy        PnL: 14:47:21 MTM=94.25 Profit=0.01%
2026-07-21 14:47:22 INFO     strategy        PnL: 14:47:22 MTM=104.00 Profit=0.02%
2026-07-21 14:47:23 INFO     strategy        PnL: 14:47:23 MTM=113.75 Profit=0.02%
2026-07-21 14:47:24 INFO     strategy        PnL: 14:47:24 MTM=120.25 Profit=0.02%
2026-07-21 14:47:25 INFO     strategy        PnL: 14:47:25 MTM=87.75 Profit=0.01%
2026-07-21 14:47:26 INFO     strategy        PnL: 14:47:26 MTM=113.75 Profit=0.02%
2026-07-21 14:47:27 INFO     strategy        PnL: 14:47:27 MTM=97.50 Profit=0.01%
2026-07-21 14:47:28 INFO     strategy        PnL: 14:47:28 MTM=130.00 Profit=0.02%
2026-07-21 14:47:29 INFO     strategy        PnL: 14:47:29 MTM=136.50 Profit=0.02%
2026-07-21 14:47:30 INFO     strategy        PnL: 14:47:30 MTM=123.50 Profit=0.02%
2026-07-21 14:47:31 INFO     strategy        PnL: 14:47:31 MTM=126.75 Profit=0.02%
2026-07-21 14:47:32 INFO     strategy        PnL: 14:47:32 MTM=110.50 Profit=0.02%
2026-07-21 14:47:33 INFO     strategy        PnL: 14:47:33 MTM=97.50 Profit=0.01%
2026-07-21 14:47:34 INFO     strategy        PnL: 14:47:34 MTM=104.00 Profit=0.02%
2026-07-21 14:47:35 INFO     strategy        PnL: 14:47:35 MTM=110.50 Profit=0.02%
2026-07-21 14:47:36 INFO     strategy        PnL: 14:47:36 MTM=107.25 Profit=0.02%
2026-07-21 14:47:37 INFO     strategy        PnL: 14:47:37 MTM=94.25 Profit=0.01%
2026-07-21 14:47:38 INFO     strategy        PnL: 14:47:38 MTM=84.50 Profit=0.01%
2026-07-21 14:47:39 INFO     strategy        PnL: 14:47:39 MTM=71.50 Profit=0.01%
2026-07-21 14:47:40 INFO     strategy        PnL: 14:47:40 MTM=94.25 Profit=0.01%
2026-07-21 14:47:41 INFO     strategy        PnL: 14:47:41 MTM=104.00 Profit=0.02%
2026-07-21 14:47:42 INFO     strategy        PnL: 14:47:42 MTM=107.25 Profit=0.02%
2026-07-21 14:47:43 INFO     strategy        PnL: 14:47:43 MTM=120.25 Profit=0.02%
2026-07-21 14:47:44 INFO     strategy        PnL: 14:47:44 MTM=133.25 Profit=0.02%
2026-07-21 14:47:45 INFO     strategy        PnL: 14:47:45 MTM=123.50 Profit=0.02%
2026-07-21 14:47:46 INFO     strategy        PnL: 14:47:46 MTM=136.50 Profit=0.02%
2026-07-21 14:47:47 INFO     strategy        PnL: 14:47:47 MTM=126.75 Profit=0.02%
2026-07-21 14:47:48 INFO     strategy        PnL: 14:47:48 MTM=107.25 Profit=0.02%
2026-07-21 14:47:49 INFO     strategy        PnL: 14:47:49 MTM=120.25 Profit=0.02%
2026-07-21 14:47:50 INFO     strategy        PnL: 14:47:50 MTM=136.50 Profit=0.02%
2026-07-21 14:47:51 INFO     strategy        PnL: 14:47:51 MTM=97.50 Profit=0.01%
2026-07-21 14:47:52 INFO     strategy        PnL: 14:47:52 MTM=91.00 Profit=0.01%
2026-07-21 14:47:53 INFO     strategy        PnL: 14:47:53 MTM=130.00 Profit=0.02%
2026-07-21 14:47:54 INFO     strategy        PnL: 14:47:54 MTM=110.50 Profit=0.02%
2026-07-21 14:47:55 INFO     strategy        PnL: 14:47:55 MTM=120.25 Profit=0.02%
2026-07-21 14:47:56 INFO     strategy        PnL: 14:47:56 MTM=146.25 Profit=0.02%
2026-07-21 14:47:57 INFO     strategy        PnL: 14:47:57 MTM=146.25 Profit=0.02%
2026-07-21 14:47:58 INFO     strategy        PnL: 14:47:58 MTM=120.25 Profit=0.02%
2026-07-21 14:47:59 INFO     strategy        PnL: 14:47:59 MTM=117.00 Profit=0.02%
2026-07-21 14:48:00 INFO     strategy        PnL: 14:48:00 MTM=113.75 Profit=0.02%
2026-07-21 14:48:01 INFO     strategy        PnL: 14:48:01 MTM=126.75 Profit=0.02%
2026-07-21 14:48:02 INFO     strategy        PnL: 14:48:02 MTM=117.00 Profit=0.02%
2026-07-21 14:48:03 INFO     strategy        PnL: 14:48:03 MTM=143.00 Profit=0.02%
2026-07-21 14:48:04 INFO     strategy        PnL: 14:48:04 MTM=143.00 Profit=0.02%
2026-07-21 14:48:05 INFO     strategy        PnL: 14:48:05 MTM=126.75 Profit=0.02%
2026-07-21 14:48:06 INFO     strategy        PnL: 14:48:06 MTM=113.75 Profit=0.02%
2026-07-21 14:48:07 INFO     strategy        PnL: 14:48:07 MTM=136.50 Profit=0.02%
2026-07-21 14:48:08 INFO     strategy        PnL: 14:48:08 MTM=113.75 Profit=0.02%
2026-07-21 14:48:09 INFO     strategy        PnL: 14:48:09 MTM=136.50 Profit=0.02%
2026-07-21 14:48:10 INFO     strategy        PnL: 14:48:10 MTM=133.25 Profit=0.02%
2026-07-21 14:48:11 INFO     strategy        PnL: 14:48:11 MTM=120.25 Profit=0.02%
2026-07-21 14:48:12 INFO     strategy        PnL: 14:48:12 MTM=110.50 Profit=0.02%
2026-07-21 14:48:13 INFO     strategy        PnL: 14:48:13 MTM=117.00 Profit=0.02%
2026-07-21 14:48:14 INFO     strategy        PnL: 14:48:14 MTM=117.00 Profit=0.02%
2026-07-21 14:48:15 INFO     strategy        PnL: 14:48:15 MTM=117.00 Profit=0.02%
2026-07-21 14:48:16 INFO     strategy        PnL: 14:48:16 MTM=100.75 Profit=0.02%
2026-07-21 14:48:17 INFO     strategy        PnL: 14:48:17 MTM=133.25 Profit=0.02%
2026-07-21 14:48:18 INFO     strategy        PnL: 14:48:18 MTM=126.75 Profit=0.02%
2026-07-21 14:48:19 INFO     strategy        PnL: 14:48:19 MTM=120.25 Profit=0.02%
2026-07-21 14:48:20 INFO     strategy        PnL: 14:48:20 MTM=126.75 Profit=0.02%
2026-07-21 14:48:21 INFO     strategy        PnL: 14:48:21 MTM=126.75 Profit=0.02%
2026-07-21 14:48:22 INFO     strategy        PnL: 14:48:22 MTM=117.00 Profit=0.02%
2026-07-21 14:48:23 INFO     strategy        PnL: 14:48:23 MTM=133.25 Profit=0.02%
2026-07-21 14:48:24 INFO     strategy        PnL: 14:48:24 MTM=120.25 Profit=0.02%
2026-07-21 14:48:25 INFO     strategy        PnL: 14:48:25 MTM=143.00 Profit=0.02%
2026-07-21 14:48:26 INFO     strategy        PnL: 14:48:26 MTM=130.00 Profit=0.02%
2026-07-21 14:48:27 INFO     strategy        PnL: 14:48:27 MTM=123.50 Profit=0.02%
2026-07-21 14:48:28 INFO     strategy        PnL: 14:48:28 MTM=117.00 Profit=0.02%
2026-07-21 14:48:29 INFO     strategy        PnL: 14:48:29 MTM=143.00 Profit=0.02%
2026-07-21 14:48:30 INFO     strategy        PnL: 14:48:30 MTM=139.75 Profit=0.02%
2026-07-21 14:48:31 INFO     strategy        PnL: 14:48:31 MTM=100.75 Profit=0.02%
2026-07-21 14:48:32 INFO     strategy        PnL: 14:48:32 MTM=113.75 Profit=0.02%
2026-07-21 14:48:33 INFO     strategy        PnL: 14:48:33 MTM=120.25 Profit=0.02%
2026-07-21 14:48:34 INFO     strategy        PnL: 14:48:34 MTM=133.25 Profit=0.02%
2026-07-21 14:48:35 INFO     strategy        PnL: 14:48:35 MTM=130.00 Profit=0.02%
2026-07-21 14:48:36 INFO     strategy        PnL: 14:48:36 MTM=136.50 Profit=0.02%
2026-07-21 14:48:37 INFO     strategy        PnL: 14:48:37 MTM=156.00 Profit=0.02%
2026-07-21 14:48:38 INFO     strategy        PnL: 14:48:38 MTM=185.25 Profit=0.03%
2026-07-21 14:48:39 INFO     strategy        PnL: 14:48:39 MTM=178.75 Profit=0.03%
2026-07-21 14:48:40 INFO     strategy        PnL: 14:48:40 MTM=237.25 Profit=0.04%
2026-07-21 14:48:41 INFO     strategy        PnL: 14:48:41 MTM=172.25 Profit=0.03%
2026-07-21 14:48:42 INFO     strategy        PnL: 14:48:42 MTM=172.25 Profit=0.03%
2026-07-21 14:48:43 INFO     strategy        PnL: 14:48:43 MTM=152.75 Profit=0.02%
2026-07-21 14:48:44 INFO     strategy        PnL: 14:48:44 MTM=156.00 Profit=0.02%
2026-07-21 14:48:45 INFO     strategy        PnL: 14:48:45 MTM=169.00 Profit=0.03%
2026-07-21 14:48:46 INFO     strategy        PnL: 14:48:46 MTM=139.75 Profit=0.02%
2026-07-21 14:48:47 INFO     strategy        PnL: 14:48:47 MTM=156.00 Profit=0.02%
2026-07-21 14:48:48 INFO     strategy        PnL: 14:48:48 MTM=169.00 Profit=0.03%
2026-07-21 14:48:49 INFO     strategy        PnL: 14:48:49 MTM=172.25 Profit=0.03%
2026-07-21 14:48:50 INFO     strategy        PnL: 14:48:50 MTM=204.75 Profit=0.03%
2026-07-21 14:48:51 INFO     strategy        PnL: 14:48:51 MTM=208.00 Profit=0.03%
2026-07-21 14:48:52 INFO     strategy        PnL: 14:48:52 MTM=201.50 Profit=0.03%
2026-07-21 14:48:54 INFO     strategy        PnL: 14:48:54 MTM=208.00 Profit=0.03%
2026-07-21 14:48:55 INFO     strategy        PnL: 14:48:55 MTM=201.50 Profit=0.03%
2026-07-21 14:48:56 INFO     strategy        PnL: 14:48:56 MTM=253.50 Profit=0.04%
2026-07-21 14:48:57 INFO     strategy        PnL: 14:48:57 MTM=253.50 Profit=0.04%
2026-07-21 14:48:58 INFO     strategy        PnL: 14:48:58 MTM=282.75 Profit=0.04%
2026-07-21 14:48:59 INFO     strategy        PnL: 14:48:59 MTM=302.25 Profit=0.05%
2026-07-21 14:49:00 INFO     strategy        PnL: 14:49:00 MTM=286.00 Profit=0.04%
2026-07-21 14:49:01 INFO     strategy        PnL: 14:49:01 MTM=302.25 Profit=0.05%
2026-07-21 14:49:02 INFO     strategy        PnL: 14:49:02 MTM=351.00 Profit=0.05%
2026-07-21 14:49:03 INFO     strategy        PnL: 14:49:03 MTM=312.00 Profit=0.05%
2026-07-21 14:49:04 INFO     strategy        PnL: 14:49:04 MTM=338.00 Profit=0.05%
2026-07-21 14:49:05 INFO     strategy        PnL: 14:49:05 MTM=305.50 Profit=0.05%
2026-07-21 14:49:06 INFO     strategy        PnL: 14:49:06 MTM=328.25 Profit=0.05%
2026-07-21 14:49:07 INFO     strategy        PnL: 14:49:07 MTM=305.50 Profit=0.05%
2026-07-21 14:49:08 INFO     strategy        PnL: 14:49:08 MTM=325.00 Profit=0.05%
2026-07-21 14:49:09 INFO     strategy        PnL: 14:49:09 MTM=276.25 Profit=0.04%
2026-07-21 14:49:10 INFO     strategy        PnL: 14:49:10 MTM=305.50 Profit=0.05%
2026-07-21 14:49:11 INFO     strategy        PnL: 14:49:11 MTM=312.00 Profit=0.05%
2026-07-21 14:49:12 INFO     strategy        PnL: 14:49:12 MTM=315.25 Profit=0.05%
2026-07-21 14:49:13 INFO     strategy        PnL: 14:49:13 MTM=318.50 Profit=0.05%
2026-07-21 14:49:14 INFO     strategy        PnL: 14:49:14 MTM=305.50 Profit=0.05%
2026-07-21 14:49:15 INFO     strategy        PnL: 14:49:15 MTM=289.25 Profit=0.04%
2026-07-21 14:49:16 INFO     strategy        PnL: 14:49:16 MTM=273.00 Profit=0.04%
2026-07-21 14:49:17 INFO     strategy        PnL: 14:49:17 MTM=237.25 Profit=0.04%
2026-07-21 14:49:18 INFO     strategy        PnL: 14:49:18 MTM=240.50 Profit=0.04%
2026-07-21 14:49:19 INFO     strategy        PnL: 14:49:19 MTM=263.25 Profit=0.04%
2026-07-21 14:49:20 INFO     strategy        PnL: 14:49:20 MTM=263.25 Profit=0.04%
2026-07-21 14:49:21 INFO     strategy        PnL: 14:49:21 MTM=234.00 Profit=0.04%
2026-07-21 14:49:22 INFO     strategy        PnL: 14:49:22 MTM=234.00 Profit=0.04%
2026-07-21 14:49:23 INFO     strategy        PnL: 14:49:23 MTM=230.75 Profit=0.03%
2026-07-21 14:49:24 INFO     strategy        PnL: 14:49:24 MTM=230.75 Profit=0.03%
2026-07-21 14:49:25 INFO     strategy        PnL: 14:49:25 MTM=253.50 Profit=0.04%
2026-07-21 14:49:26 INFO     strategy        PnL: 14:49:26 MTM=263.25 Profit=0.04%
2026-07-21 14:49:27 INFO     strategy        PnL: 14:49:27 MTM=230.75 Profit=0.03%
2026-07-21 14:49:28 INFO     strategy        PnL: 14:49:28 MTM=237.25 Profit=0.04%
2026-07-21 14:49:29 INFO     strategy        PnL: 14:49:29 MTM=276.25 Profit=0.04%
2026-07-21 14:49:30 INFO     strategy        PnL: 14:49:30 MTM=263.25 Profit=0.04%
2026-07-21 14:49:31 INFO     strategy        PnL: 14:49:31 MTM=263.25 Profit=0.04%
2026-07-21 14:49:32 INFO     strategy        PnL: 14:49:32 MTM=312.00 Profit=0.05%
2026-07-21 14:49:33 INFO     strategy        PnL: 14:49:33 MTM=328.25 Profit=0.05%
2026-07-21 14:49:34 INFO     strategy        PnL: 14:49:34 MTM=338.00 Profit=0.05%
2026-07-21 14:49:35 INFO     strategy        PnL: 14:49:35 MTM=341.25 Profit=0.05%
2026-07-21 14:49:36 INFO     strategy        PnL: 14:49:36 MTM=341.25 Profit=0.05%
2026-07-21 14:49:37 INFO     strategy        PnL: 14:49:37 MTM=338.00 Profit=0.05%
2026-07-21 14:49:38 INFO     strategy        PnL: 14:49:38 MTM=367.25 Profit=0.06%
2026-07-21 14:49:39 INFO     strategy        PnL: 14:49:39 MTM=315.25 Profit=0.05%
2026-07-21 14:49:40 INFO     strategy        PnL: 14:49:40 MTM=331.50 Profit=0.05%
2026-07-21 14:49:41 INFO     strategy        PnL: 14:49:41 MTM=308.75 Profit=0.05%
2026-07-21 14:49:42 INFO     strategy        PnL: 14:49:42 MTM=305.50 Profit=0.05%
2026-07-21 14:49:43 INFO     strategy        PnL: 14:49:43 MTM=305.50 Profit=0.05%
2026-07-21 14:49:44 INFO     strategy        PnL: 14:49:44 MTM=295.75 Profit=0.04%
2026-07-21 14:49:45 INFO     strategy        PnL: 14:49:45 MTM=302.25 Profit=0.05%
2026-07-21 14:49:46 INFO     strategy        PnL: 14:49:46 MTM=282.75 Profit=0.04%
2026-07-21 14:49:47 INFO     strategy        PnL: 14:49:47 MTM=302.25 Profit=0.05%
2026-07-21 14:49:48 INFO     strategy        PnL: 14:49:48 MTM=302.25 Profit=0.05%
2026-07-21 14:49:49 INFO     strategy        PnL: 14:49:49 MTM=286.00 Profit=0.04%
2026-07-21 14:49:50 INFO     strategy        PnL: 14:49:50 MTM=295.75 Profit=0.04%
2026-07-21 14:49:51 INFO     strategy        PnL: 14:49:51 MTM=279.50 Profit=0.04%
2026-07-21 14:49:52 INFO     strategy        PnL: 14:49:52 MTM=295.75 Profit=0.04%
2026-07-21 14:49:53 INFO     strategy        PnL: 14:49:53 MTM=302.25 Profit=0.05%
2026-07-21 14:49:54 INFO     strategy        PnL: 14:49:54 MTM=299.00 Profit=0.04%
2026-07-21 14:49:55 INFO     strategy        PnL: 14:49:55 MTM=305.50 Profit=0.05%
2026-07-21 14:49:56 INFO     strategy        PnL: 14:49:56 MTM=292.50 Profit=0.04%
2026-07-21 14:49:57 INFO     strategy        PnL: 14:49:57 MTM=448.50 Profit=0.07%
2026-07-21 14:49:58 INFO     strategy        PnL: 14:49:58 MTM=474.50 Profit=0.07%
2026-07-21 14:49:59 INFO     strategy        PnL: 14:49:59 MTM=487.50 Profit=0.07%
2026-07-21 14:50:00 INFO     strategy        PnL: 14:50:00 MTM=516.75 Profit=0.08%
2026-07-21 14:50:01 INFO     strategy        PnL: 14:50:01 MTM=422.50 Profit=0.06%
2026-07-21 14:50:02 INFO     strategy        PnL: 14:50:02 MTM=464.75 Profit=0.07%
2026-07-21 14:50:03 INFO     strategy        PnL: 14:50:03 MTM=474.50 Profit=0.07%
2026-07-21 14:50:04 INFO     strategy        PnL: 14:50:04 MTM=468.00 Profit=0.07%
2026-07-21 14:50:05 INFO     strategy        PnL: 14:50:05 MTM=458.25 Profit=0.07%
2026-07-21 14:50:06 INFO     strategy        PnL: 14:50:06 MTM=403.00 Profit=0.06%
2026-07-21 14:50:07 INFO     strategy        PnL: 14:50:07 MTM=422.50 Profit=0.06%
2026-07-21 14:50:08 INFO     strategy        PnL: 14:50:08 MTM=419.25 Profit=0.06%
2026-07-21 14:50:09 INFO     strategy        PnL: 14:50:09 MTM=422.50 Profit=0.06%
2026-07-21 14:50:10 INFO     strategy        PnL: 14:50:10 MTM=396.50 Profit=0.06%
2026-07-21 14:50:11 INFO     strategy        PnL: 14:50:11 MTM=383.50 Profit=0.06%
2026-07-21 14:50:12 INFO     strategy        PnL: 14:50:12 MTM=403.00 Profit=0.06%
2026-07-21 14:50:13 INFO     strategy        PnL: 14:50:13 MTM=377.00 Profit=0.06%
2026-07-21 14:50:14 INFO     strategy        PnL: 14:50:14 MTM=360.75 Profit=0.05%
2026-07-21 14:50:15 INFO     strategy        PnL: 14:50:15 MTM=422.50 Profit=0.06%
2026-07-21 14:50:16 INFO     strategy        PnL: 14:50:16 MTM=344.50 Profit=0.05%
2026-07-21 14:50:17 INFO     strategy        PnL: 14:50:17 MTM=364.00 Profit=0.05%
2026-07-21 14:50:18 INFO     strategy        PnL: 14:50:18 MTM=286.00 Profit=0.04%
2026-07-21 14:50:19 INFO     strategy        PnL: 14:50:19 MTM=325.00 Profit=0.05%
2026-07-21 14:50:20 INFO     strategy        PnL: 14:50:20 MTM=328.25 Profit=0.05%
2026-07-21 14:50:21 INFO     strategy        PnL: 14:50:21 MTM=292.50 Profit=0.04%
2026-07-21 14:50:22 INFO     strategy        PnL: 14:50:22 MTM=282.75 Profit=0.04%
2026-07-21 14:50:23 INFO     strategy        PnL: 14:50:23 MTM=273.00 Profit=0.04%
2026-07-21 14:50:24 INFO     strategy        PnL: 14:50:24 MTM=247.00 Profit=0.04%
2026-07-21 14:50:25 INFO     strategy        PnL: 14:50:25 MTM=266.50 Profit=0.04%
2026-07-21 14:50:26 INFO     strategy        PnL: 14:50:26 MTM=234.00 Profit=0.04%
2026-07-21 14:50:27 INFO     strategy        PnL: 14:50:27 MTM=266.50 Profit=0.04%
2026-07-21 14:50:28 INFO     strategy        PnL: 14:50:28 MTM=295.75 Profit=0.04%
2026-07-21 14:50:29 INFO     strategy        PnL: 14:50:29 MTM=286.00 Profit=0.04%
2026-07-21 14:50:30 INFO     strategy        PnL: 14:50:30 MTM=292.50 Profit=0.04%
2026-07-21 14:50:31 INFO     strategy        PnL: 14:50:31 MTM=282.75 Profit=0.04%
2026-07-21 14:50:32 INFO     strategy        PnL: 14:50:32 MTM=286.00 Profit=0.04%
2026-07-21 14:50:33 INFO     strategy        PnL: 14:50:33 MTM=312.00 Profit=0.05%
2026-07-21 14:50:34 INFO     strategy        PnL: 14:50:34 MTM=315.25 Profit=0.05%
2026-07-21 14:50:35 INFO     strategy        PnL: 14:50:35 MTM=308.75 Profit=0.05%
2026-07-21 14:50:36 INFO     strategy        PnL: 14:50:36 MTM=295.75 Profit=0.04%
2026-07-21 14:50:37 INFO     strategy        PnL: 14:50:37 MTM=282.75 Profit=0.04%
2026-07-21 14:50:38 INFO     strategy        PnL: 14:50:38 MTM=273.00 Profit=0.04%
2026-07-21 14:50:39 INFO     strategy        PnL: 14:50:39 MTM=237.25 Profit=0.04%
2026-07-21 14:50:40 INFO     strategy        PnL: 14:50:40 MTM=217.75 Profit=0.03%
2026-07-21 14:50:41 INFO     strategy        PnL: 14:50:41 MTM=195.00 Profit=0.03%
2026-07-21 14:50:42 INFO     strategy        PnL: 14:50:42 MTM=217.75 Profit=0.03%
2026-07-21 14:50:43 INFO     strategy        PnL: 14:50:43 MTM=224.25 Profit=0.03%
2026-07-21 14:50:45 INFO     strategy        PnL: 14:50:44 MTM=195.00 Profit=0.03%
2026-07-21 14:50:45 INFO     strategy        PnL: 14:50:45 MTM=214.50 Profit=0.03%
2026-07-21 14:50:47 INFO     strategy        PnL: 14:50:47 MTM=260.00 Profit=0.04%
2026-07-21 14:50:48 INFO     strategy        PnL: 14:50:48 MTM=201.50 Profit=0.03%
2026-07-21 14:50:49 INFO     strategy        PnL: 14:50:49 MTM=178.75 Profit=0.03%
2026-07-21 14:50:50 INFO     strategy        PnL: 14:50:50 MTM=152.75 Profit=0.02%
2026-07-21 14:50:51 INFO     strategy        PnL: 14:50:51 MTM=182.00 Profit=0.03%
2026-07-21 14:50:52 INFO     strategy        PnL: 14:50:52 MTM=188.50 Profit=0.03%
2026-07-21 14:50:53 INFO     strategy        PnL: 14:50:53 MTM=188.50 Profit=0.03%
2026-07-21 14:50:54 INFO     strategy        PnL: 14:50:54 MTM=211.25 Profit=0.03%
2026-07-21 14:50:55 INFO     strategy        PnL: 14:50:55 MTM=227.50 Profit=0.03%
2026-07-21 14:50:56 INFO     strategy        PnL: 14:50:56 MTM=182.00 Profit=0.03%
2026-07-21 14:50:57 INFO     strategy        PnL: 14:50:57 MTM=175.50 Profit=0.03%
2026-07-21 14:50:58 INFO     strategy        PnL: 14:50:58 MTM=201.50 Profit=0.03%
2026-07-21 14:50:59 INFO     strategy        PnL: 14:50:59 MTM=201.50 Profit=0.03%
2026-07-21 14:51:00 INFO     strategy        PnL: 14:51:00 MTM=195.00 Profit=0.03%
2026-07-21 14:51:01 INFO     strategy        PnL: 14:51:01 MTM=146.25 Profit=0.02%
2026-07-21 14:51:02 INFO     strategy        PnL: 14:51:02 MTM=149.50 Profit=0.02%
2026-07-21 14:51:03 INFO     strategy        PnL: 14:51:03 MTM=185.25 Profit=0.03%
2026-07-21 14:51:04 INFO     strategy        PnL: 14:51:04 MTM=185.25 Profit=0.03%
2026-07-21 14:51:05 INFO     strategy        PnL: 14:51:05 MTM=201.50 Profit=0.03%
2026-07-21 14:51:06 INFO     strategy        PnL: 14:51:06 MTM=204.75 Profit=0.03%
2026-07-21 14:51:07 INFO     strategy        PnL: 14:51:07 MTM=191.75 Profit=0.03%
2026-07-21 14:51:08 INFO     strategy        PnL: 14:51:08 MTM=185.25 Profit=0.03%
2026-07-21 14:51:09 INFO     strategy        PnL: 14:51:09 MTM=221.00 Profit=0.03%
2026-07-21 14:51:10 INFO     strategy        PnL: 14:51:10 MTM=230.75 Profit=0.03%
2026-07-21 14:51:11 INFO     strategy        PnL: 14:51:11 MTM=214.50 Profit=0.03%
2026-07-21 14:51:12 INFO     strategy        PnL: 14:51:12 MTM=221.00 Profit=0.03%
2026-07-21 14:51:13 INFO     strategy        PnL: 14:51:13 MTM=188.50 Profit=0.03%
2026-07-21 14:51:14 INFO     strategy        PnL: 14:51:14 MTM=195.00 Profit=0.03%
2026-07-21 14:51:15 INFO     strategy        PnL: 14:51:15 MTM=178.75 Profit=0.03%
2026-07-21 14:51:16 INFO     strategy        PnL: 14:51:16 MTM=178.75 Profit=0.03%
2026-07-21 14:51:17 INFO     strategy        PnL: 14:51:17 MTM=172.25 Profit=0.03%
2026-07-21 14:51:18 INFO     strategy        PnL: 14:51:18 MTM=162.50 Profit=0.02%
2026-07-21 14:51:19 INFO     strategy        PnL: 14:51:19 MTM=133.25 Profit=0.02%
2026-07-21 14:51:20 INFO     strategy        PnL: 14:51:20 MTM=172.25 Profit=0.03%
2026-07-21 14:51:21 INFO     strategy        PnL: 14:51:21 MTM=126.75 Profit=0.02%
2026-07-21 14:51:22 INFO     strategy        PnL: 14:51:22 MTM=143.00 Profit=0.02%
2026-07-21 14:51:23 INFO     strategy        PnL: 14:51:23 MTM=156.00 Profit=0.02%
2026-07-21 14:51:24 INFO     strategy        PnL: 14:51:24 MTM=133.25 Profit=0.02%
2026-07-21 14:51:25 INFO     strategy        PnL: 14:51:25 MTM=100.75 Profit=0.02%
2026-07-21 14:51:26 INFO     strategy        PnL: 14:51:26 MTM=97.50 Profit=0.01%
2026-07-21 14:51:27 INFO     strategy        PnL: 14:51:27 MTM=117.00 Profit=0.02%
2026-07-21 14:51:28 INFO     strategy        PnL: 14:51:28 MTM=81.25 Profit=0.01%
2026-07-21 14:51:29 INFO     strategy        PnL: 14:51:29 MTM=100.75 Profit=0.02%
2026-07-21 14:51:30 INFO     strategy        PnL: 14:51:30 MTM=84.50 Profit=0.01%
2026-07-21 14:51:31 INFO     strategy        PnL: 14:51:31 MTM=107.25 Profit=0.02%
2026-07-21 14:51:32 INFO     strategy        PnL: 14:51:32 MTM=123.50 Profit=0.02%
2026-07-21 14:51:33 INFO     strategy        PnL: 14:51:33 MTM=113.75 Profit=0.02%
2026-07-21 14:51:34 INFO     strategy        PnL: 14:51:34 MTM=97.50 Profit=0.01%
2026-07-21 14:51:35 INFO     strategy        PnL: 14:51:35 MTM=87.75 Profit=0.01%
2026-07-21 14:51:36 INFO     strategy        PnL: 14:51:36 MTM=120.25 Profit=0.02%
2026-07-21 14:51:37 INFO     strategy        PnL: 14:51:37 MTM=110.50 Profit=0.02%
2026-07-21 14:51:38 INFO     strategy        PnL: 14:51:38 MTM=120.25 Profit=0.02%
2026-07-21 14:51:39 INFO     strategy        PnL: 14:51:39 MTM=110.50 Profit=0.02%
2026-07-21 14:51:40 INFO     strategy        PnL: 14:51:40 MTM=126.75 Profit=0.02%
2026-07-21 14:51:41 INFO     strategy        PnL: 14:51:41 MTM=123.50 Profit=0.02%
2026-07-21 14:51:42 INFO     strategy        PnL: 14:51:42 MTM=133.25 Profit=0.02%
2026-07-21 14:51:43 INFO     strategy        PnL: 14:51:43 MTM=152.75 Profit=0.02%
2026-07-21 14:51:44 INFO     strategy        PnL: 14:51:44 MTM=139.75 Profit=0.02%
2026-07-21 14:51:45 INFO     strategy        PnL: 14:51:45 MTM=133.25 Profit=0.02%
2026-07-21 14:51:46 INFO     strategy        PnL: 14:51:46 MTM=130.00 Profit=0.02%
2026-07-21 14:51:47 INFO     strategy        PnL: 14:51:47 MTM=136.50 Profit=0.02%
2026-07-21 14:51:48 INFO     strategy        PnL: 14:51:48 MTM=143.00 Profit=0.02%
2026-07-21 14:51:49 INFO     strategy        PnL: 14:51:49 MTM=113.75 Profit=0.02%
2026-07-21 14:51:50 INFO     strategy        PnL: 14:51:50 MTM=113.75 Profit=0.02%
2026-07-21 14:51:51 INFO     strategy        PnL: 14:51:51 MTM=113.75 Profit=0.02%
2026-07-21 14:51:52 INFO     strategy        PnL: 14:51:52 MTM=91.00 Profit=0.01%
2026-07-21 14:51:53 INFO     strategy        PnL: 14:51:53 MTM=74.75 Profit=0.01%
2026-07-21 14:51:54 INFO     strategy        PnL: 14:51:54 MTM=91.00 Profit=0.01%
2026-07-21 14:51:55 INFO     strategy        PnL: 14:51:55 MTM=94.25 Profit=0.01%
2026-07-21 14:51:56 INFO     strategy        PnL: 14:51:56 MTM=61.75 Profit=0.01%
2026-07-21 14:51:57 INFO     strategy        PnL: 14:51:57 MTM=52.00 Profit=0.01%
2026-07-21 14:51:58 INFO     strategy        PnL: 14:51:58 MTM=110.50 Profit=0.02%
2026-07-21 14:51:59 INFO     strategy        PnL: 14:51:59 MTM=74.75 Profit=0.01%
2026-07-21 14:52:00 INFO     strategy        PnL: 14:52:00 MTM=71.50 Profit=0.01%
2026-07-21 14:52:01 INFO     strategy        PnL: 14:52:01 MTM=55.25 Profit=0.01%
2026-07-21 14:52:02 INFO     strategy        PnL: 14:52:02 MTM=94.25 Profit=0.01%
2026-07-21 14:52:03 INFO     strategy        PnL: 14:52:03 MTM=87.75 Profit=0.01%
2026-07-21 14:52:04 INFO     strategy        PnL: 14:52:04 MTM=94.25 Profit=0.01%
2026-07-21 14:52:05 INFO     strategy        PnL: 14:52:05 MTM=48.75 Profit=0.01%
2026-07-21 14:52:06 INFO     strategy        PnL: 14:52:06 MTM=16.25 Profit=0.00%
2026-07-21 14:52:07 INFO     strategy        PnL: 14:52:07 MTM=-22.75 Loss=0.00%
2026-07-21 14:52:08 INFO     strategy        PnL: 14:52:08 MTM=-9.75 Loss=0.00%
2026-07-21 14:52:09 INFO     strategy        PnL: 14:52:09 MTM=-9.75 Loss=0.00%
2026-07-21 14:52:10 INFO     strategy        PnL: 14:52:10 MTM=9.75 Profit=0.00%
2026-07-21 14:52:11 INFO     strategy        PnL: 14:52:11 MTM=26.00 Profit=0.00%
2026-07-21 14:52:13 INFO     strategy        PnL: 14:52:13 MTM=9.75 Profit=0.00%
2026-07-21 14:52:14 INFO     strategy        PnL: 14:52:14 MTM=22.75 Profit=0.00%
2026-07-21 14:52:15 INFO     strategy        PnL: 14:52:15 MTM=29.25 Profit=0.00%
2026-07-21 14:52:16 INFO     strategy        PnL: 14:52:16 MTM=32.50 Profit=0.00%
2026-07-21 14:52:17 INFO     strategy        PnL: 14:52:17 MTM=42.25 Profit=0.01%
2026-07-21 14:52:18 INFO     strategy        PnL: 14:52:18 MTM=35.75 Profit=0.01%
2026-07-21 14:52:19 INFO     strategy        PnL: 14:52:19 MTM=68.25 Profit=0.01%
2026-07-21 14:52:20 INFO     strategy        PnL: 14:52:20 MTM=74.75 Profit=0.01%
2026-07-21 14:52:21 INFO     strategy        PnL: 14:52:21 MTM=58.50 Profit=0.01%
2026-07-21 14:52:22 INFO     strategy        PnL: 14:52:22 MTM=81.25 Profit=0.01%
2026-07-21 14:52:23 INFO     strategy        PnL: 14:52:23 MTM=78.00 Profit=0.01%
2026-07-21 14:52:24 INFO     strategy        PnL: 14:52:24 MTM=84.50 Profit=0.01%
2026-07-21 14:52:25 INFO     strategy        PnL: 14:52:25 MTM=94.25 Profit=0.01%
2026-07-21 14:52:26 INFO     strategy        PnL: 14:52:26 MTM=81.25 Profit=0.01%
2026-07-21 14:52:27 INFO     strategy        PnL: 14:52:27 MTM=84.50 Profit=0.01%
2026-07-21 14:52:28 INFO     strategy        PnL: 14:52:28 MTM=84.50 Profit=0.01%
2026-07-21 14:52:29 INFO     strategy        PnL: 14:52:29 MTM=94.25 Profit=0.01%
2026-07-21 14:52:30 INFO     strategy        PnL: 14:52:30 MTM=100.75 Profit=0.02%
2026-07-21 14:52:31 INFO     strategy        PnL: 14:52:31 MTM=61.75 Profit=0.01%
2026-07-21 14:52:32 INFO     strategy        PnL: 14:52:32 MTM=81.25 Profit=0.01%
2026-07-21 14:52:33 INFO     strategy        PnL: 14:52:33 MTM=65.00 Profit=0.01%
2026-07-21 14:52:34 INFO     strategy        PnL: 14:52:34 MTM=110.50 Profit=0.02%
2026-07-21 14:52:35 INFO     strategy        PnL: 14:52:35 MTM=68.25 Profit=0.01%
2026-07-21 14:52:36 INFO     strategy        PnL: 14:52:36 MTM=74.75 Profit=0.01%
2026-07-21 14:52:37 INFO     strategy        PnL: 14:52:37 MTM=97.50 Profit=0.01%
2026-07-21 14:52:38 INFO     strategy        PnL: 14:52:38 MTM=91.00 Profit=0.01%
2026-07-21 14:52:39 INFO     strategy        PnL: 14:52:39 MTM=84.50 Profit=0.01%
2026-07-21 14:52:40 INFO     strategy        PnL: 14:52:40 MTM=74.75 Profit=0.01%
2026-07-21 14:52:41 INFO     strategy        PnL: 14:52:41 MTM=68.25 Profit=0.01%
2026-07-21 14:52:42 INFO     strategy        PnL: 14:52:42 MTM=26.00 Profit=0.00%
2026-07-21 14:52:43 INFO     strategy        PnL: 14:52:43 MTM=29.25 Profit=0.00%
2026-07-21 14:52:44 INFO     strategy        PnL: 14:52:44 MTM=45.50 Profit=0.01%
2026-07-21 14:52:45 INFO     strategy        PnL: 14:52:45 MTM=39.00 Profit=0.01%
2026-07-21 14:52:46 INFO     strategy        PnL: 14:52:46 MTM=52.00 Profit=0.01%
2026-07-21 14:52:47 INFO     strategy        PnL: 14:52:47 MTM=35.75 Profit=0.01%
2026-07-21 14:52:48 INFO     strategy        PnL: 14:52:48 MTM=71.50 Profit=0.01%
2026-07-21 14:52:49 INFO     strategy        PnL: 14:52:49 MTM=84.50 Profit=0.01%
2026-07-21 14:52:50 INFO     strategy        PnL: 14:52:50 MTM=84.50 Profit=0.01%
2026-07-21 14:52:51 INFO     strategy        PnL: 14:52:51 MTM=87.75 Profit=0.01%
2026-07-21 14:52:52 INFO     strategy        PnL: 14:52:52 MTM=81.25 Profit=0.01%
2026-07-21 14:52:53 INFO     strategy        PnL: 14:52:53 MTM=107.25 Profit=0.02%
2026-07-21 14:52:54 INFO     strategy        PnL: 14:52:54 MTM=91.00 Profit=0.01%
2026-07-21 14:52:55 INFO     strategy        PnL: 14:52:55 MTM=91.00 Profit=0.01%
2026-07-21 14:52:56 INFO     strategy        PnL: 14:52:56 MTM=71.50 Profit=0.01%
2026-07-21 14:52:57 INFO     strategy        PnL: 14:52:57 MTM=84.50 Profit=0.01%
2026-07-21 14:52:58 INFO     strategy        PnL: 14:52:58 MTM=68.25 Profit=0.01%
2026-07-21 14:52:59 INFO     strategy        PnL: 14:52:59 MTM=91.00 Profit=0.01%
2026-07-21 14:53:00 INFO     strategy        PnL: 14:53:00 MTM=65.00 Profit=0.01%
2026-07-21 14:53:01 INFO     strategy        PnL: 14:53:01 MTM=48.75 Profit=0.01%
2026-07-21 14:53:02 INFO     strategy        PnL: 14:53:02 MTM=55.25 Profit=0.01%
2026-07-21 14:53:03 INFO     strategy        PnL: 14:53:03 MTM=55.25 Profit=0.01%
2026-07-21 14:53:04 INFO     strategy        PnL: 14:53:04 MTM=87.75 Profit=0.01%
2026-07-21 14:53:05 INFO     strategy        PnL: 14:53:05 MTM=87.75 Profit=0.01%
2026-07-21 14:53:06 INFO     strategy        PnL: 14:53:06 MTM=94.25 Profit=0.01%
2026-07-21 14:53:07 INFO     strategy        PnL: 14:53:07 MTM=71.50 Profit=0.01%
2026-07-21 14:53:08 INFO     strategy        PnL: 14:53:08 MTM=78.00 Profit=0.01%
2026-07-21 14:53:09 INFO     strategy        PnL: 14:53:09 MTM=71.50 Profit=0.01%
2026-07-21 14:53:10 INFO     strategy        PnL: 14:53:10 MTM=78.00 Profit=0.01%
2026-07-21 14:53:11 INFO     strategy        PnL: 14:53:11 MTM=143.00 Profit=0.02%
2026-07-21 14:53:12 INFO     strategy        PnL: 14:53:12 MTM=146.25 Profit=0.02%
2026-07-21 14:53:13 INFO     strategy        PnL: 14:53:13 MTM=126.75 Profit=0.02%
2026-07-21 14:53:14 INFO     strategy        PnL: 14:53:14 MTM=175.50 Profit=0.03%
2026-07-21 14:53:15 INFO     strategy        PnL: 14:53:15 MTM=130.00 Profit=0.02%
2026-07-21 14:53:16 INFO     strategy        PnL: 14:53:16 MTM=117.00 Profit=0.02%
2026-07-21 14:53:17 INFO     strategy        PnL: 14:53:17 MTM=136.50 Profit=0.02%
2026-07-21 14:53:18 INFO     strategy        PnL: 14:53:18 MTM=126.75 Profit=0.02%
2026-07-21 14:53:19 INFO     strategy        PnL: 14:53:19 MTM=139.75 Profit=0.02%
2026-07-21 14:53:20 INFO     strategy        PnL: 14:53:20 MTM=149.50 Profit=0.02%
2026-07-21 14:53:21 INFO     strategy        PnL: 14:53:21 MTM=139.75 Profit=0.02%
2026-07-21 14:53:22 INFO     strategy        PnL: 14:53:22 MTM=110.50 Profit=0.02%
2026-07-21 14:53:23 INFO     strategy        PnL: 14:53:23 MTM=110.50 Profit=0.02%
2026-07-21 14:53:24 INFO     strategy        PnL: 14:53:24 MTM=126.75 Profit=0.02%
2026-07-21 14:53:25 INFO     strategy        PnL: 14:53:25 MTM=130.00 Profit=0.02%
2026-07-21 14:53:26 INFO     strategy        PnL: 14:53:26 MTM=91.00 Profit=0.01%
2026-07-21 14:53:27 INFO     strategy        PnL: 14:53:27 MTM=130.00 Profit=0.02%
2026-07-21 14:53:28 INFO     strategy        PnL: 14:53:28 MTM=130.00 Profit=0.02%
2026-07-21 14:53:29 INFO     strategy        PnL: 14:53:29 MTM=107.25 Profit=0.02%
2026-07-21 14:53:30 INFO     strategy        PnL: 14:53:30 MTM=175.50 Profit=0.03%
2026-07-21 14:53:31 INFO     strategy        PnL: 14:53:31 MTM=149.50 Profit=0.02%
2026-07-21 14:53:32 INFO     strategy        PnL: 14:53:32 MTM=204.75 Profit=0.03%
2026-07-21 14:53:33 INFO     strategy        PnL: 14:53:33 MTM=178.75 Profit=0.03%
2026-07-21 14:53:34 INFO     strategy        PnL: 14:53:34 MTM=204.75 Profit=0.03%
2026-07-21 14:53:35 INFO     strategy        PnL: 14:53:35 MTM=234.00 Profit=0.04%
2026-07-21 14:53:36 INFO     strategy        PnL: 14:53:36 MTM=178.75 Profit=0.03%
2026-07-21 14:53:37 INFO     strategy        PnL: 14:53:37 MTM=185.25 Profit=0.03%
2026-07-21 14:53:39 INFO     strategy        PnL: 14:53:38 MTM=237.25 Profit=0.04%
2026-07-21 14:53:39 INFO     strategy        PnL: 14:53:39 MTM=256.75 Profit=0.04%
2026-07-21 14:53:41 INFO     strategy        PnL: 14:53:41 MTM=292.50 Profit=0.04%
2026-07-21 14:53:42 INFO     strategy        PnL: 14:53:42 MTM=321.75 Profit=0.05%
2026-07-21 14:53:43 INFO     strategy        PnL: 14:53:43 MTM=305.50 Profit=0.05%
2026-07-21 14:53:44 INFO     strategy        PnL: 14:53:44 MTM=308.75 Profit=0.05%
2026-07-21 14:53:45 INFO     strategy        PnL: 14:53:45 MTM=331.50 Profit=0.05%
2026-07-21 14:53:46 INFO     strategy        PnL: 14:53:46 MTM=344.50 Profit=0.05%
2026-07-21 14:53:47 INFO     strategy        PnL: 14:53:47 MTM=266.50 Profit=0.04%
2026-07-21 14:53:48 INFO     strategy        PnL: 14:53:48 MTM=185.25 Profit=0.03%
2026-07-21 14:53:49 INFO     strategy        PnL: 14:53:49 MTM=253.50 Profit=0.04%
2026-07-21 14:53:50 INFO     strategy        PnL: 14:53:50 MTM=253.50 Profit=0.04%
2026-07-21 14:53:51 INFO     strategy        PnL: 14:53:51 MTM=269.75 Profit=0.04%
2026-07-21 14:53:52 INFO     strategy        PnL: 14:53:52 MTM=250.25 Profit=0.04%
2026-07-21 14:53:53 INFO     strategy        PnL: 14:53:53 MTM=178.75 Profit=0.03%
2026-07-21 14:53:54 INFO     strategy        PnL: 14:53:54 MTM=152.75 Profit=0.02%
2026-07-21 14:53:55 INFO     strategy        PnL: 14:53:55 MTM=123.50 Profit=0.02%
2026-07-21 14:53:56 INFO     strategy        PnL: 14:53:56 MTM=107.25 Profit=0.02%
2026-07-21 14:53:57 INFO     strategy        PnL: 14:53:57 MTM=123.50 Profit=0.02%
2026-07-21 14:53:58 INFO     strategy        PnL: 14:53:58 MTM=172.25 Profit=0.03%
2026-07-21 14:53:59 INFO     strategy        PnL: 14:53:59 MTM=117.00 Profit=0.02%
2026-07-21 14:54:00 INFO     strategy        PnL: 14:54:00 MTM=100.75 Profit=0.02%
2026-07-21 14:54:01 INFO     strategy        PnL: 14:54:01 MTM=146.25 Profit=0.02%
2026-07-21 14:54:02 INFO     strategy        PnL: 14:54:02 MTM=149.50 Profit=0.02%
2026-07-21 14:54:03 INFO     strategy        PnL: 14:54:03 MTM=159.25 Profit=0.02%
2026-07-21 14:54:04 INFO     strategy        PnL: 14:54:04 MTM=243.75 Profit=0.04%
2026-07-21 14:54:05 INFO     strategy        PnL: 14:54:05 MTM=240.50 Profit=0.04%
2026-07-21 14:54:06 INFO     strategy        PnL: 14:54:06 MTM=227.50 Profit=0.03%
2026-07-21 14:54:07 INFO     strategy        PnL: 14:54:07 MTM=230.75 Profit=0.03%
2026-07-21 14:54:08 INFO     strategy        PnL: 14:54:08 MTM=240.50 Profit=0.04%
2026-07-21 14:54:09 INFO     strategy        PnL: 14:54:09 MTM=247.00 Profit=0.04%
2026-07-21 14:54:10 INFO     strategy        PnL: 14:54:10 MTM=289.25 Profit=0.04%
2026-07-21 14:54:11 INFO     strategy        PnL: 14:54:11 MTM=273.00 Profit=0.04%
2026-07-21 14:54:12 INFO     strategy        PnL: 14:54:12 MTM=253.50 Profit=0.04%
2026-07-21 14:54:13 INFO     strategy        PnL: 14:54:13 MTM=240.50 Profit=0.04%
2026-07-21 14:54:14 INFO     strategy        PnL: 14:54:14 MTM=250.25 Profit=0.04%
2026-07-21 14:54:15 INFO     strategy        PnL: 14:54:15 MTM=299.00 Profit=0.04%
2026-07-21 14:54:16 INFO     strategy        PnL: 14:54:16 MTM=289.25 Profit=0.04%
2026-07-21 14:54:17 INFO     strategy        PnL: 14:54:17 MTM=266.50 Profit=0.04%
2026-07-21 14:54:18 INFO     strategy        PnL: 14:54:18 MTM=305.50 Profit=0.05%
2026-07-21 14:54:19 INFO     strategy        PnL: 14:54:19 MTM=299.00 Profit=0.04%
2026-07-21 14:54:20 INFO     strategy        PnL: 14:54:20 MTM=263.25 Profit=0.04%
2026-07-21 14:54:21 INFO     strategy        PnL: 14:54:21 MTM=260.00 Profit=0.04%
2026-07-21 14:54:22 INFO     strategy        PnL: 14:54:22 MTM=312.00 Profit=0.05%
2026-07-21 14:54:23 INFO     strategy        PnL: 14:54:23 MTM=286.00 Profit=0.04%
2026-07-21 14:54:24 INFO     strategy        PnL: 14:54:24 MTM=325.00 Profit=0.05%
2026-07-21 14:54:25 INFO     strategy        PnL: 14:54:25 MTM=315.25 Profit=0.05%
2026-07-21 14:54:26 INFO     strategy        PnL: 14:54:26 MTM=325.00 Profit=0.05%
2026-07-21 14:54:27 INFO     strategy        PnL: 14:54:27 MTM=334.75 Profit=0.05%
2026-07-21 14:54:28 INFO     strategy        PnL: 14:54:28 MTM=289.25 Profit=0.04%
2026-07-21 14:54:29 INFO     strategy        PnL: 14:54:29 MTM=282.75 Profit=0.04%
2026-07-21 14:54:30 INFO     strategy        PnL: 14:54:30 MTM=279.50 Profit=0.04%
2026-07-21 14:54:31 INFO     strategy        PnL: 14:54:31 MTM=299.00 Profit=0.04%
2026-07-21 14:54:32 INFO     strategy        PnL: 14:54:32 MTM=318.50 Profit=0.05%
2026-07-21 14:54:33 INFO     strategy        PnL: 14:54:33 MTM=256.75 Profit=0.04%
2026-07-21 14:54:34 INFO     strategy        PnL: 14:54:34 MTM=286.00 Profit=0.04%
2026-07-21 14:54:35 INFO     strategy        PnL: 14:54:35 MTM=256.75 Profit=0.04%
2026-07-21 14:54:36 INFO     strategy        PnL: 14:54:36 MTM=240.50 Profit=0.04%
2026-07-21 14:54:37 INFO     strategy        PnL: 14:54:37 MTM=273.00 Profit=0.04%
2026-07-21 14:54:38 INFO     strategy        PnL: 14:54:38 MTM=263.25 Profit=0.04%
2026-07-21 14:54:39 INFO     strategy        PnL: 14:54:39 MTM=269.75 Profit=0.04%
2026-07-21 14:54:40 INFO     strategy        PnL: 14:54:40 MTM=260.00 Profit=0.04%
2026-07-21 14:54:41 INFO     strategy        PnL: 14:54:41 MTM=266.50 Profit=0.04%
2026-07-21 14:54:42 INFO     strategy        PnL: 14:54:42 MTM=260.00 Profit=0.04%
2026-07-21 14:54:43 INFO     strategy        PnL: 14:54:43 MTM=286.00 Profit=0.04%
2026-07-21 14:54:44 INFO     strategy        PnL: 14:54:44 MTM=263.25 Profit=0.04%
2026-07-21 14:54:45 INFO     strategy        PnL: 14:54:45 MTM=269.75 Profit=0.04%
2026-07-21 14:54:46 INFO     strategy        PnL: 14:54:46 MTM=292.50 Profit=0.04%
2026-07-21 14:54:47 INFO     strategy        PnL: 14:54:47 MTM=273.00 Profit=0.04%
2026-07-21 14:54:48 INFO     strategy        PnL: 14:54:48 MTM=260.00 Profit=0.04%
2026-07-21 14:54:49 INFO     strategy        PnL: 14:54:49 MTM=273.00 Profit=0.04%
2026-07-21 14:54:50 INFO     strategy        PnL: 14:54:50 MTM=279.50 Profit=0.04%
2026-07-21 14:54:51 INFO     strategy        PnL: 14:54:51 MTM=247.00 Profit=0.04%
2026-07-21 14:54:52 INFO     strategy        PnL: 14:54:52 MTM=289.25 Profit=0.04%
2026-07-21 14:54:53 INFO     strategy        PnL: 14:54:53 MTM=260.00 Profit=0.04%
2026-07-21 14:54:54 INFO     strategy        PnL: 14:54:54 MTM=282.75 Profit=0.04%
2026-07-21 14:54:55 INFO     strategy        PnL: 14:54:55 MTM=240.50 Profit=0.04%
2026-07-21 14:54:56 INFO     strategy        PnL: 14:54:56 MTM=253.50 Profit=0.04%
2026-07-21 14:54:57 INFO     strategy        PnL: 14:54:57 MTM=227.50 Profit=0.03%
2026-07-21 14:54:58 INFO     strategy        PnL: 14:54:58 MTM=195.00 Profit=0.03%
2026-07-21 14:54:59 INFO     strategy        PnL: 14:54:59 MTM=214.50 Profit=0.03%
2026-07-21 14:55:00 INFO     strategy        PnL: 14:55:00 MTM=237.25 Profit=0.04%
2026-07-21 14:55:01 INFO     strategy        PnL: 14:55:01 MTM=185.25 Profit=0.03%
2026-07-21 14:55:02 INFO     strategy        PnL: 14:55:02 MTM=191.75 Profit=0.03%
2026-07-21 14:55:03 INFO     strategy        PnL: 14:55:03 MTM=198.25 Profit=0.03%
2026-07-21 14:55:04 INFO     strategy        PnL: 14:55:04 MTM=217.75 Profit=0.03%
2026-07-21 14:55:05 INFO     strategy        PnL: 14:55:05 MTM=146.25 Profit=0.02%
2026-07-21 14:55:06 INFO     strategy        PnL: 14:55:06 MTM=162.50 Profit=0.02%
2026-07-21 14:55:07 INFO     strategy        PnL: 14:55:07 MTM=143.00 Profit=0.02%
2026-07-21 14:55:08 INFO     strategy        PnL: 14:55:08 MTM=139.75 Profit=0.02%
2026-07-21 14:55:09 INFO     strategy        PnL: 14:55:09 MTM=139.75 Profit=0.02%
2026-07-21 14:55:10 INFO     strategy        PnL: 14:55:10 MTM=123.50 Profit=0.02%
2026-07-21 14:55:11 INFO     strategy        PnL: 14:55:11 MTM=152.75 Profit=0.02%
2026-07-21 14:55:12 INFO     strategy        PnL: 14:55:12 MTM=139.75 Profit=0.02%
2026-07-21 14:55:13 INFO     strategy        PnL: 14:55:13 MTM=104.00 Profit=0.02%
2026-07-21 14:55:14 INFO     strategy        PnL: 14:55:14 MTM=100.75 Profit=0.02%
2026-07-21 14:55:15 INFO     strategy        PnL: 14:55:15 MTM=81.25 Profit=0.01%
2026-07-21 14:55:16 INFO     strategy        PnL: 14:55:16 MTM=91.00 Profit=0.01%
2026-07-21 14:55:17 INFO     strategy        PnL: 14:55:17 MTM=100.75 Profit=0.02%
2026-07-21 14:55:18 INFO     strategy        PnL: 14:55:18 MTM=107.25 Profit=0.02%
2026-07-21 14:55:19 INFO     strategy        PnL: 14:55:19 MTM=87.75 Profit=0.01%
2026-07-21 14:55:20 INFO     strategy        PnL: 14:55:20 MTM=120.25 Profit=0.02%
2026-07-21 14:55:21 INFO     strategy        PnL: 14:55:21 MTM=104.00 Profit=0.02%
2026-07-21 14:55:22 INFO     strategy        PnL: 14:55:22 MTM=104.00 Profit=0.02%
2026-07-21 14:55:23 INFO     strategy        PnL: 14:55:23 MTM=162.50 Profit=0.02%
2026-07-21 14:55:25 INFO     strategy        PnL: 14:55:25 MTM=169.00 Profit=0.03%
2026-07-21 14:55:26 INFO     strategy        PnL: 14:55:26 MTM=175.50 Profit=0.03%
2026-07-21 14:55:27 INFO     strategy        PnL: 14:55:27 MTM=198.25 Profit=0.03%
2026-07-21 14:55:28 INFO     strategy        PnL: 14:55:28 MTM=143.00 Profit=0.02%
2026-07-21 14:55:29 INFO     strategy        PnL: 14:55:29 MTM=143.00 Profit=0.02%
2026-07-21 14:55:30 INFO     strategy        PnL: 14:55:30 MTM=159.25 Profit=0.02%
2026-07-21 14:55:31 INFO     strategy        PnL: 14:55:31 MTM=126.75 Profit=0.02%
2026-07-21 14:55:32 INFO     strategy        PnL: 14:55:32 MTM=159.25 Profit=0.02%
2026-07-21 14:55:33 INFO     strategy        PnL: 14:55:33 MTM=185.25 Profit=0.03%
2026-07-21 14:55:34 INFO     strategy        PnL: 14:55:34 MTM=159.25 Profit=0.02%
2026-07-21 14:55:35 INFO     strategy        PnL: 14:55:35 MTM=149.50 Profit=0.02%
2026-07-21 14:55:36 INFO     strategy        PnL: 14:55:36 MTM=172.25 Profit=0.03%
2026-07-21 14:55:37 INFO     strategy        PnL: 14:55:37 MTM=159.25 Profit=0.02%
2026-07-21 14:55:38 INFO     strategy        PnL: 14:55:38 MTM=169.00 Profit=0.03%
2026-07-21 14:55:39 INFO     strategy        PnL: 14:55:39 MTM=211.25 Profit=0.03%
2026-07-21 14:55:40 INFO     strategy        PnL: 14:55:40 MTM=208.00 Profit=0.03%
2026-07-21 14:55:41 INFO     strategy        PnL: 14:55:41 MTM=198.25 Profit=0.03%
2026-07-21 14:55:42 INFO     strategy        PnL: 14:55:42 MTM=172.25 Profit=0.03%
2026-07-21 14:55:43 INFO     strategy        PnL: 14:55:43 MTM=182.00 Profit=0.03%
2026-07-21 14:55:44 INFO     strategy        PnL: 14:55:44 MTM=201.50 Profit=0.03%
2026-07-21 14:55:45 INFO     strategy        PnL: 14:55:45 MTM=182.00 Profit=0.03%
2026-07-21 14:55:46 INFO     strategy        PnL: 14:55:46 MTM=198.25 Profit=0.03%
2026-07-21 14:55:47 INFO     strategy        PnL: 14:55:47 MTM=188.50 Profit=0.03%
2026-07-21 14:55:48 INFO     strategy        PnL: 14:55:48 MTM=224.25 Profit=0.03%
2026-07-21 14:55:49 INFO     strategy        PnL: 14:55:49 MTM=256.75 Profit=0.04%
2026-07-21 14:55:50 INFO     strategy        PnL: 14:55:50 MTM=302.25 Profit=0.05%
2026-07-21 14:55:51 INFO     strategy        PnL: 14:55:51 MTM=230.75 Profit=0.03%
2026-07-21 14:55:52 INFO     strategy        PnL: 14:55:52 MTM=260.00 Profit=0.04%
2026-07-21 14:55:53 INFO     strategy        PnL: 14:55:53 MTM=282.75 Profit=0.04%
2026-07-21 14:55:54 INFO     strategy        PnL: 14:55:54 MTM=247.00 Profit=0.04%
2026-07-21 14:55:55 INFO     strategy        PnL: 14:55:55 MTM=263.25 Profit=0.04%
2026-07-21 14:55:56 INFO     strategy        PnL: 14:55:56 MTM=286.00 Profit=0.04%
2026-07-21 14:55:57 INFO     strategy        PnL: 14:55:57 MTM=282.75 Profit=0.04%
2026-07-21 14:55:58 INFO     strategy        PnL: 14:55:58 MTM=263.25 Profit=0.04%
2026-07-21 14:55:59 INFO     strategy        PnL: 14:55:59 MTM=263.25 Profit=0.04%
2026-07-21 14:56:00 INFO     strategy        PnL: 14:56:00 MTM=308.75 Profit=0.05%
2026-07-21 14:56:01 INFO     strategy        PnL: 14:56:01 MTM=305.50 Profit=0.05%
2026-07-21 14:56:02 INFO     strategy        PnL: 14:56:02 MTM=292.50 Profit=0.04%
2026-07-21 14:56:03 INFO     strategy        PnL: 14:56:03 MTM=224.25 Profit=0.03%
2026-07-21 14:56:04 INFO     strategy        PnL: 14:56:04 MTM=273.00 Profit=0.04%
2026-07-21 14:56:05 INFO     strategy        PnL: 14:56:05 MTM=247.00 Profit=0.04%
2026-07-21 14:56:06 INFO     strategy        PnL: 14:56:06 MTM=263.25 Profit=0.04%
2026-07-21 14:56:07 INFO     strategy        PnL: 14:56:07 MTM=263.25 Profit=0.04%
2026-07-21 14:56:08 INFO     strategy        PnL: 14:56:08 MTM=260.00 Profit=0.04%
2026-07-21 14:56:09 INFO     strategy        PnL: 14:56:09 MTM=250.25 Profit=0.04%
2026-07-21 14:56:10 INFO     strategy        PnL: 14:56:10 MTM=221.00 Profit=0.03%
2026-07-21 14:56:11 INFO     strategy        PnL: 14:56:11 MTM=211.25 Profit=0.03%
2026-07-21 14:56:12 INFO     strategy        PnL: 14:56:12 MTM=201.50 Profit=0.03%
2026-07-21 14:56:13 INFO     strategy        PnL: 14:56:13 MTM=224.25 Profit=0.03%
2026-07-21 14:56:14 INFO     strategy        PnL: 14:56:14 MTM=221.00 Profit=0.03%
2026-07-21 14:56:15 INFO     strategy        PnL: 14:56:15 MTM=237.25 Profit=0.04%
2026-07-21 14:56:16 INFO     strategy        PnL: 14:56:16 MTM=243.75 Profit=0.04%
2026-07-21 14:56:17 INFO     strategy        PnL: 14:56:17 MTM=260.00 Profit=0.04%
2026-07-21 14:56:18 INFO     strategy        PnL: 14:56:18 MTM=286.00 Profit=0.04%
2026-07-21 14:56:19 INFO     strategy        PnL: 14:56:19 MTM=302.25 Profit=0.05%
2026-07-21 14:56:20 INFO     strategy        PnL: 14:56:20 MTM=334.75 Profit=0.05%
2026-07-21 14:56:21 INFO     strategy        PnL: 14:56:21 MTM=295.75 Profit=0.04%
2026-07-21 14:56:22 INFO     strategy        PnL: 14:56:22 MTM=282.75 Profit=0.04%
2026-07-21 14:56:23 INFO     strategy        PnL: 14:56:23 MTM=305.50 Profit=0.05%
2026-07-21 14:56:24 INFO     strategy        PnL: 14:56:24 MTM=289.25 Profit=0.04%
2026-07-21 14:56:25 INFO     strategy        PnL: 14:56:25 MTM=279.50 Profit=0.04%
2026-07-21 14:56:26 INFO     strategy        PnL: 14:56:26 MTM=305.50 Profit=0.05%
2026-07-21 14:56:27 INFO     strategy        PnL: 14:56:27 MTM=305.50 Profit=0.05%
2026-07-21 14:56:28 INFO     strategy        PnL: 14:56:28 MTM=302.25 Profit=0.05%
2026-07-21 14:56:29 INFO     strategy        PnL: 14:56:29 MTM=318.50 Profit=0.05%
2026-07-21 14:56:30 INFO     strategy        PnL: 14:56:30 MTM=393.25 Profit=0.06%
2026-07-21 14:56:31 INFO     strategy        PnL: 14:56:31 MTM=425.75 Profit=0.06%
2026-07-21 14:56:32 INFO     strategy        PnL: 14:56:32 MTM=390.00 Profit=0.06%
2026-07-21 14:56:33 INFO     strategy        PnL: 14:56:33 MTM=461.50 Profit=0.07%
2026-07-21 14:56:34 INFO     strategy        PnL: 14:56:34 MTM=477.75 Profit=0.07%
2026-07-21 14:56:35 INFO     strategy        PnL: 14:56:35 MTM=442.00 Profit=0.07%
2026-07-21 14:56:36 INFO     strategy        PnL: 14:56:36 MTM=468.00 Profit=0.07%
2026-07-21 14:56:37 INFO     strategy        PnL: 14:56:37 MTM=591.50 Profit=0.09%
2026-07-21 14:56:38 INFO     strategy        PnL: 14:56:38 MTM=611.00 Profit=0.09%
2026-07-21 14:56:39 INFO     strategy        PnL: 14:56:39 MTM=607.75 Profit=0.09%
2026-07-21 14:56:40 INFO     strategy        PnL: 14:56:40 MTM=585.00 Profit=0.09%
2026-07-21 14:56:41 INFO     strategy        PnL: 14:56:41 MTM=581.75 Profit=0.09%
2026-07-21 14:56:42 INFO     strategy        PnL: 14:56:42 MTM=653.25 Profit=0.10%
2026-07-21 14:56:43 INFO     strategy        PnL: 14:56:43 MTM=903.50 Profit=0.14%
2026-07-21 14:56:44 INFO     strategy        PnL: 14:56:44 MTM=910.00 Profit=0.14%
2026-07-21 14:56:45 INFO     strategy        PnL: 14:56:45 MTM=903.50 Profit=0.14%
2026-07-21 14:56:46 INFO     strategy        PnL: 14:56:46 MTM=793.00 Profit=0.12%
2026-07-21 14:56:47 INFO     strategy        PnL: 14:56:47 MTM=750.75 Profit=0.11%
2026-07-21 14:56:48 INFO     strategy        PnL: 14:56:48 MTM=799.50 Profit=0.12%
2026-07-21 14:56:49 INFO     strategy        PnL: 14:56:49 MTM=780.00 Profit=0.12%
2026-07-21 14:56:50 INFO     strategy        PnL: 14:56:50 MTM=770.25 Profit=0.12%
2026-07-21 14:56:51 INFO     strategy        PnL: 14:56:51 MTM=776.75 Profit=0.12%
2026-07-21 14:56:52 INFO     strategy        PnL: 14:56:52 MTM=750.75 Profit=0.11%
2026-07-21 14:56:53 INFO     strategy        PnL: 14:56:53 MTM=773.50 Profit=0.12%
2026-07-21 14:56:54 INFO     strategy        PnL: 14:56:54 MTM=754.00 Profit=0.11%
2026-07-21 14:56:55 INFO     strategy        PnL: 14:56:55 MTM=809.25 Profit=0.12%
2026-07-21 14:56:56 INFO     strategy        PnL: 14:56:56 MTM=952.25 Profit=0.14%
2026-07-21 14:56:57 INFO     strategy        PnL: 14:56:57 MTM=919.75 Profit=0.14%
2026-07-21 14:56:58 INFO     strategy        PnL: 14:56:58 MTM=887.25 Profit=0.13%
2026-07-21 14:56:59 INFO     strategy        PnL: 14:56:59 MTM=880.75 Profit=0.13%
2026-07-21 14:57:00 INFO     strategy        PnL: 14:57:00 MTM=789.75 Profit=0.12%
2026-07-21 14:57:01 INFO     strategy        PnL: 14:57:01 MTM=741.00 Profit=0.11%
2026-07-21 14:57:02 INFO     strategy        PnL: 14:57:02 MTM=676.00 Profit=0.10%
2026-07-21 14:57:03 INFO     strategy        PnL: 14:57:03 MTM=640.25 Profit=0.10%
2026-07-21 14:57:04 INFO     strategy        PnL: 14:57:04 MTM=685.75 Profit=0.10%
2026-07-21 14:57:05 INFO     strategy        PnL: 14:57:05 MTM=672.75 Profit=0.10%
2026-07-21 14:57:06 INFO     strategy        PnL: 14:57:06 MTM=594.75 Profit=0.09%
2026-07-21 14:57:07 INFO     strategy        PnL: 14:57:07 MTM=653.25 Profit=0.10%
2026-07-21 14:57:08 INFO     strategy        PnL: 14:57:08 MTM=646.75 Profit=0.10%
2026-07-21 14:57:09 INFO     strategy        PnL: 14:57:09 MTM=650.00 Profit=0.10%
2026-07-21 14:57:10 INFO     strategy        PnL: 14:57:10 MTM=591.50 Profit=0.09%
2026-07-21 14:57:11 INFO     strategy        PnL: 14:57:11 MTM=549.25 Profit=0.08%
2026-07-21 14:57:12 INFO     strategy        PnL: 14:57:12 MTM=588.25 Profit=0.09%
2026-07-21 14:57:13 INFO     strategy        PnL: 14:57:13 MTM=529.75 Profit=0.08%
2026-07-21 14:57:15 INFO     strategy        PnL: 14:57:15 MTM=503.75 Profit=0.08%
2026-07-21 14:57:16 INFO     strategy        PnL: 14:57:16 MTM=539.50 Profit=0.08%
2026-07-21 14:57:17 INFO     strategy        PnL: 14:57:17 MTM=555.75 Profit=0.08%
2026-07-21 14:57:18 INFO     strategy        PnL: 14:57:18 MTM=497.25 Profit=0.07%
2026-07-21 14:57:19 INFO     strategy        PnL: 14:57:19 MTM=494.00 Profit=0.07%
2026-07-21 14:57:20 INFO     strategy        PnL: 14:57:20 MTM=542.75 Profit=0.08%
2026-07-21 14:57:21 INFO     strategy        PnL: 14:57:21 MTM=484.25 Profit=0.07%
2026-07-21 14:57:22 INFO     strategy        PnL: 14:57:22 MTM=477.75 Profit=0.07%
2026-07-21 14:57:23 INFO     strategy        PnL: 14:57:23 MTM=455.00 Profit=0.07%
2026-07-21 14:57:24 INFO     strategy        PnL: 14:57:24 MTM=455.00 Profit=0.07%
2026-07-21 14:57:25 INFO     strategy        PnL: 14:57:25 MTM=435.50 Profit=0.07%
2026-07-21 14:57:26 INFO     strategy        PnL: 14:57:26 MTM=445.25 Profit=0.07%
2026-07-21 14:57:27 INFO     strategy        PnL: 14:57:27 MTM=422.50 Profit=0.06%
2026-07-21 14:57:28 INFO     strategy        PnL: 14:57:28 MTM=520.00 Profit=0.08%
2026-07-21 14:57:29 INFO     strategy        PnL: 14:57:29 MTM=494.00 Profit=0.07%
2026-07-21 14:57:30 INFO     strategy        PnL: 14:57:30 MTM=494.00 Profit=0.07%
2026-07-21 14:57:31 INFO     strategy        PnL: 14:57:31 MTM=533.00 Profit=0.08%
2026-07-21 14:57:32 INFO     strategy        PnL: 14:57:32 MTM=533.00 Profit=0.08%
2026-07-21 14:57:33 INFO     strategy        PnL: 14:57:33 MTM=581.75 Profit=0.09%
2026-07-21 14:57:34 INFO     strategy        PnL: 14:57:34 MTM=578.50 Profit=0.09%
2026-07-21 14:57:35 INFO     strategy        PnL: 14:57:35 MTM=562.25 Profit=0.08%
2026-07-21 14:57:36 INFO     strategy        PnL: 14:57:36 MTM=549.25 Profit=0.08%
2026-07-21 14:57:37 INFO     strategy        PnL: 14:57:37 MTM=542.75 Profit=0.08%
2026-07-21 14:57:38 INFO     strategy        PnL: 14:57:38 MTM=565.50 Profit=0.09%
2026-07-21 14:57:39 INFO     strategy        PnL: 14:57:39 MTM=507.00 Profit=0.08%
2026-07-21 14:57:40 INFO     strategy        PnL: 14:57:40 MTM=552.50 Profit=0.08%
2026-07-21 14:57:41 INFO     strategy        PnL: 14:57:41 MTM=500.50 Profit=0.08%
2026-07-21 14:57:42 INFO     strategy        PnL: 14:57:42 MTM=555.75 Profit=0.08%
2026-07-21 14:57:43 INFO     strategy        PnL: 14:57:43 MTM=555.75 Profit=0.08%
2026-07-21 14:57:44 INFO     strategy        PnL: 14:57:44 MTM=575.25 Profit=0.09%
2026-07-21 14:57:45 INFO     strategy        PnL: 14:57:45 MTM=523.25 Profit=0.08%
2026-07-21 14:57:46 INFO     strategy        PnL: 14:57:46 MTM=484.25 Profit=0.07%
2026-07-21 14:57:47 INFO     strategy        PnL: 14:57:47 MTM=565.50 Profit=0.09%
2026-07-21 14:57:48 INFO     strategy        PnL: 14:57:48 MTM=568.75 Profit=0.09%
2026-07-21 14:57:49 INFO     strategy        PnL: 14:57:49 MTM=578.50 Profit=0.09%
2026-07-21 14:57:50 INFO     strategy        PnL: 14:57:50 MTM=578.50 Profit=0.09%
2026-07-21 14:57:51 INFO     strategy        PnL: 14:57:51 MTM=588.25 Profit=0.09%
2026-07-21 14:57:52 INFO     strategy        PnL: 14:57:52 MTM=640.25 Profit=0.10%
2026-07-21 14:57:53 INFO     strategy        PnL: 14:57:53 MTM=672.75 Profit=0.10%
2026-07-21 14:57:54 INFO     strategy        PnL: 14:57:54 MTM=666.25 Profit=0.10%
2026-07-21 14:57:55 INFO     strategy        PnL: 14:57:55 MTM=750.75 Profit=0.11%
2026-07-21 14:57:56 INFO     strategy        PnL: 14:57:56 MTM=841.75 Profit=0.13%
2026-07-21 14:57:57 INFO     strategy        PnL: 14:57:57 MTM=897.00 Profit=0.13%
2026-07-21 14:57:58 INFO     strategy        PnL: 14:57:58 MTM=984.75 Profit=0.15%
2026-07-21 14:57:59 INFO     strategy        PnL: 14:57:59 MTM=978.25 Profit=0.15%
2026-07-21 14:58:00 INFO     strategy        PnL: 14:58:00 MTM=1010.75 Profit=0.15%
2026-07-21 14:58:01 INFO     strategy        PnL: 14:58:01 MTM=955.50 Profit=0.14%
2026-07-21 14:58:02 INFO     strategy        PnL: 14:58:02 MTM=1082.25 Profit=0.16%
2026-07-21 14:58:03 INFO     strategy        PnL: 14:58:03 MTM=854.75 Profit=0.13%
2026-07-21 14:58:04 INFO     strategy        PnL: 14:58:04 MTM=884.00 Profit=0.13%
2026-07-21 14:58:05 INFO     strategy        PnL: 14:58:05 MTM=884.00 Profit=0.13%
2026-07-21 14:58:06 INFO     strategy        PnL: 14:58:06 MTM=858.00 Profit=0.13%
2026-07-21 14:58:07 INFO     strategy        PnL: 14:58:07 MTM=796.25 Profit=0.12%
2026-07-21 14:58:08 INFO     strategy        PnL: 14:58:08 MTM=789.75 Profit=0.12%
2026-07-21 14:58:09 INFO     strategy        PnL: 14:58:09 MTM=786.50 Profit=0.12%
2026-07-21 14:58:10 INFO     strategy        PnL: 14:58:10 MTM=812.50 Profit=0.12%
2026-07-21 14:58:11 INFO     strategy        PnL: 14:58:11 MTM=845.00 Profit=0.13%
2026-07-21 14:58:12 INFO     strategy        PnL: 14:58:12 MTM=799.50 Profit=0.12%
2026-07-21 14:58:13 INFO     strategy        PnL: 14:58:13 MTM=741.00 Profit=0.11%
2026-07-21 14:58:14 INFO     strategy        PnL: 14:58:14 MTM=695.50 Profit=0.10%
2026-07-21 14:58:15 INFO     strategy        PnL: 14:58:15 MTM=737.75 Profit=0.11%
2026-07-21 14:58:16 INFO     strategy        PnL: 14:58:16 MTM=682.50 Profit=0.10%
2026-07-21 14:58:17 INFO     strategy        PnL: 14:58:17 MTM=650.00 Profit=0.10%
2026-07-21 14:58:18 INFO     strategy        PnL: 14:58:18 MTM=646.75 Profit=0.10%
2026-07-21 14:58:19 INFO     strategy        PnL: 14:58:19 MTM=643.50 Profit=0.10%
2026-07-21 14:58:20 INFO     strategy        PnL: 14:58:20 MTM=633.75 Profit=0.10%
2026-07-21 14:58:21 INFO     strategy        PnL: 14:58:21 MTM=659.75 Profit=0.10%
2026-07-21 14:58:22 INFO     strategy        PnL: 14:58:22 MTM=672.75 Profit=0.10%
2026-07-21 14:58:23 INFO     strategy        PnL: 14:58:23 MTM=637.00 Profit=0.10%
2026-07-21 14:58:24 INFO     strategy        PnL: 14:58:24 MTM=653.25 Profit=0.10%
2026-07-21 14:58:25 INFO     strategy        PnL: 14:58:25 MTM=630.50 Profit=0.09%
2026-07-21 14:58:26 INFO     strategy        PnL: 14:58:26 MTM=588.25 Profit=0.09%
2026-07-21 14:58:27 INFO     strategy        PnL: 14:58:27 MTM=565.50 Profit=0.09%
2026-07-21 14:58:28 INFO     strategy        PnL: 14:58:28 MTM=533.00 Profit=0.08%
2026-07-21 14:58:29 INFO     strategy        PnL: 14:58:29 MTM=552.50 Profit=0.08%
2026-07-21 14:58:30 INFO     strategy        PnL: 14:58:30 MTM=633.75 Profit=0.10%
2026-07-21 14:58:31 INFO     strategy        PnL: 14:58:31 MTM=633.75 Profit=0.10%
2026-07-21 14:58:32 INFO     strategy        PnL: 14:58:32 MTM=637.00 Profit=0.10%
2026-07-21 14:58:33 INFO     strategy        PnL: 14:58:33 MTM=663.00 Profit=0.10%
2026-07-21 14:58:34 INFO     strategy        PnL: 14:58:34 MTM=656.50 Profit=0.10%
2026-07-21 14:58:35 INFO     strategy        PnL: 14:58:35 MTM=659.75 Profit=0.10%
2026-07-21 14:58:36 INFO     strategy        PnL: 14:58:36 MTM=757.25 Profit=0.11%
2026-07-21 14:58:37 INFO     strategy        PnL: 14:58:37 MTM=763.75 Profit=0.11%
2026-07-21 14:58:38 INFO     strategy        PnL: 14:58:38 MTM=744.25 Profit=0.11%
2026-07-21 14:58:39 INFO     strategy        PnL: 14:58:39 MTM=760.50 Profit=0.11%
2026-07-21 14:58:40 INFO     strategy        PnL: 14:58:40 MTM=734.50 Profit=0.11%
2026-07-21 14:58:41 INFO     strategy        PnL: 14:58:41 MTM=763.75 Profit=0.11%
2026-07-21 14:58:42 INFO     strategy        PnL: 14:58:42 MTM=809.25 Profit=0.12%
2026-07-21 14:58:43 INFO     strategy        PnL: 14:58:43 MTM=786.50 Profit=0.12%
2026-07-21 14:58:44 INFO     strategy        PnL: 14:58:44 MTM=825.50 Profit=0.12%
2026-07-21 14:58:45 INFO     strategy        PnL: 14:58:45 MTM=780.00 Profit=0.12%
2026-07-21 14:58:46 INFO     strategy        PnL: 14:58:46 MTM=750.75 Profit=0.11%
2026-07-21 14:58:47 INFO     strategy        PnL: 14:58:47 MTM=799.50 Profit=0.12%
2026-07-21 14:58:48 INFO     strategy        PnL: 14:58:48 MTM=793.00 Profit=0.12%
2026-07-21 14:58:49 INFO     strategy        PnL: 14:58:49 MTM=724.75 Profit=0.11%
2026-07-21 14:58:50 INFO     strategy        PnL: 14:58:50 MTM=685.75 Profit=0.10%
2026-07-21 14:58:51 INFO     strategy        PnL: 14:58:51 MTM=789.75 Profit=0.12%
2026-07-21 14:58:52 INFO     strategy        PnL: 14:58:52 MTM=793.00 Profit=0.12%
2026-07-21 14:58:53 INFO     strategy        PnL: 14:58:53 MTM=786.50 Profit=0.12%
2026-07-21 14:58:54 INFO     strategy        PnL: 14:58:54 MTM=802.75 Profit=0.12%
2026-07-21 14:58:55 INFO     strategy        PnL: 14:58:55 MTM=799.50 Profit=0.12%
2026-07-21 14:58:56 INFO     strategy        PnL: 14:58:56 MTM=819.00 Profit=0.12%
2026-07-21 14:58:57 INFO     strategy        PnL: 14:58:57 MTM=819.00 Profit=0.12%
2026-07-21 14:58:58 INFO     strategy        PnL: 14:58:58 MTM=874.25 Profit=0.13%
2026-07-21 14:58:59 INFO     strategy        PnL: 14:58:59 MTM=799.50 Profit=0.12%
2026-07-21 14:59:01 INFO     strategy        PnL: 14:59:01 MTM=913.25 Profit=0.14%
2026-07-21 14:59:01 INFO     strategy        PnL: 14:59:01 MTM=851.50 Profit=0.13%
2026-07-21 14:59:03 INFO     strategy        PnL: 14:59:03 MTM=887.25 Profit=0.13%
2026-07-21 14:59:04 INFO     strategy        PnL: 14:59:04 MTM=932.75 Profit=0.14%
2026-07-21 14:59:05 INFO     strategy        PnL: 14:59:05 MTM=942.50 Profit=0.14%
2026-07-21 14:59:06 INFO     strategy        PnL: 14:59:06 MTM=897.00 Profit=0.13%
2026-07-21 14:59:07 INFO     strategy        PnL: 14:59:07 MTM=910.00 Profit=0.14%
2026-07-21 14:59:08 INFO     strategy        PnL: 14:59:08 MTM=984.75 Profit=0.15%
2026-07-21 14:59:09 INFO     strategy        PnL: 14:59:09 MTM=867.75 Profit=0.13%
2026-07-21 14:59:10 INFO     strategy        PnL: 14:59:10 MTM=880.75 Profit=0.13%
2026-07-21 14:59:11 INFO     strategy        PnL: 14:59:11 MTM=776.75 Profit=0.12%
2026-07-21 14:59:12 INFO     strategy        PnL: 14:59:12 MTM=812.50 Profit=0.12%
2026-07-21 14:59:13 INFO     strategy        PnL: 14:59:13 MTM=770.25 Profit=0.12%
2026-07-21 14:59:14 INFO     strategy        PnL: 14:59:14 MTM=815.75 Profit=0.12%
2026-07-21 14:59:15 INFO     strategy        PnL: 14:59:15 MTM=910.00 Profit=0.14%
2026-07-21 14:59:16 INFO     strategy        PnL: 14:59:16 MTM=919.75 Profit=0.14%
2026-07-21 14:59:17 INFO     strategy        PnL: 14:59:17 MTM=867.75 Profit=0.13%
2026-07-21 14:59:18 INFO     strategy        PnL: 14:59:18 MTM=864.50 Profit=0.13%
2026-07-21 14:59:19 INFO     strategy        PnL: 14:59:19 MTM=864.50 Profit=0.13%
2026-07-21 14:59:20 INFO     strategy        PnL: 14:59:20 MTM=877.50 Profit=0.13%
2026-07-21 14:59:21 INFO     strategy        PnL: 14:59:21 MTM=962.00 Profit=0.14%
2026-07-21 14:59:22 INFO     strategy        PnL: 14:59:22 MTM=929.50 Profit=0.14%
2026-07-21 14:59:23 INFO     strategy        PnL: 14:59:23 MTM=994.50 Profit=0.15%
2026-07-21 14:59:24 INFO     strategy        PnL: 14:59:24 MTM=916.50 Profit=0.14%
2026-07-21 14:59:25 INFO     strategy        PnL: 14:59:25 MTM=887.25 Profit=0.13%
2026-07-21 14:59:26 INFO     strategy        PnL: 14:59:26 MTM=884.00 Profit=0.13%
2026-07-21 14:59:27 INFO     strategy        PnL: 14:59:27 MTM=861.25 Profit=0.13%
2026-07-21 14:59:28 INFO     strategy        PnL: 14:59:28 MTM=910.00 Profit=0.14%
2026-07-21 14:59:29 INFO     strategy        PnL: 14:59:29 MTM=900.25 Profit=0.14%
2026-07-21 14:59:30 INFO     strategy        PnL: 14:59:30 MTM=910.00 Profit=0.14%
2026-07-21 14:59:31 INFO     strategy        PnL: 14:59:31 MTM=1010.75 Profit=0.15%
2026-07-21 14:59:32 INFO     strategy        PnL: 14:59:32 MTM=906.75 Profit=0.14%
2026-07-21 14:59:33 INFO     strategy        PnL: 14:59:33 MTM=893.75 Profit=0.13%
2026-07-21 14:59:34 INFO     strategy        PnL: 14:59:34 MTM=984.75 Profit=0.15%
2026-07-21 14:59:35 INFO     strategy        PnL: 14:59:35 MTM=939.25 Profit=0.14%
2026-07-21 14:59:36 INFO     strategy        PnL: 14:59:36 MTM=897.00 Profit=0.13%
2026-07-21 14:59:37 INFO     strategy        PnL: 14:59:37 MTM=874.25 Profit=0.13%
2026-07-21 14:59:38 INFO     strategy        PnL: 14:59:38 MTM=715.00 Profit=0.11%
2026-07-21 14:59:39 INFO     strategy        PnL: 14:59:39 MTM=705.25 Profit=0.11%
2026-07-21 14:59:40 INFO     strategy        PnL: 14:59:40 MTM=760.50 Profit=0.11%
2026-07-21 14:59:41 INFO     strategy        PnL: 14:59:41 MTM=721.50 Profit=0.11%
2026-07-21 14:59:42 INFO     strategy        PnL: 14:59:42 MTM=783.25 Profit=0.12%
2026-07-21 14:59:43 INFO     strategy        PnL: 14:59:43 MTM=809.25 Profit=0.12%
2026-07-21 14:59:44 INFO     strategy        PnL: 14:59:44 MTM=763.75 Profit=0.11%
2026-07-21 14:59:45 INFO     strategy        PnL: 14:59:45 MTM=747.50 Profit=0.11%
2026-07-21 14:59:46 INFO     strategy        PnL: 14:59:46 MTM=754.00 Profit=0.11%
2026-07-21 14:59:47 INFO     strategy        PnL: 14:59:47 MTM=708.50 Profit=0.11%
2026-07-21 14:59:48 INFO     strategy        PnL: 14:59:48 MTM=643.50 Profit=0.10%
2026-07-21 14:59:49 INFO     strategy        PnL: 14:59:49 MTM=529.75 Profit=0.08%
2026-07-21 14:59:50 INFO     strategy        PnL: 14:59:50 MTM=559.00 Profit=0.08%
2026-07-21 14:59:51 INFO     strategy        PnL: 14:59:51 MTM=562.25 Profit=0.08%
2026-07-21 14:59:52 INFO     strategy        PnL: 14:59:52 MTM=565.50 Profit=0.09%
2026-07-21 14:59:53 INFO     strategy        PnL: 14:59:53 MTM=565.50 Profit=0.09%
2026-07-21 14:59:54 INFO     strategy        PnL: 14:59:54 MTM=581.75 Profit=0.09%
2026-07-21 14:59:55 INFO     strategy        PnL: 14:59:55 MTM=624.00 Profit=0.09%
2026-07-21 14:59:56 INFO     strategy        PnL: 14:59:56 MTM=637.00 Profit=0.10%
2026-07-21 14:59:57 INFO     strategy        PnL: 14:59:57 MTM=643.50 Profit=0.10%
2026-07-21 14:59:58 INFO     strategy        PnL: 14:59:58 MTM=659.75 Profit=0.10%
2026-07-21 14:59:59 INFO     strategy        PnL: 14:59:59 MTM=520.00 Profit=0.08%
2026-07-21 15:00:00 INFO     strategy        PnL: 15:00:00 MTM=685.75 Profit=0.10%
2026-07-21 15:00:01 INFO     strategy        PnL: 15:00:01 MTM=666.25 Profit=0.10%
2026-07-21 15:00:02 INFO     strategy        PnL: 15:00:02 MTM=539.50 Profit=0.08%
2026-07-21 15:00:03 INFO     strategy        PnL: 15:00:03 MTM=214.50 Profit=0.03%
2026-07-21 15:00:04 INFO     strategy        PnL: 15:00:04 MTM=455.00 Profit=0.07%
2026-07-21 15:00:05 INFO     strategy        PnL: 15:00:05 MTM=507.00 Profit=0.08%
2026-07-21 15:00:06 INFO     strategy        PnL: 15:00:06 MTM=507.00 Profit=0.08%
2026-07-21 15:00:07 INFO     strategy        PnL: 15:00:07 MTM=523.25 Profit=0.08%
2026-07-21 15:00:08 INFO     strategy        PnL: 15:00:08 MTM=565.50 Profit=0.09%
2026-07-21 15:00:09 INFO     strategy        PnL: 15:00:09 MTM=572.00 Profit=0.09%
2026-07-21 15:00:10 INFO     strategy        PnL: 15:00:10 MTM=721.50 Profit=0.11%
2026-07-21 15:00:11 INFO     strategy        PnL: 15:00:11 MTM=978.25 Profit=0.15%
2026-07-21 15:00:12 INFO     strategy        PnL: 15:00:12 MTM=848.25 Profit=0.13%
2026-07-21 15:00:13 INFO     strategy        PnL: 15:00:13 MTM=825.50 Profit=0.12%
2026-07-21 15:00:14 INFO     strategy        PnL: 15:00:14 MTM=913.25 Profit=0.14%
2026-07-21 15:00:15 INFO     strategy        PnL: 15:00:15 MTM=952.25 Profit=0.14%
2026-07-21 15:00:16 INFO     strategy        PnL: 15:00:16 MTM=796.25 Profit=0.12%
2026-07-21 15:00:17 INFO     strategy        PnL: 15:00:17 MTM=802.75 Profit=0.12%
2026-07-21 15:00:18 INFO     strategy        PnL: 15:00:18 MTM=848.25 Profit=0.13%
2026-07-21 15:00:19 INFO     strategy        PnL: 15:00:19 MTM=1020.50 Profit=0.15%
2026-07-21 15:00:20 INFO     strategy        PnL: 15:00:20 MTM=1030.25 Profit=0.15%
2026-07-21 15:00:21 INFO     strategy        PnL: 15:00:21 MTM=1111.50 Profit=0.17%
2026-07-21 15:00:22 INFO     strategy        PnL: 15:00:22 MTM=828.75 Profit=0.12%
2026-07-21 15:00:23 INFO     strategy        PnL: 15:00:23 MTM=1046.50 Profit=0.16%
2026-07-21 15:00:24 INFO     strategy        PnL: 15:00:24 MTM=819.00 Profit=0.12%
2026-07-21 15:00:25 INFO     strategy        PnL: 15:00:25 MTM=916.50 Profit=0.14%
2026-07-21 15:00:26 INFO     strategy        PnL: 15:00:26 MTM=910.00 Profit=0.14%
2026-07-21 15:00:27 INFO     strategy        PnL: 15:00:27 MTM=932.75 Profit=0.14%
2026-07-21 15:00:28 INFO     strategy        PnL: 15:00:28 MTM=874.25 Profit=0.13%
2026-07-21 15:00:29 INFO     strategy        PnL: 15:00:29 MTM=1069.25 Profit=0.16%
2026-07-21 15:00:30 INFO     strategy        PnL: 15:00:30 MTM=1069.25 Profit=0.16%
2026-07-21 15:00:31 INFO     strategy        PnL: 15:00:31 MTM=1036.75 Profit=0.16%
2026-07-21 15:00:32 INFO     strategy        PnL: 15:00:32 MTM=1069.25 Profit=0.16%
2026-07-21 15:00:33 INFO     strategy        PnL: 15:00:33 MTM=1134.25 Profit=0.17%
2026-07-21 15:00:34 INFO     strategy        PnL: 15:00:34 MTM=1163.50 Profit=0.17%
2026-07-21 15:00:35 INFO     strategy        PnL: 15:00:35 MTM=1183.00 Profit=0.18%
2026-07-21 15:00:36 INFO     strategy        PnL: 15:00:36 MTM=1049.75 Profit=0.16%
2026-07-21 15:00:37 INFO     strategy        PnL: 15:00:37 MTM=1014.00 Profit=0.15%
2026-07-21 15:00:38 INFO     strategy        PnL: 15:00:38 MTM=1020.50 Profit=0.15%
2026-07-21 15:00:39 INFO     strategy        PnL: 15:00:39 MTM=1209.00 Profit=0.18%
2026-07-21 15:00:40 INFO     strategy        PnL: 15:00:40 MTM=1212.25 Profit=0.18%
2026-07-21 15:00:41 INFO     strategy        PnL: 15:00:41 MTM=1150.50 Profit=0.17%
2026-07-21 15:00:42 INFO     strategy        PnL: 15:00:42 MTM=1134.25 Profit=0.17%
2026-07-21 15:00:43 INFO     strategy        PnL: 15:00:43 MTM=1101.75 Profit=0.17%
2026-07-21 15:00:44 INFO     strategy        PnL: 15:00:44 MTM=1137.50 Profit=0.17%
2026-07-21 15:00:45 INFO     strategy        PnL: 15:00:45 MTM=1137.50 Profit=0.17%
2026-07-21 15:00:46 INFO     strategy        PnL: 15:00:46 MTM=1069.25 Profit=0.16%
2026-07-21 15:00:47 INFO     strategy        PnL: 15:00:47 MTM=1189.50 Profit=0.18%
2026-07-21 15:00:48 INFO     strategy        PnL: 15:00:48 MTM=1192.75 Profit=0.18%
2026-07-21 15:00:49 INFO     strategy        PnL: 15:00:49 MTM=1381.25 Profit=0.21%
2026-07-21 15:00:50 INFO     strategy        PnL: 15:00:50 MTM=1300.00 Profit=0.20%
2026-07-21 15:00:51 INFO     strategy        PnL: 15:00:51 MTM=1495.00 Profit=0.22%
2026-07-21 15:00:52 INFO     strategy        PnL: 15:00:52 MTM=1475.50 Profit=0.22%
2026-07-21 15:00:53 INFO     strategy        PnL: 15:00:53 MTM=1436.50 Profit=0.22%
2026-07-21 15:00:54 INFO     strategy        PnL: 15:00:54 MTM=1439.75 Profit=0.22%
2026-07-21 15:00:55 INFO     strategy        PnL: 15:00:55 MTM=1426.75 Profit=0.21%
2026-07-21 15:00:56 INFO     strategy        PnL: 15:00:56 MTM=1446.25 Profit=0.22%
2026-07-21 15:00:57 INFO     strategy        PnL: 15:00:57 MTM=1361.75 Profit=0.20%
2026-07-21 15:00:58 INFO     strategy        PnL: 15:00:58 MTM=1423.50 Profit=0.21%
2026-07-21 15:00:59 INFO     strategy        PnL: 15:00:59 MTM=1231.75 Profit=0.19%
2026-07-21 15:01:00 INFO     strategy        PnL: 15:01:00 MTM=1244.75 Profit=0.19%
2026-07-21 15:01:01 INFO     strategy        PnL: 15:01:01 MTM=1335.75 Profit=0.20%
2026-07-21 15:01:02 INFO     strategy        PnL: 15:01:02 MTM=1189.50 Profit=0.18%
2026-07-21 15:01:04 INFO     strategy        PnL: 15:01:04 MTM=1222.00 Profit=0.18%
2026-07-21 15:01:05 INFO     strategy        PnL: 15:01:05 MTM=1124.50 Profit=0.17%
2026-07-21 15:01:06 INFO     strategy        PnL: 15:01:06 MTM=1049.75 Profit=0.16%
2026-07-21 15:01:07 INFO     strategy        PnL: 15:01:07 MTM=981.50 Profit=0.15%
2026-07-21 15:01:08 INFO     strategy        PnL: 15:01:08 MTM=880.75 Profit=0.13%
2026-07-21 15:01:09 INFO     strategy        PnL: 15:01:09 MTM=893.75 Profit=0.13%
2026-07-21 15:01:10 INFO     strategy        PnL: 15:01:10 MTM=796.25 Profit=0.12%
2026-07-21 15:01:11 INFO     strategy        PnL: 15:01:11 MTM=799.50 Profit=0.12%
2026-07-21 15:01:12 INFO     strategy        PnL: 15:01:12 MTM=773.50 Profit=0.12%
2026-07-21 15:01:13 INFO     strategy        PnL: 15:01:13 MTM=812.50 Profit=0.12%
2026-07-21 15:01:14 INFO     strategy        PnL: 15:01:14 MTM=822.25 Profit=0.12%
2026-07-21 15:01:15 INFO     strategy        PnL: 15:01:15 MTM=702.00 Profit=0.11%
2026-07-21 15:01:16 INFO     strategy        PnL: 15:01:16 MTM=659.75 Profit=0.10%
2026-07-21 15:01:17 INFO     strategy        PnL: 15:01:17 MTM=643.50 Profit=0.10%
2026-07-21 15:01:18 INFO     strategy        PnL: 15:01:18 MTM=627.25 Profit=0.09%
2026-07-21 15:01:19 INFO     strategy        PnL: 15:01:19 MTM=650.00 Profit=0.10%
2026-07-21 15:01:20 INFO     strategy        PnL: 15:01:20 MTM=711.75 Profit=0.11%
2026-07-21 15:01:21 INFO     strategy        PnL: 15:01:21 MTM=724.75 Profit=0.11%
2026-07-21 15:01:22 INFO     strategy        PnL: 15:01:22 MTM=783.25 Profit=0.12%
2026-07-21 15:01:23 INFO     strategy        PnL: 15:01:23 MTM=796.25 Profit=0.12%
2026-07-21 15:01:24 INFO     strategy        PnL: 15:01:24 MTM=770.25 Profit=0.12%
2026-07-21 15:01:25 INFO     strategy        PnL: 15:01:25 MTM=750.75 Profit=0.11%
2026-07-21 15:01:26 INFO     strategy        PnL: 15:01:26 MTM=728.00 Profit=0.11%
2026-07-21 15:01:27 INFO     strategy        PnL: 15:01:27 MTM=767.00 Profit=0.12%
2026-07-21 15:01:28 INFO     strategy        PnL: 15:01:28 MTM=737.75 Profit=0.11%
2026-07-21 15:01:29 INFO     strategy        PnL: 15:01:29 MTM=796.25 Profit=0.12%
2026-07-21 15:01:30 INFO     strategy        PnL: 15:01:30 MTM=815.75 Profit=0.12%
2026-07-21 15:01:31 INFO     strategy        PnL: 15:01:31 MTM=669.50 Profit=0.10%
2026-07-21 15:01:32 INFO     strategy        PnL: 15:01:32 MTM=672.75 Profit=0.10%
2026-07-21 15:01:33 INFO     strategy        PnL: 15:01:33 MTM=594.75 Profit=0.09%
2026-07-21 15:01:34 INFO     strategy        PnL: 15:01:34 MTM=503.75 Profit=0.08%
2026-07-21 15:01:35 INFO     strategy        PnL: 15:01:35 MTM=594.75 Profit=0.09%
2026-07-21 15:01:36 INFO     strategy        PnL: 15:01:36 MTM=523.25 Profit=0.08%
2026-07-21 15:01:37 INFO     strategy        PnL: 15:01:37 MTM=607.75 Profit=0.09%
2026-07-21 15:01:38 INFO     strategy        PnL: 15:01:38 MTM=663.00 Profit=0.10%
2026-07-21 15:01:39 INFO     strategy        PnL: 15:01:39 MTM=676.00 Profit=0.10%
2026-07-21 15:01:40 INFO     strategy        PnL: 15:01:40 MTM=637.00 Profit=0.10%
2026-07-21 15:01:41 INFO     strategy        PnL: 15:01:41 MTM=526.50 Profit=0.08%
2026-07-21 15:01:42 INFO     strategy        PnL: 15:01:42 MTM=487.50 Profit=0.07%
2026-07-21 15:01:43 INFO     strategy        PnL: 15:01:43 MTM=529.75 Profit=0.08%
2026-07-21 15:01:44 INFO     strategy        PnL: 15:01:44 MTM=604.50 Profit=0.09%
2026-07-21 15:01:45 INFO     strategy        PnL: 15:01:45 MTM=562.25 Profit=0.08%
2026-07-21 15:01:46 INFO     strategy        PnL: 15:01:46 MTM=627.25 Profit=0.09%
2026-07-21 15:01:47 INFO     strategy        PnL: 15:01:47 MTM=591.50 Profit=0.09%
2026-07-21 15:01:48 INFO     strategy        PnL: 15:01:48 MTM=624.00 Profit=0.09%
2026-07-21 15:01:49 INFO     strategy        PnL: 15:01:49 MTM=637.00 Profit=0.10%
2026-07-21 15:01:50 INFO     strategy        PnL: 15:01:50 MTM=656.50 Profit=0.10%
2026-07-21 15:01:51 INFO     strategy        PnL: 15:01:51 MTM=536.25 Profit=0.08%
2026-07-21 15:01:52 INFO     strategy        PnL: 15:01:52 MTM=591.50 Profit=0.09%
2026-07-21 15:01:53 INFO     strategy        PnL: 15:01:53 MTM=604.50 Profit=0.09%
2026-07-21 15:01:54 INFO     strategy        PnL: 15:01:54 MTM=637.00 Profit=0.10%
2026-07-21 15:01:55 INFO     strategy        PnL: 15:01:55 MTM=601.25 Profit=0.09%
2026-07-21 15:01:56 INFO     strategy        PnL: 15:01:56 MTM=702.00 Profit=0.11%
2026-07-21 15:01:57 INFO     strategy        PnL: 15:01:57 MTM=695.50 Profit=0.10%
2026-07-21 15:01:58 INFO     strategy        PnL: 15:01:58 MTM=669.50 Profit=0.10%
2026-07-21 15:01:59 INFO     strategy        PnL: 15:01:59 MTM=656.50 Profit=0.10%
2026-07-21 15:02:00 INFO     strategy        PnL: 15:02:00 MTM=659.75 Profit=0.10%
2026-07-21 15:02:01 INFO     strategy        PnL: 15:02:01 MTM=702.00 Profit=0.11%
2026-07-21 15:02:02 INFO     strategy        PnL: 15:02:02 MTM=737.75 Profit=0.11%
2026-07-21 15:02:03 INFO     strategy        PnL: 15:02:03 MTM=757.25 Profit=0.11%
2026-07-21 15:02:04 INFO     strategy        PnL: 15:02:04 MTM=819.00 Profit=0.12%
2026-07-21 15:02:05 INFO     strategy        PnL: 15:02:05 MTM=776.75 Profit=0.12%
2026-07-21 15:02:06 INFO     strategy        PnL: 15:02:06 MTM=828.75 Profit=0.12%
2026-07-21 15:02:07 INFO     strategy        PnL: 15:02:07 MTM=770.25 Profit=0.12%
2026-07-21 15:02:08 INFO     strategy        PnL: 15:02:08 MTM=874.25 Profit=0.13%
2026-07-21 15:02:09 INFO     strategy        PnL: 15:02:09 MTM=997.75 Profit=0.15%
2026-07-21 15:02:10 INFO     strategy        PnL: 15:02:10 MTM=994.50 Profit=0.15%
2026-07-21 15:02:11 INFO     strategy        PnL: 15:02:11 MTM=1007.50 Profit=0.15%
2026-07-21 15:02:12 INFO     strategy        PnL: 15:02:12 MTM=1040.00 Profit=0.16%
2026-07-21 15:02:13 INFO     strategy        PnL: 15:02:13 MTM=1053.00 Profit=0.16%
2026-07-21 15:02:14 INFO     strategy        PnL: 15:02:14 MTM=1010.75 Profit=0.15%
2026-07-21 15:02:15 INFO     strategy        PnL: 15:02:15 MTM=1017.25 Profit=0.15%
2026-07-21 15:02:16 INFO     strategy        PnL: 15:02:16 MTM=984.75 Profit=0.15%
2026-07-21 15:02:17 INFO     strategy        PnL: 15:02:17 MTM=997.75 Profit=0.15%
2026-07-21 15:02:18 INFO     strategy        PnL: 15:02:18 MTM=975.00 Profit=0.15%
2026-07-21 15:02:19 INFO     strategy        PnL: 15:02:19 MTM=1059.50 Profit=0.16%
2026-07-21 15:02:20 INFO     strategy        PnL: 15:02:20 MTM=1170.00 Profit=0.18%
2026-07-21 15:02:21 INFO     strategy        PnL: 15:02:21 MTM=1114.75 Profit=0.17%
2026-07-21 15:02:22 INFO     strategy        PnL: 15:02:22 MTM=1131.00 Profit=0.17%
2026-07-21 15:02:23 INFO     strategy        PnL: 15:02:23 MTM=1082.25 Profit=0.16%
2026-07-21 15:02:24 INFO     strategy        PnL: 15:02:24 MTM=1092.00 Profit=0.16%
2026-07-21 15:02:25 INFO     strategy        PnL: 15:02:25 MTM=1053.00 Profit=0.16%
2026-07-21 15:02:26 INFO     strategy        PnL: 15:02:26 MTM=1030.25 Profit=0.15%
2026-07-21 15:02:27 INFO     strategy        PnL: 15:02:27 MTM=1033.50 Profit=0.16%
2026-07-21 15:02:28 INFO     strategy        PnL: 15:02:28 MTM=1017.25 Profit=0.15%
2026-07-21 15:02:29 INFO     strategy        PnL: 15:02:29 MTM=1069.25 Profit=0.16%
2026-07-21 15:02:30 INFO     strategy        PnL: 15:02:30 MTM=1098.50 Profit=0.17%
2026-07-21 15:02:31 INFO     strategy        PnL: 15:02:31 MTM=1075.75 Profit=0.16%
2026-07-21 15:02:32 INFO     strategy        PnL: 15:02:32 MTM=1066.00 Profit=0.16%
2026-07-21 15:02:33 INFO     strategy        PnL: 15:02:33 MTM=1101.75 Profit=0.17%
2026-07-21 15:02:34 INFO     strategy        PnL: 15:02:34 MTM=1098.50 Profit=0.17%
2026-07-21 15:02:35 INFO     strategy        PnL: 15:02:35 MTM=1150.50 Profit=0.17%
2026-07-21 15:02:36 INFO     strategy        PnL: 15:02:36 MTM=1160.25 Profit=0.17%
2026-07-21 15:02:37 INFO     strategy        PnL: 15:02:37 MTM=1124.50 Profit=0.17%
2026-07-21 15:02:38 INFO     strategy        PnL: 15:02:38 MTM=1163.50 Profit=0.17%
2026-07-21 15:02:39 INFO     strategy        PnL: 15:02:39 MTM=1251.25 Profit=0.19%
2026-07-21 15:02:40 INFO     strategy        PnL: 15:02:40 MTM=1202.50 Profit=0.18%
2026-07-21 15:02:41 INFO     strategy        PnL: 15:02:41 MTM=1173.25 Profit=0.18%
2026-07-21 15:02:42 INFO     strategy        PnL: 15:02:42 MTM=1137.50 Profit=0.17%
2026-07-21 15:02:43 INFO     strategy        PnL: 15:02:43 MTM=1160.25 Profit=0.17%
2026-07-21 15:02:44 INFO     strategy        PnL: 15:02:44 MTM=1150.50 Profit=0.17%
2026-07-21 15:02:45 INFO     strategy        PnL: 15:02:45 MTM=1222.00 Profit=0.18%
2026-07-21 15:02:46 INFO     strategy        PnL: 15:02:46 MTM=1124.50 Profit=0.17%
2026-07-21 15:02:47 INFO     strategy        PnL: 15:02:47 MTM=1108.25 Profit=0.17%
2026-07-21 15:02:48 INFO     strategy        PnL: 15:02:48 MTM=1066.00 Profit=0.16%
2026-07-21 15:02:49 INFO     strategy        PnL: 15:02:49 MTM=1088.75 Profit=0.16%
2026-07-21 15:02:50 INFO     strategy        PnL: 15:02:50 MTM=1095.25 Profit=0.16%
2026-07-21 15:02:51 INFO     strategy        PnL: 15:02:51 MTM=1147.25 Profit=0.17%
2026-07-21 15:02:52 INFO     strategy        PnL: 15:02:52 MTM=1153.75 Profit=0.17%
2026-07-21 15:02:53 INFO     strategy        PnL: 15:02:53 MTM=1157.00 Profit=0.17%
2026-07-21 15:02:54 INFO     strategy        PnL: 15:02:54 MTM=1108.25 Profit=0.17%
2026-07-21 15:02:55 INFO     strategy        PnL: 15:02:55 MTM=1114.75 Profit=0.17%
2026-07-21 15:02:56 INFO     strategy        PnL: 15:02:56 MTM=1040.00 Profit=0.16%
2026-07-21 15:02:57 INFO     strategy        PnL: 15:02:57 MTM=1040.00 Profit=0.16%
2026-07-21 15:02:58 INFO     strategy        PnL: 15:02:58 MTM=1059.50 Profit=0.16%
2026-07-21 15:02:59 INFO     strategy        PnL: 15:02:59 MTM=1088.75 Profit=0.16%
2026-07-21 15:03:01 INFO     strategy        PnL: 15:03:00 MTM=1069.25 Profit=0.16%
2026-07-21 15:03:02 INFO     strategy        PnL: 15:03:02 MTM=1140.75 Profit=0.17%
2026-07-21 15:03:03 INFO     strategy        PnL: 15:03:03 MTM=1140.75 Profit=0.17%
2026-07-21 15:03:04 INFO     strategy        PnL: 15:03:04 MTM=1140.75 Profit=0.17%
2026-07-21 15:03:05 INFO     strategy        PnL: 15:03:05 MTM=1300.00 Profit=0.20%
2026-07-21 15:03:06 INFO     strategy        PnL: 15:03:06 MTM=1296.75 Profit=0.20%
2026-07-21 15:03:07 INFO     strategy        PnL: 15:03:07 MTM=1322.75 Profit=0.20%
2026-07-21 15:03:08 INFO     strategy        PnL: 15:03:08 MTM=1381.25 Profit=0.21%
2026-07-21 15:03:09 INFO     strategy        PnL: 15:03:09 MTM=1420.25 Profit=0.21%
2026-07-21 15:03:10 INFO     strategy        PnL: 15:03:10 MTM=1456.00 Profit=0.22%
2026-07-21 15:03:11 INFO     strategy        PnL: 15:03:11 MTM=1420.25 Profit=0.21%
2026-07-21 15:03:12 INFO     strategy        PnL: 15:03:12 MTM=1407.25 Profit=0.21%
2026-07-21 15:03:13 INFO     strategy        PnL: 15:03:13 MTM=1462.50 Profit=0.22%
2026-07-21 15:03:14 INFO     strategy        PnL: 15:03:14 MTM=1439.75 Profit=0.22%
2026-07-21 15:03:15 INFO     strategy        PnL: 15:03:15 MTM=1498.25 Profit=0.23%
2026-07-21 15:03:16 INFO     strategy        PnL: 15:03:16 MTM=1495.00 Profit=0.22%
2026-07-21 15:03:17 INFO     strategy        PnL: 15:03:17 MTM=1488.50 Profit=0.22%
2026-07-21 15:03:18 INFO     strategy        PnL: 15:03:18 MTM=1436.50 Profit=0.22%
2026-07-21 15:03:19 INFO     strategy        PnL: 15:03:19 MTM=1387.75 Profit=0.21%
2026-07-21 15:03:20 INFO     strategy        PnL: 15:03:20 MTM=1345.50 Profit=0.20%
2026-07-21 15:03:21 INFO     strategy        PnL: 15:03:21 MTM=1361.75 Profit=0.20%
2026-07-21 15:03:22 INFO     strategy        PnL: 15:03:22 MTM=1316.25 Profit=0.20%
2026-07-21 15:03:23 INFO     strategy        PnL: 15:03:23 MTM=1313.00 Profit=0.20%
2026-07-21 15:03:24 INFO     strategy        PnL: 15:03:24 MTM=1303.25 Profit=0.20%
2026-07-21 15:03:25 INFO     strategy        PnL: 15:03:25 MTM=1309.75 Profit=0.20%
2026-07-21 15:03:26 INFO     strategy        PnL: 15:03:26 MTM=1277.25 Profit=0.19%
2026-07-21 15:03:27 INFO     strategy        PnL: 15:03:27 MTM=1283.75 Profit=0.19%
2026-07-21 15:03:28 INFO     strategy        PnL: 15:03:28 MTM=1231.75 Profit=0.19%
2026-07-21 15:03:29 INFO     strategy        PnL: 15:03:29 MTM=1189.50 Profit=0.18%
2026-07-21 15:03:30 INFO     strategy        PnL: 15:03:30 MTM=1189.50 Profit=0.18%
2026-07-21 15:03:31 INFO     strategy        PnL: 15:03:31 MTM=1196.00 Profit=0.18%
2026-07-21 15:03:32 INFO     strategy        PnL: 15:03:32 MTM=1189.50 Profit=0.18%
2026-07-21 15:03:33 INFO     strategy        PnL: 15:03:33 MTM=1163.50 Profit=0.17%
2026-07-21 15:03:34 INFO     strategy        PnL: 15:03:34 MTM=1105.00 Profit=0.17%
2026-07-21 15:03:35 INFO     strategy        PnL: 15:03:35 MTM=1001.00 Profit=0.15%
2026-07-21 15:03:36 INFO     strategy        PnL: 15:03:36 MTM=991.25 Profit=0.15%
2026-07-21 15:03:37 INFO     strategy        PnL: 15:03:37 MTM=952.25 Profit=0.14%
2026-07-21 15:03:38 INFO     strategy        PnL: 15:03:38 MTM=906.75 Profit=0.14%
2026-07-21 15:03:39 INFO     strategy        PnL: 15:03:39 MTM=828.75 Profit=0.12%
2026-07-21 15:03:40 INFO     strategy        PnL: 15:03:40 MTM=822.25 Profit=0.12%
2026-07-21 15:03:41 INFO     strategy        PnL: 15:03:41 MTM=796.25 Profit=0.12%
2026-07-21 15:03:42 INFO     strategy        PnL: 15:03:42 MTM=747.50 Profit=0.11%
2026-07-21 15:03:43 INFO     strategy        PnL: 15:03:43 MTM=789.75 Profit=0.12%
2026-07-21 15:03:44 INFO     strategy        PnL: 15:03:44 MTM=861.25 Profit=0.13%
2026-07-21 15:03:45 INFO     strategy        PnL: 15:03:45 MTM=893.75 Profit=0.13%
2026-07-21 15:03:46 INFO     strategy        PnL: 15:03:46 MTM=893.75 Profit=0.13%
2026-07-21 15:03:47 INFO     strategy        PnL: 15:03:47 MTM=910.00 Profit=0.14%
2026-07-21 15:03:48 INFO     strategy        PnL: 15:03:48 MTM=877.50 Profit=0.13%
2026-07-21 15:03:49 INFO     strategy        PnL: 15:03:49 MTM=880.75 Profit=0.13%
2026-07-21 15:03:50 INFO     strategy        PnL: 15:03:50 MTM=893.75 Profit=0.13%
2026-07-21 15:03:51 INFO     strategy        PnL: 15:03:51 MTM=893.75 Profit=0.13%
2026-07-21 15:03:52 INFO     strategy        PnL: 15:03:52 MTM=858.00 Profit=0.13%
2026-07-21 15:03:53 INFO     strategy        PnL: 15:03:53 MTM=906.75 Profit=0.14%
2026-07-21 15:03:54 INFO     strategy        PnL: 15:03:54 MTM=867.75 Profit=0.13%
2026-07-21 15:03:55 INFO     strategy        PnL: 15:03:55 MTM=757.25 Profit=0.11%
2026-07-21 15:03:56 INFO     strategy        PnL: 15:03:56 MTM=835.25 Profit=0.13%
2026-07-21 15:03:57 INFO     strategy        PnL: 15:03:57 MTM=783.25 Profit=0.12%
2026-07-21 15:03:58 INFO     strategy        PnL: 15:03:58 MTM=832.00 Profit=0.13%
2026-07-21 15:03:59 INFO     strategy        PnL: 15:03:59 MTM=867.75 Profit=0.13%
2026-07-21 15:04:00 INFO     strategy        PnL: 15:04:00 MTM=809.25 Profit=0.12%
2026-07-21 15:04:01 INFO     strategy        PnL: 15:04:01 MTM=861.25 Profit=0.13%
2026-07-21 15:04:02 INFO     strategy        PnL: 15:04:02 MTM=793.00 Profit=0.12%
2026-07-21 15:04:03 INFO     strategy        PnL: 15:04:03 MTM=734.50 Profit=0.11%
2026-07-21 15:04:04 INFO     strategy        PnL: 15:04:04 MTM=689.00 Profit=0.10%
2026-07-21 15:04:05 INFO     strategy        PnL: 15:04:05 MTM=708.50 Profit=0.11%
2026-07-21 15:04:06 INFO     strategy        PnL: 15:04:06 MTM=601.25 Profit=0.09%
2026-07-21 15:04:07 INFO     strategy        PnL: 15:04:07 MTM=653.25 Profit=0.10%
2026-07-21 15:04:08 INFO     strategy        PnL: 15:04:08 MTM=598.00 Profit=0.09%
2026-07-21 15:04:09 INFO     strategy        PnL: 15:04:09 MTM=676.00 Profit=0.10%
2026-07-21 15:04:10 INFO     strategy        PnL: 15:04:10 MTM=708.50 Profit=0.11%
2026-07-21 15:04:11 INFO     strategy        PnL: 15:04:11 MTM=607.75 Profit=0.09%
2026-07-21 15:04:12 INFO     strategy        PnL: 15:04:12 MTM=562.25 Profit=0.08%
2026-07-21 15:04:13 INFO     strategy        PnL: 15:04:13 MTM=607.75 Profit=0.09%
2026-07-21 15:04:14 INFO     strategy        PnL: 15:04:14 MTM=637.00 Profit=0.10%
2026-07-21 15:04:15 INFO     strategy        PnL: 15:04:15 MTM=669.50 Profit=0.10%
2026-07-21 15:04:16 INFO     strategy        PnL: 15:04:16 MTM=627.25 Profit=0.09%
2026-07-21 15:04:17 INFO     strategy        PnL: 15:04:17 MTM=620.75 Profit=0.09%
2026-07-21 15:04:18 INFO     strategy        PnL: 15:04:18 MTM=617.50 Profit=0.09%
2026-07-21 15:04:19 INFO     strategy        PnL: 15:04:19 MTM=672.75 Profit=0.10%
2026-07-21 15:04:20 INFO     strategy        PnL: 15:04:20 MTM=672.75 Profit=0.10%
2026-07-21 15:04:21 INFO     strategy        PnL: 15:04:21 MTM=633.75 Profit=0.10%
2026-07-21 15:04:22 INFO     strategy        PnL: 15:04:22 MTM=640.25 Profit=0.10%
2026-07-21 15:04:23 INFO     strategy        PnL: 15:04:23 MTM=624.00 Profit=0.09%
2026-07-21 15:04:24 INFO     strategy        PnL: 15:04:24 MTM=685.75 Profit=0.10%
2026-07-21 15:04:25 INFO     strategy        PnL: 15:04:25 MTM=601.25 Profit=0.09%
2026-07-21 15:04:26 INFO     strategy        PnL: 15:04:26 MTM=659.75 Profit=0.10%
2026-07-21 15:04:27 INFO     strategy        PnL: 15:04:27 MTM=669.50 Profit=0.10%
2026-07-21 15:04:28 INFO     strategy        PnL: 15:04:28 MTM=685.75 Profit=0.10%
2026-07-21 15:04:29 INFO     strategy        PnL: 15:04:29 MTM=698.75 Profit=0.11%
2026-07-21 15:04:30 INFO     strategy        PnL: 15:04:30 MTM=585.00 Profit=0.09%
2026-07-21 15:04:31 INFO     strategy        PnL: 15:04:31 MTM=542.75 Profit=0.08%
2026-07-21 15:04:32 INFO     strategy        PnL: 15:04:32 MTM=497.25 Profit=0.07%
2026-07-21 15:04:33 INFO     strategy        PnL: 15:04:33 MTM=438.75 Profit=0.07%
2026-07-21 15:04:34 INFO     strategy        PnL: 15:04:34 MTM=409.50 Profit=0.06%
2026-07-21 15:04:35 INFO     strategy        PnL: 15:04:35 MTM=419.25 Profit=0.06%
2026-07-21 15:04:36 INFO     strategy        PnL: 15:04:36 MTM=432.25 Profit=0.07%
2026-07-21 15:04:37 INFO     strategy        PnL: 15:04:37 MTM=432.25 Profit=0.07%
2026-07-21 15:04:38 INFO     strategy        PnL: 15:04:38 MTM=406.25 Profit=0.06%
2026-07-21 15:04:39 INFO     strategy        PnL: 15:04:39 MTM=396.50 Profit=0.06%
2026-07-21 15:04:40 INFO     strategy        PnL: 15:04:40 MTM=416.00 Profit=0.06%
2026-07-21 15:04:41 INFO     strategy        PnL: 15:04:41 MTM=432.25 Profit=0.07%
2026-07-21 15:04:42 INFO     strategy        PnL: 15:04:42 MTM=432.25 Profit=0.07%
2026-07-21 15:04:43 INFO     strategy        PnL: 15:04:43 MTM=461.50 Profit=0.07%
2026-07-21 15:04:44 INFO     strategy        PnL: 15:04:44 MTM=468.00 Profit=0.07%
2026-07-21 15:04:45 INFO     strategy        PnL: 15:04:45 MTM=481.00 Profit=0.07%
2026-07-21 15:04:46 INFO     strategy        PnL: 15:04:46 MTM=432.25 Profit=0.07%
2026-07-21 15:04:47 INFO     strategy        PnL: 15:04:47 MTM=412.75 Profit=0.06%
2026-07-21 15:04:48 INFO     strategy        PnL: 15:04:48 MTM=354.25 Profit=0.05%
2026-07-21 15:04:49 INFO     strategy        PnL: 15:04:49 MTM=370.50 Profit=0.06%
2026-07-21 15:04:50 INFO     strategy        PnL: 15:04:50 MTM=357.50 Profit=0.05%
2026-07-21 15:04:51 INFO     strategy        PnL: 15:04:51 MTM=256.75 Profit=0.04%
2026-07-21 15:04:52 INFO     strategy        PnL: 15:04:52 MTM=224.25 Profit=0.03%
2026-07-21 15:04:53 INFO     strategy        PnL: 15:04:53 MTM=107.25 Profit=0.02%
2026-07-21 15:04:54 INFO     strategy        PnL: 15:04:54 MTM=61.75 Profit=0.01%
2026-07-21 15:04:55 INFO     strategy        PnL: 15:04:55 MTM=58.50 Profit=0.01%
2026-07-21 15:04:56 INFO     strategy        PnL: 15:04:56 MTM=94.25 Profit=0.01%
2026-07-21 15:04:57 INFO     strategy        PnL: 15:04:57 MTM=107.25 Profit=0.02%
2026-07-21 15:04:59 INFO     strategy        PnL: 15:04:59 MTM=81.25 Profit=0.01%
2026-07-21 15:05:00 INFO     strategy        PnL: 15:05:00 MTM=113.75 Profit=0.02%
2026-07-21 15:05:01 INFO     strategy        PnL: 15:05:01 MTM=120.25 Profit=0.02%
2026-07-21 15:05:02 INFO     strategy        PnL: 15:05:02 MTM=162.50 Profit=0.02%
2026-07-21 15:05:03 INFO     strategy        PnL: 15:05:03 MTM=263.25 Profit=0.04%
2026-07-21 15:05:04 INFO     strategy        PnL: 15:05:04 MTM=282.75 Profit=0.04%
2026-07-21 15:05:05 INFO     strategy        PnL: 15:05:05 MTM=260.00 Profit=0.04%
2026-07-21 15:05:06 INFO     strategy        PnL: 15:05:06 MTM=260.00 Profit=0.04%
2026-07-21 15:05:07 INFO     strategy        PnL: 15:05:07 MTM=286.00 Profit=0.04%
2026-07-21 15:05:08 INFO     strategy        PnL: 15:05:08 MTM=321.75 Profit=0.05%
2026-07-21 15:05:09 INFO     strategy        PnL: 15:05:09 MTM=292.50 Profit=0.04%
2026-07-21 15:05:10 INFO     strategy        PnL: 15:05:10 MTM=338.00 Profit=0.05%
2026-07-21 15:05:11 INFO     strategy        PnL: 15:05:11 MTM=328.25 Profit=0.05%
2026-07-21 15:05:12 INFO     strategy        PnL: 15:05:12 MTM=412.75 Profit=0.06%
2026-07-21 15:05:13 INFO     strategy        PnL: 15:05:13 MTM=399.75 Profit=0.06%
2026-07-21 15:05:14 INFO     strategy        PnL: 15:05:14 MTM=422.50 Profit=0.06%
2026-07-21 15:05:15 INFO     strategy        PnL: 15:05:15 MTM=432.25 Profit=0.07%
2026-07-21 15:05:16 INFO     strategy        PnL: 15:05:16 MTM=458.25 Profit=0.07%
2026-07-21 15:05:17 INFO     strategy        PnL: 15:05:17 MTM=477.75 Profit=0.07%
2026-07-21 15:05:18 INFO     strategy        PnL: 15:05:18 MTM=494.00 Profit=0.07%
2026-07-21 15:05:19 INFO     strategy        PnL: 15:05:19 MTM=507.00 Profit=0.08%
2026-07-21 15:05:20 INFO     strategy        PnL: 15:05:20 MTM=500.50 Profit=0.08%
2026-07-21 15:05:21 INFO     strategy        PnL: 15:05:21 MTM=497.25 Profit=0.07%
2026-07-21 15:05:22 INFO     strategy        PnL: 15:05:22 MTM=562.25 Profit=0.08%
2026-07-21 15:05:23 INFO     strategy        PnL: 15:05:23 MTM=594.75 Profit=0.09%
2026-07-21 15:05:24 INFO     strategy        PnL: 15:05:24 MTM=562.25 Profit=0.08%
2026-07-21 15:05:25 INFO     strategy        PnL: 15:05:25 MTM=546.00 Profit=0.08%
2026-07-21 15:05:26 INFO     strategy        PnL: 15:05:26 MTM=572.00 Profit=0.09%
2026-07-21 15:05:27 INFO     strategy        PnL: 15:05:27 MTM=539.50 Profit=0.08%
2026-07-21 15:05:28 INFO     strategy        PnL: 15:05:28 MTM=533.00 Profit=0.08%
2026-07-21 15:05:29 INFO     strategy        PnL: 15:05:29 MTM=526.50 Profit=0.08%
2026-07-21 15:05:30 INFO     strategy        PnL: 15:05:30 MTM=555.75 Profit=0.08%
2026-07-21 15:05:31 INFO     strategy        PnL: 15:05:31 MTM=510.25 Profit=0.08%
2026-07-21 15:05:32 INFO     strategy        PnL: 15:05:32 MTM=497.25 Profit=0.07%
2026-07-21 15:05:33 INFO     strategy        PnL: 15:05:33 MTM=468.00 Profit=0.07%
2026-07-21 15:05:34 INFO     strategy        PnL: 15:05:34 MTM=412.75 Profit=0.06%
2026-07-21 15:05:35 INFO     strategy        PnL: 15:05:35 MTM=416.00 Profit=0.06%
2026-07-21 15:05:36 INFO     strategy        PnL: 15:05:36 MTM=416.00 Profit=0.06%
2026-07-21 15:05:37 INFO     strategy        PnL: 15:05:37 MTM=442.00 Profit=0.07%
2026-07-21 15:05:38 INFO     strategy        PnL: 15:05:38 MTM=412.75 Profit=0.06%
2026-07-21 15:05:39 INFO     strategy        PnL: 15:05:39 MTM=455.00 Profit=0.07%
2026-07-21 15:05:40 INFO     strategy        PnL: 15:05:40 MTM=442.00 Profit=0.07%
2026-07-21 15:05:41 INFO     strategy        PnL: 15:05:41 MTM=461.50 Profit=0.07%
2026-07-21 15:05:42 INFO     strategy        PnL: 15:05:42 MTM=419.25 Profit=0.06%
2026-07-21 15:05:43 INFO     strategy        PnL: 15:05:43 MTM=416.00 Profit=0.06%
2026-07-21 15:05:44 INFO     strategy        PnL: 15:05:44 MTM=412.75 Profit=0.06%
2026-07-21 15:05:45 INFO     strategy        PnL: 15:05:45 MTM=429.00 Profit=0.06%
2026-07-21 15:05:46 INFO     strategy        PnL: 15:05:46 MTM=461.50 Profit=0.07%
2026-07-21 15:05:47 INFO     strategy        PnL: 15:05:47 MTM=497.25 Profit=0.07%
2026-07-21 15:05:48 INFO     strategy        PnL: 15:05:48 MTM=487.50 Profit=0.07%
2026-07-21 15:05:49 INFO     strategy        PnL: 15:05:49 MTM=510.25 Profit=0.08%
2026-07-21 15:05:50 INFO     strategy        PnL: 15:05:50 MTM=513.50 Profit=0.08%
2026-07-21 15:05:51 INFO     strategy        PnL: 15:05:51 MTM=549.25 Profit=0.08%
2026-07-21 15:05:52 INFO     strategy        PnL: 15:05:52 MTM=549.25 Profit=0.08%
2026-07-21 15:05:53 INFO     strategy        PnL: 15:05:53 MTM=549.25 Profit=0.08%
2026-07-21 15:05:54 INFO     strategy        PnL: 15:05:54 MTM=617.50 Profit=0.09%
2026-07-21 15:05:55 INFO     strategy        PnL: 15:05:55 MTM=565.50 Profit=0.09%
2026-07-21 15:05:56 INFO     strategy        PnL: 15:05:56 MTM=585.00 Profit=0.09%
2026-07-21 15:05:57 INFO     strategy        PnL: 15:05:57 MTM=598.00 Profit=0.09%
2026-07-21 15:05:58 INFO     strategy        PnL: 15:05:58 MTM=601.25 Profit=0.09%
2026-07-21 15:05:59 INFO     strategy        PnL: 15:05:59 MTM=604.50 Profit=0.09%
2026-07-21 15:06:00 INFO     strategy        PnL: 15:06:00 MTM=669.50 Profit=0.10%
2026-07-21 15:06:01 INFO     strategy        PnL: 15:06:01 MTM=682.50 Profit=0.10%
2026-07-21 15:06:02 INFO     strategy        PnL: 15:06:02 MTM=702.00 Profit=0.11%
2026-07-21 15:06:03 INFO     strategy        PnL: 15:06:03 MTM=698.75 Profit=0.11%
2026-07-21 15:06:04 INFO     strategy        PnL: 15:06:04 MTM=754.00 Profit=0.11%
2026-07-21 15:06:05 INFO     strategy        PnL: 15:06:05 MTM=757.25 Profit=0.11%
2026-07-21 15:06:06 INFO     strategy        PnL: 15:06:06 MTM=796.25 Profit=0.12%
2026-07-21 15:06:07 INFO     strategy        PnL: 15:06:07 MTM=848.25 Profit=0.13%
2026-07-21 15:06:08 INFO     strategy        PnL: 15:06:08 MTM=809.25 Profit=0.12%
2026-07-21 15:06:09 INFO     strategy        PnL: 15:06:09 MTM=789.75 Profit=0.12%
2026-07-21 15:06:10 INFO     strategy        PnL: 15:06:10 MTM=705.25 Profit=0.11%
2026-07-21 15:06:11 INFO     strategy        PnL: 15:06:11 MTM=666.25 Profit=0.10%
2026-07-21 15:06:12 INFO     strategy        PnL: 15:06:12 MTM=669.50 Profit=0.10%
2026-07-21 15:06:13 INFO     strategy        PnL: 15:06:13 MTM=692.25 Profit=0.10%
2026-07-21 15:06:14 INFO     strategy        PnL: 15:06:14 MTM=695.50 Profit=0.10%
2026-07-21 15:06:15 INFO     strategy        PnL: 15:06:15 MTM=718.25 Profit=0.11%
2026-07-21 15:06:16 INFO     strategy        PnL: 15:06:16 MTM=767.00 Profit=0.12%
2026-07-21 15:06:17 INFO     strategy        PnL: 15:06:17 MTM=776.75 Profit=0.12%
2026-07-21 15:06:18 INFO     strategy        PnL: 15:06:18 MTM=809.25 Profit=0.12%
2026-07-21 15:06:19 INFO     strategy        PnL: 15:06:19 MTM=845.00 Profit=0.13%
2026-07-21 15:06:20 INFO     strategy        PnL: 15:06:20 MTM=854.75 Profit=0.13%
2026-07-21 15:06:21 INFO     strategy        PnL: 15:06:21 MTM=880.75 Profit=0.13%
2026-07-21 15:06:22 INFO     strategy        PnL: 15:06:22 MTM=838.50 Profit=0.13%
2026-07-21 15:06:23 INFO     strategy        PnL: 15:06:23 MTM=796.25 Profit=0.12%
2026-07-21 15:06:24 INFO     strategy        PnL: 15:06:24 MTM=760.50 Profit=0.11%
2026-07-21 15:06:25 INFO     strategy        PnL: 15:06:25 MTM=783.25 Profit=0.12%
2026-07-21 15:06:26 INFO     strategy        PnL: 15:06:26 MTM=773.50 Profit=0.12%
2026-07-21 15:06:27 INFO     strategy        PnL: 15:06:27 MTM=776.75 Profit=0.12%
2026-07-21 15:06:28 INFO     strategy        PnL: 15:06:28 MTM=796.25 Profit=0.12%
2026-07-21 15:06:29 INFO     strategy        PnL: 15:06:29 MTM=783.25 Profit=0.12%
2026-07-21 15:06:30 INFO     strategy        PnL: 15:06:30 MTM=747.50 Profit=0.11%
2026-07-21 15:06:31 INFO     strategy        PnL: 15:06:31 MTM=721.50 Profit=0.11%
2026-07-21 15:06:32 INFO     strategy        PnL: 15:06:32 MTM=672.75 Profit=0.10%
2026-07-21 15:06:33 INFO     strategy        PnL: 15:06:33 MTM=672.75 Profit=0.10%
2026-07-21 15:06:34 INFO     strategy        PnL: 15:06:34 MTM=611.00 Profit=0.09%
2026-07-21 15:06:35 INFO     strategy        PnL: 15:06:35 MTM=617.50 Profit=0.09%
2026-07-21 15:06:36 INFO     strategy        PnL: 15:06:36 MTM=598.00 Profit=0.09%
2026-07-21 15:06:37 INFO     strategy        PnL: 15:06:37 MTM=637.00 Profit=0.10%
2026-07-21 15:06:38 INFO     strategy        PnL: 15:06:38 MTM=594.75 Profit=0.09%
2026-07-21 15:06:39 INFO     strategy        PnL: 15:06:39 MTM=624.00 Profit=0.09%
2026-07-21 15:06:40 INFO     strategy        PnL: 15:06:40 MTM=643.50 Profit=0.10%
2026-07-21 15:06:41 INFO     strategy        PnL: 15:06:41 MTM=659.75 Profit=0.10%
2026-07-21 15:06:42 INFO     strategy        PnL: 15:06:42 MTM=646.75 Profit=0.10%
2026-07-21 15:06:43 INFO     strategy        PnL: 15:06:43 MTM=604.50 Profit=0.09%
2026-07-21 15:06:44 INFO     strategy        PnL: 15:06:44 MTM=604.50 Profit=0.09%
2026-07-21 15:06:45 INFO     strategy        PnL: 15:06:45 MTM=562.25 Profit=0.08%
2026-07-21 15:06:46 INFO     strategy        PnL: 15:06:46 MTM=611.00 Profit=0.09%
2026-07-21 15:06:47 INFO     strategy        PnL: 15:06:47 MTM=578.50 Profit=0.09%
2026-07-21 15:06:48 INFO     strategy        PnL: 15:06:48 MTM=607.75 Profit=0.09%
2026-07-21 15:06:49 INFO     strategy        PnL: 15:06:49 MTM=646.75 Profit=0.10%
2026-07-21 15:06:50 INFO     strategy        PnL: 15:06:50 MTM=656.50 Profit=0.10%
2026-07-21 15:06:51 INFO     strategy        PnL: 15:06:51 MTM=689.00 Profit=0.10%
2026-07-21 15:06:52 INFO     strategy        PnL: 15:06:52 MTM=711.75 Profit=0.11%
2026-07-21 15:06:53 INFO     strategy        PnL: 15:06:53 MTM=721.50 Profit=0.11%
2026-07-21 15:06:54 INFO     strategy        PnL: 15:06:54 MTM=689.00 Profit=0.10%
2026-07-21 15:06:55 INFO     strategy        PnL: 15:06:55 MTM=689.00 Profit=0.10%
2026-07-21 15:06:56 INFO     strategy        PnL: 15:06:56 MTM=698.75 Profit=0.11%
2026-07-21 15:06:57 INFO     strategy        PnL: 15:06:57 MTM=692.25 Profit=0.10%
2026-07-21 15:06:58 INFO     strategy        PnL: 15:06:58 MTM=698.75 Profit=0.11%
2026-07-21 15:06:59 INFO     strategy        PnL: 15:06:59 MTM=731.25 Profit=0.11%
2026-07-21 15:07:00 INFO     strategy        PnL: 15:07:00 MTM=721.50 Profit=0.11%
2026-07-21 15:07:01 INFO     strategy        PnL: 15:07:01 MTM=760.50 Profit=0.11%
2026-07-21 15:07:02 INFO     strategy        PnL: 15:07:02 MTM=741.00 Profit=0.11%
2026-07-21 15:07:03 INFO     strategy        PnL: 15:07:03 MTM=754.00 Profit=0.11%
2026-07-21 15:07:05 INFO     strategy        PnL: 15:07:05 MTM=796.25 Profit=0.12%
2026-07-21 15:07:06 INFO     strategy        PnL: 15:07:06 MTM=744.25 Profit=0.11%
2026-07-21 15:07:07 INFO     strategy        PnL: 15:07:07 MTM=744.25 Profit=0.11%
2026-07-21 15:07:08 INFO     strategy        PnL: 15:07:08 MTM=806.00 Profit=0.12%
2026-07-21 15:07:09 INFO     strategy        PnL: 15:07:09 MTM=763.75 Profit=0.11%
2026-07-21 15:07:10 INFO     strategy        PnL: 15:07:10 MTM=799.50 Profit=0.12%
2026-07-21 15:07:11 INFO     strategy        PnL: 15:07:11 MTM=812.50 Profit=0.12%
2026-07-21 15:07:12 INFO     strategy        PnL: 15:07:12 MTM=806.00 Profit=0.12%
2026-07-21 15:07:13 INFO     strategy        PnL: 15:07:13 MTM=757.25 Profit=0.11%
2026-07-21 15:07:14 INFO     strategy        PnL: 15:07:14 MTM=731.25 Profit=0.11%
2026-07-21 15:07:15 INFO     strategy        PnL: 15:07:15 MTM=676.00 Profit=0.10%
2026-07-21 15:07:16 INFO     strategy        PnL: 15:07:16 MTM=754.00 Profit=0.11%
2026-07-21 15:07:17 INFO     strategy        PnL: 15:07:17 MTM=689.00 Profit=0.10%
2026-07-21 15:07:18 INFO     strategy        PnL: 15:07:18 MTM=627.25 Profit=0.09%
2026-07-21 15:07:19 INFO     strategy        PnL: 15:07:19 MTM=627.25 Profit=0.09%
2026-07-21 15:07:20 INFO     strategy        PnL: 15:07:20 MTM=630.50 Profit=0.09%
2026-07-21 15:07:21 INFO     strategy        PnL: 15:07:21 MTM=598.00 Profit=0.09%
2026-07-21 15:07:22 INFO     strategy        PnL: 15:07:22 MTM=598.00 Profit=0.09%
2026-07-21 15:07:23 INFO     strategy        PnL: 15:07:23 MTM=659.75 Profit=0.10%
2026-07-21 15:07:24 INFO     strategy        PnL: 15:07:24 MTM=633.75 Profit=0.10%
2026-07-21 15:07:25 INFO     strategy        PnL: 15:07:25 MTM=633.75 Profit=0.10%
2026-07-21 15:07:26 INFO     strategy        PnL: 15:07:26 MTM=627.25 Profit=0.09%
2026-07-21 15:07:27 INFO     strategy        PnL: 15:07:27 MTM=624.00 Profit=0.09%
2026-07-21 15:07:28 INFO     strategy        PnL: 15:07:28 MTM=643.50 Profit=0.10%
2026-07-21 15:07:29 INFO     strategy        PnL: 15:07:29 MTM=676.00 Profit=0.10%
2026-07-21 15:07:30 INFO     strategy        PnL: 15:07:30 MTM=669.50 Profit=0.10%
2026-07-21 15:07:31 INFO     strategy        PnL: 15:07:31 MTM=679.25 Profit=0.10%
2026-07-21 15:07:32 INFO     strategy        PnL: 15:07:32 MTM=672.75 Profit=0.10%
2026-07-21 15:07:33 INFO     strategy        PnL: 15:07:33 MTM=715.00 Profit=0.11%
2026-07-21 15:07:34 INFO     strategy        PnL: 15:07:34 MTM=711.75 Profit=0.11%
2026-07-21 15:07:35 INFO     strategy        PnL: 15:07:35 MTM=695.50 Profit=0.10%
2026-07-21 15:07:36 INFO     strategy        PnL: 15:07:36 MTM=702.00 Profit=0.11%
2026-07-21 15:07:37 INFO     strategy        PnL: 15:07:37 MTM=695.50 Profit=0.10%
2026-07-21 15:07:38 INFO     strategy        PnL: 15:07:38 MTM=731.25 Profit=0.11%
2026-07-21 15:07:39 INFO     strategy        PnL: 15:07:39 MTM=750.75 Profit=0.11%
2026-07-21 15:07:40 INFO     strategy        PnL: 15:07:40 MTM=776.75 Profit=0.12%
2026-07-21 15:07:41 INFO     strategy        PnL: 15:07:41 MTM=793.00 Profit=0.12%
2026-07-21 15:07:42 INFO     strategy        PnL: 15:07:42 MTM=767.00 Profit=0.12%
2026-07-21 15:07:43 INFO     strategy        PnL: 15:07:43 MTM=780.00 Profit=0.12%
2026-07-21 15:07:44 INFO     strategy        PnL: 15:07:44 MTM=763.75 Profit=0.11%
2026-07-21 15:07:45 INFO     strategy        PnL: 15:07:45 MTM=760.50 Profit=0.11%
2026-07-21 15:07:46 INFO     strategy        PnL: 15:07:46 MTM=734.50 Profit=0.11%
2026-07-21 15:07:47 INFO     strategy        PnL: 15:07:47 MTM=715.00 Profit=0.11%
2026-07-21 15:07:48 INFO     strategy        PnL: 15:07:48 MTM=715.00 Profit=0.11%
2026-07-21 15:07:49 INFO     strategy        PnL: 15:07:49 MTM=702.00 Profit=0.11%
2026-07-21 15:07:50 INFO     strategy        PnL: 15:07:50 MTM=695.50 Profit=0.10%
2026-07-21 15:07:51 INFO     strategy        PnL: 15:07:51 MTM=734.50 Profit=0.11%
2026-07-21 15:07:52 INFO     strategy        PnL: 15:07:52 MTM=731.25 Profit=0.11%
2026-07-21 15:07:53 INFO     strategy        PnL: 15:07:53 MTM=721.50 Profit=0.11%
2026-07-21 15:07:54 INFO     strategy        PnL: 15:07:54 MTM=770.25 Profit=0.12%
2026-07-21 15:07:55 INFO     strategy        PnL: 15:07:55 MTM=773.50 Profit=0.12%
2026-07-21 15:07:56 INFO     strategy        PnL: 15:07:56 MTM=793.00 Profit=0.12%
2026-07-21 15:07:57 INFO     strategy        PnL: 15:07:57 MTM=783.25 Profit=0.12%
2026-07-21 15:07:58 INFO     strategy        PnL: 15:07:58 MTM=796.25 Profit=0.12%
2026-07-21 15:07:59 INFO     strategy        PnL: 15:07:59 MTM=789.75 Profit=0.12%
2026-07-21 15:08:00 INFO     strategy        PnL: 15:08:00 MTM=737.75 Profit=0.11%
2026-07-21 15:08:01 INFO     strategy        PnL: 15:08:01 MTM=734.50 Profit=0.11%
2026-07-21 15:08:02 INFO     strategy        PnL: 15:08:02 MTM=718.25 Profit=0.11%
2026-07-21 15:08:03 INFO     strategy        PnL: 15:08:03 MTM=708.50 Profit=0.11%
2026-07-21 15:08:04 INFO     strategy        PnL: 15:08:04 MTM=650.00 Profit=0.10%
2026-07-21 15:08:05 INFO     strategy        PnL: 15:08:05 MTM=676.00 Profit=0.10%
2026-07-21 15:08:06 INFO     strategy        PnL: 15:08:06 MTM=679.25 Profit=0.10%
2026-07-21 15:08:07 INFO     strategy        PnL: 15:08:07 MTM=666.25 Profit=0.10%
2026-07-21 15:08:08 INFO     strategy        PnL: 15:08:08 MTM=650.00 Profit=0.10%
2026-07-21 15:08:09 INFO     strategy        PnL: 15:08:09 MTM=685.75 Profit=0.10%
2026-07-21 15:08:10 INFO     strategy        PnL: 15:08:10 MTM=663.00 Profit=0.10%
2026-07-21 15:08:11 INFO     strategy        PnL: 15:08:11 MTM=666.25 Profit=0.10%
2026-07-21 15:08:12 INFO     strategy        PnL: 15:08:12 MTM=659.75 Profit=0.10%
2026-07-21 15:08:13 INFO     strategy        PnL: 15:08:13 MTM=637.00 Profit=0.10%
2026-07-21 15:08:14 INFO     strategy        PnL: 15:08:14 MTM=601.25 Profit=0.09%
2026-07-21 15:08:15 INFO     strategy        PnL: 15:08:15 MTM=627.25 Profit=0.09%
2026-07-21 15:08:16 INFO     strategy        PnL: 15:08:16 MTM=627.25 Profit=0.09%
2026-07-21 15:08:17 INFO     strategy        PnL: 15:08:17 MTM=627.25 Profit=0.09%
2026-07-21 15:08:18 INFO     strategy        PnL: 15:08:18 MTM=646.75 Profit=0.10%
2026-07-21 15:08:19 INFO     strategy        PnL: 15:08:19 MTM=607.75 Profit=0.09%
2026-07-21 15:08:20 INFO     strategy        PnL: 15:08:20 MTM=546.00 Profit=0.08%
2026-07-21 15:08:21 INFO     strategy        PnL: 15:08:21 MTM=546.00 Profit=0.08%
2026-07-21 15:08:22 INFO     strategy        PnL: 15:08:22 MTM=565.50 Profit=0.09%
2026-07-21 15:08:23 INFO     strategy        PnL: 15:08:23 MTM=529.75 Profit=0.08%
2026-07-21 15:08:24 INFO     strategy        PnL: 15:08:24 MTM=546.00 Profit=0.08%
2026-07-21 15:08:25 INFO     strategy        PnL: 15:08:25 MTM=546.00 Profit=0.08%
2026-07-21 15:08:26 INFO     strategy        PnL: 15:08:26 MTM=581.75 Profit=0.09%
2026-07-21 15:08:27 INFO     strategy        PnL: 15:08:27 MTM=575.25 Profit=0.09%
2026-07-21 15:08:28 INFO     strategy        PnL: 15:08:28 MTM=549.25 Profit=0.08%
2026-07-21 15:08:29 INFO     strategy        PnL: 15:08:29 MTM=516.75 Profit=0.08%
2026-07-21 15:08:30 INFO     strategy        PnL: 15:08:30 MTM=542.75 Profit=0.08%
2026-07-21 15:08:31 INFO     strategy        PnL: 15:08:31 MTM=568.75 Profit=0.09%
2026-07-21 15:08:32 INFO     strategy        PnL: 15:08:32 MTM=562.25 Profit=0.08%
2026-07-21 15:08:33 INFO     strategy        PnL: 15:08:33 MTM=555.75 Profit=0.08%
2026-07-21 15:08:34 INFO     strategy        PnL: 15:08:34 MTM=520.00 Profit=0.08%
2026-07-21 15:08:35 INFO     strategy        PnL: 15:08:35 MTM=513.50 Profit=0.08%
2026-07-21 15:08:36 INFO     strategy        PnL: 15:08:36 MTM=565.50 Profit=0.09%
2026-07-21 15:08:37 INFO     strategy        PnL: 15:08:37 MTM=526.50 Profit=0.08%
2026-07-21 15:08:38 INFO     strategy        PnL: 15:08:38 MTM=500.50 Profit=0.08%
2026-07-21 15:08:39 INFO     strategy        PnL: 15:08:39 MTM=494.00 Profit=0.07%
2026-07-21 15:08:40 INFO     strategy        PnL: 15:08:40 MTM=539.50 Profit=0.08%
2026-07-21 15:08:41 INFO     strategy        PnL: 15:08:41 MTM=542.75 Profit=0.08%
2026-07-21 15:08:43 INFO     strategy        PnL: 15:08:42 MTM=546.00 Profit=0.08%
2026-07-21 15:08:43 INFO     strategy        PnL: 15:08:43 MTM=520.00 Profit=0.08%
2026-07-21 15:08:45 INFO     strategy        PnL: 15:08:45 MTM=516.75 Profit=0.08%
2026-07-21 15:08:46 INFO     strategy        PnL: 15:08:46 MTM=523.25 Profit=0.08%
2026-07-21 15:08:47 INFO     strategy        PnL: 15:08:47 MTM=533.00 Profit=0.08%
2026-07-21 15:08:48 INFO     strategy        PnL: 15:08:48 MTM=559.00 Profit=0.08%
2026-07-21 15:08:49 INFO     strategy        PnL: 15:08:49 MTM=568.75 Profit=0.09%
2026-07-21 15:08:50 INFO     strategy        PnL: 15:08:50 MTM=614.25 Profit=0.09%
2026-07-21 15:08:51 INFO     strategy        PnL: 15:08:51 MTM=633.75 Profit=0.10%
2026-07-21 15:08:52 INFO     strategy        PnL: 15:08:52 MTM=653.25 Profit=0.10%
2026-07-21 15:08:53 INFO     strategy        PnL: 15:08:53 MTM=640.25 Profit=0.10%
2026-07-21 15:08:54 INFO     strategy        PnL: 15:08:54 MTM=614.25 Profit=0.09%
2026-07-21 15:08:55 INFO     strategy        PnL: 15:08:55 MTM=617.50 Profit=0.09%
2026-07-21 15:08:56 INFO     strategy        PnL: 15:08:56 MTM=650.00 Profit=0.10%
2026-07-21 15:08:57 INFO     strategy        PnL: 15:08:57 MTM=637.00 Profit=0.10%
2026-07-21 15:08:58 INFO     strategy        PnL: 15:08:58 MTM=650.00 Profit=0.10%
2026-07-21 15:08:59 INFO     strategy        PnL: 15:08:59 MTM=633.75 Profit=0.10%
2026-07-21 15:09:00 INFO     strategy        PnL: 15:09:00 MTM=669.50 Profit=0.10%
2026-07-21 15:09:01 INFO     strategy        PnL: 15:09:01 MTM=656.50 Profit=0.10%
2026-07-21 15:09:02 INFO     strategy        PnL: 15:09:02 MTM=672.75 Profit=0.10%
2026-07-21 15:09:03 INFO     strategy        PnL: 15:09:03 MTM=715.00 Profit=0.11%
2026-07-21 15:09:04 INFO     strategy        PnL: 15:09:04 MTM=711.75 Profit=0.11%
2026-07-21 15:09:05 INFO     strategy        PnL: 15:09:05 MTM=731.25 Profit=0.11%
2026-07-21 15:09:06 INFO     strategy        PnL: 15:09:06 MTM=702.00 Profit=0.11%
2026-07-21 15:09:07 INFO     strategy        PnL: 15:09:07 MTM=692.25 Profit=0.10%
2026-07-21 15:09:08 INFO     strategy        PnL: 15:09:08 MTM=682.50 Profit=0.10%
2026-07-21 15:09:09 INFO     strategy        PnL: 15:09:09 MTM=692.25 Profit=0.10%
2026-07-21 15:09:10 INFO     strategy        PnL: 15:09:10 MTM=685.75 Profit=0.10%
2026-07-21 15:09:11 INFO     strategy        PnL: 15:09:11 MTM=679.25 Profit=0.10%
2026-07-21 15:09:12 INFO     strategy        PnL: 15:09:12 MTM=672.75 Profit=0.10%
2026-07-21 15:09:13 INFO     strategy        PnL: 15:09:13 MTM=630.50 Profit=0.09%
2026-07-21 15:09:14 INFO     strategy        PnL: 15:09:14 MTM=591.50 Profit=0.09%
2026-07-21 15:09:15 INFO     strategy        PnL: 15:09:15 MTM=575.25 Profit=0.09%
2026-07-21 15:09:16 INFO     strategy        PnL: 15:09:16 MTM=588.25 Profit=0.09%
2026-07-21 15:09:17 INFO     strategy        PnL: 15:09:17 MTM=555.75 Profit=0.08%
2026-07-21 15:09:18 INFO     strategy        PnL: 15:09:18 MTM=542.75 Profit=0.08%
2026-07-21 15:09:19 INFO     strategy        PnL: 15:09:19 MTM=526.50 Profit=0.08%
2026-07-21 15:09:20 INFO     strategy        PnL: 15:09:20 MTM=513.50 Profit=0.08%
2026-07-21 15:09:21 INFO     strategy        PnL: 15:09:21 MTM=490.75 Profit=0.07%
2026-07-21 15:09:22 INFO     strategy        PnL: 15:09:22 MTM=461.50 Profit=0.07%
2026-07-21 15:09:23 INFO     strategy        PnL: 15:09:23 MTM=448.50 Profit=0.07%
2026-07-21 15:09:24 INFO     strategy        PnL: 15:09:24 MTM=409.50 Profit=0.06%
2026-07-21 15:09:25 INFO     strategy        PnL: 15:09:25 MTM=422.50 Profit=0.06%
2026-07-21 15:09:26 INFO     strategy        PnL: 15:09:26 MTM=442.00 Profit=0.07%
2026-07-21 15:09:27 INFO     strategy        PnL: 15:09:27 MTM=468.00 Profit=0.07%
2026-07-21 15:09:28 INFO     strategy        PnL: 15:09:28 MTM=500.50 Profit=0.08%
2026-07-21 15:09:29 INFO     strategy        PnL: 15:09:29 MTM=490.75 Profit=0.07%
2026-07-21 15:09:30 INFO     strategy        PnL: 15:09:30 MTM=503.75 Profit=0.08%
2026-07-21 15:09:31 INFO     strategy        PnL: 15:09:31 MTM=536.25 Profit=0.08%
2026-07-21 15:09:32 INFO     strategy        PnL: 15:09:32 MTM=520.00 Profit=0.08%
2026-07-21 15:09:33 INFO     strategy        PnL: 15:09:33 MTM=533.00 Profit=0.08%
2026-07-21 15:09:34 INFO     strategy        PnL: 15:09:34 MTM=542.75 Profit=0.08%
2026-07-21 15:09:35 INFO     strategy        PnL: 15:09:35 MTM=555.75 Profit=0.08%
2026-07-21 15:09:36 INFO     strategy        PnL: 15:09:36 MTM=526.50 Profit=0.08%
2026-07-21 15:09:37 INFO     strategy        PnL: 15:09:37 MTM=520.00 Profit=0.08%
2026-07-21 15:09:38 INFO     strategy        PnL: 15:09:38 MTM=536.25 Profit=0.08%
2026-07-21 15:09:39 INFO     strategy        PnL: 15:09:39 MTM=503.75 Profit=0.08%
2026-07-21 15:09:40 INFO     strategy        PnL: 15:09:40 MTM=529.75 Profit=0.08%
2026-07-21 15:09:41 INFO     strategy        PnL: 15:09:41 MTM=520.00 Profit=0.08%
2026-07-21 15:09:42 INFO     strategy        PnL: 15:09:42 MTM=552.50 Profit=0.08%
2026-07-21 15:09:43 INFO     strategy        PnL: 15:09:43 MTM=565.50 Profit=0.09%
2026-07-21 15:09:44 INFO     strategy        PnL: 15:09:44 MTM=568.75 Profit=0.09%
2026-07-21 15:09:45 INFO     strategy        PnL: 15:09:45 MTM=572.00 Profit=0.09%
2026-07-21 15:09:46 INFO     strategy        PnL: 15:09:46 MTM=546.00 Profit=0.08%
2026-07-21 15:09:47 INFO     strategy        PnL: 15:09:47 MTM=549.25 Profit=0.08%
2026-07-21 15:09:48 INFO     strategy        PnL: 15:09:48 MTM=568.75 Profit=0.09%
2026-07-21 15:09:49 INFO     strategy        PnL: 15:09:49 MTM=516.75 Profit=0.08%
2026-07-21 15:09:50 INFO     strategy        PnL: 15:09:50 MTM=445.25 Profit=0.07%
2026-07-21 15:09:51 INFO     strategy        PnL: 15:09:51 MTM=422.50 Profit=0.06%
2026-07-21 15:09:52 INFO     strategy        PnL: 15:09:52 MTM=386.75 Profit=0.06%
2026-07-21 15:09:53 INFO     strategy        PnL: 15:09:53 MTM=328.25 Profit=0.05%
2026-07-21 15:09:54 INFO     strategy        PnL: 15:09:54 MTM=331.50 Profit=0.05%
2026-07-21 15:09:55 INFO     strategy        PnL: 15:09:55 MTM=354.25 Profit=0.05%
2026-07-21 15:09:56 INFO     strategy        PnL: 15:09:56 MTM=373.75 Profit=0.06%
2026-07-21 15:09:57 INFO     strategy        PnL: 15:09:57 MTM=312.00 Profit=0.05%
2026-07-21 15:09:58 INFO     strategy        PnL: 15:09:58 MTM=331.50 Profit=0.05%
2026-07-21 15:09:59 INFO     strategy        PnL: 15:09:59 MTM=331.50 Profit=0.05%
2026-07-21 15:10:00 INFO     strategy        PnL: 15:10:00 MTM=318.50 Profit=0.05%
2026-07-21 15:10:01 INFO     strategy        PnL: 15:10:01 MTM=325.00 Profit=0.05%
2026-07-21 15:10:02 INFO     strategy        PnL: 15:10:02 MTM=373.75 Profit=0.06%
2026-07-21 15:10:03 INFO     strategy        PnL: 15:10:03 MTM=383.50 Profit=0.06%
2026-07-21 15:10:04 INFO     strategy        PnL: 15:10:04 MTM=393.25 Profit=0.06%
2026-07-21 15:10:05 INFO     strategy        PnL: 15:10:05 MTM=425.75 Profit=0.06%
2026-07-21 15:10:06 INFO     strategy        PnL: 15:10:06 MTM=386.75 Profit=0.06%
2026-07-21 15:10:07 INFO     strategy        PnL: 15:10:07 MTM=364.00 Profit=0.05%
2026-07-21 15:10:08 INFO     strategy        PnL: 15:10:08 MTM=373.75 Profit=0.06%
2026-07-21 15:10:09 INFO     strategy        PnL: 15:10:09 MTM=354.25 Profit=0.05%
2026-07-21 15:10:10 INFO     strategy        PnL: 15:10:10 MTM=269.75 Profit=0.04%
2026-07-21 15:10:11 INFO     strategy        PnL: 15:10:11 MTM=256.75 Profit=0.04%
2026-07-21 15:10:12 INFO     strategy        PnL: 15:10:12 MTM=234.00 Profit=0.04%
2026-07-21 15:10:13 INFO     strategy        PnL: 15:10:13 MTM=237.25 Profit=0.04%
2026-07-21 15:10:14 INFO     strategy        PnL: 15:10:14 MTM=234.00 Profit=0.04%
2026-07-21 15:10:15 INFO     strategy        PnL: 15:10:15 MTM=214.50 Profit=0.03%
2026-07-21 15:10:16 INFO     strategy        PnL: 15:10:16 MTM=256.75 Profit=0.04%
2026-07-21 15:10:17 INFO     strategy        PnL: 15:10:17 MTM=266.50 Profit=0.04%
2026-07-21 15:10:19 INFO     strategy        PnL: 15:10:19 MTM=292.50 Profit=0.04%
2026-07-21 15:10:19 INFO     strategy        PnL: 15:10:19 MTM=315.25 Profit=0.05%
2026-07-21 15:10:21 INFO     strategy        PnL: 15:10:21 MTM=328.25 Profit=0.05%
2026-07-21 15:10:22 INFO     strategy        PnL: 15:10:22 MTM=299.00 Profit=0.04%
2026-07-21 15:10:23 INFO     strategy        PnL: 15:10:23 MTM=325.00 Profit=0.05%
2026-07-21 15:10:24 INFO     strategy        PnL: 15:10:24 MTM=354.25 Profit=0.05%
2026-07-21 15:10:25 INFO     strategy        PnL: 15:10:25 MTM=308.75 Profit=0.05%
2026-07-21 15:10:26 INFO     strategy        PnL: 15:10:26 MTM=328.25 Profit=0.05%
2026-07-21 15:10:27 INFO     strategy        PnL: 15:10:27 MTM=260.00 Profit=0.04%
2026-07-21 15:10:28 INFO     strategy        PnL: 15:10:28 MTM=279.50 Profit=0.04%
2026-07-21 15:10:29 INFO     strategy        PnL: 15:10:29 MTM=312.00 Profit=0.05%
2026-07-21 15:10:30 INFO     strategy        PnL: 15:10:30 MTM=302.25 Profit=0.05%
2026-07-21 15:10:31 INFO     strategy        PnL: 15:10:31 MTM=318.50 Profit=0.05%
2026-07-21 15:10:32 INFO     strategy        PnL: 15:10:32 MTM=331.50 Profit=0.05%
2026-07-21 15:10:33 INFO     strategy        PnL: 15:10:33 MTM=344.50 Profit=0.05%
2026-07-21 15:10:34 INFO     strategy        PnL: 15:10:34 MTM=344.50 Profit=0.05%
2026-07-21 15:10:35 INFO     strategy        PnL: 15:10:35 MTM=360.75 Profit=0.05%
2026-07-21 15:10:36 INFO     strategy        PnL: 15:10:36 MTM=344.50 Profit=0.05%
2026-07-21 15:10:37 INFO     strategy        PnL: 15:10:37 MTM=282.75 Profit=0.04%
2026-07-21 15:10:38 INFO     strategy        PnL: 15:10:38 MTM=295.75 Profit=0.04%
2026-07-21 15:10:39 INFO     strategy        PnL: 15:10:39 MTM=295.75 Profit=0.04%
2026-07-21 15:10:40 INFO     strategy        PnL: 15:10:40 MTM=318.50 Profit=0.05%
2026-07-21 15:10:41 INFO     strategy        PnL: 15:10:41 MTM=328.25 Profit=0.05%
2026-07-21 15:10:42 INFO     strategy        PnL: 15:10:42 MTM=302.25 Profit=0.05%
2026-07-21 15:10:43 INFO     strategy        PnL: 15:10:43 MTM=256.75 Profit=0.04%
2026-07-21 15:10:44 INFO     strategy        PnL: 15:10:44 MTM=260.00 Profit=0.04%
2026-07-21 15:10:45 INFO     strategy        PnL: 15:10:45 MTM=250.25 Profit=0.04%
2026-07-21 15:10:46 INFO     strategy        PnL: 15:10:46 MTM=247.00 Profit=0.04%
2026-07-21 15:10:47 INFO     strategy        PnL: 15:10:47 MTM=273.00 Profit=0.04%
2026-07-21 15:10:48 INFO     strategy        PnL: 15:10:48 MTM=253.50 Profit=0.04%
2026-07-21 15:10:49 INFO     strategy        PnL: 15:10:49 MTM=240.50 Profit=0.04%
2026-07-21 15:10:50 INFO     strategy        PnL: 15:10:50 MTM=266.50 Profit=0.04%
2026-07-21 15:10:51 INFO     strategy        PnL: 15:10:51 MTM=227.50 Profit=0.03%
2026-07-21 15:10:52 INFO     strategy        PnL: 15:10:52 MTM=243.75 Profit=0.04%
2026-07-21 15:10:53 INFO     strategy        PnL: 15:10:53 MTM=256.75 Profit=0.04%
2026-07-21 15:10:54 INFO     strategy        PnL: 15:10:54 MTM=299.00 Profit=0.04%
2026-07-21 15:10:55 INFO     strategy        PnL: 15:10:55 MTM=308.75 Profit=0.05%
2026-07-21 15:10:56 INFO     strategy        PnL: 15:10:56 MTM=269.75 Profit=0.04%
2026-07-21 15:10:57 INFO     strategy        PnL: 15:10:57 MTM=273.00 Profit=0.04%
2026-07-21 15:10:58 INFO     strategy        PnL: 15:10:58 MTM=250.25 Profit=0.04%
2026-07-21 15:10:59 INFO     strategy        PnL: 15:10:59 MTM=286.00 Profit=0.04%
2026-07-21 15:11:00 INFO     strategy        PnL: 15:11:00 MTM=286.00 Profit=0.04%
2026-07-21 15:11:01 INFO     strategy        PnL: 15:11:01 MTM=299.00 Profit=0.04%
2026-07-21 15:11:02 INFO     strategy        PnL: 15:11:02 MTM=286.00 Profit=0.04%
2026-07-21 15:11:03 INFO     strategy        PnL: 15:11:03 MTM=289.25 Profit=0.04%
2026-07-21 15:11:04 INFO     strategy        PnL: 15:11:04 MTM=266.50 Profit=0.04%
2026-07-21 15:11:05 INFO     strategy        PnL: 15:11:05 MTM=276.25 Profit=0.04%
2026-07-21 15:11:06 INFO     strategy        PnL: 15:11:06 MTM=260.00 Profit=0.04%
2026-07-21 15:11:07 INFO     strategy        PnL: 15:11:07 MTM=269.75 Profit=0.04%
2026-07-21 15:11:08 INFO     strategy        PnL: 15:11:08 MTM=299.00 Profit=0.04%
2026-07-21 15:11:09 INFO     strategy        PnL: 15:11:09 MTM=308.75 Profit=0.05%
2026-07-21 15:11:10 INFO     strategy        PnL: 15:11:10 MTM=318.50 Profit=0.05%
2026-07-21 15:11:11 INFO     strategy        PnL: 15:11:11 MTM=341.25 Profit=0.05%
2026-07-21 15:11:12 INFO     strategy        PnL: 15:11:12 MTM=302.25 Profit=0.05%
2026-07-21 15:11:13 INFO     strategy        PnL: 15:11:13 MTM=302.25 Profit=0.05%
2026-07-21 15:11:14 INFO     strategy        PnL: 15:11:14 MTM=315.25 Profit=0.05%
2026-07-21 15:11:15 INFO     strategy        PnL: 15:11:15 MTM=364.00 Profit=0.05%
2026-07-21 15:11:16 INFO     strategy        PnL: 15:11:16 MTM=377.00 Profit=0.06%
2026-07-21 15:11:17 INFO     strategy        PnL: 15:11:17 MTM=390.00 Profit=0.06%
2026-07-21 15:11:18 INFO     strategy        PnL: 15:11:18 MTM=393.25 Profit=0.06%
2026-07-21 15:11:19 INFO     strategy        PnL: 15:11:19 MTM=406.25 Profit=0.06%
2026-07-21 15:11:20 INFO     strategy        PnL: 15:11:20 MTM=406.25 Profit=0.06%
2026-07-21 15:11:21 INFO     strategy        PnL: 15:11:21 MTM=386.75 Profit=0.06%
2026-07-21 15:11:22 INFO     strategy        PnL: 15:11:22 MTM=364.00 Profit=0.05%
2026-07-21 15:11:23 INFO     strategy        PnL: 15:11:23 MTM=386.75 Profit=0.06%
2026-07-21 15:11:24 INFO     strategy        PnL: 15:11:24 MTM=360.75 Profit=0.05%
2026-07-21 15:11:25 INFO     strategy        PnL: 15:11:25 MTM=347.75 Profit=0.05%
2026-07-21 15:11:26 INFO     strategy        PnL: 15:11:26 MTM=367.25 Profit=0.06%
2026-07-21 15:11:27 INFO     strategy        PnL: 15:11:27 MTM=367.25 Profit=0.06%
2026-07-21 15:11:28 INFO     strategy        PnL: 15:11:28 MTM=380.25 Profit=0.06%
2026-07-21 15:11:29 INFO     strategy        PnL: 15:11:29 MTM=386.75 Profit=0.06%
2026-07-21 15:11:30 INFO     strategy        PnL: 15:11:30 MTM=406.25 Profit=0.06%
2026-07-21 15:11:31 INFO     strategy        PnL: 15:11:31 MTM=396.50 Profit=0.06%
2026-07-21 15:11:32 INFO     strategy        PnL: 15:11:32 MTM=396.50 Profit=0.06%
2026-07-21 15:11:33 INFO     strategy        PnL: 15:11:33 MTM=416.00 Profit=0.06%
2026-07-21 15:11:34 INFO     strategy        PnL: 15:11:34 MTM=422.50 Profit=0.06%
2026-07-21 15:11:35 INFO     strategy        PnL: 15:11:35 MTM=422.50 Profit=0.06%
2026-07-21 15:11:36 INFO     strategy        PnL: 15:11:36 MTM=435.50 Profit=0.07%
2026-07-21 15:11:37 INFO     strategy        PnL: 15:11:37 MTM=432.25 Profit=0.07%
2026-07-21 15:11:38 INFO     strategy        PnL: 15:11:38 MTM=445.25 Profit=0.07%
2026-07-21 15:11:39 INFO     strategy        PnL: 15:11:39 MTM=386.75 Profit=0.06%
2026-07-21 15:11:40 INFO     strategy        PnL: 15:11:40 MTM=396.50 Profit=0.06%
2026-07-21 15:11:41 INFO     strategy        PnL: 15:11:41 MTM=406.25 Profit=0.06%
2026-07-21 15:11:42 INFO     strategy        PnL: 15:11:42 MTM=419.25 Profit=0.06%
2026-07-21 15:11:43 INFO     strategy        PnL: 15:11:43 MTM=390.00 Profit=0.06%
2026-07-21 15:11:44 INFO     strategy        PnL: 15:11:44 MTM=425.75 Profit=0.06%
2026-07-21 15:11:45 INFO     strategy        PnL: 15:11:45 MTM=409.50 Profit=0.06%
2026-07-21 15:11:46 INFO     strategy        PnL: 15:11:46 MTM=422.50 Profit=0.06%
2026-07-21 15:11:47 INFO     strategy        PnL: 15:11:47 MTM=481.00 Profit=0.07%
2026-07-21 15:11:48 INFO     strategy        PnL: 15:11:48 MTM=490.75 Profit=0.07%
2026-07-21 15:11:49 INFO     strategy        PnL: 15:11:49 MTM=451.75 Profit=0.07%
2026-07-21 15:11:50 INFO     strategy        PnL: 15:11:50 MTM=425.75 Profit=0.06%
2026-07-21 15:11:51 INFO     strategy        PnL: 15:11:51 MTM=419.25 Profit=0.06%
2026-07-21 15:11:52 INFO     strategy        PnL: 15:11:52 MTM=409.50 Profit=0.06%
2026-07-21 15:11:53 INFO     strategy        PnL: 15:11:53 MTM=406.25 Profit=0.06%
2026-07-21 15:11:54 INFO     strategy        PnL: 15:11:54 MTM=409.50 Profit=0.06%
2026-07-21 15:11:55 INFO     strategy        PnL: 15:11:55 MTM=409.50 Profit=0.06%
2026-07-21 15:11:56 INFO     strategy        PnL: 15:11:56 MTM=409.50 Profit=0.06%
2026-07-21 15:11:57 INFO     strategy        PnL: 15:11:57 MTM=412.75 Profit=0.06%
2026-07-21 15:11:58 INFO     strategy        PnL: 15:11:58 MTM=419.25 Profit=0.06%
2026-07-21 15:11:59 INFO     strategy        PnL: 15:11:59 MTM=422.50 Profit=0.06%
2026-07-21 15:12:00 INFO     strategy        PnL: 15:12:00 MTM=412.75 Profit=0.06%
2026-07-21 15:12:01 INFO     strategy        PnL: 15:12:01 MTM=409.50 Profit=0.06%
2026-07-21 15:12:02 INFO     strategy        PnL: 15:12:02 MTM=406.25 Profit=0.06%
2026-07-21 15:12:03 INFO     strategy        PnL: 15:12:03 MTM=416.00 Profit=0.06%
2026-07-21 15:12:04 INFO     strategy        PnL: 15:12:04 MTM=442.00 Profit=0.07%
2026-07-21 15:12:05 INFO     strategy        PnL: 15:12:05 MTM=445.25 Profit=0.07%
2026-07-21 15:12:06 INFO     strategy        PnL: 15:12:06 MTM=448.50 Profit=0.07%
2026-07-21 15:12:08 INFO     strategy        PnL: 15:12:08 MTM=448.50 Profit=0.07%
2026-07-21 15:12:09 INFO     strategy        PnL: 15:12:09 MTM=461.50 Profit=0.07%
2026-07-21 15:12:10 INFO     strategy        PnL: 15:12:10 MTM=484.25 Profit=0.07%
2026-07-21 15:12:11 INFO     strategy        PnL: 15:12:11 MTM=481.00 Profit=0.07%
2026-07-21 15:12:12 INFO     strategy        PnL: 15:12:12 MTM=481.00 Profit=0.07%
2026-07-21 15:12:13 INFO     strategy        PnL: 15:12:13 MTM=461.50 Profit=0.07%
2026-07-21 15:12:14 INFO     strategy        PnL: 15:12:14 MTM=435.50 Profit=0.07%
2026-07-21 15:12:15 INFO     strategy        PnL: 15:12:15 MTM=451.75 Profit=0.07%
2026-07-21 15:12:16 INFO     strategy        PnL: 15:12:16 MTM=474.50 Profit=0.07%
2026-07-21 15:12:17 INFO     strategy        PnL: 15:12:17 MTM=490.75 Profit=0.07%
2026-07-21 15:12:18 INFO     strategy        PnL: 15:12:18 MTM=546.00 Profit=0.08%
2026-07-21 15:12:19 INFO     strategy        PnL: 15:12:19 MTM=507.00 Profit=0.08%
2026-07-21 15:12:20 INFO     strategy        PnL: 15:12:20 MTM=500.50 Profit=0.08%
2026-07-21 15:12:21 INFO     strategy        PnL: 15:12:21 MTM=510.25 Profit=0.08%
2026-07-21 15:12:22 INFO     strategy        PnL: 15:12:22 MTM=510.25 Profit=0.08%
2026-07-21 15:12:23 INFO     strategy        PnL: 15:12:23 MTM=507.00 Profit=0.08%
2026-07-21 15:12:24 INFO     strategy        PnL: 15:12:24 MTM=510.25 Profit=0.08%
2026-07-21 15:12:25 INFO     strategy        PnL: 15:12:25 MTM=477.75 Profit=0.07%
2026-07-21 15:12:26 INFO     strategy        PnL: 15:12:26 MTM=542.75 Profit=0.08%
2026-07-21 15:12:27 INFO     strategy        PnL: 15:12:27 MTM=552.50 Profit=0.08%
2026-07-21 15:12:28 INFO     strategy        PnL: 15:12:28 MTM=572.00 Profit=0.09%
2026-07-21 15:12:29 INFO     strategy        PnL: 15:12:29 MTM=549.25 Profit=0.08%
2026-07-21 15:12:30 INFO     strategy        PnL: 15:12:30 MTM=523.25 Profit=0.08%
2026-07-21 15:12:31 INFO     strategy        PnL: 15:12:31 MTM=542.75 Profit=0.08%
2026-07-21 15:12:32 INFO     strategy        PnL: 15:12:32 MTM=549.25 Profit=0.08%
2026-07-21 15:12:33 INFO     strategy        PnL: 15:12:33 MTM=562.25 Profit=0.08%
2026-07-21 15:12:34 INFO     strategy        PnL: 15:12:34 MTM=568.75 Profit=0.09%
2026-07-21 15:12:35 INFO     strategy        PnL: 15:12:35 MTM=536.25 Profit=0.08%
2026-07-21 15:12:36 INFO     strategy        PnL: 15:12:36 MTM=546.00 Profit=0.08%
2026-07-21 15:12:37 INFO     strategy        PnL: 15:12:37 MTM=552.50 Profit=0.08%
2026-07-21 15:12:38 INFO     strategy        PnL: 15:12:38 MTM=542.75 Profit=0.08%
2026-07-21 15:12:39 INFO     strategy        PnL: 15:12:39 MTM=533.00 Profit=0.08%
2026-07-21 15:12:40 INFO     strategy        PnL: 15:12:40 MTM=513.50 Profit=0.08%
2026-07-21 15:12:41 INFO     strategy        PnL: 15:12:41 MTM=513.50 Profit=0.08%
2026-07-21 15:12:42 INFO     strategy        PnL: 15:12:42 MTM=484.25 Profit=0.07%
2026-07-21 15:12:43 INFO     strategy        PnL: 15:12:43 MTM=500.50 Profit=0.08%
2026-07-21 15:12:44 INFO     strategy        PnL: 15:12:44 MTM=510.25 Profit=0.08%
2026-07-21 15:12:45 INFO     strategy        PnL: 15:12:45 MTM=507.00 Profit=0.08%
2026-07-21 15:12:46 INFO     strategy        PnL: 15:12:46 MTM=490.75 Profit=0.07%
2026-07-21 15:12:47 INFO     strategy        PnL: 15:12:47 MTM=490.75 Profit=0.07%
2026-07-21 15:12:48 INFO     strategy        PnL: 15:12:48 MTM=510.25 Profit=0.08%
2026-07-21 15:12:49 INFO     strategy        PnL: 15:12:49 MTM=529.75 Profit=0.08%
2026-07-21 15:12:50 INFO     strategy        PnL: 15:12:50 MTM=546.00 Profit=0.08%
2026-07-21 15:12:51 INFO     strategy        PnL: 15:12:51 MTM=572.00 Profit=0.09%
2026-07-21 15:12:52 INFO     strategy        PnL: 15:12:52 MTM=559.00 Profit=0.08%
2026-07-21 15:12:53 INFO     strategy        PnL: 15:12:53 MTM=578.50 Profit=0.09%
2026-07-21 15:12:54 INFO     strategy        PnL: 15:12:54 MTM=575.25 Profit=0.09%
2026-07-21 15:12:55 INFO     strategy        PnL: 15:12:55 MTM=611.00 Profit=0.09%
2026-07-21 15:12:56 INFO     strategy        PnL: 15:12:56 MTM=594.75 Profit=0.09%
2026-07-21 15:12:57 INFO     strategy        PnL: 15:12:57 MTM=598.00 Profit=0.09%
2026-07-21 15:12:58 INFO     strategy        PnL: 15:12:58 MTM=601.25 Profit=0.09%
2026-07-21 15:12:59 INFO     strategy        PnL: 15:12:59 MTM=591.50 Profit=0.09%
2026-07-21 15:13:00 INFO     strategy        PnL: 15:13:00 MTM=594.75 Profit=0.09%
2026-07-21 15:13:01 INFO     strategy        PnL: 15:13:01 MTM=549.25 Profit=0.08%
2026-07-21 15:13:02 INFO     strategy        PnL: 15:13:02 MTM=562.25 Profit=0.08%
2026-07-21 15:13:03 INFO     strategy        PnL: 15:13:03 MTM=575.25 Profit=0.09%
2026-07-21 15:13:04 INFO     strategy        PnL: 15:13:04 MTM=588.25 Profit=0.09%
2026-07-21 15:13:05 INFO     strategy        PnL: 15:13:05 MTM=591.50 Profit=0.09%
2026-07-21 15:13:06 INFO     strategy        PnL: 15:13:06 MTM=591.50 Profit=0.09%
2026-07-21 15:13:07 INFO     strategy        PnL: 15:13:07 MTM=585.00 Profit=0.09%
2026-07-21 15:13:08 INFO     strategy        PnL: 15:13:08 MTM=572.00 Profit=0.09%
2026-07-21 15:13:09 INFO     strategy        PnL: 15:13:09 MTM=552.50 Profit=0.08%
2026-07-21 15:13:10 INFO     strategy        PnL: 15:13:10 MTM=552.50 Profit=0.08%
2026-07-21 15:13:11 INFO     strategy        PnL: 15:13:11 MTM=552.50 Profit=0.08%
2026-07-21 15:13:12 INFO     strategy        PnL: 15:13:12 MTM=552.50 Profit=0.08%
2026-07-21 15:13:13 INFO     strategy        PnL: 15:13:13 MTM=552.50 Profit=0.08%
2026-07-21 15:13:14 INFO     strategy        PnL: 15:13:14 MTM=552.50 Profit=0.08%
2026-07-21 15:13:15 INFO     strategy        PnL: 15:13:15 MTM=640.25 Profit=0.10%
2026-07-21 15:13:16 INFO     strategy        PnL: 15:13:16 MTM=650.00 Profit=0.10%
2026-07-21 15:13:17 INFO     strategy        PnL: 15:13:17 MTM=663.00 Profit=0.10%
2026-07-21 15:13:18 INFO     strategy        PnL: 15:13:18 MTM=627.25 Profit=0.09%
2026-07-21 15:13:19 INFO     strategy        PnL: 15:13:19 MTM=653.25 Profit=0.10%
2026-07-21 15:13:20 INFO     strategy        PnL: 15:13:20 MTM=656.50 Profit=0.10%
2026-07-21 15:13:21 INFO     strategy        PnL: 15:13:21 MTM=624.00 Profit=0.09%
2026-07-21 15:13:22 INFO     strategy        PnL: 15:13:22 MTM=620.75 Profit=0.09%
2026-07-21 15:13:23 INFO     strategy        PnL: 15:13:23 MTM=601.25 Profit=0.09%
2026-07-21 15:13:24 INFO     strategy        PnL: 15:13:24 MTM=588.25 Profit=0.09%
2026-07-21 15:13:25 INFO     strategy        PnL: 15:13:25 MTM=604.50 Profit=0.09%
2026-07-21 15:13:26 INFO     strategy        PnL: 15:13:26 MTM=607.75 Profit=0.09%
2026-07-21 15:13:27 INFO     strategy        PnL: 15:13:27 MTM=620.75 Profit=0.09%
2026-07-21 15:13:28 INFO     strategy        PnL: 15:13:28 MTM=601.25 Profit=0.09%
2026-07-21 15:13:29 INFO     strategy        PnL: 15:13:29 MTM=617.50 Profit=0.09%
2026-07-21 15:13:30 INFO     strategy        PnL: 15:13:30 MTM=601.25 Profit=0.09%
2026-07-21 15:13:31 INFO     strategy        PnL: 15:13:31 MTM=624.00 Profit=0.09%
2026-07-21 15:13:32 INFO     strategy        PnL: 15:13:32 MTM=617.50 Profit=0.09%
2026-07-21 15:13:33 INFO     strategy        PnL: 15:13:33 MTM=624.00 Profit=0.09%
2026-07-21 15:13:34 INFO     strategy        PnL: 15:13:34 MTM=650.00 Profit=0.10%
2026-07-21 15:13:35 INFO     strategy        PnL: 15:13:35 MTM=643.50 Profit=0.10%
2026-07-21 15:13:36 INFO     strategy        PnL: 15:13:36 MTM=637.00 Profit=0.10%
2026-07-21 15:13:37 INFO     strategy        PnL: 15:13:37 MTM=607.75 Profit=0.09%
2026-07-21 15:13:38 INFO     strategy        PnL: 15:13:38 MTM=555.75 Profit=0.08%
2026-07-21 15:13:39 INFO     strategy        PnL: 15:13:39 MTM=565.50 Profit=0.09%
2026-07-21 15:13:41 INFO     strategy        PnL: 15:13:41 MTM=546.00 Profit=0.08%
2026-07-21 15:13:42 INFO     strategy        PnL: 15:13:42 MTM=549.25 Profit=0.08%
2026-07-21 15:13:43 INFO     strategy        PnL: 15:13:43 MTM=542.75 Profit=0.08%
2026-07-21 15:13:44 INFO     strategy        PnL: 15:13:44 MTM=529.75 Profit=0.08%
2026-07-21 15:13:45 INFO     strategy        PnL: 15:13:45 MTM=552.50 Profit=0.08%
2026-07-21 15:13:46 INFO     strategy        PnL: 15:13:46 MTM=526.50 Profit=0.08%
2026-07-21 15:13:47 INFO     strategy        PnL: 15:13:47 MTM=549.25 Profit=0.08%
2026-07-21 15:13:48 INFO     strategy        PnL: 15:13:48 MTM=513.50 Profit=0.08%
2026-07-21 15:13:49 INFO     strategy        PnL: 15:13:49 MTM=461.50 Profit=0.07%
2026-07-21 15:13:50 INFO     strategy        PnL: 15:13:50 MTM=455.00 Profit=0.07%
2026-07-21 15:13:51 INFO     strategy        PnL: 15:13:51 MTM=474.50 Profit=0.07%
2026-07-21 15:13:52 INFO     strategy        PnL: 15:13:52 MTM=477.75 Profit=0.07%
2026-07-21 15:13:53 INFO     strategy        PnL: 15:13:53 MTM=477.75 Profit=0.07%
2026-07-21 15:13:54 INFO     strategy        PnL: 15:13:54 MTM=464.75 Profit=0.07%
2026-07-21 15:13:55 INFO     strategy        PnL: 15:13:55 MTM=471.25 Profit=0.07%
2026-07-21 15:13:56 INFO     strategy        PnL: 15:13:56 MTM=471.25 Profit=0.07%
2026-07-21 15:13:57 INFO     strategy        PnL: 15:13:57 MTM=477.75 Profit=0.07%
2026-07-21 15:13:58 INFO     strategy        PnL: 15:13:58 MTM=471.25 Profit=0.07%
2026-07-21 15:13:59 INFO     strategy        PnL: 15:13:59 MTM=490.75 Profit=0.07%
2026-07-21 15:14:00 INFO     strategy        PnL: 15:14:00 MTM=490.75 Profit=0.07%
2026-07-21 15:14:01 INFO     strategy        PnL: 15:14:01 MTM=477.75 Profit=0.07%
2026-07-21 15:14:02 INFO     strategy        PnL: 15:14:02 MTM=487.50 Profit=0.07%
2026-07-21 15:14:03 INFO     strategy        PnL: 15:14:03 MTM=523.25 Profit=0.08%
2026-07-21 15:14:04 INFO     strategy        PnL: 15:14:04 MTM=529.75 Profit=0.08%
2026-07-21 15:14:05 INFO     strategy        PnL: 15:14:05 MTM=552.50 Profit=0.08%
2026-07-21 15:14:06 INFO     strategy        PnL: 15:14:06 MTM=529.75 Profit=0.08%
2026-07-21 15:14:07 INFO     strategy        PnL: 15:14:07 MTM=523.25 Profit=0.08%
2026-07-21 15:14:08 INFO     strategy        PnL: 15:14:08 MTM=526.50 Profit=0.08%
2026-07-21 15:14:09 INFO     strategy        PnL: 15:14:09 MTM=471.25 Profit=0.07%
2026-07-21 15:14:10 INFO     strategy        PnL: 15:14:10 MTM=461.50 Profit=0.07%
2026-07-21 15:14:11 INFO     strategy        PnL: 15:14:11 MTM=455.00 Profit=0.07%
2026-07-21 15:14:12 INFO     strategy        PnL: 15:14:12 MTM=461.50 Profit=0.07%
2026-07-21 15:14:13 INFO     strategy        PnL: 15:14:13 MTM=461.50 Profit=0.07%
2026-07-21 15:14:14 INFO     strategy        PnL: 15:14:14 MTM=484.25 Profit=0.07%
2026-07-21 15:14:15 INFO     strategy        PnL: 15:14:15 MTM=481.00 Profit=0.07%
2026-07-21 15:14:16 INFO     strategy        PnL: 15:14:16 MTM=471.25 Profit=0.07%
2026-07-21 15:14:17 INFO     strategy        PnL: 15:14:17 MTM=490.75 Profit=0.07%
2026-07-21 15:14:18 INFO     strategy        PnL: 15:14:18 MTM=503.75 Profit=0.08%
2026-07-21 15:14:19 INFO     strategy        PnL: 15:14:19 MTM=494.00 Profit=0.07%
2026-07-21 15:14:20 INFO     strategy        PnL: 15:14:20 MTM=503.75 Profit=0.08%
2026-07-21 15:14:21 INFO     strategy        PnL: 15:14:21 MTM=497.25 Profit=0.07%
2026-07-21 15:14:22 INFO     strategy        PnL: 15:14:22 MTM=507.00 Profit=0.08%
2026-07-21 15:14:23 INFO     strategy        PnL: 15:14:23 MTM=490.75 Profit=0.07%
2026-07-21 15:14:24 INFO     strategy        PnL: 15:14:24 MTM=471.25 Profit=0.07%
2026-07-21 15:14:25 INFO     strategy        PnL: 15:14:25 MTM=487.50 Profit=0.07%
2026-07-21 15:14:26 INFO     strategy        PnL: 15:14:26 MTM=487.50 Profit=0.07%
2026-07-21 15:14:27 INFO     strategy        PnL: 15:14:27 MTM=484.25 Profit=0.07%
2026-07-21 15:14:28 INFO     strategy        PnL: 15:14:28 MTM=474.50 Profit=0.07%
2026-07-21 15:14:29 INFO     strategy        PnL: 15:14:29 MTM=490.75 Profit=0.07%
2026-07-21 15:14:30 INFO     strategy        PnL: 15:14:30 MTM=468.00 Profit=0.07%
2026-07-21 15:14:31 INFO     strategy        PnL: 15:14:31 MTM=471.25 Profit=0.07%
2026-07-21 15:14:32 INFO     strategy        PnL: 15:14:32 MTM=455.00 Profit=0.07%
2026-07-21 15:14:33 INFO     strategy        PnL: 15:14:33 MTM=468.00 Profit=0.07%
2026-07-21 15:14:34 INFO     strategy        PnL: 15:14:34 MTM=419.25 Profit=0.06%
2026-07-21 15:14:35 INFO     strategy        PnL: 15:14:35 MTM=422.50 Profit=0.06%
2026-07-21 15:14:36 INFO     strategy        PnL: 15:14:36 MTM=393.25 Profit=0.06%
2026-07-21 15:14:37 INFO     strategy        PnL: 15:14:37 MTM=399.75 Profit=0.06%
2026-07-21 15:14:38 INFO     strategy        PnL: 15:14:38 MTM=403.00 Profit=0.06%
2026-07-21 15:14:39 INFO     strategy        PnL: 15:14:39 MTM=386.75 Profit=0.06%
2026-07-21 15:14:40 INFO     strategy        PnL: 15:14:40 MTM=383.50 Profit=0.06%
2026-07-21 15:14:41 INFO     strategy        PnL: 15:14:41 MTM=399.75 Profit=0.06%
2026-07-21 15:14:42 INFO     strategy        PnL: 15:14:42 MTM=386.75 Profit=0.06%
2026-07-21 15:14:43 INFO     strategy        PnL: 15:14:43 MTM=406.25 Profit=0.06%
2026-07-21 15:14:44 INFO     strategy        PnL: 15:14:44 MTM=419.25 Profit=0.06%
2026-07-21 15:14:45 INFO     strategy        PnL: 15:14:45 MTM=432.25 Profit=0.07%
2026-07-21 15:14:46 INFO     strategy        PnL: 15:14:46 MTM=458.25 Profit=0.07%
2026-07-21 15:14:47 INFO     strategy        PnL: 15:14:47 MTM=458.25 Profit=0.07%
2026-07-21 15:14:48 INFO     strategy        PnL: 15:14:48 MTM=429.00 Profit=0.06%
2026-07-21 15:14:49 INFO     strategy        PnL: 15:14:49 MTM=435.50 Profit=0.07%
2026-07-21 15:14:50 INFO     strategy        PnL: 15:14:50 MTM=461.50 Profit=0.07%
2026-07-21 15:14:51 INFO     strategy        PnL: 15:14:51 MTM=464.75 Profit=0.07%
2026-07-21 15:14:52 INFO     strategy        PnL: 15:14:52 MTM=464.75 Profit=0.07%
2026-07-21 15:14:53 INFO     strategy        PnL: 15:14:53 MTM=481.00 Profit=0.07%
2026-07-21 15:14:54 INFO     strategy        PnL: 15:14:54 MTM=490.75 Profit=0.07%
2026-07-21 15:14:55 INFO     strategy        PnL: 15:14:55 MTM=490.75 Profit=0.07%
2026-07-21 15:14:56 INFO     strategy        PnL: 15:14:56 MTM=435.50 Profit=0.07%
2026-07-21 15:14:57 INFO     strategy        PnL: 15:14:57 MTM=432.25 Profit=0.07%
2026-07-21 15:14:58 INFO     strategy        PnL: 15:14:58 MTM=416.00 Profit=0.06%
2026-07-21 15:14:59 INFO     strategy        PnL: 15:14:59 MTM=448.50 Profit=0.07%
2026-07-21 15:15:00 INFO     strategy        PnL: 15:15:00 MTM=461.50 Profit=0.07%
2026-07-21 15:15:01 INFO     strategy        PnL: 15:15:01 MTM=464.75 Profit=0.07%
2026-07-21 15:15:02 INFO     strategy        PnL: 15:15:02 MTM=477.75 Profit=0.07%
2026-07-21 15:15:03 INFO     strategy        PnL: 15:15:03 MTM=464.75 Profit=0.07%
2026-07-21 15:15:04 INFO     strategy        PnL: 15:15:04 MTM=474.50 Profit=0.07%
2026-07-21 15:15:05 INFO     strategy        PnL: 15:15:05 MTM=490.75 Profit=0.07%
2026-07-21 15:15:06 INFO     strategy        PnL: 15:15:06 MTM=516.75 Profit=0.08%
2026-07-21 15:15:07 INFO     strategy        PnL: 15:15:07 MTM=520.00 Profit=0.08%
2026-07-21 15:15:08 INFO     strategy        PnL: 15:15:08 MTM=510.25 Profit=0.08%
2026-07-21 15:15:09 INFO     strategy        PnL: 15:15:09 MTM=497.25 Profit=0.07%
2026-07-21 15:15:10 INFO     strategy        PnL: 15:15:10 MTM=533.00 Profit=0.08%
2026-07-21 15:15:11 INFO     strategy        PnL: 15:15:11 MTM=484.25 Profit=0.07%
2026-07-21 15:15:12 INFO     strategy        PnL: 15:15:12 MTM=503.75 Profit=0.08%
2026-07-21 15:15:13 INFO     strategy        PnL: 15:15:13 MTM=464.75 Profit=0.07%
2026-07-21 15:15:14 INFO     strategy        PnL: 15:15:14 MTM=477.75 Profit=0.07%
2026-07-21 15:15:15 INFO     strategy        PnL: 15:15:15 MTM=458.25 Profit=0.07%
2026-07-21 15:15:16 INFO     strategy        PnL: 15:15:16 MTM=487.50 Profit=0.07%
2026-07-21 15:15:17 INFO     strategy        PnL: 15:15:17 MTM=471.25 Profit=0.07%
2026-07-21 15:15:18 INFO     strategy        PnL: 15:15:18 MTM=487.50 Profit=0.07%
2026-07-21 15:15:19 INFO     strategy        PnL: 15:15:19 MTM=490.75 Profit=0.07%
2026-07-21 15:15:20 INFO     strategy        PnL: 15:15:20 MTM=487.50 Profit=0.07%
2026-07-21 15:15:21 INFO     strategy        PnL: 15:15:21 MTM=474.50 Profit=0.07%
2026-07-21 15:15:22 INFO     strategy        PnL: 15:15:22 MTM=484.25 Profit=0.07%
2026-07-21 15:15:23 INFO     strategy        PnL: 15:15:23 MTM=507.00 Profit=0.08%
2026-07-21 15:15:24 INFO     strategy        PnL: 15:15:24 MTM=497.25 Profit=0.07%
2026-07-21 15:15:26 INFO     strategy        PnL: 15:15:26 MTM=477.75 Profit=0.07%
2026-07-21 15:15:27 INFO     strategy        PnL: 15:15:27 MTM=487.50 Profit=0.07%
2026-07-21 15:15:28 INFO     strategy        PnL: 15:15:28 MTM=458.25 Profit=0.07%
2026-07-21 15:15:29 INFO     strategy        PnL: 15:15:29 MTM=425.75 Profit=0.06%
2026-07-21 15:15:30 INFO     strategy        PnL: 15:15:30 MTM=432.25 Profit=0.07%
2026-07-21 15:15:31 INFO     strategy        PnL: 15:15:31 MTM=438.75 Profit=0.07%
2026-07-21 15:15:32 INFO     strategy        PnL: 15:15:32 MTM=425.75 Profit=0.06%
2026-07-21 15:15:33 INFO     strategy        PnL: 15:15:33 MTM=429.00 Profit=0.06%
2026-07-21 15:15:34 INFO     strategy        PnL: 15:15:34 MTM=409.50 Profit=0.06%
2026-07-21 15:15:35 INFO     strategy        PnL: 15:15:35 MTM=435.50 Profit=0.07%
2026-07-21 15:15:36 INFO     strategy        PnL: 15:15:36 MTM=435.50 Profit=0.07%
2026-07-21 15:15:37 INFO     strategy        PnL: 15:15:37 MTM=442.00 Profit=0.07%
2026-07-21 15:15:38 INFO     strategy        PnL: 15:15:38 MTM=435.50 Profit=0.07%
2026-07-21 15:15:39 INFO     strategy        PnL: 15:15:39 MTM=429.00 Profit=0.06%
2026-07-21 15:15:40 INFO     strategy        PnL: 15:15:40 MTM=442.00 Profit=0.07%
2026-07-21 15:15:41 INFO     strategy        PnL: 15:15:41 MTM=448.50 Profit=0.07%
2026-07-21 15:15:42 INFO     strategy        PnL: 15:15:42 MTM=403.00 Profit=0.06%
2026-07-21 15:15:43 INFO     strategy        PnL: 15:15:43 MTM=386.75 Profit=0.06%
2026-07-21 15:15:44 INFO     strategy        PnL: 15:15:44 MTM=393.25 Profit=0.06%
2026-07-21 15:15:45 INFO     strategy        PnL: 15:15:45 MTM=406.25 Profit=0.06%
2026-07-21 15:15:46 INFO     strategy        PnL: 15:15:46 MTM=416.00 Profit=0.06%
2026-07-21 15:15:47 INFO     strategy        PnL: 15:15:47 MTM=419.25 Profit=0.06%
2026-07-21 15:15:48 INFO     strategy        PnL: 15:15:48 MTM=419.25 Profit=0.06%
2026-07-21 15:15:49 INFO     strategy        PnL: 15:15:49 MTM=455.00 Profit=0.07%
2026-07-21 15:15:50 INFO     strategy        PnL: 15:15:50 MTM=451.75 Profit=0.07%
2026-07-21 15:15:51 INFO     strategy        PnL: 15:15:51 MTM=448.50 Profit=0.07%
2026-07-21 15:15:52 INFO     strategy        PnL: 15:15:52 MTM=455.00 Profit=0.07%
2026-07-21 15:15:53 INFO     strategy        PnL: 15:15:53 MTM=461.50 Profit=0.07%
2026-07-21 15:15:54 INFO     strategy        PnL: 15:15:54 MTM=461.50 Profit=0.07%
2026-07-21 15:15:55 INFO     strategy        PnL: 15:15:55 MTM=481.00 Profit=0.07%
2026-07-21 15:15:56 INFO     strategy        PnL: 15:15:56 MTM=490.75 Profit=0.07%
2026-07-21 15:15:57 INFO     strategy        PnL: 15:15:57 MTM=503.75 Profit=0.08%
2026-07-21 15:15:58 INFO     strategy        PnL: 15:15:58 MTM=481.00 Profit=0.07%
2026-07-21 15:15:59 INFO     strategy        PnL: 15:15:59 MTM=458.25 Profit=0.07%
2026-07-21 15:16:00 INFO     strategy        PnL: 15:16:00 MTM=455.00 Profit=0.07%
2026-07-21 15:16:01 INFO     strategy        PnL: 15:16:01 MTM=464.75 Profit=0.07%
2026-07-21 15:16:02 INFO     strategy        PnL: 15:16:02 MTM=451.75 Profit=0.07%
2026-07-21 15:16:03 INFO     strategy        PnL: 15:16:03 MTM=425.75 Profit=0.06%
2026-07-21 15:16:04 INFO     strategy        PnL: 15:16:04 MTM=442.00 Profit=0.07%
2026-07-21 15:16:05 INFO     strategy        PnL: 15:16:05 MTM=419.25 Profit=0.06%
2026-07-21 15:16:06 INFO     strategy        PnL: 15:16:06 MTM=425.75 Profit=0.06%
2026-07-21 15:16:07 INFO     strategy        PnL: 15:16:07 MTM=432.25 Profit=0.07%
2026-07-21 15:16:08 INFO     strategy        PnL: 15:16:08 MTM=429.00 Profit=0.06%
2026-07-21 15:16:09 INFO     strategy        PnL: 15:16:09 MTM=419.25 Profit=0.06%
2026-07-21 15:16:10 INFO     strategy        PnL: 15:16:10 MTM=419.25 Profit=0.06%
2026-07-21 15:16:11 INFO     strategy        PnL: 15:16:11 MTM=396.50 Profit=0.06%
2026-07-21 15:16:12 INFO     strategy        PnL: 15:16:12 MTM=503.75 Profit=0.08%
2026-07-21 15:16:13 INFO     strategy        PnL: 15:16:13 MTM=484.25 Profit=0.07%
2026-07-21 15:16:14 INFO     strategy        PnL: 15:16:14 MTM=539.50 Profit=0.08%
2026-07-21 15:16:15 INFO     strategy        PnL: 15:16:15 MTM=494.00 Profit=0.07%
2026-07-21 15:16:16 INFO     strategy        PnL: 15:16:16 MTM=484.25 Profit=0.07%
2026-07-21 15:16:17 INFO     strategy        PnL: 15:16:17 MTM=484.25 Profit=0.07%
2026-07-21 15:16:18 INFO     strategy        PnL: 15:16:18 MTM=520.00 Profit=0.08%
2026-07-21 15:16:19 INFO     strategy        PnL: 15:16:19 MTM=516.75 Profit=0.08%
2026-07-21 15:16:20 INFO     strategy        PnL: 15:16:20 MTM=536.25 Profit=0.08%
2026-07-21 15:16:21 INFO     strategy        PnL: 15:16:21 MTM=513.50 Profit=0.08%
2026-07-21 15:16:22 INFO     strategy        PnL: 15:16:22 MTM=494.00 Profit=0.07%
2026-07-21 15:16:23 INFO     strategy        PnL: 15:16:23 MTM=503.75 Profit=0.08%
2026-07-21 15:16:24 INFO     strategy        PnL: 15:16:24 MTM=510.25 Profit=0.08%
2026-07-21 15:16:25 INFO     strategy        PnL: 15:16:25 MTM=494.00 Profit=0.07%
2026-07-21 15:16:26 INFO     strategy        PnL: 15:16:26 MTM=494.00 Profit=0.07%
2026-07-21 15:16:27 INFO     strategy        PnL: 15:16:27 MTM=510.25 Profit=0.08%
2026-07-21 15:16:28 INFO     strategy        PnL: 15:16:28 MTM=510.25 Profit=0.08%
2026-07-21 15:16:29 INFO     strategy        PnL: 15:16:29 MTM=503.75 Profit=0.08%
2026-07-21 15:16:30 INFO     strategy        PnL: 15:16:30 MTM=500.50 Profit=0.08%
2026-07-21 15:16:31 INFO     strategy        PnL: 15:16:31 MTM=497.25 Profit=0.07%
2026-07-21 15:16:32 INFO     strategy        PnL: 15:16:32 MTM=494.00 Profit=0.07%
2026-07-21 15:16:33 INFO     strategy        PnL: 15:16:33 MTM=481.00 Profit=0.07%
2026-07-21 15:16:34 INFO     strategy        PnL: 15:16:34 MTM=497.25 Profit=0.07%
2026-07-21 15:16:35 INFO     strategy        PnL: 15:16:35 MTM=513.50 Profit=0.08%
2026-07-21 15:16:36 INFO     strategy        PnL: 15:16:36 MTM=510.25 Profit=0.08%
2026-07-21 15:16:37 INFO     strategy        PnL: 15:16:37 MTM=513.50 Profit=0.08%
2026-07-21 15:16:38 INFO     strategy        PnL: 15:16:38 MTM=503.75 Profit=0.08%
2026-07-21 15:16:39 INFO     strategy        PnL: 15:16:39 MTM=490.75 Profit=0.07%
2026-07-21 15:16:40 INFO     strategy        PnL: 15:16:40 MTM=516.75 Profit=0.08%
2026-07-21 15:16:41 INFO     strategy        PnL: 15:16:41 MTM=523.25 Profit=0.08%
2026-07-21 15:16:42 INFO     strategy        PnL: 15:16:42 MTM=516.75 Profit=0.08%
2026-07-21 15:16:43 INFO     strategy        PnL: 15:16:43 MTM=539.50 Profit=0.08%
2026-07-21 15:16:44 INFO     strategy        PnL: 15:16:44 MTM=552.50 Profit=0.08%
2026-07-21 15:16:45 INFO     strategy        PnL: 15:16:45 MTM=549.25 Profit=0.08%
2026-07-21 15:16:46 INFO     strategy        PnL: 15:16:46 MTM=523.25 Profit=0.08%
2026-07-21 15:16:47 INFO     strategy        PnL: 15:16:47 MTM=500.50 Profit=0.08%
2026-07-21 15:16:48 INFO     strategy        PnL: 15:16:48 MTM=490.75 Profit=0.07%
2026-07-21 15:16:49 INFO     strategy        PnL: 15:16:49 MTM=520.00 Profit=0.08%
2026-07-21 15:16:50 INFO     strategy        PnL: 15:16:50 MTM=533.00 Profit=0.08%
2026-07-21 15:16:51 INFO     strategy        PnL: 15:16:51 MTM=572.00 Profit=0.09%
2026-07-21 15:16:52 INFO     strategy        PnL: 15:16:52 MTM=568.75 Profit=0.09%
2026-07-21 15:16:53 INFO     strategy        PnL: 15:16:53 MTM=552.50 Profit=0.08%
2026-07-21 15:16:54 INFO     strategy        PnL: 15:16:54 MTM=549.25 Profit=0.08%
2026-07-21 15:16:55 INFO     strategy        PnL: 15:16:55 MTM=581.75 Profit=0.09%
2026-07-21 15:16:56 INFO     strategy        PnL: 15:16:56 MTM=585.00 Profit=0.09%
2026-07-21 15:16:57 INFO     strategy        PnL: 15:16:57 MTM=594.75 Profit=0.09%
2026-07-21 15:16:58 INFO     strategy        PnL: 15:16:58 MTM=601.25 Profit=0.09%
2026-07-21 15:16:59 INFO     strategy        PnL: 15:16:59 MTM=588.25 Profit=0.09%
2026-07-21 15:17:00 INFO     strategy        PnL: 15:17:00 MTM=585.00 Profit=0.09%
2026-07-21 15:17:01 INFO     strategy        PnL: 15:17:01 MTM=607.75 Profit=0.09%
2026-07-21 15:17:02 INFO     strategy        PnL: 15:17:02 MTM=601.25 Profit=0.09%
2026-07-21 15:17:03 INFO     strategy        PnL: 15:17:03 MTM=643.50 Profit=0.10%
2026-07-21 15:17:04 INFO     strategy        PnL: 15:17:04 MTM=653.25 Profit=0.10%
2026-07-21 15:17:05 INFO     strategy        PnL: 15:17:05 MTM=627.25 Profit=0.09%
2026-07-21 15:17:06 INFO     strategy        PnL: 15:17:06 MTM=617.50 Profit=0.09%
2026-07-21 15:17:07 INFO     strategy        PnL: 15:17:07 MTM=640.25 Profit=0.10%
2026-07-21 15:17:08 INFO     strategy        PnL: 15:17:08 MTM=637.00 Profit=0.10%
2026-07-21 15:17:09 INFO     strategy        PnL: 15:17:09 MTM=656.50 Profit=0.10%
2026-07-21 15:17:10 INFO     strategy        PnL: 15:17:10 MTM=659.75 Profit=0.10%
2026-07-21 15:17:11 INFO     strategy        PnL: 15:17:11 MTM=669.50 Profit=0.10%
2026-07-21 15:17:12 INFO     strategy        PnL: 15:17:12 MTM=640.25 Profit=0.10%
2026-07-21 15:17:13 INFO     strategy        PnL: 15:17:13 MTM=659.75 Profit=0.10%
2026-07-21 15:17:14 INFO     strategy        PnL: 15:17:14 MTM=640.25 Profit=0.10%
2026-07-21 15:17:15 INFO     strategy        PnL: 15:17:15 MTM=653.25 Profit=0.10%
2026-07-21 15:17:16 INFO     strategy        PnL: 15:17:16 MTM=659.75 Profit=0.10%
2026-07-21 15:17:17 INFO     strategy        PnL: 15:17:17 MTM=679.25 Profit=0.10%
2026-07-21 15:17:18 INFO     strategy        PnL: 15:17:18 MTM=676.00 Profit=0.10%
2026-07-21 15:17:19 INFO     strategy        PnL: 15:17:19 MTM=653.25 Profit=0.10%
2026-07-21 15:17:20 INFO     strategy        PnL: 15:17:20 MTM=679.25 Profit=0.10%
2026-07-21 15:17:21 INFO     strategy        PnL: 15:17:21 MTM=689.00 Profit=0.10%
2026-07-21 15:17:22 INFO     strategy        PnL: 15:17:22 MTM=666.25 Profit=0.10%
2026-07-21 15:17:23 INFO     strategy        PnL: 15:17:23 MTM=653.25 Profit=0.10%
2026-07-21 15:17:24 INFO     strategy        PnL: 15:17:24 MTM=676.00 Profit=0.10%
2026-07-21 15:17:25 INFO     strategy        PnL: 15:17:25 MTM=679.25 Profit=0.10%
2026-07-21 15:17:26 INFO     strategy        PnL: 15:17:26 MTM=685.75 Profit=0.10%
2026-07-21 15:17:27 INFO     strategy        PnL: 15:17:27 MTM=692.25 Profit=0.10%
2026-07-21 15:17:28 INFO     strategy        PnL: 15:17:28 MTM=715.00 Profit=0.11%
2026-07-21 15:17:29 INFO     strategy        PnL: 15:17:29 MTM=695.50 Profit=0.10%
2026-07-21 15:17:30 INFO     strategy        PnL: 15:17:30 MTM=718.25 Profit=0.11%
2026-07-21 15:17:31 INFO     strategy        PnL: 15:17:31 MTM=702.00 Profit=0.11%
2026-07-21 15:17:32 INFO     strategy        PnL: 15:17:32 MTM=695.50 Profit=0.10%
2026-07-21 15:17:33 INFO     strategy        PnL: 15:17:33 MTM=656.50 Profit=0.10%
2026-07-21 15:17:34 INFO     strategy        PnL: 15:17:34 MTM=646.75 Profit=0.10%
2026-07-21 15:17:35 INFO     strategy        PnL: 15:17:35 MTM=630.50 Profit=0.09%
2026-07-21 15:17:36 INFO     strategy        PnL: 15:17:36 MTM=656.50 Profit=0.10%
2026-07-21 15:17:37 INFO     strategy        PnL: 15:17:37 MTM=650.00 Profit=0.10%
2026-07-21 15:17:38 INFO     strategy        PnL: 15:17:38 MTM=676.00 Profit=0.10%
2026-07-21 15:17:39 INFO     strategy        PnL: 15:17:39 MTM=669.50 Profit=0.10%
2026-07-21 15:17:40 INFO     strategy        PnL: 15:17:40 MTM=685.75 Profit=0.10%
2026-07-21 15:17:41 INFO     strategy        PnL: 15:17:41 MTM=676.00 Profit=0.10%
2026-07-21 15:17:42 INFO     strategy        PnL: 15:17:42 MTM=663.00 Profit=0.10%
2026-07-21 15:17:43 INFO     strategy        PnL: 15:17:43 MTM=666.25 Profit=0.10%
2026-07-21 15:17:44 INFO     strategy        PnL: 15:17:44 MTM=659.75 Profit=0.10%
2026-07-21 15:17:45 INFO     strategy        PnL: 15:17:45 MTM=672.75 Profit=0.10%
2026-07-21 15:17:46 INFO     strategy        PnL: 15:17:46 MTM=663.00 Profit=0.10%
2026-07-21 15:17:47 INFO     strategy        PnL: 15:17:47 MTM=666.25 Profit=0.10%
2026-07-21 15:17:48 INFO     strategy        PnL: 15:17:48 MTM=672.75 Profit=0.10%
2026-07-21 15:17:49 INFO     strategy        PnL: 15:17:49 MTM=682.50 Profit=0.10%
2026-07-21 15:17:50 INFO     strategy        PnL: 15:17:50 MTM=685.75 Profit=0.10%
2026-07-21 15:17:51 INFO     strategy        PnL: 15:17:51 MTM=685.75 Profit=0.10%
2026-07-21 15:17:52 INFO     strategy        PnL: 15:17:52 MTM=692.25 Profit=0.10%
2026-07-21 15:17:53 INFO     strategy        PnL: 15:17:53 MTM=672.75 Profit=0.10%
2026-07-21 15:17:54 INFO     strategy        PnL: 15:17:54 MTM=663.00 Profit=0.10%
2026-07-21 15:17:55 INFO     strategy        PnL: 15:17:55 MTM=679.25 Profit=0.10%
2026-07-21 15:17:56 INFO     strategy        PnL: 15:17:56 MTM=672.75 Profit=0.10%
2026-07-21 15:17:57 INFO     strategy        PnL: 15:17:57 MTM=685.75 Profit=0.10%
2026-07-21 15:17:58 INFO     strategy        PnL: 15:17:58 MTM=702.00 Profit=0.11%
2026-07-21 15:17:59 INFO     strategy        PnL: 15:17:59 MTM=689.00 Profit=0.10%
2026-07-21 15:18:00 INFO     strategy        PnL: 15:18:00 MTM=724.75 Profit=0.11%
2026-07-21 15:18:01 INFO     strategy        PnL: 15:18:01 MTM=698.75 Profit=0.11%
2026-07-21 15:18:02 INFO     strategy        PnL: 15:18:02 MTM=747.50 Profit=0.11%
2026-07-21 15:18:04 INFO     strategy        PnL: 15:18:04 MTM=718.25 Profit=0.11%
2026-07-21 15:18:05 INFO     strategy        PnL: 15:18:05 MTM=702.00 Profit=0.11%
2026-07-21 15:18:06 INFO     strategy        PnL: 15:18:06 MTM=666.25 Profit=0.10%
2026-07-21 15:18:07 INFO     strategy        PnL: 15:18:07 MTM=663.00 Profit=0.10%
2026-07-21 15:18:08 INFO     strategy        PnL: 15:18:08 MTM=650.00 Profit=0.10%
2026-07-21 15:18:09 INFO     strategy        PnL: 15:18:09 MTM=637.00 Profit=0.10%
2026-07-21 15:18:10 INFO     strategy        PnL: 15:18:10 MTM=643.50 Profit=0.10%
2026-07-21 15:18:11 INFO     strategy        PnL: 15:18:11 MTM=650.00 Profit=0.10%
2026-07-21 15:18:12 INFO     strategy        PnL: 15:18:12 MTM=627.25 Profit=0.09%
2026-07-21 15:18:13 INFO     strategy        PnL: 15:18:13 MTM=643.50 Profit=0.10%
2026-07-21 15:18:14 INFO     strategy        PnL: 15:18:14 MTM=659.75 Profit=0.10%
2026-07-21 15:18:15 INFO     strategy        PnL: 15:18:15 MTM=646.75 Profit=0.10%
2026-07-21 15:18:16 INFO     strategy        PnL: 15:18:16 MTM=650.00 Profit=0.10%
2026-07-21 15:18:17 INFO     strategy        PnL: 15:18:17 MTM=653.25 Profit=0.10%
2026-07-21 15:18:18 INFO     strategy        PnL: 15:18:18 MTM=656.50 Profit=0.10%
2026-07-21 15:18:19 INFO     strategy        PnL: 15:18:19 MTM=659.75 Profit=0.10%
2026-07-21 15:18:20 INFO     strategy        PnL: 15:18:20 MTM=653.25 Profit=0.10%
2026-07-21 15:18:21 INFO     strategy        PnL: 15:18:21 MTM=640.25 Profit=0.10%
2026-07-21 15:18:22 INFO     strategy        PnL: 15:18:22 MTM=663.00 Profit=0.10%
2026-07-21 15:18:23 INFO     strategy        PnL: 15:18:23 MTM=663.00 Profit=0.10%
2026-07-21 15:18:24 INFO     strategy        PnL: 15:18:24 MTM=640.25 Profit=0.10%
2026-07-21 15:18:25 INFO     strategy        PnL: 15:18:25 MTM=643.50 Profit=0.10%
2026-07-21 15:18:26 INFO     strategy        PnL: 15:18:26 MTM=611.00 Profit=0.09%
2026-07-21 15:18:27 INFO     strategy        PnL: 15:18:27 MTM=611.00 Profit=0.09%
2026-07-21 15:18:28 INFO     strategy        PnL: 15:18:28 MTM=588.25 Profit=0.09%
2026-07-21 15:18:29 INFO     strategy        PnL: 15:18:29 MTM=588.25 Profit=0.09%
2026-07-21 15:18:30 INFO     strategy        PnL: 15:18:30 MTM=594.75 Profit=0.09%
2026-07-21 15:18:31 INFO     strategy        PnL: 15:18:31 MTM=611.00 Profit=0.09%
2026-07-21 15:18:32 INFO     strategy        PnL: 15:18:32 MTM=585.00 Profit=0.09%
2026-07-21 15:18:33 INFO     strategy        PnL: 15:18:33 MTM=598.00 Profit=0.09%
2026-07-21 15:18:34 INFO     strategy        PnL: 15:18:34 MTM=611.00 Profit=0.09%
2026-07-21 15:18:35 INFO     strategy        PnL: 15:18:35 MTM=627.25 Profit=0.09%
2026-07-21 15:18:36 INFO     strategy        PnL: 15:18:36 MTM=607.75 Profit=0.09%
2026-07-21 15:18:37 INFO     strategy        PnL: 15:18:37 MTM=614.25 Profit=0.09%
2026-07-21 15:18:38 INFO     strategy        PnL: 15:18:38 MTM=640.25 Profit=0.10%
2026-07-21 15:18:39 INFO     strategy        PnL: 15:18:39 MTM=637.00 Profit=0.10%
2026-07-21 15:18:40 INFO     strategy        PnL: 15:18:40 MTM=643.50 Profit=0.10%
2026-07-21 15:18:41 INFO     strategy        PnL: 15:18:41 MTM=666.25 Profit=0.10%
2026-07-21 15:18:42 INFO     strategy        PnL: 15:18:42 MTM=663.00 Profit=0.10%
2026-07-21 15:18:43 INFO     strategy        PnL: 15:18:43 MTM=650.00 Profit=0.10%
2026-07-21 15:18:44 INFO     strategy        PnL: 15:18:44 MTM=633.75 Profit=0.10%
2026-07-21 15:18:45 INFO     strategy        PnL: 15:18:45 MTM=640.25 Profit=0.10%
2026-07-21 15:18:46 INFO     strategy        PnL: 15:18:46 MTM=630.50 Profit=0.09%
2026-07-21 15:18:47 INFO     strategy        PnL: 15:18:47 MTM=627.25 Profit=0.09%
2026-07-21 15:18:48 INFO     strategy        PnL: 15:18:48 MTM=611.00 Profit=0.09%
2026-07-21 15:18:49 INFO     strategy        PnL: 15:18:49 MTM=611.00 Profit=0.09%
2026-07-21 15:18:50 INFO     strategy        PnL: 15:18:50 MTM=627.25 Profit=0.09%
2026-07-21 15:18:51 INFO     strategy        PnL: 15:18:51 MTM=611.00 Profit=0.09%
2026-07-21 15:18:52 INFO     strategy        PnL: 15:18:52 MTM=633.75 Profit=0.10%
2026-07-21 15:18:53 INFO     strategy        PnL: 15:18:53 MTM=650.00 Profit=0.10%
2026-07-21 15:18:54 INFO     strategy        PnL: 15:18:54 MTM=633.75 Profit=0.10%
2026-07-21 15:18:55 INFO     strategy        PnL: 15:18:55 MTM=630.50 Profit=0.09%
2026-07-21 15:18:56 INFO     strategy        PnL: 15:18:56 MTM=607.75 Profit=0.09%
2026-07-21 15:18:57 INFO     strategy        PnL: 15:18:57 MTM=591.50 Profit=0.09%
2026-07-21 15:18:58 INFO     strategy        PnL: 15:18:58 MTM=630.50 Profit=0.09%
2026-07-21 15:18:59 INFO     strategy        PnL: 15:18:59 MTM=640.25 Profit=0.10%
2026-07-21 15:19:00 INFO     strategy        PnL: 15:19:00 MTM=637.00 Profit=0.10%
2026-07-21 15:19:01 INFO     strategy        PnL: 15:19:01 MTM=646.75 Profit=0.10%
2026-07-21 15:19:02 INFO     strategy        PnL: 15:19:02 MTM=643.50 Profit=0.10%
2026-07-21 15:19:03 INFO     strategy        PnL: 15:19:03 MTM=624.00 Profit=0.09%
2026-07-21 15:19:04 INFO     strategy        PnL: 15:19:04 MTM=611.00 Profit=0.09%
2026-07-21 15:19:05 INFO     strategy        PnL: 15:19:05 MTM=601.25 Profit=0.09%
2026-07-21 15:19:06 INFO     strategy        PnL: 15:19:06 MTM=620.75 Profit=0.09%
2026-07-21 15:19:07 INFO     strategy        PnL: 15:19:07 MTM=611.00 Profit=0.09%
2026-07-21 15:19:08 INFO     strategy        PnL: 15:19:08 MTM=617.50 Profit=0.09%
2026-07-21 15:19:09 INFO     strategy        PnL: 15:19:09 MTM=643.50 Profit=0.10%
2026-07-21 15:19:10 INFO     strategy        PnL: 15:19:10 MTM=637.00 Profit=0.10%
2026-07-21 15:19:11 INFO     strategy        PnL: 15:19:11 MTM=617.50 Profit=0.09%
2026-07-21 15:19:12 INFO     strategy        PnL: 15:19:12 MTM=633.75 Profit=0.10%
2026-07-21 15:19:13 INFO     strategy        PnL: 15:19:13 MTM=646.75 Profit=0.10%
2026-07-21 15:19:14 INFO     strategy        PnL: 15:19:14 MTM=656.50 Profit=0.10%
2026-07-21 15:19:15 INFO     strategy        PnL: 15:19:15 MTM=659.75 Profit=0.10%
2026-07-21 15:19:16 INFO     strategy        PnL: 15:19:16 MTM=666.25 Profit=0.10%
2026-07-21 15:19:17 INFO     strategy        PnL: 15:19:17 MTM=663.00 Profit=0.10%
2026-07-21 15:19:18 INFO     strategy        PnL: 15:19:18 MTM=653.25 Profit=0.10%
2026-07-21 15:19:19 INFO     strategy        PnL: 15:19:19 MTM=633.75 Profit=0.10%
2026-07-21 15:19:20 INFO     strategy        PnL: 15:19:20 MTM=607.75 Profit=0.09%
2026-07-21 15:19:21 INFO     strategy        PnL: 15:19:21 MTM=591.50 Profit=0.09%
2026-07-21 15:19:22 INFO     strategy        PnL: 15:19:22 MTM=581.75 Profit=0.09%
2026-07-21 15:19:23 INFO     strategy        PnL: 15:19:23 MTM=585.00 Profit=0.09%
2026-07-21 15:19:24 INFO     strategy        PnL: 15:19:24 MTM=598.00 Profit=0.09%
2026-07-21 15:19:25 INFO     strategy        PnL: 15:19:25 MTM=598.00 Profit=0.09%
2026-07-21 15:19:26 INFO     strategy        PnL: 15:19:26 MTM=594.75 Profit=0.09%
2026-07-21 15:19:27 INFO     strategy        PnL: 15:19:27 MTM=604.50 Profit=0.09%
2026-07-21 15:19:28 INFO     strategy        PnL: 15:19:28 MTM=633.75 Profit=0.10%
2026-07-21 15:19:29 INFO     strategy        PnL: 15:19:29 MTM=630.50 Profit=0.09%
2026-07-21 15:19:30 INFO     strategy        PnL: 15:19:30 MTM=630.50 Profit=0.09%
2026-07-21 15:19:31 INFO     strategy        PnL: 15:19:31 MTM=637.00 Profit=0.10%
2026-07-21 15:19:32 INFO     strategy        PnL: 15:19:32 MTM=630.50 Profit=0.09%
2026-07-21 15:19:33 INFO     strategy        PnL: 15:19:33 MTM=598.00 Profit=0.09%
2026-07-21 15:19:34 INFO     strategy        PnL: 15:19:34 MTM=591.50 Profit=0.09%
2026-07-21 15:19:35 INFO     strategy        PnL: 15:19:35 MTM=604.50 Profit=0.09%
2026-07-21 15:19:36 INFO     strategy        PnL: 15:19:36 MTM=591.50 Profit=0.09%
2026-07-21 15:19:37 INFO     strategy        PnL: 15:19:37 MTM=575.25 Profit=0.09%
2026-07-21 15:19:38 INFO     strategy        PnL: 15:19:38 MTM=591.50 Profit=0.09%
2026-07-21 15:19:40 INFO     strategy        PnL: 15:19:40 MTM=581.75 Profit=0.09%
2026-07-21 15:19:41 INFO     strategy        PnL: 15:19:41 MTM=559.00 Profit=0.08%
2026-07-21 15:19:42 INFO     strategy        PnL: 15:19:42 MTM=552.50 Profit=0.08%
2026-07-21 15:19:43 INFO     strategy        PnL: 15:19:43 MTM=536.25 Profit=0.08%
2026-07-21 15:19:44 INFO     strategy        PnL: 15:19:44 MTM=516.75 Profit=0.08%
2026-07-21 15:19:45 INFO     strategy        PnL: 15:19:45 MTM=552.50 Profit=0.08%
2026-07-21 15:19:46 INFO     strategy        PnL: 15:19:46 MTM=562.25 Profit=0.08%
2026-07-21 15:19:47 INFO     strategy        PnL: 15:19:47 MTM=572.00 Profit=0.09%
2026-07-21 15:19:48 INFO     strategy        PnL: 15:19:48 MTM=572.00 Profit=0.09%
2026-07-21 15:19:49 INFO     strategy        PnL: 15:19:49 MTM=572.00 Profit=0.09%
2026-07-21 15:19:50 INFO     strategy        PnL: 15:19:50 MTM=539.50 Profit=0.08%
2026-07-21 15:19:51 INFO     strategy        PnL: 15:19:51 MTM=549.25 Profit=0.08%
2026-07-21 15:19:52 INFO     strategy        PnL: 15:19:52 MTM=552.50 Profit=0.08%
2026-07-21 15:19:53 INFO     strategy        PnL: 15:19:53 MTM=529.75 Profit=0.08%
2026-07-21 15:19:54 INFO     strategy        PnL: 15:19:54 MTM=526.50 Profit=0.08%
2026-07-21 15:19:55 INFO     strategy        PnL: 15:19:55 MTM=536.25 Profit=0.08%
2026-07-21 15:19:56 INFO     strategy        PnL: 15:19:56 MTM=507.00 Profit=0.08%
2026-07-21 15:19:57 INFO     strategy        PnL: 15:19:57 MTM=513.50 Profit=0.08%
2026-07-21 15:19:58 INFO     strategy        PnL: 15:19:58 MTM=526.50 Profit=0.08%
2026-07-21 15:19:59 INFO     strategy        PnL: 15:19:59 MTM=523.25 Profit=0.08%
2026-07-21 15:20:00 INFO     strategy        PnL: 15:20:00 MTM=526.50 Profit=0.08%
2026-07-21 15:20:01 INFO     strategy        PnL: 15:20:01 MTM=552.50 Profit=0.08%
2026-07-21 15:20:02 INFO     strategy        PnL: 15:20:02 MTM=552.50 Profit=0.08%
2026-07-21 15:20:03 INFO     strategy        PnL: 15:20:03 MTM=546.00 Profit=0.08%
2026-07-21 15:20:04 INFO     strategy        PnL: 15:20:04 MTM=546.00 Profit=0.08%
2026-07-21 15:20:05 INFO     strategy        PnL: 15:20:05 MTM=549.25 Profit=0.08%
2026-07-21 15:20:06 INFO     strategy        PnL: 15:20:06 MTM=536.25 Profit=0.08%
2026-07-21 15:20:07 INFO     strategy        PnL: 15:20:07 MTM=539.50 Profit=0.08%
2026-07-21 15:20:08 INFO     strategy        PnL: 15:20:08 MTM=559.00 Profit=0.08%
2026-07-21 15:20:09 INFO     strategy        PnL: 15:20:09 MTM=546.00 Profit=0.08%
2026-07-21 15:20:10 INFO     strategy        PnL: 15:20:10 MTM=572.00 Profit=0.09%
2026-07-21 15:20:11 INFO     strategy        PnL: 15:20:11 MTM=562.25 Profit=0.08%
2026-07-21 15:20:12 INFO     strategy        PnL: 15:20:12 MTM=568.75 Profit=0.09%
2026-07-21 15:20:13 INFO     strategy        PnL: 15:20:13 MTM=578.50 Profit=0.09%
2026-07-21 15:20:14 INFO     strategy        PnL: 15:20:14 MTM=572.00 Profit=0.09%
2026-07-21 15:20:15 INFO     strategy        PnL: 15:20:15 MTM=601.25 Profit=0.09%
2026-07-21 15:20:16 INFO     strategy        PnL: 15:20:16 MTM=594.75 Profit=0.09%
2026-07-21 15:20:17 INFO     strategy        PnL: 15:20:17 MTM=588.25 Profit=0.09%
2026-07-21 15:20:18 INFO     strategy        PnL: 15:20:18 MTM=594.75 Profit=0.09%
2026-07-21 15:20:19 INFO     strategy        PnL: 15:20:19 MTM=598.00 Profit=0.09%
2026-07-21 15:20:20 INFO     strategy        PnL: 15:20:20 MTM=601.25 Profit=0.09%
2026-07-21 15:20:21 INFO     strategy        PnL: 15:20:21 MTM=598.00 Profit=0.09%
2026-07-21 15:20:22 INFO     strategy        PnL: 15:20:22 MTM=620.75 Profit=0.09%
2026-07-21 15:20:23 INFO     strategy        PnL: 15:20:23 MTM=627.25 Profit=0.09%
2026-07-21 15:20:24 INFO     strategy        PnL: 15:20:24 MTM=646.75 Profit=0.10%
2026-07-21 15:20:25 INFO     strategy        PnL: 15:20:25 MTM=617.50 Profit=0.09%
2026-07-21 15:20:26 INFO     strategy        PnL: 15:20:26 MTM=617.50 Profit=0.09%
2026-07-21 15:20:27 INFO     strategy        PnL: 15:20:27 MTM=617.50 Profit=0.09%
2026-07-21 15:20:28 INFO     strategy        PnL: 15:20:28 MTM=620.75 Profit=0.09%
2026-07-21 15:20:29 INFO     strategy        PnL: 15:20:29 MTM=620.75 Profit=0.09%
2026-07-21 15:20:30 INFO     strategy        PnL: 15:20:30 MTM=607.75 Profit=0.09%
2026-07-21 15:20:31 INFO     strategy        PnL: 15:20:31 MTM=604.50 Profit=0.09%
2026-07-21 15:20:32 INFO     strategy        PnL: 15:20:32 MTM=617.50 Profit=0.09%
2026-07-21 15:20:33 INFO     strategy        PnL: 15:20:33 MTM=611.00 Profit=0.09%
2026-07-21 15:20:34 INFO     strategy        PnL: 15:20:34 MTM=617.50 Profit=0.09%
2026-07-21 15:20:35 INFO     strategy        PnL: 15:20:35 MTM=633.75 Profit=0.10%
2026-07-21 15:20:36 INFO     strategy        PnL: 15:20:36 MTM=627.25 Profit=0.09%
2026-07-21 15:20:37 INFO     strategy        PnL: 15:20:37 MTM=624.00 Profit=0.09%
2026-07-21 15:20:38 INFO     strategy        PnL: 15:20:38 MTM=620.75 Profit=0.09%
2026-07-21 15:20:39 INFO     strategy        PnL: 15:20:39 MTM=633.75 Profit=0.10%
2026-07-21 15:20:40 INFO     strategy        PnL: 15:20:40 MTM=630.50 Profit=0.09%
2026-07-21 15:20:41 INFO     strategy        PnL: 15:20:41 MTM=643.50 Profit=0.10%
2026-07-21 15:20:42 INFO     strategy        PnL: 15:20:42 MTM=624.00 Profit=0.09%
2026-07-21 15:20:43 INFO     strategy        PnL: 15:20:43 MTM=630.50 Profit=0.09%
2026-07-21 15:20:44 INFO     strategy        PnL: 15:20:44 MTM=630.50 Profit=0.09%
2026-07-21 15:20:45 INFO     strategy        PnL: 15:20:45 MTM=627.25 Profit=0.09%
2026-07-21 15:20:46 INFO     strategy        PnL: 15:20:46 MTM=624.00 Profit=0.09%
2026-07-21 15:20:47 INFO     strategy        PnL: 15:20:47 MTM=643.50 Profit=0.10%
2026-07-21 15:20:48 INFO     strategy        PnL: 15:20:48 MTM=640.25 Profit=0.10%
2026-07-21 15:20:49 INFO     strategy        PnL: 15:20:49 MTM=630.50 Profit=0.09%
2026-07-21 15:20:50 INFO     strategy        PnL: 15:20:50 MTM=633.75 Profit=0.10%
2026-07-21 15:20:51 INFO     strategy        PnL: 15:20:51 MTM=607.75 Profit=0.09%
2026-07-21 15:20:52 INFO     strategy        PnL: 15:20:52 MTM=617.50 Profit=0.09%
2026-07-21 15:20:53 INFO     strategy        PnL: 15:20:53 MTM=620.75 Profit=0.09%
2026-07-21 15:20:54 INFO     strategy        PnL: 15:20:54 MTM=607.75 Profit=0.09%
2026-07-21 15:20:55 INFO     strategy        PnL: 15:20:55 MTM=614.25 Profit=0.09%
2026-07-21 15:20:56 INFO     strategy        PnL: 15:20:56 MTM=624.00 Profit=0.09%
2026-07-21 15:20:57 INFO     strategy        PnL: 15:20:57 MTM=604.50 Profit=0.09%
2026-07-21 15:20:58 INFO     strategy        PnL: 15:20:58 MTM=604.50 Profit=0.09%
2026-07-21 15:20:59 INFO     strategy        PnL: 15:20:59 MTM=601.25 Profit=0.09%
2026-07-21 15:21:00 INFO     strategy        PnL: 15:21:00 MTM=627.25 Profit=0.09%
2026-07-21 15:21:01 INFO     strategy        PnL: 15:21:01 MTM=633.75 Profit=0.10%
2026-07-21 15:21:02 INFO     strategy        PnL: 15:21:02 MTM=643.50 Profit=0.10%
2026-07-21 15:21:03 INFO     strategy        PnL: 15:21:03 MTM=617.50 Profit=0.09%
2026-07-21 15:21:04 INFO     strategy        PnL: 15:21:04 MTM=620.75 Profit=0.09%
2026-07-21 15:21:05 INFO     strategy        PnL: 15:21:05 MTM=627.25 Profit=0.09%
2026-07-21 15:21:06 INFO     strategy        PnL: 15:21:06 MTM=607.75 Profit=0.09%
2026-07-21 15:21:07 INFO     strategy        PnL: 15:21:07 MTM=594.75 Profit=0.09%
2026-07-21 15:21:08 INFO     strategy        PnL: 15:21:08 MTM=594.75 Profit=0.09%
2026-07-21 15:21:09 INFO     strategy        PnL: 15:21:09 MTM=594.75 Profit=0.09%
2026-07-21 15:21:10 INFO     strategy        PnL: 15:21:10 MTM=598.00 Profit=0.09%
2026-07-21 15:21:11 INFO     strategy        PnL: 15:21:11 MTM=601.25 Profit=0.09%
2026-07-21 15:21:12 INFO     strategy        PnL: 15:21:12 MTM=607.75 Profit=0.09%
2026-07-21 15:21:13 INFO     strategy        PnL: 15:21:13 MTM=611.00 Profit=0.09%
2026-07-21 15:21:14 INFO     strategy        PnL: 15:21:14 MTM=611.00 Profit=0.09%
2026-07-21 15:21:15 INFO     strategy        PnL: 15:21:15 MTM=611.00 Profit=0.09%
2026-07-21 15:21:16 INFO     strategy        PnL: 15:21:16 MTM=604.50 Profit=0.09%
2026-07-21 15:21:17 INFO     strategy        PnL: 15:21:17 MTM=611.00 Profit=0.09%
2026-07-21 15:21:18 INFO     strategy        PnL: 15:21:18 MTM=620.75 Profit=0.09%
2026-07-21 15:21:19 INFO     strategy        PnL: 15:21:19 MTM=640.25 Profit=0.10%
2026-07-21 15:21:20 INFO     strategy        PnL: 15:21:20 MTM=633.75 Profit=0.10%
2026-07-21 15:21:21 INFO     strategy        PnL: 15:21:21 MTM=617.50 Profit=0.09%
2026-07-21 15:21:22 INFO     strategy        PnL: 15:21:22 MTM=630.50 Profit=0.09%
2026-07-21 15:21:23 INFO     strategy        PnL: 15:21:23 MTM=630.50 Profit=0.09%
2026-07-21 15:21:25 INFO     strategy        PnL: 15:21:25 MTM=620.75 Profit=0.09%
2026-07-21 15:21:26 INFO     strategy        PnL: 15:21:26 MTM=614.25 Profit=0.09%
2026-07-21 15:21:27 INFO     strategy        PnL: 15:21:27 MTM=620.75 Profit=0.09%
2026-07-21 15:21:28 INFO     strategy        PnL: 15:21:28 MTM=620.75 Profit=0.09%
2026-07-21 15:21:29 INFO     strategy        PnL: 15:21:29 MTM=624.00 Profit=0.09%
2026-07-21 15:21:30 INFO     strategy        PnL: 15:21:30 MTM=620.75 Profit=0.09%
2026-07-21 15:21:31 INFO     strategy        PnL: 15:21:31 MTM=614.25 Profit=0.09%
2026-07-21 15:21:32 INFO     strategy        PnL: 15:21:32 MTM=620.75 Profit=0.09%
2026-07-21 15:21:33 INFO     strategy        PnL: 15:21:33 MTM=617.50 Profit=0.09%
2026-07-21 15:21:34 INFO     strategy        PnL: 15:21:34 MTM=637.00 Profit=0.10%
2026-07-21 15:21:35 INFO     strategy        PnL: 15:21:35 MTM=624.00 Profit=0.09%
2026-07-21 15:21:36 INFO     strategy        PnL: 15:21:36 MTM=630.50 Profit=0.09%
2026-07-21 15:21:37 INFO     strategy        PnL: 15:21:37 MTM=640.25 Profit=0.10%
2026-07-21 15:21:38 INFO     strategy        PnL: 15:21:38 MTM=640.25 Profit=0.10%
2026-07-21 15:21:39 INFO     strategy        PnL: 15:21:39 MTM=633.75 Profit=0.10%
2026-07-21 15:21:40 INFO     strategy        PnL: 15:21:40 MTM=643.50 Profit=0.10%
2026-07-21 15:21:41 INFO     strategy        PnL: 15:21:41 MTM=650.00 Profit=0.10%
2026-07-21 15:21:42 INFO     strategy        PnL: 15:21:42 MTM=656.50 Profit=0.10%
2026-07-21 15:21:43 INFO     strategy        PnL: 15:21:43 MTM=656.50 Profit=0.10%
2026-07-21 15:21:44 INFO     strategy        PnL: 15:21:44 MTM=672.75 Profit=0.10%
2026-07-21 15:21:45 INFO     strategy        PnL: 15:21:45 MTM=646.75 Profit=0.10%
2026-07-21 15:21:46 INFO     strategy        PnL: 15:21:46 MTM=643.50 Profit=0.10%
2026-07-21 15:21:47 INFO     strategy        PnL: 15:21:47 MTM=650.00 Profit=0.10%
2026-07-21 15:21:48 INFO     strategy        PnL: 15:21:48 MTM=633.75 Profit=0.10%
2026-07-21 15:21:49 INFO     strategy        PnL: 15:21:49 MTM=620.75 Profit=0.09%
2026-07-21 15:21:50 INFO     strategy        PnL: 15:21:50 MTM=617.50 Profit=0.09%
2026-07-21 15:21:51 INFO     strategy        PnL: 15:21:51 MTM=627.25 Profit=0.09%
2026-07-21 15:21:52 INFO     strategy        PnL: 15:21:52 MTM=640.25 Profit=0.10%
2026-07-21 15:21:53 INFO     strategy        PnL: 15:21:53 MTM=650.00 Profit=0.10%
2026-07-21 15:21:54 INFO     strategy        PnL: 15:21:54 MTM=620.75 Profit=0.09%
2026-07-21 15:21:55 INFO     strategy        PnL: 15:21:55 MTM=620.75 Profit=0.09%
2026-07-21 15:21:56 INFO     strategy        PnL: 15:21:56 MTM=620.75 Profit=0.09%
2026-07-21 15:21:57 INFO     strategy        PnL: 15:21:57 MTM=614.25 Profit=0.09%
2026-07-21 15:21:58 INFO     strategy        PnL: 15:21:58 MTM=624.00 Profit=0.09%
2026-07-21 15:21:59 INFO     strategy        PnL: 15:21:59 MTM=630.50 Profit=0.09%
2026-07-21 15:22:00 INFO     strategy        PnL: 15:22:00 MTM=624.00 Profit=0.09%
2026-07-21 15:22:01 INFO     strategy        PnL: 15:22:01 MTM=604.50 Profit=0.09%
2026-07-21 15:22:02 INFO     strategy        PnL: 15:22:02 MTM=611.00 Profit=0.09%
2026-07-21 15:22:03 INFO     strategy        PnL: 15:22:03 MTM=617.50 Profit=0.09%
2026-07-21 15:22:04 INFO     strategy        PnL: 15:22:04 MTM=607.75 Profit=0.09%
2026-07-21 15:22:05 INFO     strategy        PnL: 15:22:05 MTM=604.50 Profit=0.09%
2026-07-21 15:22:06 INFO     strategy        PnL: 15:22:06 MTM=624.00 Profit=0.09%
2026-07-21 15:22:07 INFO     strategy        PnL: 15:22:07 MTM=620.75 Profit=0.09%
2026-07-21 15:22:08 INFO     strategy        PnL: 15:22:08 MTM=598.00 Profit=0.09%
2026-07-21 15:22:09 INFO     strategy        PnL: 15:22:09 MTM=611.00 Profit=0.09%
2026-07-21 15:22:10 INFO     strategy        PnL: 15:22:10 MTM=624.00 Profit=0.09%
2026-07-21 15:22:11 INFO     strategy        PnL: 15:22:11 MTM=630.50 Profit=0.09%
2026-07-21 15:22:12 INFO     strategy        PnL: 15:22:12 MTM=620.75 Profit=0.09%
2026-07-21 15:22:13 INFO     strategy        PnL: 15:22:13 MTM=627.25 Profit=0.09%
2026-07-21 15:22:14 INFO     strategy        PnL: 15:22:14 MTM=620.75 Profit=0.09%
2026-07-21 15:22:15 INFO     strategy        PnL: 15:22:15 MTM=643.50 Profit=0.10%
2026-07-21 15:22:16 INFO     strategy        PnL: 15:22:16 MTM=630.50 Profit=0.09%
2026-07-21 15:22:17 INFO     strategy        PnL: 15:22:17 MTM=630.50 Profit=0.09%
2026-07-21 15:22:18 INFO     strategy        PnL: 15:22:18 MTM=633.75 Profit=0.10%
2026-07-21 15:22:19 INFO     strategy        PnL: 15:22:19 MTM=633.75 Profit=0.10%
2026-07-21 15:22:20 INFO     strategy        PnL: 15:22:20 MTM=630.50 Profit=0.09%
2026-07-21 15:22:21 INFO     strategy        PnL: 15:22:21 MTM=650.00 Profit=0.10%
2026-07-21 15:22:22 INFO     strategy        PnL: 15:22:22 MTM=659.75 Profit=0.10%
2026-07-21 15:22:23 INFO     strategy        PnL: 15:22:23 MTM=672.75 Profit=0.10%
2026-07-21 15:22:24 INFO     strategy        PnL: 15:22:24 MTM=669.50 Profit=0.10%
2026-07-21 15:22:25 INFO     strategy        PnL: 15:22:25 MTM=682.50 Profit=0.10%
2026-07-21 15:22:26 INFO     strategy        PnL: 15:22:26 MTM=682.50 Profit=0.10%
2026-07-21 15:22:27 INFO     strategy        PnL: 15:22:27 MTM=663.00 Profit=0.10%
2026-07-21 15:22:28 INFO     strategy        PnL: 15:22:28 MTM=682.50 Profit=0.10%
2026-07-21 15:22:29 INFO     strategy        PnL: 15:22:29 MTM=676.00 Profit=0.10%
2026-07-21 15:22:30 INFO     strategy        PnL: 15:22:30 MTM=685.75 Profit=0.10%
2026-07-21 15:22:31 INFO     strategy        PnL: 15:22:31 MTM=676.00 Profit=0.10%
2026-07-21 15:22:32 INFO     strategy        PnL: 15:22:32 MTM=672.75 Profit=0.10%
2026-07-21 15:22:33 INFO     strategy        PnL: 15:22:33 MTM=663.00 Profit=0.10%
2026-07-21 15:22:34 INFO     strategy        PnL: 15:22:34 MTM=676.00 Profit=0.10%
2026-07-21 15:22:35 INFO     strategy        PnL: 15:22:35 MTM=666.25 Profit=0.10%
2026-07-21 15:22:36 INFO     strategy        PnL: 15:22:36 MTM=672.75 Profit=0.10%
2026-07-21 15:22:37 INFO     strategy        PnL: 15:22:37 MTM=672.75 Profit=0.10%
2026-07-21 15:22:38 INFO     strategy        PnL: 15:22:38 MTM=666.25 Profit=0.10%
2026-07-21 15:22:39 INFO     strategy        PnL: 15:22:39 MTM=666.25 Profit=0.10%
2026-07-21 15:22:40 INFO     strategy        PnL: 15:22:40 MTM=659.75 Profit=0.10%
2026-07-21 15:22:41 INFO     strategy        PnL: 15:22:41 MTM=679.25 Profit=0.10%
2026-07-21 15:22:42 INFO     strategy        PnL: 15:22:42 MTM=663.00 Profit=0.10%
2026-07-21 15:22:43 INFO     strategy        PnL: 15:22:43 MTM=663.00 Profit=0.10%
2026-07-21 15:22:44 INFO     strategy        PnL: 15:22:44 MTM=656.50 Profit=0.10%
2026-07-21 15:22:45 INFO     strategy        PnL: 15:22:45 MTM=656.50 Profit=0.10%
2026-07-21 15:22:46 INFO     strategy        PnL: 15:22:46 MTM=666.25 Profit=0.10%
2026-07-21 15:22:47 INFO     strategy        PnL: 15:22:47 MTM=656.50 Profit=0.10%
2026-07-21 15:22:48 INFO     strategy        PnL: 15:22:48 MTM=666.25 Profit=0.10%
2026-07-21 15:22:49 INFO     strategy        PnL: 15:22:49 MTM=653.25 Profit=0.10%
2026-07-21 15:22:50 INFO     strategy        PnL: 15:22:50 MTM=676.00 Profit=0.10%
2026-07-21 15:22:51 INFO     strategy        PnL: 15:22:51 MTM=672.75 Profit=0.10%
2026-07-21 15:22:52 INFO     strategy        PnL: 15:22:52 MTM=650.00 Profit=0.10%
2026-07-21 15:22:53 INFO     strategy        PnL: 15:22:53 MTM=650.00 Profit=0.10%
2026-07-21 15:22:54 INFO     strategy        PnL: 15:22:54 MTM=666.25 Profit=0.10%
2026-07-21 15:22:55 INFO     strategy        PnL: 15:22:55 MTM=653.25 Profit=0.10%
2026-07-21 15:22:56 INFO     strategy        PnL: 15:22:56 MTM=637.00 Profit=0.10%
2026-07-21 15:22:57 INFO     strategy        PnL: 15:22:57 MTM=630.50 Profit=0.09%
2026-07-21 15:22:58 INFO     strategy        PnL: 15:22:58 MTM=640.25 Profit=0.10%
2026-07-21 15:22:59 INFO     strategy        PnL: 15:22:59 MTM=650.00 Profit=0.10%
2026-07-21 15:23:00 INFO     strategy        PnL: 15:23:00 MTM=640.25 Profit=0.10%
2026-07-21 15:23:02 INFO     strategy        PnL: 15:23:02 MTM=640.25 Profit=0.10%
2026-07-21 15:23:03 INFO     strategy        PnL: 15:23:03 MTM=656.50 Profit=0.10%
2026-07-21 15:23:04 INFO     strategy        PnL: 15:23:04 MTM=663.00 Profit=0.10%
2026-07-21 15:23:05 INFO     strategy        PnL: 15:23:05 MTM=659.75 Profit=0.10%
2026-07-21 15:23:06 INFO     strategy        PnL: 15:23:06 MTM=663.00 Profit=0.10%
2026-07-21 15:23:07 INFO     strategy        PnL: 15:23:07 MTM=656.50 Profit=0.10%
2026-07-21 15:23:08 INFO     strategy        PnL: 15:23:08 MTM=669.50 Profit=0.10%
2026-07-21 15:23:09 INFO     strategy        PnL: 15:23:09 MTM=679.25 Profit=0.10%
2026-07-21 15:23:10 INFO     strategy        PnL: 15:23:10 MTM=669.50 Profit=0.10%
2026-07-21 15:23:11 INFO     strategy        PnL: 15:23:11 MTM=669.50 Profit=0.10%
2026-07-21 15:23:12 INFO     strategy        PnL: 15:23:12 MTM=650.00 Profit=0.10%
2026-07-21 15:23:13 INFO     strategy        PnL: 15:23:13 MTM=663.00 Profit=0.10%
2026-07-21 15:23:14 INFO     strategy        PnL: 15:23:14 MTM=663.00 Profit=0.10%
2026-07-21 15:23:15 INFO     strategy        PnL: 15:23:15 MTM=666.25 Profit=0.10%
2026-07-21 15:23:16 INFO     strategy        PnL: 15:23:16 MTM=666.25 Profit=0.10%
2026-07-21 15:23:17 INFO     strategy        PnL: 15:23:17 MTM=659.75 Profit=0.10%
2026-07-21 15:23:18 INFO     strategy        PnL: 15:23:18 MTM=666.25 Profit=0.10%
2026-07-21 15:23:19 INFO     strategy        PnL: 15:23:19 MTM=669.50 Profit=0.10%
2026-07-21 15:23:20 INFO     strategy        PnL: 15:23:20 MTM=643.50 Profit=0.10%
2026-07-21 15:23:21 INFO     strategy        PnL: 15:23:21 MTM=659.75 Profit=0.10%
2026-07-21 15:23:22 INFO     strategy        PnL: 15:23:22 MTM=656.50 Profit=0.10%
2026-07-21 15:23:23 INFO     strategy        PnL: 15:23:23 MTM=650.00 Profit=0.10%
2026-07-21 15:23:24 INFO     strategy        PnL: 15:23:24 MTM=637.00 Profit=0.10%
2026-07-21 15:23:25 INFO     strategy        PnL: 15:23:25 MTM=653.25 Profit=0.10%
2026-07-21 15:23:26 INFO     strategy        PnL: 15:23:26 MTM=646.75 Profit=0.10%
2026-07-21 15:23:27 INFO     strategy        PnL: 15:23:27 MTM=640.25 Profit=0.10%
2026-07-21 15:23:28 INFO     strategy        PnL: 15:23:28 MTM=627.25 Profit=0.09%
2026-07-21 15:23:29 INFO     strategy        PnL: 15:23:29 MTM=620.75 Profit=0.09%
2026-07-21 15:23:30 INFO     strategy        PnL: 15:23:30 MTM=637.00 Profit=0.10%
2026-07-21 15:23:31 INFO     strategy        PnL: 15:23:31 MTM=617.50 Profit=0.09%
2026-07-21 15:23:32 INFO     strategy        PnL: 15:23:32 MTM=617.50 Profit=0.09%
2026-07-21 15:23:33 INFO     strategy        PnL: 15:23:33 MTM=633.75 Profit=0.10%
2026-07-21 15:23:34 INFO     strategy        PnL: 15:23:34 MTM=620.75 Profit=0.09%
2026-07-21 15:23:35 INFO     strategy        PnL: 15:23:35 MTM=604.50 Profit=0.09%
2026-07-21 15:23:36 INFO     strategy        PnL: 15:23:36 MTM=617.50 Profit=0.09%
2026-07-21 15:23:37 INFO     strategy        PnL: 15:23:37 MTM=611.00 Profit=0.09%
2026-07-21 15:23:38 INFO     strategy        PnL: 15:23:38 MTM=607.75 Profit=0.09%
2026-07-21 15:23:39 INFO     strategy        PnL: 15:23:39 MTM=614.25 Profit=0.09%
2026-07-21 15:23:40 INFO     strategy        PnL: 15:23:40 MTM=611.00 Profit=0.09%
2026-07-21 15:23:41 INFO     strategy        PnL: 15:23:41 MTM=624.00 Profit=0.09%
2026-07-21 15:23:42 INFO     strategy        PnL: 15:23:42 MTM=624.00 Profit=0.09%
2026-07-21 15:23:43 INFO     strategy        PnL: 15:23:43 MTM=637.00 Profit=0.10%
2026-07-21 15:23:44 INFO     strategy        PnL: 15:23:44 MTM=630.50 Profit=0.09%
2026-07-21 15:23:45 INFO     strategy        PnL: 15:23:45 MTM=640.25 Profit=0.10%
2026-07-21 15:23:46 INFO     strategy        PnL: 15:23:46 MTM=630.50 Profit=0.09%
2026-07-21 15:23:47 INFO     strategy        PnL: 15:23:47 MTM=640.25 Profit=0.10%
2026-07-21 15:23:48 INFO     strategy        PnL: 15:23:48 MTM=643.50 Profit=0.10%
2026-07-21 15:23:49 INFO     strategy        PnL: 15:23:49 MTM=653.25 Profit=0.10%
2026-07-21 15:23:50 INFO     strategy        PnL: 15:23:50 MTM=643.50 Profit=0.10%
2026-07-21 15:23:51 INFO     strategy        PnL: 15:23:51 MTM=646.75 Profit=0.10%
2026-07-21 15:23:52 INFO     strategy        PnL: 15:23:52 MTM=640.25 Profit=0.10%
2026-07-21 15:23:53 INFO     strategy        PnL: 15:23:53 MTM=650.00 Profit=0.10%
2026-07-21 15:23:54 INFO     strategy        PnL: 15:23:54 MTM=653.25 Profit=0.10%
2026-07-21 15:23:55 INFO     strategy        PnL: 15:23:55 MTM=637.00 Profit=0.10%
2026-07-21 15:23:56 INFO     strategy        PnL: 15:23:56 MTM=620.75 Profit=0.09%
2026-07-21 15:23:57 INFO     strategy        PnL: 15:23:57 MTM=624.00 Profit=0.09%
2026-07-21 15:23:58 INFO     strategy        PnL: 15:23:58 MTM=620.75 Profit=0.09%
2026-07-21 15:23:59 INFO     strategy        PnL: 15:23:59 MTM=653.25 Profit=0.10%
2026-07-21 15:24:00 INFO     strategy        PnL: 15:24:00 MTM=656.50 Profit=0.10%
2026-07-21 15:24:01 INFO     strategy        PnL: 15:24:01 MTM=643.50 Profit=0.10%
2026-07-21 15:24:02 INFO     strategy        PnL: 15:24:02 MTM=637.00 Profit=0.10%
2026-07-21 15:24:03 INFO     strategy        PnL: 15:24:03 MTM=643.50 Profit=0.10%
2026-07-21 15:24:04 INFO     strategy        PnL: 15:24:04 MTM=646.75 Profit=0.10%
2026-07-21 15:24:05 INFO     strategy        PnL: 15:24:05 MTM=646.75 Profit=0.10%
2026-07-21 15:24:06 INFO     strategy        PnL: 15:24:06 MTM=643.50 Profit=0.10%
2026-07-21 15:24:07 INFO     strategy        PnL: 15:24:07 MTM=656.50 Profit=0.10%
2026-07-21 15:24:08 INFO     strategy        PnL: 15:24:08 MTM=620.75 Profit=0.09%
2026-07-21 15:24:09 INFO     strategy        PnL: 15:24:09 MTM=630.50 Profit=0.09%
2026-07-21 15:24:10 INFO     strategy        PnL: 15:24:10 MTM=640.25 Profit=0.10%
2026-07-21 15:24:11 INFO     strategy        PnL: 15:24:11 MTM=627.25 Profit=0.09%
2026-07-21 15:24:12 INFO     strategy        PnL: 15:24:12 MTM=633.75 Profit=0.10%
2026-07-21 15:24:13 INFO     strategy        PnL: 15:24:13 MTM=630.50 Profit=0.09%
2026-07-21 15:24:14 INFO     strategy        PnL: 15:24:14 MTM=633.75 Profit=0.10%
2026-07-21 15:24:15 INFO     strategy        PnL: 15:24:15 MTM=633.75 Profit=0.10%
2026-07-21 15:24:16 INFO     strategy        PnL: 15:24:16 MTM=637.00 Profit=0.10%
2026-07-21 15:24:17 INFO     strategy        PnL: 15:24:17 MTM=640.25 Profit=0.10%
2026-07-21 15:24:18 INFO     strategy        PnL: 15:24:18 MTM=633.75 Profit=0.10%
2026-07-21 15:24:19 INFO     strategy        PnL: 15:24:19 MTM=646.75 Profit=0.10%
2026-07-21 15:24:20 INFO     strategy        PnL: 15:24:20 MTM=653.25 Profit=0.10%
2026-07-21 15:24:21 INFO     strategy        PnL: 15:24:21 MTM=656.50 Profit=0.10%
2026-07-21 15:24:22 INFO     strategy        PnL: 15:24:22 MTM=650.00 Profit=0.10%
2026-07-21 15:24:23 INFO     strategy        PnL: 15:24:23 MTM=640.25 Profit=0.10%
2026-07-21 15:24:24 INFO     strategy        PnL: 15:24:24 MTM=640.25 Profit=0.10%
2026-07-21 15:24:25 INFO     strategy        PnL: 15:24:25 MTM=637.00 Profit=0.10%
2026-07-21 15:24:26 INFO     strategy        PnL: 15:24:26 MTM=614.25 Profit=0.09%
2026-07-21 15:24:27 INFO     strategy        PnL: 15:24:27 MTM=611.00 Profit=0.09%
2026-07-21 15:24:28 INFO     strategy        PnL: 15:24:28 MTM=611.00 Profit=0.09%
2026-07-21 15:24:29 INFO     strategy        PnL: 15:24:29 MTM=611.00 Profit=0.09%
2026-07-21 15:24:30 INFO     strategy        PnL: 15:24:30 MTM=620.75 Profit=0.09%
2026-07-21 15:24:31 INFO     strategy        PnL: 15:24:31 MTM=620.75 Profit=0.09%
2026-07-21 15:24:32 INFO     strategy        PnL: 15:24:32 MTM=620.75 Profit=0.09%
2026-07-21 15:24:33 INFO     strategy        PnL: 15:24:33 MTM=617.50 Profit=0.09%
2026-07-21 15:24:34 INFO     strategy        PnL: 15:24:34 MTM=614.25 Profit=0.09%
2026-07-21 15:24:35 INFO     strategy        PnL: 15:24:35 MTM=614.25 Profit=0.09%
2026-07-21 15:24:36 INFO     strategy        PnL: 15:24:36 MTM=617.50 Profit=0.09%
2026-07-21 15:24:37 INFO     strategy        PnL: 15:24:37 MTM=614.25 Profit=0.09%
2026-07-21 15:24:38 INFO     strategy        PnL: 15:24:38 MTM=611.00 Profit=0.09%
2026-07-21 15:24:39 INFO     strategy        PnL: 15:24:39 MTM=614.25 Profit=0.09%
2026-07-21 15:24:40 INFO     strategy        PnL: 15:24:40 MTM=614.25 Profit=0.09%
2026-07-21 15:24:41 INFO     strategy        PnL: 15:24:41 MTM=614.25 Profit=0.09%
2026-07-21 15:24:42 INFO     strategy        PnL: 15:24:42 MTM=620.75 Profit=0.09%
2026-07-21 15:24:43 INFO     strategy        PnL: 15:24:43 MTM=627.25 Profit=0.09%
2026-07-21 15:24:44 INFO     strategy        PnL: 15:24:44 MTM=624.00 Profit=0.09%
2026-07-21 15:24:45 INFO     strategy        PnL: 15:24:45 MTM=627.25 Profit=0.09%
2026-07-21 15:24:46 INFO     strategy        PnL: 15:24:46 MTM=624.00 Profit=0.09%
2026-07-21 15:24:48 INFO     strategy        PnL: 15:24:48 MTM=620.75 Profit=0.09%
2026-07-21 15:24:49 INFO     strategy        PnL: 15:24:49 MTM=624.00 Profit=0.09%
2026-07-21 15:24:50 INFO     strategy        PnL: 15:24:50 MTM=630.50 Profit=0.09%
2026-07-21 15:24:51 INFO     strategy        PnL: 15:24:51 MTM=630.50 Profit=0.09%
2026-07-21 15:24:52 INFO     strategy        PnL: 15:24:52 MTM=633.75 Profit=0.10%
2026-07-21 15:24:53 INFO     strategy        PnL: 15:24:53 MTM=633.75 Profit=0.10%
2026-07-21 15:24:54 INFO     strategy        PnL: 15:24:54 MTM=624.00 Profit=0.09%
2026-07-21 15:24:55 INFO     strategy        PnL: 15:24:55 MTM=637.00 Profit=0.10%
2026-07-21 15:24:56 INFO     strategy        PnL: 15:24:56 MTM=637.00 Profit=0.10%
2026-07-21 15:24:57 INFO     strategy        PnL: 15:24:57 MTM=637.00 Profit=0.10%
2026-07-21 15:24:58 INFO     strategy        PnL: 15:24:58 MTM=614.25 Profit=0.09%
2026-07-21 15:24:59 INFO     strategy        PnL: 15:24:59 MTM=624.00 Profit=0.09%
2026-07-21 15:25:00 INFO     strategy        PnL: 15:25:00 MTM=620.75 Profit=0.09%
2026-07-21 15:25:01 INFO     strategy        PnL: 15:25:01 MTM=624.00 Profit=0.09%
2026-07-21 15:25:02 INFO     strategy        PnL: 15:25:02 MTM=617.50 Profit=0.09%
2026-07-21 15:25:03 INFO     strategy        PnL: 15:25:03 MTM=620.75 Profit=0.09%
2026-07-21 15:25:04 INFO     strategy        PnL: 15:25:04 MTM=627.25 Profit=0.09%
2026-07-21 15:25:05 INFO     strategy        PnL: 15:25:05 MTM=620.75 Profit=0.09%
2026-07-21 15:25:06 INFO     strategy        PnL: 15:25:06 MTM=617.50 Profit=0.09%
2026-07-21 15:25:07 INFO     strategy        PnL: 15:25:07 MTM=633.75 Profit=0.10%
2026-07-21 15:25:08 INFO     strategy        PnL: 15:25:08 MTM=624.00 Profit=0.09%
2026-07-21 15:25:09 INFO     strategy        PnL: 15:25:09 MTM=627.25 Profit=0.09%
2026-07-21 15:25:10 INFO     strategy        PnL: 15:25:10 MTM=633.75 Profit=0.10%
2026-07-21 15:25:11 INFO     strategy        PnL: 15:25:11 MTM=633.75 Profit=0.10%
2026-07-21 15:25:12 INFO     strategy        PnL: 15:25:12 MTM=637.00 Profit=0.10%
2026-07-21 15:25:13 INFO     strategy        PnL: 15:25:13 MTM=637.00 Profit=0.10%
2026-07-21 15:25:14 INFO     strategy        PnL: 15:25:14 MTM=627.25 Profit=0.09%
2026-07-21 15:25:15 INFO     strategy        PnL: 15:25:15 MTM=630.50 Profit=0.09%
2026-07-21 15:25:16 INFO     strategy        PnL: 15:25:16 MTM=640.25 Profit=0.10%
2026-07-21 15:25:17 INFO     strategy        PnL: 15:25:17 MTM=637.00 Profit=0.10%
2026-07-21 15:25:18 INFO     strategy        PnL: 15:25:18 MTM=627.25 Profit=0.09%
2026-07-21 15:25:19 INFO     strategy        PnL: 15:25:19 MTM=637.00 Profit=0.10%
2026-07-21 15:25:20 INFO     strategy        PnL: 15:25:20 MTM=633.75 Profit=0.10%
2026-07-21 15:25:21 INFO     strategy        PnL: 15:25:21 MTM=633.75 Profit=0.10%
2026-07-21 15:25:22 INFO     strategy        PnL: 15:25:22 MTM=643.50 Profit=0.10%
2026-07-21 15:25:23 INFO     strategy        PnL: 15:25:23 MTM=620.75 Profit=0.09%
2026-07-21 15:25:24 INFO     strategy        PnL: 15:25:24 MTM=633.75 Profit=0.10%
2026-07-21 15:25:25 INFO     strategy        PnL: 15:25:25 MTM=630.50 Profit=0.09%
2026-07-21 15:25:26 INFO     strategy        PnL: 15:25:26 MTM=624.00 Profit=0.09%
2026-07-21 15:25:27 INFO     strategy        PnL: 15:25:27 MTM=624.00 Profit=0.09%
2026-07-21 15:25:28 INFO     strategy        PnL: 15:25:28 MTM=627.25 Profit=0.09%
2026-07-21 15:25:29 INFO     strategy        PnL: 15:25:29 MTM=633.75 Profit=0.10%
2026-07-21 15:25:30 INFO     strategy        PnL: 15:25:30 MTM=620.75 Profit=0.09%
2026-07-21 15:25:31 INFO     strategy        PnL: 15:25:31 MTM=620.75 Profit=0.09%
2026-07-21 15:25:32 INFO     strategy        PnL: 15:25:32 MTM=617.50 Profit=0.09%
2026-07-21 15:25:33 INFO     strategy        PnL: 15:25:33 MTM=617.50 Profit=0.09%
2026-07-21 15:25:34 INFO     strategy        PnL: 15:25:34 MTM=617.50 Profit=0.09%
2026-07-21 15:25:35 INFO     strategy        PnL: 15:25:35 MTM=611.00 Profit=0.09%
2026-07-21 15:25:36 INFO     strategy        PnL: 15:25:36 MTM=601.25 Profit=0.09%
2026-07-21 15:25:37 INFO     strategy        PnL: 15:25:37 MTM=598.00 Profit=0.09%
2026-07-21 15:25:38 INFO     strategy        PnL: 15:25:38 MTM=594.75 Profit=0.09%
2026-07-21 15:25:39 INFO     strategy        PnL: 15:25:39 MTM=604.50 Profit=0.09%
2026-07-21 15:25:40 INFO     strategy        PnL: 15:25:40 MTM=591.50 Profit=0.09%
2026-07-21 15:25:41 INFO     strategy        PnL: 15:25:41 MTM=598.00 Profit=0.09%
2026-07-21 15:25:42 INFO     strategy        PnL: 15:25:42 MTM=601.25 Profit=0.09%
2026-07-21 15:25:43 INFO     strategy        PnL: 15:25:43 MTM=598.00 Profit=0.09%
2026-07-21 15:25:44 INFO     strategy        PnL: 15:25:44 MTM=598.00 Profit=0.09%
2026-07-21 15:25:45 INFO     strategy        PnL: 15:25:45 MTM=601.25 Profit=0.09%
2026-07-21 15:25:46 INFO     strategy        PnL: 15:25:46 MTM=598.00 Profit=0.09%
2026-07-21 15:25:47 INFO     strategy        PnL: 15:25:47 MTM=594.75 Profit=0.09%
2026-07-21 15:25:48 INFO     strategy        PnL: 15:25:48 MTM=598.00 Profit=0.09%
2026-07-21 15:25:49 INFO     strategy        PnL: 15:25:49 MTM=601.25 Profit=0.09%
2026-07-21 15:25:50 INFO     strategy        PnL: 15:25:50 MTM=598.00 Profit=0.09%
2026-07-21 15:25:51 INFO     strategy        PnL: 15:25:51 MTM=594.75 Profit=0.09%
2026-07-21 15:25:52 INFO     strategy        PnL: 15:25:52 MTM=594.75 Profit=0.09%
2026-07-21 15:25:53 INFO     strategy        PnL: 15:25:53 MTM=598.00 Profit=0.09%
2026-07-21 15:25:54 INFO     strategy        PnL: 15:25:54 MTM=588.25 Profit=0.09%
2026-07-21 15:25:55 INFO     strategy        PnL: 15:25:55 MTM=591.50 Profit=0.09%
2026-07-21 15:25:56 INFO     strategy        PnL: 15:25:56 MTM=585.00 Profit=0.09%
2026-07-21 15:25:57 INFO     strategy        PnL: 15:25:57 MTM=572.00 Profit=0.09%
2026-07-21 15:25:58 INFO     strategy        PnL: 15:25:58 MTM=572.00 Profit=0.09%
2026-07-21 15:25:59 INFO     strategy        PnL: 15:25:59 MTM=568.75 Profit=0.09%
2026-07-21 15:26:00 INFO     strategy        PnL: 15:26:00 MTM=562.25 Profit=0.08%
2026-07-21 15:26:01 INFO     strategy        PnL: 15:26:01 MTM=572.00 Profit=0.09%
2026-07-21 15:26:02 INFO     strategy        PnL: 15:26:02 MTM=559.00 Profit=0.08%
2026-07-21 15:26:03 INFO     strategy        PnL: 15:26:03 MTM=565.50 Profit=0.09%
2026-07-21 15:26:04 INFO     strategy        PnL: 15:26:04 MTM=562.25 Profit=0.08%
2026-07-21 15:26:05 INFO     strategy        PnL: 15:26:05 MTM=562.25 Profit=0.08%
2026-07-21 15:26:06 INFO     strategy        PnL: 15:26:06 MTM=568.75 Profit=0.09%
2026-07-21 15:26:07 INFO     strategy        PnL: 15:26:07 MTM=562.25 Profit=0.08%
2026-07-21 15:26:08 INFO     strategy        PnL: 15:26:08 MTM=555.75 Profit=0.08%
2026-07-21 15:26:09 INFO     strategy        PnL: 15:26:09 MTM=555.75 Profit=0.08%
2026-07-21 15:26:10 INFO     strategy        PnL: 15:26:10 MTM=562.25 Profit=0.08%
2026-07-21 15:26:11 INFO     strategy        PnL: 15:26:11 MTM=565.50 Profit=0.09%
2026-07-21 15:26:12 INFO     strategy        PnL: 15:26:12 MTM=572.00 Profit=0.09%
2026-07-21 15:26:13 INFO     strategy        PnL: 15:26:13 MTM=552.50 Profit=0.08%
2026-07-21 15:26:14 INFO     strategy        PnL: 15:26:14 MTM=555.75 Profit=0.08%
2026-07-21 15:26:15 INFO     strategy        PnL: 15:26:15 MTM=552.50 Profit=0.08%
2026-07-21 15:26:16 INFO     strategy        PnL: 15:26:16 MTM=552.50 Profit=0.08%
2026-07-21 15:26:17 INFO     strategy        PnL: 15:26:17 MTM=572.00 Profit=0.09%
2026-07-21 15:26:18 INFO     strategy        PnL: 15:26:18 MTM=572.00 Profit=0.09%
2026-07-21 15:26:19 INFO     strategy        PnL: 15:26:19 MTM=578.50 Profit=0.09%
2026-07-21 15:26:20 INFO     strategy        PnL: 15:26:20 MTM=581.75 Profit=0.09%
2026-07-21 15:26:21 INFO     strategy        PnL: 15:26:21 MTM=581.75 Profit=0.09%
2026-07-21 15:26:23 INFO     strategy        PnL: 15:26:22 MTM=578.50 Profit=0.09%
2026-07-21 15:26:24 INFO     strategy        PnL: 15:26:24 MTM=581.75 Profit=0.09%
2026-07-21 15:26:25 INFO     strategy        PnL: 15:26:25 MTM=578.50 Profit=0.09%
2026-07-21 15:26:26 INFO     strategy        PnL: 15:26:26 MTM=578.50 Profit=0.09%
2026-07-21 15:26:27 INFO     strategy        PnL: 15:26:27 MTM=578.50 Profit=0.09%
2026-07-21 15:26:28 INFO     strategy        PnL: 15:26:28 MTM=594.75 Profit=0.09%
2026-07-21 15:26:29 INFO     strategy        PnL: 15:26:29 MTM=591.50 Profit=0.09%
2026-07-21 15:26:30 INFO     strategy        PnL: 15:26:30 MTM=601.25 Profit=0.09%
2026-07-21 15:26:31 INFO     strategy        PnL: 15:26:31 MTM=601.25 Profit=0.09%
2026-07-21 15:26:32 INFO     strategy        PnL: 15:26:32 MTM=598.00 Profit=0.09%
2026-07-21 15:26:33 INFO     strategy        PnL: 15:26:33 MTM=601.25 Profit=0.09%
2026-07-21 15:26:34 INFO     strategy        PnL: 15:26:34 MTM=607.75 Profit=0.09%
2026-07-21 15:26:35 INFO     strategy        PnL: 15:26:35 MTM=607.75 Profit=0.09%
2026-07-21 15:26:36 INFO     strategy        PnL: 15:26:36 MTM=604.50 Profit=0.09%
2026-07-21 15:26:37 INFO     strategy        PnL: 15:26:37 MTM=607.75 Profit=0.09%
2026-07-21 15:26:38 INFO     strategy        PnL: 15:26:38 MTM=607.75 Profit=0.09%
2026-07-21 15:26:39 INFO     strategy        PnL: 15:26:39 MTM=601.25 Profit=0.09%
2026-07-21 15:26:40 INFO     strategy        PnL: 15:26:40 MTM=611.00 Profit=0.09%
2026-07-21 15:26:41 INFO     strategy        PnL: 15:26:41 MTM=624.00 Profit=0.09%
2026-07-21 15:26:42 INFO     strategy        PnL: 15:26:42 MTM=624.00 Profit=0.09%
2026-07-21 15:26:43 INFO     strategy        PnL: 15:26:43 MTM=630.50 Profit=0.09%
2026-07-21 15:26:44 INFO     strategy        PnL: 15:26:44 MTM=624.00 Profit=0.09%
2026-07-21 15:26:45 INFO     strategy        PnL: 15:26:45 MTM=630.50 Profit=0.09%
2026-07-21 15:26:46 INFO     strategy        PnL: 15:26:46 MTM=630.50 Profit=0.09%
2026-07-21 15:26:47 INFO     strategy        PnL: 15:26:47 MTM=620.75 Profit=0.09%
2026-07-21 15:26:48 INFO     strategy        PnL: 15:26:48 MTM=620.75 Profit=0.09%
2026-07-21 15:26:49 INFO     strategy        PnL: 15:26:49 MTM=624.00 Profit=0.09%
2026-07-21 15:26:50 INFO     strategy        PnL: 15:26:50 MTM=630.50 Profit=0.09%
2026-07-21 15:26:51 INFO     strategy        PnL: 15:26:51 MTM=624.00 Profit=0.09%
2026-07-21 15:26:52 INFO     strategy        PnL: 15:26:52 MTM=620.75 Profit=0.09%
2026-07-21 15:26:53 INFO     strategy        PnL: 15:26:53 MTM=624.00 Profit=0.09%
2026-07-21 15:26:54 INFO     strategy        PnL: 15:26:54 MTM=611.00 Profit=0.09%
2026-07-21 15:26:55 INFO     strategy        PnL: 15:26:55 MTM=617.50 Profit=0.09%
2026-07-21 15:26:56 INFO     strategy        PnL: 15:26:56 MTM=611.00 Profit=0.09%
2026-07-21 15:26:57 INFO     strategy        PnL: 15:26:57 MTM=614.25 Profit=0.09%
2026-07-21 15:26:58 INFO     strategy        PnL: 15:26:58 MTM=607.75 Profit=0.09%
2026-07-21 15:26:59 INFO     strategy        PnL: 15:26:59 MTM=604.50 Profit=0.09%
2026-07-21 15:27:00 INFO     strategy        Scheduled exit at 15:27:00
2026-07-21 15:27:00 INFO     strategy        Exit completed: reason=SCHEDULED_EXIT final_mtm=607.75
2026-07-21 15:27:00 INFO     strategy        Session finalized: PnL=607.75 reason=SCHEDULED_EXIT
