2026-07-16 10:18:54 INFO     strategy        Strategy starting: SENSEX expiry=2026-07-16
2026-07-16 10:18:55 INFO     strategy        Position entered: ATM=77400 SELL CE=77700 SELL PE=77000 MTM=0.00 Margin=648678.98
2026-07-16 10:18:55 INFO     strategy        Monitoring started
2026-07-16 10:18:55 INFO     strategy        PnL: 10:18:55 MTM=0.00 Profit=0.00%
2026-07-16 10:18:57 INFO     strategy        PnL: 10:18:57 MTM=-27.00 Loss=0.00%
2026-07-16 10:18:58 INFO     strategy        PnL: 10:18:58 MTM=-46.00 Loss=0.01%
2026-07-16 10:18:59 INFO     strategy        PnL: 10:18:59 MTM=-35.00 Loss=0.01%
2026-07-16 10:19:00 INFO     strategy        PnL: 10:19:00 MTM=-29.00 Loss=0.00%
2026-07-16 10:19:01 INFO     strategy        PnL: 10:19:01 MTM=-37.00 Loss=0.01%
2026-07-16 10:19:02 INFO     strategy        PnL: 10:19:02 MTM=-45.00 Loss=0.01%
2026-07-16 10:19:03 INFO     strategy        PnL: 10:19:03 MTM=-50.00 Loss=0.01%
2026-07-16 10:19:04 INFO     strategy        PnL: 10:19:04 MTM=-54.00 Loss=0.01%
2026-07-16 10:19:05 INFO     strategy        PnL: 10:19:05 MTM=-51.00 Loss=0.01%
2026-07-16 10:19:06 INFO     strategy        PnL: 10:19:06 MTM=-79.00 Loss=0.01%
2026-07-16 10:19:07 INFO     strategy        PnL: 10:19:07 MTM=-42.00 Loss=0.01%
2026-07-16 10:19:08 INFO     strategy        PnL: 10:19:08 MTM=-82.00 Loss=0.01%
2026-07-16 10:19:09 INFO     strategy        PnL: 10:19:09 MTM=-47.00 Loss=0.01%
2026-07-16 10:19:10 INFO     strategy        PnL: 10:19:10 MTM=-69.00 Loss=0.01%
2026-07-16 10:19:11 INFO     strategy        PnL: 10:19:11 MTM=-64.00 Loss=0.01%
2026-07-16 10:19:12 INFO     strategy        PnL: 10:19:12 MTM=-29.00 Loss=0.00%
2026-07-16 10:19:13 INFO     strategy        PnL: 10:19:13 MTM=-14.00 Loss=0.00%
2026-07-16 10:19:14 INFO     strategy        PnL: 10:19:14 MTM=4.00 Profit=0.00%
2026-07-16 10:19:15 INFO     strategy        PnL: 10:19:15 MTM=-4.00 Loss=0.00%
2026-07-16 10:19:16 INFO     strategy        PnL: 10:19:16 MTM=-27.00 Loss=0.00%
2026-07-16 10:19:17 INFO     strategy        PnL: 10:19:17 MTM=-11.00 Loss=0.00%
2026-07-16 10:19:18 INFO     strategy        PnL: 10:19:18 MTM=-37.00 Loss=0.01%
2026-07-16 10:19:19 INFO     strategy        PnL: 10:19:19 MTM=-4.00 Loss=0.00%
2026-07-16 10:19:20 INFO     strategy        PnL: 10:19:20 MTM=-22.00 Loss=0.00%
2026-07-16 10:19:21 INFO     strategy        PnL: 10:19:21 MTM=-21.00 Loss=0.00%
2026-07-16 10:19:22 INFO     strategy        PnL: 10:19:22 MTM=3.00 Profit=0.00%
2026-07-16 10:19:23 INFO     strategy        PnL: 10:19:23 MTM=-0.00 Loss=0.00%
2026-07-16 10:19:24 INFO     strategy        PnL: 10:19:24 MTM=5.00 Profit=0.00%
2026-07-16 10:19:25 INFO     strategy        PnL: 10:19:25 MTM=-14.00 Loss=0.00%
2026-07-16 10:19:26 INFO     strategy        PnL: 10:19:26 MTM=-22.00 Loss=0.00%
2026-07-16 10:19:27 INFO     strategy        PnL: 10:19:27 MTM=-6.00 Loss=0.00%
2026-07-16 10:19:28 INFO     strategy        PnL: 10:19:28 MTM=-2.00 Loss=0.00%
2026-07-16 10:19:29 INFO     strategy        PnL: 10:19:29 MTM=50.00 Profit=0.01%
2026-07-16 10:19:30 INFO     strategy        PnL: 10:19:30 MTM=7.00 Profit=0.00%
2026-07-16 10:19:31 INFO     strategy        PnL: 10:19:31 MTM=-28.00 Loss=0.00%
2026-07-16 10:19:32 INFO     strategy        PnL: 10:19:32 MTM=10.00 Profit=0.00%
2026-07-16 10:19:33 INFO     strategy        PnL: 10:19:33 MTM=1.00 Profit=0.00%
2026-07-16 10:19:34 INFO     strategy        PnL: 10:19:34 MTM=41.00 Profit=0.01%
2026-07-16 10:19:35 INFO     strategy        PnL: 10:19:35 MTM=30.00 Profit=0.00%
2026-07-16 10:19:36 INFO     strategy        PnL: 10:19:36 MTM=18.00 Profit=0.00%
2026-07-16 10:19:37 INFO     strategy        PnL: 10:19:37 MTM=11.00 Profit=0.00%
2026-07-16 10:19:38 INFO     strategy        PnL: 10:19:38 MTM=34.00 Profit=0.01%
2026-07-16 10:19:39 INFO     strategy        PnL: 10:19:39 MTM=15.00 Profit=0.00%
2026-07-16 10:19:40 INFO     strategy        PnL: 10:19:40 MTM=2.00 Profit=0.00%
2026-07-16 10:19:41 INFO     strategy        PnL: 10:19:41 MTM=58.00 Profit=0.01%
2026-07-16 10:19:42 INFO     strategy        PnL: 10:19:42 MTM=2.00 Profit=0.00%
2026-07-16 10:19:43 INFO     strategy        PnL: 10:19:43 MTM=18.00 Profit=0.00%
2026-07-16 10:19:44 INFO     strategy        PnL: 10:19:44 MTM=-20.00 Loss=0.00%
2026-07-16 10:19:45 INFO     strategy        PnL: 10:19:45 MTM=18.00 Profit=0.00%
2026-07-16 10:19:46 INFO     strategy        PnL: 10:19:46 MTM=-11.00 Loss=0.00%
2026-07-16 10:19:47 INFO     strategy        PnL: 10:19:47 MTM=45.00 Profit=0.01%
2026-07-16 10:19:48 INFO     strategy        PnL: 10:19:48 MTM=47.00 Profit=0.01%
2026-07-16 10:19:49 INFO     strategy        PnL: 10:19:49 MTM=42.00 Profit=0.01%
2026-07-16 10:19:50 INFO     strategy        PnL: 10:19:50 MTM=33.00 Profit=0.01%
2026-07-16 10:19:51 INFO     strategy        PnL: 10:19:51 MTM=9.00 Profit=0.00%
2026-07-16 10:19:52 INFO     strategy        PnL: 10:19:52 MTM=31.00 Profit=0.00%
2026-07-16 10:19:53 INFO     strategy        PnL: 10:19:53 MTM=18.00 Profit=0.00%
2026-07-16 10:19:54 INFO     strategy        PnL: 10:19:54 MTM=50.00 Profit=0.01%
2026-07-16 10:19:55 INFO     strategy        PnL: 10:19:55 MTM=15.00 Profit=0.00%
2026-07-16 10:19:56 INFO     strategy        PnL: 10:19:56 MTM=44.00 Profit=0.01%
2026-07-16 10:19:57 INFO     strategy        PnL: 10:19:57 MTM=29.00 Profit=0.00%
2026-07-16 10:19:58 INFO     strategy        PnL: 10:19:58 MTM=46.00 Profit=0.01%
2026-07-16 10:19:59 INFO     strategy        PnL: 10:19:59 MTM=64.00 Profit=0.01%
2026-07-16 10:20:01 INFO     strategy        PnL: 10:20:01 MTM=48.00 Profit=0.01%
2026-07-16 10:20:02 INFO     strategy        PnL: 10:20:02 MTM=-1.00 Loss=0.00%
2026-07-16 10:20:03 INFO     strategy        PnL: 10:20:03 MTM=75.00 Profit=0.01%
2026-07-16 10:20:04 INFO     strategy        PnL: 10:20:04 MTM=77.00 Profit=0.01%
2026-07-16 10:20:05 INFO     strategy        PnL: 10:20:05 MTM=49.00 Profit=0.01%
2026-07-16 10:20:06 INFO     strategy        PnL: 10:20:06 MTM=42.00 Profit=0.01%
2026-07-16 10:20:07 INFO     strategy        PnL: 10:20:07 MTM=37.00 Profit=0.01%
2026-07-16 10:20:08 INFO     strategy        PnL: 10:20:08 MTM=29.00 Profit=0.00%
2026-07-16 10:20:09 INFO     strategy        PnL: 10:20:09 MTM=49.00 Profit=0.01%
2026-07-16 10:20:10 INFO     strategy        PnL: 10:20:10 MTM=57.00 Profit=0.01%
2026-07-16 10:20:11 INFO     strategy        PnL: 10:20:11 MTM=71.00 Profit=0.01%
2026-07-16 10:20:12 INFO     strategy        PnL: 10:20:12 MTM=0.00 Profit=0.00%
2026-07-16 10:20:13 INFO     strategy        PnL: 10:20:13 MTM=12.00 Profit=0.00%
2026-07-16 10:20:14 INFO     strategy        PnL: 10:20:14 MTM=65.00 Profit=0.01%
2026-07-16 10:20:15 INFO     strategy        PnL: 10:20:15 MTM=58.00 Profit=0.01%
2026-07-16 10:20:16 INFO     strategy        PnL: 10:20:16 MTM=70.00 Profit=0.01%
2026-07-16 10:20:17 INFO     strategy        PnL: 10:20:17 MTM=39.00 Profit=0.01%
2026-07-16 10:20:18 INFO     strategy        PnL: 10:20:18 MTM=36.00 Profit=0.01%
2026-07-16 10:20:19 INFO     strategy        PnL: 10:20:19 MTM=33.00 Profit=0.01%
2026-07-16 10:20:20 INFO     strategy        PnL: 10:20:20 MTM=47.00 Profit=0.01%
2026-07-16 10:20:21 INFO     strategy        PnL: 10:20:21 MTM=53.00 Profit=0.01%
2026-07-16 10:20:22 INFO     strategy        PnL: 10:20:22 MTM=55.00 Profit=0.01%
2026-07-16 10:20:23 INFO     strategy        PnL: 10:20:23 MTM=54.00 Profit=0.01%
2026-07-16 10:20:24 INFO     strategy        PnL: 10:20:24 MTM=59.00 Profit=0.01%
2026-07-16 10:20:25 INFO     strategy        PnL: 10:20:25 MTM=80.00 Profit=0.01%
2026-07-16 10:20:26 INFO     strategy        PnL: 10:20:26 MTM=64.00 Profit=0.01%
2026-07-16 10:20:27 INFO     strategy        PnL: 10:20:27 MTM=33.00 Profit=0.01%
2026-07-16 10:20:28 INFO     strategy        PnL: 10:20:28 MTM=40.00 Profit=0.01%
2026-07-16 10:20:29 INFO     strategy        PnL: 10:20:29 MTM=27.00 Profit=0.00%
2026-07-16 10:20:30 INFO     strategy        PnL: 10:20:30 MTM=-2.00 Loss=0.00%
2026-07-16 10:20:31 INFO     strategy        PnL: 10:20:31 MTM=43.00 Profit=0.01%
2026-07-16 10:20:32 INFO     strategy        PnL: 10:20:32 MTM=11.00 Profit=0.00%
2026-07-16 10:20:33 INFO     strategy        PnL: 10:20:33 MTM=14.00 Profit=0.00%
2026-07-16 10:20:34 INFO     strategy        PnL: 10:20:34 MTM=39.00 Profit=0.01%
2026-07-16 10:20:35 INFO     strategy        PnL: 10:20:35 MTM=1.00 Profit=0.00%
2026-07-16 10:20:36 INFO     strategy        PnL: 10:20:36 MTM=32.00 Profit=0.00%
2026-07-16 10:20:37 INFO     strategy        PnL: 10:20:37 MTM=25.00 Profit=0.00%
2026-07-16 10:20:38 INFO     strategy        PnL: 10:20:38 MTM=61.00 Profit=0.01%
2026-07-16 10:20:39 INFO     strategy        PnL: 10:20:39 MTM=54.00 Profit=0.01%
2026-07-16 10:20:40 INFO     strategy        PnL: 10:20:40 MTM=28.00 Profit=0.00%
2026-07-16 10:20:41 INFO     strategy        PnL: 10:20:41 MTM=21.00 Profit=0.00%
2026-07-16 10:20:42 INFO     strategy        PnL: 10:20:42 MTM=37.00 Profit=0.01%
2026-07-16 10:20:43 INFO     strategy        PnL: 10:20:43 MTM=25.00 Profit=0.00%
2026-07-16 10:20:44 INFO     strategy        PnL: 10:20:44 MTM=17.00 Profit=0.00%
2026-07-16 10:20:45 INFO     strategy        PnL: 10:20:45 MTM=58.00 Profit=0.01%
2026-07-16 10:20:46 INFO     strategy        PnL: 10:20:46 MTM=39.00 Profit=0.01%
2026-07-16 10:20:47 INFO     strategy        PnL: 10:20:47 MTM=67.00 Profit=0.01%
2026-07-16 10:20:48 INFO     strategy        PnL: 10:20:48 MTM=21.00 Profit=0.00%
2026-07-16 10:20:49 INFO     strategy        PnL: 10:20:49 MTM=39.00 Profit=0.01%
2026-07-16 10:20:50 INFO     strategy        PnL: 10:20:50 MTM=56.00 Profit=0.01%
2026-07-16 10:20:51 INFO     strategy        PnL: 10:20:51 MTM=58.00 Profit=0.01%
2026-07-16 10:20:52 INFO     strategy        PnL: 10:20:52 MTM=24.00 Profit=0.00%
2026-07-16 10:20:53 INFO     strategy        PnL: 10:20:53 MTM=72.00 Profit=0.01%
2026-07-16 10:20:54 INFO     strategy        PnL: 10:20:54 MTM=25.00 Profit=0.00%
2026-07-16 10:20:55 INFO     strategy        PnL: 10:20:55 MTM=26.00 Profit=0.00%
2026-07-16 10:20:56 INFO     strategy        PnL: 10:20:56 MTM=3.00 Profit=0.00%
2026-07-16 10:20:57 INFO     strategy        PnL: 10:20:57 MTM=104.00 Profit=0.02%
2026-07-16 10:20:58 INFO     strategy        PnL: 10:20:58 MTM=45.00 Profit=0.01%
2026-07-16 10:20:59 INFO     strategy        PnL: 10:20:59 MTM=22.00 Profit=0.00%
2026-07-16 10:21:00 INFO     strategy        PnL: 10:21:00 MTM=16.00 Profit=0.00%
2026-07-16 10:21:01 INFO     strategy        PnL: 10:21:01 MTM=92.00 Profit=0.01%
2026-07-16 10:21:02 INFO     strategy        PnL: 10:21:02 MTM=54.00 Profit=0.01%
2026-07-16 10:21:03 INFO     strategy        PnL: 10:21:03 MTM=71.00 Profit=0.01%
2026-07-16 10:21:04 INFO     strategy        PnL: 10:21:04 MTM=60.00 Profit=0.01%
2026-07-16 10:21:05 INFO     strategy        PnL: 10:21:05 MTM=65.00 Profit=0.01%
2026-07-16 10:21:06 INFO     strategy        PnL: 10:21:06 MTM=46.00 Profit=0.01%
2026-07-16 10:21:07 INFO     strategy        PnL: 10:21:07 MTM=28.00 Profit=0.00%
2026-07-16 10:21:08 INFO     strategy        PnL: 10:21:08 MTM=36.00 Profit=0.01%
2026-07-16 10:21:09 INFO     strategy        PnL: 10:21:09 MTM=41.00 Profit=0.01%
2026-07-16 10:21:10 INFO     strategy        PnL: 10:21:10 MTM=24.00 Profit=0.00%
2026-07-16 10:21:11 INFO     strategy        PnL: 10:21:11 MTM=18.00 Profit=0.00%
2026-07-16 10:21:12 INFO     strategy        PnL: 10:21:12 MTM=-6.00 Loss=0.00%
2026-07-16 10:21:13 INFO     strategy        PnL: 10:21:13 MTM=5.00 Profit=0.00%
2026-07-16 10:21:14 INFO     strategy        PnL: 10:21:14 MTM=20.00 Profit=0.00%
2026-07-16 10:21:15 INFO     strategy        PnL: 10:21:15 MTM=-5.00 Loss=0.00%
2026-07-16 10:21:16 INFO     strategy        PnL: 10:21:16 MTM=-6.00 Loss=0.00%
2026-07-16 10:21:17 INFO     strategy        PnL: 10:21:17 MTM=35.00 Profit=0.01%
2026-07-16 10:21:18 INFO     strategy        PnL: 10:21:18 MTM=45.00 Profit=0.01%
2026-07-16 10:21:19 INFO     strategy        PnL: 10:21:19 MTM=23.00 Profit=0.00%
2026-07-16 10:21:20 INFO     strategy        PnL: 10:21:20 MTM=27.00 Profit=0.00%
2026-07-16 10:21:21 INFO     strategy        PnL: 10:21:21 MTM=53.00 Profit=0.01%
2026-07-16 10:21:22 INFO     strategy        PnL: 10:21:22 MTM=58.00 Profit=0.01%
2026-07-16 10:21:23 INFO     strategy        PnL: 10:21:23 MTM=-0.00 Loss=0.00%
2026-07-16 10:21:24 INFO     strategy        PnL: 10:21:24 MTM=34.00 Profit=0.01%
2026-07-16 10:21:25 INFO     strategy        PnL: 10:21:25 MTM=21.00 Profit=0.00%
2026-07-16 10:21:26 INFO     strategy        PnL: 10:21:26 MTM=49.00 Profit=0.01%
2026-07-16 10:21:27 INFO     strategy        PnL: 10:21:27 MTM=27.00 Profit=0.00%
2026-07-16 10:21:28 INFO     strategy        PnL: 10:21:28 MTM=41.00 Profit=0.01%
2026-07-16 10:21:29 INFO     strategy        PnL: 10:21:29 MTM=16.00 Profit=0.00%
2026-07-16 10:21:30 INFO     strategy        PnL: 10:21:30 MTM=16.00 Profit=0.00%
2026-07-16 10:21:31 INFO     strategy        PnL: 10:21:31 MTM=-31.00 Loss=0.00%
2026-07-16 10:21:32 INFO     strategy        PnL: 10:21:32 MTM=-5.00 Loss=0.00%
2026-07-16 10:21:33 INFO     strategy        PnL: 10:21:33 MTM=23.00 Profit=0.00%
2026-07-16 10:21:34 INFO     strategy        PnL: 10:21:34 MTM=8.00 Profit=0.00%
2026-07-16 10:21:35 INFO     strategy        PnL: 10:21:35 MTM=11.00 Profit=0.00%
2026-07-16 10:21:36 INFO     strategy        PnL: 10:21:36 MTM=5.00 Profit=0.00%
2026-07-16 10:21:37 INFO     strategy        PnL: 10:21:37 MTM=32.00 Profit=0.00%
2026-07-16 10:21:38 INFO     strategy        PnL: 10:21:38 MTM=-3.00 Loss=0.00%
2026-07-16 10:21:39 INFO     strategy        PnL: 10:21:39 MTM=39.00 Profit=0.01%
2026-07-16 10:21:40 INFO     strategy        PnL: 10:21:40 MTM=37.00 Profit=0.01%
2026-07-16 10:21:41 INFO     strategy        PnL: 10:21:41 MTM=40.00 Profit=0.01%
2026-07-16 10:21:42 INFO     strategy        PnL: 10:21:42 MTM=12.00 Profit=0.00%
2026-07-16 10:21:43 INFO     strategy        PnL: 10:21:43 MTM=31.00 Profit=0.00%
2026-07-16 10:21:44 INFO     strategy        PnL: 10:21:44 MTM=14.00 Profit=0.00%
2026-07-16 10:21:45 INFO     strategy        PnL: 10:21:45 MTM=42.00 Profit=0.01%
2026-07-16 10:21:46 INFO     strategy        PnL: 10:21:46 MTM=35.00 Profit=0.01%
2026-07-16 10:21:47 INFO     strategy        PnL: 10:21:47 MTM=78.00 Profit=0.01%
2026-07-16 10:21:48 INFO     strategy        PnL: 10:21:48 MTM=40.00 Profit=0.01%
2026-07-16 10:21:50 INFO     strategy        PnL: 10:21:50 MTM=46.00 Profit=0.01%
2026-07-16 10:21:51 INFO     strategy        PnL: 10:21:51 MTM=74.00 Profit=0.01%
2026-07-16 10:21:52 INFO     strategy        PnL: 10:21:52 MTM=61.00 Profit=0.01%
2026-07-16 10:21:53 INFO     strategy        PnL: 10:21:53 MTM=50.00 Profit=0.01%
2026-07-16 10:21:54 INFO     strategy        PnL: 10:21:54 MTM=54.00 Profit=0.01%
2026-07-16 10:21:55 INFO     strategy        PnL: 10:21:55 MTM=45.00 Profit=0.01%
2026-07-16 10:21:56 INFO     strategy        PnL: 10:21:56 MTM=67.00 Profit=0.01%
2026-07-16 10:21:57 INFO     strategy        PnL: 10:21:57 MTM=36.00 Profit=0.01%
2026-07-16 10:21:58 INFO     strategy        PnL: 10:21:58 MTM=17.00 Profit=0.00%
2026-07-16 10:21:59 INFO     strategy        PnL: 10:21:59 MTM=42.00 Profit=0.01%
2026-07-16 10:22:00 INFO     strategy        PnL: 10:22:00 MTM=39.00 Profit=0.01%
2026-07-16 10:22:01 INFO     strategy        PnL: 10:22:01 MTM=72.00 Profit=0.01%
2026-07-16 10:22:02 INFO     strategy        PnL: 10:22:02 MTM=33.00 Profit=0.01%
2026-07-16 10:22:03 INFO     strategy        PnL: 10:22:03 MTM=41.00 Profit=0.01%
2026-07-16 10:22:04 INFO     strategy        PnL: 10:22:04 MTM=72.00 Profit=0.01%
2026-07-16 10:22:05 INFO     strategy        PnL: 10:22:05 MTM=83.00 Profit=0.01%
2026-07-16 10:22:06 INFO     strategy        PnL: 10:22:06 MTM=68.00 Profit=0.01%
2026-07-16 10:22:07 INFO     strategy        PnL: 10:22:07 MTM=51.00 Profit=0.01%
2026-07-16 10:22:08 INFO     strategy        PnL: 10:22:08 MTM=66.00 Profit=0.01%
2026-07-16 10:22:09 INFO     strategy        PnL: 10:22:09 MTM=30.00 Profit=0.00%
2026-07-16 10:22:10 INFO     strategy        PnL: 10:22:10 MTM=89.00 Profit=0.01%
2026-07-16 10:22:11 INFO     strategy        PnL: 10:22:11 MTM=96.00 Profit=0.01%
2026-07-16 10:22:12 INFO     strategy        PnL: 10:22:12 MTM=65.00 Profit=0.01%
2026-07-16 10:22:13 INFO     strategy        PnL: 10:22:13 MTM=97.00 Profit=0.01%
2026-07-16 10:22:14 INFO     strategy        PnL: 10:22:14 MTM=27.00 Profit=0.00%
2026-07-16 10:22:15 INFO     strategy        PnL: 10:22:15 MTM=56.00 Profit=0.01%
2026-07-16 10:22:16 INFO     strategy        PnL: 10:22:16 MTM=72.00 Profit=0.01%
2026-07-16 10:22:17 INFO     strategy        PnL: 10:22:17 MTM=69.00 Profit=0.01%
2026-07-16 10:22:18 INFO     strategy        PnL: 10:22:18 MTM=44.00 Profit=0.01%
2026-07-16 10:22:19 INFO     strategy        PnL: 10:22:19 MTM=77.00 Profit=0.01%
2026-07-16 10:22:20 INFO     strategy        PnL: 10:22:20 MTM=79.00 Profit=0.01%
2026-07-16 10:22:21 INFO     strategy        PnL: 10:22:21 MTM=67.00 Profit=0.01%
2026-07-16 10:22:22 INFO     strategy        PnL: 10:22:22 MTM=56.00 Profit=0.01%
2026-07-16 10:22:23 INFO     strategy        PnL: 10:22:23 MTM=48.00 Profit=0.01%
2026-07-16 10:22:24 INFO     strategy        PnL: 10:22:24 MTM=69.00 Profit=0.01%
2026-07-16 10:22:25 INFO     strategy        PnL: 10:22:25 MTM=61.00 Profit=0.01%
2026-07-16 10:22:26 INFO     strategy        PnL: 10:22:26 MTM=93.00 Profit=0.01%
2026-07-16 10:22:27 INFO     strategy        PnL: 10:22:27 MTM=81.00 Profit=0.01%
2026-07-16 10:22:28 INFO     strategy        PnL: 10:22:28 MTM=70.00 Profit=0.01%
2026-07-16 10:22:29 INFO     strategy        PnL: 10:22:29 MTM=62.00 Profit=0.01%
2026-07-16 10:22:30 INFO     strategy        PnL: 10:22:30 MTM=84.00 Profit=0.01%
2026-07-16 10:22:31 INFO     strategy        PnL: 10:22:31 MTM=42.00 Profit=0.01%
2026-07-16 10:22:32 INFO     strategy        PnL: 10:22:32 MTM=26.00 Profit=0.00%
2026-07-16 10:22:33 INFO     strategy        PnL: 10:22:33 MTM=79.00 Profit=0.01%
2026-07-16 10:22:34 INFO     strategy        PnL: 10:22:34 MTM=72.00 Profit=0.01%
2026-07-16 10:22:35 INFO     strategy        PnL: 10:22:35 MTM=84.00 Profit=0.01%
2026-07-16 10:22:36 INFO     strategy        PnL: 10:22:36 MTM=85.00 Profit=0.01%
2026-07-16 10:22:37 INFO     strategy        PnL: 10:22:37 MTM=31.00 Profit=0.00%
2026-07-16 10:22:38 INFO     strategy        PnL: 10:22:38 MTM=91.00 Profit=0.01%
2026-07-16 10:22:39 INFO     strategy        PnL: 10:22:39 MTM=83.00 Profit=0.01%
2026-07-16 10:22:40 INFO     strategy        PnL: 10:22:40 MTM=135.00 Profit=0.02%
2026-07-16 10:22:41 INFO     strategy        PnL: 10:22:41 MTM=45.00 Profit=0.01%
2026-07-16 10:22:42 INFO     strategy        PnL: 10:22:42 MTM=70.00 Profit=0.01%
2026-07-16 10:22:43 INFO     strategy        PnL: 10:22:43 MTM=75.00 Profit=0.01%
2026-07-16 10:22:44 INFO     strategy        PnL: 10:22:44 MTM=64.00 Profit=0.01%
2026-07-16 10:22:45 INFO     strategy        PnL: 10:22:45 MTM=71.00 Profit=0.01%
2026-07-16 10:22:46 INFO     strategy        PnL: 10:22:46 MTM=89.00 Profit=0.01%
2026-07-16 10:22:47 INFO     strategy        PnL: 10:22:47 MTM=71.00 Profit=0.01%
2026-07-16 10:22:48 INFO     strategy        PnL: 10:22:48 MTM=48.00 Profit=0.01%
2026-07-16 10:22:49 INFO     strategy        PnL: 10:22:49 MTM=43.00 Profit=0.01%
2026-07-16 10:22:50 INFO     strategy        PnL: 10:22:50 MTM=62.00 Profit=0.01%
2026-07-16 10:22:51 INFO     strategy        PnL: 10:22:51 MTM=67.00 Profit=0.01%
2026-07-16 10:22:52 INFO     strategy        PnL: 10:22:52 MTM=82.00 Profit=0.01%
2026-07-16 10:22:53 INFO     strategy        PnL: 10:22:53 MTM=85.00 Profit=0.01%
2026-07-16 10:22:54 INFO     strategy        PnL: 10:22:54 MTM=84.00 Profit=0.01%
2026-07-16 10:22:55 INFO     strategy        PnL: 10:22:55 MTM=46.00 Profit=0.01%
2026-07-16 10:22:56 INFO     strategy        PnL: 10:22:56 MTM=82.00 Profit=0.01%
2026-07-16 10:22:57 INFO     strategy        PnL: 10:22:57 MTM=135.00 Profit=0.02%
2026-07-16 10:22:58 INFO     strategy        PnL: 10:22:58 MTM=68.00 Profit=0.01%
2026-07-16 10:22:59 INFO     strategy        PnL: 10:22:59 MTM=82.00 Profit=0.01%
2026-07-16 10:23:00 INFO     strategy        PnL: 10:23:00 MTM=87.00 Profit=0.01%
2026-07-16 10:23:01 INFO     strategy        PnL: 10:23:01 MTM=114.00 Profit=0.02%
2026-07-16 10:23:02 INFO     strategy        PnL: 10:23:02 MTM=86.00 Profit=0.01%
2026-07-16 10:23:03 INFO     strategy        PnL: 10:23:03 MTM=89.00 Profit=0.01%
2026-07-16 10:23:04 INFO     strategy        PnL: 10:23:04 MTM=86.00 Profit=0.01%
2026-07-16 10:23:05 INFO     strategy        PnL: 10:23:05 MTM=95.00 Profit=0.01%
2026-07-16 10:23:06 INFO     strategy        PnL: 10:23:06 MTM=44.00 Profit=0.01%
2026-07-16 10:23:07 INFO     strategy        PnL: 10:23:07 MTM=83.00 Profit=0.01%
2026-07-16 10:23:08 INFO     strategy        PnL: 10:23:08 MTM=76.00 Profit=0.01%
2026-07-16 10:23:09 INFO     strategy        PnL: 10:23:09 MTM=65.00 Profit=0.01%
2026-07-16 10:23:10 INFO     strategy        PnL: 10:23:10 MTM=67.00 Profit=0.01%
2026-07-16 10:23:11 INFO     strategy        PnL: 10:23:11 MTM=89.00 Profit=0.01%
2026-07-16 10:23:12 INFO     strategy        PnL: 10:23:12 MTM=91.00 Profit=0.01%
2026-07-16 10:23:13 INFO     strategy        PnL: 10:23:13 MTM=100.00 Profit=0.02%
2026-07-16 10:23:14 INFO     strategy        PnL: 10:23:14 MTM=102.00 Profit=0.02%
2026-07-16 10:23:15 INFO     strategy        PnL: 10:23:15 MTM=74.00 Profit=0.01%
2026-07-16 10:23:16 INFO     strategy        PnL: 10:23:16 MTM=110.00 Profit=0.02%
2026-07-16 10:23:17 INFO     strategy        PnL: 10:23:17 MTM=52.00 Profit=0.01%
2026-07-16 10:23:18 INFO     strategy        PnL: 10:23:18 MTM=86.00 Profit=0.01%
2026-07-16 10:23:19 INFO     strategy        PnL: 10:23:19 MTM=68.00 Profit=0.01%
2026-07-16 10:23:20 INFO     strategy        PnL: 10:23:20 MTM=112.00 Profit=0.02%
2026-07-16 10:23:21 INFO     strategy        PnL: 10:23:21 MTM=103.00 Profit=0.02%
2026-07-16 10:23:22 INFO     strategy        PnL: 10:23:22 MTM=86.00 Profit=0.01%
2026-07-16 10:23:23 INFO     strategy        PnL: 10:23:23 MTM=64.00 Profit=0.01%
2026-07-16 10:23:24 INFO     strategy        PnL: 10:23:24 MTM=77.00 Profit=0.01%
2026-07-16 10:23:25 INFO     strategy        PnL: 10:23:25 MTM=44.00 Profit=0.01%
2026-07-16 10:23:26 INFO     strategy        PnL: 10:23:26 MTM=76.00 Profit=0.01%
2026-07-16 10:23:27 INFO     strategy        PnL: 10:23:27 MTM=95.00 Profit=0.01%
2026-07-16 10:23:28 INFO     strategy        PnL: 10:23:28 MTM=104.00 Profit=0.02%
2026-07-16 10:23:29 INFO     strategy        PnL: 10:23:29 MTM=92.00 Profit=0.01%
2026-07-16 10:23:30 INFO     strategy        PnL: 10:23:30 MTM=106.00 Profit=0.02%
2026-07-16 10:23:31 INFO     strategy        PnL: 10:23:31 MTM=85.00 Profit=0.01%
2026-07-16 10:23:32 INFO     strategy        PnL: 10:23:32 MTM=104.00 Profit=0.02%
2026-07-16 10:23:33 INFO     strategy        PnL: 10:23:33 MTM=98.00 Profit=0.02%
2026-07-16 10:23:34 INFO     strategy        PnL: 10:23:34 MTM=94.00 Profit=0.01%
2026-07-16 10:23:35 INFO     strategy        PnL: 10:23:35 MTM=96.00 Profit=0.01%
2026-07-16 10:23:37 INFO     strategy        PnL: 10:23:36 MTM=89.00 Profit=0.01%
2026-07-16 10:23:38 INFO     strategy        PnL: 10:23:37 MTM=90.00 Profit=0.01%
2026-07-16 10:23:39 INFO     strategy        PnL: 10:23:39 MTM=81.00 Profit=0.01%
2026-07-16 10:23:40 INFO     strategy        PnL: 10:23:40 MTM=94.00 Profit=0.01%
2026-07-16 10:23:41 INFO     strategy        PnL: 10:23:41 MTM=76.00 Profit=0.01%
2026-07-16 10:23:42 INFO     strategy        PnL: 10:23:42 MTM=91.00 Profit=0.01%
2026-07-16 10:23:43 INFO     strategy        PnL: 10:23:43 MTM=125.00 Profit=0.02%
2026-07-16 10:23:44 INFO     strategy        PnL: 10:23:44 MTM=82.00 Profit=0.01%
2026-07-16 10:23:45 INFO     strategy        PnL: 10:23:45 MTM=82.00 Profit=0.01%
2026-07-16 10:23:46 INFO     strategy        PnL: 10:23:46 MTM=93.00 Profit=0.01%
2026-07-16 10:23:47 INFO     strategy        PnL: 10:23:47 MTM=89.00 Profit=0.01%
2026-07-16 10:23:48 INFO     strategy        PnL: 10:23:48 MTM=97.00 Profit=0.01%
2026-07-16 10:23:49 INFO     strategy        PnL: 10:23:49 MTM=79.00 Profit=0.01%
2026-07-16 10:23:50 INFO     strategy        PnL: 10:23:50 MTM=91.00 Profit=0.01%
2026-07-16 10:23:51 INFO     strategy        PnL: 10:23:51 MTM=97.00 Profit=0.01%
2026-07-16 10:23:52 INFO     strategy        PnL: 10:23:52 MTM=77.00 Profit=0.01%
2026-07-16 10:23:53 INFO     strategy        PnL: 10:23:53 MTM=92.00 Profit=0.01%
2026-07-16 10:23:54 INFO     strategy        PnL: 10:23:54 MTM=99.00 Profit=0.02%
2026-07-16 10:23:55 INFO     strategy        PnL: 10:23:55 MTM=116.00 Profit=0.02%
2026-07-16 10:23:56 INFO     strategy        PnL: 10:23:56 MTM=118.00 Profit=0.02%
2026-07-16 10:23:57 INFO     strategy        PnL: 10:23:57 MTM=28.00 Profit=0.00%
2026-07-16 10:23:58 INFO     strategy        PnL: 10:23:58 MTM=97.00 Profit=0.01%
2026-07-16 10:23:59 INFO     strategy        PnL: 10:23:59 MTM=100.00 Profit=0.02%
2026-07-16 10:24:00 INFO     strategy        PnL: 10:24:00 MTM=93.00 Profit=0.01%
2026-07-16 10:24:01 INFO     strategy        PnL: 10:24:01 MTM=96.00 Profit=0.01%
2026-07-16 10:24:02 INFO     strategy        PnL: 10:24:02 MTM=72.00 Profit=0.01%
2026-07-16 10:24:03 INFO     strategy        PnL: 10:24:03 MTM=103.00 Profit=0.02%
2026-07-16 10:24:04 INFO     strategy        PnL: 10:24:04 MTM=106.00 Profit=0.02%
2026-07-16 10:24:05 INFO     strategy        PnL: 10:24:05 MTM=113.00 Profit=0.02%
2026-07-16 10:24:06 INFO     strategy        PnL: 10:24:06 MTM=96.00 Profit=0.01%
2026-07-16 10:24:07 INFO     strategy        PnL: 10:24:07 MTM=106.00 Profit=0.02%
2026-07-16 10:24:08 INFO     strategy        PnL: 10:24:08 MTM=107.00 Profit=0.02%
2026-07-16 10:24:09 INFO     strategy        PnL: 10:24:09 MTM=97.00 Profit=0.01%
2026-07-16 10:24:10 INFO     strategy        PnL: 10:24:10 MTM=86.00 Profit=0.01%
2026-07-16 10:24:11 INFO     strategy        PnL: 10:24:11 MTM=93.00 Profit=0.01%
2026-07-16 10:24:12 INFO     strategy        PnL: 10:24:12 MTM=88.00 Profit=0.01%
2026-07-16 10:24:13 INFO     strategy        PnL: 10:24:13 MTM=86.00 Profit=0.01%
2026-07-16 10:24:14 INFO     strategy        PnL: 10:24:14 MTM=109.00 Profit=0.02%
2026-07-16 10:24:15 INFO     strategy        PnL: 10:24:15 MTM=118.00 Profit=0.02%
2026-07-16 10:24:16 INFO     strategy        PnL: 10:24:16 MTM=110.00 Profit=0.02%
2026-07-16 10:24:17 INFO     strategy        PnL: 10:24:17 MTM=73.00 Profit=0.01%
2026-07-16 10:24:18 INFO     strategy        PnL: 10:24:18 MTM=99.00 Profit=0.02%
2026-07-16 10:24:19 INFO     strategy        PnL: 10:24:19 MTM=138.00 Profit=0.02%
2026-07-16 10:24:20 INFO     strategy        PnL: 10:24:20 MTM=91.00 Profit=0.01%
2026-07-16 10:24:21 INFO     strategy        PnL: 10:24:21 MTM=103.00 Profit=0.02%
2026-07-16 10:24:22 INFO     strategy        PnL: 10:24:22 MTM=81.00 Profit=0.01%
2026-07-16 10:24:23 INFO     strategy        PnL: 10:24:23 MTM=76.00 Profit=0.01%
2026-07-16 10:24:24 INFO     strategy        PnL: 10:24:24 MTM=98.00 Profit=0.02%
2026-07-16 10:24:25 INFO     strategy        PnL: 10:24:25 MTM=77.00 Profit=0.01%
2026-07-16 10:24:26 INFO     strategy        PnL: 10:24:26 MTM=71.00 Profit=0.01%
2026-07-16 10:24:27 INFO     strategy        PnL: 10:24:27 MTM=69.00 Profit=0.01%
2026-07-16 10:24:28 INFO     strategy        PnL: 10:24:28 MTM=75.00 Profit=0.01%
2026-07-16 10:24:29 INFO     strategy        PnL: 10:24:29 MTM=80.00 Profit=0.01%
2026-07-16 10:24:30 INFO     strategy        PnL: 10:24:30 MTM=88.00 Profit=0.01%
2026-07-16 10:24:31 INFO     strategy        PnL: 10:24:31 MTM=120.00 Profit=0.02%
2026-07-16 10:24:32 INFO     strategy        PnL: 10:24:32 MTM=95.00 Profit=0.01%
2026-07-16 10:24:33 INFO     strategy        PnL: 10:24:33 MTM=76.00 Profit=0.01%
2026-07-16 10:24:34 INFO     strategy        PnL: 10:24:34 MTM=72.00 Profit=0.01%
2026-07-16 10:24:35 INFO     strategy        PnL: 10:24:35 MTM=69.00 Profit=0.01%
2026-07-16 10:24:36 INFO     strategy        PnL: 10:24:36 MTM=66.00 Profit=0.01%
2026-07-16 10:24:37 INFO     strategy        PnL: 10:24:37 MTM=92.00 Profit=0.01%
2026-07-16 10:24:38 INFO     strategy        PnL: 10:24:38 MTM=80.00 Profit=0.01%
2026-07-16 10:24:39 INFO     strategy        PnL: 10:24:39 MTM=71.00 Profit=0.01%
2026-07-16 10:24:40 INFO     strategy        PnL: 10:24:40 MTM=64.00 Profit=0.01%
2026-07-16 10:24:41 INFO     strategy        PnL: 10:24:41 MTM=58.00 Profit=0.01%
2026-07-16 10:24:42 INFO     strategy        PnL: 10:24:42 MTM=70.00 Profit=0.01%
2026-07-16 10:24:43 INFO     strategy        PnL: 10:24:43 MTM=94.00 Profit=0.01%
2026-07-16 10:24:44 INFO     strategy        PnL: 10:24:44 MTM=102.00 Profit=0.02%
2026-07-16 10:24:45 INFO     strategy        PnL: 10:24:45 MTM=74.00 Profit=0.01%
2026-07-16 10:24:46 INFO     strategy        PnL: 10:24:46 MTM=84.00 Profit=0.01%
2026-07-16 10:24:47 INFO     strategy        PnL: 10:24:47 MTM=104.00 Profit=0.02%
2026-07-16 10:24:48 INFO     strategy        PnL: 10:24:48 MTM=84.00 Profit=0.01%
2026-07-16 10:24:49 INFO     strategy        PnL: 10:24:49 MTM=102.00 Profit=0.02%
2026-07-16 10:24:50 INFO     strategy        PnL: 10:24:50 MTM=93.00 Profit=0.01%
2026-07-16 10:24:51 INFO     strategy        PnL: 10:24:51 MTM=97.00 Profit=0.01%
2026-07-16 10:24:52 INFO     strategy        PnL: 10:24:52 MTM=85.00 Profit=0.01%
2026-07-16 10:24:53 INFO     strategy        PnL: 10:24:53 MTM=103.00 Profit=0.02%
2026-07-16 10:24:54 INFO     strategy        PnL: 10:24:54 MTM=103.00 Profit=0.02%
2026-07-16 10:24:55 INFO     strategy        PnL: 10:24:55 MTM=83.00 Profit=0.01%
2026-07-16 10:24:56 INFO     strategy        PnL: 10:24:56 MTM=94.00 Profit=0.01%
2026-07-16 10:24:57 INFO     strategy        PnL: 10:24:57 MTM=99.00 Profit=0.02%
2026-07-16 10:24:58 INFO     strategy        PnL: 10:24:58 MTM=100.00 Profit=0.02%
2026-07-16 10:24:59 INFO     strategy        PnL: 10:24:59 MTM=100.00 Profit=0.02%
2026-07-16 10:25:00 INFO     strategy        PnL: 10:25:00 MTM=95.00 Profit=0.01%
2026-07-16 10:25:01 INFO     strategy        PnL: 10:25:01 MTM=110.00 Profit=0.02%
2026-07-16 10:25:02 INFO     strategy        PnL: 10:25:02 MTM=88.00 Profit=0.01%
2026-07-16 10:25:03 INFO     strategy        PnL: 10:25:03 MTM=106.00 Profit=0.02%
2026-07-16 10:25:04 INFO     strategy        PnL: 10:25:04 MTM=102.00 Profit=0.02%
2026-07-16 10:25:05 INFO     strategy        PnL: 10:25:05 MTM=103.00 Profit=0.02%
2026-07-16 10:25:06 INFO     strategy        PnL: 10:25:06 MTM=100.00 Profit=0.02%
2026-07-16 10:25:07 INFO     strategy        PnL: 10:25:07 MTM=116.00 Profit=0.02%
2026-07-16 10:25:08 INFO     strategy        PnL: 10:25:08 MTM=99.00 Profit=0.02%
2026-07-16 10:25:09 INFO     strategy        PnL: 10:25:09 MTM=156.00 Profit=0.02%
2026-07-16 10:25:11 INFO     strategy        PnL: 10:25:11 MTM=123.00 Profit=0.02%
2026-07-16 10:25:12 INFO     strategy        PnL: 10:25:12 MTM=134.00 Profit=0.02%
2026-07-16 10:25:13 INFO     strategy        PnL: 10:25:13 MTM=102.00 Profit=0.02%
2026-07-16 10:25:14 INFO     strategy        PnL: 10:25:14 MTM=91.00 Profit=0.01%
2026-07-16 10:25:15 INFO     strategy        PnL: 10:25:15 MTM=134.00 Profit=0.02%
2026-07-16 10:25:16 INFO     strategy        PnL: 10:25:16 MTM=93.00 Profit=0.01%
2026-07-16 10:25:17 INFO     strategy        PnL: 10:25:17 MTM=103.00 Profit=0.02%
2026-07-16 10:25:18 INFO     strategy        PnL: 10:25:18 MTM=120.00 Profit=0.02%
2026-07-16 10:25:19 INFO     strategy        PnL: 10:25:19 MTM=108.00 Profit=0.02%
2026-07-16 10:25:20 INFO     strategy        PnL: 10:25:20 MTM=112.00 Profit=0.02%
2026-07-16 10:25:21 INFO     strategy        PnL: 10:25:21 MTM=110.00 Profit=0.02%
2026-07-16 10:25:22 INFO     strategy        PnL: 10:25:22 MTM=124.00 Profit=0.02%
2026-07-16 10:25:23 INFO     strategy        PnL: 10:25:23 MTM=105.00 Profit=0.02%
2026-07-16 10:25:24 INFO     strategy        PnL: 10:25:24 MTM=94.00 Profit=0.01%
2026-07-16 10:25:25 INFO     strategy        PnL: 10:25:25 MTM=106.00 Profit=0.02%
2026-07-16 10:25:26 INFO     strategy        PnL: 10:25:26 MTM=127.00 Profit=0.02%
2026-07-16 10:25:27 INFO     strategy        PnL: 10:25:27 MTM=109.00 Profit=0.02%
2026-07-16 10:25:28 INFO     strategy        PnL: 10:25:28 MTM=112.00 Profit=0.02%
2026-07-16 10:25:29 INFO     strategy        PnL: 10:25:29 MTM=110.00 Profit=0.02%
2026-07-16 10:25:30 INFO     strategy        PnL: 10:25:30 MTM=108.00 Profit=0.02%
2026-07-16 10:25:31 INFO     strategy        PnL: 10:25:31 MTM=116.00 Profit=0.02%
2026-07-16 10:25:32 INFO     strategy        PnL: 10:25:32 MTM=118.00 Profit=0.02%
2026-07-16 10:25:33 INFO     strategy        PnL: 10:25:33 MTM=125.00 Profit=0.02%
2026-07-16 10:25:34 INFO     strategy        PnL: 10:25:34 MTM=112.00 Profit=0.02%
2026-07-16 10:25:35 INFO     strategy        PnL: 10:25:35 MTM=131.00 Profit=0.02%
2026-07-16 10:25:36 INFO     strategy        PnL: 10:25:36 MTM=118.00 Profit=0.02%
2026-07-16 10:25:37 INFO     strategy        PnL: 10:25:37 MTM=109.00 Profit=0.02%
2026-07-16 10:25:38 INFO     strategy        PnL: 10:25:38 MTM=113.00 Profit=0.02%
2026-07-16 10:25:39 INFO     strategy        PnL: 10:25:39 MTM=102.00 Profit=0.02%
2026-07-16 10:25:40 INFO     strategy        PnL: 10:25:40 MTM=125.00 Profit=0.02%
2026-07-16 10:25:41 INFO     strategy        PnL: 10:25:41 MTM=127.00 Profit=0.02%
2026-07-16 10:25:42 INFO     strategy        PnL: 10:25:42 MTM=116.00 Profit=0.02%
2026-07-16 10:25:43 INFO     strategy        PnL: 10:25:43 MTM=111.00 Profit=0.02%
2026-07-16 10:25:44 INFO     strategy        PnL: 10:25:44 MTM=115.00 Profit=0.02%
2026-07-16 10:25:45 INFO     strategy        PnL: 10:25:45 MTM=119.00 Profit=0.02%
2026-07-16 10:25:46 INFO     strategy        PnL: 10:25:46 MTM=125.00 Profit=0.02%
2026-07-16 10:25:47 INFO     strategy        PnL: 10:25:47 MTM=130.00 Profit=0.02%
2026-07-16 10:25:48 INFO     strategy        PnL: 10:25:48 MTM=138.00 Profit=0.02%
2026-07-16 10:25:49 INFO     strategy        PnL: 10:25:49 MTM=108.00 Profit=0.02%
2026-07-16 10:25:50 INFO     strategy        PnL: 10:25:50 MTM=143.00 Profit=0.02%
2026-07-16 10:25:51 INFO     strategy        PnL: 10:25:51 MTM=139.00 Profit=0.02%
2026-07-16 10:25:52 INFO     strategy        PnL: 10:25:52 MTM=136.00 Profit=0.02%
2026-07-16 10:25:53 INFO     strategy        PnL: 10:25:53 MTM=136.00 Profit=0.02%
2026-07-16 10:25:54 INFO     strategy        PnL: 10:25:54 MTM=138.00 Profit=0.02%
2026-07-16 10:25:55 INFO     strategy        PnL: 10:25:55 MTM=123.00 Profit=0.02%
2026-07-16 10:25:56 INFO     strategy        PnL: 10:25:56 MTM=156.00 Profit=0.02%
2026-07-16 10:25:57 INFO     strategy        PnL: 10:25:57 MTM=168.00 Profit=0.03%
2026-07-16 10:25:58 INFO     strategy        PnL: 10:25:58 MTM=117.00 Profit=0.02%
2026-07-16 10:25:59 INFO     strategy        PnL: 10:25:59 MTM=130.00 Profit=0.02%
2026-07-16 10:26:00 INFO     strategy        PnL: 10:26:00 MTM=127.00 Profit=0.02%
2026-07-16 10:26:01 INFO     strategy        PnL: 10:26:01 MTM=136.00 Profit=0.02%
2026-07-16 10:26:02 INFO     strategy        PnL: 10:26:02 MTM=94.00 Profit=0.01%
2026-07-16 10:26:03 INFO     strategy        PnL: 10:26:03 MTM=159.00 Profit=0.02%
2026-07-16 10:26:04 INFO     strategy        PnL: 10:26:04 MTM=145.00 Profit=0.02%
2026-07-16 10:26:05 INFO     strategy        PnL: 10:26:05 MTM=150.00 Profit=0.02%
2026-07-16 10:26:06 INFO     strategy        PnL: 10:26:06 MTM=164.00 Profit=0.03%
2026-07-16 10:26:07 INFO     strategy        PnL: 10:26:07 MTM=134.00 Profit=0.02%
2026-07-16 10:26:08 INFO     strategy        PnL: 10:26:08 MTM=124.00 Profit=0.02%
2026-07-16 10:26:09 INFO     strategy        PnL: 10:26:09 MTM=143.00 Profit=0.02%
2026-07-16 10:26:10 INFO     strategy        PnL: 10:26:10 MTM=127.00 Profit=0.02%
2026-07-16 10:26:11 INFO     strategy        PnL: 10:26:11 MTM=76.00 Profit=0.01%
2026-07-16 10:26:12 INFO     strategy        PnL: 10:26:12 MTM=175.00 Profit=0.03%
2026-07-16 10:26:13 INFO     strategy        PnL: 10:26:13 MTM=85.00 Profit=0.01%
2026-07-16 10:26:14 INFO     strategy        PnL: 10:26:14 MTM=163.00 Profit=0.03%
2026-07-16 10:26:15 INFO     strategy        PnL: 10:26:15 MTM=146.00 Profit=0.02%
2026-07-16 10:26:16 INFO     strategy        PnL: 10:26:16 MTM=117.00 Profit=0.02%
2026-07-16 10:26:17 INFO     strategy        PnL: 10:26:17 MTM=155.00 Profit=0.02%
2026-07-16 10:26:18 INFO     strategy        PnL: 10:26:18 MTM=143.00 Profit=0.02%
2026-07-16 10:26:19 INFO     strategy        PnL: 10:26:19 MTM=132.00 Profit=0.02%
2026-07-16 10:26:20 INFO     strategy        PnL: 10:26:20 MTM=144.00 Profit=0.02%
2026-07-16 10:26:21 INFO     strategy        PnL: 10:26:21 MTM=161.00 Profit=0.02%
2026-07-16 10:26:22 INFO     strategy        PnL: 10:26:22 MTM=162.00 Profit=0.02%
2026-07-16 10:26:23 INFO     strategy        PnL: 10:26:23 MTM=142.00 Profit=0.02%
2026-07-16 10:26:24 INFO     strategy        PnL: 10:26:24 MTM=136.00 Profit=0.02%
2026-07-16 10:26:25 INFO     strategy        PnL: 10:26:25 MTM=155.00 Profit=0.02%
2026-07-16 10:26:26 INFO     strategy        PnL: 10:26:26 MTM=140.00 Profit=0.02%
2026-07-16 10:26:27 INFO     strategy        PnL: 10:26:27 MTM=139.00 Profit=0.02%
2026-07-16 10:26:28 INFO     strategy        PnL: 10:26:28 MTM=135.00 Profit=0.02%
2026-07-16 10:26:29 INFO     strategy        PnL: 10:26:29 MTM=106.00 Profit=0.02%
2026-07-16 10:26:30 INFO     strategy        PnL: 10:26:30 MTM=126.00 Profit=0.02%
2026-07-16 10:26:31 INFO     strategy        PnL: 10:26:31 MTM=155.00 Profit=0.02%
2026-07-16 10:26:32 INFO     strategy        PnL: 10:26:32 MTM=150.00 Profit=0.02%
2026-07-16 10:26:33 INFO     strategy        PnL: 10:26:33 MTM=150.00 Profit=0.02%
2026-07-16 10:26:34 INFO     strategy        PnL: 10:26:34 MTM=163.00 Profit=0.03%
2026-07-16 10:26:35 INFO     strategy        PnL: 10:26:35 MTM=193.00 Profit=0.03%
2026-07-16 10:26:36 INFO     strategy        PnL: 10:26:36 MTM=120.00 Profit=0.02%
2026-07-16 10:26:37 INFO     strategy        PnL: 10:26:37 MTM=165.00 Profit=0.03%
2026-07-16 10:26:38 INFO     strategy        PnL: 10:26:38 MTM=107.00 Profit=0.02%
2026-07-16 10:26:39 INFO     strategy        PnL: 10:26:39 MTM=163.00 Profit=0.03%
2026-07-16 10:26:40 INFO     strategy        PnL: 10:26:40 MTM=83.00 Profit=0.01%
2026-07-16 10:26:41 INFO     strategy        PnL: 10:26:41 MTM=151.00 Profit=0.02%
2026-07-16 10:26:42 INFO     strategy        PnL: 10:26:42 MTM=177.00 Profit=0.03%
2026-07-16 10:26:43 INFO     strategy        PnL: 10:26:43 MTM=155.00 Profit=0.02%
2026-07-16 10:26:44 INFO     strategy        PnL: 10:26:44 MTM=131.00 Profit=0.02%
2026-07-16 10:26:45 INFO     strategy        PnL: 10:26:45 MTM=130.00 Profit=0.02%
2026-07-16 10:26:46 INFO     strategy        PnL: 10:26:46 MTM=122.00 Profit=0.02%
2026-07-16 10:26:47 INFO     strategy        PnL: 10:26:47 MTM=99.00 Profit=0.02%
2026-07-16 10:26:48 INFO     strategy        PnL: 10:26:48 MTM=141.00 Profit=0.02%
2026-07-16 10:26:49 INFO     strategy        PnL: 10:26:49 MTM=114.00 Profit=0.02%
2026-07-16 10:26:50 INFO     strategy        PnL: 10:26:50 MTM=148.00 Profit=0.02%
2026-07-16 10:26:51 INFO     strategy        PnL: 10:26:51 MTM=206.00 Profit=0.03%
2026-07-16 10:26:52 INFO     strategy        PnL: 10:26:52 MTM=98.00 Profit=0.02%
2026-07-16 10:26:53 INFO     strategy        PnL: 10:26:53 MTM=119.00 Profit=0.02%
2026-07-16 10:26:54 INFO     strategy        PnL: 10:26:54 MTM=102.00 Profit=0.02%
2026-07-16 10:26:55 INFO     strategy        PnL: 10:26:55 MTM=105.00 Profit=0.02%
2026-07-16 10:26:56 INFO     strategy        PnL: 10:26:56 MTM=104.00 Profit=0.02%
2026-07-16 10:26:57 INFO     strategy        PnL: 10:26:57 MTM=147.00 Profit=0.02%
2026-07-16 10:26:58 INFO     strategy        PnL: 10:26:58 MTM=135.00 Profit=0.02%
2026-07-16 10:26:59 INFO     strategy        PnL: 10:26:59 MTM=116.00 Profit=0.02%
2026-07-16 10:27:00 INFO     strategy        PnL: 10:27:00 MTM=136.00 Profit=0.02%
2026-07-16 10:27:01 INFO     strategy        PnL: 10:27:01 MTM=108.00 Profit=0.02%
2026-07-16 10:27:02 INFO     strategy        PnL: 10:27:02 MTM=137.00 Profit=0.02%
2026-07-16 10:27:04 INFO     strategy        PnL: 10:27:04 MTM=95.00 Profit=0.01%
2026-07-16 10:27:05 INFO     strategy        PnL: 10:27:05 MTM=119.00 Profit=0.02%
2026-07-16 10:27:06 INFO     strategy        PnL: 10:27:06 MTM=116.00 Profit=0.02%
2026-07-16 10:27:07 INFO     strategy        PnL: 10:27:07 MTM=113.00 Profit=0.02%
2026-07-16 10:27:08 INFO     strategy        PnL: 10:27:08 MTM=149.00 Profit=0.02%
2026-07-16 10:27:09 INFO     strategy        PnL: 10:27:09 MTM=118.00 Profit=0.02%
2026-07-16 10:27:10 INFO     strategy        PnL: 10:27:10 MTM=81.00 Profit=0.01%
2026-07-16 10:27:11 INFO     strategy        PnL: 10:27:11 MTM=119.00 Profit=0.02%
2026-07-16 10:27:12 INFO     strategy        PnL: 10:27:12 MTM=132.00 Profit=0.02%
2026-07-16 10:27:13 INFO     strategy        PnL: 10:27:13 MTM=121.00 Profit=0.02%
2026-07-16 10:27:14 INFO     strategy        PnL: 10:27:14 MTM=100.00 Profit=0.02%
2026-07-16 10:27:15 INFO     strategy        PnL: 10:27:15 MTM=132.00 Profit=0.02%
2026-07-16 10:27:16 INFO     strategy        PnL: 10:27:16 MTM=104.00 Profit=0.02%
2026-07-16 10:27:17 INFO     strategy        PnL: 10:27:17 MTM=127.00 Profit=0.02%
2026-07-16 10:27:18 INFO     strategy        PnL: 10:27:18 MTM=67.00 Profit=0.01%
2026-07-16 10:27:19 INFO     strategy        PnL: 10:27:19 MTM=102.00 Profit=0.02%
2026-07-16 10:27:20 INFO     strategy        PnL: 10:27:20 MTM=120.00 Profit=0.02%
2026-07-16 10:27:21 INFO     strategy        PnL: 10:27:21 MTM=96.00 Profit=0.01%
2026-07-16 10:27:22 INFO     strategy        PnL: 10:27:22 MTM=81.00 Profit=0.01%
2026-07-16 10:27:23 INFO     strategy        PnL: 10:27:23 MTM=116.00 Profit=0.02%
2026-07-16 10:27:24 INFO     strategy        PnL: 10:27:24 MTM=147.00 Profit=0.02%
2026-07-16 10:27:25 INFO     strategy        PnL: 10:27:25 MTM=82.00 Profit=0.01%
2026-07-16 10:27:26 INFO     strategy        PnL: 10:27:26 MTM=84.00 Profit=0.01%
2026-07-16 10:27:27 INFO     strategy        PnL: 10:27:27 MTM=78.00 Profit=0.01%
2026-07-16 10:27:28 INFO     strategy        PnL: 10:27:28 MTM=119.00 Profit=0.02%
2026-07-16 10:27:29 INFO     strategy        PnL: 10:27:29 MTM=107.00 Profit=0.02%
2026-07-16 10:27:30 INFO     strategy        PnL: 10:27:30 MTM=88.00 Profit=0.01%
2026-07-16 10:27:31 INFO     strategy        PnL: 10:27:31 MTM=77.00 Profit=0.01%
2026-07-16 10:27:32 INFO     strategy        PnL: 10:27:32 MTM=146.00 Profit=0.02%
2026-07-16 10:27:33 INFO     strategy        PnL: 10:27:33 MTM=114.00 Profit=0.02%
2026-07-16 10:27:34 INFO     strategy        PnL: 10:27:34 MTM=77.00 Profit=0.01%
2026-07-16 10:27:35 INFO     strategy        PnL: 10:27:35 MTM=118.00 Profit=0.02%
2026-07-16 10:27:36 INFO     strategy        PnL: 10:27:36 MTM=75.00 Profit=0.01%
2026-07-16 10:27:37 INFO     strategy        PnL: 10:27:37 MTM=5.00 Profit=0.00%
2026-07-16 10:27:38 INFO     strategy        PnL: 10:27:38 MTM=67.00 Profit=0.01%
2026-07-16 10:27:39 INFO     strategy        PnL: 10:27:39 MTM=49.00 Profit=0.01%
2026-07-16 10:27:40 INFO     strategy        PnL: 10:27:40 MTM=18.00 Profit=0.00%
2026-07-16 10:27:41 INFO     strategy        PnL: 10:27:41 MTM=88.00 Profit=0.01%
2026-07-16 10:27:42 INFO     strategy        PnL: 10:27:42 MTM=23.00 Profit=0.00%
2026-07-16 10:27:43 INFO     strategy        PnL: 10:27:43 MTM=56.00 Profit=0.01%
2026-07-16 10:27:44 INFO     strategy        PnL: 10:27:44 MTM=68.00 Profit=0.01%
2026-07-16 10:27:45 INFO     strategy        PnL: 10:27:45 MTM=26.00 Profit=0.00%
2026-07-16 10:27:46 INFO     strategy        PnL: 10:27:46 MTM=86.00 Profit=0.01%
2026-07-16 10:27:47 INFO     strategy        PnL: 10:27:47 MTM=17.00 Profit=0.00%
2026-07-16 10:27:48 INFO     strategy        PnL: 10:27:48 MTM=77.00 Profit=0.01%
2026-07-16 10:27:49 INFO     strategy        PnL: 10:27:49 MTM=60.00 Profit=0.01%
2026-07-16 10:27:50 INFO     strategy        PnL: 10:27:50 MTM=65.00 Profit=0.01%
2026-07-16 10:27:51 INFO     strategy        PnL: 10:27:51 MTM=67.00 Profit=0.01%
2026-07-16 10:27:52 INFO     strategy        PnL: 10:27:52 MTM=82.00 Profit=0.01%
2026-07-16 10:27:53 INFO     strategy        PnL: 10:27:53 MTM=80.00 Profit=0.01%
2026-07-16 10:27:54 INFO     strategy        PnL: 10:27:54 MTM=110.00 Profit=0.02%
2026-07-16 10:27:55 INFO     strategy        PnL: 10:27:55 MTM=110.00 Profit=0.02%
2026-07-16 10:27:56 INFO     strategy        PnL: 10:27:56 MTM=103.00 Profit=0.02%
2026-07-16 10:27:57 INFO     strategy        PnL: 10:27:57 MTM=71.00 Profit=0.01%
2026-07-16 10:27:58 INFO     strategy        PnL: 10:27:58 MTM=105.00 Profit=0.02%
2026-07-16 10:27:59 INFO     strategy        PnL: 10:27:59 MTM=144.00 Profit=0.02%
2026-07-16 10:28:00 INFO     strategy        PnL: 10:28:00 MTM=83.00 Profit=0.01%
2026-07-16 10:28:01 INFO     strategy        PnL: 10:28:01 MTM=126.00 Profit=0.02%
2026-07-16 10:28:02 INFO     strategy        PnL: 10:28:02 MTM=159.00 Profit=0.02%
2026-07-16 10:28:03 INFO     strategy        PnL: 10:28:03 MTM=146.00 Profit=0.02%
2026-07-16 10:28:04 INFO     strategy        PnL: 10:28:04 MTM=118.00 Profit=0.02%
2026-07-16 10:28:05 INFO     strategy        PnL: 10:28:05 MTM=135.00 Profit=0.02%
2026-07-16 10:28:06 INFO     strategy        PnL: 10:28:06 MTM=104.00 Profit=0.02%
2026-07-16 10:28:07 INFO     strategy        PnL: 10:28:07 MTM=120.00 Profit=0.02%
2026-07-16 10:28:08 INFO     strategy        PnL: 10:28:08 MTM=202.00 Profit=0.03%
2026-07-16 10:28:09 INFO     strategy        PnL: 10:28:09 MTM=150.00 Profit=0.02%
2026-07-16 10:28:10 INFO     strategy        PnL: 10:28:10 MTM=228.00 Profit=0.04%
2026-07-16 10:28:11 INFO     strategy        PnL: 10:28:11 MTM=128.00 Profit=0.02%
2026-07-16 10:28:12 INFO     strategy        PnL: 10:28:12 MTM=96.00 Profit=0.01%
2026-07-16 10:28:13 INFO     strategy        PnL: 10:28:13 MTM=191.00 Profit=0.03%
2026-07-16 10:28:14 INFO     strategy        PnL: 10:28:14 MTM=114.00 Profit=0.02%
2026-07-16 10:28:15 INFO     strategy        PnL: 10:28:15 MTM=201.00 Profit=0.03%
2026-07-16 10:28:16 INFO     strategy        PnL: 10:28:16 MTM=167.00 Profit=0.03%
2026-07-16 10:28:17 INFO     strategy        PnL: 10:28:17 MTM=164.00 Profit=0.03%
2026-07-16 10:28:18 INFO     strategy        PnL: 10:28:18 MTM=170.00 Profit=0.03%
2026-07-16 10:28:19 INFO     strategy        PnL: 10:28:19 MTM=172.00 Profit=0.03%
2026-07-16 10:28:20 INFO     strategy        PnL: 10:28:20 MTM=164.00 Profit=0.03%
2026-07-16 10:28:21 INFO     strategy        PnL: 10:28:21 MTM=250.00 Profit=0.04%
2026-07-16 10:28:22 INFO     strategy        PnL: 10:28:22 MTM=170.00 Profit=0.03%
2026-07-16 10:28:23 INFO     strategy        PnL: 10:28:23 MTM=145.00 Profit=0.02%
2026-07-16 10:28:24 INFO     strategy        PnL: 10:28:24 MTM=173.00 Profit=0.03%
2026-07-16 10:28:25 INFO     strategy        PnL: 10:28:25 MTM=165.00 Profit=0.03%
2026-07-16 10:28:26 INFO     strategy        PnL: 10:28:26 MTM=199.00 Profit=0.03%
2026-07-16 10:28:27 INFO     strategy        PnL: 10:28:27 MTM=224.00 Profit=0.03%
2026-07-16 10:28:28 INFO     strategy        PnL: 10:28:28 MTM=202.00 Profit=0.03%
2026-07-16 10:28:29 INFO     strategy        PnL: 10:28:29 MTM=167.00 Profit=0.03%
2026-07-16 10:28:30 INFO     strategy        PnL: 10:28:30 MTM=163.00 Profit=0.03%
2026-07-16 10:28:31 INFO     strategy        PnL: 10:28:31 MTM=193.00 Profit=0.03%
2026-07-16 10:28:32 INFO     strategy        PnL: 10:28:32 MTM=63.00 Profit=0.01%
2026-07-16 10:28:34 INFO     strategy        PnL: 10:28:34 MTM=155.00 Profit=0.02%
2026-07-16 10:28:35 INFO     strategy        PnL: 10:28:35 MTM=184.00 Profit=0.03%
2026-07-16 10:28:36 INFO     strategy        PnL: 10:28:36 MTM=155.00 Profit=0.02%
2026-07-16 10:28:37 INFO     strategy        PnL: 10:28:37 MTM=168.00 Profit=0.03%
2026-07-16 10:28:38 INFO     strategy        PnL: 10:28:38 MTM=163.00 Profit=0.03%
2026-07-16 10:28:39 INFO     strategy        PnL: 10:28:39 MTM=84.00 Profit=0.01%
2026-07-16 10:28:40 INFO     strategy        PnL: 10:28:40 MTM=204.00 Profit=0.03%
2026-07-16 10:28:41 INFO     strategy        PnL: 10:28:41 MTM=188.00 Profit=0.03%
2026-07-16 10:28:42 INFO     strategy        PnL: 10:28:42 MTM=188.00 Profit=0.03%
2026-07-16 10:28:43 INFO     strategy        PnL: 10:28:43 MTM=160.00 Profit=0.02%
2026-07-16 10:28:44 INFO     strategy        PnL: 10:28:44 MTM=169.00 Profit=0.03%
2026-07-16 10:28:45 INFO     strategy        PnL: 10:28:45 MTM=188.00 Profit=0.03%
2026-07-16 10:28:46 INFO     strategy        PnL: 10:28:46 MTM=216.00 Profit=0.03%
2026-07-16 10:28:47 INFO     strategy        PnL: 10:28:47 MTM=168.00 Profit=0.03%
2026-07-16 10:28:48 INFO     strategy        PnL: 10:28:48 MTM=167.00 Profit=0.03%
2026-07-16 10:28:49 INFO     strategy        PnL: 10:28:49 MTM=190.00 Profit=0.03%
2026-07-16 10:28:50 INFO     strategy        PnL: 10:28:50 MTM=187.00 Profit=0.03%
2026-07-16 10:28:51 INFO     strategy        PnL: 10:28:51 MTM=204.00 Profit=0.03%
2026-07-16 10:28:52 INFO     strategy        PnL: 10:28:52 MTM=185.00 Profit=0.03%
2026-07-16 10:28:53 INFO     strategy        PnL: 10:28:53 MTM=212.00 Profit=0.03%
2026-07-16 10:28:54 INFO     strategy        PnL: 10:28:54 MTM=168.00 Profit=0.03%
2026-07-16 10:28:55 INFO     strategy        PnL: 10:28:55 MTM=190.00 Profit=0.03%
2026-07-16 10:28:56 INFO     strategy        PnL: 10:28:56 MTM=186.00 Profit=0.03%
2026-07-16 10:28:57 INFO     strategy        PnL: 10:28:57 MTM=188.00 Profit=0.03%
2026-07-16 10:28:58 INFO     strategy        PnL: 10:28:58 MTM=156.00 Profit=0.02%
2026-07-16 10:28:59 INFO     strategy        PnL: 10:28:59 MTM=178.00 Profit=0.03%
2026-07-16 10:29:00 INFO     strategy        PnL: 10:29:00 MTM=177.00 Profit=0.03%
2026-07-16 10:29:01 INFO     strategy        PnL: 10:29:01 MTM=159.00 Profit=0.02%
2026-07-16 10:29:02 INFO     strategy        PnL: 10:29:02 MTM=149.00 Profit=0.02%
2026-07-16 10:29:03 INFO     strategy        PnL: 10:29:03 MTM=193.00 Profit=0.03%
2026-07-16 10:29:04 INFO     strategy        PnL: 10:29:04 MTM=162.00 Profit=0.02%
2026-07-16 10:29:05 INFO     strategy        PnL: 10:29:05 MTM=180.00 Profit=0.03%
2026-07-16 10:29:06 INFO     strategy        PnL: 10:29:06 MTM=218.00 Profit=0.03%
2026-07-16 10:29:07 INFO     strategy        PnL: 10:29:07 MTM=184.00 Profit=0.03%
2026-07-16 10:29:08 INFO     strategy        PnL: 10:29:08 MTM=146.00 Profit=0.02%
2026-07-16 10:29:09 INFO     strategy        PnL: 10:29:09 MTM=224.00 Profit=0.03%
2026-07-16 10:29:10 INFO     strategy        PnL: 10:29:10 MTM=127.00 Profit=0.02%
2026-07-16 10:29:11 INFO     strategy        PnL: 10:29:11 MTM=151.00 Profit=0.02%
2026-07-16 10:29:12 INFO     strategy        PnL: 10:29:12 MTM=139.00 Profit=0.02%
2026-07-16 10:29:13 INFO     strategy        PnL: 10:29:13 MTM=135.00 Profit=0.02%
2026-07-16 10:29:14 INFO     strategy        PnL: 10:29:14 MTM=140.00 Profit=0.02%
2026-07-16 10:29:15 INFO     strategy        PnL: 10:29:15 MTM=131.00 Profit=0.02%
2026-07-16 10:29:16 INFO     strategy        PnL: 10:29:16 MTM=142.00 Profit=0.02%
2026-07-16 10:29:17 INFO     strategy        PnL: 10:29:17 MTM=143.00 Profit=0.02%
2026-07-16 10:29:18 INFO     strategy        PnL: 10:29:18 MTM=138.00 Profit=0.02%
2026-07-16 10:29:19 INFO     strategy        PnL: 10:29:19 MTM=171.00 Profit=0.03%
2026-07-16 10:29:20 INFO     strategy        PnL: 10:29:20 MTM=146.00 Profit=0.02%
2026-07-16 10:29:21 INFO     strategy        PnL: 10:29:21 MTM=183.00 Profit=0.03%
2026-07-16 10:29:22 INFO     strategy        PnL: 10:29:22 MTM=152.00 Profit=0.02%
2026-07-16 10:29:23 INFO     strategy        PnL: 10:29:23 MTM=147.00 Profit=0.02%
2026-07-16 10:29:24 INFO     strategy        PnL: 10:29:24 MTM=142.00 Profit=0.02%
2026-07-16 10:29:25 INFO     strategy        PnL: 10:29:25 MTM=166.00 Profit=0.03%
2026-07-16 10:29:26 INFO     strategy        PnL: 10:29:26 MTM=157.00 Profit=0.02%
2026-07-16 10:29:27 INFO     strategy        PnL: 10:29:27 MTM=173.00 Profit=0.03%
2026-07-16 10:29:28 INFO     strategy        PnL: 10:29:28 MTM=169.00 Profit=0.03%
2026-07-16 10:29:29 INFO     strategy        PnL: 10:29:29 MTM=151.00 Profit=0.02%
2026-07-16 10:29:30 INFO     strategy        PnL: 10:29:30 MTM=171.00 Profit=0.03%
2026-07-16 10:29:31 INFO     strategy        PnL: 10:29:31 MTM=162.00 Profit=0.02%
2026-07-16 10:29:32 INFO     strategy        PnL: 10:29:32 MTM=198.00 Profit=0.03%
2026-07-16 10:29:33 INFO     strategy        PnL: 10:29:33 MTM=166.00 Profit=0.03%
2026-07-16 10:29:34 INFO     strategy        PnL: 10:29:34 MTM=149.00 Profit=0.02%
2026-07-16 10:29:35 INFO     strategy        PnL: 10:29:35 MTM=136.00 Profit=0.02%
2026-07-16 10:29:36 INFO     strategy        PnL: 10:29:36 MTM=153.00 Profit=0.02%
2026-07-16 10:29:37 INFO     strategy        PnL: 10:29:37 MTM=147.00 Profit=0.02%
2026-07-16 10:29:38 INFO     strategy        PnL: 10:29:38 MTM=132.00 Profit=0.02%
2026-07-16 10:29:39 INFO     strategy        PnL: 10:29:39 MTM=127.00 Profit=0.02%
2026-07-16 10:29:40 INFO     strategy        PnL: 10:29:40 MTM=139.00 Profit=0.02%
2026-07-16 10:29:41 INFO     strategy        PnL: 10:29:41 MTM=153.00 Profit=0.02%
2026-07-16 10:29:42 INFO     strategy        PnL: 10:29:42 MTM=140.00 Profit=0.02%
2026-07-16 10:29:43 INFO     strategy        PnL: 10:29:43 MTM=143.00 Profit=0.02%
2026-07-16 10:29:44 INFO     strategy        PnL: 10:29:44 MTM=134.00 Profit=0.02%
2026-07-16 10:29:45 INFO     strategy        PnL: 10:29:45 MTM=129.00 Profit=0.02%
2026-07-16 10:29:46 INFO     strategy        PnL: 10:29:46 MTM=158.00 Profit=0.02%
2026-07-16 10:29:47 INFO     strategy        PnL: 10:29:47 MTM=137.00 Profit=0.02%
2026-07-16 10:29:48 INFO     strategy        PnL: 10:29:48 MTM=136.00 Profit=0.02%
2026-07-16 10:29:49 INFO     strategy        PnL: 10:29:49 MTM=122.00 Profit=0.02%
2026-07-16 10:29:50 INFO     strategy        PnL: 10:29:50 MTM=126.00 Profit=0.02%
2026-07-16 10:29:51 INFO     strategy        PnL: 10:29:51 MTM=122.00 Profit=0.02%
2026-07-16 10:29:52 INFO     strategy        PnL: 10:29:52 MTM=114.00 Profit=0.02%
2026-07-16 10:29:53 INFO     strategy        PnL: 10:29:53 MTM=107.00 Profit=0.02%
2026-07-16 10:29:54 INFO     strategy        PnL: 10:29:54 MTM=120.00 Profit=0.02%
2026-07-16 10:29:55 INFO     strategy        PnL: 10:29:55 MTM=132.00 Profit=0.02%
2026-07-16 10:29:56 INFO     strategy        PnL: 10:29:56 MTM=156.00 Profit=0.02%
2026-07-16 10:29:57 INFO     strategy        PnL: 10:29:57 MTM=106.00 Profit=0.02%
2026-07-16 10:29:58 INFO     strategy        PnL: 10:29:58 MTM=133.00 Profit=0.02%
2026-07-16 10:29:59 INFO     strategy        PnL: 10:29:59 MTM=125.00 Profit=0.02%
2026-07-16 10:30:00 INFO     strategy        PnL: 10:30:00 MTM=114.00 Profit=0.02%
2026-07-16 10:30:01 INFO     strategy        PnL: 10:30:01 MTM=167.00 Profit=0.03%
2026-07-16 10:30:02 INFO     strategy        PnL: 10:30:02 MTM=151.00 Profit=0.02%
2026-07-16 10:30:03 INFO     strategy        PnL: 10:30:03 MTM=180.00 Profit=0.03%
2026-07-16 10:30:04 INFO     strategy        PnL: 10:30:04 MTM=139.00 Profit=0.02%
2026-07-16 10:30:05 INFO     strategy        PnL: 10:30:05 MTM=196.00 Profit=0.03%
2026-07-16 10:30:06 INFO     strategy        PnL: 10:30:06 MTM=134.00 Profit=0.02%
2026-07-16 10:30:07 INFO     strategy        PnL: 10:30:07 MTM=165.00 Profit=0.03%
2026-07-16 10:30:08 INFO     strategy        PnL: 10:30:08 MTM=179.00 Profit=0.03%
2026-07-16 10:30:09 INFO     strategy        PnL: 10:30:09 MTM=157.00 Profit=0.02%
2026-07-16 10:30:10 INFO     strategy        PnL: 10:30:10 MTM=138.00 Profit=0.02%
2026-07-16 10:30:11 INFO     strategy        PnL: 10:30:11 MTM=145.00 Profit=0.02%
2026-07-16 10:30:12 INFO     strategy        PnL: 10:30:12 MTM=124.00 Profit=0.02%
2026-07-16 10:30:13 INFO     strategy        PnL: 10:30:13 MTM=154.00 Profit=0.02%
2026-07-16 10:30:14 INFO     strategy        PnL: 10:30:14 MTM=160.00 Profit=0.02%
2026-07-16 10:30:15 INFO     strategy        PnL: 10:30:15 MTM=163.00 Profit=0.03%
2026-07-16 10:30:16 INFO     strategy        PnL: 10:30:16 MTM=169.00 Profit=0.03%
2026-07-16 10:30:18 INFO     strategy        PnL: 10:30:18 MTM=105.00 Profit=0.02%
2026-07-16 10:30:19 INFO     strategy        PnL: 10:30:19 MTM=121.00 Profit=0.02%
2026-07-16 10:30:20 INFO     strategy        PnL: 10:30:20 MTM=172.00 Profit=0.03%
2026-07-16 10:30:21 INFO     strategy        PnL: 10:30:21 MTM=153.00 Profit=0.02%
2026-07-16 10:30:22 INFO     strategy        PnL: 10:30:22 MTM=157.00 Profit=0.02%
2026-07-16 10:30:23 INFO     strategy        PnL: 10:30:23 MTM=137.00 Profit=0.02%
2026-07-16 10:30:24 INFO     strategy        PnL: 10:30:24 MTM=157.00 Profit=0.02%
2026-07-16 10:30:25 INFO     strategy        PnL: 10:30:25 MTM=158.00 Profit=0.02%
2026-07-16 10:30:26 INFO     strategy        PnL: 10:30:26 MTM=139.00 Profit=0.02%
2026-07-16 10:30:27 INFO     strategy        PnL: 10:30:27 MTM=145.00 Profit=0.02%
2026-07-16 10:30:28 INFO     strategy        PnL: 10:30:28 MTM=131.00 Profit=0.02%
2026-07-16 10:30:29 INFO     strategy        PnL: 10:30:29 MTM=137.00 Profit=0.02%
2026-07-16 10:30:30 INFO     strategy        PnL: 10:30:30 MTM=152.00 Profit=0.02%
2026-07-16 10:30:31 INFO     strategy        PnL: 10:30:31 MTM=128.00 Profit=0.02%
2026-07-16 10:30:32 INFO     strategy        PnL: 10:30:32 MTM=144.00 Profit=0.02%
2026-07-16 10:30:33 INFO     strategy        PnL: 10:30:33 MTM=144.00 Profit=0.02%
2026-07-16 10:30:34 INFO     strategy        PnL: 10:30:34 MTM=130.00 Profit=0.02%
2026-07-16 10:30:35 INFO     strategy        PnL: 10:30:35 MTM=126.00 Profit=0.02%
2026-07-16 10:30:36 INFO     strategy        PnL: 10:30:36 MTM=120.00 Profit=0.02%
2026-07-16 10:30:37 INFO     strategy        PnL: 10:30:37 MTM=123.00 Profit=0.02%
2026-07-16 10:30:38 INFO     strategy        PnL: 10:30:38 MTM=145.00 Profit=0.02%
2026-07-16 10:30:39 INFO     strategy        PnL: 10:30:39 MTM=154.00 Profit=0.02%
2026-07-16 10:30:40 INFO     strategy        PnL: 10:30:40 MTM=146.00 Profit=0.02%
2026-07-16 10:30:41 INFO     strategy        PnL: 10:30:41 MTM=149.00 Profit=0.02%
2026-07-16 10:30:42 INFO     strategy        PnL: 10:30:42 MTM=126.00 Profit=0.02%
2026-07-16 10:30:43 INFO     strategy        PnL: 10:30:43 MTM=153.00 Profit=0.02%
2026-07-16 10:30:44 INFO     strategy        PnL: 10:30:44 MTM=136.00 Profit=0.02%
2026-07-16 10:30:45 INFO     strategy        PnL: 10:30:45 MTM=131.00 Profit=0.02%
2026-07-16 10:30:46 INFO     strategy        PnL: 10:30:46 MTM=138.00 Profit=0.02%
2026-07-16 10:30:47 INFO     strategy        PnL: 10:30:47 MTM=120.00 Profit=0.02%
2026-07-16 10:30:48 INFO     strategy        PnL: 10:30:48 MTM=128.00 Profit=0.02%
2026-07-16 10:30:49 INFO     strategy        PnL: 10:30:49 MTM=132.00 Profit=0.02%
2026-07-16 10:30:50 INFO     strategy        PnL: 10:30:50 MTM=171.00 Profit=0.03%
2026-07-16 10:30:51 INFO     strategy        PnL: 10:30:51 MTM=114.00 Profit=0.02%
2026-07-16 10:30:52 INFO     strategy        PnL: 10:30:52 MTM=180.00 Profit=0.03%
2026-07-16 10:30:53 INFO     strategy        PnL: 10:30:53 MTM=95.00 Profit=0.01%
2026-07-16 10:30:54 INFO     strategy        PnL: 10:30:54 MTM=140.00 Profit=0.02%
2026-07-16 10:30:55 INFO     strategy        PnL: 10:30:55 MTM=119.00 Profit=0.02%
2026-07-16 10:30:56 INFO     strategy        PnL: 10:30:56 MTM=90.00 Profit=0.01%
2026-07-16 10:30:57 INFO     strategy        PnL: 10:30:57 MTM=90.00 Profit=0.01%
2026-07-16 10:30:58 INFO     strategy        PnL: 10:30:58 MTM=150.00 Profit=0.02%
2026-07-16 10:30:59 INFO     strategy        PnL: 10:30:59 MTM=143.00 Profit=0.02%
2026-07-16 10:31:00 INFO     strategy        PnL: 10:31:00 MTM=124.00 Profit=0.02%
2026-07-16 10:31:01 INFO     strategy        PnL: 10:31:01 MTM=108.00 Profit=0.02%
2026-07-16 10:31:02 INFO     strategy        PnL: 10:31:02 MTM=104.00 Profit=0.02%
2026-07-16 10:31:03 INFO     strategy        PnL: 10:31:03 MTM=132.00 Profit=0.02%
2026-07-16 10:31:04 INFO     strategy        PnL: 10:31:04 MTM=125.00 Profit=0.02%
2026-07-16 10:31:05 INFO     strategy        PnL: 10:31:05 MTM=146.00 Profit=0.02%
2026-07-16 10:31:06 INFO     strategy        PnL: 10:31:06 MTM=159.00 Profit=0.02%
2026-07-16 10:31:07 INFO     strategy        PnL: 10:31:07 MTM=136.00 Profit=0.02%
2026-07-16 10:31:08 INFO     strategy        PnL: 10:31:08 MTM=115.00 Profit=0.02%
2026-07-16 10:31:09 INFO     strategy        PnL: 10:31:09 MTM=147.00 Profit=0.02%
2026-07-16 10:31:10 INFO     strategy        PnL: 10:31:10 MTM=148.00 Profit=0.02%
2026-07-16 10:31:11 INFO     strategy        PnL: 10:31:11 MTM=153.00 Profit=0.02%
2026-07-16 10:31:12 INFO     strategy        PnL: 10:31:12 MTM=107.00 Profit=0.02%
2026-07-16 10:31:13 INFO     strategy        PnL: 10:31:13 MTM=143.00 Profit=0.02%
2026-07-16 10:31:14 INFO     strategy        PnL: 10:31:14 MTM=140.00 Profit=0.02%
2026-07-16 10:31:15 INFO     strategy        PnL: 10:31:15 MTM=135.00 Profit=0.02%
2026-07-16 10:31:16 INFO     strategy        PnL: 10:31:16 MTM=134.00 Profit=0.02%
2026-07-16 10:31:17 INFO     strategy        PnL: 10:31:17 MTM=153.00 Profit=0.02%
2026-07-16 10:31:18 INFO     strategy        PnL: 10:31:18 MTM=180.00 Profit=0.03%
2026-07-16 10:31:19 INFO     strategy        PnL: 10:31:19 MTM=160.00 Profit=0.02%
2026-07-16 10:31:20 INFO     strategy        PnL: 10:31:20 MTM=129.00 Profit=0.02%
2026-07-16 10:31:21 INFO     strategy        PnL: 10:31:21 MTM=166.00 Profit=0.03%
2026-07-16 10:31:22 INFO     strategy        PnL: 10:31:22 MTM=149.00 Profit=0.02%
2026-07-16 10:31:23 INFO     strategy        PnL: 10:31:23 MTM=143.00 Profit=0.02%
2026-07-16 10:31:24 INFO     strategy        PnL: 10:31:24 MTM=182.00 Profit=0.03%
2026-07-16 10:31:25 INFO     strategy        PnL: 10:31:25 MTM=137.00 Profit=0.02%
2026-07-16 10:31:26 INFO     strategy        PnL: 10:31:26 MTM=141.00 Profit=0.02%
2026-07-16 10:31:27 INFO     strategy        PnL: 10:31:27 MTM=136.00 Profit=0.02%
2026-07-16 10:31:28 INFO     strategy        PnL: 10:31:28 MTM=173.00 Profit=0.03%
2026-07-16 10:31:29 INFO     strategy        PnL: 10:31:29 MTM=187.00 Profit=0.03%
2026-07-16 10:31:30 INFO     strategy        PnL: 10:31:30 MTM=117.00 Profit=0.02%
2026-07-16 10:31:31 INFO     strategy        PnL: 10:31:31 MTM=157.00 Profit=0.02%
2026-07-16 10:31:32 INFO     strategy        PnL: 10:31:32 MTM=153.00 Profit=0.02%
2026-07-16 10:31:33 INFO     strategy        PnL: 10:31:33 MTM=152.00 Profit=0.02%
2026-07-16 10:31:34 INFO     strategy        PnL: 10:31:34 MTM=167.00 Profit=0.03%
2026-07-16 10:31:35 INFO     strategy        PnL: 10:31:35 MTM=171.00 Profit=0.03%
2026-07-16 10:31:36 INFO     strategy        PnL: 10:31:36 MTM=160.00 Profit=0.02%
2026-07-16 10:31:37 INFO     strategy        PnL: 10:31:37 MTM=150.00 Profit=0.02%
2026-07-16 10:31:38 INFO     strategy        PnL: 10:31:38 MTM=148.00 Profit=0.02%
2026-07-16 10:31:39 INFO     strategy        PnL: 10:31:39 MTM=169.00 Profit=0.03%
2026-07-16 10:31:40 INFO     strategy        PnL: 10:31:40 MTM=157.00 Profit=0.02%
2026-07-16 10:31:41 INFO     strategy        PnL: 10:31:41 MTM=160.00 Profit=0.02%
2026-07-16 10:31:42 INFO     strategy        PnL: 10:31:42 MTM=162.00 Profit=0.02%
2026-07-16 10:31:43 INFO     strategy        PnL: 10:31:43 MTM=88.00 Profit=0.01%
2026-07-16 10:31:44 INFO     strategy        PnL: 10:31:44 MTM=148.00 Profit=0.02%
2026-07-16 10:31:45 INFO     strategy        PnL: 10:31:45 MTM=131.00 Profit=0.02%
2026-07-16 10:31:46 INFO     strategy        PnL: 10:31:46 MTM=140.00 Profit=0.02%
2026-07-16 10:31:47 INFO     strategy        PnL: 10:31:47 MTM=168.00 Profit=0.03%
2026-07-16 10:31:48 INFO     strategy        PnL: 10:31:48 MTM=144.00 Profit=0.02%
2026-07-16 10:31:49 INFO     strategy        PnL: 10:31:49 MTM=143.00 Profit=0.02%
2026-07-16 10:31:50 INFO     strategy        PnL: 10:31:50 MTM=168.00 Profit=0.03%
2026-07-16 10:31:51 INFO     strategy        PnL: 10:31:51 MTM=139.00 Profit=0.02%
2026-07-16 10:31:53 INFO     strategy        PnL: 10:31:53 MTM=155.00 Profit=0.02%
2026-07-16 10:31:54 INFO     strategy        PnL: 10:31:54 MTM=210.00 Profit=0.03%
2026-07-16 10:31:55 INFO     strategy        PnL: 10:31:55 MTM=149.00 Profit=0.02%
2026-07-16 10:31:56 INFO     strategy        PnL: 10:31:56 MTM=193.00 Profit=0.03%
2026-07-16 10:31:57 INFO     strategy        PnL: 10:31:57 MTM=190.00 Profit=0.03%
2026-07-16 10:31:58 INFO     strategy        PnL: 10:31:58 MTM=190.00 Profit=0.03%
2026-07-16 10:31:59 INFO     strategy        PnL: 10:31:59 MTM=183.00 Profit=0.03%
2026-07-16 10:32:00 INFO     strategy        PnL: 10:32:00 MTM=205.00 Profit=0.03%
2026-07-16 10:32:01 INFO     strategy        PnL: 10:32:01 MTM=205.00 Profit=0.03%
2026-07-16 10:32:02 INFO     strategy        PnL: 10:32:02 MTM=205.00 Profit=0.03%
2026-07-16 10:32:03 INFO     strategy        PnL: 10:32:03 MTM=205.00 Profit=0.03%
2026-07-16 10:32:04 INFO     strategy        PnL: 10:32:04 MTM=172.00 Profit=0.03%
2026-07-16 10:32:05 INFO     strategy        PnL: 10:32:05 MTM=167.00 Profit=0.03%
2026-07-16 10:32:06 INFO     strategy        PnL: 10:32:06 MTM=155.00 Profit=0.02%
2026-07-16 10:32:07 INFO     strategy        PnL: 10:32:07 MTM=147.00 Profit=0.02%
2026-07-16 10:32:08 INFO     strategy        PnL: 10:32:08 MTM=160.00 Profit=0.02%
2026-07-16 10:32:09 INFO     strategy        PnL: 10:32:09 MTM=159.00 Profit=0.02%
2026-07-16 10:32:10 INFO     strategy        PnL: 10:32:10 MTM=150.00 Profit=0.02%
2026-07-16 10:32:11 INFO     strategy        PnL: 10:32:11 MTM=159.00 Profit=0.02%
2026-07-16 10:32:12 INFO     strategy        PnL: 10:32:12 MTM=166.00 Profit=0.03%
2026-07-16 10:32:13 INFO     strategy        PnL: 10:32:13 MTM=154.00 Profit=0.02%
2026-07-16 10:32:14 INFO     strategy        PnL: 10:32:14 MTM=168.00 Profit=0.03%
2026-07-16 10:32:15 INFO     strategy        PnL: 10:32:15 MTM=163.00 Profit=0.03%
2026-07-16 10:32:16 INFO     strategy        PnL: 10:32:16 MTM=157.00 Profit=0.02%
2026-07-16 10:32:17 INFO     strategy        PnL: 10:32:17 MTM=147.00 Profit=0.02%
2026-07-16 10:32:18 INFO     strategy        PnL: 10:32:18 MTM=177.00 Profit=0.03%
2026-07-16 10:32:19 INFO     strategy        PnL: 10:32:19 MTM=149.00 Profit=0.02%
2026-07-16 10:32:20 INFO     strategy        PnL: 10:32:20 MTM=127.00 Profit=0.02%
2026-07-16 10:32:21 INFO     strategy        PnL: 10:32:21 MTM=127.00 Profit=0.02%
2026-07-16 10:32:22 INFO     strategy        PnL: 10:32:22 MTM=180.00 Profit=0.03%
2026-07-16 10:32:23 INFO     strategy        PnL: 10:32:23 MTM=124.00 Profit=0.02%
2026-07-16 10:32:24 INFO     strategy        PnL: 10:32:24 MTM=133.00 Profit=0.02%
2026-07-16 10:32:25 INFO     strategy        PnL: 10:32:25 MTM=152.00 Profit=0.02%
2026-07-16 10:32:26 INFO     strategy        PnL: 10:32:26 MTM=152.00 Profit=0.02%
2026-07-16 10:32:27 INFO     strategy        PnL: 10:32:27 MTM=143.00 Profit=0.02%
2026-07-16 10:32:28 INFO     strategy        PnL: 10:32:28 MTM=143.00 Profit=0.02%
2026-07-16 10:32:29 INFO     strategy        PnL: 10:32:29 MTM=146.00 Profit=0.02%
2026-07-16 10:32:30 INFO     strategy        PnL: 10:32:30 MTM=133.00 Profit=0.02%
2026-07-16 10:32:31 INFO     strategy        PnL: 10:32:31 MTM=125.00 Profit=0.02%
2026-07-16 10:32:32 INFO     strategy        PnL: 10:32:32 MTM=138.00 Profit=0.02%
2026-07-16 10:32:33 INFO     strategy        PnL: 10:32:33 MTM=138.00 Profit=0.02%
2026-07-16 10:32:34 INFO     strategy        PnL: 10:32:34 MTM=152.00 Profit=0.02%
2026-07-16 10:32:35 INFO     strategy        PnL: 10:32:35 MTM=147.00 Profit=0.02%
2026-07-16 10:32:36 INFO     strategy        PnL: 10:32:36 MTM=163.00 Profit=0.03%
2026-07-16 10:32:37 INFO     strategy        PnL: 10:32:37 MTM=164.00 Profit=0.03%
2026-07-16 10:32:38 INFO     strategy        PnL: 10:32:38 MTM=140.00 Profit=0.02%
2026-07-16 10:32:39 INFO     strategy        PnL: 10:32:39 MTM=142.00 Profit=0.02%
2026-07-16 10:32:40 INFO     strategy        PnL: 10:32:40 MTM=152.00 Profit=0.02%
2026-07-16 10:32:41 INFO     strategy        PnL: 10:32:41 MTM=124.00 Profit=0.02%
2026-07-16 10:32:42 INFO     strategy        PnL: 10:32:42 MTM=155.00 Profit=0.02%
2026-07-16 10:32:43 INFO     strategy        PnL: 10:32:43 MTM=142.00 Profit=0.02%
2026-07-16 10:32:44 INFO     strategy        PnL: 10:32:44 MTM=128.00 Profit=0.02%
2026-07-16 10:32:45 INFO     strategy        PnL: 10:32:45 MTM=168.00 Profit=0.03%
2026-07-16 10:32:46 INFO     strategy        PnL: 10:32:46 MTM=135.00 Profit=0.02%
2026-07-16 10:32:47 INFO     strategy        PnL: 10:32:47 MTM=140.00 Profit=0.02%
2026-07-16 10:32:48 INFO     strategy        PnL: 10:32:48 MTM=125.00 Profit=0.02%
2026-07-16 10:32:49 INFO     strategy        PnL: 10:32:49 MTM=134.00 Profit=0.02%
2026-07-16 10:32:50 INFO     strategy        PnL: 10:32:50 MTM=126.00 Profit=0.02%
2026-07-16 10:32:51 INFO     strategy        PnL: 10:32:51 MTM=153.00 Profit=0.02%
2026-07-16 10:32:52 INFO     strategy        PnL: 10:32:52 MTM=154.00 Profit=0.02%
2026-07-16 10:32:53 INFO     strategy        PnL: 10:32:53 MTM=138.00 Profit=0.02%
2026-07-16 10:32:54 INFO     strategy        PnL: 10:32:54 MTM=140.00 Profit=0.02%
2026-07-16 10:32:55 INFO     strategy        PnL: 10:32:55 MTM=152.00 Profit=0.02%
2026-07-16 10:32:56 INFO     strategy        PnL: 10:32:56 MTM=160.00 Profit=0.02%
2026-07-16 10:32:57 INFO     strategy        PnL: 10:32:57 MTM=151.00 Profit=0.02%
2026-07-16 10:32:58 INFO     strategy        PnL: 10:32:58 MTM=149.00 Profit=0.02%
2026-07-16 10:32:59 INFO     strategy        PnL: 10:32:59 MTM=149.00 Profit=0.02%
2026-07-16 10:33:00 INFO     strategy        PnL: 10:33:00 MTM=157.00 Profit=0.02%
2026-07-16 10:33:01 INFO     strategy        PnL: 10:33:01 MTM=137.00 Profit=0.02%
2026-07-16 10:33:02 INFO     strategy        PnL: 10:33:02 MTM=132.00 Profit=0.02%
2026-07-16 10:33:03 INFO     strategy        PnL: 10:33:03 MTM=155.00 Profit=0.02%
2026-07-16 10:33:04 INFO     strategy        PnL: 10:33:04 MTM=129.00 Profit=0.02%
2026-07-16 10:33:05 INFO     strategy        PnL: 10:33:05 MTM=156.00 Profit=0.02%
2026-07-16 10:33:06 INFO     strategy        PnL: 10:33:06 MTM=143.00 Profit=0.02%
2026-07-16 10:33:07 INFO     strategy        PnL: 10:33:07 MTM=119.00 Profit=0.02%
2026-07-16 10:33:08 INFO     strategy        PnL: 10:33:08 MTM=127.00 Profit=0.02%
2026-07-16 10:33:09 INFO     strategy        PnL: 10:33:09 MTM=140.00 Profit=0.02%
2026-07-16 10:33:10 INFO     strategy        PnL: 10:33:10 MTM=116.00 Profit=0.02%
2026-07-16 10:33:11 INFO     strategy        PnL: 10:33:11 MTM=136.00 Profit=0.02%
2026-07-16 10:33:12 INFO     strategy        PnL: 10:33:12 MTM=134.00 Profit=0.02%
2026-07-16 10:33:13 INFO     strategy        PnL: 10:33:13 MTM=138.00 Profit=0.02%
2026-07-16 10:33:14 INFO     strategy        PnL: 10:33:14 MTM=138.00 Profit=0.02%
2026-07-16 10:33:15 INFO     strategy        PnL: 10:33:15 MTM=100.00 Profit=0.02%
2026-07-16 10:33:16 INFO     strategy        PnL: 10:33:16 MTM=147.00 Profit=0.02%
2026-07-16 10:33:18 INFO     strategy        PnL: 10:33:18 MTM=67.00 Profit=0.01%
2026-07-16 10:33:19 INFO     strategy        PnL: 10:33:19 MTM=142.00 Profit=0.02%
2026-07-16 10:33:20 INFO     strategy        PnL: 10:33:20 MTM=117.00 Profit=0.02%
2026-07-16 10:33:21 INFO     strategy        PnL: 10:33:21 MTM=193.00 Profit=0.03%
2026-07-16 10:33:22 INFO     strategy        PnL: 10:33:22 MTM=177.00 Profit=0.03%
2026-07-16 10:33:23 INFO     strategy        PnL: 10:33:23 MTM=136.00 Profit=0.02%
2026-07-16 10:33:24 INFO     strategy        PnL: 10:33:24 MTM=146.00 Profit=0.02%
2026-07-16 10:33:25 INFO     strategy        PnL: 10:33:25 MTM=163.00 Profit=0.03%
2026-07-16 10:33:26 INFO     strategy        PnL: 10:33:26 MTM=168.00 Profit=0.03%
2026-07-16 10:33:27 INFO     strategy        PnL: 10:33:27 MTM=143.00 Profit=0.02%
2026-07-16 10:33:28 INFO     strategy        PnL: 10:33:28 MTM=98.00 Profit=0.02%
2026-07-16 10:33:29 INFO     strategy        PnL: 10:33:29 MTM=106.00 Profit=0.02%
2026-07-16 10:33:30 INFO     strategy        PnL: 10:33:30 MTM=111.00 Profit=0.02%
2026-07-16 10:33:31 INFO     strategy        PnL: 10:33:31 MTM=137.00 Profit=0.02%
2026-07-16 10:33:32 INFO     strategy        PnL: 10:33:32 MTM=111.00 Profit=0.02%
2026-07-16 10:33:33 INFO     strategy        PnL: 10:33:33 MTM=113.00 Profit=0.02%
2026-07-16 10:33:34 INFO     strategy        PnL: 10:33:34 MTM=143.00 Profit=0.02%
2026-07-16 10:33:35 INFO     strategy        PnL: 10:33:35 MTM=156.00 Profit=0.02%
2026-07-16 10:33:36 INFO     strategy        PnL: 10:33:36 MTM=137.00 Profit=0.02%
2026-07-16 10:33:37 INFO     strategy        PnL: 10:33:37 MTM=134.00 Profit=0.02%
2026-07-16 10:33:38 INFO     strategy        PnL: 10:33:38 MTM=132.00 Profit=0.02%
2026-07-16 10:33:39 INFO     strategy        PnL: 10:33:39 MTM=145.00 Profit=0.02%
2026-07-16 10:33:40 INFO     strategy        PnL: 10:33:40 MTM=115.00 Profit=0.02%
2026-07-16 10:33:41 INFO     strategy        PnL: 10:33:41 MTM=108.00 Profit=0.02%
2026-07-16 10:33:42 INFO     strategy        PnL: 10:33:42 MTM=155.00 Profit=0.02%
2026-07-16 10:33:43 INFO     strategy        PnL: 10:33:43 MTM=136.00 Profit=0.02%
2026-07-16 10:33:44 INFO     strategy        PnL: 10:33:44 MTM=124.00 Profit=0.02%
2026-07-16 10:33:45 INFO     strategy        PnL: 10:33:45 MTM=146.00 Profit=0.02%
2026-07-16 10:33:46 INFO     strategy        PnL: 10:33:46 MTM=152.00 Profit=0.02%
2026-07-16 10:33:47 INFO     strategy        PnL: 10:33:47 MTM=121.00 Profit=0.02%
2026-07-16 10:33:48 INFO     strategy        PnL: 10:33:48 MTM=120.00 Profit=0.02%
2026-07-16 10:33:49 INFO     strategy        PnL: 10:33:49 MTM=164.00 Profit=0.03%
2026-07-16 10:33:50 INFO     strategy        PnL: 10:33:50 MTM=130.00 Profit=0.02%
2026-07-16 10:33:51 INFO     strategy        PnL: 10:33:51 MTM=125.00 Profit=0.02%
2026-07-16 10:33:52 INFO     strategy        PnL: 10:33:52 MTM=147.00 Profit=0.02%
2026-07-16 10:33:53 INFO     strategy        PnL: 10:33:53 MTM=122.00 Profit=0.02%
2026-07-16 10:33:54 INFO     strategy        PnL: 10:33:54 MTM=129.00 Profit=0.02%
2026-07-16 10:33:55 INFO     strategy        PnL: 10:33:55 MTM=114.00 Profit=0.02%
2026-07-16 10:33:56 INFO     strategy        PnL: 10:33:56 MTM=141.00 Profit=0.02%
2026-07-16 10:33:57 INFO     strategy        PnL: 10:33:57 MTM=134.00 Profit=0.02%
2026-07-16 10:33:58 INFO     strategy        PnL: 10:33:58 MTM=129.00 Profit=0.02%
2026-07-16 10:33:59 INFO     strategy        PnL: 10:33:59 MTM=140.00 Profit=0.02%
2026-07-16 10:34:00 INFO     strategy        PnL: 10:34:00 MTM=142.00 Profit=0.02%
2026-07-16 10:34:01 INFO     strategy        PnL: 10:34:01 MTM=149.00 Profit=0.02%
2026-07-16 10:34:02 INFO     strategy        PnL: 10:34:02 MTM=154.00 Profit=0.02%
2026-07-16 10:34:03 INFO     strategy        PnL: 10:34:03 MTM=127.00 Profit=0.02%
2026-07-16 10:34:04 INFO     strategy        PnL: 10:34:04 MTM=144.00 Profit=0.02%
2026-07-16 10:34:05 INFO     strategy        PnL: 10:34:05 MTM=155.00 Profit=0.02%
2026-07-16 10:34:06 INFO     strategy        PnL: 10:34:06 MTM=113.00 Profit=0.02%
2026-07-16 10:34:07 INFO     strategy        PnL: 10:34:07 MTM=152.00 Profit=0.02%
2026-07-16 10:34:08 INFO     strategy        PnL: 10:34:08 MTM=155.00 Profit=0.02%
2026-07-16 10:34:09 INFO     strategy        PnL: 10:34:09 MTM=149.00 Profit=0.02%
2026-07-16 10:34:10 INFO     strategy        PnL: 10:34:10 MTM=117.00 Profit=0.02%
2026-07-16 10:34:11 INFO     strategy        PnL: 10:34:11 MTM=98.00 Profit=0.02%
2026-07-16 10:34:12 INFO     strategy        PnL: 10:34:12 MTM=107.00 Profit=0.02%
2026-07-16 10:34:13 INFO     strategy        PnL: 10:34:13 MTM=130.00 Profit=0.02%
2026-07-16 10:34:14 INFO     strategy        PnL: 10:34:14 MTM=108.00 Profit=0.02%
2026-07-16 10:34:15 INFO     strategy        PnL: 10:34:15 MTM=101.00 Profit=0.02%
2026-07-16 10:34:16 INFO     strategy        PnL: 10:34:16 MTM=132.00 Profit=0.02%
2026-07-16 10:34:17 INFO     strategy        PnL: 10:34:17 MTM=134.00 Profit=0.02%
2026-07-16 10:34:18 INFO     strategy        PnL: 10:34:18 MTM=116.00 Profit=0.02%
2026-07-16 10:34:19 INFO     strategy        PnL: 10:34:19 MTM=131.00 Profit=0.02%
2026-07-16 10:34:20 INFO     strategy        PnL: 10:34:20 MTM=113.00 Profit=0.02%
2026-07-16 10:34:21 INFO     strategy        PnL: 10:34:21 MTM=117.00 Profit=0.02%
2026-07-16 10:34:22 INFO     strategy        PnL: 10:34:22 MTM=149.00 Profit=0.02%
2026-07-16 10:34:23 INFO     strategy        PnL: 10:34:23 MTM=129.00 Profit=0.02%
2026-07-16 10:34:24 INFO     strategy        PnL: 10:34:24 MTM=134.00 Profit=0.02%
2026-07-16 10:34:25 INFO     strategy        PnL: 10:34:25 MTM=120.00 Profit=0.02%
2026-07-16 10:34:26 INFO     strategy        PnL: 10:34:26 MTM=124.00 Profit=0.02%
2026-07-16 10:34:27 INFO     strategy        PnL: 10:34:27 MTM=132.00 Profit=0.02%
2026-07-16 10:34:28 INFO     strategy        PnL: 10:34:28 MTM=115.00 Profit=0.02%
2026-07-16 10:34:29 INFO     strategy        PnL: 10:34:29 MTM=119.00 Profit=0.02%
2026-07-16 10:34:30 INFO     strategy        PnL: 10:34:30 MTM=115.00 Profit=0.02%
2026-07-16 10:34:31 INFO     strategy        PnL: 10:34:31 MTM=115.00 Profit=0.02%
2026-07-16 10:34:32 INFO     strategy        PnL: 10:34:32 MTM=125.00 Profit=0.02%
2026-07-16 10:34:33 INFO     strategy        PnL: 10:34:33 MTM=95.00 Profit=0.01%
2026-07-16 10:34:34 INFO     strategy        PnL: 10:34:34 MTM=126.00 Profit=0.02%
2026-07-16 10:34:35 INFO     strategy        PnL: 10:34:35 MTM=122.00 Profit=0.02%
2026-07-16 10:34:36 INFO     strategy        PnL: 10:34:36 MTM=132.00 Profit=0.02%
2026-07-16 10:34:37 INFO     strategy        PnL: 10:34:37 MTM=129.00 Profit=0.02%
2026-07-16 10:34:38 INFO     strategy        PnL: 10:34:38 MTM=130.00 Profit=0.02%
2026-07-16 10:34:39 INFO     strategy        PnL: 10:34:39 MTM=101.00 Profit=0.02%
2026-07-16 10:34:40 INFO     strategy        PnL: 10:34:40 MTM=97.00 Profit=0.01%
2026-07-16 10:34:41 INFO     strategy        PnL: 10:34:41 MTM=97.00 Profit=0.01%
2026-07-16 10:34:42 INFO     strategy        PnL: 10:34:42 MTM=105.00 Profit=0.02%
2026-07-16 10:34:43 INFO     strategy        PnL: 10:34:43 MTM=131.00 Profit=0.02%
2026-07-16 10:34:44 INFO     strategy        PnL: 10:34:44 MTM=123.00 Profit=0.02%
2026-07-16 10:34:45 INFO     strategy        PnL: 10:34:45 MTM=115.00 Profit=0.02%
2026-07-16 10:34:46 INFO     strategy        PnL: 10:34:46 MTM=102.00 Profit=0.02%
2026-07-16 10:34:47 INFO     strategy        PnL: 10:34:47 MTM=89.00 Profit=0.01%
2026-07-16 10:34:48 INFO     strategy        PnL: 10:34:48 MTM=158.00 Profit=0.02%
2026-07-16 10:34:50 INFO     strategy        PnL: 10:34:50 MTM=131.00 Profit=0.02%
2026-07-16 10:34:51 INFO     strategy        PnL: 10:34:51 MTM=148.00 Profit=0.02%
2026-07-16 10:34:52 INFO     strategy        PnL: 10:34:52 MTM=144.00 Profit=0.02%
2026-07-16 10:34:53 INFO     strategy        PnL: 10:34:53 MTM=126.00 Profit=0.02%
2026-07-16 10:34:54 INFO     strategy        PnL: 10:34:54 MTM=132.00 Profit=0.02%
2026-07-16 10:34:55 INFO     strategy        PnL: 10:34:55 MTM=134.00 Profit=0.02%
2026-07-16 10:34:56 INFO     strategy        PnL: 10:34:56 MTM=147.00 Profit=0.02%
2026-07-16 10:34:57 INFO     strategy        PnL: 10:34:57 MTM=84.00 Profit=0.01%
2026-07-16 10:34:58 INFO     strategy        PnL: 10:34:58 MTM=130.00 Profit=0.02%
2026-07-16 10:34:59 INFO     strategy        PnL: 10:34:59 MTM=123.00 Profit=0.02%
2026-07-16 10:35:00 INFO     strategy        PnL: 10:35:00 MTM=151.00 Profit=0.02%
2026-07-16 10:35:01 INFO     strategy        PnL: 10:35:01 MTM=166.00 Profit=0.03%
2026-07-16 10:35:02 INFO     strategy        PnL: 10:35:02 MTM=164.00 Profit=0.03%
2026-07-16 10:35:03 INFO     strategy        PnL: 10:35:03 MTM=120.00 Profit=0.02%
2026-07-16 10:35:04 INFO     strategy        PnL: 10:35:04 MTM=71.00 Profit=0.01%
2026-07-16 10:35:05 INFO     strategy        PnL: 10:35:05 MTM=164.00 Profit=0.03%
2026-07-16 10:35:06 INFO     strategy        PnL: 10:35:06 MTM=108.00 Profit=0.02%
2026-07-16 10:35:07 INFO     strategy        PnL: 10:35:07 MTM=135.00 Profit=0.02%
2026-07-16 10:35:08 INFO     strategy        PnL: 10:35:08 MTM=149.00 Profit=0.02%
2026-07-16 10:35:09 INFO     strategy        PnL: 10:35:09 MTM=169.00 Profit=0.03%
2026-07-16 10:35:10 INFO     strategy        PnL: 10:35:10 MTM=179.00 Profit=0.03%
2026-07-16 10:35:11 INFO     strategy        PnL: 10:35:11 MTM=153.00 Profit=0.02%
2026-07-16 10:35:12 INFO     strategy        PnL: 10:35:12 MTM=103.00 Profit=0.02%
2026-07-16 10:35:13 INFO     strategy        PnL: 10:35:13 MTM=163.00 Profit=0.03%
2026-07-16 10:35:14 INFO     strategy        PnL: 10:35:14 MTM=163.00 Profit=0.03%
2026-07-16 10:35:15 INFO     strategy        PnL: 10:35:15 MTM=136.00 Profit=0.02%
2026-07-16 10:35:16 INFO     strategy        PnL: 10:35:16 MTM=152.00 Profit=0.02%
2026-07-16 10:35:17 INFO     strategy        PnL: 10:35:17 MTM=129.00 Profit=0.02%
2026-07-16 10:35:18 INFO     strategy        PnL: 10:35:18 MTM=153.00 Profit=0.02%
2026-07-16 10:35:19 INFO     strategy        PnL: 10:35:19 MTM=179.00 Profit=0.03%
2026-07-16 10:35:20 INFO     strategy        PnL: 10:35:20 MTM=151.00 Profit=0.02%
2026-07-16 10:35:21 INFO     strategy        PnL: 10:35:21 MTM=146.00 Profit=0.02%
2026-07-16 10:35:22 INFO     strategy        PnL: 10:35:22 MTM=160.00 Profit=0.02%
2026-07-16 10:35:23 INFO     strategy        PnL: 10:35:23 MTM=157.00 Profit=0.02%
2026-07-16 10:35:24 INFO     strategy        PnL: 10:35:24 MTM=138.00 Profit=0.02%
2026-07-16 10:35:25 INFO     strategy        PnL: 10:35:25 MTM=159.00 Profit=0.02%
2026-07-16 10:35:26 INFO     strategy        PnL: 10:35:26 MTM=139.00 Profit=0.02%
2026-07-16 10:35:27 INFO     strategy        PnL: 10:35:27 MTM=117.00 Profit=0.02%
2026-07-16 10:35:28 INFO     strategy        PnL: 10:35:28 MTM=155.00 Profit=0.02%
2026-07-16 10:35:29 INFO     strategy        PnL: 10:35:29 MTM=168.00 Profit=0.03%
2026-07-16 10:35:30 INFO     strategy        PnL: 10:35:30 MTM=157.00 Profit=0.02%
2026-07-16 10:35:31 INFO     strategy        PnL: 10:35:31 MTM=120.00 Profit=0.02%
2026-07-16 10:35:32 INFO     strategy        PnL: 10:35:32 MTM=127.00 Profit=0.02%
2026-07-16 10:35:33 INFO     strategy        PnL: 10:35:33 MTM=164.00 Profit=0.03%
2026-07-16 10:35:34 INFO     strategy        PnL: 10:35:34 MTM=138.00 Profit=0.02%
2026-07-16 10:35:35 INFO     strategy        PnL: 10:35:35 MTM=49.00 Profit=0.01%
2026-07-16 10:35:36 INFO     strategy        PnL: 10:35:36 MTM=105.00 Profit=0.02%
2026-07-16 10:35:37 INFO     strategy        PnL: 10:35:37 MTM=128.00 Profit=0.02%
2026-07-16 10:35:38 INFO     strategy        PnL: 10:35:38 MTM=116.00 Profit=0.02%
2026-07-16 10:35:39 INFO     strategy        PnL: 10:35:39 MTM=114.00 Profit=0.02%
2026-07-16 10:35:40 INFO     strategy        PnL: 10:35:40 MTM=105.00 Profit=0.02%
2026-07-16 10:35:41 INFO     strategy        PnL: 10:35:41 MTM=162.00 Profit=0.02%
2026-07-16 10:35:42 INFO     strategy        PnL: 10:35:42 MTM=113.00 Profit=0.02%
2026-07-16 10:35:43 INFO     strategy        PnL: 10:35:43 MTM=154.00 Profit=0.02%
2026-07-16 10:35:44 INFO     strategy        PnL: 10:35:44 MTM=164.00 Profit=0.03%
2026-07-16 10:35:45 INFO     strategy        PnL: 10:35:45 MTM=112.00 Profit=0.02%
2026-07-16 10:35:46 INFO     strategy        PnL: 10:35:46 MTM=147.00 Profit=0.02%
2026-07-16 10:35:47 INFO     strategy        PnL: 10:35:47 MTM=114.00 Profit=0.02%
2026-07-16 10:35:48 INFO     strategy        PnL: 10:35:48 MTM=136.00 Profit=0.02%
2026-07-16 10:35:49 INFO     strategy        PnL: 10:35:49 MTM=110.00 Profit=0.02%
2026-07-16 10:35:50 INFO     strategy        PnL: 10:35:50 MTM=126.00 Profit=0.02%
2026-07-16 10:35:51 INFO     strategy        PnL: 10:35:51 MTM=110.00 Profit=0.02%
2026-07-16 10:35:52 INFO     strategy        PnL: 10:35:52 MTM=112.00 Profit=0.02%
2026-07-16 10:35:53 INFO     strategy        PnL: 10:35:53 MTM=112.00 Profit=0.02%
2026-07-16 10:35:54 INFO     strategy        PnL: 10:35:54 MTM=112.00 Profit=0.02%
2026-07-16 10:35:55 INFO     strategy        PnL: 10:35:55 MTM=112.00 Profit=0.02%
2026-07-16 10:35:56 INFO     strategy        PnL: 10:35:56 MTM=112.00 Profit=0.02%
2026-07-16 10:35:57 INFO     strategy        PnL: 10:35:57 MTM=112.00 Profit=0.02%
2026-07-16 10:35:58 INFO     strategy        PnL: 10:35:58 MTM=112.00 Profit=0.02%
2026-07-16 10:35:59 INFO     strategy        PnL: 10:35:59 MTM=112.00 Profit=0.02%
2026-07-16 10:36:00 INFO     strategy        PnL: 10:36:00 MTM=112.00 Profit=0.02%
2026-07-16 10:36:01 INFO     strategy        PnL: 10:36:01 MTM=112.00 Profit=0.02%
2026-07-16 10:36:02 INFO     strategy        PnL: 10:36:02 MTM=113.00 Profit=0.02%
2026-07-16 10:36:03 INFO     strategy        PnL: 10:36:03 MTM=113.00 Profit=0.02%
2026-07-16 10:36:04 INFO     strategy        PnL: 10:36:04 MTM=113.00 Profit=0.02%
2026-07-16 10:36:05 INFO     strategy        PnL: 10:36:05 MTM=113.00 Profit=0.02%
2026-07-16 10:36:06 INFO     strategy        PnL: 10:36:06 MTM=113.00 Profit=0.02%
2026-07-16 10:36:07 INFO     strategy        PnL: 10:36:07 MTM=113.00 Profit=0.02%
2026-07-16 10:36:08 INFO     strategy        PnL: 10:36:08 MTM=113.00 Profit=0.02%
2026-07-16 10:36:09 INFO     strategy        PnL: 10:36:09 MTM=113.00 Profit=0.02%
2026-07-16 10:36:10 INFO     strategy        PnL: 10:36:10 MTM=113.00 Profit=0.02%
2026-07-16 10:36:11 INFO     strategy        PnL: 10:36:11 MTM=113.00 Profit=0.02%
2026-07-16 10:36:12 INFO     strategy        PnL: 10:36:12 MTM=113.00 Profit=0.02%
2026-07-16 10:36:13 INFO     strategy        PnL: 10:36:13 MTM=113.00 Profit=0.02%
2026-07-16 10:36:14 INFO     strategy        PnL: 10:36:14 MTM=113.00 Profit=0.02%
2026-07-16 10:36:15 INFO     strategy        PnL: 10:36:15 MTM=113.00 Profit=0.02%
2026-07-16 10:36:17 INFO     strategy        PnL: 10:36:17 MTM=172.00 Profit=0.03%
2026-07-16 10:36:18 INFO     strategy        PnL: 10:36:18 MTM=132.00 Profit=0.02%
2026-07-16 10:36:19 INFO     strategy        PnL: 10:36:19 MTM=155.00 Profit=0.02%
2026-07-16 10:36:20 INFO     strategy        PnL: 10:36:20 MTM=140.00 Profit=0.02%
2026-07-16 10:36:21 INFO     strategy        PnL: 10:36:21 MTM=155.00 Profit=0.02%
2026-07-16 10:36:22 INFO     strategy        PnL: 10:36:22 MTM=148.00 Profit=0.02%
2026-07-16 10:36:23 INFO     strategy        PnL: 10:36:23 MTM=135.00 Profit=0.02%
2026-07-16 10:36:24 INFO     strategy        PnL: 10:36:24 MTM=141.00 Profit=0.02%
2026-07-16 10:36:25 INFO     strategy        PnL: 10:36:25 MTM=130.00 Profit=0.02%
2026-07-16 10:36:26 INFO     strategy        PnL: 10:36:26 MTM=141.00 Profit=0.02%
2026-07-16 10:36:27 INFO     strategy        PnL: 10:36:27 MTM=167.00 Profit=0.03%
2026-07-16 10:36:28 INFO     strategy        PnL: 10:36:28 MTM=125.00 Profit=0.02%
2026-07-16 10:36:29 INFO     strategy        PnL: 10:36:29 MTM=155.00 Profit=0.02%
2026-07-16 10:36:30 INFO     strategy        PnL: 10:36:30 MTM=148.00 Profit=0.02%
2026-07-16 10:36:31 INFO     strategy        PnL: 10:36:31 MTM=142.00 Profit=0.02%
2026-07-16 10:36:32 INFO     strategy        PnL: 10:36:32 MTM=88.00 Profit=0.01%
2026-07-16 10:36:33 INFO     strategy        PnL: 10:36:33 MTM=129.00 Profit=0.02%
2026-07-16 10:36:34 INFO     strategy        PnL: 10:36:34 MTM=137.00 Profit=0.02%
2026-07-16 10:36:35 INFO     strategy        PnL: 10:36:35 MTM=159.00 Profit=0.02%
2026-07-16 10:36:36 INFO     strategy        PnL: 10:36:36 MTM=66.00 Profit=0.01%
2026-07-16 10:36:37 INFO     strategy        PnL: 10:36:37 MTM=65.00 Profit=0.01%
2026-07-16 10:36:38 INFO     strategy        PnL: 10:36:38 MTM=115.00 Profit=0.02%
2026-07-16 10:36:39 INFO     strategy        PnL: 10:36:39 MTM=139.00 Profit=0.02%
2026-07-16 10:36:40 INFO     strategy        PnL: 10:36:40 MTM=127.00 Profit=0.02%
2026-07-16 10:36:41 INFO     strategy        PnL: 10:36:41 MTM=205.00 Profit=0.03%
2026-07-16 10:36:42 INFO     strategy        PnL: 10:36:42 MTM=167.00 Profit=0.03%
2026-07-16 10:36:43 INFO     strategy        PnL: 10:36:43 MTM=169.00 Profit=0.03%
2026-07-16 10:36:44 INFO     strategy        PnL: 10:36:44 MTM=121.00 Profit=0.02%
2026-07-16 10:36:45 INFO     strategy        PnL: 10:36:45 MTM=179.00 Profit=0.03%
2026-07-16 10:36:46 INFO     strategy        PnL: 10:36:46 MTM=191.00 Profit=0.03%
2026-07-16 10:36:47 INFO     strategy        PnL: 10:36:47 MTM=176.00 Profit=0.03%
2026-07-16 10:36:48 INFO     strategy        PnL: 10:36:48 MTM=199.00 Profit=0.03%
2026-07-16 10:36:49 INFO     strategy        PnL: 10:36:49 MTM=186.00 Profit=0.03%
2026-07-16 10:36:50 INFO     strategy        PnL: 10:36:50 MTM=182.00 Profit=0.03%
2026-07-16 10:36:51 INFO     strategy        PnL: 10:36:51 MTM=194.00 Profit=0.03%
2026-07-16 10:36:52 INFO     strategy        PnL: 10:36:52 MTM=170.00 Profit=0.03%
2026-07-16 10:36:53 INFO     strategy        PnL: 10:36:53 MTM=125.00 Profit=0.02%
2026-07-16 10:36:54 INFO     strategy        PnL: 10:36:54 MTM=183.00 Profit=0.03%
2026-07-16 10:36:55 INFO     strategy        PnL: 10:36:55 MTM=123.00 Profit=0.02%
2026-07-16 10:36:56 INFO     strategy        PnL: 10:36:56 MTM=157.00 Profit=0.02%
2026-07-16 10:36:57 INFO     strategy        PnL: 10:36:57 MTM=186.00 Profit=0.03%
2026-07-16 10:36:58 INFO     strategy        PnL: 10:36:58 MTM=207.00 Profit=0.03%
2026-07-16 10:36:59 INFO     strategy        PnL: 10:36:59 MTM=182.00 Profit=0.03%
2026-07-16 10:37:00 INFO     strategy        PnL: 10:37:00 MTM=167.00 Profit=0.03%
2026-07-16 10:37:01 INFO     strategy        PnL: 10:37:01 MTM=232.00 Profit=0.04%
2026-07-16 10:37:02 INFO     strategy        PnL: 10:37:02 MTM=150.00 Profit=0.02%
2026-07-16 10:37:03 INFO     strategy        PnL: 10:37:03 MTM=169.00 Profit=0.03%
2026-07-16 10:37:04 INFO     strategy        PnL: 10:37:04 MTM=176.00 Profit=0.03%
2026-07-16 10:37:05 INFO     strategy        PnL: 10:37:05 MTM=156.00 Profit=0.02%
2026-07-16 10:37:06 INFO     strategy        PnL: 10:37:06 MTM=165.00 Profit=0.03%
2026-07-16 10:37:07 INFO     strategy        PnL: 10:37:07 MTM=188.00 Profit=0.03%
2026-07-16 10:37:08 INFO     strategy        PnL: 10:37:08 MTM=190.00 Profit=0.03%
2026-07-16 10:37:09 INFO     strategy        PnL: 10:37:09 MTM=204.00 Profit=0.03%
2026-07-16 10:37:10 INFO     strategy        PnL: 10:37:10 MTM=192.00 Profit=0.03%
2026-07-16 10:37:11 INFO     strategy        PnL: 10:37:11 MTM=153.00 Profit=0.02%
2026-07-16 10:37:12 INFO     strategy        PnL: 10:37:12 MTM=202.00 Profit=0.03%
2026-07-16 10:37:13 INFO     strategy        PnL: 10:37:13 MTM=175.00 Profit=0.03%
2026-07-16 10:37:14 INFO     strategy        PnL: 10:37:14 MTM=169.00 Profit=0.03%
2026-07-16 10:37:15 INFO     strategy        PnL: 10:37:15 MTM=173.00 Profit=0.03%
2026-07-16 10:37:16 INFO     strategy        PnL: 10:37:16 MTM=160.00 Profit=0.02%
2026-07-16 10:37:17 INFO     strategy        PnL: 10:37:17 MTM=162.00 Profit=0.02%
2026-07-16 10:37:18 INFO     strategy        PnL: 10:37:18 MTM=191.00 Profit=0.03%
2026-07-16 10:37:19 INFO     strategy        PnL: 10:37:19 MTM=162.00 Profit=0.02%
2026-07-16 10:37:20 INFO     strategy        PnL: 10:37:20 MTM=197.00 Profit=0.03%
2026-07-16 10:37:21 INFO     strategy        PnL: 10:37:21 MTM=188.00 Profit=0.03%
2026-07-16 10:37:22 INFO     strategy        PnL: 10:37:22 MTM=168.00 Profit=0.03%
2026-07-16 10:37:23 INFO     strategy        PnL: 10:37:23 MTM=173.00 Profit=0.03%
2026-07-16 10:37:24 INFO     strategy        PnL: 10:37:24 MTM=204.00 Profit=0.03%
2026-07-16 10:37:25 INFO     strategy        PnL: 10:37:25 MTM=188.00 Profit=0.03%
2026-07-16 10:37:26 INFO     strategy        PnL: 10:37:26 MTM=210.00 Profit=0.03%
2026-07-16 10:37:27 INFO     strategy        PnL: 10:37:27 MTM=181.00 Profit=0.03%
2026-07-16 10:37:28 INFO     strategy        PnL: 10:37:28 MTM=140.00 Profit=0.02%
2026-07-16 10:37:29 INFO     strategy        PnL: 10:37:29 MTM=185.00 Profit=0.03%
2026-07-16 10:37:30 INFO     strategy        PnL: 10:37:30 MTM=189.00 Profit=0.03%
2026-07-16 10:37:31 INFO     strategy        PnL: 10:37:31 MTM=169.00 Profit=0.03%
2026-07-16 10:37:32 INFO     strategy        PnL: 10:37:32 MTM=176.00 Profit=0.03%
2026-07-16 10:37:33 INFO     strategy        PnL: 10:37:33 MTM=147.00 Profit=0.02%
2026-07-16 10:37:34 INFO     strategy        PnL: 10:37:34 MTM=168.00 Profit=0.03%
2026-07-16 10:37:35 INFO     strategy        PnL: 10:37:35 MTM=168.00 Profit=0.03%
2026-07-16 10:37:36 INFO     strategy        PnL: 10:37:36 MTM=148.00 Profit=0.02%
2026-07-16 10:37:37 INFO     strategy        PnL: 10:37:37 MTM=161.00 Profit=0.02%
2026-07-16 10:37:38 INFO     strategy        PnL: 10:37:38 MTM=155.00 Profit=0.02%
2026-07-16 10:37:39 INFO     strategy        PnL: 10:37:39 MTM=181.00 Profit=0.03%
2026-07-16 10:37:40 INFO     strategy        PnL: 10:37:40 MTM=175.00 Profit=0.03%
2026-07-16 10:37:41 INFO     strategy        PnL: 10:37:41 MTM=160.00 Profit=0.02%
2026-07-16 10:37:42 INFO     strategy        PnL: 10:37:42 MTM=170.00 Profit=0.03%
2026-07-16 10:37:43 INFO     strategy        PnL: 10:37:43 MTM=161.00 Profit=0.02%
2026-07-16 10:37:44 INFO     strategy        PnL: 10:37:44 MTM=159.00 Profit=0.02%
2026-07-16 10:37:45 INFO     strategy        PnL: 10:37:45 MTM=171.00 Profit=0.03%
2026-07-16 10:37:46 INFO     strategy        PnL: 10:37:46 MTM=177.00 Profit=0.03%
2026-07-16 10:37:48 INFO     strategy        PnL: 10:37:48 MTM=192.00 Profit=0.03%
2026-07-16 10:37:49 INFO     strategy        PnL: 10:37:49 MTM=130.00 Profit=0.02%
2026-07-16 10:37:50 INFO     strategy        PnL: 10:37:50 MTM=173.00 Profit=0.03%
2026-07-16 10:37:51 INFO     strategy        PnL: 10:37:51 MTM=139.00 Profit=0.02%
2026-07-16 10:37:52 INFO     strategy        PnL: 10:37:52 MTM=145.00 Profit=0.02%
2026-07-16 10:37:53 INFO     strategy        PnL: 10:37:53 MTM=162.00 Profit=0.02%
2026-07-16 10:37:54 INFO     strategy        PnL: 10:37:54 MTM=138.00 Profit=0.02%
2026-07-16 10:37:55 INFO     strategy        PnL: 10:37:55 MTM=168.00 Profit=0.03%
2026-07-16 10:37:56 INFO     strategy        PnL: 10:37:56 MTM=144.00 Profit=0.02%
2026-07-16 10:37:57 INFO     strategy        PnL: 10:37:57 MTM=160.00 Profit=0.02%
2026-07-16 10:37:58 INFO     strategy        PnL: 10:37:58 MTM=142.00 Profit=0.02%
2026-07-16 10:37:59 INFO     strategy        PnL: 10:37:59 MTM=153.00 Profit=0.02%
2026-07-16 10:38:00 INFO     strategy        PnL: 10:38:00 MTM=159.00 Profit=0.02%
2026-07-16 10:38:01 INFO     strategy        PnL: 10:38:01 MTM=162.00 Profit=0.02%
2026-07-16 10:38:02 INFO     strategy        PnL: 10:38:02 MTM=153.00 Profit=0.02%
2026-07-16 10:38:03 INFO     strategy        PnL: 10:38:03 MTM=176.00 Profit=0.03%
2026-07-16 10:38:04 INFO     strategy        PnL: 10:38:04 MTM=166.00 Profit=0.03%
2026-07-16 10:38:05 INFO     strategy        PnL: 10:38:05 MTM=173.00 Profit=0.03%
2026-07-16 10:38:06 INFO     strategy        PnL: 10:38:06 MTM=195.00 Profit=0.03%
2026-07-16 10:38:07 INFO     strategy        PnL: 10:38:07 MTM=150.00 Profit=0.02%
2026-07-16 10:38:08 INFO     strategy        PnL: 10:38:08 MTM=216.00 Profit=0.03%
2026-07-16 10:38:09 INFO     strategy        PnL: 10:38:09 MTM=106.00 Profit=0.02%
2026-07-16 10:38:10 INFO     strategy        PnL: 10:38:10 MTM=171.00 Profit=0.03%
2026-07-16 10:38:11 INFO     strategy        PnL: 10:38:11 MTM=171.00 Profit=0.03%
2026-07-16 10:38:12 INFO     strategy        PnL: 10:38:12 MTM=151.00 Profit=0.02%
2026-07-16 10:38:13 INFO     strategy        PnL: 10:38:13 MTM=162.00 Profit=0.02%
2026-07-16 10:38:14 INFO     strategy        PnL: 10:38:14 MTM=161.00 Profit=0.02%
2026-07-16 10:38:15 INFO     strategy        PnL: 10:38:15 MTM=137.00 Profit=0.02%
2026-07-16 10:38:16 INFO     strategy        PnL: 10:38:16 MTM=151.00 Profit=0.02%
2026-07-16 10:38:17 INFO     strategy        PnL: 10:38:17 MTM=167.00 Profit=0.03%
2026-07-16 10:38:18 INFO     strategy        PnL: 10:38:18 MTM=173.00 Profit=0.03%
2026-07-16 10:38:19 INFO     strategy        PnL: 10:38:19 MTM=130.00 Profit=0.02%
2026-07-16 10:38:20 INFO     strategy        PnL: 10:38:20 MTM=151.00 Profit=0.02%
2026-07-16 10:38:21 INFO     strategy        PnL: 10:38:21 MTM=175.00 Profit=0.03%
2026-07-16 10:38:22 INFO     strategy        PnL: 10:38:22 MTM=141.00 Profit=0.02%
2026-07-16 10:38:23 INFO     strategy        PnL: 10:38:23 MTM=141.00 Profit=0.02%
2026-07-16 10:38:24 INFO     strategy        PnL: 10:38:24 MTM=151.00 Profit=0.02%
2026-07-16 10:38:25 INFO     strategy        PnL: 10:38:25 MTM=148.00 Profit=0.02%
2026-07-16 10:38:26 INFO     strategy        PnL: 10:38:26 MTM=102.00 Profit=0.02%
2026-07-16 10:38:27 INFO     strategy        PnL: 10:38:27 MTM=165.00 Profit=0.03%
2026-07-16 10:38:28 INFO     strategy        PnL: 10:38:28 MTM=117.00 Profit=0.02%
2026-07-16 10:38:29 INFO     strategy        PnL: 10:38:29 MTM=128.00 Profit=0.02%
2026-07-16 10:38:30 INFO     strategy        PnL: 10:38:30 MTM=133.00 Profit=0.02%
2026-07-16 10:38:31 INFO     strategy        PnL: 10:38:31 MTM=104.00 Profit=0.02%
2026-07-16 10:38:32 INFO     strategy        PnL: 10:38:32 MTM=157.00 Profit=0.02%
2026-07-16 10:38:33 INFO     strategy        PnL: 10:38:33 MTM=150.00 Profit=0.02%
2026-07-16 10:38:34 INFO     strategy        PnL: 10:38:34 MTM=112.00 Profit=0.02%
2026-07-16 10:38:35 INFO     strategy        PnL: 10:38:35 MTM=141.00 Profit=0.02%
2026-07-16 10:38:36 INFO     strategy        PnL: 10:38:36 MTM=179.00 Profit=0.03%
2026-07-16 10:38:37 INFO     strategy        PnL: 10:38:37 MTM=173.00 Profit=0.03%
2026-07-16 10:38:38 INFO     strategy        PnL: 10:38:38 MTM=111.00 Profit=0.02%
2026-07-16 10:38:39 INFO     strategy        PnL: 10:38:39 MTM=175.00 Profit=0.03%
2026-07-16 10:38:40 INFO     strategy        PnL: 10:38:40 MTM=136.00 Profit=0.02%
2026-07-16 10:38:41 INFO     strategy        PnL: 10:38:41 MTM=163.00 Profit=0.03%
2026-07-16 10:38:42 INFO     strategy        PnL: 10:38:42 MTM=167.00 Profit=0.03%
2026-07-16 10:38:43 INFO     strategy        PnL: 10:38:43 MTM=162.00 Profit=0.02%
2026-07-16 10:38:44 INFO     strategy        PnL: 10:38:44 MTM=153.00 Profit=0.02%
2026-07-16 10:38:45 INFO     strategy        PnL: 10:38:45 MTM=148.00 Profit=0.02%
2026-07-16 10:38:46 INFO     strategy        PnL: 10:38:46 MTM=145.00 Profit=0.02%
2026-07-16 10:38:47 INFO     strategy        PnL: 10:38:47 MTM=126.00 Profit=0.02%
2026-07-16 10:38:48 INFO     strategy        PnL: 10:38:48 MTM=145.00 Profit=0.02%
2026-07-16 10:38:49 INFO     strategy        PnL: 10:38:49 MTM=161.00 Profit=0.02%
2026-07-16 10:38:50 INFO     strategy        PnL: 10:38:50 MTM=131.00 Profit=0.02%
2026-07-16 10:38:51 INFO     strategy        PnL: 10:38:51 MTM=156.00 Profit=0.02%
2026-07-16 10:38:52 INFO     strategy        PnL: 10:38:52 MTM=128.00 Profit=0.02%
2026-07-16 10:38:53 INFO     strategy        PnL: 10:38:53 MTM=133.00 Profit=0.02%
2026-07-16 10:38:54 INFO     strategy        PnL: 10:38:54 MTM=139.00 Profit=0.02%
2026-07-16 10:38:55 INFO     strategy        PnL: 10:38:55 MTM=144.00 Profit=0.02%
2026-07-16 10:38:56 INFO     strategy        PnL: 10:38:56 MTM=154.00 Profit=0.02%
2026-07-16 10:38:57 INFO     strategy        PnL: 10:38:57 MTM=124.00 Profit=0.02%
2026-07-16 10:38:58 INFO     strategy        PnL: 10:38:58 MTM=142.00 Profit=0.02%
2026-07-16 10:38:59 INFO     strategy        PnL: 10:38:59 MTM=142.00 Profit=0.02%
2026-07-16 10:39:00 INFO     strategy        PnL: 10:39:00 MTM=138.00 Profit=0.02%
2026-07-16 10:39:01 INFO     strategy        PnL: 10:39:01 MTM=123.00 Profit=0.02%
2026-07-16 10:39:02 INFO     strategy        PnL: 10:39:02 MTM=145.00 Profit=0.02%
2026-07-16 10:39:03 INFO     strategy        PnL: 10:39:03 MTM=173.00 Profit=0.03%
2026-07-16 10:39:04 INFO     strategy        PnL: 10:39:04 MTM=154.00 Profit=0.02%
2026-07-16 10:39:05 INFO     strategy        PnL: 10:39:05 MTM=144.00 Profit=0.02%
2026-07-16 10:39:06 INFO     strategy        PnL: 10:39:06 MTM=139.00 Profit=0.02%
2026-07-16 10:39:07 INFO     strategy        PnL: 10:39:07 MTM=141.00 Profit=0.02%
2026-07-16 10:39:08 INFO     strategy        PnL: 10:39:08 MTM=156.00 Profit=0.02%
2026-07-16 10:39:09 INFO     strategy        PnL: 10:39:09 MTM=108.00 Profit=0.02%
2026-07-16 10:39:10 INFO     strategy        PnL: 10:39:10 MTM=134.00 Profit=0.02%
2026-07-16 10:39:11 INFO     strategy        PnL: 10:39:11 MTM=155.00 Profit=0.02%
2026-07-16 10:39:12 INFO     strategy        PnL: 10:39:12 MTM=138.00 Profit=0.02%
2026-07-16 10:39:13 INFO     strategy        PnL: 10:39:13 MTM=128.00 Profit=0.02%
2026-07-16 10:39:14 INFO     strategy        PnL: 10:39:14 MTM=114.00 Profit=0.02%
2026-07-16 10:39:16 INFO     strategy        PnL: 10:39:16 MTM=142.00 Profit=0.02%
2026-07-16 10:39:17 INFO     strategy        PnL: 10:39:17 MTM=146.00 Profit=0.02%
2026-07-16 10:39:18 INFO     strategy        PnL: 10:39:18 MTM=152.00 Profit=0.02%
2026-07-16 10:39:19 INFO     strategy        PnL: 10:39:19 MTM=149.00 Profit=0.02%
2026-07-16 10:39:20 INFO     strategy        PnL: 10:39:20 MTM=143.00 Profit=0.02%
2026-07-16 10:39:21 INFO     strategy        PnL: 10:39:21 MTM=136.00 Profit=0.02%
2026-07-16 10:39:22 INFO     strategy        PnL: 10:39:22 MTM=122.00 Profit=0.02%
2026-07-16 10:39:23 INFO     strategy        PnL: 10:39:23 MTM=122.00 Profit=0.02%
2026-07-16 10:39:24 INFO     strategy        PnL: 10:39:24 MTM=148.00 Profit=0.02%
2026-07-16 10:39:25 INFO     strategy        PnL: 10:39:25 MTM=138.00 Profit=0.02%
2026-07-16 10:39:26 INFO     strategy        PnL: 10:39:26 MTM=180.00 Profit=0.03%
2026-07-16 10:39:27 INFO     strategy        PnL: 10:39:27 MTM=112.00 Profit=0.02%
2026-07-16 10:39:28 INFO     strategy        PnL: 10:39:28 MTM=135.00 Profit=0.02%
2026-07-16 10:39:29 INFO     strategy        PnL: 10:39:29 MTM=134.00 Profit=0.02%
2026-07-16 10:39:30 INFO     strategy        PnL: 10:39:30 MTM=111.00 Profit=0.02%
2026-07-16 10:39:31 INFO     strategy        PnL: 10:39:31 MTM=157.00 Profit=0.02%
2026-07-16 10:39:32 INFO     strategy        PnL: 10:39:32 MTM=136.00 Profit=0.02%
2026-07-16 10:39:33 INFO     strategy        PnL: 10:39:33 MTM=153.00 Profit=0.02%
2026-07-16 10:39:34 INFO     strategy        PnL: 10:39:34 MTM=178.00 Profit=0.03%
2026-07-16 10:39:35 INFO     strategy        PnL: 10:39:35 MTM=172.00 Profit=0.03%
2026-07-16 10:39:36 INFO     strategy        PnL: 10:39:36 MTM=164.00 Profit=0.03%
2026-07-16 10:39:37 INFO     strategy        PnL: 10:39:37 MTM=178.00 Profit=0.03%
2026-07-16 10:39:38 INFO     strategy        PnL: 10:39:38 MTM=157.00 Profit=0.02%
2026-07-16 10:39:39 INFO     strategy        PnL: 10:39:39 MTM=161.00 Profit=0.02%
2026-07-16 10:39:40 INFO     strategy        PnL: 10:39:40 MTM=156.00 Profit=0.02%
2026-07-16 10:39:41 INFO     strategy        PnL: 10:39:41 MTM=157.00 Profit=0.02%
2026-07-16 10:39:42 INFO     strategy        PnL: 10:39:42 MTM=135.00 Profit=0.02%
2026-07-16 10:39:43 INFO     strategy        PnL: 10:39:43 MTM=144.00 Profit=0.02%
2026-07-16 10:39:44 INFO     strategy        PnL: 10:39:44 MTM=158.00 Profit=0.02%
2026-07-16 10:39:45 INFO     strategy        PnL: 10:39:45 MTM=138.00 Profit=0.02%
2026-07-16 10:39:46 INFO     strategy        PnL: 10:39:46 MTM=158.00 Profit=0.02%
2026-07-16 10:39:47 INFO     strategy        PnL: 10:39:47 MTM=162.00 Profit=0.02%
2026-07-16 10:39:48 INFO     strategy        PnL: 10:39:48 MTM=147.00 Profit=0.02%
2026-07-16 10:39:49 INFO     strategy        PnL: 10:39:49 MTM=155.00 Profit=0.02%
2026-07-16 10:39:50 INFO     strategy        PnL: 10:39:50 MTM=156.00 Profit=0.02%
2026-07-16 10:39:51 INFO     strategy        PnL: 10:39:51 MTM=142.00 Profit=0.02%
2026-07-16 10:39:52 INFO     strategy        PnL: 10:39:52 MTM=140.00 Profit=0.02%
2026-07-16 10:39:53 INFO     strategy        PnL: 10:39:53 MTM=158.00 Profit=0.02%
2026-07-16 10:39:54 INFO     strategy        PnL: 10:39:54 MTM=157.00 Profit=0.02%
2026-07-16 10:39:55 INFO     strategy        PnL: 10:39:55 MTM=157.00 Profit=0.02%
2026-07-16 10:39:56 INFO     strategy        PnL: 10:39:56 MTM=152.00 Profit=0.02%
2026-07-16 10:39:57 INFO     strategy        PnL: 10:39:57 MTM=96.00 Profit=0.01%
2026-07-16 10:39:58 INFO     strategy        PnL: 10:39:58 MTM=163.00 Profit=0.03%
2026-07-16 10:39:59 INFO     strategy        PnL: 10:39:59 MTM=144.00 Profit=0.02%
2026-07-16 10:40:00 INFO     strategy        PnL: 10:40:00 MTM=177.00 Profit=0.03%
2026-07-16 10:40:01 INFO     strategy        PnL: 10:40:01 MTM=124.00 Profit=0.02%
2026-07-16 10:40:02 INFO     strategy        PnL: 10:40:02 MTM=173.00 Profit=0.03%
2026-07-16 10:40:03 INFO     strategy        PnL: 10:40:03 MTM=163.00 Profit=0.03%
2026-07-16 10:40:04 INFO     strategy        PnL: 10:40:04 MTM=150.00 Profit=0.02%
2026-07-16 10:40:05 INFO     strategy        PnL: 10:40:05 MTM=153.00 Profit=0.02%
2026-07-16 10:40:06 INFO     strategy        PnL: 10:40:06 MTM=164.00 Profit=0.03%
2026-07-16 10:40:07 INFO     strategy        PnL: 10:40:07 MTM=161.00 Profit=0.02%
2026-07-16 10:40:08 INFO     strategy        PnL: 10:40:08 MTM=166.00 Profit=0.03%
2026-07-16 10:40:09 INFO     strategy        PnL: 10:40:09 MTM=181.00 Profit=0.03%
2026-07-16 10:40:10 INFO     strategy        PnL: 10:40:10 MTM=173.00 Profit=0.03%
2026-07-16 10:40:11 INFO     strategy        PnL: 10:40:11 MTM=164.00 Profit=0.03%
2026-07-16 10:40:12 INFO     strategy        PnL: 10:40:12 MTM=144.00 Profit=0.02%
2026-07-16 10:40:13 INFO     strategy        PnL: 10:40:13 MTM=149.00 Profit=0.02%
2026-07-16 10:40:14 INFO     strategy        PnL: 10:40:14 MTM=168.00 Profit=0.03%
2026-07-16 10:40:15 INFO     strategy        PnL: 10:40:15 MTM=160.00 Profit=0.02%
2026-07-16 10:40:16 INFO     strategy        PnL: 10:40:16 MTM=169.00 Profit=0.03%
2026-07-16 10:40:17 INFO     strategy        PnL: 10:40:17 MTM=175.00 Profit=0.03%
2026-07-16 10:40:18 INFO     strategy        PnL: 10:40:18 MTM=165.00 Profit=0.03%
2026-07-16 10:40:19 INFO     strategy        PnL: 10:40:19 MTM=137.00 Profit=0.02%
2026-07-16 10:40:20 INFO     strategy        PnL: 10:40:20 MTM=156.00 Profit=0.02%
2026-07-16 10:40:21 INFO     strategy        PnL: 10:40:21 MTM=136.00 Profit=0.02%
2026-07-16 10:40:22 INFO     strategy        PnL: 10:40:22 MTM=135.00 Profit=0.02%
2026-07-16 10:40:23 INFO     strategy        PnL: 10:40:23 MTM=136.00 Profit=0.02%
2026-07-16 10:40:24 INFO     strategy        PnL: 10:40:24 MTM=151.00 Profit=0.02%
2026-07-16 10:40:25 INFO     strategy        PnL: 10:40:25 MTM=153.00 Profit=0.02%
2026-07-16 10:40:26 INFO     strategy        PnL: 10:40:26 MTM=123.00 Profit=0.02%
2026-07-16 10:40:27 INFO     strategy        PnL: 10:40:27 MTM=223.00 Profit=0.03%
2026-07-16 10:40:28 INFO     strategy        PnL: 10:40:28 MTM=174.00 Profit=0.03%
2026-07-16 10:40:29 INFO     strategy        PnL: 10:40:29 MTM=135.00 Profit=0.02%
2026-07-16 10:40:30 INFO     strategy        PnL: 10:40:30 MTM=214.00 Profit=0.03%
2026-07-16 10:40:31 INFO     strategy        PnL: 10:40:31 MTM=166.00 Profit=0.03%
2026-07-16 10:40:32 INFO     strategy        PnL: 10:40:32 MTM=181.00 Profit=0.03%
2026-07-16 10:40:33 INFO     strategy        PnL: 10:40:33 MTM=195.00 Profit=0.03%
2026-07-16 10:40:34 INFO     strategy        PnL: 10:40:34 MTM=193.00 Profit=0.03%
2026-07-16 10:40:35 INFO     strategy        PnL: 10:40:35 MTM=178.00 Profit=0.03%
2026-07-16 10:40:36 INFO     strategy        PnL: 10:40:36 MTM=196.00 Profit=0.03%
2026-07-16 10:40:37 INFO     strategy        PnL: 10:40:37 MTM=185.00 Profit=0.03%
2026-07-16 10:40:38 INFO     strategy        PnL: 10:40:38 MTM=172.00 Profit=0.03%
2026-07-16 10:40:39 INFO     strategy        PnL: 10:40:39 MTM=174.00 Profit=0.03%
2026-07-16 10:40:40 INFO     strategy        PnL: 10:40:40 MTM=176.00 Profit=0.03%
2026-07-16 10:40:41 INFO     strategy        PnL: 10:40:41 MTM=176.00 Profit=0.03%
2026-07-16 10:40:42 INFO     strategy        PnL: 10:40:42 MTM=176.00 Profit=0.03%
2026-07-16 10:40:43 INFO     strategy        PnL: 10:40:43 MTM=164.00 Profit=0.03%
2026-07-16 10:40:44 INFO     strategy        PnL: 10:40:44 MTM=120.00 Profit=0.02%
2026-07-16 10:40:45 INFO     strategy        PnL: 10:40:45 MTM=126.00 Profit=0.02%
2026-07-16 10:40:46 INFO     strategy        PnL: 10:40:46 MTM=150.00 Profit=0.02%
2026-07-16 10:40:47 INFO     strategy        PnL: 10:40:47 MTM=162.00 Profit=0.02%
2026-07-16 10:40:48 INFO     strategy        PnL: 10:40:48 MTM=145.00 Profit=0.02%
2026-07-16 10:40:49 INFO     strategy        PnL: 10:40:49 MTM=211.00 Profit=0.03%
2026-07-16 10:40:50 INFO     strategy        PnL: 10:40:50 MTM=151.00 Profit=0.02%
2026-07-16 10:40:51 INFO     strategy        PnL: 10:40:51 MTM=182.00 Profit=0.03%
2026-07-16 10:40:52 INFO     strategy        PnL: 10:40:52 MTM=170.00 Profit=0.03%
2026-07-16 10:40:53 INFO     strategy        PnL: 10:40:53 MTM=153.00 Profit=0.02%
2026-07-16 10:40:54 INFO     strategy        PnL: 10:40:54 MTM=189.00 Profit=0.03%
2026-07-16 10:40:56 INFO     strategy        PnL: 10:40:55 MTM=212.00 Profit=0.03%
2026-07-16 10:40:57 INFO     strategy        PnL: 10:40:56 MTM=176.00 Profit=0.03%
2026-07-16 10:40:58 INFO     strategy        PnL: 10:40:58 MTM=130.00 Profit=0.02%
2026-07-16 10:40:59 INFO     strategy        PnL: 10:40:59 MTM=162.00 Profit=0.02%
2026-07-16 10:41:00 INFO     strategy        PnL: 10:41:00 MTM=166.00 Profit=0.03%
2026-07-16 10:41:01 INFO     strategy        PnL: 10:41:01 MTM=185.00 Profit=0.03%
2026-07-16 10:41:02 INFO     strategy        PnL: 10:41:02 MTM=163.00 Profit=0.03%
2026-07-16 10:41:03 INFO     strategy        PnL: 10:41:03 MTM=142.00 Profit=0.02%
2026-07-16 10:41:04 INFO     strategy        PnL: 10:41:04 MTM=191.00 Profit=0.03%
2026-07-16 10:41:05 INFO     strategy        PnL: 10:41:05 MTM=159.00 Profit=0.02%
2026-07-16 10:41:06 INFO     strategy        PnL: 10:41:06 MTM=179.00 Profit=0.03%
2026-07-16 10:41:07 INFO     strategy        PnL: 10:41:07 MTM=186.00 Profit=0.03%
2026-07-16 10:41:08 INFO     strategy        PnL: 10:41:08 MTM=183.00 Profit=0.03%
2026-07-16 10:41:09 INFO     strategy        PnL: 10:41:09 MTM=163.00 Profit=0.03%
2026-07-16 10:41:10 INFO     strategy        PnL: 10:41:10 MTM=167.00 Profit=0.03%
2026-07-16 10:41:11 INFO     strategy        PnL: 10:41:11 MTM=179.00 Profit=0.03%
2026-07-16 10:41:12 INFO     strategy        PnL: 10:41:12 MTM=127.00 Profit=0.02%
2026-07-16 10:41:13 INFO     strategy        PnL: 10:41:13 MTM=151.00 Profit=0.02%
2026-07-16 10:41:14 INFO     strategy        PnL: 10:41:14 MTM=175.00 Profit=0.03%
2026-07-16 10:41:15 INFO     strategy        PnL: 10:41:15 MTM=170.00 Profit=0.03%
2026-07-16 10:41:16 INFO     strategy        PnL: 10:41:16 MTM=181.00 Profit=0.03%
2026-07-16 10:41:17 INFO     strategy        PnL: 10:41:17 MTM=153.00 Profit=0.02%
2026-07-16 10:41:18 INFO     strategy        PnL: 10:41:18 MTM=157.00 Profit=0.02%
2026-07-16 10:41:19 INFO     strategy        PnL: 10:41:19 MTM=158.00 Profit=0.02%
2026-07-16 10:41:20 INFO     strategy        PnL: 10:41:20 MTM=148.00 Profit=0.02%
2026-07-16 10:41:21 INFO     strategy        PnL: 10:41:21 MTM=153.00 Profit=0.02%
2026-07-16 10:41:22 INFO     strategy        PnL: 10:41:22 MTM=148.00 Profit=0.02%
2026-07-16 10:41:23 INFO     strategy        PnL: 10:41:23 MTM=142.00 Profit=0.02%
2026-07-16 10:41:24 INFO     strategy        PnL: 10:41:24 MTM=142.00 Profit=0.02%
2026-07-16 10:41:25 INFO     strategy        PnL: 10:41:25 MTM=144.00 Profit=0.02%
2026-07-16 10:41:26 INFO     strategy        PnL: 10:41:26 MTM=154.00 Profit=0.02%
2026-07-16 10:41:27 INFO     strategy        PnL: 10:41:27 MTM=88.00 Profit=0.01%
2026-07-16 10:41:28 INFO     strategy        PnL: 10:41:28 MTM=188.00 Profit=0.03%
2026-07-16 10:41:29 INFO     strategy        PnL: 10:41:29 MTM=127.00 Profit=0.02%
2026-07-16 10:41:30 INFO     strategy        PnL: 10:41:30 MTM=117.00 Profit=0.02%
2026-07-16 10:41:31 INFO     strategy        PnL: 10:41:31 MTM=140.00 Profit=0.02%
2026-07-16 10:41:32 INFO     strategy        PnL: 10:41:32 MTM=143.00 Profit=0.02%
2026-07-16 10:41:33 INFO     strategy        PnL: 10:41:33 MTM=149.00 Profit=0.02%
2026-07-16 10:41:34 INFO     strategy        PnL: 10:41:34 MTM=124.00 Profit=0.02%
2026-07-16 10:41:35 INFO     strategy        PnL: 10:41:35 MTM=124.00 Profit=0.02%
2026-07-16 10:41:36 INFO     strategy        PnL: 10:41:36 MTM=124.00 Profit=0.02%
2026-07-16 10:41:37 INFO     strategy        PnL: 10:41:37 MTM=154.00 Profit=0.02%
2026-07-16 10:41:38 INFO     strategy        PnL: 10:41:38 MTM=174.00 Profit=0.03%
2026-07-16 10:41:39 INFO     strategy        PnL: 10:41:39 MTM=147.00 Profit=0.02%
2026-07-16 10:41:40 INFO     strategy        PnL: 10:41:40 MTM=129.00 Profit=0.02%
2026-07-16 10:41:41 INFO     strategy        PnL: 10:41:41 MTM=163.00 Profit=0.03%
2026-07-16 10:41:42 INFO     strategy        PnL: 10:41:42 MTM=136.00 Profit=0.02%
2026-07-16 10:41:43 INFO     strategy        PnL: 10:41:43 MTM=148.00 Profit=0.02%
2026-07-16 10:41:44 INFO     strategy        PnL: 10:41:44 MTM=134.00 Profit=0.02%
2026-07-16 10:41:45 INFO     strategy        PnL: 10:41:45 MTM=179.00 Profit=0.03%
2026-07-16 10:41:46 INFO     strategy        PnL: 10:41:46 MTM=134.00 Profit=0.02%
2026-07-16 10:41:47 INFO     strategy        PnL: 10:41:47 MTM=104.00 Profit=0.02%
2026-07-16 10:41:48 INFO     strategy        PnL: 10:41:48 MTM=135.00 Profit=0.02%
2026-07-16 10:41:49 INFO     strategy        PnL: 10:41:49 MTM=135.00 Profit=0.02%
2026-07-16 10:41:50 INFO     strategy        PnL: 10:41:50 MTM=121.00 Profit=0.02%
2026-07-16 10:41:51 INFO     strategy        PnL: 10:41:51 MTM=113.00 Profit=0.02%
2026-07-16 10:41:52 INFO     strategy        PnL: 10:41:52 MTM=126.00 Profit=0.02%
2026-07-16 10:41:53 INFO     strategy        PnL: 10:41:53 MTM=116.00 Profit=0.02%
2026-07-16 10:41:54 INFO     strategy        PnL: 10:41:54 MTM=104.00 Profit=0.02%
2026-07-16 10:41:55 INFO     strategy        PnL: 10:41:55 MTM=121.00 Profit=0.02%
2026-07-16 10:41:56 INFO     strategy        PnL: 10:41:56 MTM=133.00 Profit=0.02%
2026-07-16 10:41:57 INFO     strategy        PnL: 10:41:57 MTM=118.00 Profit=0.02%
2026-07-16 10:41:58 INFO     strategy        PnL: 10:41:58 MTM=139.00 Profit=0.02%
2026-07-16 10:41:59 INFO     strategy        PnL: 10:41:59 MTM=134.00 Profit=0.02%
2026-07-16 10:42:00 INFO     strategy        PnL: 10:42:00 MTM=147.00 Profit=0.02%
2026-07-16 10:42:01 INFO     strategy        PnL: 10:42:01 MTM=117.00 Profit=0.02%
2026-07-16 10:42:02 INFO     strategy        PnL: 10:42:02 MTM=114.00 Profit=0.02%
2026-07-16 10:42:03 INFO     strategy        PnL: 10:42:03 MTM=124.00 Profit=0.02%
2026-07-16 10:42:04 INFO     strategy        PnL: 10:42:04 MTM=113.00 Profit=0.02%
2026-07-16 10:42:05 INFO     strategy        PnL: 10:42:05 MTM=113.00 Profit=0.02%
2026-07-16 10:42:06 INFO     strategy        PnL: 10:42:06 MTM=147.00 Profit=0.02%
2026-07-16 10:42:07 INFO     strategy        PnL: 10:42:07 MTM=162.00 Profit=0.02%
2026-07-16 10:42:08 INFO     strategy        PnL: 10:42:08 MTM=165.00 Profit=0.03%
2026-07-16 10:42:09 INFO     strategy        PnL: 10:42:09 MTM=122.00 Profit=0.02%
2026-07-16 10:42:10 INFO     strategy        PnL: 10:42:10 MTM=140.00 Profit=0.02%
2026-07-16 10:42:11 INFO     strategy        PnL: 10:42:11 MTM=139.00 Profit=0.02%
2026-07-16 10:42:12 INFO     strategy        PnL: 10:42:12 MTM=130.00 Profit=0.02%
2026-07-16 10:42:13 INFO     strategy        PnL: 10:42:13 MTM=151.00 Profit=0.02%
2026-07-16 10:42:14 INFO     strategy        PnL: 10:42:14 MTM=137.00 Profit=0.02%
2026-07-16 10:42:15 INFO     strategy        PnL: 10:42:15 MTM=120.00 Profit=0.02%
2026-07-16 10:42:16 INFO     strategy        PnL: 10:42:16 MTM=165.00 Profit=0.03%
2026-07-16 10:42:17 INFO     strategy        PnL: 10:42:17 MTM=161.00 Profit=0.02%
2026-07-16 10:42:18 INFO     strategy        PnL: 10:42:18 MTM=171.00 Profit=0.03%
2026-07-16 10:42:19 INFO     strategy        PnL: 10:42:19 MTM=132.00 Profit=0.02%
2026-07-16 10:42:20 INFO     strategy        PnL: 10:42:20 MTM=143.00 Profit=0.02%
2026-07-16 10:42:21 INFO     strategy        PnL: 10:42:21 MTM=138.00 Profit=0.02%
2026-07-16 10:42:22 INFO     strategy        PnL: 10:42:22 MTM=138.00 Profit=0.02%
2026-07-16 10:42:23 INFO     strategy        PnL: 10:42:23 MTM=146.00 Profit=0.02%
2026-07-16 10:42:24 INFO     strategy        PnL: 10:42:24 MTM=160.00 Profit=0.02%
2026-07-16 10:42:25 INFO     strategy        PnL: 10:42:25 MTM=180.00 Profit=0.03%
2026-07-16 10:42:26 INFO     strategy        PnL: 10:42:26 MTM=149.00 Profit=0.02%
2026-07-16 10:42:27 INFO     strategy        PnL: 10:42:27 MTM=135.00 Profit=0.02%
2026-07-16 10:42:28 INFO     strategy        PnL: 10:42:28 MTM=131.00 Profit=0.02%
2026-07-16 10:42:29 INFO     strategy        PnL: 10:42:29 MTM=164.00 Profit=0.03%
2026-07-16 10:42:30 INFO     strategy        PnL: 10:42:30 MTM=165.00 Profit=0.03%
2026-07-16 10:42:31 INFO     strategy        PnL: 10:42:31 MTM=136.00 Profit=0.02%
2026-07-16 10:42:32 INFO     strategy        PnL: 10:42:32 MTM=138.00 Profit=0.02%
2026-07-16 10:42:33 INFO     strategy        PnL: 10:42:33 MTM=131.00 Profit=0.02%
2026-07-16 10:42:34 INFO     strategy        PnL: 10:42:34 MTM=163.00 Profit=0.03%
2026-07-16 10:42:35 INFO     strategy        PnL: 10:42:35 MTM=149.00 Profit=0.02%
2026-07-16 10:42:36 INFO     strategy        PnL: 10:42:36 MTM=133.00 Profit=0.02%
2026-07-16 10:42:37 INFO     strategy        PnL: 10:42:37 MTM=134.00 Profit=0.02%
2026-07-16 10:42:39 INFO     strategy        PnL: 10:42:39 MTM=138.00 Profit=0.02%
2026-07-16 10:42:40 INFO     strategy        PnL: 10:42:40 MTM=149.00 Profit=0.02%
2026-07-16 10:42:41 INFO     strategy        PnL: 10:42:41 MTM=197.00 Profit=0.03%
2026-07-16 10:42:42 INFO     strategy        PnL: 10:42:42 MTM=134.00 Profit=0.02%
2026-07-16 10:42:43 INFO     strategy        PnL: 10:42:43 MTM=133.00 Profit=0.02%
2026-07-16 10:42:44 INFO     strategy        PnL: 10:42:44 MTM=138.00 Profit=0.02%
2026-07-16 10:42:45 INFO     strategy        PnL: 10:42:45 MTM=110.00 Profit=0.02%
2026-07-16 10:42:46 INFO     strategy        PnL: 10:42:46 MTM=127.00 Profit=0.02%
2026-07-16 10:42:47 INFO     strategy        PnL: 10:42:47 MTM=145.00 Profit=0.02%
2026-07-16 10:42:48 INFO     strategy        PnL: 10:42:48 MTM=154.00 Profit=0.02%
2026-07-16 10:42:49 INFO     strategy        PnL: 10:42:49 MTM=127.00 Profit=0.02%
2026-07-16 10:42:50 INFO     strategy        PnL: 10:42:50 MTM=117.00 Profit=0.02%
2026-07-16 10:42:51 INFO     strategy        PnL: 10:42:51 MTM=151.00 Profit=0.02%
2026-07-16 10:42:52 INFO     strategy        PnL: 10:42:52 MTM=140.00 Profit=0.02%
2026-07-16 10:42:53 INFO     strategy        PnL: 10:42:53 MTM=134.00 Profit=0.02%
2026-07-16 10:42:54 INFO     strategy        PnL: 10:42:54 MTM=167.00 Profit=0.03%
2026-07-16 10:42:55 INFO     strategy        PnL: 10:42:55 MTM=167.00 Profit=0.03%
2026-07-16 10:42:56 INFO     strategy        PnL: 10:42:56 MTM=140.00 Profit=0.02%
2026-07-16 10:42:57 INFO     strategy        PnL: 10:42:57 MTM=147.00 Profit=0.02%
2026-07-16 10:42:58 INFO     strategy        PnL: 10:42:58 MTM=165.00 Profit=0.03%
2026-07-16 10:42:59 INFO     strategy        PnL: 10:42:59 MTM=149.00 Profit=0.02%
2026-07-16 10:43:00 INFO     strategy        PnL: 10:43:00 MTM=151.00 Profit=0.02%
2026-07-16 10:43:01 INFO     strategy        PnL: 10:43:01 MTM=158.00 Profit=0.02%
2026-07-16 10:43:02 INFO     strategy        PnL: 10:43:02 MTM=130.00 Profit=0.02%
2026-07-16 10:43:03 INFO     strategy        PnL: 10:43:03 MTM=154.00 Profit=0.02%
2026-07-16 10:43:04 INFO     strategy        PnL: 10:43:04 MTM=155.00 Profit=0.02%
2026-07-16 10:43:05 INFO     strategy        PnL: 10:43:05 MTM=151.00 Profit=0.02%
2026-07-16 10:43:06 INFO     strategy        PnL: 10:43:06 MTM=201.00 Profit=0.03%
2026-07-16 10:43:07 INFO     strategy        PnL: 10:43:07 MTM=153.00 Profit=0.02%
2026-07-16 10:43:08 INFO     strategy        PnL: 10:43:08 MTM=159.00 Profit=0.02%
2026-07-16 10:43:09 INFO     strategy        PnL: 10:43:09 MTM=146.00 Profit=0.02%
2026-07-16 10:43:10 INFO     strategy        PnL: 10:43:10 MTM=133.00 Profit=0.02%
2026-07-16 10:43:11 INFO     strategy        PnL: 10:43:11 MTM=175.00 Profit=0.03%
2026-07-16 10:43:12 INFO     strategy        PnL: 10:43:12 MTM=179.00 Profit=0.03%
2026-07-16 10:43:13 INFO     strategy        PnL: 10:43:13 MTM=132.00 Profit=0.02%
2026-07-16 10:43:14 INFO     strategy        PnL: 10:43:14 MTM=191.00 Profit=0.03%
2026-07-16 10:43:15 INFO     strategy        PnL: 10:43:15 MTM=124.00 Profit=0.02%
2026-07-16 10:43:16 INFO     strategy        PnL: 10:43:16 MTM=138.00 Profit=0.02%
2026-07-16 10:43:17 INFO     strategy        PnL: 10:43:17 MTM=116.00 Profit=0.02%
2026-07-16 10:43:18 INFO     strategy        PnL: 10:43:18 MTM=129.00 Profit=0.02%
2026-07-16 10:43:19 INFO     strategy        PnL: 10:43:19 MTM=138.00 Profit=0.02%
2026-07-16 10:43:20 INFO     strategy        PnL: 10:43:20 MTM=138.00 Profit=0.02%
2026-07-16 10:43:21 INFO     strategy        PnL: 10:43:21 MTM=143.00 Profit=0.02%
2026-07-16 10:43:22 INFO     strategy        PnL: 10:43:22 MTM=128.00 Profit=0.02%
2026-07-16 10:43:23 INFO     strategy        PnL: 10:43:23 MTM=122.00 Profit=0.02%
2026-07-16 10:43:24 INFO     strategy        PnL: 10:43:24 MTM=142.00 Profit=0.02%
2026-07-16 10:43:25 INFO     strategy        PnL: 10:43:25 MTM=170.00 Profit=0.03%
2026-07-16 10:43:26 INFO     strategy        PnL: 10:43:26 MTM=157.00 Profit=0.02%
2026-07-16 10:43:27 INFO     strategy        PnL: 10:43:27 MTM=131.00 Profit=0.02%
2026-07-16 10:43:28 INFO     strategy        PnL: 10:43:28 MTM=170.00 Profit=0.03%
2026-07-16 10:43:29 INFO     strategy        PnL: 10:43:29 MTM=159.00 Profit=0.02%
2026-07-16 10:43:30 INFO     strategy        PnL: 10:43:30 MTM=161.00 Profit=0.02%
2026-07-16 10:43:31 INFO     strategy        PnL: 10:43:31 MTM=101.00 Profit=0.02%
2026-07-16 10:43:32 INFO     strategy        PnL: 10:43:32 MTM=153.00 Profit=0.02%
2026-07-16 10:43:33 INFO     strategy        PnL: 10:43:33 MTM=131.00 Profit=0.02%
2026-07-16 10:43:34 INFO     strategy        PnL: 10:43:34 MTM=119.00 Profit=0.02%
2026-07-16 10:43:35 INFO     strategy        PnL: 10:43:35 MTM=138.00 Profit=0.02%
2026-07-16 10:43:36 INFO     strategy        PnL: 10:43:36 MTM=170.00 Profit=0.03%
2026-07-16 10:43:37 INFO     strategy        PnL: 10:43:37 MTM=142.00 Profit=0.02%
2026-07-16 10:43:38 INFO     strategy        PnL: 10:43:38 MTM=199.00 Profit=0.03%
2026-07-16 10:43:39 INFO     strategy        PnL: 10:43:39 MTM=111.00 Profit=0.02%
2026-07-16 10:43:40 INFO     strategy        PnL: 10:43:40 MTM=140.00 Profit=0.02%
2026-07-16 10:43:41 INFO     strategy        PnL: 10:43:41 MTM=130.00 Profit=0.02%
2026-07-16 10:43:42 INFO     strategy        PnL: 10:43:42 MTM=140.00 Profit=0.02%
2026-07-16 10:43:43 INFO     strategy        PnL: 10:43:43 MTM=107.00 Profit=0.02%
2026-07-16 10:43:44 INFO     strategy        PnL: 10:43:44 MTM=125.00 Profit=0.02%
2026-07-16 10:43:45 INFO     strategy        PnL: 10:43:45 MTM=100.00 Profit=0.02%
2026-07-16 10:43:46 INFO     strategy        PnL: 10:43:46 MTM=125.00 Profit=0.02%
2026-07-16 10:43:47 INFO     strategy        PnL: 10:43:47 MTM=138.00 Profit=0.02%
2026-07-16 10:43:48 INFO     strategy        PnL: 10:43:48 MTM=118.00 Profit=0.02%
2026-07-16 10:43:49 INFO     strategy        PnL: 10:43:49 MTM=145.00 Profit=0.02%
2026-07-16 10:43:50 INFO     strategy        PnL: 10:43:50 MTM=123.00 Profit=0.02%
2026-07-16 10:43:51 INFO     strategy        PnL: 10:43:51 MTM=128.00 Profit=0.02%
2026-07-16 10:43:52 INFO     strategy        PnL: 10:43:52 MTM=121.00 Profit=0.02%
2026-07-16 10:43:53 INFO     strategy        PnL: 10:43:53 MTM=103.00 Profit=0.02%
2026-07-16 10:43:54 INFO     strategy        PnL: 10:43:54 MTM=118.00 Profit=0.02%
2026-07-16 10:43:55 INFO     strategy        PnL: 10:43:55 MTM=154.00 Profit=0.02%
2026-07-16 10:43:56 INFO     strategy        PnL: 10:43:56 MTM=142.00 Profit=0.02%
2026-07-16 10:43:57 INFO     strategy        PnL: 10:43:57 MTM=114.00 Profit=0.02%
2026-07-16 10:43:58 INFO     strategy        PnL: 10:43:58 MTM=81.00 Profit=0.01%
2026-07-16 10:43:59 INFO     strategy        PnL: 10:43:59 MTM=135.00 Profit=0.02%
2026-07-16 10:44:00 INFO     strategy        PnL: 10:44:00 MTM=104.00 Profit=0.02%
2026-07-16 10:44:01 INFO     strategy        PnL: 10:44:01 MTM=95.00 Profit=0.01%
2026-07-16 10:44:02 INFO     strategy        PnL: 10:44:02 MTM=123.00 Profit=0.02%
2026-07-16 10:44:03 INFO     strategy        PnL: 10:44:03 MTM=128.00 Profit=0.02%
2026-07-16 10:44:04 INFO     strategy        PnL: 10:44:04 MTM=115.00 Profit=0.02%
2026-07-16 10:44:05 INFO     strategy        PnL: 10:44:05 MTM=111.00 Profit=0.02%
2026-07-16 10:44:06 INFO     strategy        PnL: 10:44:06 MTM=94.00 Profit=0.01%
2026-07-16 10:44:07 INFO     strategy        PnL: 10:44:07 MTM=105.00 Profit=0.02%
2026-07-16 10:44:08 INFO     strategy        PnL: 10:44:08 MTM=96.00 Profit=0.01%
2026-07-16 10:44:09 INFO     strategy        PnL: 10:44:09 MTM=175.00 Profit=0.03%
2026-07-16 10:44:10 INFO     strategy        PnL: 10:44:10 MTM=118.00 Profit=0.02%
2026-07-16 10:44:11 INFO     strategy        PnL: 10:44:11 MTM=92.00 Profit=0.01%
2026-07-16 10:44:12 INFO     strategy        PnL: 10:44:12 MTM=101.00 Profit=0.02%
2026-07-16 10:44:13 INFO     strategy        PnL: 10:44:13 MTM=99.00 Profit=0.02%
2026-07-16 10:44:15 INFO     strategy        PnL: 10:44:15 MTM=100.00 Profit=0.02%
2026-07-16 10:44:16 INFO     strategy        PnL: 10:44:16 MTM=121.00 Profit=0.02%
2026-07-16 10:44:17 INFO     strategy        PnL: 10:44:17 MTM=100.00 Profit=0.02%
2026-07-16 10:44:18 INFO     strategy        PnL: 10:44:18 MTM=143.00 Profit=0.02%
2026-07-16 10:44:19 INFO     strategy        PnL: 10:44:19 MTM=140.00 Profit=0.02%
2026-07-16 10:44:20 INFO     strategy        PnL: 10:44:20 MTM=97.00 Profit=0.01%
2026-07-16 10:44:21 INFO     strategy        PnL: 10:44:21 MTM=110.00 Profit=0.02%
2026-07-16 10:44:22 INFO     strategy        PnL: 10:44:22 MTM=110.00 Profit=0.02%
2026-07-16 10:44:23 INFO     strategy        PnL: 10:44:23 MTM=111.00 Profit=0.02%
2026-07-16 10:44:24 INFO     strategy        PnL: 10:44:24 MTM=125.00 Profit=0.02%
2026-07-16 10:44:25 INFO     strategy        PnL: 10:44:25 MTM=97.00 Profit=0.01%
2026-07-16 10:44:26 INFO     strategy        PnL: 10:44:26 MTM=134.00 Profit=0.02%
2026-07-16 10:44:27 INFO     strategy        PnL: 10:44:27 MTM=117.00 Profit=0.02%
2026-07-16 10:44:28 INFO     strategy        PnL: 10:44:28 MTM=105.00 Profit=0.02%
2026-07-16 10:44:29 INFO     strategy        PnL: 10:44:29 MTM=143.00 Profit=0.02%
2026-07-16 10:44:30 INFO     strategy        PnL: 10:44:30 MTM=156.00 Profit=0.02%
2026-07-16 10:44:31 INFO     strategy        PnL: 10:44:31 MTM=117.00 Profit=0.02%
2026-07-16 10:44:32 INFO     strategy        PnL: 10:44:32 MTM=125.00 Profit=0.02%
2026-07-16 10:44:33 INFO     strategy        PnL: 10:44:33 MTM=108.00 Profit=0.02%
2026-07-16 10:44:34 INFO     strategy        PnL: 10:44:34 MTM=98.00 Profit=0.02%
2026-07-16 10:44:35 INFO     strategy        PnL: 10:44:35 MTM=110.00 Profit=0.02%
2026-07-16 10:44:36 INFO     strategy        PnL: 10:44:36 MTM=106.00 Profit=0.02%
2026-07-16 10:44:37 INFO     strategy        PnL: 10:44:37 MTM=113.00 Profit=0.02%
2026-07-16 10:44:38 INFO     strategy        PnL: 10:44:38 MTM=109.00 Profit=0.02%
2026-07-16 10:44:39 INFO     strategy        PnL: 10:44:39 MTM=116.00 Profit=0.02%
2026-07-16 10:44:40 INFO     strategy        PnL: 10:44:40 MTM=119.00 Profit=0.02%
2026-07-16 10:44:41 INFO     strategy        PnL: 10:44:41 MTM=98.00 Profit=0.02%
2026-07-16 10:44:42 INFO     strategy        PnL: 10:44:42 MTM=121.00 Profit=0.02%
2026-07-16 10:44:43 INFO     strategy        PnL: 10:44:43 MTM=120.00 Profit=0.02%
2026-07-16 10:44:44 INFO     strategy        PnL: 10:44:44 MTM=148.00 Profit=0.02%
2026-07-16 10:44:45 INFO     strategy        PnL: 10:44:45 MTM=147.00 Profit=0.02%
2026-07-16 10:44:46 INFO     strategy        PnL: 10:44:46 MTM=114.00 Profit=0.02%
2026-07-16 10:44:47 INFO     strategy        PnL: 10:44:47 MTM=102.00 Profit=0.02%
2026-07-16 10:44:48 INFO     strategy        PnL: 10:44:48 MTM=130.00 Profit=0.02%
2026-07-16 10:44:49 INFO     strategy        PnL: 10:44:49 MTM=96.00 Profit=0.01%
2026-07-16 10:44:50 INFO     strategy        PnL: 10:44:50 MTM=115.00 Profit=0.02%
2026-07-16 10:44:51 INFO     strategy        PnL: 10:44:51 MTM=144.00 Profit=0.02%
2026-07-16 10:44:52 INFO     strategy        PnL: 10:44:52 MTM=121.00 Profit=0.02%
2026-07-16 10:44:53 INFO     strategy        PnL: 10:44:53 MTM=127.00 Profit=0.02%
2026-07-16 10:44:54 INFO     strategy        PnL: 10:44:54 MTM=124.00 Profit=0.02%
2026-07-16 10:44:55 INFO     strategy        PnL: 10:44:55 MTM=102.00 Profit=0.02%
2026-07-16 10:44:56 INFO     strategy        PnL: 10:44:56 MTM=79.00 Profit=0.01%
2026-07-16 10:44:57 INFO     strategy        PnL: 10:44:57 MTM=120.00 Profit=0.02%
2026-07-16 10:44:58 INFO     strategy        PnL: 10:44:58 MTM=133.00 Profit=0.02%
2026-07-16 10:44:59 INFO     strategy        PnL: 10:44:59 MTM=83.00 Profit=0.01%
2026-07-16 10:45:00 INFO     strategy        PnL: 10:45:00 MTM=105.00 Profit=0.02%
2026-07-16 10:45:01 INFO     strategy        PnL: 10:45:01 MTM=58.00 Profit=0.01%
2026-07-16 10:45:02 INFO     strategy        PnL: 10:45:02 MTM=68.00 Profit=0.01%
2026-07-16 10:45:03 INFO     strategy        PnL: 10:45:03 MTM=92.00 Profit=0.01%
2026-07-16 10:45:04 INFO     strategy        PnL: 10:45:04 MTM=141.00 Profit=0.02%
2026-07-16 10:45:05 INFO     strategy        PnL: 10:45:05 MTM=98.00 Profit=0.02%
2026-07-16 10:45:06 INFO     strategy        PnL: 10:45:06 MTM=96.00 Profit=0.01%
2026-07-16 10:45:07 INFO     strategy        PnL: 10:45:07 MTM=43.00 Profit=0.01%
2026-07-16 10:45:08 INFO     strategy        PnL: 10:45:08 MTM=74.00 Profit=0.01%
2026-07-16 10:45:09 INFO     strategy        PnL: 10:45:09 MTM=90.00 Profit=0.01%
2026-07-16 10:45:10 INFO     strategy        PnL: 10:45:10 MTM=82.00 Profit=0.01%
2026-07-16 10:45:11 INFO     strategy        PnL: 10:45:11 MTM=57.00 Profit=0.01%
2026-07-16 10:45:12 INFO     strategy        PnL: 10:45:12 MTM=90.00 Profit=0.01%
2026-07-16 10:45:13 INFO     strategy        PnL: 10:45:13 MTM=83.00 Profit=0.01%
2026-07-16 10:45:14 INFO     strategy        PnL: 10:45:14 MTM=56.00 Profit=0.01%
2026-07-16 10:45:15 INFO     strategy        PnL: 10:45:15 MTM=77.00 Profit=0.01%
2026-07-16 10:45:16 INFO     strategy        PnL: 10:45:16 MTM=90.00 Profit=0.01%
2026-07-16 10:45:17 INFO     strategy        PnL: 10:45:17 MTM=90.00 Profit=0.01%
2026-07-16 10:45:18 INFO     strategy        PnL: 10:45:18 MTM=60.00 Profit=0.01%
2026-07-16 10:45:19 INFO     strategy        PnL: 10:45:19 MTM=54.00 Profit=0.01%
2026-07-16 10:45:20 INFO     strategy        PnL: 10:45:20 MTM=63.00 Profit=0.01%
2026-07-16 10:45:21 INFO     strategy        PnL: 10:45:21 MTM=79.00 Profit=0.01%
2026-07-16 10:45:22 INFO     strategy        PnL: 10:45:22 MTM=63.00 Profit=0.01%
2026-07-16 10:45:23 INFO     strategy        PnL: 10:45:23 MTM=93.00 Profit=0.01%
2026-07-16 10:45:24 INFO     strategy        PnL: 10:45:24 MTM=78.00 Profit=0.01%
2026-07-16 10:45:25 INFO     strategy        PnL: 10:45:25 MTM=60.00 Profit=0.01%
2026-07-16 10:45:26 INFO     strategy        PnL: 10:45:26 MTM=109.00 Profit=0.02%
2026-07-16 10:45:27 INFO     strategy        PnL: 10:45:27 MTM=133.00 Profit=0.02%
2026-07-16 10:45:28 INFO     strategy        PnL: 10:45:28 MTM=93.00 Profit=0.01%
2026-07-16 10:45:29 INFO     strategy        PnL: 10:45:29 MTM=138.00 Profit=0.02%
2026-07-16 10:45:31 INFO     strategy        PnL: 10:45:31 MTM=109.00 Profit=0.02%
2026-07-16 10:45:32 INFO     strategy        PnL: 10:45:32 MTM=112.00 Profit=0.02%
2026-07-16 10:45:33 INFO     strategy        PnL: 10:45:33 MTM=120.00 Profit=0.02%
2026-07-16 10:45:34 INFO     strategy        PnL: 10:45:34 MTM=137.00 Profit=0.02%
2026-07-16 10:45:35 INFO     strategy        PnL: 10:45:35 MTM=134.00 Profit=0.02%
2026-07-16 10:45:36 INFO     strategy        PnL: 10:45:36 MTM=108.00 Profit=0.02%
2026-07-16 10:45:37 INFO     strategy        PnL: 10:45:37 MTM=119.00 Profit=0.02%
2026-07-16 10:45:38 INFO     strategy        PnL: 10:45:38 MTM=148.00 Profit=0.02%
2026-07-16 10:45:39 INFO     strategy        PnL: 10:45:39 MTM=131.00 Profit=0.02%
2026-07-16 10:45:40 INFO     strategy        PnL: 10:45:40 MTM=83.00 Profit=0.01%
2026-07-16 10:45:41 INFO     strategy        PnL: 10:45:41 MTM=130.00 Profit=0.02%
2026-07-16 10:45:42 INFO     strategy        PnL: 10:45:42 MTM=117.00 Profit=0.02%
2026-07-16 10:45:43 INFO     strategy        PnL: 10:45:43 MTM=116.00 Profit=0.02%
2026-07-16 10:45:44 INFO     strategy        PnL: 10:45:44 MTM=62.00 Profit=0.01%
2026-07-16 10:45:45 INFO     strategy        PnL: 10:45:45 MTM=106.00 Profit=0.02%
2026-07-16 10:45:46 INFO     strategy        PnL: 10:45:46 MTM=90.00 Profit=0.01%
2026-07-16 10:45:47 INFO     strategy        PnL: 10:45:47 MTM=126.00 Profit=0.02%
2026-07-16 10:45:48 INFO     strategy        PnL: 10:45:48 MTM=146.00 Profit=0.02%
2026-07-16 10:45:49 INFO     strategy        PnL: 10:45:49 MTM=154.00 Profit=0.02%
2026-07-16 10:45:50 INFO     strategy        PnL: 10:45:50 MTM=124.00 Profit=0.02%
2026-07-16 10:45:51 INFO     strategy        PnL: 10:45:51 MTM=94.00 Profit=0.01%
2026-07-16 10:45:52 INFO     strategy        PnL: 10:45:52 MTM=77.00 Profit=0.01%
2026-07-16 10:45:53 INFO     strategy        PnL: 10:45:53 MTM=86.00 Profit=0.01%
2026-07-16 10:45:54 INFO     strategy        PnL: 10:45:54 MTM=75.00 Profit=0.01%
2026-07-16 10:45:55 INFO     strategy        PnL: 10:45:55 MTM=98.00 Profit=0.02%
2026-07-16 10:45:56 INFO     strategy        PnL: 10:45:56 MTM=130.00 Profit=0.02%
2026-07-16 10:45:57 INFO     strategy        PnL: 10:45:57 MTM=94.00 Profit=0.01%
2026-07-16 10:45:58 INFO     strategy        PnL: 10:45:58 MTM=134.00 Profit=0.02%
2026-07-16 10:45:59 INFO     strategy        PnL: 10:45:59 MTM=131.00 Profit=0.02%
2026-07-16 10:46:00 INFO     strategy        PnL: 10:46:00 MTM=126.00 Profit=0.02%
2026-07-16 10:46:01 INFO     strategy        PnL: 10:46:01 MTM=113.00 Profit=0.02%
2026-07-16 10:46:02 INFO     strategy        PnL: 10:46:02 MTM=120.00 Profit=0.02%
2026-07-16 10:46:03 INFO     strategy        PnL: 10:46:03 MTM=111.00 Profit=0.02%
2026-07-16 10:46:04 INFO     strategy        PnL: 10:46:04 MTM=98.00 Profit=0.02%
2026-07-16 10:46:05 INFO     strategy        PnL: 10:46:05 MTM=128.00 Profit=0.02%
2026-07-16 10:46:06 INFO     strategy        PnL: 10:46:06 MTM=138.00 Profit=0.02%
2026-07-16 10:46:07 INFO     strategy        PnL: 10:46:07 MTM=117.00 Profit=0.02%
2026-07-16 10:46:08 INFO     strategy        PnL: 10:46:08 MTM=102.00 Profit=0.02%
2026-07-16 10:46:09 INFO     strategy        PnL: 10:46:09 MTM=113.00 Profit=0.02%
2026-07-16 10:46:10 INFO     strategy        PnL: 10:46:10 MTM=87.00 Profit=0.01%
2026-07-16 10:46:11 INFO     strategy        PnL: 10:46:11 MTM=90.00 Profit=0.01%
2026-07-16 10:46:12 INFO     strategy        PnL: 10:46:12 MTM=93.00 Profit=0.01%
2026-07-16 10:46:13 INFO     strategy        PnL: 10:46:13 MTM=47.00 Profit=0.01%
2026-07-16 10:46:14 INFO     strategy        PnL: 10:46:14 MTM=50.00 Profit=0.01%
2026-07-16 10:46:15 INFO     strategy        PnL: 10:46:15 MTM=42.00 Profit=0.01%
2026-07-16 10:46:16 INFO     strategy        PnL: 10:46:16 MTM=65.00 Profit=0.01%
2026-07-16 10:46:17 INFO     strategy        PnL: 10:46:17 MTM=30.00 Profit=0.00%
2026-07-16 10:46:18 INFO     strategy        PnL: 10:46:18 MTM=69.00 Profit=0.01%
2026-07-16 10:46:19 INFO     strategy        PnL: 10:46:19 MTM=18.00 Profit=0.00%
2026-07-16 10:46:20 INFO     strategy        PnL: 10:46:20 MTM=52.00 Profit=0.01%
2026-07-16 10:46:21 INFO     strategy        PnL: 10:46:21 MTM=61.00 Profit=0.01%
2026-07-16 10:46:22 INFO     strategy        PnL: 10:46:22 MTM=34.00 Profit=0.01%
2026-07-16 10:46:23 INFO     strategy        PnL: 10:46:23 MTM=43.00 Profit=0.01%
2026-07-16 10:46:24 INFO     strategy        PnL: 10:46:24 MTM=83.00 Profit=0.01%
2026-07-16 10:46:25 INFO     strategy        PnL: 10:46:25 MTM=99.00 Profit=0.02%
2026-07-16 10:46:26 INFO     strategy        PnL: 10:46:26 MTM=75.00 Profit=0.01%
2026-07-16 10:46:27 INFO     strategy        PnL: 10:46:27 MTM=91.00 Profit=0.01%
2026-07-16 10:46:28 INFO     strategy        PnL: 10:46:28 MTM=78.00 Profit=0.01%
2026-07-16 10:46:29 INFO     strategy        PnL: 10:46:29 MTM=76.00 Profit=0.01%
2026-07-16 10:46:30 INFO     strategy        PnL: 10:46:30 MTM=67.00 Profit=0.01%
2026-07-16 10:46:31 INFO     strategy        PnL: 10:46:31 MTM=28.00 Profit=0.00%
2026-07-16 10:46:32 INFO     strategy        PnL: 10:46:32 MTM=106.00 Profit=0.02%
2026-07-16 10:46:33 INFO     strategy        PnL: 10:46:33 MTM=62.00 Profit=0.01%
2026-07-16 10:46:34 INFO     strategy        PnL: 10:46:34 MTM=41.00 Profit=0.01%
2026-07-16 10:46:35 INFO     strategy        PnL: 10:46:35 MTM=60.00 Profit=0.01%
2026-07-16 10:46:36 INFO     strategy        PnL: 10:46:36 MTM=81.00 Profit=0.01%
2026-07-16 10:46:37 INFO     strategy        PnL: 10:46:37 MTM=59.00 Profit=0.01%
2026-07-16 10:46:38 INFO     strategy        PnL: 10:46:38 MTM=62.00 Profit=0.01%
2026-07-16 10:46:39 INFO     strategy        PnL: 10:46:39 MTM=56.00 Profit=0.01%
2026-07-16 10:46:40 INFO     strategy        PnL: 10:46:40 MTM=96.00 Profit=0.01%
2026-07-16 10:46:41 INFO     strategy        PnL: 10:46:41 MTM=81.00 Profit=0.01%
2026-07-16 10:46:42 INFO     strategy        PnL: 10:46:42 MTM=95.00 Profit=0.01%
2026-07-16 10:46:43 INFO     strategy        PnL: 10:46:43 MTM=131.00 Profit=0.02%
2026-07-16 10:46:44 INFO     strategy        PnL: 10:46:44 MTM=94.00 Profit=0.01%
2026-07-16 10:46:45 INFO     strategy        PnL: 10:46:45 MTM=87.00 Profit=0.01%
2026-07-16 10:46:46 INFO     strategy        PnL: 10:46:46 MTM=29.00 Profit=0.00%
2026-07-16 10:46:47 INFO     strategy        PnL: 10:46:47 MTM=47.00 Profit=0.01%
2026-07-16 10:46:48 INFO     strategy        PnL: 10:46:48 MTM=55.00 Profit=0.01%
2026-07-16 10:46:49 INFO     strategy        PnL: 10:46:49 MTM=49.00 Profit=0.01%
2026-07-16 10:46:50 INFO     strategy        PnL: 10:46:50 MTM=58.00 Profit=0.01%
2026-07-16 10:46:51 INFO     strategy        PnL: 10:46:51 MTM=40.00 Profit=0.01%
2026-07-16 10:46:52 INFO     strategy        PnL: 10:46:52 MTM=11.00 Profit=0.00%
2026-07-16 10:46:53 INFO     strategy        PnL: 10:46:53 MTM=85.00 Profit=0.01%
2026-07-16 10:46:54 INFO     strategy        PnL: 10:46:54 MTM=-18.00 Loss=0.00%
2026-07-16 10:46:55 INFO     strategy        PnL: 10:46:55 MTM=23.00 Profit=0.00%
2026-07-16 10:46:56 INFO     strategy        PnL: 10:46:56 MTM=20.00 Profit=0.00%
2026-07-16 10:46:58 INFO     strategy        PnL: 10:46:57 MTM=21.00 Profit=0.00%
2026-07-16 10:46:59 INFO     strategy        PnL: 10:46:59 MTM=51.00 Profit=0.01%
2026-07-16 10:47:00 INFO     strategy        PnL: 10:47:00 MTM=-6.00 Loss=0.00%
2026-07-16 10:47:01 INFO     strategy        PnL: 10:47:01 MTM=37.00 Profit=0.01%
2026-07-16 10:47:02 INFO     strategy        PnL: 10:47:02 MTM=-4.00 Loss=0.00%
2026-07-16 10:47:03 INFO     strategy        PnL: 10:47:03 MTM=3.00 Profit=0.00%
2026-07-16 10:47:04 INFO     strategy        PnL: 10:47:04 MTM=16.00 Profit=0.00%
2026-07-16 10:47:05 INFO     strategy        PnL: 10:47:05 MTM=10.00 Profit=0.00%
2026-07-16 10:47:06 INFO     strategy        PnL: 10:47:06 MTM=24.00 Profit=0.00%
2026-07-16 10:47:07 INFO     strategy        PnL: 10:47:07 MTM=38.00 Profit=0.01%
2026-07-16 10:47:08 INFO     strategy        PnL: 10:47:08 MTM=46.00 Profit=0.01%
2026-07-16 10:47:09 INFO     strategy        PnL: 10:47:09 MTM=-5.00 Loss=0.00%
2026-07-16 10:47:10 INFO     strategy        PnL: 10:47:10 MTM=73.00 Profit=0.01%
2026-07-16 10:47:11 INFO     strategy        PnL: 10:47:11 MTM=61.00 Profit=0.01%
2026-07-16 10:47:12 INFO     strategy        PnL: 10:47:12 MTM=75.00 Profit=0.01%
2026-07-16 10:47:13 INFO     strategy        PnL: 10:47:13 MTM=28.00 Profit=0.00%
2026-07-16 10:47:14 INFO     strategy        PnL: 10:47:14 MTM=50.00 Profit=0.01%
2026-07-16 10:47:15 INFO     strategy        PnL: 10:47:15 MTM=36.00 Profit=0.01%
2026-07-16 10:47:16 INFO     strategy        PnL: 10:47:16 MTM=47.00 Profit=0.01%
2026-07-16 10:47:17 INFO     strategy        PnL: 10:47:17 MTM=9.00 Profit=0.00%
2026-07-16 10:47:18 INFO     strategy        PnL: 10:47:18 MTM=36.00 Profit=0.01%
2026-07-16 10:47:19 INFO     strategy        PnL: 10:47:19 MTM=-18.00 Loss=0.00%
2026-07-16 10:47:20 INFO     strategy        PnL: 10:47:20 MTM=-3.00 Loss=0.00%
2026-07-16 10:47:21 INFO     strategy        PnL: 10:47:21 MTM=-54.00 Loss=0.01%
2026-07-16 10:47:22 INFO     strategy        PnL: 10:47:22 MTM=-25.00 Loss=0.00%
2026-07-16 10:47:23 INFO     strategy        PnL: 10:47:23 MTM=-6.00 Loss=0.00%
2026-07-16 10:47:24 INFO     strategy        PnL: 10:47:24 MTM=-37.00 Loss=0.01%
2026-07-16 10:47:25 INFO     strategy        PnL: 10:47:25 MTM=-14.00 Loss=0.00%
2026-07-16 10:47:26 INFO     strategy        PnL: 10:47:26 MTM=-11.00 Loss=0.00%
2026-07-16 10:47:27 INFO     strategy        PnL: 10:47:27 MTM=-2.00 Loss=0.00%
2026-07-16 10:47:28 INFO     strategy        PnL: 10:47:28 MTM=14.00 Profit=0.00%
2026-07-16 10:47:29 INFO     strategy        PnL: 10:47:29 MTM=16.00 Profit=0.00%
2026-07-16 10:47:30 INFO     strategy        PnL: 10:47:30 MTM=10.00 Profit=0.00%
2026-07-16 10:47:31 INFO     strategy        PnL: 10:47:31 MTM=-46.00 Loss=0.01%
2026-07-16 10:47:32 INFO     strategy        PnL: 10:47:32 MTM=-35.00 Loss=0.01%
2026-07-16 10:47:33 INFO     strategy        PnL: 10:47:33 MTM=5.00 Profit=0.00%
2026-07-16 10:47:34 INFO     strategy        PnL: 10:47:34 MTM=-44.00 Loss=0.01%
2026-07-16 10:47:35 INFO     strategy        PnL: 10:47:35 MTM=-5.00 Loss=0.00%
2026-07-16 10:47:36 INFO     strategy        PnL: 10:47:36 MTM=-37.00 Loss=0.01%
2026-07-16 10:47:37 INFO     strategy        PnL: 10:47:37 MTM=-20.00 Loss=0.00%
2026-07-16 10:47:38 INFO     strategy        PnL: 10:47:38 MTM=-56.00 Loss=0.01%
2026-07-16 10:47:39 INFO     strategy        PnL: 10:47:39 MTM=-50.00 Loss=0.01%
2026-07-16 10:47:40 INFO     strategy        PnL: 10:47:40 MTM=-8.00 Loss=0.00%
2026-07-16 10:47:41 INFO     strategy        PnL: 10:47:41 MTM=38.00 Profit=0.01%
2026-07-16 10:47:42 INFO     strategy        PnL: 10:47:42 MTM=-8.00 Loss=0.00%
2026-07-16 10:47:43 INFO     strategy        PnL: 10:47:43 MTM=-26.00 Loss=0.00%
2026-07-16 10:47:44 INFO     strategy        PnL: 10:47:44 MTM=-59.00 Loss=0.01%
2026-07-16 10:47:45 INFO     strategy        PnL: 10:47:45 MTM=20.00 Profit=0.00%
2026-07-16 10:47:46 INFO     strategy        PnL: 10:47:46 MTM=-84.00 Loss=0.01%
2026-07-16 10:47:47 INFO     strategy        PnL: 10:47:47 MTM=-151.00 Loss=0.02%
2026-07-16 10:47:48 INFO     strategy        PnL: 10:47:48 MTM=-70.00 Loss=0.01%
2026-07-16 10:47:49 INFO     strategy        PnL: 10:47:49 MTM=-96.00 Loss=0.01%
2026-07-16 10:47:50 INFO     strategy        PnL: 10:47:50 MTM=-98.00 Loss=0.02%
2026-07-16 10:47:51 INFO     strategy        PnL: 10:47:51 MTM=-64.00 Loss=0.01%
2026-07-16 10:47:52 INFO     strategy        PnL: 10:47:52 MTM=-100.00 Loss=0.02%
2026-07-16 10:47:53 INFO     strategy        PnL: 10:47:53 MTM=-83.00 Loss=0.01%
2026-07-16 10:47:54 INFO     strategy        PnL: 10:47:54 MTM=-65.00 Loss=0.01%
2026-07-16 10:47:55 INFO     strategy        PnL: 10:47:55 MTM=-73.00 Loss=0.01%
2026-07-16 10:47:56 INFO     strategy        PnL: 10:47:56 MTM=-33.00 Loss=0.01%
2026-07-16 10:47:57 INFO     strategy        PnL: 10:47:57 MTM=-43.00 Loss=0.01%
2026-07-16 10:47:58 INFO     strategy        PnL: 10:47:58 MTM=23.00 Profit=0.00%
2026-07-16 10:47:59 INFO     strategy        PnL: 10:47:59 MTM=-26.00 Loss=0.00%
2026-07-16 10:48:00 INFO     strategy        PnL: 10:48:00 MTM=-36.00 Loss=0.01%
2026-07-16 10:48:01 INFO     strategy        PnL: 10:48:01 MTM=-80.00 Loss=0.01%
2026-07-16 10:48:02 INFO     strategy        PnL: 10:48:02 MTM=-4.00 Loss=0.00%
2026-07-16 10:48:03 INFO     strategy        PnL: 10:48:03 MTM=-1.00 Loss=0.00%
2026-07-16 10:48:04 INFO     strategy        PnL: 10:48:04 MTM=-33.00 Loss=0.01%
2026-07-16 10:48:05 INFO     strategy        PnL: 10:48:05 MTM=-70.00 Loss=0.01%
2026-07-16 10:48:06 INFO     strategy        PnL: 10:48:06 MTM=-68.00 Loss=0.01%
2026-07-16 10:48:07 INFO     strategy        PnL: 10:48:07 MTM=-69.00 Loss=0.01%
2026-07-16 10:48:08 INFO     strategy        PnL: 10:48:08 MTM=-98.00 Loss=0.02%
2026-07-16 10:48:09 INFO     strategy        PnL: 10:48:09 MTM=-105.00 Loss=0.02%
2026-07-16 10:48:10 INFO     strategy        PnL: 10:48:10 MTM=-111.00 Loss=0.02%
2026-07-16 10:48:11 INFO     strategy        PnL: 10:48:11 MTM=-131.00 Loss=0.02%
2026-07-16 10:48:12 INFO     strategy        PnL: 10:48:12 MTM=-75.00 Loss=0.01%
2026-07-16 10:48:13 INFO     strategy        PnL: 10:48:13 MTM=-85.00 Loss=0.01%
2026-07-16 10:48:14 INFO     strategy        PnL: 10:48:14 MTM=-108.00 Loss=0.02%
2026-07-16 10:48:15 INFO     strategy        PnL: 10:48:15 MTM=-119.00 Loss=0.02%
2026-07-16 10:48:16 INFO     strategy        PnL: 10:48:16 MTM=-104.00 Loss=0.02%
2026-07-16 10:48:17 INFO     strategy        PnL: 10:48:17 MTM=-86.00 Loss=0.01%
2026-07-16 10:48:18 INFO     strategy        PnL: 10:48:18 MTM=11.00 Profit=0.00%
2026-07-16 10:48:19 INFO     strategy        PnL: 10:48:19 MTM=-69.00 Loss=0.01%
2026-07-16 10:48:20 INFO     strategy        PnL: 10:48:20 MTM=-39.00 Loss=0.01%
2026-07-16 10:48:21 INFO     strategy        PnL: 10:48:21 MTM=34.00 Profit=0.01%
2026-07-16 10:48:22 INFO     strategy        PnL: 10:48:22 MTM=-108.00 Loss=0.02%
2026-07-16 10:48:23 INFO     strategy        PnL: 10:48:23 MTM=-75.00 Loss=0.01%
2026-07-16 10:48:24 INFO     strategy        PnL: 10:48:24 MTM=3.00 Profit=0.00%
2026-07-16 10:48:25 INFO     strategy        PnL: 10:48:25 MTM=-93.00 Loss=0.01%
2026-07-16 10:48:26 INFO     strategy        PnL: 10:48:26 MTM=-85.00 Loss=0.01%
2026-07-16 10:48:27 INFO     strategy        PnL: 10:48:27 MTM=-92.00 Loss=0.01%
2026-07-16 10:48:28 INFO     strategy        PnL: 10:48:28 MTM=-121.00 Loss=0.02%
2026-07-16 10:48:29 INFO     strategy        PnL: 10:48:29 MTM=-84.00 Loss=0.01%
2026-07-16 10:48:30 INFO     strategy        PnL: 10:48:30 MTM=-64.00 Loss=0.01%
2026-07-16 10:48:31 INFO     strategy        PnL: 10:48:31 MTM=-127.00 Loss=0.02%
2026-07-16 10:48:32 INFO     strategy        PnL: 10:48:32 MTM=-50.00 Loss=0.01%
2026-07-16 10:48:33 INFO     strategy        PnL: 10:48:33 MTM=-9.00 Loss=0.00%
2026-07-16 10:48:34 INFO     strategy        PnL: 10:48:34 MTM=4.00 Profit=0.00%
2026-07-16 10:48:36 INFO     strategy        PnL: 10:48:36 MTM=-1.00 Loss=0.00%
2026-07-16 10:48:37 INFO     strategy        PnL: 10:48:37 MTM=-41.00 Loss=0.01%
2026-07-16 10:48:38 INFO     strategy        PnL: 10:48:38 MTM=-38.00 Loss=0.01%
2026-07-16 10:48:39 INFO     strategy        PnL: 10:48:39 MTM=-66.00 Loss=0.01%
2026-07-16 10:48:40 INFO     strategy        PnL: 10:48:40 MTM=-71.00 Loss=0.01%
2026-07-16 10:48:41 INFO     strategy        PnL: 10:48:41 MTM=-73.00 Loss=0.01%
2026-07-16 10:48:42 INFO     strategy        PnL: 10:48:42 MTM=-109.00 Loss=0.02%
2026-07-16 10:48:43 INFO     strategy        PnL: 10:48:43 MTM=-61.00 Loss=0.01%
2026-07-16 10:48:44 INFO     strategy        PnL: 10:48:44 MTM=-69.00 Loss=0.01%
2026-07-16 10:48:45 INFO     strategy        PnL: 10:48:45 MTM=-46.00 Loss=0.01%
2026-07-16 10:48:46 INFO     strategy        PnL: 10:48:46 MTM=-55.00 Loss=0.01%
2026-07-16 10:48:47 INFO     strategy        PnL: 10:48:47 MTM=-81.00 Loss=0.01%
2026-07-16 10:48:48 INFO     strategy        PnL: 10:48:48 MTM=-98.00 Loss=0.02%
2026-07-16 10:48:49 INFO     strategy        PnL: 10:48:49 MTM=-91.00 Loss=0.01%
2026-07-16 10:48:50 INFO     strategy        PnL: 10:48:50 MTM=-92.00 Loss=0.01%
2026-07-16 10:48:51 INFO     strategy        PnL: 10:48:51 MTM=-81.00 Loss=0.01%
2026-07-16 10:48:52 INFO     strategy        PnL: 10:48:52 MTM=-114.00 Loss=0.02%
2026-07-16 10:48:53 INFO     strategy        PnL: 10:48:53 MTM=-86.00 Loss=0.01%
2026-07-16 10:48:54 INFO     strategy        PnL: 10:48:54 MTM=-113.00 Loss=0.02%
2026-07-16 10:48:55 INFO     strategy        PnL: 10:48:55 MTM=-107.00 Loss=0.02%
2026-07-16 10:48:56 INFO     strategy        PnL: 10:48:56 MTM=-114.00 Loss=0.02%
2026-07-16 10:48:57 INFO     strategy        PnL: 10:48:57 MTM=-110.00 Loss=0.02%
2026-07-16 10:48:58 INFO     strategy        PnL: 10:48:58 MTM=-104.00 Loss=0.02%
2026-07-16 10:48:59 INFO     strategy        PnL: 10:48:59 MTM=-51.00 Loss=0.01%
2026-07-16 10:49:00 INFO     strategy        PnL: 10:49:00 MTM=-67.00 Loss=0.01%
2026-07-16 10:49:01 INFO     strategy        PnL: 10:49:01 MTM=-75.00 Loss=0.01%
2026-07-16 10:49:02 INFO     strategy        PnL: 10:49:02 MTM=-96.00 Loss=0.01%
2026-07-16 10:49:03 INFO     strategy        PnL: 10:49:03 MTM=-102.00 Loss=0.02%
2026-07-16 10:49:04 INFO     strategy        PnL: 10:49:04 MTM=-69.00 Loss=0.01%
2026-07-16 10:49:05 INFO     strategy        PnL: 10:49:05 MTM=-79.00 Loss=0.01%
2026-07-16 10:49:06 INFO     strategy        PnL: 10:49:06 MTM=-62.00 Loss=0.01%
2026-07-16 10:49:07 INFO     strategy        PnL: 10:49:07 MTM=-83.00 Loss=0.01%
2026-07-16 10:49:08 INFO     strategy        PnL: 10:49:08 MTM=-110.00 Loss=0.02%
2026-07-16 10:49:09 INFO     strategy        PnL: 10:49:09 MTM=-41.00 Loss=0.01%
2026-07-16 10:49:10 INFO     strategy        PnL: 10:49:10 MTM=-71.00 Loss=0.01%
2026-07-16 10:49:11 INFO     strategy        PnL: 10:49:11 MTM=-46.00 Loss=0.01%
2026-07-16 10:49:12 INFO     strategy        PnL: 10:49:12 MTM=-56.00 Loss=0.01%
2026-07-16 10:49:13 INFO     strategy        PnL: 10:49:13 MTM=-47.00 Loss=0.01%
2026-07-16 10:49:14 INFO     strategy        PnL: 10:49:14 MTM=-85.00 Loss=0.01%
2026-07-16 10:49:15 INFO     strategy        PnL: 10:49:15 MTM=-45.00 Loss=0.01%
2026-07-16 10:49:16 INFO     strategy        PnL: 10:49:16 MTM=-38.00 Loss=0.01%
2026-07-16 10:49:17 INFO     strategy        PnL: 10:49:17 MTM=-114.00 Loss=0.02%
2026-07-16 10:49:18 INFO     strategy        PnL: 10:49:18 MTM=-64.00 Loss=0.01%
2026-07-16 10:49:19 INFO     strategy        PnL: 10:49:19 MTM=-87.00 Loss=0.01%
2026-07-16 10:49:20 INFO     strategy        PnL: 10:49:20 MTM=-86.00 Loss=0.01%
2026-07-16 10:49:21 INFO     strategy        PnL: 10:49:21 MTM=-81.00 Loss=0.01%
2026-07-16 10:49:22 INFO     strategy        PnL: 10:49:22 MTM=-32.00 Loss=0.00%
2026-07-16 10:49:23 INFO     strategy        PnL: 10:49:23 MTM=43.00 Profit=0.01%
2026-07-16 10:49:24 INFO     strategy        PnL: 10:49:24 MTM=-23.00 Loss=0.00%
2026-07-16 10:49:25 INFO     strategy        PnL: 10:49:25 MTM=-13.00 Loss=0.00%
2026-07-16 10:49:26 INFO     strategy        PnL: 10:49:26 MTM=-91.00 Loss=0.01%
2026-07-16 10:49:27 INFO     strategy        PnL: 10:49:27 MTM=-52.00 Loss=0.01%
2026-07-16 10:49:28 INFO     strategy        PnL: 10:49:28 MTM=-58.00 Loss=0.01%
2026-07-16 10:49:29 INFO     strategy        PnL: 10:49:29 MTM=-80.00 Loss=0.01%
2026-07-16 10:49:30 INFO     strategy        PnL: 10:49:30 MTM=-93.00 Loss=0.01%
2026-07-16 10:49:31 INFO     strategy        PnL: 10:49:31 MTM=-50.00 Loss=0.01%
2026-07-16 10:49:32 INFO     strategy        PnL: 10:49:32 MTM=-28.00 Loss=0.00%
2026-07-16 10:49:33 INFO     strategy        PnL: 10:49:33 MTM=-21.00 Loss=0.00%
2026-07-16 10:49:34 INFO     strategy        PnL: 10:49:34 MTM=-44.00 Loss=0.01%
2026-07-16 10:49:35 INFO     strategy        PnL: 10:49:35 MTM=-19.00 Loss=0.00%
2026-07-16 10:49:36 INFO     strategy        PnL: 10:49:36 MTM=-12.00 Loss=0.00%
2026-07-16 10:49:37 INFO     strategy        PnL: 10:49:37 MTM=-26.00 Loss=0.00%
2026-07-16 10:49:38 INFO     strategy        PnL: 10:49:38 MTM=-44.00 Loss=0.01%
2026-07-16 10:49:39 INFO     strategy        PnL: 10:49:39 MTM=9.00 Profit=0.00%
2026-07-16 10:49:40 INFO     strategy        PnL: 10:49:40 MTM=-10.00 Loss=0.00%
2026-07-16 10:49:41 INFO     strategy        PnL: 10:49:41 MTM=1.00 Profit=0.00%
2026-07-16 10:49:42 INFO     strategy        PnL: 10:49:42 MTM=3.00 Profit=0.00%
2026-07-16 10:49:43 INFO     strategy        PnL: 10:49:43 MTM=-3.00 Loss=0.00%
2026-07-16 10:49:44 INFO     strategy        PnL: 10:49:44 MTM=25.00 Profit=0.00%
2026-07-16 10:49:45 INFO     strategy        PnL: 10:49:45 MTM=49.00 Profit=0.01%
2026-07-16 10:49:46 INFO     strategy        PnL: 10:49:46 MTM=1.00 Profit=0.00%
2026-07-16 10:49:47 INFO     strategy        PnL: 10:49:47 MTM=36.00 Profit=0.01%
2026-07-16 10:49:48 INFO     strategy        PnL: 10:49:48 MTM=-28.00 Loss=0.00%
2026-07-16 10:49:49 INFO     strategy        PnL: 10:49:49 MTM=17.00 Profit=0.00%
2026-07-16 10:49:50 INFO     strategy        PnL: 10:49:50 MTM=24.00 Profit=0.00%
2026-07-16 10:49:51 INFO     strategy        PnL: 10:49:51 MTM=-45.00 Loss=0.01%
2026-07-16 10:49:52 INFO     strategy        PnL: 10:49:52 MTM=-48.00 Loss=0.01%
2026-07-16 10:49:53 INFO     strategy        PnL: 10:49:53 MTM=-85.00 Loss=0.01%
2026-07-16 10:49:54 INFO     strategy        PnL: 10:49:54 MTM=-91.00 Loss=0.01%
2026-07-16 10:49:55 INFO     strategy        PnL: 10:49:55 MTM=-77.00 Loss=0.01%
2026-07-16 10:49:56 INFO     strategy        PnL: 10:49:56 MTM=24.00 Profit=0.00%
2026-07-16 10:49:57 INFO     strategy        PnL: 10:49:57 MTM=-25.00 Loss=0.00%
2026-07-16 10:49:58 INFO     strategy        PnL: 10:49:58 MTM=-6.00 Loss=0.00%
2026-07-16 10:50:00 INFO     strategy        PnL: 10:49:59 MTM=-24.00 Loss=0.00%
2026-07-16 10:50:01 INFO     strategy        PnL: 10:50:01 MTM=17.00 Profit=0.00%
2026-07-16 10:50:02 INFO     strategy        PnL: 10:50:02 MTM=-34.00 Loss=0.01%
2026-07-16 10:50:03 INFO     strategy        PnL: 10:50:03 MTM=-20.00 Loss=0.00%
2026-07-16 10:50:04 INFO     strategy        PnL: 10:50:04 MTM=-91.00 Loss=0.01%
2026-07-16 10:50:05 INFO     strategy        PnL: 10:50:05 MTM=-74.00 Loss=0.01%
2026-07-16 10:50:06 INFO     strategy        PnL: 10:50:06 MTM=-27.00 Loss=0.00%
2026-07-16 10:50:07 INFO     strategy        PnL: 10:50:07 MTM=-76.00 Loss=0.01%
2026-07-16 10:50:08 INFO     strategy        PnL: 10:50:08 MTM=-63.00 Loss=0.01%
2026-07-16 10:50:09 INFO     strategy        PnL: 10:50:09 MTM=-55.00 Loss=0.01%
2026-07-16 10:50:10 INFO     strategy        PnL: 10:50:10 MTM=-130.00 Loss=0.02%
2026-07-16 10:50:11 INFO     strategy        PnL: 10:50:11 MTM=-113.00 Loss=0.02%
2026-07-16 10:50:12 INFO     strategy        PnL: 10:50:12 MTM=-168.00 Loss=0.03%
2026-07-16 10:50:13 INFO     strategy        PnL: 10:50:13 MTM=-134.00 Loss=0.02%
2026-07-16 10:50:14 INFO     strategy        PnL: 10:50:14 MTM=-139.00 Loss=0.02%
2026-07-16 10:50:15 INFO     strategy        PnL: 10:50:15 MTM=-171.00 Loss=0.03%
2026-07-16 10:50:16 INFO     strategy        PnL: 10:50:16 MTM=-379.00 Loss=0.06%
2026-07-16 10:50:17 INFO     strategy        PnL: 10:50:17 MTM=-276.00 Loss=0.04%
2026-07-16 10:50:18 INFO     strategy        PnL: 10:50:18 MTM=-283.00 Loss=0.04%
2026-07-16 10:50:19 INFO     strategy        PnL: 10:50:19 MTM=-280.00 Loss=0.04%
2026-07-16 10:50:20 INFO     strategy        PnL: 10:50:20 MTM=-239.00 Loss=0.04%
2026-07-16 10:50:21 INFO     strategy        PnL: 10:50:21 MTM=-266.00 Loss=0.04%
2026-07-16 10:50:22 INFO     strategy        PnL: 10:50:22 MTM=-310.00 Loss=0.05%
2026-07-16 10:50:23 INFO     strategy        PnL: 10:50:23 MTM=-292.00 Loss=0.05%
2026-07-16 10:50:24 INFO     strategy        PnL: 10:50:24 MTM=-371.00 Loss=0.06%
2026-07-16 10:50:25 INFO     strategy        PnL: 10:50:25 MTM=-395.00 Loss=0.06%
2026-07-16 10:50:26 INFO     strategy        PnL: 10:50:26 MTM=-478.00 Loss=0.07%
2026-07-16 10:50:27 INFO     strategy        PnL: 10:50:27 MTM=-512.00 Loss=0.08%
2026-07-16 10:50:28 INFO     strategy        PnL: 10:50:28 MTM=-476.00 Loss=0.07%
2026-07-16 10:50:29 INFO     strategy        PnL: 10:50:29 MTM=-368.00 Loss=0.06%
2026-07-16 10:50:30 INFO     strategy        PnL: 10:50:30 MTM=-349.00 Loss=0.05%
2026-07-16 10:50:31 INFO     strategy        PnL: 10:50:31 MTM=-394.00 Loss=0.06%
2026-07-16 10:50:32 INFO     strategy        PnL: 10:50:32 MTM=-430.00 Loss=0.07%
2026-07-16 10:50:33 INFO     strategy        PnL: 10:50:33 MTM=-450.00 Loss=0.07%
2026-07-16 10:50:34 INFO     strategy        PnL: 10:50:34 MTM=-419.00 Loss=0.06%
2026-07-16 10:50:35 INFO     strategy        PnL: 10:50:35 MTM=-403.00 Loss=0.06%
2026-07-16 10:50:36 INFO     strategy        PnL: 10:50:36 MTM=-486.00 Loss=0.07%
2026-07-16 10:50:37 INFO     strategy        PnL: 10:50:37 MTM=-480.00 Loss=0.07%
2026-07-16 10:50:38 INFO     strategy        PnL: 10:50:38 MTM=-520.00 Loss=0.08%
2026-07-16 10:50:39 INFO     strategy        PnL: 10:50:39 MTM=-431.00 Loss=0.07%
2026-07-16 10:50:40 INFO     strategy        PnL: 10:50:40 MTM=-302.00 Loss=0.05%
2026-07-16 10:50:41 INFO     strategy        PnL: 10:50:41 MTM=-434.00 Loss=0.07%
2026-07-16 10:50:42 INFO     strategy        PnL: 10:50:42 MTM=-296.00 Loss=0.05%
2026-07-16 10:50:43 INFO     strategy        PnL: 10:50:43 MTM=-450.00 Loss=0.07%
2026-07-16 10:50:44 INFO     strategy        PnL: 10:50:44 MTM=-410.00 Loss=0.06%
2026-07-16 10:50:45 INFO     strategy        PnL: 10:50:45 MTM=-433.00 Loss=0.07%
2026-07-16 10:50:46 INFO     strategy        PnL: 10:50:46 MTM=-401.00 Loss=0.06%
2026-07-16 10:50:47 INFO     strategy        PnL: 10:50:47 MTM=-411.00 Loss=0.06%
2026-07-16 10:50:48 INFO     strategy        PnL: 10:50:48 MTM=-464.00 Loss=0.07%
2026-07-16 10:50:49 INFO     strategy        PnL: 10:50:49 MTM=-407.00 Loss=0.06%
2026-07-16 10:50:50 INFO     strategy        PnL: 10:50:50 MTM=-351.00 Loss=0.05%
2026-07-16 10:50:51 INFO     strategy        PnL: 10:50:51 MTM=-347.00 Loss=0.05%
2026-07-16 10:50:52 INFO     strategy        PnL: 10:50:52 MTM=-364.00 Loss=0.06%
2026-07-16 10:50:53 INFO     strategy        PnL: 10:50:53 MTM=-391.00 Loss=0.06%
2026-07-16 10:50:54 INFO     strategy        PnL: 10:50:54 MTM=-381.00 Loss=0.06%
2026-07-16 10:50:55 INFO     strategy        PnL: 10:50:55 MTM=-236.00 Loss=0.04%
2026-07-16 10:50:56 INFO     strategy        PnL: 10:50:56 MTM=-207.00 Loss=0.03%
2026-07-16 10:50:57 INFO     strategy        PnL: 10:50:57 MTM=-219.00 Loss=0.03%
2026-07-16 10:50:58 INFO     strategy        PnL: 10:50:58 MTM=-282.00 Loss=0.04%
2026-07-16 10:50:59 INFO     strategy        PnL: 10:50:59 MTM=-237.00 Loss=0.04%
2026-07-16 10:51:00 INFO     strategy        PnL: 10:51:00 MTM=-261.00 Loss=0.04%
2026-07-16 10:51:01 INFO     strategy        PnL: 10:51:01 MTM=-228.00 Loss=0.04%
2026-07-16 10:51:02 INFO     strategy        PnL: 10:51:02 MTM=-239.00 Loss=0.04%
2026-07-16 10:51:03 INFO     strategy        PnL: 10:51:03 MTM=-252.00 Loss=0.04%
2026-07-16 10:51:04 INFO     strategy        PnL: 10:51:04 MTM=-181.00 Loss=0.03%
2026-07-16 10:51:05 INFO     strategy        PnL: 10:51:05 MTM=-159.00 Loss=0.02%
2026-07-16 10:51:06 INFO     strategy        PnL: 10:51:06 MTM=-159.00 Loss=0.02%
2026-07-16 10:51:07 INFO     strategy        PnL: 10:51:07 MTM=-169.00 Loss=0.03%
2026-07-16 10:51:08 INFO     strategy        PnL: 10:51:08 MTM=-219.00 Loss=0.03%
2026-07-16 10:51:09 INFO     strategy        PnL: 10:51:09 MTM=-276.00 Loss=0.04%
2026-07-16 10:51:11 INFO     strategy        PnL: 10:51:11 MTM=-311.00 Loss=0.05%
2026-07-16 10:51:12 INFO     strategy        PnL: 10:51:12 MTM=-170.00 Loss=0.03%
2026-07-16 10:51:13 INFO     strategy        PnL: 10:51:13 MTM=-218.00 Loss=0.03%
2026-07-16 10:51:14 INFO     strategy        PnL: 10:51:14 MTM=-241.00 Loss=0.04%
2026-07-16 10:51:15 INFO     strategy        PnL: 10:51:15 MTM=-218.00 Loss=0.03%
2026-07-16 10:51:16 INFO     strategy        PnL: 10:51:16 MTM=-210.00 Loss=0.03%
2026-07-16 10:51:17 INFO     strategy        PnL: 10:51:17 MTM=-218.00 Loss=0.03%
2026-07-16 10:51:18 INFO     strategy        PnL: 10:51:18 MTM=-169.00 Loss=0.03%
2026-07-16 10:51:19 INFO     strategy        PnL: 10:51:19 MTM=-221.00 Loss=0.03%
2026-07-16 10:51:20 INFO     strategy        PnL: 10:51:20 MTM=-175.00 Loss=0.03%
2026-07-16 10:51:21 INFO     strategy        PnL: 10:51:21 MTM=-157.00 Loss=0.02%
2026-07-16 10:51:22 INFO     strategy        PnL: 10:51:22 MTM=-210.00 Loss=0.03%
2026-07-16 10:51:23 INFO     strategy        PnL: 10:51:23 MTM=-192.00 Loss=0.03%
2026-07-16 10:51:24 INFO     strategy        PnL: 10:51:24 MTM=-156.00 Loss=0.02%
2026-07-16 10:51:25 INFO     strategy        PnL: 10:51:25 MTM=-162.00 Loss=0.02%
2026-07-16 10:51:26 INFO     strategy        PnL: 10:51:26 MTM=-118.00 Loss=0.02%
2026-07-16 10:51:27 INFO     strategy        PnL: 10:51:27 MTM=-75.00 Loss=0.01%
2026-07-16 10:51:28 INFO     strategy        PnL: 10:51:28 MTM=-100.00 Loss=0.02%
2026-07-16 10:51:29 INFO     strategy        PnL: 10:51:29 MTM=-57.00 Loss=0.01%
2026-07-16 10:51:30 INFO     strategy        PnL: 10:51:30 MTM=-62.00 Loss=0.01%
2026-07-16 10:51:31 INFO     strategy        PnL: 10:51:31 MTM=-108.00 Loss=0.02%
2026-07-16 10:51:32 INFO     strategy        PnL: 10:51:32 MTM=-176.00 Loss=0.03%
2026-07-16 10:51:33 INFO     strategy        PnL: 10:51:33 MTM=-221.00 Loss=0.03%
2026-07-16 10:51:34 INFO     strategy        PnL: 10:51:34 MTM=-146.00 Loss=0.02%
2026-07-16 10:51:36 INFO     strategy        PnL: 10:51:36 MTM=-121.00 Loss=0.02%
2026-07-16 10:51:37 INFO     strategy        PnL: 10:51:37 MTM=-126.00 Loss=0.02%
2026-07-16 10:51:38 INFO     strategy        PnL: 10:51:38 MTM=-159.00 Loss=0.02%
2026-07-16 10:51:39 INFO     strategy        PnL: 10:51:39 MTM=-144.00 Loss=0.02%
2026-07-16 10:51:40 INFO     strategy        PnL: 10:51:40 MTM=-111.00 Loss=0.02%
2026-07-16 10:51:41 INFO     strategy        PnL: 10:51:41 MTM=-178.00 Loss=0.03%
2026-07-16 10:51:42 INFO     strategy        PnL: 10:51:42 MTM=-161.00 Loss=0.02%
2026-07-16 10:51:43 INFO     strategy        PnL: 10:51:43 MTM=-171.00 Loss=0.03%
2026-07-16 10:51:44 INFO     strategy        PnL: 10:51:44 MTM=-141.00 Loss=0.02%
2026-07-16 10:51:45 INFO     strategy        PnL: 10:51:45 MTM=-169.00 Loss=0.03%
2026-07-16 10:51:46 INFO     strategy        PnL: 10:51:46 MTM=-165.00 Loss=0.03%
2026-07-16 10:51:47 INFO     strategy        PnL: 10:51:47 MTM=-188.00 Loss=0.03%
2026-07-16 10:51:48 INFO     strategy        PnL: 10:51:48 MTM=-176.00 Loss=0.03%
2026-07-16 10:51:49 INFO     strategy        PnL: 10:51:49 MTM=-178.00 Loss=0.03%
2026-07-16 10:51:50 INFO     strategy        PnL: 10:51:50 MTM=-230.00 Loss=0.04%
2026-07-16 10:51:51 INFO     strategy        PnL: 10:51:51 MTM=-212.00 Loss=0.03%
2026-07-16 10:51:52 INFO     strategy        PnL: 10:51:52 MTM=-206.00 Loss=0.03%
2026-07-16 10:51:53 INFO     strategy        PnL: 10:51:53 MTM=-252.00 Loss=0.04%
2026-07-16 10:51:54 INFO     strategy        PnL: 10:51:54 MTM=-252.00 Loss=0.04%
2026-07-16 10:51:55 INFO     strategy        PnL: 10:51:55 MTM=-267.00 Loss=0.04%
2026-07-16 10:51:56 INFO     strategy        PnL: 10:51:56 MTM=-249.00 Loss=0.04%
2026-07-16 10:51:58 INFO     strategy        PnL: 10:51:58 MTM=-254.00 Loss=0.04%
2026-07-16 10:51:59 INFO     strategy        PnL: 10:51:59 MTM=-206.00 Loss=0.03%
2026-07-16 10:52:00 INFO     strategy        PnL: 10:52:00 MTM=-201.00 Loss=0.03%
2026-07-16 10:52:01 INFO     strategy        PnL: 10:52:01 MTM=-183.00 Loss=0.03%
2026-07-16 10:52:02 INFO     strategy        PnL: 10:52:02 MTM=-183.00 Loss=0.03%
2026-07-16 10:52:03 INFO     strategy        PnL: 10:52:03 MTM=-165.00 Loss=0.03%
2026-07-16 10:52:04 INFO     strategy        PnL: 10:52:04 MTM=-163.00 Loss=0.03%
2026-07-16 10:52:05 INFO     strategy        PnL: 10:52:05 MTM=-190.00 Loss=0.03%
2026-07-16 10:52:06 INFO     strategy        PnL: 10:52:06 MTM=-179.00 Loss=0.03%
2026-07-16 10:52:07 INFO     strategy        PnL: 10:52:07 MTM=-204.00 Loss=0.03%
2026-07-16 10:52:08 INFO     strategy        PnL: 10:52:08 MTM=-204.00 Loss=0.03%
2026-07-16 10:52:09 INFO     strategy        PnL: 10:52:09 MTM=-218.00 Loss=0.03%
2026-07-16 10:52:10 INFO     strategy        PnL: 10:52:10 MTM=-225.00 Loss=0.03%
2026-07-16 10:52:11 INFO     strategy        PnL: 10:52:11 MTM=-194.00 Loss=0.03%
2026-07-16 10:52:12 INFO     strategy        PnL: 10:52:12 MTM=-189.00 Loss=0.03%
2026-07-16 10:52:13 INFO     strategy        PnL: 10:52:13 MTM=-188.00 Loss=0.03%
2026-07-16 10:52:14 INFO     strategy        PnL: 10:52:14 MTM=-211.00 Loss=0.03%
2026-07-16 10:52:15 INFO     strategy        PnL: 10:52:15 MTM=-194.00 Loss=0.03%
2026-07-16 10:52:16 INFO     strategy        PnL: 10:52:16 MTM=-229.00 Loss=0.04%
2026-07-16 10:52:17 INFO     strategy        PnL: 10:52:17 MTM=-202.00 Loss=0.03%
2026-07-16 10:52:18 INFO     strategy        PnL: 10:52:18 MTM=-212.00 Loss=0.03%
2026-07-16 10:52:19 INFO     strategy        PnL: 10:52:19 MTM=-208.00 Loss=0.03%
2026-07-16 10:52:20 INFO     strategy        PnL: 10:52:20 MTM=-171.00 Loss=0.03%
2026-07-16 10:52:21 INFO     strategy        PnL: 10:52:21 MTM=-181.00 Loss=0.03%
2026-07-16 10:52:23 INFO     strategy        PnL: 10:52:23 MTM=-178.00 Loss=0.03%
2026-07-16 10:52:24 INFO     strategy        PnL: 10:52:24 MTM=-131.00 Loss=0.02%
2026-07-16 10:52:25 INFO     strategy        PnL: 10:52:25 MTM=-156.00 Loss=0.02%
2026-07-16 10:52:26 INFO     strategy        PnL: 10:52:26 MTM=-170.00 Loss=0.03%
2026-07-16 10:52:27 INFO     strategy        PnL: 10:52:27 MTM=-174.00 Loss=0.03%
2026-07-16 10:52:28 INFO     strategy        PnL: 10:52:28 MTM=-121.00 Loss=0.02%
2026-07-16 10:52:29 INFO     strategy        PnL: 10:52:29 MTM=-147.00 Loss=0.02%
2026-07-16 10:52:30 INFO     strategy        PnL: 10:52:30 MTM=-148.00 Loss=0.02%
2026-07-16 10:52:31 INFO     strategy        PnL: 10:52:31 MTM=-180.00 Loss=0.03%
2026-07-16 10:52:32 INFO     strategy        PnL: 10:52:32 MTM=-164.00 Loss=0.03%
2026-07-16 10:52:33 INFO     strategy        PnL: 10:52:33 MTM=-179.00 Loss=0.03%
2026-07-16 10:52:34 INFO     strategy        PnL: 10:52:34 MTM=-141.00 Loss=0.02%
2026-07-16 10:52:35 INFO     strategy        PnL: 10:52:35 MTM=-172.00 Loss=0.03%
2026-07-16 10:52:36 INFO     strategy        PnL: 10:52:36 MTM=-199.00 Loss=0.03%
2026-07-16 10:52:37 INFO     strategy        PnL: 10:52:37 MTM=-180.00 Loss=0.03%
2026-07-16 10:52:38 INFO     strategy        PnL: 10:52:38 MTM=-170.00 Loss=0.03%
2026-07-16 10:52:39 INFO     strategy        PnL: 10:52:39 MTM=-168.00 Loss=0.03%
2026-07-16 10:52:40 INFO     strategy        PnL: 10:52:40 MTM=-172.00 Loss=0.03%
2026-07-16 10:52:41 INFO     strategy        PnL: 10:52:41 MTM=-134.00 Loss=0.02%
2026-07-16 10:52:42 INFO     strategy        PnL: 10:52:42 MTM=-175.00 Loss=0.03%
2026-07-16 10:52:43 INFO     strategy        PnL: 10:52:43 MTM=-177.00 Loss=0.03%
2026-07-16 10:52:44 INFO     strategy        PnL: 10:52:44 MTM=-185.00 Loss=0.03%
2026-07-16 10:52:45 INFO     strategy        PnL: 10:52:45 MTM=-192.00 Loss=0.03%
2026-07-16 10:52:46 INFO     strategy        PnL: 10:52:46 MTM=-204.00 Loss=0.03%
2026-07-16 10:52:47 INFO     strategy        PnL: 10:52:47 MTM=-200.00 Loss=0.03%
2026-07-16 10:52:48 INFO     strategy        PnL: 10:52:48 MTM=-190.00 Loss=0.03%
2026-07-16 10:52:49 INFO     strategy        PnL: 10:52:49 MTM=-185.00 Loss=0.03%
2026-07-16 10:52:50 INFO     strategy        PnL: 10:52:50 MTM=-141.00 Loss=0.02%
2026-07-16 10:52:51 INFO     strategy        PnL: 10:52:51 MTM=-184.00 Loss=0.03%
2026-07-16 10:52:52 INFO     strategy        PnL: 10:52:52 MTM=-186.00 Loss=0.03%
2026-07-16 10:52:53 INFO     strategy        PnL: 10:52:53 MTM=-183.00 Loss=0.03%
2026-07-16 10:52:55 INFO     strategy        PnL: 10:52:55 MTM=-162.00 Loss=0.02%
2026-07-16 10:52:56 INFO     strategy        PnL: 10:52:56 MTM=-145.00 Loss=0.02%
2026-07-16 10:52:57 INFO     strategy        PnL: 10:52:57 MTM=-162.00 Loss=0.02%
2026-07-16 10:52:58 INFO     strategy        PnL: 10:52:58 MTM=-211.00 Loss=0.03%
2026-07-16 10:52:59 INFO     strategy        PnL: 10:52:59 MTM=-194.00 Loss=0.03%
2026-07-16 10:53:00 INFO     strategy        PnL: 10:53:00 MTM=-190.00 Loss=0.03%
2026-07-16 10:53:01 INFO     strategy        PnL: 10:53:01 MTM=-235.00 Loss=0.04%
2026-07-16 10:53:02 INFO     strategy        PnL: 10:53:02 MTM=-198.00 Loss=0.03%
2026-07-16 10:53:03 INFO     strategy        PnL: 10:53:03 MTM=-172.00 Loss=0.03%
2026-07-16 10:53:04 INFO     strategy        PnL: 10:53:04 MTM=-213.00 Loss=0.03%
2026-07-16 10:53:05 INFO     strategy        PnL: 10:53:05 MTM=-202.00 Loss=0.03%
2026-07-16 10:53:06 INFO     strategy        PnL: 10:53:06 MTM=-235.00 Loss=0.04%
2026-07-16 10:53:07 INFO     strategy        PnL: 10:53:07 MTM=-241.00 Loss=0.04%
2026-07-16 10:53:08 INFO     strategy        PnL: 10:53:08 MTM=-233.00 Loss=0.04%
2026-07-16 10:53:09 INFO     strategy        PnL: 10:53:09 MTM=-258.00 Loss=0.04%
2026-07-16 10:53:10 INFO     strategy        PnL: 10:53:10 MTM=-240.00 Loss=0.04%
2026-07-16 10:53:11 INFO     strategy        PnL: 10:53:11 MTM=-199.00 Loss=0.03%
2026-07-16 10:53:12 INFO     strategy        PnL: 10:53:12 MTM=-224.00 Loss=0.03%
2026-07-16 10:53:13 INFO     strategy        PnL: 10:53:13 MTM=-225.00 Loss=0.03%
2026-07-16 10:53:14 INFO     strategy        PnL: 10:53:14 MTM=-213.00 Loss=0.03%
2026-07-16 10:53:15 INFO     strategy        PnL: 10:53:15 MTM=-183.00 Loss=0.03%
2026-07-16 10:53:16 INFO     strategy        PnL: 10:53:16 MTM=-255.00 Loss=0.04%
2026-07-16 10:53:17 INFO     strategy        PnL: 10:53:17 MTM=-210.00 Loss=0.03%
2026-07-16 10:53:18 INFO     strategy        PnL: 10:53:18 MTM=-255.00 Loss=0.04%
2026-07-16 10:53:19 INFO     strategy        PnL: 10:53:19 MTM=-215.00 Loss=0.03%
2026-07-16 10:53:20 INFO     strategy        PnL: 10:53:20 MTM=-239.00 Loss=0.04%
2026-07-16 10:53:21 INFO     strategy        PnL: 10:53:21 MTM=-249.00 Loss=0.04%
2026-07-16 10:53:22 INFO     strategy        PnL: 10:53:22 MTM=-243.00 Loss=0.04%
2026-07-16 10:53:23 INFO     strategy        PnL: 10:53:23 MTM=-231.00 Loss=0.04%
2026-07-16 10:53:24 INFO     strategy        PnL: 10:53:24 MTM=-223.00 Loss=0.03%
2026-07-16 10:53:26 INFO     strategy        PnL: 10:53:26 MTM=-249.00 Loss=0.04%
2026-07-16 10:53:27 INFO     strategy        PnL: 10:53:27 MTM=-212.00 Loss=0.03%
2026-07-16 10:53:28 INFO     strategy        PnL: 10:53:28 MTM=-241.00 Loss=0.04%
2026-07-16 10:53:29 INFO     strategy        PnL: 10:53:29 MTM=-245.00 Loss=0.04%
2026-07-16 10:53:30 INFO     strategy        PnL: 10:53:30 MTM=-258.00 Loss=0.04%
2026-07-16 10:53:31 INFO     strategy        PnL: 10:53:31 MTM=-231.00 Loss=0.04%
2026-07-16 10:53:32 INFO     strategy        PnL: 10:53:32 MTM=-272.00 Loss=0.04%
2026-07-16 10:53:33 INFO     strategy        PnL: 10:53:33 MTM=-266.00 Loss=0.04%
2026-07-16 10:53:34 INFO     strategy        PnL: 10:53:34 MTM=-253.00 Loss=0.04%
2026-07-16 10:53:35 INFO     strategy        PnL: 10:53:35 MTM=-250.00 Loss=0.04%
2026-07-16 10:53:36 INFO     strategy        PnL: 10:53:36 MTM=-259.00 Loss=0.04%
2026-07-16 10:53:37 INFO     strategy        PnL: 10:53:37 MTM=-266.00 Loss=0.04%
2026-07-16 10:53:38 INFO     strategy        PnL: 10:53:38 MTM=-232.00 Loss=0.04%
2026-07-16 10:53:39 INFO     strategy        PnL: 10:53:39 MTM=-215.00 Loss=0.03%
2026-07-16 10:53:40 INFO     strategy        PnL: 10:53:40 MTM=-245.00 Loss=0.04%
2026-07-16 10:53:41 INFO     strategy        PnL: 10:53:41 MTM=-245.00 Loss=0.04%
2026-07-16 10:53:42 INFO     strategy        PnL: 10:53:42 MTM=-257.00 Loss=0.04%
2026-07-16 10:53:43 INFO     strategy        PnL: 10:53:43 MTM=-231.00 Loss=0.04%
2026-07-16 10:53:44 INFO     strategy        PnL: 10:53:44 MTM=-244.00 Loss=0.04%
2026-07-16 10:53:45 INFO     strategy        PnL: 10:53:45 MTM=-238.00 Loss=0.04%
2026-07-16 10:53:46 INFO     strategy        PnL: 10:53:46 MTM=-206.00 Loss=0.03%
2026-07-16 10:53:47 INFO     strategy        PnL: 10:53:47 MTM=-235.00 Loss=0.04%
2026-07-16 10:53:48 INFO     strategy        PnL: 10:53:48 MTM=-203.00 Loss=0.03%
2026-07-16 10:53:49 INFO     strategy        PnL: 10:53:49 MTM=-255.00 Loss=0.04%
2026-07-16 10:53:50 INFO     strategy        PnL: 10:53:50 MTM=-260.00 Loss=0.04%
2026-07-16 10:53:51 INFO     strategy        PnL: 10:53:51 MTM=-249.00 Loss=0.04%
2026-07-16 10:53:52 INFO     strategy        PnL: 10:53:52 MTM=-258.00 Loss=0.04%
2026-07-16 10:53:54 INFO     strategy        PnL: 10:53:53 MTM=-226.00 Loss=0.03%
2026-07-16 10:53:55 INFO     strategy        PnL: 10:53:55 MTM=-241.00 Loss=0.04%
2026-07-16 10:53:56 INFO     strategy        PnL: 10:53:56 MTM=-226.00 Loss=0.03%
2026-07-16 10:53:57 INFO     strategy        PnL: 10:53:57 MTM=-210.00 Loss=0.03%
2026-07-16 10:53:58 INFO     strategy        PnL: 10:53:58 MTM=-174.00 Loss=0.03%
2026-07-16 10:53:59 INFO     strategy        PnL: 10:53:59 MTM=-157.00 Loss=0.02%
2026-07-16 10:54:00 INFO     strategy        PnL: 10:54:00 MTM=-196.00 Loss=0.03%
2026-07-16 10:54:01 INFO     strategy        PnL: 10:54:01 MTM=-108.00 Loss=0.02%
2026-07-16 10:54:02 INFO     strategy        PnL: 10:54:02 MTM=-185.00 Loss=0.03%
2026-07-16 10:54:03 INFO     strategy        PnL: 10:54:03 MTM=-185.00 Loss=0.03%
2026-07-16 10:54:04 INFO     strategy        PnL: 10:54:04 MTM=-173.00 Loss=0.03%
2026-07-16 10:54:05 INFO     strategy        PnL: 10:54:05 MTM=-210.00 Loss=0.03%
2026-07-16 10:54:06 INFO     strategy        PnL: 10:54:06 MTM=-192.00 Loss=0.03%
2026-07-16 10:54:07 INFO     strategy        PnL: 10:54:07 MTM=-193.00 Loss=0.03%
2026-07-16 10:54:08 INFO     strategy        PnL: 10:54:08 MTM=-226.00 Loss=0.03%
2026-07-16 10:54:09 INFO     strategy        PnL: 10:54:09 MTM=-240.00 Loss=0.04%
2026-07-16 10:54:10 INFO     strategy        PnL: 10:54:10 MTM=-217.00 Loss=0.03%
2026-07-16 10:54:11 INFO     strategy        PnL: 10:54:11 MTM=-240.00 Loss=0.04%
2026-07-16 10:54:12 INFO     strategy        PnL: 10:54:12 MTM=-209.00 Loss=0.03%
2026-07-16 10:54:13 INFO     strategy        PnL: 10:54:13 MTM=-204.00 Loss=0.03%
2026-07-16 10:54:14 INFO     strategy        PnL: 10:54:14 MTM=-213.00 Loss=0.03%
2026-07-16 10:54:15 INFO     strategy        PnL: 10:54:15 MTM=-233.00 Loss=0.04%
2026-07-16 10:54:16 INFO     strategy        PnL: 10:54:16 MTM=-210.00 Loss=0.03%
2026-07-16 10:54:17 INFO     strategy        PnL: 10:54:17 MTM=-233.00 Loss=0.04%
2026-07-16 10:54:18 INFO     strategy        PnL: 10:54:18 MTM=-205.00 Loss=0.03%
2026-07-16 10:54:19 INFO     strategy        PnL: 10:54:19 MTM=-151.00 Loss=0.02%
2026-07-16 10:54:20 INFO     strategy        PnL: 10:54:20 MTM=-217.00 Loss=0.03%
2026-07-16 10:54:22 INFO     strategy        PnL: 10:54:21 MTM=-172.00 Loss=0.03%
2026-07-16 10:54:23 INFO     strategy        PnL: 10:54:23 MTM=-195.00 Loss=0.03%
2026-07-16 10:54:24 INFO     strategy        PnL: 10:54:24 MTM=-214.00 Loss=0.03%
2026-07-16 10:54:25 INFO     strategy        PnL: 10:54:25 MTM=-147.00 Loss=0.02%
2026-07-16 10:54:26 INFO     strategy        PnL: 10:54:26 MTM=-198.00 Loss=0.03%
2026-07-16 10:54:27 INFO     strategy        PnL: 10:54:27 MTM=-209.00 Loss=0.03%
2026-07-16 10:54:28 INFO     strategy        PnL: 10:54:28 MTM=-221.00 Loss=0.03%
2026-07-16 10:54:29 INFO     strategy        PnL: 10:54:29 MTM=-180.00 Loss=0.03%
2026-07-16 10:54:30 INFO     strategy        PnL: 10:54:30 MTM=-147.00 Loss=0.02%
2026-07-16 10:54:31 INFO     strategy        PnL: 10:54:31 MTM=-164.00 Loss=0.03%
2026-07-16 10:54:32 INFO     strategy        PnL: 10:54:32 MTM=-235.00 Loss=0.04%
2026-07-16 10:54:33 INFO     strategy        PnL: 10:54:33 MTM=-189.00 Loss=0.03%
2026-07-16 10:54:34 INFO     strategy        PnL: 10:54:34 MTM=-198.00 Loss=0.03%
2026-07-16 10:54:35 INFO     strategy        PnL: 10:54:35 MTM=-215.00 Loss=0.03%
2026-07-16 10:54:36 INFO     strategy        PnL: 10:54:36 MTM=-190.00 Loss=0.03%
2026-07-16 10:54:37 INFO     strategy        PnL: 10:54:37 MTM=-135.00 Loss=0.02%
2026-07-16 10:54:38 INFO     strategy        PnL: 10:54:38 MTM=-157.00 Loss=0.02%
2026-07-16 10:54:39 INFO     strategy        PnL: 10:54:39 MTM=-145.00 Loss=0.02%
2026-07-16 10:54:40 INFO     strategy        PnL: 10:54:40 MTM=-132.00 Loss=0.02%
2026-07-16 10:54:41 INFO     strategy        PnL: 10:54:41 MTM=-161.00 Loss=0.02%
2026-07-16 10:54:42 INFO     strategy        PnL: 10:54:42 MTM=-138.00 Loss=0.02%
2026-07-16 10:54:43 INFO     strategy        PnL: 10:54:43 MTM=-168.00 Loss=0.03%
2026-07-16 10:54:44 INFO     strategy        PnL: 10:54:44 MTM=-149.00 Loss=0.02%
2026-07-16 10:54:45 INFO     strategy        PnL: 10:54:45 MTM=-164.00 Loss=0.03%
2026-07-16 10:54:46 INFO     strategy        PnL: 10:54:46 MTM=-163.00 Loss=0.03%
2026-07-16 10:54:47 INFO     strategy        PnL: 10:54:47 MTM=-153.00 Loss=0.02%
2026-07-16 10:54:48 INFO     strategy        PnL: 10:54:48 MTM=-163.00 Loss=0.03%
2026-07-16 10:54:49 INFO     strategy        PnL: 10:54:49 MTM=-161.00 Loss=0.02%
2026-07-16 10:54:50 INFO     strategy        PnL: 10:54:50 MTM=-168.00 Loss=0.03%
2026-07-16 10:54:52 INFO     strategy        PnL: 10:54:52 MTM=-137.00 Loss=0.02%
2026-07-16 10:54:53 INFO     strategy        PnL: 10:54:53 MTM=-105.00 Loss=0.02%
2026-07-16 10:54:54 INFO     strategy        PnL: 10:54:54 MTM=-138.00 Loss=0.02%
2026-07-16 10:54:55 INFO     strategy        PnL: 10:54:55 MTM=-123.00 Loss=0.02%
2026-07-16 10:54:56 INFO     strategy        PnL: 10:54:56 MTM=-116.00 Loss=0.02%
2026-07-16 10:54:57 INFO     strategy        PnL: 10:54:57 MTM=-160.00 Loss=0.02%
2026-07-16 10:54:58 INFO     strategy        PnL: 10:54:58 MTM=-157.00 Loss=0.02%
2026-07-16 10:54:59 INFO     strategy        PnL: 10:54:59 MTM=-201.00 Loss=0.03%
2026-07-16 10:55:00 INFO     strategy        PnL: 10:55:00 MTM=-165.00 Loss=0.03%
2026-07-16 10:55:01 INFO     strategy        PnL: 10:55:01 MTM=-195.00 Loss=0.03%
2026-07-16 10:55:02 INFO     strategy        PnL: 10:55:02 MTM=-168.00 Loss=0.03%
2026-07-16 10:55:03 INFO     strategy        PnL: 10:55:03 MTM=-180.00 Loss=0.03%
2026-07-16 10:55:04 INFO     strategy        PnL: 10:55:04 MTM=-161.00 Loss=0.02%
2026-07-16 10:55:05 INFO     strategy        PnL: 10:55:05 MTM=-155.00 Loss=0.02%
2026-07-16 10:55:06 INFO     strategy        PnL: 10:55:06 MTM=-155.00 Loss=0.02%
2026-07-16 10:55:07 INFO     strategy        PnL: 10:55:07 MTM=-271.00 Loss=0.04%
2026-07-16 10:55:08 INFO     strategy        PnL: 10:55:08 MTM=-399.00 Loss=0.06%
2026-07-16 10:55:09 INFO     strategy        PnL: 10:55:09 MTM=-325.00 Loss=0.05%
2026-07-16 10:55:10 INFO     strategy        PnL: 10:55:10 MTM=-318.00 Loss=0.05%
2026-07-16 10:55:11 INFO     strategy        PnL: 10:55:11 MTM=-240.00 Loss=0.04%
2026-07-16 10:55:12 INFO     strategy        PnL: 10:55:12 MTM=-472.00 Loss=0.07%
2026-07-16 10:55:13 INFO     strategy        PnL: 10:55:13 MTM=-635.00 Loss=0.10%
2026-07-16 10:55:14 INFO     strategy        PnL: 10:55:14 MTM=-425.00 Loss=0.07%
2026-07-16 10:55:15 INFO     strategy        PnL: 10:55:15 MTM=-417.00 Loss=0.06%
2026-07-16 10:55:16 INFO     strategy        PnL: 10:55:16 MTM=-512.00 Loss=0.08%
2026-07-16 10:55:17 INFO     strategy        PnL: 10:55:17 MTM=-418.00 Loss=0.06%
2026-07-16 10:55:18 INFO     strategy        PnL: 10:55:18 MTM=-449.00 Loss=0.07%
2026-07-16 10:55:19 INFO     strategy        PnL: 10:55:19 MTM=-413.00 Loss=0.06%
2026-07-16 10:55:20 INFO     strategy        PnL: 10:55:20 MTM=-357.00 Loss=0.06%
2026-07-16 10:55:21 INFO     strategy        PnL: 10:55:21 MTM=-341.00 Loss=0.05%
2026-07-16 10:55:22 INFO     strategy        PnL: 10:55:22 MTM=-319.00 Loss=0.05%
2026-07-16 10:55:23 INFO     strategy        PnL: 10:55:23 MTM=-301.00 Loss=0.05%
2026-07-16 10:55:24 INFO     strategy        PnL: 10:55:24 MTM=-304.00 Loss=0.05%
2026-07-16 10:55:25 INFO     strategy        PnL: 10:55:25 MTM=-330.00 Loss=0.05%
2026-07-16 10:55:27 INFO     strategy        PnL: 10:55:27 MTM=-331.00 Loss=0.05%
2026-07-16 10:55:28 INFO     strategy        PnL: 10:55:28 MTM=-365.00 Loss=0.06%
2026-07-16 10:55:29 INFO     strategy        PnL: 10:55:29 MTM=-315.00 Loss=0.05%
2026-07-16 10:55:30 INFO     strategy        PnL: 10:55:30 MTM=-345.00 Loss=0.05%
2026-07-16 10:55:31 INFO     strategy        PnL: 10:55:31 MTM=-345.00 Loss=0.05%
2026-07-16 10:55:32 INFO     strategy        PnL: 10:55:32 MTM=-361.00 Loss=0.06%
2026-07-16 10:55:33 INFO     strategy        PnL: 10:55:33 MTM=-340.00 Loss=0.05%
2026-07-16 10:55:34 INFO     strategy        PnL: 10:55:34 MTM=-421.00 Loss=0.06%
2026-07-16 10:55:35 INFO     strategy        PnL: 10:55:35 MTM=-347.00 Loss=0.05%
2026-07-16 10:55:36 INFO     strategy        PnL: 10:55:36 MTM=-358.00 Loss=0.06%
2026-07-16 10:55:37 INFO     strategy        PnL: 10:55:37 MTM=-424.00 Loss=0.07%
2026-07-16 10:55:38 INFO     strategy        PnL: 10:55:38 MTM=-436.00 Loss=0.07%
2026-07-16 10:55:39 INFO     strategy        PnL: 10:55:39 MTM=-360.00 Loss=0.06%
2026-07-16 10:55:40 INFO     strategy        PnL: 10:55:40 MTM=-387.00 Loss=0.06%
2026-07-16 10:55:41 INFO     strategy        PnL: 10:55:41 MTM=-403.00 Loss=0.06%
2026-07-16 10:55:42 INFO     strategy        PnL: 10:55:42 MTM=-333.00 Loss=0.05%
2026-07-16 10:55:43 INFO     strategy        PnL: 10:55:43 MTM=-300.00 Loss=0.05%
2026-07-16 10:55:44 INFO     strategy        PnL: 10:55:44 MTM=-290.00 Loss=0.04%
2026-07-16 10:55:45 INFO     strategy        PnL: 10:55:45 MTM=-335.00 Loss=0.05%
2026-07-16 10:55:46 INFO     strategy        PnL: 10:55:46 MTM=-346.00 Loss=0.05%
2026-07-16 10:55:47 INFO     strategy        PnL: 10:55:47 MTM=-330.00 Loss=0.05%
2026-07-16 10:55:48 INFO     strategy        PnL: 10:55:48 MTM=-347.00 Loss=0.05%
2026-07-16 10:55:49 INFO     strategy        PnL: 10:55:49 MTM=-357.00 Loss=0.06%
2026-07-16 10:55:50 INFO     strategy        PnL: 10:55:50 MTM=-387.00 Loss=0.06%
2026-07-16 10:55:51 INFO     strategy        PnL: 10:55:51 MTM=-414.00 Loss=0.06%
2026-07-16 10:55:52 INFO     strategy        PnL: 10:55:52 MTM=-358.00 Loss=0.06%
2026-07-16 10:55:53 INFO     strategy        PnL: 10:55:53 MTM=-303.00 Loss=0.05%
2026-07-16 10:55:54 INFO     strategy        PnL: 10:55:54 MTM=-359.00 Loss=0.06%
2026-07-16 10:55:55 INFO     strategy        PnL: 10:55:55 MTM=-378.00 Loss=0.06%
2026-07-16 10:55:56 INFO     strategy        PnL: 10:55:56 MTM=-323.00 Loss=0.05%
2026-07-16 10:55:57 INFO     strategy        PnL: 10:55:57 MTM=-357.00 Loss=0.06%
2026-07-16 10:55:58 INFO     strategy        PnL: 10:55:58 MTM=-305.00 Loss=0.05%
2026-07-16 10:55:59 INFO     strategy        PnL: 10:55:59 MTM=-340.00 Loss=0.05%
2026-07-16 10:56:00 INFO     strategy        PnL: 10:56:00 MTM=-280.00 Loss=0.04%
2026-07-16 10:56:01 INFO     strategy        PnL: 10:56:01 MTM=-349.00 Loss=0.05%
2026-07-16 10:56:02 INFO     strategy        PnL: 10:56:02 MTM=-329.00 Loss=0.05%
2026-07-16 10:56:03 INFO     strategy        PnL: 10:56:03 MTM=-256.00 Loss=0.04%
2026-07-16 10:56:04 INFO     strategy        PnL: 10:56:04 MTM=-253.00 Loss=0.04%
2026-07-16 10:56:05 INFO     strategy        PnL: 10:56:05 MTM=-260.00 Loss=0.04%
2026-07-16 10:56:06 INFO     strategy        PnL: 10:56:06 MTM=-272.00 Loss=0.04%
2026-07-16 10:56:07 INFO     strategy        PnL: 10:56:07 MTM=-252.00 Loss=0.04%
2026-07-16 10:56:08 INFO     strategy        PnL: 10:56:08 MTM=-267.00 Loss=0.04%
2026-07-16 10:56:09 INFO     strategy        PnL: 10:56:09 MTM=-276.00 Loss=0.04%
2026-07-16 10:56:10 INFO     strategy        PnL: 10:56:10 MTM=-341.00 Loss=0.05%
2026-07-16 10:56:11 INFO     strategy        PnL: 10:56:11 MTM=-339.00 Loss=0.05%
2026-07-16 10:56:12 INFO     strategy        PnL: 10:56:12 MTM=-345.00 Loss=0.05%
2026-07-16 10:56:13 INFO     strategy        PnL: 10:56:13 MTM=-306.00 Loss=0.05%
2026-07-16 10:56:14 INFO     strategy        PnL: 10:56:14 MTM=-320.00 Loss=0.05%
2026-07-16 10:56:15 INFO     strategy        PnL: 10:56:15 MTM=-318.00 Loss=0.05%
2026-07-16 10:56:16 INFO     strategy        PnL: 10:56:16 MTM=-359.00 Loss=0.06%
2026-07-16 10:56:17 INFO     strategy        PnL: 10:56:17 MTM=-314.00 Loss=0.05%
2026-07-16 10:56:18 INFO     strategy        PnL: 10:56:18 MTM=-314.00 Loss=0.05%
2026-07-16 10:56:19 INFO     strategy        PnL: 10:56:19 MTM=-367.00 Loss=0.06%
2026-07-16 10:56:20 INFO     strategy        PnL: 10:56:20 MTM=-312.00 Loss=0.05%
2026-07-16 10:56:21 INFO     strategy        PnL: 10:56:21 MTM=-344.00 Loss=0.05%
2026-07-16 10:56:22 INFO     strategy        PnL: 10:56:22 MTM=-326.00 Loss=0.05%
2026-07-16 10:56:23 INFO     strategy        PnL: 10:56:23 MTM=-315.00 Loss=0.05%
2026-07-16 10:56:24 INFO     strategy        PnL: 10:56:24 MTM=-252.00 Loss=0.04%
2026-07-16 10:56:25 INFO     strategy        PnL: 10:56:25 MTM=-364.00 Loss=0.06%
2026-07-16 10:56:26 INFO     strategy        PnL: 10:56:26 MTM=-356.00 Loss=0.05%
2026-07-16 10:56:27 INFO     strategy        PnL: 10:56:27 MTM=-368.00 Loss=0.06%
2026-07-16 10:56:28 INFO     strategy        PnL: 10:56:28 MTM=-386.00 Loss=0.06%
2026-07-16 10:56:29 INFO     strategy        PnL: 10:56:29 MTM=-285.00 Loss=0.04%
2026-07-16 10:56:30 INFO     strategy        PnL: 10:56:30 MTM=-312.00 Loss=0.05%
2026-07-16 10:56:31 INFO     strategy        PnL: 10:56:31 MTM=-312.00 Loss=0.05%
2026-07-16 10:56:32 INFO     strategy        PnL: 10:56:32 MTM=-338.00 Loss=0.05%
2026-07-16 10:56:33 INFO     strategy        PnL: 10:56:33 MTM=-305.00 Loss=0.05%
2026-07-16 10:56:34 INFO     strategy        PnL: 10:56:34 MTM=-334.00 Loss=0.05%
2026-07-16 10:56:35 INFO     strategy        PnL: 10:56:35 MTM=-296.00 Loss=0.05%
2026-07-16 10:56:36 INFO     strategy        PnL: 10:56:36 MTM=-324.00 Loss=0.05%
2026-07-16 10:56:37 INFO     strategy        PnL: 10:56:37 MTM=-369.00 Loss=0.06%
2026-07-16 10:56:38 INFO     strategy        PnL: 10:56:38 MTM=-352.00 Loss=0.05%
2026-07-16 10:56:39 INFO     strategy        PnL: 10:56:39 MTM=-372.00 Loss=0.06%
2026-07-16 10:56:40 INFO     strategy        PnL: 10:56:40 MTM=-359.00 Loss=0.06%
2026-07-16 10:56:41 INFO     strategy        PnL: 10:56:41 MTM=-369.00 Loss=0.06%
2026-07-16 10:56:42 INFO     strategy        PnL: 10:56:42 MTM=-451.00 Loss=0.07%
2026-07-16 10:56:43 INFO     strategy        PnL: 10:56:43 MTM=-431.00 Loss=0.07%
2026-07-16 10:56:44 INFO     strategy        PnL: 10:56:44 MTM=-424.00 Loss=0.07%
2026-07-16 10:56:45 INFO     strategy        PnL: 10:56:45 MTM=-397.00 Loss=0.06%
2026-07-16 10:56:46 INFO     strategy        PnL: 10:56:46 MTM=-527.00 Loss=0.08%
2026-07-16 10:56:47 INFO     strategy        PnL: 10:56:47 MTM=-468.00 Loss=0.07%
2026-07-16 10:56:48 INFO     strategy        PnL: 10:56:48 MTM=-418.00 Loss=0.06%
2026-07-16 10:56:49 INFO     strategy        PnL: 10:56:49 MTM=-377.00 Loss=0.06%
2026-07-16 10:56:50 INFO     strategy        PnL: 10:56:50 MTM=-396.00 Loss=0.06%
2026-07-16 10:56:51 INFO     strategy        PnL: 10:56:51 MTM=-392.00 Loss=0.06%
2026-07-16 10:56:52 INFO     strategy        PnL: 10:56:52 MTM=-417.00 Loss=0.06%
2026-07-16 10:56:53 INFO     strategy        PnL: 10:56:53 MTM=-410.00 Loss=0.06%
2026-07-16 10:56:54 INFO     strategy        PnL: 10:56:54 MTM=-410.00 Loss=0.06%
2026-07-16 10:56:55 INFO     strategy        PnL: 10:56:55 MTM=-379.00 Loss=0.06%
2026-07-16 10:56:56 INFO     strategy        PnL: 10:56:56 MTM=-359.00 Loss=0.06%
2026-07-16 10:56:57 INFO     strategy        PnL: 10:56:57 MTM=-342.00 Loss=0.05%
2026-07-16 10:56:58 INFO     strategy        PnL: 10:56:58 MTM=-330.00 Loss=0.05%
2026-07-16 10:56:59 INFO     strategy        PnL: 10:56:59 MTM=-347.00 Loss=0.05%
2026-07-16 10:57:00 INFO     strategy        PnL: 10:57:00 MTM=-367.00 Loss=0.06%
2026-07-16 10:57:01 INFO     strategy        PnL: 10:57:01 MTM=-338.00 Loss=0.05%
2026-07-16 10:57:03 INFO     strategy        PnL: 10:57:03 MTM=-329.00 Loss=0.05%
2026-07-16 10:57:04 INFO     strategy        PnL: 10:57:04 MTM=-327.00 Loss=0.05%
2026-07-16 10:57:05 INFO     strategy        PnL: 10:57:05 MTM=-365.00 Loss=0.06%
2026-07-16 10:57:06 INFO     strategy        PnL: 10:57:06 MTM=-347.00 Loss=0.05%
2026-07-16 10:57:07 INFO     strategy        PnL: 10:57:07 MTM=-294.00 Loss=0.05%
2026-07-16 10:57:08 INFO     strategy        PnL: 10:57:08 MTM=-306.00 Loss=0.05%
2026-07-16 10:57:09 INFO     strategy        PnL: 10:57:09 MTM=-303.00 Loss=0.05%
2026-07-16 10:57:10 INFO     strategy        PnL: 10:57:10 MTM=-334.00 Loss=0.05%
2026-07-16 10:57:11 INFO     strategy        PnL: 10:57:11 MTM=-296.00 Loss=0.05%
2026-07-16 10:57:12 INFO     strategy        PnL: 10:57:12 MTM=-381.00 Loss=0.06%
2026-07-16 10:57:13 INFO     strategy        PnL: 10:57:13 MTM=-362.00 Loss=0.06%
2026-07-16 10:57:14 INFO     strategy        PnL: 10:57:14 MTM=-385.00 Loss=0.06%
2026-07-16 10:57:15 INFO     strategy        PnL: 10:57:15 MTM=-363.00 Loss=0.06%
2026-07-16 10:57:16 INFO     strategy        PnL: 10:57:16 MTM=-337.00 Loss=0.05%
2026-07-16 10:57:17 INFO     strategy        PnL: 10:57:17 MTM=-402.00 Loss=0.06%
2026-07-16 10:57:18 INFO     strategy        PnL: 10:57:18 MTM=-402.00 Loss=0.06%
2026-07-16 10:57:19 INFO     strategy        PnL: 10:57:19 MTM=-389.00 Loss=0.06%
2026-07-16 10:57:20 INFO     strategy        PnL: 10:57:20 MTM=-344.00 Loss=0.05%
2026-07-16 10:57:21 INFO     strategy        PnL: 10:57:21 MTM=-368.00 Loss=0.06%
2026-07-16 10:57:22 INFO     strategy        PnL: 10:57:22 MTM=-295.00 Loss=0.05%
2026-07-16 10:57:23 INFO     strategy        PnL: 10:57:23 MTM=-354.00 Loss=0.05%
2026-07-16 10:57:24 INFO     strategy        PnL: 10:57:24 MTM=-341.00 Loss=0.05%
2026-07-16 10:57:25 INFO     strategy        PnL: 10:57:25 MTM=-352.00 Loss=0.05%
2026-07-16 10:57:26 INFO     strategy        PnL: 10:57:26 MTM=-346.00 Loss=0.05%
2026-07-16 10:57:27 INFO     strategy        PnL: 10:57:27 MTM=-371.00 Loss=0.06%
2026-07-16 10:57:28 INFO     strategy        PnL: 10:57:28 MTM=-353.00 Loss=0.05%
2026-07-16 10:57:29 INFO     strategy        PnL: 10:57:29 MTM=-338.00 Loss=0.05%
2026-07-16 10:57:30 INFO     strategy        PnL: 10:57:30 MTM=-404.00 Loss=0.06%
2026-07-16 10:57:31 INFO     strategy        PnL: 10:57:31 MTM=-373.00 Loss=0.06%
2026-07-16 10:57:32 INFO     strategy        PnL: 10:57:32 MTM=-370.00 Loss=0.06%
2026-07-16 10:57:33 INFO     strategy        PnL: 10:57:33 MTM=-373.00 Loss=0.06%
2026-07-16 10:57:34 INFO     strategy        PnL: 10:57:34 MTM=-344.00 Loss=0.05%
2026-07-16 10:57:35 INFO     strategy        PnL: 10:57:35 MTM=-366.00 Loss=0.06%
2026-07-16 10:57:36 INFO     strategy        PnL: 10:57:36 MTM=-301.00 Loss=0.05%
2026-07-16 10:57:37 INFO     strategy        PnL: 10:57:37 MTM=-334.00 Loss=0.05%
2026-07-16 10:57:38 INFO     strategy        PnL: 10:57:38 MTM=-365.00 Loss=0.06%
2026-07-16 10:57:39 INFO     strategy        PnL: 10:57:39 MTM=-321.00 Loss=0.05%
2026-07-16 10:57:40 INFO     strategy        PnL: 10:57:40 MTM=-345.00 Loss=0.05%
2026-07-16 10:57:41 INFO     strategy        PnL: 10:57:41 MTM=-361.00 Loss=0.06%
2026-07-16 10:57:42 INFO     strategy        PnL: 10:57:42 MTM=-384.00 Loss=0.06%
2026-07-16 10:57:43 INFO     strategy        PnL: 10:57:43 MTM=-412.00 Loss=0.06%
2026-07-16 10:57:44 INFO     strategy        PnL: 10:57:44 MTM=-420.00 Loss=0.06%
2026-07-16 10:57:45 INFO     strategy        PnL: 10:57:45 MTM=-409.00 Loss=0.06%
2026-07-16 10:57:46 INFO     strategy        PnL: 10:57:46 MTM=-445.00 Loss=0.07%
2026-07-16 10:57:47 INFO     strategy        PnL: 10:57:47 MTM=-426.00 Loss=0.07%
2026-07-16 10:57:48 INFO     strategy        PnL: 10:57:48 MTM=-444.00 Loss=0.07%
2026-07-16 10:57:49 INFO     strategy        PnL: 10:57:49 MTM=-428.00 Loss=0.07%
2026-07-16 10:57:50 INFO     strategy        PnL: 10:57:50 MTM=-419.00 Loss=0.06%
2026-07-16 10:57:51 INFO     strategy        PnL: 10:57:51 MTM=-455.00 Loss=0.07%
2026-07-16 10:57:52 INFO     strategy        PnL: 10:57:52 MTM=-492.00 Loss=0.08%
2026-07-16 10:57:53 INFO     strategy        PnL: 10:57:53 MTM=-545.00 Loss=0.08%
2026-07-16 10:57:54 INFO     strategy        PnL: 10:57:54 MTM=-666.00 Loss=0.10%
2026-07-16 10:57:55 INFO     strategy        PnL: 10:57:55 MTM=-507.00 Loss=0.08%
2026-07-16 10:57:56 INFO     strategy        PnL: 10:57:56 MTM=-432.00 Loss=0.07%
2026-07-16 10:57:57 INFO     strategy        PnL: 10:57:57 MTM=-468.00 Loss=0.07%
2026-07-16 10:57:58 INFO     strategy        PnL: 10:57:58 MTM=-498.00 Loss=0.08%
2026-07-16 10:57:59 INFO     strategy        PnL: 10:57:59 MTM=-463.00 Loss=0.07%
2026-07-16 10:58:00 INFO     strategy        PnL: 10:58:00 MTM=-356.00 Loss=0.05%
2026-07-16 10:58:01 INFO     strategy        PnL: 10:58:01 MTM=-497.00 Loss=0.08%
2026-07-16 10:58:02 INFO     strategy        PnL: 10:58:02 MTM=-433.00 Loss=0.07%
2026-07-16 10:58:03 INFO     strategy        PnL: 10:58:03 MTM=-396.00 Loss=0.06%
2026-07-16 10:58:04 INFO     strategy        PnL: 10:58:04 MTM=-392.00 Loss=0.06%
2026-07-16 10:58:05 INFO     strategy        PnL: 10:58:05 MTM=-391.00 Loss=0.06%
2026-07-16 10:58:06 INFO     strategy        PnL: 10:58:06 MTM=-394.00 Loss=0.06%
2026-07-16 10:58:07 INFO     strategy        PnL: 10:58:07 MTM=-393.00 Loss=0.06%
2026-07-16 10:58:08 INFO     strategy        PnL: 10:58:08 MTM=-369.00 Loss=0.06%
2026-07-16 10:58:09 INFO     strategy        PnL: 10:58:09 MTM=-375.00 Loss=0.06%
2026-07-16 10:58:10 INFO     strategy        PnL: 10:58:10 MTM=-440.00 Loss=0.07%
2026-07-16 10:58:11 INFO     strategy        PnL: 10:58:11 MTM=-386.00 Loss=0.06%
2026-07-16 10:58:12 INFO     strategy        PnL: 10:58:12 MTM=-410.00 Loss=0.06%
2026-07-16 10:58:13 INFO     strategy        PnL: 10:58:13 MTM=-395.00 Loss=0.06%
2026-07-16 10:58:14 INFO     strategy        PnL: 10:58:14 MTM=-386.00 Loss=0.06%
2026-07-16 10:58:15 INFO     strategy        PnL: 10:58:15 MTM=-369.00 Loss=0.06%
2026-07-16 10:58:16 INFO     strategy        PnL: 10:58:16 MTM=-379.00 Loss=0.06%
2026-07-16 10:58:17 INFO     strategy        PnL: 10:58:17 MTM=-374.00 Loss=0.06%
2026-07-16 10:58:18 INFO     strategy        PnL: 10:58:18 MTM=-354.00 Loss=0.05%
2026-07-16 10:58:20 INFO     strategy        PnL: 10:58:20 MTM=-341.00 Loss=0.05%
2026-07-16 10:58:21 INFO     strategy        PnL: 10:58:21 MTM=-372.00 Loss=0.06%
2026-07-16 10:58:22 INFO     strategy        PnL: 10:58:22 MTM=-368.00 Loss=0.06%
2026-07-16 10:58:23 INFO     strategy        PnL: 10:58:23 MTM=-323.00 Loss=0.05%
2026-07-16 10:58:24 INFO     strategy        PnL: 10:58:24 MTM=-387.00 Loss=0.06%
2026-07-16 10:58:25 INFO     strategy        PnL: 10:58:25 MTM=-371.00 Loss=0.06%
2026-07-16 10:58:26 INFO     strategy        PnL: 10:58:26 MTM=-377.00 Loss=0.06%
2026-07-16 10:58:27 INFO     strategy        PnL: 10:58:27 MTM=-415.00 Loss=0.06%
2026-07-16 10:58:28 INFO     strategy        PnL: 10:58:28 MTM=-414.00 Loss=0.06%
2026-07-16 10:58:29 INFO     strategy        PnL: 10:58:29 MTM=-388.00 Loss=0.06%
2026-07-16 10:58:30 INFO     strategy        PnL: 10:58:30 MTM=-374.00 Loss=0.06%
2026-07-16 10:58:31 INFO     strategy        PnL: 10:58:31 MTM=-410.00 Loss=0.06%
2026-07-16 10:58:32 INFO     strategy        PnL: 10:58:32 MTM=-406.00 Loss=0.06%
2026-07-16 10:58:33 INFO     strategy        PnL: 10:58:33 MTM=-371.00 Loss=0.06%
2026-07-16 10:58:34 INFO     strategy        PnL: 10:58:34 MTM=-466.00 Loss=0.07%
2026-07-16 10:58:35 INFO     strategy        PnL: 10:58:35 MTM=-536.00 Loss=0.08%
2026-07-16 10:58:36 INFO     strategy        PnL: 10:58:36 MTM=-448.00 Loss=0.07%
2026-07-16 10:58:37 INFO     strategy        PnL: 10:58:37 MTM=-493.00 Loss=0.08%
2026-07-16 10:58:38 INFO     strategy        PnL: 10:58:38 MTM=-459.00 Loss=0.07%
2026-07-16 10:58:39 INFO     strategy        PnL: 10:58:39 MTM=-442.00 Loss=0.07%
2026-07-16 10:58:40 INFO     strategy        PnL: 10:58:40 MTM=-447.00 Loss=0.07%
2026-07-16 10:58:41 INFO     strategy        PnL: 10:58:41 MTM=-394.00 Loss=0.06%
2026-07-16 10:58:42 INFO     strategy        PnL: 10:58:42 MTM=-439.00 Loss=0.07%
2026-07-16 10:58:43 INFO     strategy        PnL: 10:58:43 MTM=-398.00 Loss=0.06%
2026-07-16 10:58:44 INFO     strategy        PnL: 10:58:44 MTM=-380.00 Loss=0.06%
2026-07-16 10:58:45 INFO     strategy        PnL: 10:58:45 MTM=-390.00 Loss=0.06%
2026-07-16 10:58:46 INFO     strategy        PnL: 10:58:46 MTM=-402.00 Loss=0.06%
2026-07-16 10:58:47 INFO     strategy        PnL: 10:58:47 MTM=-360.00 Loss=0.06%
2026-07-16 10:58:48 INFO     strategy        PnL: 10:58:48 MTM=-411.00 Loss=0.06%
2026-07-16 10:58:49 INFO     strategy        PnL: 10:58:49 MTM=-411.00 Loss=0.06%
2026-07-16 10:58:50 INFO     strategy        PnL: 10:58:50 MTM=-429.00 Loss=0.07%
2026-07-16 10:58:51 INFO     strategy        PnL: 10:58:51 MTM=-414.00 Loss=0.06%
2026-07-16 10:58:52 INFO     strategy        PnL: 10:58:52 MTM=-452.00 Loss=0.07%
2026-07-16 10:58:53 INFO     strategy        PnL: 10:58:53 MTM=-436.00 Loss=0.07%
2026-07-16 10:58:54 INFO     strategy        PnL: 10:58:54 MTM=-463.00 Loss=0.07%
2026-07-16 10:58:55 INFO     strategy        PnL: 10:58:55 MTM=-459.00 Loss=0.07%
2026-07-16 10:58:56 INFO     strategy        PnL: 10:58:56 MTM=-444.00 Loss=0.07%
2026-07-16 10:58:57 INFO     strategy        PnL: 10:58:57 MTM=-428.00 Loss=0.07%
2026-07-16 10:58:58 INFO     strategy        PnL: 10:58:58 MTM=-445.00 Loss=0.07%
2026-07-16 10:58:59 INFO     strategy        PnL: 10:58:59 MTM=-437.00 Loss=0.07%
2026-07-16 10:59:00 INFO     strategy        PnL: 10:59:00 MTM=-415.00 Loss=0.06%
2026-07-16 10:59:01 INFO     strategy        PnL: 10:59:01 MTM=-422.00 Loss=0.07%
2026-07-16 10:59:02 INFO     strategy        PnL: 10:59:02 MTM=-433.00 Loss=0.07%
2026-07-16 10:59:03 INFO     strategy        PnL: 10:59:03 MTM=-415.00 Loss=0.06%
2026-07-16 10:59:04 INFO     strategy        PnL: 10:59:04 MTM=-430.00 Loss=0.07%
2026-07-16 10:59:05 INFO     strategy        PnL: 10:59:05 MTM=-483.00 Loss=0.07%
2026-07-16 10:59:06 INFO     strategy        PnL: 10:59:06 MTM=-469.00 Loss=0.07%
2026-07-16 10:59:07 INFO     strategy        PnL: 10:59:07 MTM=-450.00 Loss=0.07%
2026-07-16 10:59:08 INFO     strategy        PnL: 10:59:08 MTM=-462.00 Loss=0.07%
2026-07-16 10:59:09 INFO     strategy        PnL: 10:59:09 MTM=-471.00 Loss=0.07%
2026-07-16 10:59:10 INFO     strategy        PnL: 10:59:10 MTM=-462.00 Loss=0.07%
2026-07-16 10:59:11 INFO     strategy        PnL: 10:59:11 MTM=-402.00 Loss=0.06%
2026-07-16 10:59:12 INFO     strategy        PnL: 10:59:12 MTM=-412.00 Loss=0.06%
2026-07-16 10:59:13 INFO     strategy        PnL: 10:59:13 MTM=-421.00 Loss=0.06%
2026-07-16 10:59:14 INFO     strategy        PnL: 10:59:14 MTM=-412.00 Loss=0.06%
2026-07-16 10:59:15 INFO     strategy        PnL: 10:59:15 MTM=-379.00 Loss=0.06%
2026-07-16 10:59:16 INFO     strategy        PnL: 10:59:16 MTM=-461.00 Loss=0.07%
2026-07-16 10:59:17 INFO     strategy        PnL: 10:59:17 MTM=-442.00 Loss=0.07%
2026-07-16 10:59:18 INFO     strategy        PnL: 10:59:18 MTM=-448.00 Loss=0.07%
2026-07-16 10:59:19 INFO     strategy        PnL: 10:59:19 MTM=-399.00 Loss=0.06%
2026-07-16 10:59:20 INFO     strategy        PnL: 10:59:20 MTM=-418.00 Loss=0.06%
2026-07-16 10:59:21 INFO     strategy        PnL: 10:59:21 MTM=-410.00 Loss=0.06%
2026-07-16 10:59:22 INFO     strategy        PnL: 10:59:22 MTM=-405.00 Loss=0.06%
2026-07-16 10:59:23 INFO     strategy        PnL: 10:59:23 MTM=-428.00 Loss=0.07%
2026-07-16 10:59:24 INFO     strategy        PnL: 10:59:24 MTM=-388.00 Loss=0.06%
2026-07-16 10:59:25 INFO     strategy        PnL: 10:59:25 MTM=-461.00 Loss=0.07%
2026-07-16 10:59:26 INFO     strategy        PnL: 10:59:26 MTM=-437.00 Loss=0.07%
2026-07-16 10:59:27 INFO     strategy        PnL: 10:59:27 MTM=-410.00 Loss=0.06%
2026-07-16 10:59:28 INFO     strategy        PnL: 10:59:28 MTM=-466.00 Loss=0.07%
2026-07-16 10:59:29 INFO     strategy        PnL: 10:59:29 MTM=-427.00 Loss=0.07%
2026-07-16 10:59:30 INFO     strategy        PnL: 10:59:30 MTM=-486.00 Loss=0.07%
2026-07-16 10:59:31 INFO     strategy        PnL: 10:59:31 MTM=-507.00 Loss=0.08%
2026-07-16 10:59:32 INFO     strategy        PnL: 10:59:32 MTM=-524.00 Loss=0.08%
2026-07-16 10:59:33 INFO     strategy        PnL: 10:59:33 MTM=-540.00 Loss=0.08%
2026-07-16 10:59:34 INFO     strategy        PnL: 10:59:34 MTM=-510.00 Loss=0.08%
2026-07-16 10:59:35 INFO     strategy        PnL: 10:59:35 MTM=-549.00 Loss=0.08%
2026-07-16 10:59:36 INFO     strategy        PnL: 10:59:36 MTM=-564.00 Loss=0.09%
2026-07-16 10:59:37 INFO     strategy        PnL: 10:59:37 MTM=-503.00 Loss=0.08%
2026-07-16 10:59:38 INFO     strategy        PnL: 10:59:38 MTM=-581.00 Loss=0.09%
2026-07-16 10:59:39 INFO     strategy        PnL: 10:59:39 MTM=-625.00 Loss=0.10%
2026-07-16 10:59:40 INFO     strategy        PnL: 10:59:40 MTM=-602.00 Loss=0.09%
2026-07-16 10:59:41 INFO     strategy        PnL: 10:59:41 MTM=-558.00 Loss=0.09%
2026-07-16 10:59:42 INFO     strategy        PnL: 10:59:42 MTM=-579.00 Loss=0.09%
2026-07-16 10:59:43 INFO     strategy        PnL: 10:59:43 MTM=-646.00 Loss=0.10%
2026-07-16 10:59:44 INFO     strategy        PnL: 10:59:44 MTM=-621.00 Loss=0.10%
2026-07-16 10:59:45 INFO     strategy        PnL: 10:59:45 MTM=-714.00 Loss=0.11%
2026-07-16 10:59:46 INFO     strategy        PnL: 10:59:46 MTM=-804.00 Loss=0.12%
2026-07-16 10:59:47 INFO     strategy        PnL: 10:59:47 MTM=-745.00 Loss=0.11%
2026-07-16 10:59:48 INFO     strategy        PnL: 10:59:48 MTM=-766.00 Loss=0.12%
2026-07-16 10:59:49 INFO     strategy        PnL: 10:59:49 MTM=-639.00 Loss=0.10%
2026-07-16 10:59:50 INFO     strategy        PnL: 10:59:50 MTM=-684.00 Loss=0.11%
2026-07-16 10:59:52 INFO     strategy        PnL: 10:59:52 MTM=-631.00 Loss=0.10%
2026-07-16 10:59:53 INFO     strategy        PnL: 10:59:53 MTM=-810.00 Loss=0.12%
2026-07-16 10:59:54 INFO     strategy        PnL: 10:59:54 MTM=-766.00 Loss=0.12%
2026-07-16 10:59:55 INFO     strategy        PnL: 10:59:55 MTM=-763.00 Loss=0.12%
2026-07-16 10:59:56 INFO     strategy        PnL: 10:59:56 MTM=-882.00 Loss=0.14%
2026-07-16 10:59:57 INFO     strategy        PnL: 10:59:57 MTM=-873.00 Loss=0.13%
2026-07-16 10:59:58 INFO     strategy        PnL: 10:59:58 MTM=-934.00 Loss=0.14%
2026-07-16 10:59:59 INFO     strategy        PnL: 10:59:59 MTM=-781.00 Loss=0.12%
2026-07-16 11:00:00 INFO     strategy        PnL: 11:00:00 MTM=-776.00 Loss=0.12%
2026-07-16 11:00:01 INFO     strategy        PnL: 11:00:01 MTM=-733.00 Loss=0.11%
2026-07-16 11:00:02 INFO     strategy        PnL: 11:00:02 MTM=-921.00 Loss=0.14%
2026-07-16 11:00:03 INFO     strategy        PnL: 11:00:03 MTM=-1113.00 Loss=0.17%
2026-07-16 11:00:04 INFO     strategy        PnL: 11:00:04 MTM=-1102.00 Loss=0.17%
2026-07-16 11:00:05 INFO     strategy        PnL: 11:00:05 MTM=-1078.00 Loss=0.17%
2026-07-16 11:00:06 INFO     strategy        PnL: 11:00:06 MTM=-910.00 Loss=0.14%
2026-07-16 11:00:07 INFO     strategy        PnL: 11:00:07 MTM=-1015.00 Loss=0.16%
2026-07-16 11:00:08 INFO     strategy        PnL: 11:00:08 MTM=-980.00 Loss=0.15%
2026-07-16 11:00:09 INFO     strategy        PnL: 11:00:09 MTM=-1003.00 Loss=0.15%
2026-07-16 11:00:10 INFO     strategy        PnL: 11:00:10 MTM=-847.00 Loss=0.13%
2026-07-16 11:00:11 INFO     strategy        PnL: 11:00:11 MTM=-1065.00 Loss=0.16%
2026-07-16 11:00:12 INFO     strategy        PnL: 11:00:12 MTM=-1115.00 Loss=0.17%
2026-07-16 11:00:13 INFO     strategy        PnL: 11:00:13 MTM=-1081.00 Loss=0.17%
2026-07-16 11:00:14 INFO     strategy        PnL: 11:00:14 MTM=-1004.00 Loss=0.15%
2026-07-16 11:00:15 INFO     strategy        PnL: 11:00:15 MTM=-1053.00 Loss=0.16%
2026-07-16 11:00:16 INFO     strategy        PnL: 11:00:16 MTM=-1140.00 Loss=0.18%
2026-07-16 11:00:17 INFO     strategy        PnL: 11:00:17 MTM=-1128.00 Loss=0.17%
2026-07-16 11:00:18 INFO     strategy        PnL: 11:00:18 MTM=-1096.00 Loss=0.17%
2026-07-16 11:00:19 INFO     strategy        PnL: 11:00:19 MTM=-1128.00 Loss=0.17%
2026-07-16 11:00:20 INFO     strategy        PnL: 11:00:20 MTM=-1014.00 Loss=0.16%
2026-07-16 11:00:21 INFO     strategy        PnL: 11:00:21 MTM=-1071.00 Loss=0.17%
2026-07-16 11:00:22 INFO     strategy        PnL: 11:00:22 MTM=-1095.00 Loss=0.17%
2026-07-16 11:00:23 INFO     strategy        PnL: 11:00:23 MTM=-1148.00 Loss=0.18%
2026-07-16 11:00:24 INFO     strategy        PnL: 11:00:24 MTM=-1071.00 Loss=0.17%
2026-07-16 11:00:25 INFO     strategy        PnL: 11:00:25 MTM=-1080.00 Loss=0.17%
2026-07-16 11:00:26 INFO     strategy        PnL: 11:00:26 MTM=-1164.00 Loss=0.18%
2026-07-16 11:00:27 INFO     strategy        PnL: 11:00:27 MTM=-1211.00 Loss=0.19%
2026-07-16 11:00:28 INFO     strategy        PnL: 11:00:28 MTM=-1226.00 Loss=0.19%
2026-07-16 11:00:29 INFO     strategy        PnL: 11:00:29 MTM=-1226.00 Loss=0.19%
2026-07-16 11:00:30 INFO     strategy        PnL: 11:00:30 MTM=-1228.00 Loss=0.19%
2026-07-16 11:00:31 INFO     strategy        PnL: 11:00:31 MTM=-1270.00 Loss=0.20%
2026-07-16 11:00:32 INFO     strategy        PnL: 11:00:32 MTM=-1349.00 Loss=0.21%
2026-07-16 11:00:33 INFO     strategy        PnL: 11:00:33 MTM=-1534.00 Loss=0.24%
2026-07-16 11:00:34 INFO     strategy        PnL: 11:00:34 MTM=-1507.00 Loss=0.23%
2026-07-16 11:00:35 INFO     strategy        PnL: 11:00:35 MTM=-1506.00 Loss=0.23%
2026-07-16 11:00:36 INFO     strategy        PnL: 11:00:36 MTM=-1526.00 Loss=0.24%
2026-07-16 11:00:37 INFO     strategy        PnL: 11:00:37 MTM=-1340.00 Loss=0.21%
2026-07-16 11:00:38 INFO     strategy        PnL: 11:00:38 MTM=-1325.00 Loss=0.20%
2026-07-16 11:00:39 INFO     strategy        PnL: 11:00:39 MTM=-1500.00 Loss=0.23%
2026-07-16 11:00:40 INFO     strategy        PnL: 11:00:40 MTM=-1326.00 Loss=0.20%
2026-07-16 11:00:41 INFO     strategy        PnL: 11:00:41 MTM=-1421.00 Loss=0.22%
2026-07-16 11:00:42 INFO     strategy        PnL: 11:00:42 MTM=-1465.00 Loss=0.23%
2026-07-16 11:00:43 INFO     strategy        PnL: 11:00:43 MTM=-1481.00 Loss=0.23%
2026-07-16 11:00:44 INFO     strategy        PnL: 11:00:44 MTM=-1411.00 Loss=0.22%
2026-07-16 11:00:45 INFO     strategy        PnL: 11:00:45 MTM=-1418.00 Loss=0.22%
2026-07-16 11:00:46 INFO     strategy        PnL: 11:00:46 MTM=-1533.00 Loss=0.24%
2026-07-16 11:00:47 INFO     strategy        PnL: 11:00:47 MTM=-1440.00 Loss=0.22%
2026-07-16 11:00:48 INFO     strategy        PnL: 11:00:48 MTM=-1401.00 Loss=0.22%
2026-07-16 11:00:49 INFO     strategy        PnL: 11:00:49 MTM=-1496.00 Loss=0.23%
2026-07-16 11:00:50 INFO     strategy        PnL: 11:00:50 MTM=-1430.00 Loss=0.22%
2026-07-16 11:00:51 INFO     strategy        PnL: 11:00:51 MTM=-1700.00 Loss=0.26%
2026-07-16 11:00:52 INFO     strategy        PnL: 11:00:52 MTM=-1676.00 Loss=0.26%
2026-07-16 11:00:53 INFO     strategy        PnL: 11:00:53 MTM=-1319.00 Loss=0.20%
2026-07-16 11:00:54 INFO     strategy        PnL: 11:00:54 MTM=-1393.00 Loss=0.21%
2026-07-16 11:00:55 INFO     strategy        PnL: 11:00:55 MTM=-1299.00 Loss=0.20%
2026-07-16 11:00:56 INFO     strategy        PnL: 11:00:56 MTM=-1371.00 Loss=0.21%
2026-07-16 11:00:57 INFO     strategy        PnL: 11:00:57 MTM=-1380.00 Loss=0.21%
2026-07-16 11:00:58 INFO     strategy        PnL: 11:00:58 MTM=-1240.00 Loss=0.19%
2026-07-16 11:00:59 INFO     strategy        PnL: 11:00:59 MTM=-1181.00 Loss=0.18%
2026-07-16 11:01:00 INFO     strategy        PnL: 11:01:00 MTM=-1128.00 Loss=0.17%
2026-07-16 11:01:01 INFO     strategy        PnL: 11:01:01 MTM=-1234.00 Loss=0.19%
2026-07-16 11:01:02 INFO     strategy        PnL: 11:01:02 MTM=-1159.00 Loss=0.18%
2026-07-16 11:01:03 INFO     strategy        PnL: 11:01:03 MTM=-1261.00 Loss=0.19%
2026-07-16 11:01:04 INFO     strategy        PnL: 11:01:04 MTM=-1208.00 Loss=0.19%
2026-07-16 11:01:05 INFO     strategy        PnL: 11:01:05 MTM=-1287.00 Loss=0.20%
2026-07-16 11:01:06 INFO     strategy        PnL: 11:01:06 MTM=-1165.00 Loss=0.18%
2026-07-16 11:01:07 INFO     strategy        PnL: 11:01:07 MTM=-1213.00 Loss=0.19%
2026-07-16 11:01:08 INFO     strategy        PnL: 11:01:08 MTM=-1094.00 Loss=0.17%
2026-07-16 11:01:09 INFO     strategy        PnL: 11:01:09 MTM=-1077.00 Loss=0.17%
2026-07-16 11:01:10 INFO     strategy        PnL: 11:01:10 MTM=-1040.00 Loss=0.16%
2026-07-16 11:01:11 INFO     strategy        PnL: 11:01:11 MTM=-1027.00 Loss=0.16%
2026-07-16 11:01:13 INFO     strategy        PnL: 11:01:13 MTM=-1009.00 Loss=0.16%
2026-07-16 11:01:14 INFO     strategy        PnL: 11:01:14 MTM=-976.00 Loss=0.15%
2026-07-16 11:01:15 INFO     strategy        PnL: 11:01:15 MTM=-1001.00 Loss=0.15%
2026-07-16 11:01:16 INFO     strategy        PnL: 11:01:16 MTM=-984.00 Loss=0.15%
2026-07-16 11:01:17 INFO     strategy        PnL: 11:01:17 MTM=-1052.00 Loss=0.16%
2026-07-16 11:01:18 INFO     strategy        PnL: 11:01:18 MTM=-1100.00 Loss=0.17%
2026-07-16 11:01:19 INFO     strategy        PnL: 11:01:19 MTM=-1021.00 Loss=0.16%
2026-07-16 11:01:20 INFO     strategy        PnL: 11:01:20 MTM=-1023.00 Loss=0.16%
2026-07-16 11:01:21 INFO     strategy        PnL: 11:01:21 MTM=-1007.00 Loss=0.16%
2026-07-16 11:01:22 INFO     strategy        PnL: 11:01:22 MTM=-982.00 Loss=0.15%
2026-07-16 11:01:23 INFO     strategy        PnL: 11:01:23 MTM=-997.00 Loss=0.15%
2026-07-16 11:01:24 INFO     strategy        PnL: 11:01:24 MTM=-1024.00 Loss=0.16%
2026-07-16 11:01:25 INFO     strategy        PnL: 11:01:25 MTM=-1071.00 Loss=0.17%
2026-07-16 11:01:26 INFO     strategy        PnL: 11:01:26 MTM=-1029.00 Loss=0.16%
2026-07-16 11:01:27 INFO     strategy        PnL: 11:01:27 MTM=-1071.00 Loss=0.17%
2026-07-16 11:01:28 INFO     strategy        PnL: 11:01:28 MTM=-992.00 Loss=0.15%
2026-07-16 11:01:29 INFO     strategy        PnL: 11:01:29 MTM=-1045.00 Loss=0.16%
2026-07-16 11:01:30 INFO     strategy        PnL: 11:01:30 MTM=-1013.00 Loss=0.16%
2026-07-16 11:01:31 INFO     strategy        PnL: 11:01:31 MTM=-1044.00 Loss=0.16%
2026-07-16 11:01:32 INFO     strategy        PnL: 11:01:32 MTM=-966.00 Loss=0.15%
2026-07-16 11:01:33 INFO     strategy        PnL: 11:01:33 MTM=-1030.00 Loss=0.16%
2026-07-16 11:01:34 INFO     strategy        PnL: 11:01:34 MTM=-1012.00 Loss=0.16%
2026-07-16 11:01:35 INFO     strategy        PnL: 11:01:35 MTM=-996.00 Loss=0.15%
2026-07-16 11:01:36 INFO     strategy        PnL: 11:01:36 MTM=-1035.00 Loss=0.16%
2026-07-16 11:01:37 INFO     strategy        PnL: 11:01:37 MTM=-975.00 Loss=0.15%
2026-07-16 11:01:38 INFO     strategy        PnL: 11:01:38 MTM=-945.00 Loss=0.15%
2026-07-16 11:01:39 INFO     strategy        PnL: 11:01:39 MTM=-964.00 Loss=0.15%
2026-07-16 11:01:40 INFO     strategy        PnL: 11:01:40 MTM=-906.00 Loss=0.14%
2026-07-16 11:01:41 INFO     strategy        PnL: 11:01:41 MTM=-886.00 Loss=0.14%
2026-07-16 11:01:42 INFO     strategy        PnL: 11:01:42 MTM=-1007.00 Loss=0.16%
2026-07-16 11:01:43 INFO     strategy        PnL: 11:01:43 MTM=-996.00 Loss=0.15%
2026-07-16 11:01:44 INFO     strategy        PnL: 11:01:44 MTM=-954.00 Loss=0.15%
2026-07-16 11:01:45 INFO     strategy        PnL: 11:01:45 MTM=-963.00 Loss=0.15%
2026-07-16 11:01:46 INFO     strategy        PnL: 11:01:46 MTM=-972.00 Loss=0.15%
2026-07-16 11:01:47 INFO     strategy        PnL: 11:01:47 MTM=-1054.00 Loss=0.16%
2026-07-16 11:01:48 INFO     strategy        PnL: 11:01:48 MTM=-1177.00 Loss=0.18%
2026-07-16 11:01:49 INFO     strategy        PnL: 11:01:49 MTM=-1147.00 Loss=0.18%
2026-07-16 11:01:50 INFO     strategy        PnL: 11:01:50 MTM=-1148.00 Loss=0.18%
2026-07-16 11:01:51 INFO     strategy        PnL: 11:01:51 MTM=-1157.00 Loss=0.18%
2026-07-16 11:01:52 INFO     strategy        PnL: 11:01:52 MTM=-1131.00 Loss=0.17%
2026-07-16 11:01:53 INFO     strategy        PnL: 11:01:53 MTM=-1214.00 Loss=0.19%
2026-07-16 11:01:54 INFO     strategy        PnL: 11:01:54 MTM=-1208.00 Loss=0.19%
2026-07-16 11:01:55 INFO     strategy        PnL: 11:01:55 MTM=-1208.00 Loss=0.19%
2026-07-16 11:01:56 INFO     strategy        PnL: 11:01:56 MTM=-1207.00 Loss=0.19%
2026-07-16 11:01:57 INFO     strategy        PnL: 11:01:57 MTM=-1197.00 Loss=0.18%
2026-07-16 11:01:58 INFO     strategy        PnL: 11:01:58 MTM=-1134.00 Loss=0.17%
2026-07-16 11:01:59 INFO     strategy        PnL: 11:01:59 MTM=-1063.00 Loss=0.16%
2026-07-16 11:02:00 INFO     strategy        PnL: 11:02:00 MTM=-1196.00 Loss=0.18%
2026-07-16 11:02:01 INFO     strategy        PnL: 11:02:01 MTM=-1107.00 Loss=0.17%
2026-07-16 11:02:02 INFO     strategy        PnL: 11:02:02 MTM=-1113.00 Loss=0.17%
2026-07-16 11:02:03 INFO     strategy        PnL: 11:02:03 MTM=-1071.00 Loss=0.17%
2026-07-16 11:02:04 INFO     strategy        PnL: 11:02:04 MTM=-1119.00 Loss=0.17%
2026-07-16 11:02:05 INFO     strategy        PnL: 11:02:05 MTM=-1149.00 Loss=0.18%
2026-07-16 11:02:06 INFO     strategy        PnL: 11:02:06 MTM=-1214.00 Loss=0.19%
2026-07-16 11:02:07 INFO     strategy        PnL: 11:02:07 MTM=-1028.00 Loss=0.16%
2026-07-16 11:02:08 INFO     strategy        PnL: 11:02:08 MTM=-1025.00 Loss=0.16%
2026-07-16 11:02:09 INFO     strategy        PnL: 11:02:09 MTM=-1061.00 Loss=0.16%
2026-07-16 11:02:10 INFO     strategy        PnL: 11:02:10 MTM=-1016.00 Loss=0.16%
2026-07-16 11:02:11 INFO     strategy        PnL: 11:02:11 MTM=-1140.00 Loss=0.18%
2026-07-16 11:02:12 INFO     strategy        PnL: 11:02:12 MTM=-1049.00 Loss=0.16%
2026-07-16 11:02:13 INFO     strategy        PnL: 11:02:13 MTM=-1170.00 Loss=0.18%
2026-07-16 11:02:14 INFO     strategy        PnL: 11:02:14 MTM=-1037.00 Loss=0.16%
2026-07-16 11:02:15 INFO     strategy        PnL: 11:02:15 MTM=-1072.00 Loss=0.17%
2026-07-16 11:02:16 INFO     strategy        PnL: 11:02:16 MTM=-1039.00 Loss=0.16%
2026-07-16 11:02:17 INFO     strategy        PnL: 11:02:17 MTM=-1039.00 Loss=0.16%
2026-07-16 11:02:18 INFO     strategy        PnL: 11:02:18 MTM=-1057.00 Loss=0.16%
2026-07-16 11:02:19 INFO     strategy        PnL: 11:02:19 MTM=-990.00 Loss=0.15%
2026-07-16 11:02:20 INFO     strategy        PnL: 11:02:20 MTM=-1080.00 Loss=0.17%
2026-07-16 11:02:21 INFO     strategy        PnL: 11:02:21 MTM=-1144.00 Loss=0.18%
2026-07-16 11:02:22 INFO     strategy        PnL: 11:02:22 MTM=-1192.00 Loss=0.18%
2026-07-16 11:02:23 INFO     strategy        PnL: 11:02:23 MTM=-1088.00 Loss=0.17%
2026-07-16 11:02:24 INFO     strategy        PnL: 11:02:24 MTM=-1135.00 Loss=0.17%
2026-07-16 11:02:25 INFO     strategy        PnL: 11:02:25 MTM=-1098.00 Loss=0.17%
2026-07-16 11:02:26 INFO     strategy        PnL: 11:02:26 MTM=-1069.00 Loss=0.16%
2026-07-16 11:02:27 INFO     strategy        PnL: 11:02:27 MTM=-1115.00 Loss=0.17%
2026-07-16 11:02:28 INFO     strategy        PnL: 11:02:28 MTM=-1136.00 Loss=0.18%
2026-07-16 11:02:30 INFO     strategy        PnL: 11:02:29 MTM=-1121.00 Loss=0.17%
2026-07-16 11:02:31 INFO     strategy        PnL: 11:02:31 MTM=-1105.00 Loss=0.17%
2026-07-16 11:02:32 INFO     strategy        PnL: 11:02:32 MTM=-1082.00 Loss=0.17%
2026-07-16 11:02:33 INFO     strategy        PnL: 11:02:33 MTM=-1048.00 Loss=0.16%
2026-07-16 11:02:34 INFO     strategy        PnL: 11:02:34 MTM=-1048.00 Loss=0.16%
2026-07-16 11:02:35 INFO     strategy        PnL: 11:02:35 MTM=-1058.00 Loss=0.16%
2026-07-16 11:02:36 INFO     strategy        PnL: 11:02:36 MTM=-1073.00 Loss=0.17%
2026-07-16 11:02:37 INFO     strategy        PnL: 11:02:37 MTM=-1067.00 Loss=0.16%
2026-07-16 11:02:38 INFO     strategy        PnL: 11:02:38 MTM=-1061.00 Loss=0.16%
2026-07-16 11:02:39 INFO     strategy        PnL: 11:02:39 MTM=-1015.00 Loss=0.16%
2026-07-16 11:02:40 INFO     strategy        PnL: 11:02:40 MTM=-984.00 Loss=0.15%
2026-07-16 11:02:41 INFO     strategy        PnL: 11:02:41 MTM=-1032.00 Loss=0.16%
2026-07-16 11:02:42 INFO     strategy        PnL: 11:02:42 MTM=-1134.00 Loss=0.17%
2026-07-16 11:02:43 INFO     strategy        PnL: 11:02:43 MTM=-1071.00 Loss=0.17%
2026-07-16 11:02:44 INFO     strategy        PnL: 11:02:44 MTM=-1042.00 Loss=0.16%
2026-07-16 11:02:45 INFO     strategy        PnL: 11:02:45 MTM=-1039.00 Loss=0.16%
2026-07-16 11:02:46 INFO     strategy        PnL: 11:02:46 MTM=-1074.00 Loss=0.17%
2026-07-16 11:02:47 INFO     strategy        PnL: 11:02:47 MTM=-1014.00 Loss=0.16%
2026-07-16 11:02:48 INFO     strategy        PnL: 11:02:48 MTM=-937.00 Loss=0.14%
2026-07-16 11:02:49 INFO     strategy        PnL: 11:02:49 MTM=-1022.00 Loss=0.16%
2026-07-16 11:02:50 INFO     strategy        PnL: 11:02:50 MTM=-1032.00 Loss=0.16%
2026-07-16 11:02:51 INFO     strategy        PnL: 11:02:51 MTM=-986.00 Loss=0.15%
2026-07-16 11:02:52 INFO     strategy        PnL: 11:02:52 MTM=-951.00 Loss=0.15%
2026-07-16 11:02:53 INFO     strategy        PnL: 11:02:53 MTM=-917.00 Loss=0.14%
2026-07-16 11:02:54 INFO     strategy        PnL: 11:02:54 MTM=-928.00 Loss=0.14%
2026-07-16 11:02:55 INFO     strategy        PnL: 11:02:55 MTM=-948.00 Loss=0.15%
2026-07-16 11:02:56 INFO     strategy        PnL: 11:02:56 MTM=-964.00 Loss=0.15%
2026-07-16 11:02:57 INFO     strategy        PnL: 11:02:57 MTM=-896.00 Loss=0.14%
2026-07-16 11:02:58 INFO     strategy        PnL: 11:02:58 MTM=-930.00 Loss=0.14%
2026-07-16 11:02:59 INFO     strategy        PnL: 11:02:59 MTM=-950.00 Loss=0.15%
2026-07-16 11:03:00 INFO     strategy        PnL: 11:03:00 MTM=-948.00 Loss=0.15%
2026-07-16 11:03:01 INFO     strategy        PnL: 11:03:01 MTM=-955.00 Loss=0.15%
2026-07-16 11:03:02 INFO     strategy        PnL: 11:03:02 MTM=-973.00 Loss=0.15%
2026-07-16 11:03:03 INFO     strategy        PnL: 11:03:03 MTM=-972.00 Loss=0.15%
2026-07-16 11:03:04 INFO     strategy        PnL: 11:03:04 MTM=-1020.00 Loss=0.16%
2026-07-16 11:03:05 INFO     strategy        PnL: 11:03:05 MTM=-1047.00 Loss=0.16%
2026-07-16 11:03:06 INFO     strategy        PnL: 11:03:06 MTM=-1028.00 Loss=0.16%
2026-07-16 11:03:07 INFO     strategy        PnL: 11:03:07 MTM=-1076.00 Loss=0.17%
2026-07-16 11:03:08 INFO     strategy        PnL: 11:03:08 MTM=-1037.00 Loss=0.16%
2026-07-16 11:03:09 INFO     strategy        PnL: 11:03:09 MTM=-1030.00 Loss=0.16%
2026-07-16 11:03:10 INFO     strategy        PnL: 11:03:10 MTM=-1038.00 Loss=0.16%
2026-07-16 11:03:11 INFO     strategy        PnL: 11:03:11 MTM=-1056.00 Loss=0.16%
2026-07-16 11:03:12 INFO     strategy        PnL: 11:03:12 MTM=-1023.00 Loss=0.16%
2026-07-16 11:03:13 INFO     strategy        PnL: 11:03:13 MTM=-1021.00 Loss=0.16%
2026-07-16 11:03:14 INFO     strategy        PnL: 11:03:14 MTM=-990.00 Loss=0.15%
2026-07-16 11:03:15 INFO     strategy        PnL: 11:03:15 MTM=-1025.00 Loss=0.16%
2026-07-16 11:03:16 INFO     strategy        PnL: 11:03:16 MTM=-1003.00 Loss=0.15%
2026-07-16 11:03:17 INFO     strategy        PnL: 11:03:17 MTM=-1011.00 Loss=0.16%
2026-07-16 11:03:18 INFO     strategy        PnL: 11:03:18 MTM=-1026.00 Loss=0.16%
2026-07-16 11:03:19 INFO     strategy        PnL: 11:03:19 MTM=-1065.00 Loss=0.16%
2026-07-16 11:03:20 INFO     strategy        PnL: 11:03:20 MTM=-1111.00 Loss=0.17%
2026-07-16 11:03:21 INFO     strategy        PnL: 11:03:21 MTM=-1068.00 Loss=0.16%
2026-07-16 11:03:22 INFO     strategy        PnL: 11:03:22 MTM=-1068.00 Loss=0.16%
2026-07-16 11:03:23 INFO     strategy        PnL: 11:03:23 MTM=-1074.00 Loss=0.17%
2026-07-16 11:03:24 INFO     strategy        PnL: 11:03:24 MTM=-1019.00 Loss=0.16%
2026-07-16 11:03:25 INFO     strategy        PnL: 11:03:25 MTM=-977.00 Loss=0.15%
2026-07-16 11:03:26 INFO     strategy        PnL: 11:03:26 MTM=-1004.00 Loss=0.15%
2026-07-16 11:03:27 INFO     strategy        PnL: 11:03:27 MTM=-1029.00 Loss=0.16%
2026-07-16 11:03:28 INFO     strategy        PnL: 11:03:28 MTM=-1074.00 Loss=0.17%
2026-07-16 11:03:29 INFO     strategy        PnL: 11:03:29 MTM=-1053.00 Loss=0.16%
2026-07-16 11:03:30 INFO     strategy        PnL: 11:03:30 MTM=-1072.00 Loss=0.17%
2026-07-16 11:03:31 INFO     strategy        PnL: 11:03:31 MTM=-1034.00 Loss=0.16%
2026-07-16 11:03:32 INFO     strategy        PnL: 11:03:32 MTM=-1108.00 Loss=0.17%
2026-07-16 11:03:33 INFO     strategy        PnL: 11:03:33 MTM=-916.00 Loss=0.14%
2026-07-16 11:03:34 INFO     strategy        PnL: 11:03:34 MTM=-968.00 Loss=0.15%
2026-07-16 11:03:35 INFO     strategy        PnL: 11:03:35 MTM=-940.00 Loss=0.14%
2026-07-16 11:03:36 INFO     strategy        PnL: 11:03:36 MTM=-943.00 Loss=0.15%
2026-07-16 11:03:37 INFO     strategy        PnL: 11:03:37 MTM=-891.00 Loss=0.14%
2026-07-16 11:03:39 INFO     strategy        PnL: 11:03:38 MTM=-947.00 Loss=0.15%
2026-07-16 11:03:40 INFO     strategy        PnL: 11:03:40 MTM=-881.00 Loss=0.14%
2026-07-16 11:03:41 INFO     strategy        PnL: 11:03:41 MTM=-938.00 Loss=0.14%
2026-07-16 11:03:42 INFO     strategy        PnL: 11:03:42 MTM=-858.00 Loss=0.13%
2026-07-16 11:03:43 INFO     strategy        PnL: 11:03:43 MTM=-855.00 Loss=0.13%
2026-07-16 11:03:44 INFO     strategy        PnL: 11:03:44 MTM=-828.00 Loss=0.13%
2026-07-16 11:03:45 INFO     strategy        PnL: 11:03:45 MTM=-791.00 Loss=0.12%
2026-07-16 11:03:46 INFO     strategy        PnL: 11:03:46 MTM=-817.00 Loss=0.13%
2026-07-16 11:03:47 INFO     strategy        PnL: 11:03:47 MTM=-785.00 Loss=0.12%
2026-07-16 11:03:48 INFO     strategy        PnL: 11:03:48 MTM=-714.00 Loss=0.11%
2026-07-16 11:03:49 INFO     strategy        PnL: 11:03:49 MTM=-911.00 Loss=0.14%
2026-07-16 11:03:50 INFO     strategy        PnL: 11:03:50 MTM=-791.00 Loss=0.12%
2026-07-16 11:03:51 INFO     strategy        PnL: 11:03:51 MTM=-824.00 Loss=0.13%
2026-07-16 11:03:52 INFO     strategy        PnL: 11:03:52 MTM=-806.00 Loss=0.12%
2026-07-16 11:03:53 INFO     strategy        PnL: 11:03:53 MTM=-753.00 Loss=0.12%
2026-07-16 11:03:54 INFO     strategy        PnL: 11:03:54 MTM=-756.00 Loss=0.12%
2026-07-16 11:03:55 INFO     strategy        PnL: 11:03:55 MTM=-744.00 Loss=0.11%
2026-07-16 11:03:56 INFO     strategy        PnL: 11:03:56 MTM=-775.00 Loss=0.12%
2026-07-16 11:03:57 INFO     strategy        PnL: 11:03:57 MTM=-807.00 Loss=0.12%
2026-07-16 11:03:58 INFO     strategy        PnL: 11:03:58 MTM=-760.00 Loss=0.12%
2026-07-16 11:03:59 INFO     strategy        PnL: 11:03:59 MTM=-753.00 Loss=0.12%
2026-07-16 11:04:00 INFO     strategy        PnL: 11:04:00 MTM=-786.00 Loss=0.12%
2026-07-16 11:04:01 INFO     strategy        PnL: 11:04:01 MTM=-769.00 Loss=0.12%
2026-07-16 11:04:02 INFO     strategy        PnL: 11:04:02 MTM=-756.00 Loss=0.12%
2026-07-16 11:04:03 INFO     strategy        PnL: 11:04:03 MTM=-783.00 Loss=0.12%
2026-07-16 11:04:04 INFO     strategy        PnL: 11:04:04 MTM=-773.00 Loss=0.12%
2026-07-16 11:04:05 INFO     strategy        PnL: 11:04:05 MTM=-761.00 Loss=0.12%
2026-07-16 11:04:06 INFO     strategy        PnL: 11:04:06 MTM=-788.00 Loss=0.12%
2026-07-16 11:04:07 INFO     strategy        PnL: 11:04:07 MTM=-813.00 Loss=0.13%
2026-07-16 11:04:08 INFO     strategy        PnL: 11:04:08 MTM=-792.00 Loss=0.12%
2026-07-16 11:04:09 INFO     strategy        PnL: 11:04:09 MTM=-743.00 Loss=0.11%
2026-07-16 11:04:10 INFO     strategy        PnL: 11:04:10 MTM=-716.00 Loss=0.11%
2026-07-16 11:04:11 INFO     strategy        PnL: 11:04:11 MTM=-744.00 Loss=0.11%
2026-07-16 11:04:12 INFO     strategy        PnL: 11:04:12 MTM=-623.00 Loss=0.10%
2026-07-16 11:04:13 INFO     strategy        PnL: 11:04:13 MTM=-587.00 Loss=0.09%
2026-07-16 11:04:14 INFO     strategy        PnL: 11:04:14 MTM=-612.00 Loss=0.09%
2026-07-16 11:04:15 INFO     strategy        PnL: 11:04:15 MTM=-597.00 Loss=0.09%
2026-07-16 11:04:16 INFO     strategy        PnL: 11:04:16 MTM=-567.00 Loss=0.09%
2026-07-16 11:04:17 INFO     strategy        PnL: 11:04:17 MTM=-534.00 Loss=0.08%
2026-07-16 11:04:18 INFO     strategy        PnL: 11:04:18 MTM=-673.00 Loss=0.10%
2026-07-16 11:04:19 INFO     strategy        PnL: 11:04:19 MTM=-629.00 Loss=0.10%
2026-07-16 11:04:20 INFO     strategy        PnL: 11:04:20 MTM=-624.00 Loss=0.10%
2026-07-16 11:04:21 INFO     strategy        PnL: 11:04:21 MTM=-646.00 Loss=0.10%
2026-07-16 11:04:22 INFO     strategy        PnL: 11:04:22 MTM=-621.00 Loss=0.10%
2026-07-16 11:04:23 INFO     strategy        PnL: 11:04:23 MTM=-622.00 Loss=0.10%
2026-07-16 11:04:24 INFO     strategy        PnL: 11:04:24 MTM=-637.00 Loss=0.10%
2026-07-16 11:04:25 INFO     strategy        PnL: 11:04:25 MTM=-606.00 Loss=0.09%
2026-07-16 11:04:26 INFO     strategy        PnL: 11:04:26 MTM=-677.00 Loss=0.10%
2026-07-16 11:04:27 INFO     strategy        PnL: 11:04:27 MTM=-668.00 Loss=0.10%
2026-07-16 11:04:28 INFO     strategy        PnL: 11:04:28 MTM=-654.00 Loss=0.10%
2026-07-16 11:04:29 INFO     strategy        PnL: 11:04:29 MTM=-590.00 Loss=0.09%
2026-07-16 11:04:30 INFO     strategy        PnL: 11:04:30 MTM=-588.00 Loss=0.09%
2026-07-16 11:04:31 INFO     strategy        PnL: 11:04:31 MTM=-598.00 Loss=0.09%
2026-07-16 11:04:32 INFO     strategy        PnL: 11:04:32 MTM=-536.00 Loss=0.08%
2026-07-16 11:04:33 INFO     strategy        PnL: 11:04:33 MTM=-603.00 Loss=0.09%
2026-07-16 11:04:34 INFO     strategy        PnL: 11:04:34 MTM=-544.00 Loss=0.08%
2026-07-16 11:04:35 INFO     strategy        PnL: 11:04:35 MTM=-545.00 Loss=0.08%
2026-07-16 11:04:36 INFO     strategy        PnL: 11:04:36 MTM=-539.00 Loss=0.08%
2026-07-16 11:04:37 INFO     strategy        PnL: 11:04:37 MTM=-552.00 Loss=0.09%
2026-07-16 11:04:38 INFO     strategy        PnL: 11:04:38 MTM=-487.00 Loss=0.08%
2026-07-16 11:04:39 INFO     strategy        PnL: 11:04:39 MTM=-510.00 Loss=0.08%
2026-07-16 11:04:41 INFO     strategy        PnL: 11:04:41 MTM=-497.00 Loss=0.08%
2026-07-16 11:04:42 INFO     strategy        PnL: 11:04:42 MTM=-475.00 Loss=0.07%
2026-07-16 11:04:43 INFO     strategy        PnL: 11:04:43 MTM=-441.00 Loss=0.07%
2026-07-16 11:04:44 INFO     strategy        PnL: 11:04:44 MTM=-449.00 Loss=0.07%
2026-07-16 11:04:45 INFO     strategy        PnL: 11:04:45 MTM=-401.00 Loss=0.06%
2026-07-16 11:04:46 INFO     strategy        PnL: 11:04:46 MTM=-434.00 Loss=0.07%
2026-07-16 11:04:47 INFO     strategy        PnL: 11:04:47 MTM=-495.00 Loss=0.08%
2026-07-16 11:04:48 INFO     strategy        PnL: 11:04:48 MTM=-532.00 Loss=0.08%
2026-07-16 11:04:49 INFO     strategy        PnL: 11:04:49 MTM=-507.00 Loss=0.08%
2026-07-16 11:04:50 INFO     strategy        PnL: 11:04:50 MTM=-521.00 Loss=0.08%
2026-07-16 11:04:51 INFO     strategy        PnL: 11:04:51 MTM=-470.00 Loss=0.07%
2026-07-16 11:04:52 INFO     strategy        PnL: 11:04:52 MTM=-471.00 Loss=0.07%
2026-07-16 11:04:53 INFO     strategy        PnL: 11:04:53 MTM=-457.00 Loss=0.07%
2026-07-16 11:04:54 INFO     strategy        PnL: 11:04:54 MTM=-473.00 Loss=0.07%
2026-07-16 11:04:55 INFO     strategy        PnL: 11:04:55 MTM=-499.00 Loss=0.08%
2026-07-16 11:04:56 INFO     strategy        PnL: 11:04:56 MTM=-486.00 Loss=0.07%
2026-07-16 11:04:57 INFO     strategy        PnL: 11:04:57 MTM=-544.00 Loss=0.08%
2026-07-16 11:04:58 INFO     strategy        PnL: 11:04:58 MTM=-537.00 Loss=0.08%
2026-07-16 11:04:59 INFO     strategy        PnL: 11:04:59 MTM=-503.00 Loss=0.08%
2026-07-16 11:05:00 INFO     strategy        PnL: 11:05:00 MTM=-567.00 Loss=0.09%
2026-07-16 11:05:01 INFO     strategy        PnL: 11:05:01 MTM=-541.00 Loss=0.08%
2026-07-16 11:05:02 INFO     strategy        PnL: 11:05:02 MTM=-538.00 Loss=0.08%
2026-07-16 11:05:03 INFO     strategy        PnL: 11:05:03 MTM=-522.00 Loss=0.08%
2026-07-16 11:05:04 INFO     strategy        PnL: 11:05:04 MTM=-582.00 Loss=0.09%
2026-07-16 11:05:05 INFO     strategy        PnL: 11:05:05 MTM=-526.00 Loss=0.08%
2026-07-16 11:05:06 INFO     strategy        PnL: 11:05:06 MTM=-490.00 Loss=0.08%
2026-07-16 11:05:07 INFO     strategy        PnL: 11:05:07 MTM=-516.00 Loss=0.08%
2026-07-16 11:05:08 INFO     strategy        PnL: 11:05:08 MTM=-527.00 Loss=0.08%
2026-07-16 11:05:09 INFO     strategy        PnL: 11:05:09 MTM=-505.00 Loss=0.08%
2026-07-16 11:05:10 INFO     strategy        PnL: 11:05:10 MTM=-467.00 Loss=0.07%
2026-07-16 11:05:11 INFO     strategy        PnL: 11:05:11 MTM=-506.00 Loss=0.08%
2026-07-16 11:05:12 INFO     strategy        PnL: 11:05:12 MTM=-415.00 Loss=0.06%
2026-07-16 11:05:13 INFO     strategy        PnL: 11:05:13 MTM=-326.00 Loss=0.05%
2026-07-16 11:05:14 INFO     strategy        PnL: 11:05:14 MTM=-366.00 Loss=0.06%
2026-07-16 11:05:15 INFO     strategy        PnL: 11:05:15 MTM=-326.00 Loss=0.05%
2026-07-16 11:05:16 INFO     strategy        PnL: 11:05:16 MTM=-374.00 Loss=0.06%
2026-07-16 11:05:17 INFO     strategy        PnL: 11:05:17 MTM=-384.00 Loss=0.06%
2026-07-16 11:05:18 INFO     strategy        PnL: 11:05:18 MTM=-413.00 Loss=0.06%
2026-07-16 11:05:19 INFO     strategy        PnL: 11:05:19 MTM=-415.00 Loss=0.06%
2026-07-16 11:05:20 INFO     strategy        PnL: 11:05:20 MTM=-414.00 Loss=0.06%
2026-07-16 11:05:21 INFO     strategy        PnL: 11:05:21 MTM=-461.00 Loss=0.07%
2026-07-16 11:05:22 INFO     strategy        PnL: 11:05:22 MTM=-407.00 Loss=0.06%
2026-07-16 11:05:23 INFO     strategy        PnL: 11:05:23 MTM=-415.00 Loss=0.06%
2026-07-16 11:05:24 INFO     strategy        PnL: 11:05:24 MTM=-447.00 Loss=0.07%
2026-07-16 11:05:25 INFO     strategy        PnL: 11:05:25 MTM=-456.00 Loss=0.07%
2026-07-16 11:05:26 INFO     strategy        PnL: 11:05:26 MTM=-432.00 Loss=0.07%
2026-07-16 11:05:27 INFO     strategy        PnL: 11:05:27 MTM=-406.00 Loss=0.06%
2026-07-16 11:05:28 INFO     strategy        PnL: 11:05:28 MTM=-394.00 Loss=0.06%
2026-07-16 11:05:29 INFO     strategy        PnL: 11:05:29 MTM=-374.00 Loss=0.06%
2026-07-16 11:05:30 INFO     strategy        PnL: 11:05:30 MTM=-392.00 Loss=0.06%
2026-07-16 11:05:31 INFO     strategy        PnL: 11:05:31 MTM=-443.00 Loss=0.07%
2026-07-16 11:05:32 INFO     strategy        PnL: 11:05:32 MTM=-406.00 Loss=0.06%
2026-07-16 11:05:33 INFO     strategy        PnL: 11:05:33 MTM=-371.00 Loss=0.06%
2026-07-16 11:05:34 INFO     strategy        PnL: 11:05:34 MTM=-383.00 Loss=0.06%
2026-07-16 11:05:35 INFO     strategy        PnL: 11:05:35 MTM=-373.00 Loss=0.06%
2026-07-16 11:05:36 INFO     strategy        PnL: 11:05:36 MTM=-383.00 Loss=0.06%
2026-07-16 11:05:37 INFO     strategy        PnL: 11:05:37 MTM=-415.00 Loss=0.06%
2026-07-16 11:05:38 INFO     strategy        PnL: 11:05:38 MTM=-394.00 Loss=0.06%
2026-07-16 11:05:39 INFO     strategy        PnL: 11:05:39 MTM=-417.00 Loss=0.06%
2026-07-16 11:05:41 INFO     strategy        PnL: 11:05:40 MTM=-400.00 Loss=0.06%
2026-07-16 11:05:42 INFO     strategy        PnL: 11:05:42 MTM=-454.00 Loss=0.07%
2026-07-16 11:05:43 INFO     strategy        PnL: 11:05:43 MTM=-455.00 Loss=0.07%
2026-07-16 11:05:44 INFO     strategy        PnL: 11:05:44 MTM=-424.00 Loss=0.07%
2026-07-16 11:05:45 INFO     strategy        PnL: 11:05:45 MTM=-408.00 Loss=0.06%
2026-07-16 11:05:46 INFO     strategy        PnL: 11:05:46 MTM=-417.00 Loss=0.06%
2026-07-16 11:05:47 INFO     strategy        PnL: 11:05:47 MTM=-342.00 Loss=0.05%
2026-07-16 11:05:48 INFO     strategy        PnL: 11:05:48 MTM=-432.00 Loss=0.07%
2026-07-16 11:05:49 INFO     strategy        PnL: 11:05:49 MTM=-322.00 Loss=0.05%
2026-07-16 11:05:50 INFO     strategy        PnL: 11:05:50 MTM=-290.00 Loss=0.04%
2026-07-16 11:05:51 INFO     strategy        PnL: 11:05:51 MTM=-279.00 Loss=0.04%
2026-07-16 11:05:52 INFO     strategy        PnL: 11:05:52 MTM=-393.00 Loss=0.06%
2026-07-16 11:05:53 INFO     strategy        PnL: 11:05:53 MTM=-298.00 Loss=0.05%
2026-07-16 11:05:54 INFO     strategy        PnL: 11:05:54 MTM=-308.00 Loss=0.05%
2026-07-16 11:05:55 INFO     strategy        PnL: 11:05:55 MTM=-278.00 Loss=0.04%
2026-07-16 11:05:56 INFO     strategy        PnL: 11:05:56 MTM=-279.00 Loss=0.04%
2026-07-16 11:05:57 INFO     strategy        PnL: 11:05:57 MTM=-313.00 Loss=0.05%
2026-07-16 11:05:58 INFO     strategy        PnL: 11:05:58 MTM=-292.00 Loss=0.05%
2026-07-16 11:05:59 INFO     strategy        PnL: 11:05:59 MTM=-256.00 Loss=0.04%
2026-07-16 11:06:00 INFO     strategy        PnL: 11:06:00 MTM=-210.00 Loss=0.03%
2026-07-16 11:06:01 INFO     strategy        PnL: 11:06:01 MTM=-232.00 Loss=0.04%
2026-07-16 11:06:02 INFO     strategy        PnL: 11:06:02 MTM=-287.00 Loss=0.04%
2026-07-16 11:06:03 INFO     strategy        PnL: 11:06:03 MTM=-276.00 Loss=0.04%
2026-07-16 11:06:04 INFO     strategy        PnL: 11:06:04 MTM=-211.00 Loss=0.03%
2026-07-16 11:06:05 INFO     strategy        PnL: 11:06:05 MTM=-235.00 Loss=0.04%
2026-07-16 11:06:06 INFO     strategy        PnL: 11:06:06 MTM=-226.00 Loss=0.03%
2026-07-16 11:06:07 INFO     strategy        PnL: 11:06:07 MTM=-224.00 Loss=0.03%
2026-07-16 11:06:08 INFO     strategy        PnL: 11:06:08 MTM=-220.00 Loss=0.03%
2026-07-16 11:06:09 INFO     strategy        PnL: 11:06:09 MTM=-209.00 Loss=0.03%
2026-07-16 11:06:10 INFO     strategy        PnL: 11:06:10 MTM=-246.00 Loss=0.04%
2026-07-16 11:06:11 INFO     strategy        PnL: 11:06:11 MTM=-230.00 Loss=0.04%
2026-07-16 11:06:12 INFO     strategy        PnL: 11:06:12 MTM=-205.00 Loss=0.03%
2026-07-16 11:06:13 INFO     strategy        PnL: 11:06:13 MTM=-196.00 Loss=0.03%
2026-07-16 11:06:14 INFO     strategy        PnL: 11:06:14 MTM=-182.00 Loss=0.03%
2026-07-16 11:06:15 INFO     strategy        PnL: 11:06:15 MTM=-171.00 Loss=0.03%
2026-07-16 11:06:16 INFO     strategy        PnL: 11:06:16 MTM=-186.00 Loss=0.03%
2026-07-16 11:06:17 INFO     strategy        PnL: 11:06:17 MTM=-214.00 Loss=0.03%
2026-07-16 11:06:18 INFO     strategy        PnL: 11:06:18 MTM=-175.00 Loss=0.03%
2026-07-16 11:06:19 INFO     strategy        PnL: 11:06:19 MTM=-148.00 Loss=0.02%
2026-07-16 11:06:20 INFO     strategy        PnL: 11:06:20 MTM=-182.00 Loss=0.03%
2026-07-16 11:06:21 INFO     strategy        PnL: 11:06:21 MTM=-163.00 Loss=0.03%
2026-07-16 11:06:22 INFO     strategy        PnL: 11:06:22 MTM=-145.00 Loss=0.02%
2026-07-16 11:06:23 INFO     strategy        PnL: 11:06:23 MTM=-158.00 Loss=0.02%
2026-07-16 11:06:24 INFO     strategy        PnL: 11:06:24 MTM=-173.00 Loss=0.03%
2026-07-16 11:06:25 INFO     strategy        PnL: 11:06:25 MTM=-176.00 Loss=0.03%
2026-07-16 11:06:26 INFO     strategy        PnL: 11:06:26 MTM=-153.00 Loss=0.02%
2026-07-16 11:06:27 INFO     strategy        PnL: 11:06:27 MTM=-99.00 Loss=0.02%
2026-07-16 11:06:28 INFO     strategy        PnL: 11:06:28 MTM=-169.00 Loss=0.03%
2026-07-16 11:06:29 INFO     strategy        PnL: 11:06:29 MTM=-140.00 Loss=0.02%
2026-07-16 11:06:31 INFO     strategy        PnL: 11:06:30 MTM=-147.00 Loss=0.02%
2026-07-16 11:06:32 INFO     strategy        PnL: 11:06:32 MTM=-160.00 Loss=0.02%
2026-07-16 11:06:33 INFO     strategy        PnL: 11:06:33 MTM=-125.00 Loss=0.02%
2026-07-16 11:06:34 INFO     strategy        PnL: 11:06:34 MTM=-232.00 Loss=0.04%
2026-07-16 11:06:35 INFO     strategy        PnL: 11:06:35 MTM=-132.00 Loss=0.02%
2026-07-16 11:06:36 INFO     strategy        PnL: 11:06:36 MTM=-189.00 Loss=0.03%
2026-07-16 11:06:37 INFO     strategy        PnL: 11:06:37 MTM=-210.00 Loss=0.03%
2026-07-16 11:06:38 INFO     strategy        PnL: 11:06:38 MTM=-117.00 Loss=0.02%
2026-07-16 11:06:39 INFO     strategy        PnL: 11:06:39 MTM=-158.00 Loss=0.02%
2026-07-16 11:06:40 INFO     strategy        PnL: 11:06:40 MTM=-120.00 Loss=0.02%
2026-07-16 11:06:41 INFO     strategy        PnL: 11:06:41 MTM=-115.00 Loss=0.02%
2026-07-16 11:06:42 INFO     strategy        PnL: 11:06:42 MTM=-111.00 Loss=0.02%
2026-07-16 11:06:43 INFO     strategy        PnL: 11:06:43 MTM=-162.00 Loss=0.02%
2026-07-16 11:06:44 INFO     strategy        PnL: 11:06:44 MTM=-196.00 Loss=0.03%
2026-07-16 11:06:45 INFO     strategy        PnL: 11:06:45 MTM=-216.00 Loss=0.03%
2026-07-16 11:06:46 INFO     strategy        PnL: 11:06:46 MTM=-159.00 Loss=0.02%
2026-07-16 11:06:47 INFO     strategy        PnL: 11:06:47 MTM=-131.00 Loss=0.02%
2026-07-16 11:06:48 INFO     strategy        PnL: 11:06:48 MTM=-231.00 Loss=0.04%
2026-07-16 11:06:49 INFO     strategy        PnL: 11:06:49 MTM=-204.00 Loss=0.03%
2026-07-16 11:06:50 INFO     strategy        PnL: 11:06:50 MTM=-212.00 Loss=0.03%
2026-07-16 11:06:51 INFO     strategy        PnL: 11:06:51 MTM=-231.00 Loss=0.04%
2026-07-16 11:06:52 INFO     strategy        PnL: 11:06:52 MTM=-238.00 Loss=0.04%
2026-07-16 11:06:53 INFO     strategy        PnL: 11:06:53 MTM=-236.00 Loss=0.04%
2026-07-16 11:06:54 INFO     strategy        PnL: 11:06:54 MTM=-225.00 Loss=0.03%
2026-07-16 11:06:55 INFO     strategy        PnL: 11:06:55 MTM=-217.00 Loss=0.03%
2026-07-16 11:06:56 INFO     strategy        PnL: 11:06:56 MTM=-210.00 Loss=0.03%
2026-07-16 11:06:57 INFO     strategy        PnL: 11:06:57 MTM=-226.00 Loss=0.03%
2026-07-16 11:06:58 INFO     strategy        PnL: 11:06:58 MTM=-225.00 Loss=0.03%
2026-07-16 11:06:59 INFO     strategy        PnL: 11:06:59 MTM=-223.00 Loss=0.03%
2026-07-16 11:07:00 INFO     strategy        PnL: 11:07:00 MTM=-254.00 Loss=0.04%
2026-07-16 11:07:01 INFO     strategy        PnL: 11:07:01 MTM=-231.00 Loss=0.04%
2026-07-16 11:07:02 INFO     strategy        PnL: 11:07:02 MTM=-258.00 Loss=0.04%
2026-07-16 11:07:03 INFO     strategy        PnL: 11:07:03 MTM=-219.00 Loss=0.03%
2026-07-16 11:07:04 INFO     strategy        PnL: 11:07:04 MTM=-214.00 Loss=0.03%
2026-07-16 11:07:05 INFO     strategy        PnL: 11:07:05 MTM=-241.00 Loss=0.04%
2026-07-16 11:07:06 INFO     strategy        PnL: 11:07:06 MTM=-222.00 Loss=0.03%
2026-07-16 11:07:07 INFO     strategy        PnL: 11:07:07 MTM=-222.00 Loss=0.03%
2026-07-16 11:07:08 INFO     strategy        PnL: 11:07:08 MTM=-283.00 Loss=0.04%
2026-07-16 11:07:09 INFO     strategy        PnL: 11:07:09 MTM=-282.00 Loss=0.04%
2026-07-16 11:07:10 INFO     strategy        PnL: 11:07:10 MTM=-280.00 Loss=0.04%
2026-07-16 11:07:11 INFO     strategy        PnL: 11:07:11 MTM=-250.00 Loss=0.04%
2026-07-16 11:07:12 INFO     strategy        PnL: 11:07:12 MTM=-294.00 Loss=0.05%
2026-07-16 11:07:13 INFO     strategy        PnL: 11:07:13 MTM=-304.00 Loss=0.05%
2026-07-16 11:07:14 INFO     strategy        PnL: 11:07:14 MTM=-262.00 Loss=0.04%
2026-07-16 11:07:15 INFO     strategy        PnL: 11:07:15 MTM=-217.00 Loss=0.03%
2026-07-16 11:07:16 INFO     strategy        PnL: 11:07:16 MTM=-234.00 Loss=0.04%
2026-07-16 11:07:17 INFO     strategy        PnL: 11:07:17 MTM=-252.00 Loss=0.04%
2026-07-16 11:07:18 INFO     strategy        PnL: 11:07:18 MTM=-276.00 Loss=0.04%
2026-07-16 11:07:19 INFO     strategy        PnL: 11:07:19 MTM=-233.00 Loss=0.04%
2026-07-16 11:07:20 INFO     strategy        PnL: 11:07:20 MTM=-257.00 Loss=0.04%
2026-07-16 11:07:21 INFO     strategy        PnL: 11:07:21 MTM=-302.00 Loss=0.05%
2026-07-16 11:07:22 INFO     strategy        PnL: 11:07:22 MTM=-199.00 Loss=0.03%
2026-07-16 11:07:23 INFO     strategy        PnL: 11:07:23 MTM=-193.00 Loss=0.03%
2026-07-16 11:07:24 INFO     strategy        PnL: 11:07:24 MTM=-224.00 Loss=0.03%
2026-07-16 11:07:25 INFO     strategy        PnL: 11:07:25 MTM=-209.00 Loss=0.03%
2026-07-16 11:07:26 INFO     strategy        PnL: 11:07:26 MTM=-230.00 Loss=0.04%
2026-07-16 11:07:27 INFO     strategy        PnL: 11:07:27 MTM=-233.00 Loss=0.04%
2026-07-16 11:07:28 INFO     strategy        PnL: 11:07:28 MTM=-234.00 Loss=0.04%
2026-07-16 11:07:29 INFO     strategy        PnL: 11:07:29 MTM=-238.00 Loss=0.04%
2026-07-16 11:07:30 INFO     strategy        PnL: 11:07:30 MTM=-174.00 Loss=0.03%
2026-07-16 11:07:31 INFO     strategy        PnL: 11:07:31 MTM=-187.00 Loss=0.03%
2026-07-16 11:07:33 INFO     strategy        PnL: 11:07:33 MTM=-146.00 Loss=0.02%
2026-07-16 11:07:34 INFO     strategy        PnL: 11:07:33 MTM=-192.00 Loss=0.03%
2026-07-16 11:07:35 INFO     strategy        PnL: 11:07:35 MTM=-184.00 Loss=0.03%
2026-07-16 11:07:36 INFO     strategy        PnL: 11:07:36 MTM=-226.00 Loss=0.03%
2026-07-16 11:07:37 INFO     strategy        PnL: 11:07:37 MTM=-208.00 Loss=0.03%
2026-07-16 11:07:38 INFO     strategy        PnL: 11:07:38 MTM=-237.00 Loss=0.04%
2026-07-16 11:07:39 INFO     strategy        PnL: 11:07:39 MTM=-268.00 Loss=0.04%
2026-07-16 11:07:40 INFO     strategy        PnL: 11:07:40 MTM=-264.00 Loss=0.04%
2026-07-16 11:07:41 INFO     strategy        PnL: 11:07:41 MTM=-254.00 Loss=0.04%
2026-07-16 11:07:42 INFO     strategy        PnL: 11:07:42 MTM=-306.00 Loss=0.05%
2026-07-16 11:07:43 INFO     strategy        PnL: 11:07:43 MTM=-344.00 Loss=0.05%
2026-07-16 11:07:44 INFO     strategy        PnL: 11:07:44 MTM=-377.00 Loss=0.06%
2026-07-16 11:07:45 INFO     strategy        PnL: 11:07:45 MTM=-362.00 Loss=0.06%
2026-07-16 11:07:46 INFO     strategy        PnL: 11:07:46 MTM=-355.00 Loss=0.05%
2026-07-16 11:07:47 INFO     strategy        PnL: 11:07:47 MTM=-374.00 Loss=0.06%
2026-07-16 11:07:48 INFO     strategy        PnL: 11:07:48 MTM=-362.00 Loss=0.06%
2026-07-16 11:07:49 INFO     strategy        PnL: 11:07:49 MTM=-397.00 Loss=0.06%
2026-07-16 11:07:50 INFO     strategy        PnL: 11:07:50 MTM=-391.00 Loss=0.06%
2026-07-16 11:07:51 INFO     strategy        PnL: 11:07:51 MTM=-414.00 Loss=0.06%
2026-07-16 11:07:52 INFO     strategy        PnL: 11:07:52 MTM=-430.00 Loss=0.07%
2026-07-16 11:07:53 INFO     strategy        PnL: 11:07:53 MTM=-423.00 Loss=0.07%
2026-07-16 11:07:54 INFO     strategy        PnL: 11:07:54 MTM=-419.00 Loss=0.06%
2026-07-16 11:07:55 INFO     strategy        PnL: 11:07:55 MTM=-423.00 Loss=0.07%
2026-07-16 11:07:56 INFO     strategy        PnL: 11:07:56 MTM=-395.00 Loss=0.06%
2026-07-16 11:07:57 INFO     strategy        PnL: 11:07:57 MTM=-398.00 Loss=0.06%
2026-07-16 11:07:58 INFO     strategy        PnL: 11:07:58 MTM=-426.00 Loss=0.07%
2026-07-16 11:07:59 INFO     strategy        PnL: 11:07:59 MTM=-408.00 Loss=0.06%
2026-07-16 11:08:00 INFO     strategy        PnL: 11:08:00 MTM=-389.00 Loss=0.06%
2026-07-16 11:08:01 INFO     strategy        PnL: 11:08:01 MTM=-368.00 Loss=0.06%
2026-07-16 11:08:02 INFO     strategy        PnL: 11:08:02 MTM=-390.00 Loss=0.06%
2026-07-16 11:08:03 INFO     strategy        PnL: 11:08:03 MTM=-380.00 Loss=0.06%
2026-07-16 11:08:04 INFO     strategy        PnL: 11:08:04 MTM=-364.00 Loss=0.06%
2026-07-16 11:08:05 INFO     strategy        PnL: 11:08:05 MTM=-363.00 Loss=0.06%
2026-07-16 11:08:06 INFO     strategy        PnL: 11:08:06 MTM=-382.00 Loss=0.06%
2026-07-16 11:08:07 INFO     strategy        PnL: 11:08:07 MTM=-317.00 Loss=0.05%
2026-07-16 11:08:08 INFO     strategy        PnL: 11:08:08 MTM=-407.00 Loss=0.06%
2026-07-16 11:08:09 INFO     strategy        PnL: 11:08:09 MTM=-426.00 Loss=0.07%
2026-07-16 11:08:10 INFO     strategy        PnL: 11:08:10 MTM=-358.00 Loss=0.06%
2026-07-16 11:08:11 INFO     strategy        PnL: 11:08:11 MTM=-415.00 Loss=0.06%
2026-07-16 11:08:12 INFO     strategy        PnL: 11:08:12 MTM=-432.00 Loss=0.07%
2026-07-16 11:08:13 INFO     strategy        PnL: 11:08:13 MTM=-458.00 Loss=0.07%
2026-07-16 11:08:14 INFO     strategy        PnL: 11:08:14 MTM=-447.00 Loss=0.07%
2026-07-16 11:08:15 INFO     strategy        PnL: 11:08:15 MTM=-472.00 Loss=0.07%
2026-07-16 11:08:16 INFO     strategy        PnL: 11:08:16 MTM=-461.00 Loss=0.07%
2026-07-16 11:08:17 INFO     strategy        PnL: 11:08:17 MTM=-438.00 Loss=0.07%
2026-07-16 11:08:18 INFO     strategy        PnL: 11:08:18 MTM=-448.00 Loss=0.07%
2026-07-16 11:08:19 INFO     strategy        PnL: 11:08:19 MTM=-455.00 Loss=0.07%
2026-07-16 11:08:20 INFO     strategy        PnL: 11:08:20 MTM=-447.00 Loss=0.07%
2026-07-16 11:08:21 INFO     strategy        PnL: 11:08:21 MTM=-427.00 Loss=0.07%
2026-07-16 11:08:22 INFO     strategy        PnL: 11:08:22 MTM=-432.00 Loss=0.07%
2026-07-16 11:08:23 INFO     strategy        PnL: 11:08:23 MTM=-401.00 Loss=0.06%
2026-07-16 11:08:24 INFO     strategy        PnL: 11:08:24 MTM=-418.00 Loss=0.06%
2026-07-16 11:08:25 INFO     strategy        PnL: 11:08:25 MTM=-432.00 Loss=0.07%
2026-07-16 11:08:26 INFO     strategy        PnL: 11:08:26 MTM=-442.00 Loss=0.07%
2026-07-16 11:08:27 INFO     strategy        PnL: 11:08:27 MTM=-431.00 Loss=0.07%
2026-07-16 11:08:28 INFO     strategy        PnL: 11:08:28 MTM=-395.00 Loss=0.06%
2026-07-16 11:08:29 INFO     strategy        PnL: 11:08:29 MTM=-416.00 Loss=0.06%
2026-07-16 11:08:30 INFO     strategy        PnL: 11:08:30 MTM=-414.00 Loss=0.06%
2026-07-16 11:08:31 INFO     strategy        PnL: 11:08:31 MTM=-419.00 Loss=0.06%
2026-07-16 11:08:32 INFO     strategy        PnL: 11:08:32 MTM=-412.00 Loss=0.06%
2026-07-16 11:08:33 INFO     strategy        PnL: 11:08:33 MTM=-399.00 Loss=0.06%
2026-07-16 11:08:34 INFO     strategy        PnL: 11:08:34 MTM=-413.00 Loss=0.06%
2026-07-16 11:08:35 INFO     strategy        PnL: 11:08:35 MTM=-376.00 Loss=0.06%
2026-07-16 11:08:36 INFO     strategy        PnL: 11:08:36 MTM=-397.00 Loss=0.06%
2026-07-16 11:08:37 INFO     strategy        PnL: 11:08:37 MTM=-359.00 Loss=0.06%
2026-07-16 11:08:38 INFO     strategy        PnL: 11:08:38 MTM=-381.00 Loss=0.06%
2026-07-16 11:08:39 INFO     strategy        PnL: 11:08:39 MTM=-361.00 Loss=0.06%
2026-07-16 11:08:40 INFO     strategy        PnL: 11:08:40 MTM=-391.00 Loss=0.06%
2026-07-16 11:08:41 INFO     strategy        PnL: 11:08:41 MTM=-388.00 Loss=0.06%
2026-07-16 11:08:42 INFO     strategy        PnL: 11:08:42 MTM=-405.00 Loss=0.06%
2026-07-16 11:08:43 INFO     strategy        PnL: 11:08:43 MTM=-368.00 Loss=0.06%
2026-07-16 11:08:44 INFO     strategy        PnL: 11:08:44 MTM=-386.00 Loss=0.06%
2026-07-16 11:08:45 INFO     strategy        PnL: 11:08:45 MTM=-345.00 Loss=0.05%
2026-07-16 11:08:46 INFO     strategy        PnL: 11:08:46 MTM=-357.00 Loss=0.06%
2026-07-16 11:08:47 INFO     strategy        PnL: 11:08:47 MTM=-355.00 Loss=0.05%
2026-07-16 11:08:48 INFO     strategy        PnL: 11:08:48 MTM=-351.00 Loss=0.05%
2026-07-16 11:08:49 INFO     strategy        PnL: 11:08:49 MTM=-372.00 Loss=0.06%
2026-07-16 11:08:50 INFO     strategy        PnL: 11:08:50 MTM=-399.00 Loss=0.06%
2026-07-16 11:08:51 INFO     strategy        PnL: 11:08:51 MTM=-437.00 Loss=0.07%
2026-07-16 11:08:52 INFO     strategy        PnL: 11:08:52 MTM=-401.00 Loss=0.06%
2026-07-16 11:08:53 INFO     strategy        PnL: 11:08:53 MTM=-406.00 Loss=0.06%
2026-07-16 11:08:54 INFO     strategy        PnL: 11:08:54 MTM=-393.00 Loss=0.06%
2026-07-16 11:08:55 INFO     strategy        PnL: 11:08:55 MTM=-397.00 Loss=0.06%
2026-07-16 11:08:56 INFO     strategy        PnL: 11:08:56 MTM=-415.00 Loss=0.06%
2026-07-16 11:08:57 INFO     strategy        PnL: 11:08:57 MTM=-435.00 Loss=0.07%
2026-07-16 11:08:58 INFO     strategy        PnL: 11:08:58 MTM=-367.00 Loss=0.06%
2026-07-16 11:08:59 INFO     strategy        PnL: 11:08:59 MTM=-371.00 Loss=0.06%
2026-07-16 11:09:00 INFO     strategy        PnL: 11:09:00 MTM=-427.00 Loss=0.07%
2026-07-16 11:09:01 INFO     strategy        PnL: 11:09:01 MTM=-417.00 Loss=0.06%
2026-07-16 11:09:02 INFO     strategy        PnL: 11:09:02 MTM=-426.00 Loss=0.07%
2026-07-16 11:09:03 INFO     strategy        PnL: 11:09:03 MTM=-411.00 Loss=0.06%
2026-07-16 11:09:04 INFO     strategy        PnL: 11:09:04 MTM=-376.00 Loss=0.06%
2026-07-16 11:09:05 INFO     strategy        PnL: 11:09:05 MTM=-400.00 Loss=0.06%
2026-07-16 11:09:06 INFO     strategy        PnL: 11:09:06 MTM=-382.00 Loss=0.06%
2026-07-16 11:09:07 INFO     strategy        PnL: 11:09:07 MTM=-389.00 Loss=0.06%
2026-07-16 11:09:08 INFO     strategy        PnL: 11:09:08 MTM=-383.00 Loss=0.06%
2026-07-16 11:09:09 INFO     strategy        PnL: 11:09:09 MTM=-366.00 Loss=0.06%
2026-07-16 11:09:10 INFO     strategy        PnL: 11:09:10 MTM=-359.00 Loss=0.06%
2026-07-16 11:09:11 INFO     strategy        PnL: 11:09:11 MTM=-329.00 Loss=0.05%
2026-07-16 11:09:13 INFO     strategy        PnL: 11:09:13 MTM=-290.00 Loss=0.04%
2026-07-16 11:09:14 INFO     strategy        PnL: 11:09:14 MTM=-301.00 Loss=0.05%
2026-07-16 11:09:15 INFO     strategy        PnL: 11:09:15 MTM=-301.00 Loss=0.05%
2026-07-16 11:09:16 INFO     strategy        PnL: 11:09:16 MTM=-273.00 Loss=0.04%
2026-07-16 11:09:17 INFO     strategy        PnL: 11:09:17 MTM=-286.00 Loss=0.04%
2026-07-16 11:09:18 INFO     strategy        PnL: 11:09:18 MTM=-292.00 Loss=0.05%
2026-07-16 11:09:19 INFO     strategy        PnL: 11:09:19 MTM=-274.00 Loss=0.04%
2026-07-16 11:09:20 INFO     strategy        PnL: 11:09:20 MTM=-265.00 Loss=0.04%
2026-07-16 11:09:21 INFO     strategy        PnL: 11:09:21 MTM=-282.00 Loss=0.04%
2026-07-16 11:09:22 INFO     strategy        PnL: 11:09:22 MTM=-235.00 Loss=0.04%
2026-07-16 11:09:23 INFO     strategy        PnL: 11:09:23 MTM=-262.00 Loss=0.04%
2026-07-16 11:09:24 INFO     strategy        PnL: 11:09:24 MTM=-250.00 Loss=0.04%
2026-07-16 11:09:25 INFO     strategy        PnL: 11:09:25 MTM=-242.00 Loss=0.04%
2026-07-16 11:09:26 INFO     strategy        PnL: 11:09:26 MTM=-177.00 Loss=0.03%
2026-07-16 11:09:27 INFO     strategy        PnL: 11:09:27 MTM=-222.00 Loss=0.03%
2026-07-16 11:09:28 INFO     strategy        PnL: 11:09:28 MTM=-282.00 Loss=0.04%
2026-07-16 11:09:29 INFO     strategy        PnL: 11:09:29 MTM=-337.00 Loss=0.05%
2026-07-16 11:09:30 INFO     strategy        PnL: 11:09:30 MTM=-343.00 Loss=0.05%
2026-07-16 11:09:31 INFO     strategy        PnL: 11:09:31 MTM=-284.00 Loss=0.04%
2026-07-16 11:09:32 INFO     strategy        PnL: 11:09:32 MTM=-302.00 Loss=0.05%
2026-07-16 11:09:33 INFO     strategy        PnL: 11:09:33 MTM=-334.00 Loss=0.05%
2026-07-16 11:09:34 INFO     strategy        PnL: 11:09:34 MTM=-361.00 Loss=0.06%
2026-07-16 11:09:35 INFO     strategy        PnL: 11:09:35 MTM=-375.00 Loss=0.06%
2026-07-16 11:09:36 INFO     strategy        PnL: 11:09:36 MTM=-346.00 Loss=0.05%
2026-07-16 11:09:37 INFO     strategy        PnL: 11:09:37 MTM=-382.00 Loss=0.06%
2026-07-16 11:09:38 INFO     strategy        PnL: 11:09:38 MTM=-378.00 Loss=0.06%
2026-07-16 11:09:39 INFO     strategy        PnL: 11:09:39 MTM=-415.00 Loss=0.06%
2026-07-16 11:09:40 INFO     strategy        PnL: 11:09:40 MTM=-410.00 Loss=0.06%
2026-07-16 11:09:41 INFO     strategy        PnL: 11:09:41 MTM=-451.00 Loss=0.07%
2026-07-16 11:09:42 INFO     strategy        PnL: 11:09:42 MTM=-416.00 Loss=0.06%
2026-07-16 11:09:43 INFO     strategy        PnL: 11:09:43 MTM=-400.00 Loss=0.06%
2026-07-16 11:09:44 INFO     strategy        PnL: 11:09:44 MTM=-333.00 Loss=0.05%
2026-07-16 11:09:45 INFO     strategy        PnL: 11:09:45 MTM=-331.00 Loss=0.05%
2026-07-16 11:09:46 INFO     strategy        PnL: 11:09:46 MTM=-352.00 Loss=0.05%
2026-07-16 11:09:47 INFO     strategy        PnL: 11:09:47 MTM=-368.00 Loss=0.06%
2026-07-16 11:09:48 INFO     strategy        PnL: 11:09:48 MTM=-353.00 Loss=0.05%
2026-07-16 11:09:49 INFO     strategy        PnL: 11:09:49 MTM=-379.00 Loss=0.06%
2026-07-16 11:09:50 INFO     strategy        PnL: 11:09:50 MTM=-390.00 Loss=0.06%
2026-07-16 11:09:51 INFO     strategy        PnL: 11:09:51 MTM=-385.00 Loss=0.06%
2026-07-16 11:09:52 INFO     strategy        PnL: 11:09:52 MTM=-397.00 Loss=0.06%
2026-07-16 11:09:53 INFO     strategy        PnL: 11:09:53 MTM=-417.00 Loss=0.06%
2026-07-16 11:09:54 INFO     strategy        PnL: 11:09:54 MTM=-375.00 Loss=0.06%
2026-07-16 11:09:55 INFO     strategy        PnL: 11:09:55 MTM=-435.00 Loss=0.07%
2026-07-16 11:09:56 INFO     strategy        PnL: 11:09:56 MTM=-432.00 Loss=0.07%
2026-07-16 11:09:57 INFO     strategy        PnL: 11:09:57 MTM=-440.00 Loss=0.07%
2026-07-16 11:09:58 INFO     strategy        PnL: 11:09:58 MTM=-425.00 Loss=0.07%
2026-07-16 11:09:59 INFO     strategy        PnL: 11:09:59 MTM=-506.00 Loss=0.08%
2026-07-16 11:10:00 INFO     strategy        PnL: 11:10:00 MTM=-492.00 Loss=0.08%
2026-07-16 11:10:01 INFO     strategy        PnL: 11:10:01 MTM=-442.00 Loss=0.07%
2026-07-16 11:10:02 INFO     strategy        PnL: 11:10:02 MTM=-444.00 Loss=0.07%
2026-07-16 11:10:03 INFO     strategy        PnL: 11:10:03 MTM=-484.00 Loss=0.07%
2026-07-16 11:10:04 INFO     strategy        PnL: 11:10:04 MTM=-468.00 Loss=0.07%
2026-07-16 11:10:05 INFO     strategy        PnL: 11:10:05 MTM=-453.00 Loss=0.07%
2026-07-16 11:10:06 INFO     strategy        PnL: 11:10:06 MTM=-447.00 Loss=0.07%
2026-07-16 11:10:07 INFO     strategy        PnL: 11:10:07 MTM=-473.00 Loss=0.07%
2026-07-16 11:10:08 INFO     strategy        PnL: 11:10:08 MTM=-456.00 Loss=0.07%
2026-07-16 11:10:09 INFO     strategy        PnL: 11:10:09 MTM=-459.00 Loss=0.07%
2026-07-16 11:10:10 INFO     strategy        PnL: 11:10:10 MTM=-421.00 Loss=0.06%
2026-07-16 11:10:11 INFO     strategy        PnL: 11:10:11 MTM=-459.00 Loss=0.07%
2026-07-16 11:10:12 INFO     strategy        PnL: 11:10:12 MTM=-406.00 Loss=0.06%
2026-07-16 11:10:13 INFO     strategy        PnL: 11:10:13 MTM=-402.00 Loss=0.06%
2026-07-16 11:10:14 INFO     strategy        PnL: 11:10:14 MTM=-378.00 Loss=0.06%
2026-07-16 11:10:15 INFO     strategy        PnL: 11:10:15 MTM=-425.00 Loss=0.07%
2026-07-16 11:10:16 INFO     strategy        PnL: 11:10:16 MTM=-397.00 Loss=0.06%
2026-07-16 11:10:17 INFO     strategy        PnL: 11:10:17 MTM=-382.00 Loss=0.06%
2026-07-16 11:10:18 INFO     strategy        PnL: 11:10:18 MTM=-372.00 Loss=0.06%
2026-07-16 11:10:19 INFO     strategy        PnL: 11:10:19 MTM=-411.00 Loss=0.06%
2026-07-16 11:10:20 INFO     strategy        PnL: 11:10:20 MTM=-377.00 Loss=0.06%
2026-07-16 11:10:21 INFO     strategy        PnL: 11:10:21 MTM=-366.00 Loss=0.06%
2026-07-16 11:10:22 INFO     strategy        PnL: 11:10:22 MTM=-402.00 Loss=0.06%
2026-07-16 11:10:23 INFO     strategy        PnL: 11:10:23 MTM=-400.00 Loss=0.06%
2026-07-16 11:10:24 INFO     strategy        PnL: 11:10:24 MTM=-461.00 Loss=0.07%
2026-07-16 11:10:25 INFO     strategy        PnL: 11:10:25 MTM=-451.00 Loss=0.07%
2026-07-16 11:10:26 INFO     strategy        PnL: 11:10:26 MTM=-481.00 Loss=0.07%
2026-07-16 11:10:27 INFO     strategy        PnL: 11:10:27 MTM=-436.00 Loss=0.07%
2026-07-16 11:10:28 INFO     strategy        PnL: 11:10:28 MTM=-433.00 Loss=0.07%
2026-07-16 11:10:29 INFO     strategy        PnL: 11:10:29 MTM=-450.00 Loss=0.07%
2026-07-16 11:10:30 INFO     strategy        PnL: 11:10:30 MTM=-443.00 Loss=0.07%
2026-07-16 11:10:31 INFO     strategy        PnL: 11:10:31 MTM=-425.00 Loss=0.07%
2026-07-16 11:10:32 INFO     strategy        PnL: 11:10:32 MTM=-444.00 Loss=0.07%
2026-07-16 11:10:33 INFO     strategy        PnL: 11:10:33 MTM=-418.00 Loss=0.06%
2026-07-16 11:10:34 INFO     strategy        PnL: 11:10:34 MTM=-415.00 Loss=0.06%
2026-07-16 11:10:35 INFO     strategy        PnL: 11:10:35 MTM=-423.00 Loss=0.07%
2026-07-16 11:10:36 INFO     strategy        PnL: 11:10:36 MTM=-407.00 Loss=0.06%
2026-07-16 11:10:37 INFO     strategy        PnL: 11:10:37 MTM=-405.00 Loss=0.06%
2026-07-16 11:10:38 INFO     strategy        PnL: 11:10:38 MTM=-411.00 Loss=0.06%
2026-07-16 11:10:39 INFO     strategy        PnL: 11:10:39 MTM=-415.00 Loss=0.06%
2026-07-16 11:10:40 INFO     strategy        PnL: 11:10:40 MTM=-398.00 Loss=0.06%
2026-07-16 11:10:41 INFO     strategy        PnL: 11:10:41 MTM=-408.00 Loss=0.06%
2026-07-16 11:10:42 INFO     strategy        PnL: 11:10:42 MTM=-377.00 Loss=0.06%
2026-07-16 11:10:43 INFO     strategy        PnL: 11:10:43 MTM=-395.00 Loss=0.06%
2026-07-16 11:10:44 INFO     strategy        PnL: 11:10:44 MTM=-340.00 Loss=0.05%
2026-07-16 11:10:45 INFO     strategy        PnL: 11:10:45 MTM=-380.00 Loss=0.06%
2026-07-16 11:10:47 INFO     strategy        PnL: 11:10:47 MTM=-393.00 Loss=0.06%
2026-07-16 11:10:48 INFO     strategy        PnL: 11:10:48 MTM=-351.00 Loss=0.05%
2026-07-16 11:10:49 INFO     strategy        PnL: 11:10:49 MTM=-425.00 Loss=0.07%
2026-07-16 11:10:50 INFO     strategy        PnL: 11:10:50 MTM=-415.00 Loss=0.06%
2026-07-16 11:10:51 INFO     strategy        PnL: 11:10:51 MTM=-386.00 Loss=0.06%
2026-07-16 11:10:52 INFO     strategy        PnL: 11:10:52 MTM=-330.00 Loss=0.05%
2026-07-16 11:10:53 INFO     strategy        PnL: 11:10:53 MTM=-339.00 Loss=0.05%
2026-07-16 11:10:54 INFO     strategy        PnL: 11:10:54 MTM=-404.00 Loss=0.06%
2026-07-16 11:10:55 INFO     strategy        PnL: 11:10:55 MTM=-378.00 Loss=0.06%
2026-07-16 11:10:56 INFO     strategy        PnL: 11:10:56 MTM=-382.00 Loss=0.06%
2026-07-16 11:10:57 INFO     strategy        PnL: 11:10:57 MTM=-427.00 Loss=0.07%
2026-07-16 11:10:58 INFO     strategy        PnL: 11:10:58 MTM=-432.00 Loss=0.07%
2026-07-16 11:10:59 INFO     strategy        PnL: 11:10:59 MTM=-454.00 Loss=0.07%
2026-07-16 11:11:00 INFO     strategy        PnL: 11:11:00 MTM=-403.00 Loss=0.06%
2026-07-16 11:11:01 INFO     strategy        PnL: 11:11:01 MTM=-421.00 Loss=0.06%
2026-07-16 11:11:02 INFO     strategy        PnL: 11:11:02 MTM=-405.00 Loss=0.06%
2026-07-16 11:11:03 INFO     strategy        PnL: 11:11:03 MTM=-490.00 Loss=0.08%
2026-07-16 11:11:04 INFO     strategy        PnL: 11:11:04 MTM=-450.00 Loss=0.07%
2026-07-16 11:11:05 INFO     strategy        PnL: 11:11:05 MTM=-463.00 Loss=0.07%
2026-07-16 11:11:06 INFO     strategy        PnL: 11:11:06 MTM=-437.00 Loss=0.07%
2026-07-16 11:11:07 INFO     strategy        PnL: 11:11:07 MTM=-468.00 Loss=0.07%
2026-07-16 11:11:08 INFO     strategy        PnL: 11:11:08 MTM=-438.00 Loss=0.07%
2026-07-16 11:11:09 INFO     strategy        PnL: 11:11:09 MTM=-437.00 Loss=0.07%
2026-07-16 11:11:10 INFO     strategy        PnL: 11:11:10 MTM=-434.00 Loss=0.07%
2026-07-16 11:11:11 INFO     strategy        PnL: 11:11:11 MTM=-434.00 Loss=0.07%
2026-07-16 11:11:12 INFO     strategy        PnL: 11:11:12 MTM=-406.00 Loss=0.06%
2026-07-16 11:11:13 INFO     strategy        PnL: 11:11:13 MTM=-445.00 Loss=0.07%
2026-07-16 11:11:14 INFO     strategy        PnL: 11:11:14 MTM=-447.00 Loss=0.07%
2026-07-16 11:11:15 INFO     strategy        PnL: 11:11:15 MTM=-434.00 Loss=0.07%
2026-07-16 11:11:16 INFO     strategy        PnL: 11:11:16 MTM=-453.00 Loss=0.07%
2026-07-16 11:11:17 INFO     strategy        PnL: 11:11:17 MTM=-434.00 Loss=0.07%
2026-07-16 11:11:18 INFO     strategy        PnL: 11:11:18 MTM=-448.00 Loss=0.07%
2026-07-16 11:11:19 INFO     strategy        PnL: 11:11:19 MTM=-415.00 Loss=0.06%
2026-07-16 11:11:20 INFO     strategy        PnL: 11:11:20 MTM=-440.00 Loss=0.07%
2026-07-16 11:11:21 INFO     strategy        PnL: 11:11:21 MTM=-386.00 Loss=0.06%
2026-07-16 11:11:22 INFO     strategy        PnL: 11:11:22 MTM=-395.00 Loss=0.06%
2026-07-16 11:11:23 INFO     strategy        PnL: 11:11:23 MTM=-351.00 Loss=0.05%
2026-07-16 11:11:24 INFO     strategy        PnL: 11:11:24 MTM=-390.00 Loss=0.06%
2026-07-16 11:11:25 INFO     strategy        PnL: 11:11:25 MTM=-457.00 Loss=0.07%
2026-07-16 11:11:26 INFO     strategy        PnL: 11:11:26 MTM=-415.00 Loss=0.06%
2026-07-16 11:11:27 INFO     strategy        PnL: 11:11:27 MTM=-421.00 Loss=0.06%
2026-07-16 11:11:28 INFO     strategy        PnL: 11:11:28 MTM=-434.00 Loss=0.07%
2026-07-16 11:11:29 INFO     strategy        PnL: 11:11:29 MTM=-416.00 Loss=0.06%
2026-07-16 11:11:30 INFO     strategy        PnL: 11:11:30 MTM=-450.00 Loss=0.07%
2026-07-16 11:11:31 INFO     strategy        PnL: 11:11:31 MTM=-417.00 Loss=0.06%
2026-07-16 11:11:32 INFO     strategy        PnL: 11:11:32 MTM=-474.00 Loss=0.07%
2026-07-16 11:11:33 INFO     strategy        PnL: 11:11:33 MTM=-463.00 Loss=0.07%
2026-07-16 11:11:34 INFO     strategy        PnL: 11:11:34 MTM=-442.00 Loss=0.07%
2026-07-16 11:11:35 INFO     strategy        PnL: 11:11:35 MTM=-434.00 Loss=0.07%
2026-07-16 11:11:36 INFO     strategy        PnL: 11:11:36 MTM=-455.00 Loss=0.07%
2026-07-16 11:11:37 INFO     strategy        PnL: 11:11:37 MTM=-462.00 Loss=0.07%
2026-07-16 11:11:38 INFO     strategy        PnL: 11:11:38 MTM=-455.00 Loss=0.07%
2026-07-16 11:11:39 INFO     strategy        PnL: 11:11:39 MTM=-479.00 Loss=0.07%
2026-07-16 11:11:40 INFO     strategy        PnL: 11:11:40 MTM=-426.00 Loss=0.07%
2026-07-16 11:11:41 INFO     strategy        PnL: 11:11:41 MTM=-402.00 Loss=0.06%
2026-07-16 11:11:42 INFO     strategy        PnL: 11:11:42 MTM=-420.00 Loss=0.06%
2026-07-16 11:11:43 INFO     strategy        PnL: 11:11:43 MTM=-462.00 Loss=0.07%
2026-07-16 11:11:44 INFO     strategy        PnL: 11:11:44 MTM=-422.00 Loss=0.07%
2026-07-16 11:11:45 INFO     strategy        PnL: 11:11:45 MTM=-415.00 Loss=0.06%
2026-07-16 11:11:46 INFO     strategy        PnL: 11:11:46 MTM=-412.00 Loss=0.06%
2026-07-16 11:11:47 INFO     strategy        PnL: 11:11:47 MTM=-417.00 Loss=0.06%
2026-07-16 11:11:48 INFO     strategy        PnL: 11:11:48 MTM=-420.00 Loss=0.06%
2026-07-16 11:11:49 INFO     strategy        PnL: 11:11:49 MTM=-430.00 Loss=0.07%
2026-07-16 11:11:50 INFO     strategy        PnL: 11:11:50 MTM=-413.00 Loss=0.06%
2026-07-16 11:11:51 INFO     strategy        PnL: 11:11:51 MTM=-428.00 Loss=0.07%
2026-07-16 11:11:52 INFO     strategy        PnL: 11:11:52 MTM=-415.00 Loss=0.06%
2026-07-16 11:11:53 INFO     strategy        PnL: 11:11:53 MTM=-424.00 Loss=0.07%
2026-07-16 11:11:54 INFO     strategy        PnL: 11:11:54 MTM=-396.00 Loss=0.06%
2026-07-16 11:11:55 INFO     strategy        PnL: 11:11:55 MTM=-393.00 Loss=0.06%
2026-07-16 11:11:56 INFO     strategy        PnL: 11:11:56 MTM=-398.00 Loss=0.06%
2026-07-16 11:11:57 INFO     strategy        PnL: 11:11:57 MTM=-425.00 Loss=0.07%
2026-07-16 11:11:58 INFO     strategy        PnL: 11:11:58 MTM=-407.00 Loss=0.06%
2026-07-16 11:11:59 INFO     strategy        PnL: 11:11:59 MTM=-433.00 Loss=0.07%
2026-07-16 11:12:00 INFO     strategy        PnL: 11:12:00 MTM=-461.00 Loss=0.07%
2026-07-16 11:12:01 INFO     strategy        PnL: 11:12:01 MTM=-450.00 Loss=0.07%
2026-07-16 11:12:02 INFO     strategy        PnL: 11:12:02 MTM=-420.00 Loss=0.06%
2026-07-16 11:12:04 INFO     strategy        PnL: 11:12:04 MTM=-427.00 Loss=0.07%
2026-07-16 11:12:05 INFO     strategy        PnL: 11:12:05 MTM=-435.00 Loss=0.07%
2026-07-16 11:12:05 INFO     strategy        PnL: 11:12:05 MTM=-423.00 Loss=0.07%
2026-07-16 11:12:06 INFO     strategy        PnL: 11:12:06 MTM=-401.00 Loss=0.06%
2026-07-16 11:12:08 INFO     strategy        PnL: 11:12:08 MTM=-407.00 Loss=0.06%
2026-07-16 11:12:09 INFO     strategy        PnL: 11:12:09 MTM=-388.00 Loss=0.06%
2026-07-16 11:12:10 INFO     strategy        PnL: 11:12:10 MTM=-387.00 Loss=0.06%
2026-07-16 11:12:11 INFO     strategy        PnL: 11:12:11 MTM=-400.00 Loss=0.06%
2026-07-16 11:12:12 INFO     strategy        PnL: 11:12:12 MTM=-408.00 Loss=0.06%
2026-07-16 11:12:13 INFO     strategy        PnL: 11:12:13 MTM=-439.00 Loss=0.07%
2026-07-16 11:12:14 INFO     strategy        PnL: 11:12:14 MTM=-407.00 Loss=0.06%
2026-07-16 11:12:15 INFO     strategy        PnL: 11:12:15 MTM=-399.00 Loss=0.06%
2026-07-16 11:12:16 INFO     strategy        PnL: 11:12:16 MTM=-450.00 Loss=0.07%
2026-07-16 11:12:17 INFO     strategy        PnL: 11:12:17 MTM=-430.00 Loss=0.07%
2026-07-16 11:12:18 INFO     strategy        PnL: 11:12:18 MTM=-411.00 Loss=0.06%
2026-07-16 11:12:19 INFO     strategy        PnL: 11:12:19 MTM=-398.00 Loss=0.06%
2026-07-16 11:12:20 INFO     strategy        PnL: 11:12:20 MTM=-432.00 Loss=0.07%
2026-07-16 11:12:21 INFO     strategy        PnL: 11:12:21 MTM=-408.00 Loss=0.06%
2026-07-16 11:12:22 INFO     strategy        PnL: 11:12:22 MTM=-390.00 Loss=0.06%
2026-07-16 11:12:23 INFO     strategy        PnL: 11:12:23 MTM=-390.00 Loss=0.06%
2026-07-16 11:12:24 INFO     strategy        PnL: 11:12:24 MTM=-392.00 Loss=0.06%
2026-07-16 11:12:25 INFO     strategy        PnL: 11:12:25 MTM=-366.00 Loss=0.06%
2026-07-16 11:12:26 INFO     strategy        PnL: 11:12:26 MTM=-335.00 Loss=0.05%
2026-07-16 11:12:27 INFO     strategy        PnL: 11:12:27 MTM=-391.00 Loss=0.06%
2026-07-16 11:12:28 INFO     strategy        PnL: 11:12:28 MTM=-375.00 Loss=0.06%
2026-07-16 11:12:29 INFO     strategy        PnL: 11:12:29 MTM=-362.00 Loss=0.06%
2026-07-16 11:12:30 INFO     strategy        PnL: 11:12:30 MTM=-349.00 Loss=0.05%
2026-07-16 11:12:31 INFO     strategy        PnL: 11:12:31 MTM=-330.00 Loss=0.05%
2026-07-16 11:12:32 INFO     strategy        PnL: 11:12:32 MTM=-365.00 Loss=0.06%
2026-07-16 11:12:33 INFO     strategy        PnL: 11:12:33 MTM=-378.00 Loss=0.06%
2026-07-16 11:12:34 INFO     strategy        PnL: 11:12:34 MTM=-386.00 Loss=0.06%
2026-07-16 11:12:35 INFO     strategy        PnL: 11:12:35 MTM=-404.00 Loss=0.06%
2026-07-16 11:12:36 INFO     strategy        PnL: 11:12:36 MTM=-366.00 Loss=0.06%
2026-07-16 11:12:37 INFO     strategy        PnL: 11:12:37 MTM=-345.00 Loss=0.05%
2026-07-16 11:12:38 INFO     strategy        PnL: 11:12:38 MTM=-357.00 Loss=0.06%
2026-07-16 11:12:39 INFO     strategy        PnL: 11:12:39 MTM=-363.00 Loss=0.06%
2026-07-16 11:12:40 INFO     strategy        PnL: 11:12:40 MTM=-340.00 Loss=0.05%
2026-07-16 11:12:41 INFO     strategy        PnL: 11:12:41 MTM=-322.00 Loss=0.05%
2026-07-16 11:12:42 INFO     strategy        PnL: 11:12:42 MTM=-318.00 Loss=0.05%
2026-07-16 11:12:43 INFO     strategy        PnL: 11:12:43 MTM=-337.00 Loss=0.05%
2026-07-16 11:12:44 INFO     strategy        PnL: 11:12:44 MTM=-327.00 Loss=0.05%
2026-07-16 11:12:45 INFO     strategy        PnL: 11:12:45 MTM=-318.00 Loss=0.05%
2026-07-16 11:12:46 INFO     strategy        PnL: 11:12:46 MTM=-331.00 Loss=0.05%
2026-07-16 11:12:47 INFO     strategy        PnL: 11:12:47 MTM=-307.00 Loss=0.05%
2026-07-16 11:12:48 INFO     strategy        PnL: 11:12:48 MTM=-321.00 Loss=0.05%
2026-07-16 11:12:49 INFO     strategy        PnL: 11:12:49 MTM=-316.00 Loss=0.05%
2026-07-16 11:12:50 INFO     strategy        PnL: 11:12:50 MTM=-335.00 Loss=0.05%
2026-07-16 11:12:51 INFO     strategy        PnL: 11:12:51 MTM=-320.00 Loss=0.05%
2026-07-16 11:12:52 INFO     strategy        PnL: 11:12:52 MTM=-332.00 Loss=0.05%
2026-07-16 11:12:53 INFO     strategy        PnL: 11:12:53 MTM=-353.00 Loss=0.05%
2026-07-16 11:12:54 INFO     strategy        PnL: 11:12:54 MTM=-347.00 Loss=0.05%
2026-07-16 11:12:55 INFO     strategy        PnL: 11:12:55 MTM=-352.00 Loss=0.05%
2026-07-16 11:12:56 INFO     strategy        PnL: 11:12:56 MTM=-325.00 Loss=0.05%
2026-07-16 11:12:57 INFO     strategy        PnL: 11:12:57 MTM=-358.00 Loss=0.06%
2026-07-16 11:12:58 INFO     strategy        PnL: 11:12:58 MTM=-308.00 Loss=0.05%
2026-07-16 11:12:59 INFO     strategy        PnL: 11:12:59 MTM=-323.00 Loss=0.05%
2026-07-16 11:13:00 INFO     strategy        PnL: 11:13:00 MTM=-311.00 Loss=0.05%
2026-07-16 11:13:01 INFO     strategy        PnL: 11:13:01 MTM=-322.00 Loss=0.05%
2026-07-16 11:13:02 INFO     strategy        PnL: 11:13:02 MTM=-321.00 Loss=0.05%
2026-07-16 11:13:03 INFO     strategy        PnL: 11:13:03 MTM=-329.00 Loss=0.05%
2026-07-16 11:13:04 INFO     strategy        PnL: 11:13:04 MTM=-284.00 Loss=0.04%
2026-07-16 11:13:05 INFO     strategy        PnL: 11:13:05 MTM=-292.00 Loss=0.05%
2026-07-16 11:13:06 INFO     strategy        PnL: 11:13:06 MTM=-304.00 Loss=0.05%
2026-07-16 11:13:07 INFO     strategy        PnL: 11:13:07 MTM=-275.00 Loss=0.04%
2026-07-16 11:13:08 INFO     strategy        PnL: 11:13:08 MTM=-274.00 Loss=0.04%
2026-07-16 11:13:09 INFO     strategy        PnL: 11:13:09 MTM=-321.00 Loss=0.05%
2026-07-16 11:13:10 INFO     strategy        PnL: 11:13:10 MTM=-281.00 Loss=0.04%
2026-07-16 11:13:11 INFO     strategy        PnL: 11:13:11 MTM=-303.00 Loss=0.05%
2026-07-16 11:13:12 INFO     strategy        PnL: 11:13:12 MTM=-302.00 Loss=0.05%
2026-07-16 11:13:13 INFO     strategy        PnL: 11:13:13 MTM=-349.00 Loss=0.05%
2026-07-16 11:13:14 INFO     strategy        PnL: 11:13:14 MTM=-287.00 Loss=0.04%
2026-07-16 11:13:15 INFO     strategy        PnL: 11:13:15 MTM=-290.00 Loss=0.04%
2026-07-16 11:13:16 INFO     strategy        PnL: 11:13:16 MTM=-292.00 Loss=0.05%
2026-07-16 11:13:17 INFO     strategy        PnL: 11:13:17 MTM=-300.00 Loss=0.05%
2026-07-16 11:13:18 INFO     strategy        PnL: 11:13:18 MTM=-395.00 Loss=0.06%
2026-07-16 11:13:19 INFO     strategy        PnL: 11:13:19 MTM=-327.00 Loss=0.05%
2026-07-16 11:13:20 INFO     strategy        PnL: 11:13:20 MTM=-322.00 Loss=0.05%
2026-07-16 11:13:21 INFO     strategy        PnL: 11:13:21 MTM=-361.00 Loss=0.06%
2026-07-16 11:13:22 INFO     strategy        PnL: 11:13:22 MTM=-372.00 Loss=0.06%
2026-07-16 11:13:23 INFO     strategy        PnL: 11:13:23 MTM=-337.00 Loss=0.05%
2026-07-16 11:13:24 INFO     strategy        PnL: 11:13:24 MTM=-328.00 Loss=0.05%
2026-07-16 11:13:25 INFO     strategy        PnL: 11:13:25 MTM=-331.00 Loss=0.05%
2026-07-16 11:13:26 INFO     strategy        PnL: 11:13:26 MTM=-319.00 Loss=0.05%
2026-07-16 11:13:27 INFO     strategy        PnL: 11:13:27 MTM=-360.00 Loss=0.06%
2026-07-16 11:13:28 INFO     strategy        PnL: 11:13:28 MTM=-354.00 Loss=0.05%
2026-07-16 11:13:29 INFO     strategy        PnL: 11:13:29 MTM=-399.00 Loss=0.06%
2026-07-16 11:13:30 INFO     strategy        PnL: 11:13:30 MTM=-367.00 Loss=0.06%
2026-07-16 11:13:31 INFO     strategy        PnL: 11:13:31 MTM=-382.00 Loss=0.06%
2026-07-16 11:13:32 INFO     strategy        PnL: 11:13:32 MTM=-383.00 Loss=0.06%
2026-07-16 11:13:33 INFO     strategy        PnL: 11:13:33 MTM=-393.00 Loss=0.06%
2026-07-16 11:13:34 INFO     strategy        PnL: 11:13:34 MTM=-413.00 Loss=0.06%
2026-07-16 11:13:35 INFO     strategy        PnL: 11:13:35 MTM=-410.00 Loss=0.06%
2026-07-16 11:13:36 INFO     strategy        PnL: 11:13:36 MTM=-389.00 Loss=0.06%
2026-07-16 11:13:37 INFO     strategy        PnL: 11:13:37 MTM=-394.00 Loss=0.06%
2026-07-16 11:13:38 INFO     strategy        PnL: 11:13:38 MTM=-427.00 Loss=0.07%
2026-07-16 11:13:39 INFO     strategy        PnL: 11:13:39 MTM=-380.00 Loss=0.06%
2026-07-16 11:13:40 INFO     strategy        PnL: 11:13:40 MTM=-411.00 Loss=0.06%
2026-07-16 11:13:41 INFO     strategy        PnL: 11:13:41 MTM=-381.00 Loss=0.06%
2026-07-16 11:13:43 INFO     strategy        PnL: 11:13:43 MTM=-379.00 Loss=0.06%
2026-07-16 11:13:44 INFO     strategy        PnL: 11:13:44 MTM=-355.00 Loss=0.05%
2026-07-16 11:13:45 INFO     strategy        PnL: 11:13:45 MTM=-367.00 Loss=0.06%
2026-07-16 11:13:46 INFO     strategy        PnL: 11:13:46 MTM=-359.00 Loss=0.06%
2026-07-16 11:13:47 INFO     strategy        PnL: 11:13:47 MTM=-351.00 Loss=0.05%
2026-07-16 11:13:48 INFO     strategy        PnL: 11:13:48 MTM=-345.00 Loss=0.05%
2026-07-16 11:13:49 INFO     strategy        PnL: 11:13:49 MTM=-342.00 Loss=0.05%
2026-07-16 11:13:50 INFO     strategy        PnL: 11:13:50 MTM=-302.00 Loss=0.05%
2026-07-16 11:13:51 INFO     strategy        PnL: 11:13:51 MTM=-332.00 Loss=0.05%
2026-07-16 11:13:52 INFO     strategy        PnL: 11:13:52 MTM=-340.00 Loss=0.05%
2026-07-16 11:13:53 INFO     strategy        PnL: 11:13:53 MTM=-335.00 Loss=0.05%
2026-07-16 11:13:54 INFO     strategy        PnL: 11:13:54 MTM=-350.00 Loss=0.05%
2026-07-16 11:13:55 INFO     strategy        PnL: 11:13:55 MTM=-311.00 Loss=0.05%
2026-07-16 11:13:56 INFO     strategy        PnL: 11:13:56 MTM=-310.00 Loss=0.05%
2026-07-16 11:13:57 INFO     strategy        PnL: 11:13:57 MTM=-304.00 Loss=0.05%
2026-07-16 11:13:58 INFO     strategy        PnL: 11:13:58 MTM=-326.00 Loss=0.05%
2026-07-16 11:13:59 INFO     strategy        PnL: 11:13:59 MTM=-285.00 Loss=0.04%
2026-07-16 11:14:00 INFO     strategy        PnL: 11:14:00 MTM=-297.00 Loss=0.05%
2026-07-16 11:14:01 INFO     strategy        PnL: 11:14:01 MTM=-297.00 Loss=0.05%
2026-07-16 11:14:02 INFO     strategy        PnL: 11:14:02 MTM=-298.00 Loss=0.05%
2026-07-16 11:14:03 INFO     strategy        PnL: 11:14:03 MTM=-324.00 Loss=0.05%
2026-07-16 11:14:04 INFO     strategy        PnL: 11:14:04 MTM=-322.00 Loss=0.05%
2026-07-16 11:14:05 INFO     strategy        PnL: 11:14:05 MTM=-259.00 Loss=0.04%
2026-07-16 11:14:06 INFO     strategy        PnL: 11:14:06 MTM=-270.00 Loss=0.04%
2026-07-16 11:14:07 INFO     strategy        PnL: 11:14:07 MTM=-270.00 Loss=0.04%
2026-07-16 11:14:08 INFO     strategy        PnL: 11:14:08 MTM=-277.00 Loss=0.04%
2026-07-16 11:14:09 INFO     strategy        PnL: 11:14:09 MTM=-254.00 Loss=0.04%
2026-07-16 11:14:10 INFO     strategy        PnL: 11:14:10 MTM=-272.00 Loss=0.04%
2026-07-16 11:14:11 INFO     strategy        PnL: 11:14:11 MTM=-243.00 Loss=0.04%
2026-07-16 11:14:12 INFO     strategy        PnL: 11:14:12 MTM=-240.00 Loss=0.04%
2026-07-16 11:14:13 INFO     strategy        PnL: 11:14:13 MTM=-222.00 Loss=0.03%
2026-07-16 11:14:14 INFO     strategy        PnL: 11:14:14 MTM=-177.00 Loss=0.03%
2026-07-16 11:14:15 INFO     strategy        PnL: 11:14:15 MTM=-212.00 Loss=0.03%
2026-07-16 11:14:16 INFO     strategy        PnL: 11:14:16 MTM=-235.00 Loss=0.04%
2026-07-16 11:14:17 INFO     strategy        PnL: 11:14:17 MTM=-225.00 Loss=0.03%
2026-07-16 11:14:18 INFO     strategy        PnL: 11:14:18 MTM=-214.00 Loss=0.03%
2026-07-16 11:14:19 INFO     strategy        PnL: 11:14:19 MTM=-163.00 Loss=0.03%
2026-07-16 11:14:20 INFO     strategy        PnL: 11:14:20 MTM=-197.00 Loss=0.03%
2026-07-16 11:14:21 INFO     strategy        PnL: 11:14:21 MTM=-222.00 Loss=0.03%
2026-07-16 11:14:22 INFO     strategy        PnL: 11:14:22 MTM=-178.00 Loss=0.03%
2026-07-16 11:14:23 INFO     strategy        PnL: 11:14:23 MTM=-200.00 Loss=0.03%
2026-07-16 11:14:24 INFO     strategy        PnL: 11:14:24 MTM=-212.00 Loss=0.03%
2026-07-16 11:14:25 INFO     strategy        PnL: 11:14:25 MTM=-189.00 Loss=0.03%
2026-07-16 11:14:26 INFO     strategy        PnL: 11:14:26 MTM=-143.00 Loss=0.02%
2026-07-16 11:14:27 INFO     strategy        PnL: 11:14:27 MTM=-193.00 Loss=0.03%
2026-07-16 11:14:28 INFO     strategy        PnL: 11:14:28 MTM=-171.00 Loss=0.03%
2026-07-16 11:14:29 INFO     strategy        PnL: 11:14:29 MTM=-212.00 Loss=0.03%
2026-07-16 11:14:30 INFO     strategy        PnL: 11:14:30 MTM=-196.00 Loss=0.03%
2026-07-16 11:14:31 INFO     strategy        PnL: 11:14:31 MTM=-244.00 Loss=0.04%
2026-07-16 11:14:32 INFO     strategy        PnL: 11:14:32 MTM=-195.00 Loss=0.03%
2026-07-16 11:14:33 INFO     strategy        PnL: 11:14:33 MTM=-246.00 Loss=0.04%
2026-07-16 11:14:34 INFO     strategy        PnL: 11:14:34 MTM=-227.00 Loss=0.03%
2026-07-16 11:14:35 INFO     strategy        PnL: 11:14:35 MTM=-233.00 Loss=0.04%
2026-07-16 11:14:36 INFO     strategy        PnL: 11:14:36 MTM=-206.00 Loss=0.03%
2026-07-16 11:14:37 INFO     strategy        PnL: 11:14:37 MTM=-227.00 Loss=0.03%
2026-07-16 11:14:38 INFO     strategy        PnL: 11:14:38 MTM=-207.00 Loss=0.03%
2026-07-16 11:14:39 INFO     strategy        PnL: 11:14:39 MTM=-214.00 Loss=0.03%
2026-07-16 11:14:40 INFO     strategy        PnL: 11:14:40 MTM=-187.00 Loss=0.03%
2026-07-16 11:14:41 INFO     strategy        PnL: 11:14:41 MTM=-178.00 Loss=0.03%
2026-07-16 11:14:42 INFO     strategy        PnL: 11:14:42 MTM=-166.00 Loss=0.03%
2026-07-16 11:14:43 INFO     strategy        PnL: 11:14:43 MTM=-185.00 Loss=0.03%
2026-07-16 11:14:44 INFO     strategy        PnL: 11:14:44 MTM=-191.00 Loss=0.03%
2026-07-16 11:14:45 INFO     strategy        PnL: 11:14:45 MTM=-193.00 Loss=0.03%
2026-07-16 11:14:46 INFO     strategy        PnL: 11:14:46 MTM=-164.00 Loss=0.03%
2026-07-16 11:14:47 INFO     strategy        PnL: 11:14:47 MTM=-160.00 Loss=0.02%
2026-07-16 11:14:48 INFO     strategy        PnL: 11:14:48 MTM=-197.00 Loss=0.03%
2026-07-16 11:14:49 INFO     strategy        PnL: 11:14:49 MTM=-186.00 Loss=0.03%
2026-07-16 11:14:50 INFO     strategy        PnL: 11:14:50 MTM=-156.00 Loss=0.02%
2026-07-16 11:14:51 INFO     strategy        PnL: 11:14:51 MTM=-123.00 Loss=0.02%
2026-07-16 11:14:52 INFO     strategy        PnL: 11:14:52 MTM=-144.00 Loss=0.02%
2026-07-16 11:14:53 INFO     strategy        PnL: 11:14:53 MTM=-153.00 Loss=0.02%
2026-07-16 11:14:54 INFO     strategy        PnL: 11:14:54 MTM=-143.00 Loss=0.02%
2026-07-16 11:14:55 INFO     strategy        PnL: 11:14:55 MTM=-134.00 Loss=0.02%
2026-07-16 11:14:56 INFO     strategy        PnL: 11:14:56 MTM=-130.00 Loss=0.02%
2026-07-16 11:14:57 INFO     strategy        PnL: 11:14:57 MTM=-142.00 Loss=0.02%
2026-07-16 11:14:58 INFO     strategy        PnL: 11:14:58 MTM=-138.00 Loss=0.02%
2026-07-16 11:14:59 INFO     strategy        PnL: 11:14:59 MTM=-147.00 Loss=0.02%
2026-07-16 11:15:00 INFO     strategy        PnL: 11:15:00 MTM=-171.00 Loss=0.03%
2026-07-16 11:15:01 INFO     strategy        PnL: 11:15:01 MTM=-201.00 Loss=0.03%
2026-07-16 11:15:02 INFO     strategy        PnL: 11:15:02 MTM=-183.00 Loss=0.03%
2026-07-16 11:15:03 INFO     strategy        PnL: 11:15:03 MTM=-164.00 Loss=0.03%
2026-07-16 11:15:04 INFO     strategy        PnL: 11:15:04 MTM=-134.00 Loss=0.02%
2026-07-16 11:15:06 INFO     strategy        PnL: 11:15:05 MTM=-159.00 Loss=0.02%
2026-07-16 11:15:06 INFO     strategy        PnL: 11:15:06 MTM=-208.00 Loss=0.03%
2026-07-16 11:15:08 INFO     strategy        PnL: 11:15:08 MTM=-215.00 Loss=0.03%
2026-07-16 11:15:09 INFO     strategy        PnL: 11:15:09 MTM=-236.00 Loss=0.04%
2026-07-16 11:15:10 INFO     strategy        PnL: 11:15:10 MTM=-220.00 Loss=0.03%
2026-07-16 11:15:11 INFO     strategy        PnL: 11:15:11 MTM=-215.00 Loss=0.03%
2026-07-16 11:15:12 INFO     strategy        PnL: 11:15:12 MTM=-146.00 Loss=0.02%
2026-07-16 11:15:13 INFO     strategy        PnL: 11:15:13 MTM=-159.00 Loss=0.02%
2026-07-16 11:15:14 INFO     strategy        PnL: 11:15:14 MTM=-184.00 Loss=0.03%
2026-07-16 11:15:15 INFO     strategy        PnL: 11:15:15 MTM=-208.00 Loss=0.03%
2026-07-16 11:15:16 INFO     strategy        PnL: 11:15:16 MTM=-210.00 Loss=0.03%
2026-07-16 11:15:17 INFO     strategy        PnL: 11:15:17 MTM=-192.00 Loss=0.03%
2026-07-16 11:15:18 INFO     strategy        PnL: 11:15:18 MTM=-207.00 Loss=0.03%
2026-07-16 11:15:19 INFO     strategy        PnL: 11:15:19 MTM=-198.00 Loss=0.03%
2026-07-16 11:15:20 INFO     strategy        PnL: 11:15:20 MTM=-215.00 Loss=0.03%
2026-07-16 11:15:21 INFO     strategy        PnL: 11:15:21 MTM=-213.00 Loss=0.03%
2026-07-16 11:15:22 INFO     strategy        PnL: 11:15:22 MTM=-202.00 Loss=0.03%
2026-07-16 11:15:23 INFO     strategy        PnL: 11:15:23 MTM=-216.00 Loss=0.03%
2026-07-16 11:15:24 INFO     strategy        PnL: 11:15:24 MTM=-259.00 Loss=0.04%
2026-07-16 11:15:25 INFO     strategy        PnL: 11:15:25 MTM=-232.00 Loss=0.04%
2026-07-16 11:15:26 INFO     strategy        PnL: 11:15:26 MTM=-243.00 Loss=0.04%
2026-07-16 11:15:27 INFO     strategy        PnL: 11:15:27 MTM=-285.00 Loss=0.04%
2026-07-16 11:15:28 INFO     strategy        PnL: 11:15:28 MTM=-265.00 Loss=0.04%
2026-07-16 11:15:29 INFO     strategy        PnL: 11:15:29 MTM=-254.00 Loss=0.04%
2026-07-16 11:15:30 INFO     strategy        PnL: 11:15:30 MTM=-250.00 Loss=0.04%
2026-07-16 11:15:31 INFO     strategy        PnL: 11:15:31 MTM=-261.00 Loss=0.04%
2026-07-16 11:15:32 INFO     strategy        PnL: 11:15:32 MTM=-286.00 Loss=0.04%
2026-07-16 11:15:33 INFO     strategy        PnL: 11:15:33 MTM=-277.00 Loss=0.04%
2026-07-16 11:15:34 INFO     strategy        PnL: 11:15:34 MTM=-211.00 Loss=0.03%
2026-07-16 11:15:35 INFO     strategy        PnL: 11:15:35 MTM=-240.00 Loss=0.04%
2026-07-16 11:15:36 INFO     strategy        PnL: 11:15:36 MTM=-241.00 Loss=0.04%
2026-07-16 11:15:37 INFO     strategy        PnL: 11:15:37 MTM=-265.00 Loss=0.04%
2026-07-16 11:15:38 INFO     strategy        PnL: 11:15:38 MTM=-259.00 Loss=0.04%
2026-07-16 11:15:39 INFO     strategy        PnL: 11:15:39 MTM=-255.00 Loss=0.04%
2026-07-16 11:15:40 INFO     strategy        PnL: 11:15:40 MTM=-225.00 Loss=0.03%
2026-07-16 11:15:41 INFO     strategy        PnL: 11:15:41 MTM=-236.00 Loss=0.04%
2026-07-16 11:15:42 INFO     strategy        PnL: 11:15:42 MTM=-238.00 Loss=0.04%
2026-07-16 11:15:43 INFO     strategy        PnL: 11:15:43 MTM=-262.00 Loss=0.04%
2026-07-16 11:15:44 INFO     strategy        PnL: 11:15:44 MTM=-238.00 Loss=0.04%
2026-07-16 11:15:45 INFO     strategy        PnL: 11:15:45 MTM=-241.00 Loss=0.04%
2026-07-16 11:15:46 INFO     strategy        PnL: 11:15:46 MTM=-212.00 Loss=0.03%
2026-07-16 11:15:47 INFO     strategy        PnL: 11:15:47 MTM=-204.00 Loss=0.03%
2026-07-16 11:15:48 INFO     strategy        PnL: 11:15:48 MTM=-220.00 Loss=0.03%
2026-07-16 11:15:49 INFO     strategy        PnL: 11:15:49 MTM=-256.00 Loss=0.04%
2026-07-16 11:15:50 INFO     strategy        PnL: 11:15:50 MTM=-230.00 Loss=0.04%
2026-07-16 11:15:51 INFO     strategy        PnL: 11:15:51 MTM=-211.00 Loss=0.03%
2026-07-16 11:15:52 INFO     strategy        PnL: 11:15:52 MTM=-226.00 Loss=0.03%
2026-07-16 11:15:53 INFO     strategy        PnL: 11:15:53 MTM=-216.00 Loss=0.03%
2026-07-16 11:15:54 INFO     strategy        PnL: 11:15:54 MTM=-223.00 Loss=0.03%
2026-07-16 11:15:55 INFO     strategy        PnL: 11:15:55 MTM=-237.00 Loss=0.04%
2026-07-16 11:15:56 INFO     strategy        PnL: 11:15:56 MTM=-221.00 Loss=0.03%
2026-07-16 11:15:57 INFO     strategy        PnL: 11:15:57 MTM=-237.00 Loss=0.04%
2026-07-16 11:15:58 INFO     strategy        PnL: 11:15:58 MTM=-201.00 Loss=0.03%
2026-07-16 11:15:59 INFO     strategy        PnL: 11:15:59 MTM=-238.00 Loss=0.04%
2026-07-16 11:16:00 INFO     strategy        PnL: 11:16:00 MTM=-253.00 Loss=0.04%
2026-07-16 11:16:01 INFO     strategy        PnL: 11:16:01 MTM=-236.00 Loss=0.04%
2026-07-16 11:16:02 INFO     strategy        PnL: 11:16:02 MTM=-221.00 Loss=0.03%
2026-07-16 11:16:03 INFO     strategy        PnL: 11:16:03 MTM=-264.00 Loss=0.04%
2026-07-16 11:16:04 INFO     strategy        PnL: 11:16:04 MTM=-198.00 Loss=0.03%
2026-07-16 11:16:05 INFO     strategy        PnL: 11:16:05 MTM=-233.00 Loss=0.04%
2026-07-16 11:16:06 INFO     strategy        PnL: 11:16:06 MTM=-220.00 Loss=0.03%
2026-07-16 11:16:07 INFO     strategy        PnL: 11:16:07 MTM=-187.00 Loss=0.03%
2026-07-16 11:16:08 INFO     strategy        PnL: 11:16:08 MTM=-184.00 Loss=0.03%
2026-07-16 11:16:09 INFO     strategy        PnL: 11:16:09 MTM=-212.00 Loss=0.03%
2026-07-16 11:16:10 INFO     strategy        PnL: 11:16:10 MTM=-208.00 Loss=0.03%
2026-07-16 11:16:11 INFO     strategy        PnL: 11:16:11 MTM=-217.00 Loss=0.03%
2026-07-16 11:16:12 INFO     strategy        PnL: 11:16:12 MTM=-221.00 Loss=0.03%
2026-07-16 11:16:13 INFO     strategy        PnL: 11:16:13 MTM=-242.00 Loss=0.04%
2026-07-16 11:16:14 INFO     strategy        PnL: 11:16:14 MTM=-222.00 Loss=0.03%
2026-07-16 11:16:15 INFO     strategy        PnL: 11:16:15 MTM=-230.00 Loss=0.04%
2026-07-16 11:16:16 INFO     strategy        PnL: 11:16:16 MTM=-244.00 Loss=0.04%
2026-07-16 11:16:17 INFO     strategy        PnL: 11:16:17 MTM=-273.00 Loss=0.04%
2026-07-16 11:16:18 INFO     strategy        PnL: 11:16:18 MTM=-237.00 Loss=0.04%
2026-07-16 11:16:19 INFO     strategy        PnL: 11:16:19 MTM=-247.00 Loss=0.04%
2026-07-16 11:16:20 INFO     strategy        PnL: 11:16:20 MTM=-234.00 Loss=0.04%
2026-07-16 11:16:21 INFO     strategy        PnL: 11:16:21 MTM=-259.00 Loss=0.04%
2026-07-16 11:16:22 INFO     strategy        PnL: 11:16:22 MTM=-243.00 Loss=0.04%
2026-07-16 11:16:23 INFO     strategy        PnL: 11:16:23 MTM=-202.00 Loss=0.03%
2026-07-16 11:16:24 INFO     strategy        PnL: 11:16:24 MTM=-224.00 Loss=0.03%
2026-07-16 11:16:25 INFO     strategy        PnL: 11:16:25 MTM=-261.00 Loss=0.04%
2026-07-16 11:16:26 INFO     strategy        PnL: 11:16:26 MTM=-262.00 Loss=0.04%
2026-07-16 11:16:27 INFO     strategy        PnL: 11:16:27 MTM=-239.00 Loss=0.04%
2026-07-16 11:16:28 INFO     strategy        PnL: 11:16:28 MTM=-221.00 Loss=0.03%
2026-07-16 11:16:29 INFO     strategy        PnL: 11:16:29 MTM=-212.00 Loss=0.03%
2026-07-16 11:16:30 INFO     strategy        PnL: 11:16:30 MTM=-195.00 Loss=0.03%
2026-07-16 11:16:31 INFO     strategy        PnL: 11:16:31 MTM=-202.00 Loss=0.03%
2026-07-16 11:16:32 INFO     strategy        PnL: 11:16:32 MTM=-233.00 Loss=0.04%
2026-07-16 11:16:33 INFO     strategy        PnL: 11:16:33 MTM=-189.00 Loss=0.03%
2026-07-16 11:16:34 INFO     strategy        PnL: 11:16:34 MTM=-190.00 Loss=0.03%
2026-07-16 11:16:35 INFO     strategy        PnL: 11:16:35 MTM=-215.00 Loss=0.03%
2026-07-16 11:16:36 INFO     strategy        PnL: 11:16:36 MTM=-200.00 Loss=0.03%
2026-07-16 11:16:37 INFO     strategy        PnL: 11:16:37 MTM=-222.00 Loss=0.03%
2026-07-16 11:16:38 INFO     strategy        PnL: 11:16:38 MTM=-227.00 Loss=0.03%
2026-07-16 11:16:39 INFO     strategy        PnL: 11:16:39 MTM=-201.00 Loss=0.03%
2026-07-16 11:16:40 INFO     strategy        PnL: 11:16:40 MTM=-191.00 Loss=0.03%
2026-07-16 11:16:42 INFO     strategy        PnL: 11:16:42 MTM=-210.00 Loss=0.03%
2026-07-16 11:16:43 INFO     strategy        PnL: 11:16:43 MTM=-207.00 Loss=0.03%
2026-07-16 11:16:44 INFO     strategy        PnL: 11:16:44 MTM=-203.00 Loss=0.03%
2026-07-16 11:16:45 INFO     strategy        PnL: 11:16:45 MTM=-196.00 Loss=0.03%
2026-07-16 11:16:46 INFO     strategy        PnL: 11:16:46 MTM=-213.00 Loss=0.03%
2026-07-16 11:16:47 INFO     strategy        PnL: 11:16:47 MTM=-219.00 Loss=0.03%
2026-07-16 11:16:48 INFO     strategy        PnL: 11:16:48 MTM=-177.00 Loss=0.03%
2026-07-16 11:16:49 INFO     strategy        PnL: 11:16:49 MTM=-192.00 Loss=0.03%
2026-07-16 11:16:50 INFO     strategy        PnL: 11:16:50 MTM=-179.00 Loss=0.03%
2026-07-16 11:16:51 INFO     strategy        PnL: 11:16:51 MTM=-164.00 Loss=0.03%
2026-07-16 11:16:52 INFO     strategy        PnL: 11:16:52 MTM=-187.00 Loss=0.03%
2026-07-16 11:16:53 INFO     strategy        PnL: 11:16:53 MTM=-169.00 Loss=0.03%
2026-07-16 11:16:54 INFO     strategy        PnL: 11:16:54 MTM=-161.00 Loss=0.02%
2026-07-16 11:16:55 INFO     strategy        PnL: 11:16:55 MTM=-163.00 Loss=0.03%
2026-07-16 11:16:56 INFO     strategy        PnL: 11:16:56 MTM=-130.00 Loss=0.02%
2026-07-16 11:16:57 INFO     strategy        PnL: 11:16:57 MTM=-139.00 Loss=0.02%
2026-07-16 11:16:58 INFO     strategy        PnL: 11:16:58 MTM=-170.00 Loss=0.03%
2026-07-16 11:16:59 INFO     strategy        PnL: 11:16:59 MTM=-157.00 Loss=0.02%
2026-07-16 11:17:00 INFO     strategy        PnL: 11:17:00 MTM=-169.00 Loss=0.03%
2026-07-16 11:17:01 INFO     strategy        PnL: 11:17:01 MTM=-165.00 Loss=0.03%
2026-07-16 11:17:02 INFO     strategy        PnL: 11:17:02 MTM=-162.00 Loss=0.02%
2026-07-16 11:17:03 INFO     strategy        PnL: 11:17:03 MTM=-157.00 Loss=0.02%
2026-07-16 11:17:04 INFO     strategy        PnL: 11:17:04 MTM=-106.00 Loss=0.02%
2026-07-16 11:17:05 INFO     strategy        PnL: 11:17:05 MTM=-78.00 Loss=0.01%
2026-07-16 11:17:06 INFO     strategy        PnL: 11:17:06 MTM=-102.00 Loss=0.02%
2026-07-16 11:17:07 INFO     strategy        PnL: 11:17:07 MTM=-74.00 Loss=0.01%
2026-07-16 11:17:08 INFO     strategy        PnL: 11:17:08 MTM=-150.00 Loss=0.02%
2026-07-16 11:17:09 INFO     strategy        PnL: 11:17:09 MTM=-97.00 Loss=0.01%
2026-07-16 11:17:10 INFO     strategy        PnL: 11:17:10 MTM=-97.00 Loss=0.01%
2026-07-16 11:17:11 INFO     strategy        PnL: 11:17:11 MTM=-61.00 Loss=0.01%
2026-07-16 11:17:12 INFO     strategy        PnL: 11:17:12 MTM=-50.00 Loss=0.01%
2026-07-16 11:17:13 INFO     strategy        PnL: 11:17:13 MTM=-84.00 Loss=0.01%
2026-07-16 11:17:14 INFO     strategy        PnL: 11:17:14 MTM=-91.00 Loss=0.01%
2026-07-16 11:17:15 INFO     strategy        PnL: 11:17:15 MTM=-72.00 Loss=0.01%
2026-07-16 11:17:16 INFO     strategy        PnL: 11:17:16 MTM=-70.00 Loss=0.01%
2026-07-16 11:17:17 INFO     strategy        PnL: 11:17:17 MTM=-83.00 Loss=0.01%
2026-07-16 11:17:18 INFO     strategy        PnL: 11:17:18 MTM=-67.00 Loss=0.01%
2026-07-16 11:17:19 INFO     strategy        PnL: 11:17:19 MTM=-62.00 Loss=0.01%
2026-07-16 11:17:20 INFO     strategy        PnL: 11:17:20 MTM=-48.00 Loss=0.01%
2026-07-16 11:17:21 INFO     strategy        PnL: 11:17:21 MTM=1.00 Profit=0.00%
2026-07-16 11:17:22 INFO     strategy        PnL: 11:17:22 MTM=-27.00 Loss=0.00%
2026-07-16 11:17:23 INFO     strategy        PnL: 11:17:23 MTM=-16.00 Loss=0.00%
2026-07-16 11:17:24 INFO     strategy        PnL: 11:17:24 MTM=-37.00 Loss=0.01%
2026-07-16 11:17:25 INFO     strategy        PnL: 11:17:25 MTM=18.00 Profit=0.00%
2026-07-16 11:17:26 INFO     strategy        PnL: 11:17:26 MTM=46.00 Profit=0.01%
2026-07-16 11:17:27 INFO     strategy        PnL: 11:17:27 MTM=13.00 Profit=0.00%
2026-07-16 11:17:28 INFO     strategy        PnL: 11:17:28 MTM=-35.00 Loss=0.01%
2026-07-16 11:17:29 INFO     strategy        PnL: 11:17:29 MTM=83.00 Profit=0.01%
2026-07-16 11:17:30 INFO     strategy        PnL: 11:17:30 MTM=37.00 Profit=0.01%
2026-07-16 11:17:31 INFO     strategy        PnL: 11:17:31 MTM=25.00 Profit=0.00%
2026-07-16 11:17:32 INFO     strategy        PnL: 11:17:32 MTM=-8.00 Loss=0.00%
2026-07-16 11:17:33 INFO     strategy        PnL: 11:17:33 MTM=29.00 Profit=0.00%
2026-07-16 11:17:34 INFO     strategy        PnL: 11:17:34 MTM=24.00 Profit=0.00%
2026-07-16 11:17:35 INFO     strategy        PnL: 11:17:35 MTM=28.00 Profit=0.00%
2026-07-16 11:17:36 INFO     strategy        PnL: 11:17:36 MTM=25.00 Profit=0.00%
2026-07-16 11:17:37 INFO     strategy        PnL: 11:17:37 MTM=45.00 Profit=0.01%
2026-07-16 11:17:38 INFO     strategy        PnL: 11:17:38 MTM=-29.00 Loss=0.00%
2026-07-16 11:17:39 INFO     strategy        PnL: 11:17:39 MTM=-8.00 Loss=0.00%
2026-07-16 11:17:40 INFO     strategy        PnL: 11:17:40 MTM=15.00 Profit=0.00%
2026-07-16 11:17:41 INFO     strategy        PnL: 11:17:41 MTM=18.00 Profit=0.00%
2026-07-16 11:17:42 INFO     strategy        PnL: 11:17:42 MTM=27.00 Profit=0.00%
2026-07-16 11:17:43 INFO     strategy        PnL: 11:17:43 MTM=52.00 Profit=0.01%
2026-07-16 11:17:44 INFO     strategy        PnL: 11:17:44 MTM=21.00 Profit=0.00%
2026-07-16 11:17:45 INFO     strategy        PnL: 11:17:45 MTM=-8.00 Loss=0.00%
2026-07-16 11:17:46 INFO     strategy        PnL: 11:17:46 MTM=15.00 Profit=0.00%
2026-07-16 11:17:47 INFO     strategy        PnL: 11:17:47 MTM=12.00 Profit=0.00%
2026-07-16 11:17:48 INFO     strategy        PnL: 11:17:48 MTM=1.00 Profit=0.00%
2026-07-16 11:17:49 INFO     strategy        PnL: 11:17:49 MTM=-10.00 Loss=0.00%
2026-07-16 11:17:50 INFO     strategy        PnL: 11:17:50 MTM=-9.00 Loss=0.00%
2026-07-16 11:17:51 INFO     strategy        PnL: 11:17:51 MTM=-33.00 Loss=0.01%
2026-07-16 11:17:52 INFO     strategy        PnL: 11:17:52 MTM=-30.00 Loss=0.00%
2026-07-16 11:17:53 INFO     strategy        PnL: 11:17:53 MTM=-31.00 Loss=0.00%
2026-07-16 11:17:54 INFO     strategy        PnL: 11:17:54 MTM=-42.00 Loss=0.01%
2026-07-16 11:17:56 INFO     strategy        PnL: 11:17:56 MTM=-11.00 Loss=0.00%
2026-07-16 11:17:56 INFO     strategy        PnL: 11:17:56 MTM=18.00 Profit=0.00%
2026-07-16 11:17:58 INFO     strategy        PnL: 11:17:58 MTM=-7.00 Loss=0.00%
2026-07-16 11:17:59 INFO     strategy        PnL: 11:17:59 MTM=-8.00 Loss=0.00%
2026-07-16 11:18:00 INFO     strategy        PnL: 11:18:00 MTM=2.00 Profit=0.00%
2026-07-16 11:18:01 INFO     strategy        PnL: 11:18:01 MTM=-19.00 Loss=0.00%
2026-07-16 11:18:02 INFO     strategy        PnL: 11:18:02 MTM=36.00 Profit=0.01%
2026-07-16 11:18:03 INFO     strategy        PnL: 11:18:03 MTM=39.00 Profit=0.01%
2026-07-16 11:18:04 INFO     strategy        PnL: 11:18:04 MTM=107.00 Profit=0.02%
2026-07-16 11:18:05 INFO     strategy        PnL: 11:18:05 MTM=63.00 Profit=0.01%
2026-07-16 11:18:06 INFO     strategy        PnL: 11:18:06 MTM=39.00 Profit=0.01%
2026-07-16 11:18:07 INFO     strategy        PnL: 11:18:07 MTM=81.00 Profit=0.01%
2026-07-16 11:18:08 INFO     strategy        PnL: 11:18:08 MTM=69.00 Profit=0.01%
2026-07-16 11:18:09 INFO     strategy        PnL: 11:18:09 MTM=-13.00 Loss=0.00%
2026-07-16 11:18:10 INFO     strategy        PnL: 11:18:10 MTM=28.00 Profit=0.00%
2026-07-16 11:18:11 INFO     strategy        PnL: 11:18:11 MTM=51.00 Profit=0.01%
2026-07-16 11:18:12 INFO     strategy        PnL: 11:18:12 MTM=37.00 Profit=0.01%
2026-07-16 11:18:13 INFO     strategy        PnL: 11:18:13 MTM=66.00 Profit=0.01%
2026-07-16 11:18:14 INFO     strategy        PnL: 11:18:14 MTM=22.00 Profit=0.00%
2026-07-16 11:18:15 INFO     strategy        PnL: 11:18:15 MTM=66.00 Profit=0.01%
2026-07-16 11:18:16 INFO     strategy        PnL: 11:18:16 MTM=76.00 Profit=0.01%
2026-07-16 11:18:17 INFO     strategy        PnL: 11:18:17 MTM=59.00 Profit=0.01%
2026-07-16 11:18:18 INFO     strategy        PnL: 11:18:18 MTM=60.00 Profit=0.01%
2026-07-16 11:18:19 INFO     strategy        PnL: 11:18:19 MTM=50.00 Profit=0.01%
2026-07-16 11:18:20 INFO     strategy        PnL: 11:18:20 MTM=35.00 Profit=0.01%
2026-07-16 11:18:21 INFO     strategy        PnL: 11:18:21 MTM=26.00 Profit=0.00%
2026-07-16 11:18:22 INFO     strategy        PnL: 11:18:22 MTM=19.00 Profit=0.00%
2026-07-16 11:18:23 INFO     strategy        PnL: 11:18:23 MTM=88.00 Profit=0.01%
2026-07-16 11:18:24 INFO     strategy        PnL: 11:18:24 MTM=24.00 Profit=0.00%
2026-07-16 11:18:25 INFO     strategy        PnL: 11:18:25 MTM=60.00 Profit=0.01%
2026-07-16 11:18:26 INFO     strategy        PnL: 11:18:26 MTM=-22.00 Loss=0.00%
2026-07-16 11:18:27 INFO     strategy        PnL: 11:18:27 MTM=-32.00 Loss=0.00%
2026-07-16 11:18:28 INFO     strategy        PnL: 11:18:28 MTM=-3.00 Loss=0.00%
2026-07-16 11:18:29 INFO     strategy        PnL: 11:18:29 MTM=-25.00 Loss=0.00%
2026-07-16 11:18:30 INFO     strategy        PnL: 11:18:30 MTM=-20.00 Loss=0.00%
2026-07-16 11:18:31 INFO     strategy        PnL: 11:18:31 MTM=-17.00 Loss=0.00%
2026-07-16 11:18:32 INFO     strategy        PnL: 11:18:32 MTM=-38.00 Loss=0.01%
2026-07-16 11:18:33 INFO     strategy        PnL: 11:18:33 MTM=-60.00 Loss=0.01%
2026-07-16 11:18:34 INFO     strategy        PnL: 11:18:34 MTM=-42.00 Loss=0.01%
2026-07-16 11:18:35 INFO     strategy        PnL: 11:18:35 MTM=-47.00 Loss=0.01%
2026-07-16 11:18:36 INFO     strategy        PnL: 11:18:36 MTM=-50.00 Loss=0.01%
2026-07-16 11:18:37 INFO     strategy        PnL: 11:18:37 MTM=-58.00 Loss=0.01%
2026-07-16 11:18:38 INFO     strategy        PnL: 11:18:38 MTM=-60.00 Loss=0.01%
2026-07-16 11:18:39 INFO     strategy        PnL: 11:18:39 MTM=-13.00 Loss=0.00%
2026-07-16 11:18:40 INFO     strategy        PnL: 11:18:40 MTM=-30.00 Loss=0.00%
2026-07-16 11:18:41 INFO     strategy        PnL: 11:18:41 MTM=-69.00 Loss=0.01%
2026-07-16 11:18:42 INFO     strategy        PnL: 11:18:42 MTM=-55.00 Loss=0.01%
2026-07-16 11:18:43 INFO     strategy        PnL: 11:18:43 MTM=-60.00 Loss=0.01%
2026-07-16 11:18:44 INFO     strategy        PnL: 11:18:44 MTM=-53.00 Loss=0.01%
2026-07-16 11:18:45 INFO     strategy        PnL: 11:18:45 MTM=-55.00 Loss=0.01%
2026-07-16 11:18:46 INFO     strategy        PnL: 11:18:46 MTM=-67.00 Loss=0.01%
2026-07-16 11:18:47 INFO     strategy        PnL: 11:18:47 MTM=-49.00 Loss=0.01%
2026-07-16 11:18:48 INFO     strategy        PnL: 11:18:48 MTM=-68.00 Loss=0.01%
2026-07-16 11:18:49 INFO     strategy        PnL: 11:18:49 MTM=-86.00 Loss=0.01%
2026-07-16 11:18:50 INFO     strategy        PnL: 11:18:50 MTM=-58.00 Loss=0.01%
2026-07-16 11:18:51 INFO     strategy        PnL: 11:18:51 MTM=-106.00 Loss=0.02%
2026-07-16 11:18:52 INFO     strategy        PnL: 11:18:52 MTM=-72.00 Loss=0.01%
2026-07-16 11:18:53 INFO     strategy        PnL: 11:18:53 MTM=-55.00 Loss=0.01%
2026-07-16 11:18:54 INFO     strategy        PnL: 11:18:54 MTM=-94.00 Loss=0.01%
2026-07-16 11:18:55 INFO     strategy        PnL: 11:18:55 MTM=-83.00 Loss=0.01%
2026-07-16 11:18:56 INFO     strategy        PnL: 11:18:56 MTM=-74.00 Loss=0.01%
2026-07-16 11:18:57 INFO     strategy        PnL: 11:18:57 MTM=-84.00 Loss=0.01%
2026-07-16 11:18:58 INFO     strategy        PnL: 11:18:58 MTM=-103.00 Loss=0.02%
2026-07-16 11:18:59 INFO     strategy        PnL: 11:18:59 MTM=-81.00 Loss=0.01%
2026-07-16 11:19:00 INFO     strategy        PnL: 11:19:00 MTM=-18.00 Loss=0.00%
2026-07-16 11:19:01 INFO     strategy        PnL: 11:19:01 MTM=-32.00 Loss=0.00%
2026-07-16 11:19:02 INFO     strategy        PnL: 11:19:02 MTM=-14.00 Loss=0.00%
2026-07-16 11:19:03 INFO     strategy        PnL: 11:19:03 MTM=-67.00 Loss=0.01%
2026-07-16 11:19:04 INFO     strategy        PnL: 11:19:04 MTM=-60.00 Loss=0.01%
2026-07-16 11:19:05 INFO     strategy        PnL: 11:19:05 MTM=-40.00 Loss=0.01%
2026-07-16 11:19:06 INFO     strategy        PnL: 11:19:06 MTM=-53.00 Loss=0.01%
2026-07-16 11:19:07 INFO     strategy        PnL: 11:19:07 MTM=-52.00 Loss=0.01%
2026-07-16 11:19:08 INFO     strategy        PnL: 11:19:08 MTM=-44.00 Loss=0.01%
2026-07-16 11:19:09 INFO     strategy        PnL: 11:19:09 MTM=-66.00 Loss=0.01%
2026-07-16 11:19:10 INFO     strategy        PnL: 11:19:10 MTM=-58.00 Loss=0.01%
2026-07-16 11:19:11 INFO     strategy        PnL: 11:19:11 MTM=-66.00 Loss=0.01%
2026-07-16 11:19:12 INFO     strategy        PnL: 11:19:12 MTM=-41.00 Loss=0.01%
2026-07-16 11:19:13 INFO     strategy        PnL: 11:19:13 MTM=-37.00 Loss=0.01%
2026-07-16 11:19:14 INFO     strategy        PnL: 11:19:14 MTM=-35.00 Loss=0.01%
2026-07-16 11:19:15 INFO     strategy        PnL: 11:19:15 MTM=-16.00 Loss=0.00%
2026-07-16 11:19:16 INFO     strategy        PnL: 11:19:16 MTM=-18.00 Loss=0.00%
2026-07-16 11:19:17 INFO     strategy        PnL: 11:19:17 MTM=-29.00 Loss=0.00%
2026-07-16 11:19:18 INFO     strategy        PnL: 11:19:18 MTM=-45.00 Loss=0.01%
2026-07-16 11:19:19 INFO     strategy        PnL: 11:19:19 MTM=-37.00 Loss=0.01%
2026-07-16 11:19:20 INFO     strategy        PnL: 11:19:20 MTM=-7.00 Loss=0.00%
2026-07-16 11:19:21 INFO     strategy        PnL: 11:19:21 MTM=-56.00 Loss=0.01%
2026-07-16 11:19:22 INFO     strategy        PnL: 11:19:22 MTM=-6.00 Loss=0.00%
2026-07-16 11:19:23 INFO     strategy        PnL: 11:19:23 MTM=-39.00 Loss=0.01%
2026-07-16 11:19:24 INFO     strategy        PnL: 11:19:24 MTM=-27.00 Loss=0.00%
2026-07-16 11:19:25 INFO     strategy        PnL: 11:19:25 MTM=36.00 Profit=0.01%
2026-07-16 11:19:26 INFO     strategy        PnL: 11:19:26 MTM=-34.00 Loss=0.01%
2026-07-16 11:19:27 INFO     strategy        PnL: 11:19:27 MTM=23.00 Profit=0.00%
2026-07-16 11:19:28 INFO     strategy        PnL: 11:19:28 MTM=10.00 Profit=0.00%
2026-07-16 11:19:29 INFO     strategy        PnL: 11:19:29 MTM=10.00 Profit=0.00%
2026-07-16 11:19:30 INFO     strategy        PnL: 11:19:30 MTM=-77.00 Loss=0.01%
2026-07-16 11:19:31 INFO     strategy        PnL: 11:19:31 MTM=-0.00 Loss=0.00%
2026-07-16 11:19:32 INFO     strategy        PnL: 11:19:32 MTM=14.00 Profit=0.00%
2026-07-16 11:19:34 INFO     strategy        PnL: 11:19:33 MTM=1.00 Profit=0.00%
2026-07-16 11:19:35 INFO     strategy        PnL: 11:19:35 MTM=-13.00 Loss=0.00%
2026-07-16 11:19:36 INFO     strategy        PnL: 11:19:36 MTM=-13.00 Loss=0.00%
2026-07-16 11:19:37 INFO     strategy        PnL: 11:19:37 MTM=40.00 Profit=0.01%
2026-07-16 11:19:38 INFO     strategy        PnL: 11:19:38 MTM=-9.00 Loss=0.00%
2026-07-16 11:19:39 INFO     strategy        PnL: 11:19:39 MTM=29.00 Profit=0.00%
2026-07-16 11:19:40 INFO     strategy        PnL: 11:19:40 MTM=14.00 Profit=0.00%
2026-07-16 11:19:41 INFO     strategy        PnL: 11:19:41 MTM=10.00 Profit=0.00%
2026-07-16 11:19:42 INFO     strategy        PnL: 11:19:42 MTM=-0.00 Loss=0.00%
2026-07-16 11:19:43 INFO     strategy        PnL: 11:19:43 MTM=25.00 Profit=0.00%
2026-07-16 11:19:44 INFO     strategy        PnL: 11:19:44 MTM=26.00 Profit=0.00%
2026-07-16 11:19:45 INFO     strategy        PnL: 11:19:45 MTM=69.00 Profit=0.01%
2026-07-16 11:19:46 INFO     strategy        PnL: 11:19:46 MTM=34.00 Profit=0.01%
2026-07-16 11:19:47 INFO     strategy        PnL: 11:19:47 MTM=24.00 Profit=0.00%
2026-07-16 11:19:48 INFO     strategy        PnL: 11:19:48 MTM=5.00 Profit=0.00%
2026-07-16 11:19:49 INFO     strategy        PnL: 11:19:49 MTM=4.00 Profit=0.00%
2026-07-16 11:19:50 INFO     strategy        PnL: 11:19:50 MTM=45.00 Profit=0.01%
2026-07-16 11:19:51 INFO     strategy        PnL: 11:19:51 MTM=34.00 Profit=0.01%
2026-07-16 11:19:52 INFO     strategy        PnL: 11:19:52 MTM=-7.00 Loss=0.00%
2026-07-16 11:19:53 INFO     strategy        PnL: 11:19:53 MTM=1.00 Profit=0.00%
2026-07-16 11:19:54 INFO     strategy        PnL: 11:19:54 MTM=22.00 Profit=0.00%
2026-07-16 11:19:55 INFO     strategy        PnL: 11:19:55 MTM=32.00 Profit=0.00%
2026-07-16 11:19:56 INFO     strategy        PnL: 11:19:56 MTM=13.00 Profit=0.00%
2026-07-16 11:19:57 INFO     strategy        PnL: 11:19:57 MTM=36.00 Profit=0.01%
2026-07-16 11:19:58 INFO     strategy        PnL: 11:19:58 MTM=45.00 Profit=0.01%
2026-07-16 11:19:59 INFO     strategy        PnL: 11:19:59 MTM=7.00 Profit=0.00%
2026-07-16 11:20:00 INFO     strategy        PnL: 11:20:00 MTM=-3.00 Loss=0.00%
2026-07-16 11:20:01 INFO     strategy        PnL: 11:20:01 MTM=-3.00 Loss=0.00%
2026-07-16 11:20:02 INFO     strategy        PnL: 11:20:02 MTM=34.00 Profit=0.01%
2026-07-16 11:20:03 INFO     strategy        PnL: 11:20:03 MTM=15.00 Profit=0.00%
2026-07-16 11:20:04 INFO     strategy        PnL: 11:20:04 MTM=-10.00 Loss=0.00%
2026-07-16 11:20:05 INFO     strategy        PnL: 11:20:05 MTM=-34.00 Loss=0.01%
2026-07-16 11:20:06 INFO     strategy        PnL: 11:20:06 MTM=-42.00 Loss=0.01%
2026-07-16 11:20:07 INFO     strategy        PnL: 11:20:07 MTM=-30.00 Loss=0.00%
2026-07-16 11:20:08 INFO     strategy        PnL: 11:20:08 MTM=-15.00 Loss=0.00%
2026-07-16 11:20:09 INFO     strategy        PnL: 11:20:09 MTM=-35.00 Loss=0.01%
2026-07-16 11:20:10 INFO     strategy        PnL: 11:20:10 MTM=-29.00 Loss=0.00%
2026-07-16 11:20:11 INFO     strategy        PnL: 11:20:11 MTM=-22.00 Loss=0.00%
2026-07-16 11:20:12 INFO     strategy        PnL: 11:20:12 MTM=-36.00 Loss=0.01%
2026-07-16 11:20:13 INFO     strategy        PnL: 11:20:13 MTM=-34.00 Loss=0.01%
2026-07-16 11:20:14 INFO     strategy        PnL: 11:20:14 MTM=-43.00 Loss=0.01%
2026-07-16 11:20:15 INFO     strategy        PnL: 11:20:15 MTM=17.00 Profit=0.00%
2026-07-16 11:20:16 INFO     strategy        PnL: 11:20:16 MTM=33.00 Profit=0.01%
2026-07-16 11:20:17 INFO     strategy        PnL: 11:20:17 MTM=30.00 Profit=0.00%
2026-07-16 11:20:18 INFO     strategy        PnL: 11:20:18 MTM=12.00 Profit=0.00%
2026-07-16 11:20:19 INFO     strategy        PnL: 11:20:19 MTM=-6.00 Loss=0.00%
2026-07-16 11:20:20 INFO     strategy        PnL: 11:20:20 MTM=1.00 Profit=0.00%
2026-07-16 11:20:21 INFO     strategy        PnL: 11:20:21 MTM=-22.00 Loss=0.00%
2026-07-16 11:20:22 INFO     strategy        PnL: 11:20:22 MTM=24.00 Profit=0.00%
2026-07-16 11:20:23 INFO     strategy        PnL: 11:20:23 MTM=-18.00 Loss=0.00%
2026-07-16 11:20:24 INFO     strategy        PnL: 11:20:24 MTM=-26.00 Loss=0.00%
2026-07-16 11:20:25 INFO     strategy        PnL: 11:20:25 MTM=-23.00 Loss=0.00%
2026-07-16 11:20:26 INFO     strategy        PnL: 11:20:26 MTM=-6.00 Loss=0.00%
2026-07-16 11:20:27 INFO     strategy        PnL: 11:20:27 MTM=-3.00 Loss=0.00%
2026-07-16 11:20:28 INFO     strategy        PnL: 11:20:28 MTM=-13.00 Loss=0.00%
2026-07-16 11:20:29 INFO     strategy        PnL: 11:20:29 MTM=6.00 Profit=0.00%
2026-07-16 11:20:30 INFO     strategy        PnL: 11:20:30 MTM=-15.00 Loss=0.00%
2026-07-16 11:20:31 INFO     strategy        PnL: 11:20:31 MTM=-4.00 Loss=0.00%
2026-07-16 11:20:32 INFO     strategy        PnL: 11:20:32 MTM=20.00 Profit=0.00%
2026-07-16 11:20:33 INFO     strategy        PnL: 11:20:33 MTM=16.00 Profit=0.00%
2026-07-16 11:20:34 INFO     strategy        PnL: 11:20:34 MTM=-2.00 Loss=0.00%
2026-07-16 11:20:35 INFO     strategy        PnL: 11:20:35 MTM=2.00 Profit=0.00%
2026-07-16 11:20:36 INFO     strategy        PnL: 11:20:36 MTM=9.00 Profit=0.00%
2026-07-16 11:20:37 INFO     strategy        PnL: 11:20:37 MTM=-5.00 Loss=0.00%
2026-07-16 11:20:38 INFO     strategy        PnL: 11:20:38 MTM=8.00 Profit=0.00%
2026-07-16 11:20:39 INFO     strategy        PnL: 11:20:39 MTM=-15.00 Loss=0.00%
2026-07-16 11:20:40 INFO     strategy        PnL: 11:20:40 MTM=38.00 Profit=0.01%
2026-07-16 11:20:41 INFO     strategy        PnL: 11:20:41 MTM=31.00 Profit=0.00%
2026-07-16 11:20:42 INFO     strategy        PnL: 11:20:42 MTM=44.00 Profit=0.01%
2026-07-16 11:20:43 INFO     strategy        PnL: 11:20:43 MTM=30.00 Profit=0.00%
2026-07-16 11:20:44 INFO     strategy        PnL: 11:20:44 MTM=34.00 Profit=0.01%
2026-07-16 11:20:45 INFO     strategy        PnL: 11:20:45 MTM=24.00 Profit=0.00%
2026-07-16 11:20:46 INFO     strategy        PnL: 11:20:46 MTM=48.00 Profit=0.01%
2026-07-16 11:20:47 INFO     strategy        PnL: 11:20:47 MTM=37.00 Profit=0.01%
2026-07-16 11:20:48 INFO     strategy        PnL: 11:20:48 MTM=15.00 Profit=0.00%
2026-07-16 11:20:49 INFO     strategy        PnL: 11:20:49 MTM=20.00 Profit=0.00%
2026-07-16 11:20:50 INFO     strategy        PnL: 11:20:50 MTM=1.00 Profit=0.00%
2026-07-16 11:20:51 INFO     strategy        PnL: 11:20:51 MTM=-52.00 Loss=0.01%
2026-07-16 11:20:52 INFO     strategy        PnL: 11:20:52 MTM=-35.00 Loss=0.01%
2026-07-16 11:20:53 INFO     strategy        PnL: 11:20:53 MTM=-39.00 Loss=0.01%
2026-07-16 11:20:54 INFO     strategy        PnL: 11:20:54 MTM=-13.00 Loss=0.00%
2026-07-16 11:20:55 INFO     strategy        PnL: 11:20:55 MTM=-18.00 Loss=0.00%
2026-07-16 11:20:56 INFO     strategy        PnL: 11:20:56 MTM=-30.00 Loss=0.00%
2026-07-16 11:20:57 INFO     strategy        PnL: 11:20:57 MTM=-13.00 Loss=0.00%
2026-07-16 11:20:58 INFO     strategy        PnL: 11:20:58 MTM=-5.00 Loss=0.00%
2026-07-16 11:20:59 INFO     strategy        PnL: 11:20:59 MTM=-44.00 Loss=0.01%
2026-07-16 11:21:00 INFO     strategy        PnL: 11:21:00 MTM=-59.00 Loss=0.01%
2026-07-16 11:21:01 INFO     strategy        PnL: 11:21:01 MTM=-31.00 Loss=0.00%
2026-07-16 11:21:02 INFO     strategy        PnL: 11:21:02 MTM=-43.00 Loss=0.01%
2026-07-16 11:21:03 INFO     strategy        PnL: 11:21:03 MTM=-50.00 Loss=0.01%
2026-07-16 11:21:04 INFO     strategy        PnL: 11:21:04 MTM=-45.00 Loss=0.01%
2026-07-16 11:21:05 INFO     strategy        PnL: 11:21:05 MTM=-57.00 Loss=0.01%
2026-07-16 11:21:06 INFO     strategy        PnL: 11:21:06 MTM=-60.00 Loss=0.01%
2026-07-16 11:21:07 INFO     strategy        PnL: 11:21:07 MTM=-59.00 Loss=0.01%
2026-07-16 11:21:08 INFO     strategy        PnL: 11:21:08 MTM=-64.00 Loss=0.01%
2026-07-16 11:21:09 INFO     strategy        PnL: 11:21:09 MTM=-73.00 Loss=0.01%
2026-07-16 11:21:10 INFO     strategy        PnL: 11:21:10 MTM=-14.00 Loss=0.00%
2026-07-16 11:21:11 INFO     strategy        PnL: 11:21:11 MTM=-106.00 Loss=0.02%
2026-07-16 11:21:12 INFO     strategy        PnL: 11:21:12 MTM=-82.00 Loss=0.01%
2026-07-16 11:21:13 INFO     strategy        PnL: 11:21:13 MTM=-137.00 Loss=0.02%
2026-07-16 11:21:15 INFO     strategy        PnL: 11:21:15 MTM=-98.00 Loss=0.02%
2026-07-16 11:21:16 INFO     strategy        PnL: 11:21:16 MTM=-155.00 Loss=0.02%
2026-07-16 11:21:17 INFO     strategy        PnL: 11:21:17 MTM=-125.00 Loss=0.02%
2026-07-16 11:21:18 INFO     strategy        PnL: 11:21:18 MTM=-143.00 Loss=0.02%
2026-07-16 11:21:19 INFO     strategy        PnL: 11:21:19 MTM=-103.00 Loss=0.02%
2026-07-16 11:21:20 INFO     strategy        PnL: 11:21:20 MTM=-101.00 Loss=0.02%
2026-07-16 11:21:21 INFO     strategy        PnL: 11:21:21 MTM=-86.00 Loss=0.01%
2026-07-16 11:21:22 INFO     strategy        PnL: 11:21:22 MTM=-99.00 Loss=0.02%
2026-07-16 11:21:23 INFO     strategy        PnL: 11:21:23 MTM=-114.00 Loss=0.02%
2026-07-16 11:21:24 INFO     strategy        PnL: 11:21:24 MTM=-99.00 Loss=0.02%
2026-07-16 11:21:25 INFO     strategy        PnL: 11:21:25 MTM=-126.00 Loss=0.02%
2026-07-16 11:21:26 INFO     strategy        PnL: 11:21:26 MTM=-89.00 Loss=0.01%
2026-07-16 11:21:27 INFO     strategy        PnL: 11:21:27 MTM=-112.00 Loss=0.02%
2026-07-16 11:21:28 INFO     strategy        PnL: 11:21:28 MTM=-117.00 Loss=0.02%
2026-07-16 11:21:29 INFO     strategy        PnL: 11:21:29 MTM=-102.00 Loss=0.02%
2026-07-16 11:21:30 INFO     strategy        PnL: 11:21:30 MTM=-115.00 Loss=0.02%
2026-07-16 11:21:31 INFO     strategy        PnL: 11:21:31 MTM=-96.00 Loss=0.01%
2026-07-16 11:21:32 INFO     strategy        PnL: 11:21:32 MTM=-74.00 Loss=0.01%
2026-07-16 11:21:33 INFO     strategy        PnL: 11:21:33 MTM=-83.00 Loss=0.01%
2026-07-16 11:21:34 INFO     strategy        PnL: 11:21:34 MTM=-84.00 Loss=0.01%
2026-07-16 11:21:35 INFO     strategy        PnL: 11:21:35 MTM=-60.00 Loss=0.01%
2026-07-16 11:21:36 INFO     strategy        PnL: 11:21:36 MTM=-60.00 Loss=0.01%
2026-07-16 11:21:37 INFO     strategy        PnL: 11:21:37 MTM=-21.00 Loss=0.00%
2026-07-16 11:21:38 INFO     strategy        PnL: 11:21:38 MTM=-41.00 Loss=0.01%
2026-07-16 11:21:39 INFO     strategy        PnL: 11:21:39 MTM=-30.00 Loss=0.00%
2026-07-16 11:21:40 INFO     strategy        PnL: 11:21:40 MTM=-35.00 Loss=0.01%
2026-07-16 11:21:41 INFO     strategy        PnL: 11:21:41 MTM=-48.00 Loss=0.01%
2026-07-16 11:21:42 INFO     strategy        PnL: 11:21:42 MTM=-93.00 Loss=0.01%
2026-07-16 11:21:43 INFO     strategy        PnL: 11:21:43 MTM=-22.00 Loss=0.00%
2026-07-16 11:21:44 INFO     strategy        PnL: 11:21:44 MTM=-43.00 Loss=0.01%
2026-07-16 11:21:45 INFO     strategy        PnL: 11:21:45 MTM=-54.00 Loss=0.01%
2026-07-16 11:21:46 INFO     strategy        PnL: 11:21:46 MTM=-85.00 Loss=0.01%
2026-07-16 11:21:47 INFO     strategy        PnL: 11:21:47 MTM=-68.00 Loss=0.01%
2026-07-16 11:21:48 INFO     strategy        PnL: 11:21:48 MTM=-66.00 Loss=0.01%
2026-07-16 11:21:49 INFO     strategy        PnL: 11:21:49 MTM=-92.00 Loss=0.01%
2026-07-16 11:21:50 INFO     strategy        PnL: 11:21:50 MTM=-88.00 Loss=0.01%
2026-07-16 11:21:51 INFO     strategy        PnL: 11:21:51 MTM=-45.00 Loss=0.01%
2026-07-16 11:21:52 INFO     strategy        PnL: 11:21:52 MTM=-63.00 Loss=0.01%
2026-07-16 11:21:53 INFO     strategy        PnL: 11:21:53 MTM=-54.00 Loss=0.01%
2026-07-16 11:21:54 INFO     strategy        PnL: 11:21:54 MTM=-84.00 Loss=0.01%
2026-07-16 11:21:55 INFO     strategy        PnL: 11:21:55 MTM=-79.00 Loss=0.01%
2026-07-16 11:21:56 INFO     strategy        PnL: 11:21:56 MTM=-17.00 Loss=0.00%
2026-07-16 11:21:57 INFO     strategy        PnL: 11:21:57 MTM=-50.00 Loss=0.01%
2026-07-16 11:21:58 INFO     strategy        PnL: 11:21:58 MTM=-57.00 Loss=0.01%
2026-07-16 11:21:59 INFO     strategy        PnL: 11:21:59 MTM=-16.00 Loss=0.00%
2026-07-16 11:22:00 INFO     strategy        PnL: 11:22:00 MTM=-28.00 Loss=0.00%
2026-07-16 11:22:01 INFO     strategy        PnL: 11:22:01 MTM=-40.00 Loss=0.01%
2026-07-16 11:22:02 INFO     strategy        PnL: 11:22:02 MTM=-27.00 Loss=0.00%
2026-07-16 11:22:03 INFO     strategy        PnL: 11:22:03 MTM=-51.00 Loss=0.01%
2026-07-16 11:22:04 INFO     strategy        PnL: 11:22:04 MTM=-25.00 Loss=0.00%
2026-07-16 11:22:05 INFO     strategy        PnL: 11:22:05 MTM=-49.00 Loss=0.01%
2026-07-16 11:22:06 INFO     strategy        PnL: 11:22:06 MTM=-64.00 Loss=0.01%
2026-07-16 11:22:07 INFO     strategy        PnL: 11:22:07 MTM=-45.00 Loss=0.01%
2026-07-16 11:22:08 INFO     strategy        PnL: 11:22:08 MTM=-40.00 Loss=0.01%
2026-07-16 11:22:09 INFO     strategy        PnL: 11:22:09 MTM=-26.00 Loss=0.00%
2026-07-16 11:22:10 INFO     strategy        PnL: 11:22:10 MTM=-26.00 Loss=0.00%
2026-07-16 11:22:11 INFO     strategy        PnL: 11:22:11 MTM=-13.00 Loss=0.00%
2026-07-16 11:22:12 INFO     strategy        PnL: 11:22:12 MTM=5.00 Profit=0.00%
2026-07-16 11:22:13 INFO     strategy        PnL: 11:22:13 MTM=-117.00 Loss=0.02%
2026-07-16 11:22:14 INFO     strategy        PnL: 11:22:14 MTM=-134.00 Loss=0.02%
2026-07-16 11:22:15 INFO     strategy        PnL: 11:22:15 MTM=-68.00 Loss=0.01%
2026-07-16 11:22:16 INFO     strategy        PnL: 11:22:16 MTM=-102.00 Loss=0.02%
2026-07-16 11:22:17 INFO     strategy        PnL: 11:22:17 MTM=-57.00 Loss=0.01%
2026-07-16 11:22:18 INFO     strategy        PnL: 11:22:18 MTM=-88.00 Loss=0.01%
2026-07-16 11:22:19 INFO     strategy        PnL: 11:22:19 MTM=-112.00 Loss=0.02%
2026-07-16 11:22:20 INFO     strategy        PnL: 11:22:20 MTM=-69.00 Loss=0.01%
2026-07-16 11:22:21 INFO     strategy        PnL: 11:22:21 MTM=-98.00 Loss=0.02%
2026-07-16 11:22:22 INFO     strategy        PnL: 11:22:22 MTM=-99.00 Loss=0.02%
2026-07-16 11:22:23 INFO     strategy        PnL: 11:22:23 MTM=-75.00 Loss=0.01%
2026-07-16 11:22:24 INFO     strategy        PnL: 11:22:24 MTM=-61.00 Loss=0.01%
2026-07-16 11:22:25 INFO     strategy        PnL: 11:22:25 MTM=-49.00 Loss=0.01%
2026-07-16 11:22:26 INFO     strategy        PnL: 11:22:26 MTM=-47.00 Loss=0.01%
2026-07-16 11:22:27 INFO     strategy        PnL: 11:22:27 MTM=-59.00 Loss=0.01%
2026-07-16 11:22:28 INFO     strategy        PnL: 11:22:28 MTM=-92.00 Loss=0.01%
2026-07-16 11:22:29 INFO     strategy        PnL: 11:22:29 MTM=-86.00 Loss=0.01%
2026-07-16 11:22:30 INFO     strategy        PnL: 11:22:30 MTM=-103.00 Loss=0.02%
2026-07-16 11:22:31 INFO     strategy        PnL: 11:22:31 MTM=-112.00 Loss=0.02%
2026-07-16 11:22:32 INFO     strategy        PnL: 11:22:32 MTM=-91.00 Loss=0.01%
2026-07-16 11:22:33 INFO     strategy        PnL: 11:22:33 MTM=-80.00 Loss=0.01%
2026-07-16 11:22:34 INFO     strategy        PnL: 11:22:34 MTM=-75.00 Loss=0.01%
2026-07-16 11:22:35 INFO     strategy        PnL: 11:22:35 MTM=-101.00 Loss=0.02%
2026-07-16 11:22:36 INFO     strategy        PnL: 11:22:36 MTM=-73.00 Loss=0.01%
2026-07-16 11:22:37 INFO     strategy        PnL: 11:22:37 MTM=-78.00 Loss=0.01%
2026-07-16 11:22:38 INFO     strategy        PnL: 11:22:38 MTM=-78.00 Loss=0.01%
2026-07-16 11:22:39 INFO     strategy        PnL: 11:22:39 MTM=-87.00 Loss=0.01%
2026-07-16 11:22:40 INFO     strategy        PnL: 11:22:40 MTM=-79.00 Loss=0.01%
2026-07-16 11:22:41 INFO     strategy        PnL: 11:22:41 MTM=-60.00 Loss=0.01%
2026-07-16 11:22:42 INFO     strategy        PnL: 11:22:42 MTM=-83.00 Loss=0.01%
2026-07-16 11:22:43 INFO     strategy        PnL: 11:22:43 MTM=-69.00 Loss=0.01%
2026-07-16 11:22:44 INFO     strategy        PnL: 11:22:44 MTM=-67.00 Loss=0.01%
2026-07-16 11:22:45 INFO     strategy        PnL: 11:22:45 MTM=-82.00 Loss=0.01%
2026-07-16 11:22:46 INFO     strategy        PnL: 11:22:46 MTM=-74.00 Loss=0.01%
2026-07-16 11:22:47 INFO     strategy        PnL: 11:22:47 MTM=-96.00 Loss=0.01%
2026-07-16 11:22:48 INFO     strategy        PnL: 11:22:48 MTM=-75.00 Loss=0.01%
2026-07-16 11:22:49 INFO     strategy        PnL: 11:22:49 MTM=-61.00 Loss=0.01%
2026-07-16 11:22:50 INFO     strategy        PnL: 11:22:50 MTM=-63.00 Loss=0.01%
2026-07-16 11:22:51 INFO     strategy        PnL: 11:22:51 MTM=-67.00 Loss=0.01%
2026-07-16 11:22:52 INFO     strategy        PnL: 11:22:52 MTM=-45.00 Loss=0.01%
2026-07-16 11:22:53 INFO     strategy        PnL: 11:22:53 MTM=-66.00 Loss=0.01%
2026-07-16 11:22:54 INFO     strategy        PnL: 11:22:54 MTM=-105.00 Loss=0.02%
2026-07-16 11:22:55 INFO     strategy        PnL: 11:22:55 MTM=-51.00 Loss=0.01%
2026-07-16 11:22:56 INFO     strategy        PnL: 11:22:56 MTM=-75.00 Loss=0.01%
2026-07-16 11:22:57 INFO     strategy        PnL: 11:22:57 MTM=-72.00 Loss=0.01%
2026-07-16 11:22:58 INFO     strategy        PnL: 11:22:58 MTM=-74.00 Loss=0.01%
2026-07-16 11:22:59 INFO     strategy        PnL: 11:22:59 MTM=-52.00 Loss=0.01%
2026-07-16 11:23:00 INFO     strategy        PnL: 11:23:00 MTM=-60.00 Loss=0.01%
2026-07-16 11:23:01 INFO     strategy        PnL: 11:23:01 MTM=-52.00 Loss=0.01%
2026-07-16 11:23:02 INFO     strategy        PnL: 11:23:02 MTM=-88.00 Loss=0.01%
2026-07-16 11:23:03 INFO     strategy        PnL: 11:23:03 MTM=-84.00 Loss=0.01%
2026-07-16 11:23:04 INFO     strategy        PnL: 11:23:04 MTM=-71.00 Loss=0.01%
2026-07-16 11:23:05 INFO     strategy        PnL: 11:23:05 MTM=-52.00 Loss=0.01%
2026-07-16 11:23:06 INFO     strategy        PnL: 11:23:06 MTM=-46.00 Loss=0.01%
2026-07-16 11:23:07 INFO     strategy        PnL: 11:23:07 MTM=-46.00 Loss=0.01%
2026-07-16 11:23:08 INFO     strategy        PnL: 11:23:08 MTM=-29.00 Loss=0.00%
2026-07-16 11:23:09 INFO     strategy        PnL: 11:23:09 MTM=71.00 Profit=0.01%
2026-07-16 11:23:10 INFO     strategy        PnL: 11:23:10 MTM=-13.00 Loss=0.00%
2026-07-16 11:23:11 INFO     strategy        PnL: 11:23:11 MTM=-72.00 Loss=0.01%
2026-07-16 11:23:13 INFO     strategy        PnL: 11:23:13 MTM=-8.00 Loss=0.00%
2026-07-16 11:23:14 INFO     strategy        PnL: 11:23:14 MTM=-58.00 Loss=0.01%
2026-07-16 11:23:15 INFO     strategy        PnL: 11:23:15 MTM=-22.00 Loss=0.00%
2026-07-16 11:23:16 INFO     strategy        PnL: 11:23:16 MTM=-17.00 Loss=0.00%
2026-07-16 11:23:17 INFO     strategy        PnL: 11:23:17 MTM=-33.00 Loss=0.01%
2026-07-16 11:23:18 INFO     strategy        PnL: 11:23:18 MTM=17.00 Profit=0.00%
2026-07-16 11:23:19 INFO     strategy        PnL: 11:23:19 MTM=-6.00 Loss=0.00%
2026-07-16 11:23:20 INFO     strategy        PnL: 11:23:20 MTM=7.00 Profit=0.00%
2026-07-16 11:23:21 INFO     strategy        PnL: 11:23:21 MTM=22.00 Profit=0.00%
2026-07-16 11:23:22 INFO     strategy        PnL: 11:23:22 MTM=5.00 Profit=0.00%
2026-07-16 11:23:23 INFO     strategy        PnL: 11:23:23 MTM=35.00 Profit=0.01%
2026-07-16 11:23:24 INFO     strategy        PnL: 11:23:24 MTM=11.00 Profit=0.00%
2026-07-16 11:23:25 INFO     strategy        PnL: 11:23:25 MTM=3.00 Profit=0.00%
2026-07-16 11:23:26 INFO     strategy        PnL: 11:23:26 MTM=12.00 Profit=0.00%
2026-07-16 11:23:27 INFO     strategy        PnL: 11:23:27 MTM=-20.00 Loss=0.00%
2026-07-16 11:23:28 INFO     strategy        PnL: 11:23:28 MTM=-10.00 Loss=0.00%
2026-07-16 11:23:29 INFO     strategy        PnL: 11:23:29 MTM=-40.00 Loss=0.01%
2026-07-16 11:23:30 INFO     strategy        PnL: 11:23:30 MTM=-31.00 Loss=0.00%
2026-07-16 11:23:31 INFO     strategy        PnL: 11:23:31 MTM=-21.00 Loss=0.00%
2026-07-16 11:23:32 INFO     strategy        PnL: 11:23:32 MTM=-23.00 Loss=0.00%
2026-07-16 11:23:33 INFO     strategy        PnL: 11:23:33 MTM=-41.00 Loss=0.01%
2026-07-16 11:23:34 INFO     strategy        PnL: 11:23:34 MTM=-24.00 Loss=0.00%
2026-07-16 11:23:35 INFO     strategy        PnL: 11:23:35 MTM=-18.00 Loss=0.00%
2026-07-16 11:23:36 INFO     strategy        PnL: 11:23:36 MTM=-16.00 Loss=0.00%
2026-07-16 11:23:37 INFO     strategy        PnL: 11:23:37 MTM=-20.00 Loss=0.00%
2026-07-16 11:23:38 INFO     strategy        PnL: 11:23:38 MTM=-4.00 Loss=0.00%
2026-07-16 11:23:39 INFO     strategy        PnL: 11:23:39 MTM=-3.00 Loss=0.00%
2026-07-16 11:23:40 INFO     strategy        PnL: 11:23:40 MTM=-9.00 Loss=0.00%
2026-07-16 11:23:41 INFO     strategy        PnL: 11:23:41 MTM=-23.00 Loss=0.00%
2026-07-16 11:23:42 INFO     strategy        PnL: 11:23:42 MTM=28.00 Profit=0.00%
2026-07-16 11:23:43 INFO     strategy        PnL: 11:23:43 MTM=-2.00 Loss=0.00%
2026-07-16 11:23:44 INFO     strategy        PnL: 11:23:44 MTM=4.00 Profit=0.00%
2026-07-16 11:23:45 INFO     strategy        PnL: 11:23:45 MTM=-9.00 Loss=0.00%
2026-07-16 11:23:46 INFO     strategy        PnL: 11:23:46 MTM=-15.00 Loss=0.00%
2026-07-16 11:23:47 INFO     strategy        PnL: 11:23:47 MTM=-13.00 Loss=0.00%
2026-07-16 11:23:48 INFO     strategy        PnL: 11:23:48 MTM=-0.00 Loss=0.00%
2026-07-16 11:23:49 INFO     strategy        PnL: 11:23:49 MTM=-1.00 Loss=0.00%
2026-07-16 11:23:50 INFO     strategy        PnL: 11:23:50 MTM=-29.00 Loss=0.00%
2026-07-16 11:23:51 INFO     strategy        PnL: 11:23:51 MTM=-21.00 Loss=0.00%
2026-07-16 11:23:52 INFO     strategy        PnL: 11:23:52 MTM=-24.00 Loss=0.00%
2026-07-16 11:23:53 INFO     strategy        PnL: 11:23:53 MTM=-24.00 Loss=0.00%
2026-07-16 11:23:54 INFO     strategy        PnL: 11:23:54 MTM=-19.00 Loss=0.00%
2026-07-16 11:23:55 INFO     strategy        PnL: 11:23:55 MTM=-16.00 Loss=0.00%
2026-07-16 11:23:56 INFO     strategy        PnL: 11:23:56 MTM=-25.00 Loss=0.00%
2026-07-16 11:23:57 INFO     strategy        PnL: 11:23:57 MTM=-16.00 Loss=0.00%
2026-07-16 11:23:58 INFO     strategy        PnL: 11:23:58 MTM=-19.00 Loss=0.00%
2026-07-16 11:23:59 INFO     strategy        PnL: 11:23:59 MTM=-2.00 Loss=0.00%
2026-07-16 11:24:00 INFO     strategy        PnL: 11:24:00 MTM=4.00 Profit=0.00%
2026-07-16 11:24:01 INFO     strategy        PnL: 11:24:01 MTM=0.00 Profit=0.00%
2026-07-16 11:24:02 INFO     strategy        PnL: 11:24:02 MTM=13.00 Profit=0.00%
2026-07-16 11:24:03 INFO     strategy        PnL: 11:24:03 MTM=4.00 Profit=0.00%
2026-07-16 11:24:04 INFO     strategy        PnL: 11:24:04 MTM=34.00 Profit=0.01%
2026-07-16 11:24:05 INFO     strategy        PnL: 11:24:05 MTM=31.00 Profit=0.00%
2026-07-16 11:24:06 INFO     strategy        PnL: 11:24:06 MTM=32.00 Profit=0.00%
2026-07-16 11:24:07 INFO     strategy        PnL: 11:24:07 MTM=2.00 Profit=0.00%
2026-07-16 11:24:08 INFO     strategy        PnL: 11:24:08 MTM=62.00 Profit=0.01%
2026-07-16 11:24:09 INFO     strategy        PnL: 11:24:09 MTM=-8.00 Loss=0.00%
2026-07-16 11:24:10 INFO     strategy        PnL: 11:24:10 MTM=-5.00 Loss=0.00%
2026-07-16 11:24:11 INFO     strategy        PnL: 11:24:11 MTM=-34.00 Loss=0.01%
2026-07-16 11:24:12 INFO     strategy        PnL: 11:24:12 MTM=-3.00 Loss=0.00%
2026-07-16 11:24:13 INFO     strategy        PnL: 11:24:13 MTM=-20.00 Loss=0.00%
2026-07-16 11:24:14 INFO     strategy        PnL: 11:24:14 MTM=8.00 Profit=0.00%
2026-07-16 11:24:15 INFO     strategy        PnL: 11:24:15 MTM=-7.00 Loss=0.00%
2026-07-16 11:24:16 INFO     strategy        PnL: 11:24:16 MTM=-21.00 Loss=0.00%
2026-07-16 11:24:17 INFO     strategy        PnL: 11:24:17 MTM=-16.00 Loss=0.00%
2026-07-16 11:24:18 INFO     strategy        PnL: 11:24:18 MTM=-1.00 Loss=0.00%
2026-07-16 11:24:19 INFO     strategy        PnL: 11:24:19 MTM=6.00 Profit=0.00%
2026-07-16 11:24:20 INFO     strategy        PnL: 11:24:20 MTM=21.00 Profit=0.00%
2026-07-16 11:24:21 INFO     strategy        PnL: 11:24:21 MTM=9.00 Profit=0.00%
2026-07-16 11:24:22 INFO     strategy        PnL: 11:24:22 MTM=14.00 Profit=0.00%
2026-07-16 11:24:23 INFO     strategy        PnL: 11:24:23 MTM=5.00 Profit=0.00%
2026-07-16 11:24:24 INFO     strategy        PnL: 11:24:24 MTM=27.00 Profit=0.00%
2026-07-16 11:24:25 INFO     strategy        PnL: 11:24:25 MTM=7.00 Profit=0.00%
2026-07-16 11:24:26 INFO     strategy        PnL: 11:24:26 MTM=29.00 Profit=0.00%
2026-07-16 11:24:27 INFO     strategy        PnL: 11:24:27 MTM=37.00 Profit=0.01%
2026-07-16 11:24:28 INFO     strategy        PnL: 11:24:28 MTM=53.00 Profit=0.01%
2026-07-16 11:24:29 INFO     strategy        PnL: 11:24:29 MTM=49.00 Profit=0.01%
2026-07-16 11:24:30 INFO     strategy        PnL: 11:24:30 MTM=28.00 Profit=0.00%
2026-07-16 11:24:31 INFO     strategy        PnL: 11:24:31 MTM=107.00 Profit=0.02%
2026-07-16 11:24:32 INFO     strategy        PnL: 11:24:32 MTM=71.00 Profit=0.01%
2026-07-16 11:24:33 INFO     strategy        PnL: 11:24:33 MTM=91.00 Profit=0.01%
2026-07-16 11:24:35 INFO     strategy        PnL: 11:24:35 MTM=57.00 Profit=0.01%
2026-07-16 11:24:36 INFO     strategy        PnL: 11:24:36 MTM=100.00 Profit=0.02%
2026-07-16 11:24:37 INFO     strategy        PnL: 11:24:37 MTM=81.00 Profit=0.01%
2026-07-16 11:24:38 INFO     strategy        PnL: 11:24:38 MTM=113.00 Profit=0.02%
2026-07-16 11:24:39 INFO     strategy        PnL: 11:24:39 MTM=75.00 Profit=0.01%
2026-07-16 11:24:40 INFO     strategy        PnL: 11:24:40 MTM=89.00 Profit=0.01%
2026-07-16 11:24:41 INFO     strategy        PnL: 11:24:41 MTM=57.00 Profit=0.01%
2026-07-16 11:24:42 INFO     strategy        PnL: 11:24:42 MTM=59.00 Profit=0.01%
2026-07-16 11:24:43 INFO     strategy        PnL: 11:24:43 MTM=98.00 Profit=0.02%
2026-07-16 11:24:44 INFO     strategy        PnL: 11:24:44 MTM=96.00 Profit=0.01%
2026-07-16 11:24:45 INFO     strategy        PnL: 11:24:45 MTM=61.00 Profit=0.01%
2026-07-16 11:24:46 INFO     strategy        PnL: 11:24:46 MTM=70.00 Profit=0.01%
2026-07-16 11:24:47 INFO     strategy        PnL: 11:24:47 MTM=61.00 Profit=0.01%
2026-07-16 11:24:48 INFO     strategy        PnL: 11:24:48 MTM=81.00 Profit=0.01%
2026-07-16 11:24:49 INFO     strategy        PnL: 11:24:49 MTM=87.00 Profit=0.01%
2026-07-16 11:24:50 INFO     strategy        PnL: 11:24:50 MTM=80.00 Profit=0.01%
2026-07-16 11:24:51 INFO     strategy        PnL: 11:24:51 MTM=101.00 Profit=0.02%
2026-07-16 11:24:52 INFO     strategy        PnL: 11:24:52 MTM=69.00 Profit=0.01%
2026-07-16 11:24:53 INFO     strategy        PnL: 11:24:53 MTM=78.00 Profit=0.01%
2026-07-16 11:24:54 INFO     strategy        PnL: 11:24:54 MTM=109.00 Profit=0.02%
2026-07-16 11:24:55 INFO     strategy        PnL: 11:24:55 MTM=47.00 Profit=0.01%
2026-07-16 11:24:56 INFO     strategy        PnL: 11:24:56 MTM=57.00 Profit=0.01%
2026-07-16 11:24:57 INFO     strategy        PnL: 11:24:57 MTM=38.00 Profit=0.01%
2026-07-16 11:24:58 INFO     strategy        PnL: 11:24:58 MTM=10.00 Profit=0.00%
2026-07-16 11:24:59 INFO     strategy        PnL: 11:24:59 MTM=32.00 Profit=0.00%
2026-07-16 11:25:00 INFO     strategy        PnL: 11:25:00 MTM=31.00 Profit=0.00%
2026-07-16 11:25:01 INFO     strategy        PnL: 11:25:01 MTM=25.00 Profit=0.00%
2026-07-16 11:25:02 INFO     strategy        PnL: 11:25:02 MTM=25.00 Profit=0.00%
2026-07-16 11:25:03 INFO     strategy        PnL: 11:25:03 MTM=49.00 Profit=0.01%
2026-07-16 11:25:04 INFO     strategy        PnL: 11:25:04 MTM=63.00 Profit=0.01%
2026-07-16 11:25:05 INFO     strategy        PnL: 11:25:05 MTM=18.00 Profit=0.00%
2026-07-16 11:25:06 INFO     strategy        PnL: 11:25:06 MTM=43.00 Profit=0.01%
2026-07-16 11:25:07 INFO     strategy        PnL: 11:25:07 MTM=21.00 Profit=0.00%
2026-07-16 11:25:08 INFO     strategy        PnL: 11:25:08 MTM=-2.00 Loss=0.00%
2026-07-16 11:25:09 INFO     strategy        PnL: 11:25:09 MTM=5.00 Profit=0.00%
2026-07-16 11:25:10 INFO     strategy        PnL: 11:25:10 MTM=10.00 Profit=0.00%
2026-07-16 11:25:11 INFO     strategy        PnL: 11:25:11 MTM=23.00 Profit=0.00%
2026-07-16 11:25:12 INFO     strategy        PnL: 11:25:12 MTM=17.00 Profit=0.00%
2026-07-16 11:25:13 INFO     strategy        PnL: 11:25:13 MTM=-28.00 Loss=0.00%
2026-07-16 11:25:14 INFO     strategy        PnL: 11:25:14 MTM=-8.00 Loss=0.00%
2026-07-16 11:25:15 INFO     strategy        PnL: 11:25:15 MTM=-30.00 Loss=0.00%
2026-07-16 11:25:16 INFO     strategy        PnL: 11:25:16 MTM=22.00 Profit=0.00%
2026-07-16 11:25:17 INFO     strategy        PnL: 11:25:17 MTM=-3.00 Loss=0.00%
2026-07-16 11:25:18 INFO     strategy        PnL: 11:25:18 MTM=-18.00 Loss=0.00%
2026-07-16 11:25:19 INFO     strategy        PnL: 11:25:19 MTM=42.00 Profit=0.01%
2026-07-16 11:25:20 INFO     strategy        PnL: 11:25:20 MTM=16.00 Profit=0.00%
2026-07-16 11:25:21 INFO     strategy        PnL: 11:25:21 MTM=-6.00 Loss=0.00%
2026-07-16 11:25:22 INFO     strategy        PnL: 11:25:22 MTM=20.00 Profit=0.00%
2026-07-16 11:25:23 INFO     strategy        PnL: 11:25:23 MTM=17.00 Profit=0.00%
2026-07-16 11:25:24 INFO     strategy        PnL: 11:25:24 MTM=-3.00 Loss=0.00%
2026-07-16 11:25:25 INFO     strategy        PnL: 11:25:25 MTM=-19.00 Loss=0.00%
2026-07-16 11:25:26 INFO     strategy        PnL: 11:25:26 MTM=16.00 Profit=0.00%
2026-07-16 11:25:27 INFO     strategy        PnL: 11:25:27 MTM=1.00 Profit=0.00%
2026-07-16 11:25:28 INFO     strategy        PnL: 11:25:28 MTM=13.00 Profit=0.00%
2026-07-16 11:25:29 INFO     strategy        PnL: 11:25:29 MTM=22.00 Profit=0.00%
2026-07-16 11:25:30 INFO     strategy        PnL: 11:25:30 MTM=23.00 Profit=0.00%
2026-07-16 11:25:31 INFO     strategy        PnL: 11:25:31 MTM=40.00 Profit=0.01%
2026-07-16 11:25:32 INFO     strategy        PnL: 11:25:32 MTM=85.00 Profit=0.01%
2026-07-16 11:25:33 INFO     strategy        PnL: 11:25:33 MTM=66.00 Profit=0.01%
2026-07-16 11:25:35 INFO     strategy        PnL: 11:25:35 MTM=54.00 Profit=0.01%
2026-07-16 11:25:36 INFO     strategy        PnL: 11:25:36 MTM=53.00 Profit=0.01%
2026-07-16 11:25:37 INFO     strategy        PnL: 11:25:37 MTM=85.00 Profit=0.01%
2026-07-16 11:25:38 INFO     strategy        PnL: 11:25:38 MTM=56.00 Profit=0.01%
2026-07-16 11:25:39 INFO     strategy        PnL: 11:25:39 MTM=62.00 Profit=0.01%
2026-07-16 11:25:40 INFO     strategy        PnL: 11:25:40 MTM=29.00 Profit=0.00%
2026-07-16 11:25:41 INFO     strategy        PnL: 11:25:41 MTM=68.00 Profit=0.01%
2026-07-16 11:25:42 INFO     strategy        PnL: 11:25:42 MTM=66.00 Profit=0.01%
2026-07-16 11:25:43 INFO     strategy        PnL: 11:25:43 MTM=61.00 Profit=0.01%
2026-07-16 11:25:44 INFO     strategy        PnL: 11:25:44 MTM=67.00 Profit=0.01%
2026-07-16 11:25:45 INFO     strategy        PnL: 11:25:45 MTM=61.00 Profit=0.01%
2026-07-16 11:25:46 INFO     strategy        PnL: 11:25:46 MTM=52.00 Profit=0.01%
2026-07-16 11:25:47 INFO     strategy        PnL: 11:25:47 MTM=85.00 Profit=0.01%
2026-07-16 11:25:48 INFO     strategy        PnL: 11:25:48 MTM=96.00 Profit=0.01%
2026-07-16 11:25:49 INFO     strategy        PnL: 11:25:49 MTM=73.00 Profit=0.01%
2026-07-16 11:25:50 INFO     strategy        PnL: 11:25:50 MTM=28.00 Profit=0.00%
2026-07-16 11:25:51 INFO     strategy        PnL: 11:25:51 MTM=63.00 Profit=0.01%
2026-07-16 11:25:52 INFO     strategy        PnL: 11:25:52 MTM=115.00 Profit=0.02%
2026-07-16 11:25:53 INFO     strategy        PnL: 11:25:53 MTM=77.00 Profit=0.01%
2026-07-16 11:25:54 INFO     strategy        PnL: 11:25:54 MTM=65.00 Profit=0.01%
2026-07-16 11:25:55 INFO     strategy        PnL: 11:25:55 MTM=77.00 Profit=0.01%
2026-07-16 11:25:56 INFO     strategy        PnL: 11:25:56 MTM=72.00 Profit=0.01%
2026-07-16 11:25:57 INFO     strategy        PnL: 11:25:57 MTM=60.00 Profit=0.01%
2026-07-16 11:25:58 INFO     strategy        PnL: 11:25:58 MTM=66.00 Profit=0.01%
2026-07-16 11:25:59 INFO     strategy        PnL: 11:25:59 MTM=64.00 Profit=0.01%
2026-07-16 11:26:00 INFO     strategy        PnL: 11:26:00 MTM=78.00 Profit=0.01%
2026-07-16 11:26:01 INFO     strategy        PnL: 11:26:01 MTM=64.00 Profit=0.01%
2026-07-16 11:26:02 INFO     strategy        PnL: 11:26:02 MTM=31.00 Profit=0.00%
2026-07-16 11:26:03 INFO     strategy        PnL: 11:26:03 MTM=55.00 Profit=0.01%
2026-07-16 11:26:04 INFO     strategy        PnL: 11:26:04 MTM=86.00 Profit=0.01%
2026-07-16 11:26:05 INFO     strategy        PnL: 11:26:05 MTM=121.00 Profit=0.02%
2026-07-16 11:26:06 INFO     strategy        PnL: 11:26:06 MTM=81.00 Profit=0.01%
2026-07-16 11:26:07 INFO     strategy        PnL: 11:26:07 MTM=94.00 Profit=0.01%
2026-07-16 11:26:08 INFO     strategy        PnL: 11:26:08 MTM=74.00 Profit=0.01%
2026-07-16 11:26:09 INFO     strategy        PnL: 11:26:09 MTM=105.00 Profit=0.02%
2026-07-16 11:26:10 INFO     strategy        PnL: 11:26:10 MTM=103.00 Profit=0.02%
2026-07-16 11:26:11 INFO     strategy        PnL: 11:26:11 MTM=69.00 Profit=0.01%
2026-07-16 11:26:12 INFO     strategy        PnL: 11:26:12 MTM=90.00 Profit=0.01%
2026-07-16 11:26:13 INFO     strategy        PnL: 11:26:13 MTM=85.00 Profit=0.01%
2026-07-16 11:26:14 INFO     strategy        PnL: 11:26:14 MTM=79.00 Profit=0.01%
2026-07-16 11:26:15 INFO     strategy        PnL: 11:26:15 MTM=77.00 Profit=0.01%
2026-07-16 11:26:16 INFO     strategy        PnL: 11:26:16 MTM=85.00 Profit=0.01%
2026-07-16 11:26:17 INFO     strategy        PnL: 11:26:17 MTM=71.00 Profit=0.01%
2026-07-16 11:26:18 INFO     strategy        PnL: 11:26:18 MTM=104.00 Profit=0.02%
2026-07-16 11:26:19 INFO     strategy        PnL: 11:26:19 MTM=109.00 Profit=0.02%
2026-07-16 11:26:20 INFO     strategy        PnL: 11:26:20 MTM=116.00 Profit=0.02%
2026-07-16 11:26:21 INFO     strategy        PnL: 11:26:21 MTM=112.00 Profit=0.02%
2026-07-16 11:26:22 INFO     strategy        PnL: 11:26:22 MTM=110.00 Profit=0.02%
2026-07-16 11:26:23 INFO     strategy        PnL: 11:26:23 MTM=130.00 Profit=0.02%
2026-07-16 11:26:24 INFO     strategy        PnL: 11:26:24 MTM=123.00 Profit=0.02%
2026-07-16 11:26:25 INFO     strategy        PnL: 11:26:25 MTM=126.00 Profit=0.02%
2026-07-16 11:26:26 INFO     strategy        PnL: 11:26:26 MTM=142.00 Profit=0.02%
2026-07-16 11:26:27 INFO     strategy        PnL: 11:26:27 MTM=151.00 Profit=0.02%
2026-07-16 11:26:28 INFO     strategy        PnL: 11:26:28 MTM=174.00 Profit=0.03%
2026-07-16 11:26:29 INFO     strategy        PnL: 11:26:29 MTM=163.00 Profit=0.03%
2026-07-16 11:26:30 INFO     strategy        PnL: 11:26:30 MTM=148.00 Profit=0.02%
2026-07-16 11:26:31 INFO     strategy        PnL: 11:26:31 MTM=156.00 Profit=0.02%
2026-07-16 11:26:32 INFO     strategy        PnL: 11:26:32 MTM=173.00 Profit=0.03%
2026-07-16 11:26:33 INFO     strategy        PnL: 11:26:33 MTM=134.00 Profit=0.02%
2026-07-16 11:26:34 INFO     strategy        PnL: 11:26:34 MTM=136.00 Profit=0.02%
2026-07-16 11:26:35 INFO     strategy        PnL: 11:26:35 MTM=153.00 Profit=0.02%
2026-07-16 11:26:36 INFO     strategy        PnL: 11:26:36 MTM=154.00 Profit=0.02%
2026-07-16 11:26:37 INFO     strategy        PnL: 11:26:37 MTM=157.00 Profit=0.02%
2026-07-16 11:26:38 INFO     strategy        PnL: 11:26:38 MTM=142.00 Profit=0.02%
2026-07-16 11:26:39 INFO     strategy        PnL: 11:26:39 MTM=109.00 Profit=0.02%
2026-07-16 11:26:40 INFO     strategy        PnL: 11:26:40 MTM=128.00 Profit=0.02%
2026-07-16 11:26:41 INFO     strategy        PnL: 11:26:41 MTM=143.00 Profit=0.02%
2026-07-16 11:26:42 INFO     strategy        PnL: 11:26:42 MTM=165.00 Profit=0.03%
2026-07-16 11:26:43 INFO     strategy        PnL: 11:26:43 MTM=99.00 Profit=0.02%
2026-07-16 11:26:44 INFO     strategy        PnL: 11:26:44 MTM=126.00 Profit=0.02%
2026-07-16 11:26:45 INFO     strategy        PnL: 11:26:45 MTM=81.00 Profit=0.01%
2026-07-16 11:26:46 INFO     strategy        PnL: 11:26:46 MTM=93.00 Profit=0.01%
2026-07-16 11:26:47 INFO     strategy        PnL: 11:26:47 MTM=110.00 Profit=0.02%
2026-07-16 11:26:48 INFO     strategy        PnL: 11:26:48 MTM=66.00 Profit=0.01%
2026-07-16 11:26:49 INFO     strategy        PnL: 11:26:49 MTM=68.00 Profit=0.01%
2026-07-16 11:26:50 INFO     strategy        PnL: 11:26:50 MTM=100.00 Profit=0.02%
2026-07-16 11:26:51 INFO     strategy        PnL: 11:26:51 MTM=81.00 Profit=0.01%
2026-07-16 11:26:52 INFO     strategy        PnL: 11:26:52 MTM=63.00 Profit=0.01%
2026-07-16 11:26:53 INFO     strategy        PnL: 11:26:53 MTM=65.00 Profit=0.01%
2026-07-16 11:26:54 INFO     strategy        PnL: 11:26:54 MTM=86.00 Profit=0.01%
2026-07-16 11:26:55 INFO     strategy        PnL: 11:26:55 MTM=132.00 Profit=0.02%
2026-07-16 11:26:56 INFO     strategy        PnL: 11:26:56 MTM=98.00 Profit=0.02%
2026-07-16 11:26:57 INFO     strategy        PnL: 11:26:57 MTM=114.00 Profit=0.02%
2026-07-16 11:26:58 INFO     strategy        PnL: 11:26:58 MTM=104.00 Profit=0.02%
2026-07-16 11:26:59 INFO     strategy        PnL: 11:26:59 MTM=100.00 Profit=0.02%
2026-07-16 11:27:00 INFO     strategy        PnL: 11:27:00 MTM=102.00 Profit=0.02%
2026-07-16 11:27:01 INFO     strategy        PnL: 11:27:01 MTM=79.00 Profit=0.01%
2026-07-16 11:27:03 INFO     strategy        PnL: 11:27:03 MTM=106.00 Profit=0.02%
2026-07-16 11:27:04 INFO     strategy        PnL: 11:27:04 MTM=104.00 Profit=0.02%
2026-07-16 11:27:05 INFO     strategy        PnL: 11:27:05 MTM=114.00 Profit=0.02%
2026-07-16 11:27:06 INFO     strategy        PnL: 11:27:06 MTM=106.00 Profit=0.02%
2026-07-16 11:27:07 INFO     strategy        PnL: 11:27:07 MTM=105.00 Profit=0.02%
2026-07-16 11:27:08 INFO     strategy        PnL: 11:27:08 MTM=103.00 Profit=0.02%
2026-07-16 11:27:09 INFO     strategy        PnL: 11:27:09 MTM=105.00 Profit=0.02%
2026-07-16 11:27:10 INFO     strategy        PnL: 11:27:10 MTM=110.00 Profit=0.02%
2026-07-16 11:27:11 INFO     strategy        PnL: 11:27:11 MTM=118.00 Profit=0.02%
2026-07-16 11:27:12 INFO     strategy        PnL: 11:27:12 MTM=84.00 Profit=0.01%
2026-07-16 11:27:13 INFO     strategy        PnL: 11:27:13 MTM=130.00 Profit=0.02%
2026-07-16 11:27:14 INFO     strategy        PnL: 11:27:14 MTM=111.00 Profit=0.02%
2026-07-16 11:27:15 INFO     strategy        PnL: 11:27:15 MTM=83.00 Profit=0.01%
2026-07-16 11:27:16 INFO     strategy        PnL: 11:27:16 MTM=113.00 Profit=0.02%
2026-07-16 11:27:17 INFO     strategy        PnL: 11:27:17 MTM=104.00 Profit=0.02%
2026-07-16 11:27:18 INFO     strategy        PnL: 11:27:18 MTM=117.00 Profit=0.02%
2026-07-16 11:27:19 INFO     strategy        PnL: 11:27:19 MTM=114.00 Profit=0.02%
2026-07-16 11:27:20 INFO     strategy        PnL: 11:27:20 MTM=123.00 Profit=0.02%
2026-07-16 11:27:21 INFO     strategy        PnL: 11:27:21 MTM=138.00 Profit=0.02%
2026-07-16 11:27:22 INFO     strategy        PnL: 11:27:22 MTM=145.00 Profit=0.02%
2026-07-16 11:27:23 INFO     strategy        PnL: 11:27:23 MTM=98.00 Profit=0.02%
2026-07-16 11:27:24 INFO     strategy        PnL: 11:27:24 MTM=124.00 Profit=0.02%
2026-07-16 11:27:25 INFO     strategy        PnL: 11:27:25 MTM=101.00 Profit=0.02%
2026-07-16 11:27:26 INFO     strategy        PnL: 11:27:26 MTM=105.00 Profit=0.02%
2026-07-16 11:27:27 INFO     strategy        PnL: 11:27:27 MTM=146.00 Profit=0.02%
2026-07-16 11:27:28 INFO     strategy        PnL: 11:27:28 MTM=205.00 Profit=0.03%
2026-07-16 11:27:29 INFO     strategy        PnL: 11:27:29 MTM=143.00 Profit=0.02%
2026-07-16 11:27:30 INFO     strategy        PnL: 11:27:30 MTM=142.00 Profit=0.02%
2026-07-16 11:27:31 INFO     strategy        PnL: 11:27:31 MTM=119.00 Profit=0.02%
2026-07-16 11:27:32 INFO     strategy        PnL: 11:27:32 MTM=97.00 Profit=0.01%
2026-07-16 11:27:33 INFO     strategy        PnL: 11:27:33 MTM=107.00 Profit=0.02%
2026-07-16 11:27:34 INFO     strategy        PnL: 11:27:34 MTM=128.00 Profit=0.02%
2026-07-16 11:27:35 INFO     strategy        PnL: 11:27:35 MTM=124.00 Profit=0.02%
2026-07-16 11:27:36 INFO     strategy        PnL: 11:27:36 MTM=128.00 Profit=0.02%
2026-07-16 11:27:37 INFO     strategy        PnL: 11:27:37 MTM=118.00 Profit=0.02%
2026-07-16 11:27:38 INFO     strategy        PnL: 11:27:38 MTM=137.00 Profit=0.02%
2026-07-16 11:27:39 INFO     strategy        PnL: 11:27:39 MTM=150.00 Profit=0.02%
2026-07-16 11:27:40 INFO     strategy        PnL: 11:27:40 MTM=105.00 Profit=0.02%
2026-07-16 11:27:41 INFO     strategy        PnL: 11:27:41 MTM=156.00 Profit=0.02%
2026-07-16 11:27:42 INFO     strategy        PnL: 11:27:42 MTM=135.00 Profit=0.02%
2026-07-16 11:27:43 INFO     strategy        PnL: 11:27:43 MTM=106.00 Profit=0.02%
2026-07-16 11:27:44 INFO     strategy        PnL: 11:27:44 MTM=124.00 Profit=0.02%
2026-07-16 11:27:46 INFO     strategy        PnL: 11:27:45 MTM=125.00 Profit=0.02%
2026-07-16 11:27:47 INFO     strategy        PnL: 11:27:47 MTM=140.00 Profit=0.02%
2026-07-16 11:27:48 INFO     strategy        PnL: 11:27:48 MTM=145.00 Profit=0.02%
2026-07-16 11:27:49 INFO     strategy        PnL: 11:27:49 MTM=124.00 Profit=0.02%
2026-07-16 11:27:50 INFO     strategy        PnL: 11:27:50 MTM=115.00 Profit=0.02%
2026-07-16 11:27:51 INFO     strategy        PnL: 11:27:51 MTM=106.00 Profit=0.02%
2026-07-16 11:27:52 INFO     strategy        PnL: 11:27:52 MTM=138.00 Profit=0.02%
2026-07-16 11:27:53 INFO     strategy        PnL: 11:27:53 MTM=134.00 Profit=0.02%
2026-07-16 11:27:54 INFO     strategy        PnL: 11:27:54 MTM=131.00 Profit=0.02%
2026-07-16 11:27:55 INFO     strategy        PnL: 11:27:55 MTM=146.00 Profit=0.02%
2026-07-16 11:27:56 INFO     strategy        PnL: 11:27:56 MTM=134.00 Profit=0.02%
2026-07-16 11:27:57 INFO     strategy        PnL: 11:27:57 MTM=146.00 Profit=0.02%
2026-07-16 11:27:58 INFO     strategy        PnL: 11:27:58 MTM=126.00 Profit=0.02%
2026-07-16 11:27:59 INFO     strategy        PnL: 11:27:59 MTM=143.00 Profit=0.02%
2026-07-16 11:28:00 INFO     strategy        PnL: 11:28:00 MTM=135.00 Profit=0.02%
2026-07-16 11:28:01 INFO     strategy        PnL: 11:28:01 MTM=173.00 Profit=0.03%
2026-07-16 11:28:02 INFO     strategy        PnL: 11:28:02 MTM=211.00 Profit=0.03%
2026-07-16 11:28:03 INFO     strategy        PnL: 11:28:03 MTM=157.00 Profit=0.02%
2026-07-16 11:28:04 INFO     strategy        PnL: 11:28:04 MTM=165.00 Profit=0.03%
2026-07-16 11:28:05 INFO     strategy        PnL: 11:28:05 MTM=167.00 Profit=0.03%
2026-07-16 11:28:06 INFO     strategy        PnL: 11:28:06 MTM=141.00 Profit=0.02%
2026-07-16 11:28:07 INFO     strategy        PnL: 11:28:07 MTM=183.00 Profit=0.03%
2026-07-16 11:28:08 INFO     strategy        PnL: 11:28:08 MTM=168.00 Profit=0.03%
2026-07-16 11:28:09 INFO     strategy        PnL: 11:28:09 MTM=159.00 Profit=0.02%
2026-07-16 11:28:10 INFO     strategy        PnL: 11:28:10 MTM=179.00 Profit=0.03%
2026-07-16 11:28:11 INFO     strategy        PnL: 11:28:11 MTM=199.00 Profit=0.03%
2026-07-16 11:28:12 INFO     strategy        PnL: 11:28:12 MTM=168.00 Profit=0.03%
2026-07-16 11:28:13 INFO     strategy        PnL: 11:28:13 MTM=174.00 Profit=0.03%
2026-07-16 11:28:14 INFO     strategy        PnL: 11:28:14 MTM=132.00 Profit=0.02%
2026-07-16 11:28:15 INFO     strategy        PnL: 11:28:15 MTM=187.00 Profit=0.03%
2026-07-16 11:28:16 INFO     strategy        PnL: 11:28:16 MTM=171.00 Profit=0.03%
2026-07-16 11:28:17 INFO     strategy        PnL: 11:28:17 MTM=195.00 Profit=0.03%
2026-07-16 11:28:18 INFO     strategy        PnL: 11:28:18 MTM=195.00 Profit=0.03%
2026-07-16 11:28:19 INFO     strategy        PnL: 11:28:19 MTM=195.00 Profit=0.03%
2026-07-16 11:28:20 INFO     strategy        PnL: 11:28:20 MTM=195.00 Profit=0.03%
2026-07-16 11:28:21 INFO     strategy        PnL: 11:28:21 MTM=195.00 Profit=0.03%
2026-07-16 11:28:22 INFO     strategy        PnL: 11:28:22 MTM=195.00 Profit=0.03%
2026-07-16 11:28:23 INFO     strategy        PnL: 11:28:23 MTM=195.00 Profit=0.03%
2026-07-16 11:28:25 INFO     strategy        PnL: 11:28:24 MTM=195.00 Profit=0.03%
2026-07-16 11:28:26 INFO     strategy        PnL: 11:28:26 MTM=195.00 Profit=0.03%
2026-07-16 11:28:27 INFO     strategy        PnL: 11:28:27 MTM=195.00 Profit=0.03%
2026-07-16 11:28:28 INFO     strategy        PnL: 11:28:28 MTM=117.00 Profit=0.02%
2026-07-16 11:28:29 INFO     strategy        PnL: 11:28:29 MTM=176.00 Profit=0.03%
2026-07-16 11:28:30 INFO     strategy        PnL: 11:28:30 MTM=171.00 Profit=0.03%
2026-07-16 11:28:31 INFO     strategy        PnL: 11:28:31 MTM=188.00 Profit=0.03%
2026-07-16 11:28:32 INFO     strategy        PnL: 11:28:32 MTM=187.00 Profit=0.03%
2026-07-16 11:28:33 INFO     strategy        PnL: 11:28:33 MTM=177.00 Profit=0.03%
2026-07-16 11:28:34 INFO     strategy        PnL: 11:28:34 MTM=173.00 Profit=0.03%
2026-07-16 11:28:35 INFO     strategy        PnL: 11:28:35 MTM=195.00 Profit=0.03%
2026-07-16 11:28:36 INFO     strategy        PnL: 11:28:36 MTM=189.00 Profit=0.03%
2026-07-16 11:28:37 INFO     strategy        PnL: 11:28:37 MTM=207.00 Profit=0.03%
2026-07-16 11:28:38 INFO     strategy        PnL: 11:28:38 MTM=225.00 Profit=0.03%
2026-07-16 11:28:39 INFO     strategy        PnL: 11:28:39 MTM=196.00 Profit=0.03%
2026-07-16 11:28:40 INFO     strategy        PnL: 11:28:40 MTM=217.00 Profit=0.03%
2026-07-16 11:28:41 INFO     strategy        PnL: 11:28:41 MTM=225.00 Profit=0.03%
2026-07-16 11:28:42 INFO     strategy        PnL: 11:28:42 MTM=217.00 Profit=0.03%
2026-07-16 11:28:43 INFO     strategy        PnL: 11:28:43 MTM=217.00 Profit=0.03%
2026-07-16 11:28:44 INFO     strategy        PnL: 11:28:44 MTM=212.00 Profit=0.03%
2026-07-16 11:28:45 INFO     strategy        PnL: 11:28:45 MTM=231.00 Profit=0.04%
2026-07-16 11:28:46 INFO     strategy        PnL: 11:28:46 MTM=224.00 Profit=0.03%
2026-07-16 11:28:47 INFO     strategy        PnL: 11:28:47 MTM=225.00 Profit=0.03%
2026-07-16 11:28:48 INFO     strategy        PnL: 11:28:48 MTM=207.00 Profit=0.03%
2026-07-16 11:28:49 INFO     strategy        PnL: 11:28:49 MTM=209.00 Profit=0.03%
2026-07-16 11:28:50 INFO     strategy        PnL: 11:28:50 MTM=240.00 Profit=0.04%
2026-07-16 11:28:51 INFO     strategy        PnL: 11:28:51 MTM=236.00 Profit=0.04%
2026-07-16 11:28:52 INFO     strategy        PnL: 11:28:52 MTM=243.00 Profit=0.04%
2026-07-16 11:28:53 INFO     strategy        PnL: 11:28:53 MTM=253.00 Profit=0.04%
2026-07-16 11:28:54 INFO     strategy        PnL: 11:28:54 MTM=106.00 Profit=0.02%
2026-07-16 11:28:55 INFO     strategy        PnL: 11:28:55 MTM=224.00 Profit=0.03%
2026-07-16 11:28:56 INFO     strategy        PnL: 11:28:56 MTM=245.00 Profit=0.04%
2026-07-16 11:28:57 INFO     strategy        PnL: 11:28:57 MTM=209.00 Profit=0.03%
2026-07-16 11:28:58 INFO     strategy        PnL: 11:28:58 MTM=254.00 Profit=0.04%
2026-07-16 11:28:59 INFO     strategy        PnL: 11:28:59 MTM=187.00 Profit=0.03%
2026-07-16 11:29:00 INFO     strategy        PnL: 11:29:00 MTM=211.00 Profit=0.03%
2026-07-16 11:29:01 INFO     strategy        PnL: 11:29:01 MTM=232.00 Profit=0.04%
2026-07-16 11:29:02 INFO     strategy        PnL: 11:29:02 MTM=230.00 Profit=0.04%
2026-07-16 11:29:03 INFO     strategy        PnL: 11:29:03 MTM=207.00 Profit=0.03%
2026-07-16 11:29:04 INFO     strategy        PnL: 11:29:04 MTM=207.00 Profit=0.03%
2026-07-16 11:29:05 INFO     strategy        PnL: 11:29:05 MTM=251.00 Profit=0.04%
2026-07-16 11:29:06 INFO     strategy        PnL: 11:29:06 MTM=223.00 Profit=0.03%
2026-07-16 11:29:07 INFO     strategy        PnL: 11:29:07 MTM=183.00 Profit=0.03%
2026-07-16 11:29:08 INFO     strategy        PnL: 11:29:08 MTM=197.00 Profit=0.03%
2026-07-16 11:29:09 INFO     strategy        PnL: 11:29:09 MTM=216.00 Profit=0.03%
2026-07-16 11:29:10 INFO     strategy        PnL: 11:29:10 MTM=198.00 Profit=0.03%
2026-07-16 11:29:11 INFO     strategy        PnL: 11:29:11 MTM=221.00 Profit=0.03%
2026-07-16 11:29:12 INFO     strategy        PnL: 11:29:12 MTM=197.00 Profit=0.03%
2026-07-16 11:29:13 INFO     strategy        PnL: 11:29:13 MTM=222.00 Profit=0.03%
2026-07-16 11:29:14 INFO     strategy        PnL: 11:29:14 MTM=213.00 Profit=0.03%
2026-07-16 11:29:15 INFO     strategy        PnL: 11:29:15 MTM=239.00 Profit=0.04%
2026-07-16 11:29:16 INFO     strategy        PnL: 11:29:16 MTM=214.00 Profit=0.03%
2026-07-16 11:29:17 INFO     strategy        PnL: 11:29:17 MTM=236.00 Profit=0.04%
2026-07-16 11:29:18 INFO     strategy        PnL: 11:29:18 MTM=227.00 Profit=0.03%
2026-07-16 11:29:19 INFO     strategy        PnL: 11:29:19 MTM=219.00 Profit=0.03%
2026-07-16 11:29:20 INFO     strategy        PnL: 11:29:20 MTM=217.00 Profit=0.03%
2026-07-16 11:29:21 INFO     strategy        PnL: 11:29:21 MTM=207.00 Profit=0.03%
2026-07-16 11:29:22 INFO     strategy        PnL: 11:29:22 MTM=207.00 Profit=0.03%
2026-07-16 11:29:23 INFO     strategy        PnL: 11:29:23 MTM=201.00 Profit=0.03%
2026-07-16 11:29:24 INFO     strategy        PnL: 11:29:24 MTM=221.00 Profit=0.03%
2026-07-16 11:29:25 INFO     strategy        PnL: 11:29:25 MTM=231.00 Profit=0.04%
2026-07-16 11:29:26 INFO     strategy        PnL: 11:29:26 MTM=222.00 Profit=0.03%
2026-07-16 11:29:27 INFO     strategy        PnL: 11:29:27 MTM=225.00 Profit=0.03%
2026-07-16 11:29:28 INFO     strategy        PnL: 11:29:28 MTM=215.00 Profit=0.03%
2026-07-16 11:29:29 INFO     strategy        PnL: 11:29:29 MTM=217.00 Profit=0.03%
2026-07-16 11:29:30 INFO     strategy        PnL: 11:29:30 MTM=206.00 Profit=0.03%
2026-07-16 11:29:31 INFO     strategy        PnL: 11:29:31 MTM=185.00 Profit=0.03%
2026-07-16 11:29:32 INFO     strategy        PnL: 11:29:32 MTM=196.00 Profit=0.03%
2026-07-16 11:29:33 INFO     strategy        PnL: 11:29:33 MTM=204.00 Profit=0.03%
2026-07-16 11:29:34 INFO     strategy        PnL: 11:29:34 MTM=190.00 Profit=0.03%
2026-07-16 11:29:35 INFO     strategy        PnL: 11:29:35 MTM=179.00 Profit=0.03%
2026-07-16 11:29:36 INFO     strategy        PnL: 11:29:36 MTM=193.00 Profit=0.03%
2026-07-16 11:29:37 INFO     strategy        PnL: 11:29:37 MTM=181.00 Profit=0.03%
2026-07-16 11:29:38 INFO     strategy        PnL: 11:29:38 MTM=115.00 Profit=0.02%
2026-07-16 11:29:39 INFO     strategy        PnL: 11:29:39 MTM=164.00 Profit=0.03%
2026-07-16 11:29:40 INFO     strategy        PnL: 11:29:40 MTM=183.00 Profit=0.03%
2026-07-16 11:29:41 INFO     strategy        PnL: 11:29:41 MTM=166.00 Profit=0.03%
2026-07-16 11:29:42 INFO     strategy        PnL: 11:29:42 MTM=183.00 Profit=0.03%
2026-07-16 11:29:43 INFO     strategy        PnL: 11:29:43 MTM=181.00 Profit=0.03%
2026-07-16 11:29:44 INFO     strategy        PnL: 11:29:44 MTM=188.00 Profit=0.03%
2026-07-16 11:29:45 INFO     strategy        PnL: 11:29:45 MTM=216.00 Profit=0.03%
2026-07-16 11:29:46 INFO     strategy        PnL: 11:29:46 MTM=169.00 Profit=0.03%
2026-07-16 11:29:47 INFO     strategy        PnL: 11:29:47 MTM=200.00 Profit=0.03%
2026-07-16 11:29:48 INFO     strategy        PnL: 11:29:48 MTM=191.00 Profit=0.03%
2026-07-16 11:29:49 INFO     strategy        PnL: 11:29:49 MTM=190.00 Profit=0.03%
2026-07-16 11:29:50 INFO     strategy        PnL: 11:29:50 MTM=187.00 Profit=0.03%
2026-07-16 11:29:51 INFO     strategy        PnL: 11:29:51 MTM=217.00 Profit=0.03%
2026-07-16 11:29:52 INFO     strategy        PnL: 11:29:52 MTM=178.00 Profit=0.03%
2026-07-16 11:29:53 INFO     strategy        PnL: 11:29:53 MTM=176.00 Profit=0.03%
2026-07-16 11:29:54 INFO     strategy        PnL: 11:29:54 MTM=237.00 Profit=0.04%
2026-07-16 11:29:55 INFO     strategy        PnL: 11:29:55 MTM=208.00 Profit=0.03%
2026-07-16 11:29:56 INFO     strategy        PnL: 11:29:56 MTM=220.00 Profit=0.03%
2026-07-16 11:29:57 INFO     strategy        PnL: 11:29:57 MTM=192.00 Profit=0.03%
2026-07-16 11:29:58 INFO     strategy        PnL: 11:29:58 MTM=210.00 Profit=0.03%
2026-07-16 11:29:59 INFO     strategy        PnL: 11:29:59 MTM=203.00 Profit=0.03%
2026-07-16 11:30:00 INFO     strategy        PnL: 11:30:00 MTM=207.00 Profit=0.03%
2026-07-16 11:30:01 INFO     strategy        PnL: 11:30:01 MTM=210.00 Profit=0.03%
2026-07-16 11:30:02 INFO     strategy        PnL: 11:30:02 MTM=237.00 Profit=0.04%
2026-07-16 11:30:03 INFO     strategy        PnL: 11:30:03 MTM=225.00 Profit=0.03%
2026-07-16 11:30:04 INFO     strategy        PnL: 11:30:04 MTM=234.00 Profit=0.04%
2026-07-16 11:30:05 INFO     strategy        PnL: 11:30:05 MTM=195.00 Profit=0.03%
2026-07-16 11:30:06 INFO     strategy        PnL: 11:30:06 MTM=207.00 Profit=0.03%
2026-07-16 11:30:07 INFO     strategy        PnL: 11:30:07 MTM=239.00 Profit=0.04%
2026-07-16 11:30:08 INFO     strategy        PnL: 11:30:08 MTM=223.00 Profit=0.03%
2026-07-16 11:30:09 INFO     strategy        PnL: 11:30:09 MTM=210.00 Profit=0.03%
2026-07-16 11:30:10 INFO     strategy        PnL: 11:30:10 MTM=163.00 Profit=0.03%
2026-07-16 11:30:11 INFO     strategy        PnL: 11:30:11 MTM=223.00 Profit=0.03%
2026-07-16 11:30:12 INFO     strategy        PnL: 11:30:12 MTM=184.00 Profit=0.03%
2026-07-16 11:30:13 INFO     strategy        PnL: 11:30:13 MTM=161.00 Profit=0.02%
2026-07-16 11:30:14 INFO     strategy        PnL: 11:30:14 MTM=164.00 Profit=0.03%
2026-07-16 11:30:16 INFO     strategy        PnL: 11:30:15 MTM=211.00 Profit=0.03%
2026-07-16 11:30:17 INFO     strategy        PnL: 11:30:17 MTM=203.00 Profit=0.03%
2026-07-16 11:30:18 INFO     strategy        PnL: 11:30:18 MTM=193.00 Profit=0.03%
2026-07-16 11:30:19 INFO     strategy        PnL: 11:30:19 MTM=177.00 Profit=0.03%
2026-07-16 11:30:20 INFO     strategy        PnL: 11:30:20 MTM=229.00 Profit=0.04%
2026-07-16 11:30:21 INFO     strategy        PnL: 11:30:21 MTM=252.00 Profit=0.04%
2026-07-16 11:30:22 INFO     strategy        PnL: 11:30:22 MTM=212.00 Profit=0.03%
2026-07-16 11:30:23 INFO     strategy        PnL: 11:30:23 MTM=203.00 Profit=0.03%
2026-07-16 11:30:24 INFO     strategy        PnL: 11:30:24 MTM=242.00 Profit=0.04%
2026-07-16 11:30:25 INFO     strategy        PnL: 11:30:25 MTM=237.00 Profit=0.04%
2026-07-16 11:30:26 INFO     strategy        PnL: 11:30:26 MTM=234.00 Profit=0.04%
2026-07-16 11:30:27 INFO     strategy        PnL: 11:30:27 MTM=253.00 Profit=0.04%
2026-07-16 11:30:28 INFO     strategy        PnL: 11:30:28 MTM=251.00 Profit=0.04%
2026-07-16 11:30:29 INFO     strategy        PnL: 11:30:29 MTM=251.00 Profit=0.04%
2026-07-16 11:30:30 INFO     strategy        PnL: 11:30:30 MTM=212.00 Profit=0.03%
2026-07-16 11:30:31 INFO     strategy        PnL: 11:30:31 MTM=237.00 Profit=0.04%
2026-07-16 11:30:32 INFO     strategy        PnL: 11:30:32 MTM=221.00 Profit=0.03%
2026-07-16 11:30:33 INFO     strategy        PnL: 11:30:33 MTM=245.00 Profit=0.04%
2026-07-16 11:30:34 INFO     strategy        PnL: 11:30:34 MTM=246.00 Profit=0.04%
2026-07-16 11:30:35 INFO     strategy        PnL: 11:30:35 MTM=233.00 Profit=0.04%
2026-07-16 11:30:36 INFO     strategy        PnL: 11:30:36 MTM=249.00 Profit=0.04%
2026-07-16 11:30:37 INFO     strategy        PnL: 11:30:37 MTM=231.00 Profit=0.04%
2026-07-16 11:30:38 INFO     strategy        PnL: 11:30:38 MTM=219.00 Profit=0.03%
2026-07-16 11:30:39 INFO     strategy        PnL: 11:30:39 MTM=209.00 Profit=0.03%
2026-07-16 11:30:40 INFO     strategy        PnL: 11:30:40 MTM=197.00 Profit=0.03%
2026-07-16 11:30:41 INFO     strategy        PnL: 11:30:41 MTM=213.00 Profit=0.03%
2026-07-16 11:30:42 INFO     strategy        PnL: 11:30:42 MTM=243.00 Profit=0.04%
2026-07-16 11:30:43 INFO     strategy        PnL: 11:30:43 MTM=251.00 Profit=0.04%
2026-07-16 11:30:44 INFO     strategy        PnL: 11:30:44 MTM=252.00 Profit=0.04%
2026-07-16 11:30:45 INFO     strategy        PnL: 11:30:45 MTM=222.00 Profit=0.03%
2026-07-16 11:30:46 INFO     strategy        PnL: 11:30:46 MTM=238.00 Profit=0.04%
2026-07-16 11:30:47 INFO     strategy        PnL: 11:30:47 MTM=235.00 Profit=0.04%
2026-07-16 11:30:48 INFO     strategy        PnL: 11:30:48 MTM=241.00 Profit=0.04%
2026-07-16 11:30:49 INFO     strategy        PnL: 11:30:49 MTM=247.00 Profit=0.04%
2026-07-16 11:30:50 INFO     strategy        PnL: 11:30:50 MTM=224.00 Profit=0.03%
2026-07-16 11:30:51 INFO     strategy        PnL: 11:30:51 MTM=231.00 Profit=0.04%
2026-07-16 11:30:52 INFO     strategy        PnL: 11:30:52 MTM=230.00 Profit=0.04%
2026-07-16 11:30:53 INFO     strategy        PnL: 11:30:53 MTM=257.00 Profit=0.04%
2026-07-16 11:30:54 INFO     strategy        PnL: 11:30:54 MTM=223.00 Profit=0.03%
2026-07-16 11:30:55 INFO     strategy        PnL: 11:30:55 MTM=259.00 Profit=0.04%
2026-07-16 11:30:56 INFO     strategy        PnL: 11:30:56 MTM=218.00 Profit=0.03%
2026-07-16 11:30:57 INFO     strategy        PnL: 11:30:57 MTM=231.00 Profit=0.04%
2026-07-16 11:30:58 INFO     strategy        PnL: 11:30:58 MTM=220.00 Profit=0.03%
2026-07-16 11:30:59 INFO     strategy        PnL: 11:30:59 MTM=249.00 Profit=0.04%
2026-07-16 11:31:00 INFO     strategy        PnL: 11:31:00 MTM=213.00 Profit=0.03%
2026-07-16 11:31:01 INFO     strategy        PnL: 11:31:01 MTM=223.00 Profit=0.03%
2026-07-16 11:31:02 INFO     strategy        PnL: 11:31:02 MTM=237.00 Profit=0.04%
2026-07-16 11:31:03 INFO     strategy        PnL: 11:31:03 MTM=200.00 Profit=0.03%
2026-07-16 11:31:04 INFO     strategy        PnL: 11:31:04 MTM=249.00 Profit=0.04%
2026-07-16 11:31:05 INFO     strategy        PnL: 11:31:05 MTM=220.00 Profit=0.03%
2026-07-16 11:31:06 INFO     strategy        PnL: 11:31:06 MTM=229.00 Profit=0.04%
2026-07-16 11:31:07 INFO     strategy        PnL: 11:31:07 MTM=229.00 Profit=0.04%
2026-07-16 11:31:08 INFO     strategy        PnL: 11:31:08 MTM=199.00 Profit=0.03%
2026-07-16 11:31:09 INFO     strategy        PnL: 11:31:09 MTM=223.00 Profit=0.03%
2026-07-16 11:31:10 INFO     strategy        PnL: 11:31:10 MTM=211.00 Profit=0.03%
2026-07-16 11:31:11 INFO     strategy        PnL: 11:31:11 MTM=206.00 Profit=0.03%
2026-07-16 11:31:12 INFO     strategy        PnL: 11:31:12 MTM=147.00 Profit=0.02%
2026-07-16 11:31:13 INFO     strategy        PnL: 11:31:13 MTM=224.00 Profit=0.03%
2026-07-16 11:31:14 INFO     strategy        PnL: 11:31:14 MTM=221.00 Profit=0.03%
2026-07-16 11:31:15 INFO     strategy        PnL: 11:31:15 MTM=223.00 Profit=0.03%
2026-07-16 11:31:16 INFO     strategy        PnL: 11:31:16 MTM=250.00 Profit=0.04%
2026-07-16 11:31:17 INFO     strategy        PnL: 11:31:17 MTM=241.00 Profit=0.04%
2026-07-16 11:31:18 INFO     strategy        PnL: 11:31:18 MTM=239.00 Profit=0.04%
2026-07-16 11:31:19 INFO     strategy        PnL: 11:31:19 MTM=246.00 Profit=0.04%
2026-07-16 11:31:20 INFO     strategy        PnL: 11:31:20 MTM=237.00 Profit=0.04%
2026-07-16 11:31:21 INFO     strategy        PnL: 11:31:21 MTM=235.00 Profit=0.04%
2026-07-16 11:31:22 INFO     strategy        PnL: 11:31:22 MTM=256.00 Profit=0.04%
2026-07-16 11:31:23 INFO     strategy        PnL: 11:31:23 MTM=264.00 Profit=0.04%
2026-07-16 11:31:24 INFO     strategy        PnL: 11:31:24 MTM=260.00 Profit=0.04%
2026-07-16 11:31:25 INFO     strategy        PnL: 11:31:25 MTM=271.00 Profit=0.04%
2026-07-16 11:31:26 INFO     strategy        PnL: 11:31:26 MTM=269.00 Profit=0.04%
2026-07-16 11:31:27 INFO     strategy        PnL: 11:31:27 MTM=264.00 Profit=0.04%
2026-07-16 11:31:28 INFO     strategy        PnL: 11:31:28 MTM=263.00 Profit=0.04%
2026-07-16 11:31:29 INFO     strategy        PnL: 11:31:29 MTM=244.00 Profit=0.04%
2026-07-16 11:31:30 INFO     strategy        PnL: 11:31:30 MTM=231.00 Profit=0.04%
2026-07-16 11:31:31 INFO     strategy        PnL: 11:31:31 MTM=240.00 Profit=0.04%
2026-07-16 11:31:32 INFO     strategy        PnL: 11:31:32 MTM=233.00 Profit=0.04%
2026-07-16 11:31:33 INFO     strategy        PnL: 11:31:33 MTM=239.00 Profit=0.04%
2026-07-16 11:31:34 INFO     strategy        PnL: 11:31:34 MTM=252.00 Profit=0.04%
2026-07-16 11:31:35 INFO     strategy        PnL: 11:31:35 MTM=233.00 Profit=0.04%
2026-07-16 11:31:36 INFO     strategy        PnL: 11:31:36 MTM=240.00 Profit=0.04%
2026-07-16 11:31:37 INFO     strategy        PnL: 11:31:37 MTM=245.00 Profit=0.04%
2026-07-16 11:31:38 INFO     strategy        PnL: 11:31:38 MTM=206.00 Profit=0.03%
2026-07-16 11:31:39 INFO     strategy        PnL: 11:31:39 MTM=196.00 Profit=0.03%
2026-07-16 11:31:40 INFO     strategy        PnL: 11:31:40 MTM=198.00 Profit=0.03%
2026-07-16 11:31:41 INFO     strategy        PnL: 11:31:41 MTM=206.00 Profit=0.03%
2026-07-16 11:31:42 INFO     strategy        PnL: 11:31:42 MTM=219.00 Profit=0.03%
2026-07-16 11:31:43 INFO     strategy        PnL: 11:31:43 MTM=193.00 Profit=0.03%
2026-07-16 11:31:44 INFO     strategy        PnL: 11:31:44 MTM=263.00 Profit=0.04%
2026-07-16 11:31:45 INFO     strategy        PnL: 11:31:45 MTM=243.00 Profit=0.04%
2026-07-16 11:31:46 INFO     strategy        PnL: 11:31:46 MTM=236.00 Profit=0.04%
2026-07-16 11:31:47 INFO     strategy        PnL: 11:31:47 MTM=193.00 Profit=0.03%
2026-07-16 11:31:48 INFO     strategy        PnL: 11:31:48 MTM=187.00 Profit=0.03%
2026-07-16 11:31:49 INFO     strategy        PnL: 11:31:49 MTM=229.00 Profit=0.04%
2026-07-16 11:31:50 INFO     strategy        PnL: 11:31:50 MTM=197.00 Profit=0.03%
2026-07-16 11:31:51 INFO     strategy        PnL: 11:31:51 MTM=226.00 Profit=0.03%
2026-07-16 11:31:52 INFO     strategy        PnL: 11:31:52 MTM=256.00 Profit=0.04%
2026-07-16 11:31:53 INFO     strategy        PnL: 11:31:53 MTM=267.00 Profit=0.04%
2026-07-16 11:31:54 INFO     strategy        PnL: 11:31:54 MTM=241.00 Profit=0.04%
2026-07-16 11:31:55 INFO     strategy        PnL: 11:31:55 MTM=261.00 Profit=0.04%
2026-07-16 11:31:56 INFO     strategy        PnL: 11:31:56 MTM=272.00 Profit=0.04%
2026-07-16 11:31:57 INFO     strategy        PnL: 11:31:57 MTM=255.00 Profit=0.04%
2026-07-16 11:31:59 INFO     strategy        PnL: 11:31:58 MTM=277.00 Profit=0.04%
2026-07-16 11:32:00 INFO     strategy        PnL: 11:32:00 MTM=252.00 Profit=0.04%
2026-07-16 11:32:01 INFO     strategy        PnL: 11:32:01 MTM=266.00 Profit=0.04%
2026-07-16 11:32:02 INFO     strategy        PnL: 11:32:02 MTM=196.00 Profit=0.03%
2026-07-16 11:32:03 INFO     strategy        PnL: 11:32:03 MTM=241.00 Profit=0.04%
2026-07-16 11:32:04 INFO     strategy        PnL: 11:32:04 MTM=236.00 Profit=0.04%
2026-07-16 11:32:05 INFO     strategy        PnL: 11:32:05 MTM=246.00 Profit=0.04%
2026-07-16 11:32:06 INFO     strategy        PnL: 11:32:06 MTM=235.00 Profit=0.04%
2026-07-16 11:32:07 INFO     strategy        PnL: 11:32:07 MTM=245.00 Profit=0.04%
2026-07-16 11:32:08 INFO     strategy        PnL: 11:32:08 MTM=212.00 Profit=0.03%
2026-07-16 11:32:09 INFO     strategy        PnL: 11:32:09 MTM=225.00 Profit=0.03%
2026-07-16 11:32:10 INFO     strategy        PnL: 11:32:10 MTM=226.00 Profit=0.03%
2026-07-16 11:32:11 INFO     strategy        PnL: 11:32:11 MTM=209.00 Profit=0.03%
2026-07-16 11:32:12 INFO     strategy        PnL: 11:32:12 MTM=291.00 Profit=0.04%
2026-07-16 11:32:13 INFO     strategy        PnL: 11:32:13 MTM=283.00 Profit=0.04%
2026-07-16 11:32:14 INFO     strategy        PnL: 11:32:14 MTM=290.00 Profit=0.04%
2026-07-16 11:32:15 INFO     strategy        PnL: 11:32:15 MTM=312.00 Profit=0.05%
2026-07-16 11:32:16 INFO     strategy        PnL: 11:32:16 MTM=307.00 Profit=0.05%
2026-07-16 11:32:17 INFO     strategy        PnL: 11:32:17 MTM=313.00 Profit=0.05%
2026-07-16 11:32:18 INFO     strategy        PnL: 11:32:18 MTM=293.00 Profit=0.05%
2026-07-16 11:32:19 INFO     strategy        PnL: 11:32:19 MTM=309.00 Profit=0.05%
2026-07-16 11:32:20 INFO     strategy        PnL: 11:32:20 MTM=303.00 Profit=0.05%
2026-07-16 11:32:21 INFO     strategy        PnL: 11:32:21 MTM=276.00 Profit=0.04%
2026-07-16 11:32:22 INFO     strategy        PnL: 11:32:22 MTM=233.00 Profit=0.04%
2026-07-16 11:32:23 INFO     strategy        PnL: 11:32:23 MTM=198.00 Profit=0.03%
2026-07-16 11:32:24 INFO     strategy        PnL: 11:32:24 MTM=174.00 Profit=0.03%
2026-07-16 11:32:25 INFO     strategy        PnL: 11:32:25 MTM=226.00 Profit=0.03%
2026-07-16 11:32:26 INFO     strategy        PnL: 11:32:26 MTM=278.00 Profit=0.04%
2026-07-16 11:32:27 INFO     strategy        PnL: 11:32:27 MTM=202.00 Profit=0.03%
2026-07-16 11:32:28 INFO     strategy        PnL: 11:32:28 MTM=199.00 Profit=0.03%
2026-07-16 11:32:29 INFO     strategy        PnL: 11:32:29 MTM=207.00 Profit=0.03%
2026-07-16 11:32:30 INFO     strategy        PnL: 11:32:30 MTM=245.00 Profit=0.04%
2026-07-16 11:32:31 INFO     strategy        PnL: 11:32:31 MTM=201.00 Profit=0.03%
2026-07-16 11:32:32 INFO     strategy        PnL: 11:32:32 MTM=210.00 Profit=0.03%
2026-07-16 11:32:33 INFO     strategy        PnL: 11:32:33 MTM=231.00 Profit=0.04%
2026-07-16 11:32:34 INFO     strategy        PnL: 11:32:34 MTM=229.00 Profit=0.04%
2026-07-16 11:32:35 INFO     strategy        PnL: 11:32:35 MTM=183.00 Profit=0.03%
2026-07-16 11:32:36 INFO     strategy        PnL: 11:32:36 MTM=169.00 Profit=0.03%
2026-07-16 11:32:37 INFO     strategy        PnL: 11:32:37 MTM=247.00 Profit=0.04%
2026-07-16 11:32:38 INFO     strategy        PnL: 11:32:38 MTM=266.00 Profit=0.04%
2026-07-16 11:32:39 INFO     strategy        PnL: 11:32:39 MTM=260.00 Profit=0.04%
2026-07-16 11:32:40 INFO     strategy        PnL: 11:32:40 MTM=226.00 Profit=0.03%
2026-07-16 11:32:41 INFO     strategy        PnL: 11:32:41 MTM=265.00 Profit=0.04%
2026-07-16 11:32:42 INFO     strategy        PnL: 11:32:42 MTM=210.00 Profit=0.03%
2026-07-16 11:32:43 INFO     strategy        PnL: 11:32:43 MTM=243.00 Profit=0.04%
2026-07-16 11:32:44 INFO     strategy        PnL: 11:32:44 MTM=232.00 Profit=0.04%
2026-07-16 11:32:45 INFO     strategy        PnL: 11:32:45 MTM=257.00 Profit=0.04%
2026-07-16 11:32:46 INFO     strategy        PnL: 11:32:46 MTM=234.00 Profit=0.04%
2026-07-16 11:32:47 INFO     strategy        PnL: 11:32:47 MTM=259.00 Profit=0.04%
2026-07-16 11:32:48 INFO     strategy        PnL: 11:32:48 MTM=267.00 Profit=0.04%
2026-07-16 11:32:49 INFO     strategy        PnL: 11:32:49 MTM=265.00 Profit=0.04%
2026-07-16 11:32:50 INFO     strategy        PnL: 11:32:50 MTM=263.00 Profit=0.04%
2026-07-16 11:32:51 INFO     strategy        PnL: 11:32:51 MTM=220.00 Profit=0.03%
2026-07-16 11:32:52 INFO     strategy        PnL: 11:32:52 MTM=217.00 Profit=0.03%
2026-07-16 11:32:53 INFO     strategy        PnL: 11:32:53 MTM=198.00 Profit=0.03%
2026-07-16 11:32:54 INFO     strategy        PnL: 11:32:54 MTM=179.00 Profit=0.03%
2026-07-16 11:32:55 INFO     strategy        PnL: 11:32:55 MTM=197.00 Profit=0.03%
2026-07-16 11:32:56 INFO     strategy        PnL: 11:32:56 MTM=182.00 Profit=0.03%
2026-07-16 11:32:57 INFO     strategy        PnL: 11:32:57 MTM=187.00 Profit=0.03%
2026-07-16 11:32:58 INFO     strategy        PnL: 11:32:58 MTM=172.00 Profit=0.03%
2026-07-16 11:32:59 INFO     strategy        PnL: 11:32:59 MTM=195.00 Profit=0.03%
2026-07-16 11:33:00 INFO     strategy        PnL: 11:33:00 MTM=171.00 Profit=0.03%
2026-07-16 11:33:01 INFO     strategy        PnL: 11:33:01 MTM=158.00 Profit=0.02%
2026-07-16 11:33:02 INFO     strategy        PnL: 11:33:02 MTM=144.00 Profit=0.02%
2026-07-16 11:33:03 INFO     strategy        PnL: 11:33:03 MTM=214.00 Profit=0.03%
2026-07-16 11:33:04 INFO     strategy        PnL: 11:33:04 MTM=199.00 Profit=0.03%
2026-07-16 11:33:05 INFO     strategy        PnL: 11:33:05 MTM=181.00 Profit=0.03%
2026-07-16 11:33:06 INFO     strategy        PnL: 11:33:06 MTM=165.00 Profit=0.03%
2026-07-16 11:33:07 INFO     strategy        PnL: 11:33:07 MTM=213.00 Profit=0.03%
2026-07-16 11:33:08 INFO     strategy        PnL: 11:33:08 MTM=136.00 Profit=0.02%
2026-07-16 11:33:09 INFO     strategy        PnL: 11:33:09 MTM=197.00 Profit=0.03%
2026-07-16 11:33:10 INFO     strategy        PnL: 11:33:10 MTM=203.00 Profit=0.03%
2026-07-16 11:33:11 INFO     strategy        PnL: 11:33:11 MTM=222.00 Profit=0.03%
2026-07-16 11:33:12 INFO     strategy        PnL: 11:33:12 MTM=208.00 Profit=0.03%
2026-07-16 11:33:13 INFO     strategy        PnL: 11:33:13 MTM=204.00 Profit=0.03%
2026-07-16 11:33:14 INFO     strategy        PnL: 11:33:14 MTM=152.00 Profit=0.02%
2026-07-16 11:33:15 INFO     strategy        PnL: 11:33:15 MTM=197.00 Profit=0.03%
2026-07-16 11:33:16 INFO     strategy        PnL: 11:33:16 MTM=193.00 Profit=0.03%
2026-07-16 11:33:17 INFO     strategy        PnL: 11:33:17 MTM=177.00 Profit=0.03%
2026-07-16 11:33:18 INFO     strategy        PnL: 11:33:18 MTM=206.00 Profit=0.03%
2026-07-16 11:33:19 INFO     strategy        PnL: 11:33:19 MTM=227.00 Profit=0.03%
2026-07-16 11:33:20 INFO     strategy        PnL: 11:33:20 MTM=213.00 Profit=0.03%
2026-07-16 11:33:21 INFO     strategy        PnL: 11:33:21 MTM=276.00 Profit=0.04%
2026-07-16 11:33:22 INFO     strategy        PnL: 11:33:22 MTM=217.00 Profit=0.03%
2026-07-16 11:33:23 INFO     strategy        PnL: 11:33:23 MTM=211.00 Profit=0.03%
2026-07-16 11:33:24 INFO     strategy        PnL: 11:33:24 MTM=221.00 Profit=0.03%
2026-07-16 11:33:25 INFO     strategy        PnL: 11:33:25 MTM=217.00 Profit=0.03%
2026-07-16 11:33:26 INFO     strategy        PnL: 11:33:26 MTM=219.00 Profit=0.03%
2026-07-16 11:33:27 INFO     strategy        PnL: 11:33:27 MTM=208.00 Profit=0.03%
2026-07-16 11:33:28 INFO     strategy        PnL: 11:33:28 MTM=172.00 Profit=0.03%
2026-07-16 11:33:29 INFO     strategy        PnL: 11:33:29 MTM=242.00 Profit=0.04%
2026-07-16 11:33:30 INFO     strategy        PnL: 11:33:30 MTM=191.00 Profit=0.03%
2026-07-16 11:33:31 INFO     strategy        PnL: 11:33:31 MTM=169.00 Profit=0.03%
2026-07-16 11:33:32 INFO     strategy        PnL: 11:33:32 MTM=171.00 Profit=0.03%
2026-07-16 11:33:33 INFO     strategy        PnL: 11:33:33 MTM=203.00 Profit=0.03%
2026-07-16 11:33:34 INFO     strategy        PnL: 11:33:34 MTM=222.00 Profit=0.03%
2026-07-16 11:33:35 INFO     strategy        PnL: 11:33:35 MTM=195.00 Profit=0.03%
2026-07-16 11:33:36 INFO     strategy        PnL: 11:33:36 MTM=192.00 Profit=0.03%
2026-07-16 11:33:37 INFO     strategy        PnL: 11:33:37 MTM=160.00 Profit=0.02%
2026-07-16 11:33:38 INFO     strategy        PnL: 11:33:38 MTM=163.00 Profit=0.03%
2026-07-16 11:33:39 INFO     strategy        PnL: 11:33:39 MTM=165.00 Profit=0.03%
2026-07-16 11:33:40 INFO     strategy        PnL: 11:33:40 MTM=165.00 Profit=0.03%
2026-07-16 11:33:41 INFO     strategy        PnL: 11:33:41 MTM=191.00 Profit=0.03%
2026-07-16 11:33:42 INFO     strategy        PnL: 11:33:42 MTM=163.00 Profit=0.03%
2026-07-16 11:33:43 INFO     strategy        PnL: 11:33:43 MTM=172.00 Profit=0.03%
2026-07-16 11:33:45 INFO     strategy        PnL: 11:33:45 MTM=189.00 Profit=0.03%
2026-07-16 11:33:46 INFO     strategy        PnL: 11:33:46 MTM=204.00 Profit=0.03%
2026-07-16 11:33:47 INFO     strategy        PnL: 11:33:47 MTM=198.00 Profit=0.03%
2026-07-16 11:33:48 INFO     strategy        PnL: 11:33:48 MTM=193.00 Profit=0.03%
2026-07-16 11:33:49 INFO     strategy        PnL: 11:33:49 MTM=204.00 Profit=0.03%
2026-07-16 11:33:50 INFO     strategy        PnL: 11:33:50 MTM=206.00 Profit=0.03%
2026-07-16 11:33:51 INFO     strategy        PnL: 11:33:51 MTM=203.00 Profit=0.03%
2026-07-16 11:33:52 INFO     strategy        PnL: 11:33:52 MTM=217.00 Profit=0.03%
2026-07-16 11:33:53 INFO     strategy        PnL: 11:33:53 MTM=193.00 Profit=0.03%
2026-07-16 11:33:54 INFO     strategy        PnL: 11:33:54 MTM=197.00 Profit=0.03%
2026-07-16 11:33:55 INFO     strategy        PnL: 11:33:55 MTM=167.00 Profit=0.03%
2026-07-16 11:33:56 INFO     strategy        PnL: 11:33:56 MTM=173.00 Profit=0.03%
2026-07-16 11:33:57 INFO     strategy        PnL: 11:33:57 MTM=161.00 Profit=0.02%
2026-07-16 11:33:58 INFO     strategy        PnL: 11:33:58 MTM=182.00 Profit=0.03%
2026-07-16 11:33:59 INFO     strategy        PnL: 11:33:59 MTM=206.00 Profit=0.03%
2026-07-16 11:34:00 INFO     strategy        PnL: 11:34:00 MTM=196.00 Profit=0.03%
2026-07-16 11:34:01 INFO     strategy        PnL: 11:34:01 MTM=158.00 Profit=0.02%
2026-07-16 11:34:02 INFO     strategy        PnL: 11:34:02 MTM=148.00 Profit=0.02%
2026-07-16 11:34:03 INFO     strategy        PnL: 11:34:03 MTM=204.00 Profit=0.03%
2026-07-16 11:34:04 INFO     strategy        PnL: 11:34:04 MTM=231.00 Profit=0.04%
2026-07-16 11:34:05 INFO     strategy        PnL: 11:34:05 MTM=223.00 Profit=0.03%
2026-07-16 11:34:06 INFO     strategy        PnL: 11:34:06 MTM=214.00 Profit=0.03%
2026-07-16 11:34:07 INFO     strategy        PnL: 11:34:07 MTM=241.00 Profit=0.04%
2026-07-16 11:34:08 INFO     strategy        PnL: 11:34:08 MTM=210.00 Profit=0.03%
2026-07-16 11:34:09 INFO     strategy        PnL: 11:34:09 MTM=207.00 Profit=0.03%
2026-07-16 11:34:10 INFO     strategy        PnL: 11:34:10 MTM=231.00 Profit=0.04%
2026-07-16 11:34:11 INFO     strategy        PnL: 11:34:11 MTM=214.00 Profit=0.03%
2026-07-16 11:34:12 INFO     strategy        PnL: 11:34:12 MTM=227.00 Profit=0.03%
2026-07-16 11:34:13 INFO     strategy        PnL: 11:34:13 MTM=206.00 Profit=0.03%
2026-07-16 11:34:14 INFO     strategy        PnL: 11:34:14 MTM=214.00 Profit=0.03%
2026-07-16 11:34:15 INFO     strategy        PnL: 11:34:15 MTM=203.00 Profit=0.03%
2026-07-16 11:34:16 INFO     strategy        PnL: 11:34:16 MTM=218.00 Profit=0.03%
2026-07-16 11:34:17 INFO     strategy        PnL: 11:34:17 MTM=216.00 Profit=0.03%
2026-07-16 11:34:18 INFO     strategy        PnL: 11:34:18 MTM=233.00 Profit=0.04%
2026-07-16 11:34:19 INFO     strategy        PnL: 11:34:19 MTM=230.00 Profit=0.04%
2026-07-16 11:34:20 INFO     strategy        PnL: 11:34:20 MTM=211.00 Profit=0.03%
2026-07-16 11:34:21 INFO     strategy        PnL: 11:34:21 MTM=214.00 Profit=0.03%
2026-07-16 11:34:22 INFO     strategy        PnL: 11:34:22 MTM=219.00 Profit=0.03%
2026-07-16 11:34:23 INFO     strategy        PnL: 11:34:23 MTM=219.00 Profit=0.03%
2026-07-16 11:34:24 INFO     strategy        PnL: 11:34:24 MTM=205.00 Profit=0.03%
2026-07-16 11:34:25 INFO     strategy        PnL: 11:34:25 MTM=186.00 Profit=0.03%
2026-07-16 11:34:26 INFO     strategy        PnL: 11:34:26 MTM=184.00 Profit=0.03%
2026-07-16 11:34:27 INFO     strategy        PnL: 11:34:27 MTM=224.00 Profit=0.03%
2026-07-16 11:34:28 INFO     strategy        PnL: 11:34:28 MTM=198.00 Profit=0.03%
2026-07-16 11:34:29 INFO     strategy        PnL: 11:34:29 MTM=196.00 Profit=0.03%
2026-07-16 11:34:30 INFO     strategy        PnL: 11:34:30 MTM=194.00 Profit=0.03%
2026-07-16 11:34:31 INFO     strategy        PnL: 11:34:31 MTM=187.00 Profit=0.03%
2026-07-16 11:34:32 INFO     strategy        PnL: 11:34:32 MTM=171.00 Profit=0.03%
2026-07-16 11:34:33 INFO     strategy        PnL: 11:34:33 MTM=181.00 Profit=0.03%
2026-07-16 11:34:34 INFO     strategy        PnL: 11:34:34 MTM=185.00 Profit=0.03%
2026-07-16 11:34:35 INFO     strategy        PnL: 11:34:35 MTM=153.00 Profit=0.02%
2026-07-16 11:34:36 INFO     strategy        PnL: 11:34:36 MTM=177.00 Profit=0.03%
2026-07-16 11:34:37 INFO     strategy        PnL: 11:34:37 MTM=171.00 Profit=0.03%
2026-07-16 11:34:38 INFO     strategy        PnL: 11:34:38 MTM=197.00 Profit=0.03%
2026-07-16 11:34:39 INFO     strategy        PnL: 11:34:39 MTM=183.00 Profit=0.03%
2026-07-16 11:34:40 INFO     strategy        PnL: 11:34:40 MTM=197.00 Profit=0.03%
2026-07-16 11:34:41 INFO     strategy        PnL: 11:34:41 MTM=183.00 Profit=0.03%
2026-07-16 11:34:42 INFO     strategy        PnL: 11:34:42 MTM=184.00 Profit=0.03%
2026-07-16 11:34:43 INFO     strategy        PnL: 11:34:43 MTM=163.00 Profit=0.03%
2026-07-16 11:34:44 INFO     strategy        PnL: 11:34:44 MTM=214.00 Profit=0.03%
2026-07-16 11:34:45 INFO     strategy        PnL: 11:34:45 MTM=214.00 Profit=0.03%
2026-07-16 11:34:46 INFO     strategy        PnL: 11:34:46 MTM=215.00 Profit=0.03%
2026-07-16 11:34:47 INFO     strategy        PnL: 11:34:47 MTM=200.00 Profit=0.03%
2026-07-16 11:34:48 INFO     strategy        PnL: 11:34:48 MTM=198.00 Profit=0.03%
2026-07-16 11:34:49 INFO     strategy        PnL: 11:34:49 MTM=243.00 Profit=0.04%
2026-07-16 11:34:50 INFO     strategy        PnL: 11:34:50 MTM=225.00 Profit=0.03%
2026-07-16 11:34:51 INFO     strategy        PnL: 11:34:51 MTM=272.00 Profit=0.04%
2026-07-16 11:34:52 INFO     strategy        PnL: 11:34:52 MTM=234.00 Profit=0.04%
2026-07-16 11:34:53 INFO     strategy        PnL: 11:34:53 MTM=240.00 Profit=0.04%
2026-07-16 11:34:54 INFO     strategy        PnL: 11:34:54 MTM=292.00 Profit=0.05%
2026-07-16 11:34:55 INFO     strategy        PnL: 11:34:55 MTM=263.00 Profit=0.04%
2026-07-16 11:34:56 INFO     strategy        PnL: 11:34:56 MTM=241.00 Profit=0.04%
2026-07-16 11:34:57 INFO     strategy        PnL: 11:34:57 MTM=281.00 Profit=0.04%
2026-07-16 11:34:58 INFO     strategy        PnL: 11:34:58 MTM=268.00 Profit=0.04%
2026-07-16 11:34:59 INFO     strategy        PnL: 11:34:59 MTM=258.00 Profit=0.04%
2026-07-16 11:35:00 INFO     strategy        PnL: 11:35:00 MTM=250.00 Profit=0.04%
2026-07-16 11:35:01 INFO     strategy        PnL: 11:35:01 MTM=253.00 Profit=0.04%
2026-07-16 11:35:02 INFO     strategy        PnL: 11:35:02 MTM=242.00 Profit=0.04%
2026-07-16 11:35:03 INFO     strategy        PnL: 11:35:03 MTM=254.00 Profit=0.04%
2026-07-16 11:35:04 INFO     strategy        PnL: 11:35:04 MTM=239.00 Profit=0.04%
2026-07-16 11:35:05 INFO     strategy        PnL: 11:35:05 MTM=264.00 Profit=0.04%
2026-07-16 11:35:06 INFO     strategy        PnL: 11:35:06 MTM=223.00 Profit=0.03%
2026-07-16 11:35:07 INFO     strategy        PnL: 11:35:07 MTM=217.00 Profit=0.03%
2026-07-16 11:35:08 INFO     strategy        PnL: 11:35:08 MTM=212.00 Profit=0.03%
2026-07-16 11:35:09 INFO     strategy        PnL: 11:35:09 MTM=207.00 Profit=0.03%
2026-07-16 11:35:10 INFO     strategy        PnL: 11:35:10 MTM=215.00 Profit=0.03%
2026-07-16 11:35:11 INFO     strategy        PnL: 11:35:11 MTM=231.00 Profit=0.04%
2026-07-16 11:35:12 INFO     strategy        PnL: 11:35:12 MTM=172.00 Profit=0.03%
2026-07-16 11:35:13 INFO     strategy        PnL: 11:35:13 MTM=203.00 Profit=0.03%
2026-07-16 11:35:14 INFO     strategy        PnL: 11:35:14 MTM=205.00 Profit=0.03%
2026-07-16 11:35:15 INFO     strategy        PnL: 11:35:15 MTM=208.00 Profit=0.03%
2026-07-16 11:35:16 INFO     strategy        PnL: 11:35:16 MTM=212.00 Profit=0.03%
2026-07-16 11:35:17 INFO     strategy        PnL: 11:35:17 MTM=192.00 Profit=0.03%
2026-07-16 11:35:18 INFO     strategy        PnL: 11:35:18 MTM=196.00 Profit=0.03%
2026-07-16 11:35:19 INFO     strategy        PnL: 11:35:19 MTM=172.00 Profit=0.03%
2026-07-16 11:35:20 INFO     strategy        PnL: 11:35:20 MTM=112.00 Profit=0.02%
2026-07-16 11:35:21 INFO     strategy        PnL: 11:35:21 MTM=202.00 Profit=0.03%
2026-07-16 11:35:22 INFO     strategy        PnL: 11:35:22 MTM=159.00 Profit=0.02%
2026-07-16 11:35:23 INFO     strategy        PnL: 11:35:23 MTM=172.00 Profit=0.03%
2026-07-16 11:35:24 INFO     strategy        PnL: 11:35:24 MTM=164.00 Profit=0.03%
2026-07-16 11:35:25 INFO     strategy        PnL: 11:35:25 MTM=163.00 Profit=0.03%
2026-07-16 11:35:26 INFO     strategy        PnL: 11:35:26 MTM=170.00 Profit=0.03%
2026-07-16 11:35:27 INFO     strategy        PnL: 11:35:27 MTM=183.00 Profit=0.03%
2026-07-16 11:35:28 INFO     strategy        PnL: 11:35:28 MTM=172.00 Profit=0.03%
2026-07-16 11:35:29 INFO     strategy        PnL: 11:35:29 MTM=153.00 Profit=0.02%
2026-07-16 11:35:30 INFO     strategy        PnL: 11:35:30 MTM=154.00 Profit=0.02%
2026-07-16 11:35:31 INFO     strategy        PnL: 11:35:31 MTM=198.00 Profit=0.03%
2026-07-16 11:35:32 INFO     strategy        PnL: 11:35:32 MTM=215.00 Profit=0.03%
2026-07-16 11:35:33 INFO     strategy        PnL: 11:35:33 MTM=182.00 Profit=0.03%
2026-07-16 11:35:34 INFO     strategy        PnL: 11:35:34 MTM=179.00 Profit=0.03%
2026-07-16 11:35:36 INFO     strategy        PnL: 11:35:36 MTM=185.00 Profit=0.03%
2026-07-16 11:35:37 INFO     strategy        PnL: 11:35:37 MTM=168.00 Profit=0.03%
2026-07-16 11:35:38 INFO     strategy        PnL: 11:35:38 MTM=189.00 Profit=0.03%
2026-07-16 11:35:39 INFO     strategy        PnL: 11:35:39 MTM=178.00 Profit=0.03%
2026-07-16 11:35:40 INFO     strategy        PnL: 11:35:40 MTM=186.00 Profit=0.03%
2026-07-16 11:35:41 INFO     strategy        PnL: 11:35:41 MTM=144.00 Profit=0.02%
2026-07-16 11:35:42 INFO     strategy        PnL: 11:35:42 MTM=148.00 Profit=0.02%
2026-07-16 11:35:43 INFO     strategy        PnL: 11:35:43 MTM=203.00 Profit=0.03%
2026-07-16 11:35:44 INFO     strategy        PnL: 11:35:44 MTM=179.00 Profit=0.03%
2026-07-16 11:35:45 INFO     strategy        PnL: 11:35:45 MTM=173.00 Profit=0.03%
2026-07-16 11:35:46 INFO     strategy        PnL: 11:35:46 MTM=169.00 Profit=0.03%
2026-07-16 11:35:47 INFO     strategy        PnL: 11:35:47 MTM=189.00 Profit=0.03%
2026-07-16 11:35:48 INFO     strategy        PnL: 11:35:48 MTM=162.00 Profit=0.02%
2026-07-16 11:35:49 INFO     strategy        PnL: 11:35:49 MTM=169.00 Profit=0.03%
2026-07-16 11:35:50 INFO     strategy        PnL: 11:35:50 MTM=210.00 Profit=0.03%
2026-07-16 11:35:51 INFO     strategy        PnL: 11:35:51 MTM=204.00 Profit=0.03%
2026-07-16 11:35:52 INFO     strategy        PnL: 11:35:52 MTM=179.00 Profit=0.03%
2026-07-16 11:35:53 INFO     strategy        PnL: 11:35:53 MTM=183.00 Profit=0.03%
2026-07-16 11:35:54 INFO     strategy        PnL: 11:35:54 MTM=209.00 Profit=0.03%
2026-07-16 11:35:55 INFO     strategy        PnL: 11:35:55 MTM=196.00 Profit=0.03%
2026-07-16 11:35:56 INFO     strategy        PnL: 11:35:56 MTM=204.00 Profit=0.03%
2026-07-16 11:35:57 INFO     strategy        PnL: 11:35:57 MTM=208.00 Profit=0.03%
2026-07-16 11:35:58 INFO     strategy        PnL: 11:35:58 MTM=192.00 Profit=0.03%
2026-07-16 11:35:59 INFO     strategy        PnL: 11:35:59 MTM=205.00 Profit=0.03%
2026-07-16 11:36:00 INFO     strategy        PnL: 11:36:00 MTM=224.00 Profit=0.03%
2026-07-16 11:36:01 INFO     strategy        PnL: 11:36:01 MTM=200.00 Profit=0.03%
2026-07-16 11:36:02 INFO     strategy        PnL: 11:36:02 MTM=213.00 Profit=0.03%
2026-07-16 11:36:03 INFO     strategy        PnL: 11:36:03 MTM=217.00 Profit=0.03%
2026-07-16 11:36:04 INFO     strategy        PnL: 11:36:04 MTM=206.00 Profit=0.03%
2026-07-16 11:36:05 INFO     strategy        PnL: 11:36:05 MTM=212.00 Profit=0.03%
2026-07-16 11:36:06 INFO     strategy        PnL: 11:36:06 MTM=209.00 Profit=0.03%
2026-07-16 11:36:07 INFO     strategy        PnL: 11:36:07 MTM=199.00 Profit=0.03%
2026-07-16 11:36:08 INFO     strategy        PnL: 11:36:08 MTM=239.00 Profit=0.04%
2026-07-16 11:36:09 INFO     strategy        PnL: 11:36:09 MTM=196.00 Profit=0.03%
2026-07-16 11:36:10 INFO     strategy        PnL: 11:36:10 MTM=190.00 Profit=0.03%
2026-07-16 11:36:11 INFO     strategy        PnL: 11:36:11 MTM=191.00 Profit=0.03%
2026-07-16 11:36:12 INFO     strategy        PnL: 11:36:12 MTM=176.00 Profit=0.03%
2026-07-16 11:36:13 INFO     strategy        PnL: 11:36:13 MTM=177.00 Profit=0.03%
2026-07-16 11:36:14 INFO     strategy        PnL: 11:36:14 MTM=190.00 Profit=0.03%
2026-07-16 11:36:15 INFO     strategy        PnL: 11:36:15 MTM=199.00 Profit=0.03%
2026-07-16 11:36:16 INFO     strategy        PnL: 11:36:16 MTM=196.00 Profit=0.03%
2026-07-16 11:36:17 INFO     strategy        PnL: 11:36:17 MTM=203.00 Profit=0.03%
2026-07-16 11:36:18 INFO     strategy        PnL: 11:36:18 MTM=197.00 Profit=0.03%
2026-07-16 11:36:19 INFO     strategy        PnL: 11:36:19 MTM=178.00 Profit=0.03%
2026-07-16 11:36:20 INFO     strategy        PnL: 11:36:20 MTM=196.00 Profit=0.03%
2026-07-16 11:36:21 INFO     strategy        PnL: 11:36:21 MTM=172.00 Profit=0.03%
2026-07-16 11:36:22 INFO     strategy        PnL: 11:36:22 MTM=182.00 Profit=0.03%
2026-07-16 11:36:23 INFO     strategy        PnL: 11:36:23 MTM=185.00 Profit=0.03%
2026-07-16 11:36:24 INFO     strategy        PnL: 11:36:24 MTM=197.00 Profit=0.03%
2026-07-16 11:36:25 INFO     strategy        PnL: 11:36:25 MTM=197.00 Profit=0.03%
2026-07-16 11:36:26 INFO     strategy        PnL: 11:36:26 MTM=196.00 Profit=0.03%
2026-07-16 11:36:27 INFO     strategy        PnL: 11:36:27 MTM=204.00 Profit=0.03%
2026-07-16 11:36:28 INFO     strategy        PnL: 11:36:28 MTM=237.00 Profit=0.04%
2026-07-16 11:36:29 INFO     strategy        PnL: 11:36:29 MTM=221.00 Profit=0.03%
2026-07-16 11:36:30 INFO     strategy        PnL: 11:36:30 MTM=209.00 Profit=0.03%
2026-07-16 11:36:31 INFO     strategy        PnL: 11:36:31 MTM=221.00 Profit=0.03%
2026-07-16 11:36:32 INFO     strategy        PnL: 11:36:32 MTM=225.00 Profit=0.03%
2026-07-16 11:36:33 INFO     strategy        PnL: 11:36:33 MTM=233.00 Profit=0.04%
2026-07-16 11:36:34 INFO     strategy        PnL: 11:36:34 MTM=237.00 Profit=0.04%
2026-07-16 11:36:35 INFO     strategy        PnL: 11:36:35 MTM=187.00 Profit=0.03%
2026-07-16 11:36:36 INFO     strategy        PnL: 11:36:36 MTM=245.00 Profit=0.04%
2026-07-16 11:36:37 INFO     strategy        PnL: 11:36:37 MTM=217.00 Profit=0.03%
2026-07-16 11:36:38 INFO     strategy        PnL: 11:36:38 MTM=208.00 Profit=0.03%
2026-07-16 11:36:39 INFO     strategy        PnL: 11:36:39 MTM=209.00 Profit=0.03%
2026-07-16 11:36:40 INFO     strategy        PnL: 11:36:40 MTM=218.00 Profit=0.03%
2026-07-16 11:36:41 INFO     strategy        PnL: 11:36:41 MTM=210.00 Profit=0.03%
2026-07-16 11:36:42 INFO     strategy        PnL: 11:36:42 MTM=195.00 Profit=0.03%
2026-07-16 11:36:43 INFO     strategy        PnL: 11:36:43 MTM=177.00 Profit=0.03%
2026-07-16 11:36:44 INFO     strategy        PnL: 11:36:44 MTM=197.00 Profit=0.03%
2026-07-16 11:36:45 INFO     strategy        PnL: 11:36:45 MTM=175.00 Profit=0.03%
2026-07-16 11:36:46 INFO     strategy        PnL: 11:36:46 MTM=193.00 Profit=0.03%
2026-07-16 11:36:47 INFO     strategy        PnL: 11:36:47 MTM=213.00 Profit=0.03%
2026-07-16 11:36:48 INFO     strategy        PnL: 11:36:48 MTM=199.00 Profit=0.03%
2026-07-16 11:36:49 INFO     strategy        PnL: 11:36:49 MTM=208.00 Profit=0.03%
2026-07-16 11:36:50 INFO     strategy        PnL: 11:36:50 MTM=191.00 Profit=0.03%
2026-07-16 11:36:51 INFO     strategy        PnL: 11:36:51 MTM=199.00 Profit=0.03%
2026-07-16 11:36:52 INFO     strategy        PnL: 11:36:52 MTM=203.00 Profit=0.03%
2026-07-16 11:36:53 INFO     strategy        PnL: 11:36:53 MTM=193.00 Profit=0.03%
2026-07-16 11:36:54 INFO     strategy        PnL: 11:36:54 MTM=203.00 Profit=0.03%
2026-07-16 11:36:55 INFO     strategy        PnL: 11:36:55 MTM=227.00 Profit=0.03%
2026-07-16 11:36:56 INFO     strategy        PnL: 11:36:56 MTM=203.00 Profit=0.03%
2026-07-16 11:36:57 INFO     strategy        PnL: 11:36:57 MTM=252.00 Profit=0.04%
2026-07-16 11:36:58 INFO     strategy        PnL: 11:36:58 MTM=182.00 Profit=0.03%
2026-07-16 11:36:59 INFO     strategy        PnL: 11:36:59 MTM=203.00 Profit=0.03%
2026-07-16 11:37:00 INFO     strategy        PnL: 11:37:00 MTM=188.00 Profit=0.03%
2026-07-16 11:37:01 INFO     strategy        PnL: 11:37:01 MTM=188.00 Profit=0.03%
2026-07-16 11:37:02 INFO     strategy        PnL: 11:37:02 MTM=202.00 Profit=0.03%
2026-07-16 11:37:03 INFO     strategy        PnL: 11:37:03 MTM=162.00 Profit=0.02%
2026-07-16 11:37:04 INFO     strategy        PnL: 11:37:04 MTM=190.00 Profit=0.03%
2026-07-16 11:37:05 INFO     strategy        PnL: 11:37:05 MTM=184.00 Profit=0.03%
2026-07-16 11:37:06 INFO     strategy        PnL: 11:37:06 MTM=220.00 Profit=0.03%
2026-07-16 11:37:07 INFO     strategy        PnL: 11:37:07 MTM=213.00 Profit=0.03%
2026-07-16 11:37:08 INFO     strategy        PnL: 11:37:08 MTM=230.00 Profit=0.04%
2026-07-16 11:37:09 INFO     strategy        PnL: 11:37:09 MTM=243.00 Profit=0.04%
2026-07-16 11:37:10 INFO     strategy        PnL: 11:37:10 MTM=242.00 Profit=0.04%
2026-07-16 11:37:11 INFO     strategy        PnL: 11:37:11 MTM=256.00 Profit=0.04%
2026-07-16 11:37:12 INFO     strategy        PnL: 11:37:12 MTM=233.00 Profit=0.04%
2026-07-16 11:37:13 INFO     strategy        PnL: 11:37:13 MTM=272.00 Profit=0.04%
2026-07-16 11:37:14 INFO     strategy        PnL: 11:37:14 MTM=269.00 Profit=0.04%
2026-07-16 11:37:15 INFO     strategy        PnL: 11:37:15 MTM=251.00 Profit=0.04%
2026-07-16 11:37:16 INFO     strategy        PnL: 11:37:16 MTM=279.00 Profit=0.04%
2026-07-16 11:37:17 INFO     strategy        PnL: 11:37:17 MTM=265.00 Profit=0.04%
2026-07-16 11:37:18 INFO     strategy        PnL: 11:37:18 MTM=334.00 Profit=0.05%
2026-07-16 11:37:19 INFO     strategy        PnL: 11:37:19 MTM=272.00 Profit=0.04%
2026-07-16 11:37:20 INFO     strategy        PnL: 11:37:20 MTM=207.00 Profit=0.03%
2026-07-16 11:37:21 INFO     strategy        PnL: 11:37:21 MTM=284.00 Profit=0.04%
2026-07-16 11:37:22 INFO     strategy        PnL: 11:37:22 MTM=288.00 Profit=0.04%
2026-07-16 11:37:23 INFO     strategy        PnL: 11:37:23 MTM=310.00 Profit=0.05%
2026-07-16 11:37:24 INFO     strategy        PnL: 11:37:24 MTM=288.00 Profit=0.04%
2026-07-16 11:37:26 INFO     strategy        PnL: 11:37:26 MTM=280.00 Profit=0.04%
2026-07-16 11:37:27 INFO     strategy        PnL: 11:37:27 MTM=334.00 Profit=0.05%
2026-07-16 11:37:28 INFO     strategy        PnL: 11:37:28 MTM=297.00 Profit=0.05%
2026-07-16 11:37:29 INFO     strategy        PnL: 11:37:29 MTM=312.00 Profit=0.05%
2026-07-16 11:37:30 INFO     strategy        PnL: 11:37:30 MTM=264.00 Profit=0.04%
2026-07-16 11:37:31 INFO     strategy        PnL: 11:37:31 MTM=262.00 Profit=0.04%
2026-07-16 11:37:32 INFO     strategy        PnL: 11:37:32 MTM=270.00 Profit=0.04%
2026-07-16 11:37:33 INFO     strategy        PnL: 11:37:33 MTM=243.00 Profit=0.04%
2026-07-16 11:37:34 INFO     strategy        PnL: 11:37:34 MTM=253.00 Profit=0.04%
2026-07-16 11:37:35 INFO     strategy        PnL: 11:37:35 MTM=274.00 Profit=0.04%
2026-07-16 11:37:36 INFO     strategy        PnL: 11:37:36 MTM=282.00 Profit=0.04%
2026-07-16 11:37:37 INFO     strategy        PnL: 11:37:37 MTM=312.00 Profit=0.05%
2026-07-16 11:37:38 INFO     strategy        PnL: 11:37:38 MTM=276.00 Profit=0.04%
2026-07-16 11:37:39 INFO     strategy        PnL: 11:37:39 MTM=302.00 Profit=0.05%
2026-07-16 11:37:40 INFO     strategy        PnL: 11:37:40 MTM=326.00 Profit=0.05%
2026-07-16 11:37:41 INFO     strategy        PnL: 11:37:41 MTM=285.00 Profit=0.04%
2026-07-16 11:37:42 INFO     strategy        PnL: 11:37:42 MTM=315.00 Profit=0.05%
2026-07-16 11:37:43 INFO     strategy        PnL: 11:37:43 MTM=187.00 Profit=0.03%
2026-07-16 11:37:44 INFO     strategy        PnL: 11:37:44 MTM=306.00 Profit=0.05%
2026-07-16 11:37:45 INFO     strategy        PnL: 11:37:45 MTM=273.00 Profit=0.04%
2026-07-16 11:37:46 INFO     strategy        PnL: 11:37:46 MTM=267.00 Profit=0.04%
2026-07-16 11:37:47 INFO     strategy        PnL: 11:37:47 MTM=271.00 Profit=0.04%
2026-07-16 11:37:48 INFO     strategy        PnL: 11:37:48 MTM=258.00 Profit=0.04%
2026-07-16 11:37:49 INFO     strategy        PnL: 11:37:49 MTM=275.00 Profit=0.04%
2026-07-16 11:37:50 INFO     strategy        PnL: 11:37:50 MTM=275.00 Profit=0.04%
2026-07-16 11:37:51 INFO     strategy        PnL: 11:37:51 MTM=270.00 Profit=0.04%
2026-07-16 11:37:52 INFO     strategy        PnL: 11:37:52 MTM=270.00 Profit=0.04%
2026-07-16 11:37:53 INFO     strategy        PnL: 11:37:53 MTM=247.00 Profit=0.04%
2026-07-16 11:37:54 INFO     strategy        PnL: 11:37:54 MTM=276.00 Profit=0.04%
2026-07-16 11:37:55 INFO     strategy        PnL: 11:37:55 MTM=299.00 Profit=0.05%
2026-07-16 11:37:56 INFO     strategy        PnL: 11:37:56 MTM=315.00 Profit=0.05%
2026-07-16 11:37:57 INFO     strategy        PnL: 11:37:57 MTM=338.00 Profit=0.05%
2026-07-16 11:37:58 INFO     strategy        PnL: 11:37:58 MTM=357.00 Profit=0.06%
2026-07-16 11:37:59 INFO     strategy        PnL: 11:37:59 MTM=333.00 Profit=0.05%
2026-07-16 11:38:00 INFO     strategy        PnL: 11:38:00 MTM=314.00 Profit=0.05%
2026-07-16 11:38:01 INFO     strategy        PnL: 11:38:01 MTM=315.00 Profit=0.05%
2026-07-16 11:38:02 INFO     strategy        PnL: 11:38:02 MTM=304.00 Profit=0.05%
2026-07-16 11:38:03 INFO     strategy        PnL: 11:38:03 MTM=317.00 Profit=0.05%
2026-07-16 11:38:04 INFO     strategy        PnL: 11:38:04 MTM=305.00 Profit=0.05%
2026-07-16 11:38:05 INFO     strategy        PnL: 11:38:05 MTM=321.00 Profit=0.05%
2026-07-16 11:38:06 INFO     strategy        PnL: 11:38:06 MTM=341.00 Profit=0.05%
2026-07-16 11:38:07 INFO     strategy        PnL: 11:38:07 MTM=347.00 Profit=0.05%
2026-07-16 11:38:08 INFO     strategy        PnL: 11:38:08 MTM=352.00 Profit=0.05%
2026-07-16 11:38:09 INFO     strategy        PnL: 11:38:09 MTM=317.00 Profit=0.05%
2026-07-16 11:38:10 INFO     strategy        PnL: 11:38:10 MTM=317.00 Profit=0.05%
2026-07-16 11:38:11 INFO     strategy        PnL: 11:38:11 MTM=351.00 Profit=0.05%
2026-07-16 11:38:12 INFO     strategy        PnL: 11:38:12 MTM=366.00 Profit=0.06%
2026-07-16 11:38:13 INFO     strategy        PnL: 11:38:13 MTM=402.00 Profit=0.06%
2026-07-16 11:38:14 INFO     strategy        PnL: 11:38:14 MTM=336.00 Profit=0.05%
2026-07-16 11:38:15 INFO     strategy        PnL: 11:38:15 MTM=412.00 Profit=0.06%
2026-07-16 11:38:16 INFO     strategy        PnL: 11:38:16 MTM=306.00 Profit=0.05%
2026-07-16 11:38:17 INFO     strategy        PnL: 11:38:17 MTM=404.00 Profit=0.06%
2026-07-16 11:38:18 INFO     strategy        PnL: 11:38:18 MTM=374.00 Profit=0.06%
2026-07-16 11:38:19 INFO     strategy        PnL: 11:38:19 MTM=367.00 Profit=0.06%
2026-07-16 11:38:20 INFO     strategy        PnL: 11:38:20 MTM=361.00 Profit=0.06%
2026-07-16 11:38:21 INFO     strategy        PnL: 11:38:21 MTM=405.00 Profit=0.06%
2026-07-16 11:38:22 INFO     strategy        PnL: 11:38:22 MTM=417.00 Profit=0.06%
2026-07-16 11:38:23 INFO     strategy        PnL: 11:38:23 MTM=391.00 Profit=0.06%
2026-07-16 11:38:24 INFO     strategy        PnL: 11:38:24 MTM=332.00 Profit=0.05%
2026-07-16 11:38:25 INFO     strategy        PnL: 11:38:25 MTM=384.00 Profit=0.06%
2026-07-16 11:38:26 INFO     strategy        PnL: 11:38:26 MTM=377.00 Profit=0.06%
2026-07-16 11:38:27 INFO     strategy        PnL: 11:38:27 MTM=353.00 Profit=0.05%
2026-07-16 11:38:28 INFO     strategy        PnL: 11:38:28 MTM=387.00 Profit=0.06%
2026-07-16 11:38:29 INFO     strategy        PnL: 11:38:29 MTM=349.00 Profit=0.05%
2026-07-16 11:38:30 INFO     strategy        PnL: 11:38:30 MTM=349.00 Profit=0.05%
2026-07-16 11:38:31 INFO     strategy        PnL: 11:38:31 MTM=340.00 Profit=0.05%
2026-07-16 11:38:32 INFO     strategy        PnL: 11:38:32 MTM=352.00 Profit=0.05%
2026-07-16 11:38:33 INFO     strategy        PnL: 11:38:33 MTM=359.00 Profit=0.06%
2026-07-16 11:38:34 INFO     strategy        PnL: 11:38:34 MTM=318.00 Profit=0.05%
2026-07-16 11:38:35 INFO     strategy        PnL: 11:38:35 MTM=346.00 Profit=0.05%
2026-07-16 11:38:36 INFO     strategy        PnL: 11:38:36 MTM=353.00 Profit=0.05%
2026-07-16 11:38:37 INFO     strategy        PnL: 11:38:37 MTM=330.00 Profit=0.05%
2026-07-16 11:38:38 INFO     strategy        PnL: 11:38:38 MTM=309.00 Profit=0.05%
2026-07-16 11:38:39 INFO     strategy        PnL: 11:38:39 MTM=355.00 Profit=0.05%
2026-07-16 11:38:40 INFO     strategy        PnL: 11:38:40 MTM=310.00 Profit=0.05%
2026-07-16 11:38:41 INFO     strategy        PnL: 11:38:41 MTM=345.00 Profit=0.05%
2026-07-16 11:38:42 INFO     strategy        PnL: 11:38:42 MTM=344.00 Profit=0.05%
2026-07-16 11:38:43 INFO     strategy        PnL: 11:38:43 MTM=358.00 Profit=0.06%
2026-07-16 11:38:44 INFO     strategy        PnL: 11:38:44 MTM=368.00 Profit=0.06%
2026-07-16 11:38:45 INFO     strategy        PnL: 11:38:45 MTM=366.00 Profit=0.06%
2026-07-16 11:38:46 INFO     strategy        PnL: 11:38:46 MTM=323.00 Profit=0.05%
2026-07-16 11:38:47 INFO     strategy        PnL: 11:38:47 MTM=350.00 Profit=0.05%
2026-07-16 11:38:48 INFO     strategy        PnL: 11:38:48 MTM=346.00 Profit=0.05%
2026-07-16 11:38:49 INFO     strategy        PnL: 11:38:49 MTM=349.00 Profit=0.05%
2026-07-16 11:38:50 INFO     strategy        PnL: 11:38:50 MTM=346.00 Profit=0.05%
2026-07-16 11:38:51 INFO     strategy        PnL: 11:38:51 MTM=297.00 Profit=0.05%
2026-07-16 11:38:52 INFO     strategy        PnL: 11:38:52 MTM=300.00 Profit=0.05%
2026-07-16 11:38:53 INFO     strategy        PnL: 11:38:53 MTM=184.00 Profit=0.03%
2026-07-16 11:38:54 INFO     strategy        PnL: 11:38:54 MTM=374.00 Profit=0.06%
2026-07-16 11:38:55 INFO     strategy        PnL: 11:38:55 MTM=174.00 Profit=0.03%
2026-07-16 11:38:56 INFO     strategy        PnL: 11:38:56 MTM=165.00 Profit=0.03%
2026-07-16 11:38:57 INFO     strategy        PnL: 11:38:57 MTM=292.00 Profit=0.05%
2026-07-16 11:38:58 INFO     strategy        PnL: 11:38:58 MTM=213.00 Profit=0.03%
2026-07-16 11:38:59 INFO     strategy        PnL: 11:38:59 MTM=295.00 Profit=0.05%
2026-07-16 11:39:00 INFO     strategy        PnL: 11:39:00 MTM=241.00 Profit=0.04%
2026-07-16 11:39:01 INFO     strategy        PnL: 11:39:01 MTM=315.00 Profit=0.05%
2026-07-16 11:39:02 INFO     strategy        PnL: 11:39:02 MTM=98.00 Profit=0.02%
2026-07-16 11:39:03 INFO     strategy        PnL: 11:39:03 MTM=192.00 Profit=0.03%
2026-07-16 11:39:04 INFO     strategy        PnL: 11:39:04 MTM=299.00 Profit=0.05%
2026-07-16 11:39:05 INFO     strategy        PnL: 11:39:05 MTM=234.00 Profit=0.04%
2026-07-16 11:39:06 INFO     strategy        PnL: 11:39:06 MTM=305.00 Profit=0.05%
2026-07-16 11:39:07 INFO     strategy        PnL: 11:39:07 MTM=214.00 Profit=0.03%
2026-07-16 11:39:08 INFO     strategy        PnL: 11:39:08 MTM=257.00 Profit=0.04%
2026-07-16 11:39:09 INFO     strategy        PnL: 11:39:09 MTM=299.00 Profit=0.05%
2026-07-16 11:39:10 INFO     strategy        PnL: 11:39:10 MTM=292.00 Profit=0.05%
2026-07-16 11:39:11 INFO     strategy        PnL: 11:39:11 MTM=353.00 Profit=0.05%
2026-07-16 11:39:12 INFO     strategy        PnL: 11:39:12 MTM=225.00 Profit=0.03%
2026-07-16 11:39:13 INFO     strategy        PnL: 11:39:13 MTM=242.00 Profit=0.04%
2026-07-16 11:39:14 INFO     strategy        PnL: 11:39:14 MTM=207.00 Profit=0.03%
2026-07-16 11:39:15 INFO     strategy        PnL: 11:39:15 MTM=218.00 Profit=0.03%
2026-07-16 11:39:17 INFO     strategy        PnL: 11:39:16 MTM=259.00 Profit=0.04%
2026-07-16 11:39:18 INFO     strategy        PnL: 11:39:18 MTM=232.00 Profit=0.04%
2026-07-16 11:39:19 INFO     strategy        PnL: 11:39:19 MTM=210.00 Profit=0.03%
2026-07-16 11:39:20 INFO     strategy        PnL: 11:39:20 MTM=235.00 Profit=0.04%
2026-07-16 11:39:21 INFO     strategy        PnL: 11:39:21 MTM=196.00 Profit=0.03%
2026-07-16 11:39:22 INFO     strategy        PnL: 11:39:22 MTM=222.00 Profit=0.03%
2026-07-16 11:39:23 INFO     strategy        PnL: 11:39:23 MTM=192.00 Profit=0.03%
2026-07-16 11:39:24 INFO     strategy        PnL: 11:39:24 MTM=193.00 Profit=0.03%
2026-07-16 11:39:25 INFO     strategy        PnL: 11:39:25 MTM=180.00 Profit=0.03%
2026-07-16 11:39:26 INFO     strategy        PnL: 11:39:26 MTM=170.00 Profit=0.03%
2026-07-16 11:39:27 INFO     strategy        PnL: 11:39:27 MTM=172.00 Profit=0.03%
2026-07-16 11:39:28 INFO     strategy        PnL: 11:39:28 MTM=224.00 Profit=0.03%
2026-07-16 11:39:29 INFO     strategy        PnL: 11:39:29 MTM=189.00 Profit=0.03%
2026-07-16 11:39:30 INFO     strategy        PnL: 11:39:30 MTM=172.00 Profit=0.03%
2026-07-16 11:39:31 INFO     strategy        PnL: 11:39:31 MTM=173.00 Profit=0.03%
2026-07-16 11:39:32 INFO     strategy        PnL: 11:39:32 MTM=187.00 Profit=0.03%
2026-07-16 11:39:33 INFO     strategy        PnL: 11:39:33 MTM=187.00 Profit=0.03%
2026-07-16 11:39:34 INFO     strategy        PnL: 11:39:34 MTM=234.00 Profit=0.04%
2026-07-16 11:39:35 INFO     strategy        PnL: 11:39:35 MTM=240.00 Profit=0.04%
2026-07-16 11:39:36 INFO     strategy        PnL: 11:39:36 MTM=237.00 Profit=0.04%
2026-07-16 11:39:37 INFO     strategy        PnL: 11:39:37 MTM=237.00 Profit=0.04%
2026-07-16 11:39:38 INFO     strategy        PnL: 11:39:38 MTM=172.00 Profit=0.03%
2026-07-16 11:39:39 INFO     strategy        PnL: 11:39:39 MTM=216.00 Profit=0.03%
2026-07-16 11:39:40 INFO     strategy        PnL: 11:39:40 MTM=252.00 Profit=0.04%
2026-07-16 11:39:41 INFO     strategy        PnL: 11:39:41 MTM=244.00 Profit=0.04%
2026-07-16 11:39:42 INFO     strategy        PnL: 11:39:42 MTM=195.00 Profit=0.03%
2026-07-16 11:39:43 INFO     strategy        PnL: 11:39:43 MTM=252.00 Profit=0.04%
2026-07-16 11:39:44 INFO     strategy        PnL: 11:39:44 MTM=190.00 Profit=0.03%
2026-07-16 11:39:45 INFO     strategy        PnL: 11:39:45 MTM=202.00 Profit=0.03%
2026-07-16 11:39:46 INFO     strategy        PnL: 11:39:46 MTM=148.00 Profit=0.02%
2026-07-16 11:39:47 INFO     strategy        PnL: 11:39:47 MTM=168.00 Profit=0.03%
2026-07-16 11:39:48 INFO     strategy        PnL: 11:39:48 MTM=132.00 Profit=0.02%
2026-07-16 11:39:49 INFO     strategy        PnL: 11:39:49 MTM=211.00 Profit=0.03%
2026-07-16 11:39:50 INFO     strategy        PnL: 11:39:50 MTM=149.00 Profit=0.02%
2026-07-16 11:39:51 INFO     strategy        PnL: 11:39:51 MTM=140.00 Profit=0.02%
2026-07-16 11:39:52 INFO     strategy        PnL: 11:39:52 MTM=127.00 Profit=0.02%
2026-07-16 11:39:53 INFO     strategy        PnL: 11:39:53 MTM=151.00 Profit=0.02%
2026-07-16 11:39:54 INFO     strategy        PnL: 11:39:54 MTM=183.00 Profit=0.03%
2026-07-16 11:39:55 INFO     strategy        PnL: 11:39:55 MTM=121.00 Profit=0.02%
2026-07-16 11:39:56 INFO     strategy        PnL: 11:39:56 MTM=185.00 Profit=0.03%
2026-07-16 11:39:57 INFO     strategy        PnL: 11:39:57 MTM=111.00 Profit=0.02%
2026-07-16 11:39:58 INFO     strategy        PnL: 11:39:58 MTM=194.00 Profit=0.03%
2026-07-16 11:39:59 INFO     strategy        PnL: 11:39:59 MTM=194.00 Profit=0.03%
2026-07-16 11:40:00 INFO     strategy        PnL: 11:40:00 MTM=155.00 Profit=0.02%
2026-07-16 11:40:01 INFO     strategy        PnL: 11:40:01 MTM=111.00 Profit=0.02%
2026-07-16 11:40:02 INFO     strategy        PnL: 11:40:02 MTM=194.00 Profit=0.03%
2026-07-16 11:40:03 INFO     strategy        PnL: 11:40:03 MTM=134.00 Profit=0.02%
2026-07-16 11:40:04 INFO     strategy        PnL: 11:40:04 MTM=124.00 Profit=0.02%
2026-07-16 11:40:05 INFO     strategy        PnL: 11:40:05 MTM=155.00 Profit=0.02%
2026-07-16 11:40:06 INFO     strategy        PnL: 11:40:06 MTM=140.00 Profit=0.02%
2026-07-16 11:40:07 INFO     strategy        PnL: 11:40:07 MTM=130.00 Profit=0.02%
2026-07-16 11:40:08 INFO     strategy        PnL: 11:40:08 MTM=151.00 Profit=0.02%
2026-07-16 11:40:09 INFO     strategy        PnL: 11:40:09 MTM=162.00 Profit=0.02%
2026-07-16 11:40:10 INFO     strategy        PnL: 11:40:10 MTM=162.00 Profit=0.02%
2026-07-16 11:40:11 INFO     strategy        PnL: 11:40:11 MTM=136.00 Profit=0.02%
2026-07-16 11:40:12 INFO     strategy        PnL: 11:40:12 MTM=169.00 Profit=0.03%
2026-07-16 11:40:13 INFO     strategy        PnL: 11:40:13 MTM=185.00 Profit=0.03%
2026-07-16 11:40:14 INFO     strategy        PnL: 11:40:14 MTM=184.00 Profit=0.03%
2026-07-16 11:40:15 INFO     strategy        PnL: 11:40:15 MTM=92.00 Profit=0.01%
2026-07-16 11:40:16 INFO     strategy        PnL: 11:40:16 MTM=156.00 Profit=0.02%
2026-07-16 11:40:17 INFO     strategy        PnL: 11:40:17 MTM=164.00 Profit=0.03%
2026-07-16 11:40:18 INFO     strategy        PnL: 11:40:18 MTM=163.00 Profit=0.03%
2026-07-16 11:40:19 INFO     strategy        PnL: 11:40:19 MTM=157.00 Profit=0.02%
2026-07-16 11:40:20 INFO     strategy        PnL: 11:40:20 MTM=133.00 Profit=0.02%
2026-07-16 11:40:21 INFO     strategy        PnL: 11:40:21 MTM=123.00 Profit=0.02%
2026-07-16 11:40:22 INFO     strategy        PnL: 11:40:22 MTM=91.00 Profit=0.01%
2026-07-16 11:40:23 INFO     strategy        PnL: 11:40:23 MTM=17.00 Profit=0.00%
2026-07-16 11:40:24 INFO     strategy        PnL: 11:40:24 MTM=98.00 Profit=0.02%
2026-07-16 11:40:25 INFO     strategy        PnL: 11:40:25 MTM=54.00 Profit=0.01%
2026-07-16 11:40:26 INFO     strategy        PnL: 11:40:26 MTM=68.00 Profit=0.01%
2026-07-16 11:40:27 INFO     strategy        PnL: 11:40:27 MTM=51.00 Profit=0.01%
2026-07-16 11:40:28 INFO     strategy        PnL: 11:40:28 MTM=106.00 Profit=0.02%
2026-07-16 11:40:29 INFO     strategy        PnL: 11:40:29 MTM=149.00 Profit=0.02%
2026-07-16 11:40:30 INFO     strategy        PnL: 11:40:30 MTM=70.00 Profit=0.01%
2026-07-16 11:40:31 INFO     strategy        PnL: 11:40:31 MTM=84.00 Profit=0.01%
2026-07-16 11:40:32 INFO     strategy        PnL: 11:40:32 MTM=58.00 Profit=0.01%
2026-07-16 11:40:33 INFO     strategy        PnL: 11:40:33 MTM=87.00 Profit=0.01%
2026-07-16 11:40:34 INFO     strategy        PnL: 11:40:34 MTM=106.00 Profit=0.02%
2026-07-16 11:40:35 INFO     strategy        PnL: 11:40:35 MTM=62.00 Profit=0.01%
2026-07-16 11:40:36 INFO     strategy        PnL: 11:40:36 MTM=36.00 Profit=0.01%
2026-07-16 11:40:37 INFO     strategy        PnL: 11:40:37 MTM=105.00 Profit=0.02%
2026-07-16 11:40:38 INFO     strategy        PnL: 11:40:38 MTM=75.00 Profit=0.01%
2026-07-16 11:40:39 INFO     strategy        PnL: 11:40:39 MTM=48.00 Profit=0.01%
2026-07-16 11:40:40 INFO     strategy        PnL: 11:40:40 MTM=64.00 Profit=0.01%
2026-07-16 11:40:41 INFO     strategy        PnL: 11:40:41 MTM=84.00 Profit=0.01%
2026-07-16 11:40:42 INFO     strategy        PnL: 11:40:42 MTM=64.00 Profit=0.01%
2026-07-16 11:40:43 INFO     strategy        PnL: 11:40:43 MTM=127.00 Profit=0.02%
2026-07-16 11:40:44 INFO     strategy        PnL: 11:40:44 MTM=39.00 Profit=0.01%
2026-07-16 11:40:45 INFO     strategy        PnL: 11:40:45 MTM=33.00 Profit=0.01%
2026-07-16 11:40:46 INFO     strategy        PnL: 11:40:46 MTM=26.00 Profit=0.00%
2026-07-16 11:40:47 INFO     strategy        PnL: 11:40:47 MTM=71.00 Profit=0.01%
2026-07-16 11:40:48 INFO     strategy        PnL: 11:40:48 MTM=55.00 Profit=0.01%
2026-07-16 11:40:49 INFO     strategy        PnL: 11:40:49 MTM=88.00 Profit=0.01%
2026-07-16 11:40:50 INFO     strategy        PnL: 11:40:50 MTM=94.00 Profit=0.01%
2026-07-16 11:40:51 INFO     strategy        PnL: 11:40:51 MTM=98.00 Profit=0.02%
2026-07-16 11:40:52 INFO     strategy        PnL: 11:40:52 MTM=113.00 Profit=0.02%
2026-07-16 11:40:53 INFO     strategy        PnL: 11:40:53 MTM=117.00 Profit=0.02%
2026-07-16 11:40:54 INFO     strategy        PnL: 11:40:54 MTM=139.00 Profit=0.02%
2026-07-16 11:40:55 INFO     strategy        PnL: 11:40:55 MTM=139.00 Profit=0.02%
2026-07-16 11:40:56 INFO     strategy        PnL: 11:40:56 MTM=113.00 Profit=0.02%
2026-07-16 11:40:57 INFO     strategy        PnL: 11:40:57 MTM=83.00 Profit=0.01%
2026-07-16 11:40:58 INFO     strategy        PnL: 11:40:58 MTM=134.00 Profit=0.02%
2026-07-16 11:40:59 INFO     strategy        PnL: 11:40:59 MTM=116.00 Profit=0.02%
2026-07-16 11:41:00 INFO     strategy        PnL: 11:41:00 MTM=146.00 Profit=0.02%
2026-07-16 11:41:01 INFO     strategy        PnL: 11:41:01 MTM=87.00 Profit=0.01%
2026-07-16 11:41:02 INFO     strategy        PnL: 11:41:02 MTM=88.00 Profit=0.01%
2026-07-16 11:41:04 INFO     strategy        PnL: 11:41:03 MTM=90.00 Profit=0.01%
2026-07-16 11:41:04 INFO     strategy        PnL: 11:41:04 MTM=107.00 Profit=0.02%
2026-07-16 11:41:06 INFO     strategy        PnL: 11:41:06 MTM=77.00 Profit=0.01%
2026-07-16 11:41:07 INFO     strategy        PnL: 11:41:07 MTM=97.00 Profit=0.01%
2026-07-16 11:41:08 INFO     strategy        PnL: 11:41:08 MTM=84.00 Profit=0.01%
2026-07-16 11:41:09 INFO     strategy        PnL: 11:41:09 MTM=81.00 Profit=0.01%
2026-07-16 11:41:10 INFO     strategy        PnL: 11:41:10 MTM=91.00 Profit=0.01%
2026-07-16 11:41:11 INFO     strategy        PnL: 11:41:11 MTM=88.00 Profit=0.01%
2026-07-16 11:41:12 INFO     strategy        PnL: 11:41:12 MTM=147.00 Profit=0.02%
2026-07-16 11:41:13 INFO     strategy        PnL: 11:41:13 MTM=127.00 Profit=0.02%
2026-07-16 11:41:14 INFO     strategy        PnL: 11:41:14 MTM=121.00 Profit=0.02%
2026-07-16 11:41:15 INFO     strategy        PnL: 11:41:15 MTM=114.00 Profit=0.02%
2026-07-16 11:41:16 INFO     strategy        PnL: 11:41:16 MTM=119.00 Profit=0.02%
2026-07-16 11:41:17 INFO     strategy        PnL: 11:41:17 MTM=94.00 Profit=0.01%
2026-07-16 11:41:18 INFO     strategy        PnL: 11:41:18 MTM=99.00 Profit=0.02%
2026-07-16 11:41:19 INFO     strategy        PnL: 11:41:19 MTM=132.00 Profit=0.02%
2026-07-16 11:41:20 INFO     strategy        PnL: 11:41:20 MTM=112.00 Profit=0.02%
2026-07-16 11:41:21 INFO     strategy        PnL: 11:41:21 MTM=125.00 Profit=0.02%
2026-07-16 11:41:22 INFO     strategy        PnL: 11:41:22 MTM=144.00 Profit=0.02%
2026-07-16 11:41:23 INFO     strategy        PnL: 11:41:23 MTM=68.00 Profit=0.01%
2026-07-16 11:41:24 INFO     strategy        PnL: 11:41:24 MTM=92.00 Profit=0.01%
2026-07-16 11:41:25 INFO     strategy        PnL: 11:41:25 MTM=93.00 Profit=0.01%
2026-07-16 11:41:26 INFO     strategy        PnL: 11:41:26 MTM=67.00 Profit=0.01%
2026-07-16 11:41:27 INFO     strategy        PnL: 11:41:27 MTM=67.00 Profit=0.01%
2026-07-16 11:41:28 INFO     strategy        PnL: 11:41:28 MTM=78.00 Profit=0.01%
2026-07-16 11:41:29 INFO     strategy        PnL: 11:41:29 MTM=51.00 Profit=0.01%
2026-07-16 11:41:30 INFO     strategy        PnL: 11:41:30 MTM=84.00 Profit=0.01%
2026-07-16 11:41:31 INFO     strategy        PnL: 11:41:31 MTM=113.00 Profit=0.02%
2026-07-16 11:41:32 INFO     strategy        PnL: 11:41:32 MTM=49.00 Profit=0.01%
2026-07-16 11:41:33 INFO     strategy        PnL: 11:41:33 MTM=48.00 Profit=0.01%
2026-07-16 11:41:34 INFO     strategy        PnL: 11:41:34 MTM=17.00 Profit=0.00%
2026-07-16 11:41:35 INFO     strategy        PnL: 11:41:35 MTM=81.00 Profit=0.01%
2026-07-16 11:41:36 INFO     strategy        PnL: 11:41:36 MTM=72.00 Profit=0.01%
2026-07-16 11:41:37 INFO     strategy        PnL: 11:41:37 MTM=68.00 Profit=0.01%
2026-07-16 11:41:38 INFO     strategy        PnL: 11:41:38 MTM=60.00 Profit=0.01%
2026-07-16 11:41:39 INFO     strategy        PnL: 11:41:39 MTM=54.00 Profit=0.01%
2026-07-16 11:41:40 INFO     strategy        PnL: 11:41:40 MTM=38.00 Profit=0.01%
2026-07-16 11:41:41 INFO     strategy        PnL: 11:41:41 MTM=43.00 Profit=0.01%
2026-07-16 11:41:42 INFO     strategy        PnL: 11:41:42 MTM=52.00 Profit=0.01%
2026-07-16 11:41:43 INFO     strategy        PnL: 11:41:43 MTM=53.00 Profit=0.01%
2026-07-16 11:41:44 INFO     strategy        PnL: 11:41:44 MTM=85.00 Profit=0.01%
2026-07-16 11:41:45 INFO     strategy        PnL: 11:41:45 MTM=101.00 Profit=0.02%
2026-07-16 11:41:46 INFO     strategy        PnL: 11:41:46 MTM=131.00 Profit=0.02%
2026-07-16 11:41:47 INFO     strategy        PnL: 11:41:47 MTM=75.00 Profit=0.01%
2026-07-16 11:41:48 INFO     strategy        PnL: 11:41:48 MTM=101.00 Profit=0.02%
2026-07-16 11:41:49 INFO     strategy        PnL: 11:41:49 MTM=77.00 Profit=0.01%
2026-07-16 11:41:50 INFO     strategy        PnL: 11:41:50 MTM=95.00 Profit=0.01%
2026-07-16 11:41:51 INFO     strategy        PnL: 11:41:51 MTM=83.00 Profit=0.01%
2026-07-16 11:41:52 INFO     strategy        PnL: 11:41:52 MTM=69.00 Profit=0.01%
2026-07-16 11:41:53 INFO     strategy        PnL: 11:41:53 MTM=121.00 Profit=0.02%
2026-07-16 11:41:54 INFO     strategy        PnL: 11:41:54 MTM=73.00 Profit=0.01%
2026-07-16 11:41:55 INFO     strategy        PnL: 11:41:55 MTM=73.00 Profit=0.01%
2026-07-16 11:41:56 INFO     strategy        PnL: 11:41:56 MTM=58.00 Profit=0.01%
2026-07-16 11:41:57 INFO     strategy        PnL: 11:41:57 MTM=93.00 Profit=0.01%
2026-07-16 11:41:58 INFO     strategy        PnL: 11:41:58 MTM=70.00 Profit=0.01%
2026-07-16 11:41:59 INFO     strategy        PnL: 11:41:59 MTM=124.00 Profit=0.02%
2026-07-16 11:42:00 INFO     strategy        PnL: 11:42:00 MTM=100.00 Profit=0.02%
2026-07-16 11:42:01 INFO     strategy        PnL: 11:42:01 MTM=95.00 Profit=0.01%
2026-07-16 11:42:02 INFO     strategy        PnL: 11:42:02 MTM=70.00 Profit=0.01%
2026-07-16 11:42:03 INFO     strategy        PnL: 11:42:03 MTM=99.00 Profit=0.02%
2026-07-16 11:42:04 INFO     strategy        PnL: 11:42:04 MTM=47.00 Profit=0.01%
2026-07-16 11:42:05 INFO     strategy        PnL: 11:42:05 MTM=83.00 Profit=0.01%
2026-07-16 11:42:06 INFO     strategy        PnL: 11:42:06 MTM=74.00 Profit=0.01%
2026-07-16 11:42:07 INFO     strategy        PnL: 11:42:07 MTM=98.00 Profit=0.02%
2026-07-16 11:42:08 INFO     strategy        PnL: 11:42:08 MTM=120.00 Profit=0.02%
2026-07-16 11:42:09 INFO     strategy        PnL: 11:42:09 MTM=104.00 Profit=0.02%
2026-07-16 11:42:10 INFO     strategy        PnL: 11:42:10 MTM=125.00 Profit=0.02%
2026-07-16 11:42:11 INFO     strategy        PnL: 11:42:11 MTM=128.00 Profit=0.02%
2026-07-16 11:42:12 INFO     strategy        PnL: 11:42:12 MTM=68.00 Profit=0.01%
2026-07-16 11:42:13 INFO     strategy        PnL: 11:42:13 MTM=201.00 Profit=0.03%
2026-07-16 11:42:14 INFO     strategy        PnL: 11:42:14 MTM=183.00 Profit=0.03%
2026-07-16 11:42:15 INFO     strategy        PnL: 11:42:15 MTM=153.00 Profit=0.02%
2026-07-16 11:42:16 INFO     strategy        PnL: 11:42:16 MTM=146.00 Profit=0.02%
2026-07-16 11:42:17 INFO     strategy        PnL: 11:42:17 MTM=159.00 Profit=0.02%
2026-07-16 11:42:18 INFO     strategy        PnL: 11:42:18 MTM=148.00 Profit=0.02%
2026-07-16 11:42:19 INFO     strategy        PnL: 11:42:19 MTM=152.00 Profit=0.02%
2026-07-16 11:42:20 INFO     strategy        PnL: 11:42:20 MTM=132.00 Profit=0.02%
2026-07-16 11:42:21 INFO     strategy        PnL: 11:42:21 MTM=146.00 Profit=0.02%
2026-07-16 11:42:22 INFO     strategy        PnL: 11:42:22 MTM=149.00 Profit=0.02%
2026-07-16 11:42:23 INFO     strategy        PnL: 11:42:23 MTM=151.00 Profit=0.02%
2026-07-16 11:42:24 INFO     strategy        PnL: 11:42:24 MTM=167.00 Profit=0.03%
2026-07-16 11:42:25 INFO     strategy        PnL: 11:42:25 MTM=155.00 Profit=0.02%
2026-07-16 11:42:26 INFO     strategy        PnL: 11:42:26 MTM=164.00 Profit=0.03%
2026-07-16 11:42:27 INFO     strategy        PnL: 11:42:27 MTM=155.00 Profit=0.02%
2026-07-16 11:42:28 INFO     strategy        PnL: 11:42:28 MTM=168.00 Profit=0.03%
2026-07-16 11:42:29 INFO     strategy        PnL: 11:42:29 MTM=184.00 Profit=0.03%
2026-07-16 11:42:30 INFO     strategy        PnL: 11:42:30 MTM=140.00 Profit=0.02%
2026-07-16 11:42:31 INFO     strategy        PnL: 11:42:31 MTM=124.00 Profit=0.02%
2026-07-16 11:42:32 INFO     strategy        PnL: 11:42:32 MTM=183.00 Profit=0.03%
2026-07-16 11:42:33 INFO     strategy        PnL: 11:42:33 MTM=127.00 Profit=0.02%
2026-07-16 11:42:34 INFO     strategy        PnL: 11:42:34 MTM=165.00 Profit=0.03%
2026-07-16 11:42:35 INFO     strategy        PnL: 11:42:35 MTM=192.00 Profit=0.03%
2026-07-16 11:42:36 INFO     strategy        PnL: 11:42:36 MTM=166.00 Profit=0.03%
2026-07-16 11:42:37 INFO     strategy        PnL: 11:42:37 MTM=151.00 Profit=0.02%
2026-07-16 11:42:38 INFO     strategy        PnL: 11:42:38 MTM=226.00 Profit=0.03%
2026-07-16 11:42:39 INFO     strategy        PnL: 11:42:39 MTM=231.00 Profit=0.04%
2026-07-16 11:42:40 INFO     strategy        PnL: 11:42:40 MTM=211.00 Profit=0.03%
2026-07-16 11:42:41 INFO     strategy        PnL: 11:42:41 MTM=267.00 Profit=0.04%
2026-07-16 11:42:42 INFO     strategy        PnL: 11:42:42 MTM=232.00 Profit=0.04%
2026-07-16 11:42:43 INFO     strategy        PnL: 11:42:43 MTM=238.00 Profit=0.04%
2026-07-16 11:42:44 INFO     strategy        PnL: 11:42:44 MTM=284.00 Profit=0.04%
2026-07-16 11:42:45 INFO     strategy        PnL: 11:42:45 MTM=306.00 Profit=0.05%
2026-07-16 11:42:46 INFO     strategy        PnL: 11:42:46 MTM=280.00 Profit=0.04%
2026-07-16 11:42:47 INFO     strategy        PnL: 11:42:47 MTM=302.00 Profit=0.05%
2026-07-16 11:42:48 INFO     strategy        PnL: 11:42:48 MTM=275.00 Profit=0.04%
2026-07-16 11:42:49 INFO     strategy        PnL: 11:42:49 MTM=232.00 Profit=0.04%
2026-07-16 11:42:50 INFO     strategy        PnL: 11:42:50 MTM=320.00 Profit=0.05%
2026-07-16 11:42:51 INFO     strategy        PnL: 11:42:51 MTM=290.00 Profit=0.04%
2026-07-16 11:42:52 INFO     strategy        PnL: 11:42:52 MTM=272.00 Profit=0.04%
2026-07-16 11:42:53 INFO     strategy        PnL: 11:42:53 MTM=265.00 Profit=0.04%
2026-07-16 11:42:54 INFO     strategy        PnL: 11:42:54 MTM=261.00 Profit=0.04%
2026-07-16 11:42:55 INFO     strategy        PnL: 11:42:55 MTM=274.00 Profit=0.04%
2026-07-16 11:42:56 INFO     strategy        PnL: 11:42:56 MTM=250.00 Profit=0.04%
2026-07-16 11:42:57 INFO     strategy        PnL: 11:42:57 MTM=283.00 Profit=0.04%
2026-07-16 11:42:58 INFO     strategy        PnL: 11:42:58 MTM=271.00 Profit=0.04%
2026-07-16 11:42:59 INFO     strategy        PnL: 11:42:59 MTM=264.00 Profit=0.04%
2026-07-16 11:43:01 INFO     strategy        PnL: 11:43:01 MTM=251.00 Profit=0.04%
2026-07-16 11:43:02 INFO     strategy        PnL: 11:43:02 MTM=267.00 Profit=0.04%
2026-07-16 11:43:03 INFO     strategy        PnL: 11:43:03 MTM=291.00 Profit=0.04%
2026-07-16 11:43:04 INFO     strategy        PnL: 11:43:04 MTM=265.00 Profit=0.04%
2026-07-16 11:43:05 INFO     strategy        PnL: 11:43:05 MTM=292.00 Profit=0.05%
2026-07-16 11:43:06 INFO     strategy        PnL: 11:43:06 MTM=288.00 Profit=0.04%
2026-07-16 11:43:07 INFO     strategy        PnL: 11:43:07 MTM=270.00 Profit=0.04%
2026-07-16 11:43:08 INFO     strategy        PnL: 11:43:08 MTM=304.00 Profit=0.05%
2026-07-16 11:43:09 INFO     strategy        PnL: 11:43:09 MTM=311.00 Profit=0.05%
2026-07-16 11:43:10 INFO     strategy        PnL: 11:43:10 MTM=291.00 Profit=0.04%
2026-07-16 11:43:11 INFO     strategy        PnL: 11:43:11 MTM=315.00 Profit=0.05%
2026-07-16 11:43:12 INFO     strategy        PnL: 11:43:12 MTM=312.00 Profit=0.05%
2026-07-16 11:43:13 INFO     strategy        PnL: 11:43:13 MTM=305.00 Profit=0.05%
2026-07-16 11:43:14 INFO     strategy        PnL: 11:43:14 MTM=297.00 Profit=0.05%
2026-07-16 11:43:15 INFO     strategy        PnL: 11:43:15 MTM=288.00 Profit=0.04%
2026-07-16 11:43:16 INFO     strategy        PnL: 11:43:16 MTM=269.00 Profit=0.04%
2026-07-16 11:43:17 INFO     strategy        PnL: 11:43:17 MTM=280.00 Profit=0.04%
2026-07-16 11:43:18 INFO     strategy        PnL: 11:43:18 MTM=229.00 Profit=0.04%
2026-07-16 11:43:19 INFO     strategy        PnL: 11:43:19 MTM=277.00 Profit=0.04%
2026-07-16 11:43:20 INFO     strategy        PnL: 11:43:20 MTM=310.00 Profit=0.05%
2026-07-16 11:43:21 INFO     strategy        PnL: 11:43:21 MTM=301.00 Profit=0.05%
2026-07-16 11:43:22 INFO     strategy        PnL: 11:43:22 MTM=301.00 Profit=0.05%
2026-07-16 11:43:23 INFO     strategy        PnL: 11:43:23 MTM=401.00 Profit=0.06%
2026-07-16 11:43:24 INFO     strategy        PnL: 11:43:24 MTM=261.00 Profit=0.04%
2026-07-16 11:43:25 INFO     strategy        PnL: 11:43:25 MTM=295.00 Profit=0.05%
2026-07-16 11:43:26 INFO     strategy        PnL: 11:43:26 MTM=292.00 Profit=0.05%
2026-07-16 11:43:27 INFO     strategy        PnL: 11:43:27 MTM=352.00 Profit=0.05%
2026-07-16 11:43:28 INFO     strategy        PnL: 11:43:28 MTM=299.00 Profit=0.05%
2026-07-16 11:43:29 INFO     strategy        PnL: 11:43:29 MTM=294.00 Profit=0.05%
2026-07-16 11:43:30 INFO     strategy        PnL: 11:43:30 MTM=296.00 Profit=0.05%
2026-07-16 11:43:31 INFO     strategy        PnL: 11:43:31 MTM=264.00 Profit=0.04%
2026-07-16 11:43:32 INFO     strategy        PnL: 11:43:32 MTM=274.00 Profit=0.04%
2026-07-16 11:43:33 INFO     strategy        PnL: 11:43:33 MTM=282.00 Profit=0.04%
2026-07-16 11:43:34 INFO     strategy        PnL: 11:43:34 MTM=270.00 Profit=0.04%
2026-07-16 11:43:35 INFO     strategy        PnL: 11:43:35 MTM=279.00 Profit=0.04%
2026-07-16 11:43:36 INFO     strategy        PnL: 11:43:36 MTM=273.00 Profit=0.04%
2026-07-16 11:43:37 INFO     strategy        PnL: 11:43:37 MTM=291.00 Profit=0.04%
2026-07-16 11:43:38 INFO     strategy        PnL: 11:43:38 MTM=308.00 Profit=0.05%
2026-07-16 11:43:39 INFO     strategy        PnL: 11:43:39 MTM=305.00 Profit=0.05%
2026-07-16 11:43:40 INFO     strategy        PnL: 11:43:40 MTM=307.00 Profit=0.05%
2026-07-16 11:43:41 INFO     strategy        PnL: 11:43:41 MTM=282.00 Profit=0.04%
2026-07-16 11:43:42 INFO     strategy        PnL: 11:43:42 MTM=361.00 Profit=0.06%
2026-07-16 11:43:43 INFO     strategy        PnL: 11:43:43 MTM=313.00 Profit=0.05%
2026-07-16 11:43:44 INFO     strategy        PnL: 11:43:44 MTM=324.00 Profit=0.05%
2026-07-16 11:43:45 INFO     strategy        PnL: 11:43:45 MTM=308.00 Profit=0.05%
2026-07-16 11:43:46 INFO     strategy        PnL: 11:43:46 MTM=287.00 Profit=0.04%
2026-07-16 11:43:47 INFO     strategy        PnL: 11:43:47 MTM=287.00 Profit=0.04%
2026-07-16 11:43:48 INFO     strategy        PnL: 11:43:48 MTM=294.00 Profit=0.05%
2026-07-16 11:43:49 INFO     strategy        PnL: 11:43:49 MTM=301.00 Profit=0.05%
2026-07-16 11:43:50 INFO     strategy        PnL: 11:43:50 MTM=310.00 Profit=0.05%
2026-07-16 11:43:51 INFO     strategy        PnL: 11:43:51 MTM=332.00 Profit=0.05%
2026-07-16 11:43:52 INFO     strategy        PnL: 11:43:52 MTM=312.00 Profit=0.05%
2026-07-16 11:43:53 INFO     strategy        PnL: 11:43:53 MTM=349.00 Profit=0.05%
2026-07-16 11:43:54 INFO     strategy        PnL: 11:43:54 MTM=304.00 Profit=0.05%
2026-07-16 11:43:55 INFO     strategy        PnL: 11:43:55 MTM=344.00 Profit=0.05%
2026-07-16 11:43:56 INFO     strategy        PnL: 11:43:56 MTM=350.00 Profit=0.05%
2026-07-16 11:43:57 INFO     strategy        PnL: 11:43:57 MTM=343.00 Profit=0.05%
2026-07-16 11:43:58 INFO     strategy        PnL: 11:43:58 MTM=349.00 Profit=0.05%
2026-07-16 11:43:59 INFO     strategy        PnL: 11:43:59 MTM=342.00 Profit=0.05%
2026-07-16 11:44:00 INFO     strategy        PnL: 11:44:00 MTM=340.00 Profit=0.05%
2026-07-16 11:44:01 INFO     strategy        PnL: 11:44:01 MTM=315.00 Profit=0.05%
2026-07-16 11:44:02 INFO     strategy        PnL: 11:44:02 MTM=319.00 Profit=0.05%
2026-07-16 11:44:03 INFO     strategy        PnL: 11:44:03 MTM=320.00 Profit=0.05%
2026-07-16 11:44:04 INFO     strategy        PnL: 11:44:04 MTM=358.00 Profit=0.06%
2026-07-16 11:44:05 INFO     strategy        PnL: 11:44:05 MTM=363.00 Profit=0.06%
2026-07-16 11:44:06 INFO     strategy        PnL: 11:44:06 MTM=375.00 Profit=0.06%
2026-07-16 11:44:07 INFO     strategy        PnL: 11:44:07 MTM=364.00 Profit=0.06%
2026-07-16 11:44:08 INFO     strategy        PnL: 11:44:08 MTM=374.00 Profit=0.06%
2026-07-16 11:44:09 INFO     strategy        PnL: 11:44:09 MTM=324.00 Profit=0.05%
2026-07-16 11:44:10 INFO     strategy        PnL: 11:44:10 MTM=343.00 Profit=0.05%
2026-07-16 11:44:11 INFO     strategy        PnL: 11:44:11 MTM=335.00 Profit=0.05%
2026-07-16 11:44:12 INFO     strategy        PnL: 11:44:12 MTM=348.00 Profit=0.05%
2026-07-16 11:44:13 INFO     strategy        PnL: 11:44:13 MTM=318.00 Profit=0.05%
2026-07-16 11:44:14 INFO     strategy        PnL: 11:44:14 MTM=377.00 Profit=0.06%
2026-07-16 11:44:15 INFO     strategy        PnL: 11:44:15 MTM=328.00 Profit=0.05%
2026-07-16 11:44:16 INFO     strategy        PnL: 11:44:16 MTM=333.00 Profit=0.05%
2026-07-16 11:44:17 INFO     strategy        PnL: 11:44:17 MTM=331.00 Profit=0.05%
2026-07-16 11:44:18 INFO     strategy        PnL: 11:44:18 MTM=331.00 Profit=0.05%
2026-07-16 11:44:19 INFO     strategy        PnL: 11:44:19 MTM=342.00 Profit=0.05%
2026-07-16 11:44:20 INFO     strategy        PnL: 11:44:20 MTM=342.00 Profit=0.05%
2026-07-16 11:44:21 INFO     strategy        PnL: 11:44:21 MTM=341.00 Profit=0.05%
2026-07-16 11:44:22 INFO     strategy        PnL: 11:44:22 MTM=348.00 Profit=0.05%
2026-07-16 11:44:23 INFO     strategy        PnL: 11:44:23 MTM=319.00 Profit=0.05%
2026-07-16 11:44:24 INFO     strategy        PnL: 11:44:24 MTM=342.00 Profit=0.05%
2026-07-16 11:44:25 INFO     strategy        PnL: 11:44:25 MTM=325.00 Profit=0.05%
2026-07-16 11:44:26 INFO     strategy        PnL: 11:44:26 MTM=403.00 Profit=0.06%
2026-07-16 11:44:27 INFO     strategy        PnL: 11:44:27 MTM=239.00 Profit=0.04%
2026-07-16 11:44:28 INFO     strategy        PnL: 11:44:28 MTM=239.00 Profit=0.04%
2026-07-16 11:44:29 INFO     strategy        PnL: 11:44:29 MTM=324.00 Profit=0.05%
2026-07-16 11:44:30 INFO     strategy        PnL: 11:44:30 MTM=302.00 Profit=0.05%
2026-07-16 11:44:31 INFO     strategy        PnL: 11:44:31 MTM=319.00 Profit=0.05%
2026-07-16 11:44:32 INFO     strategy        PnL: 11:44:32 MTM=320.00 Profit=0.05%
2026-07-16 11:44:33 INFO     strategy        PnL: 11:44:33 MTM=298.00 Profit=0.05%
2026-07-16 11:44:34 INFO     strategy        PnL: 11:44:34 MTM=330.00 Profit=0.05%
2026-07-16 11:44:35 INFO     strategy        PnL: 11:44:35 MTM=328.00 Profit=0.05%
2026-07-16 11:44:36 INFO     strategy        PnL: 11:44:36 MTM=312.00 Profit=0.05%
2026-07-16 11:44:37 INFO     strategy        PnL: 11:44:37 MTM=298.00 Profit=0.05%
2026-07-16 11:44:38 INFO     strategy        PnL: 11:44:38 MTM=308.00 Profit=0.05%
2026-07-16 11:44:39 INFO     strategy        PnL: 11:44:39 MTM=298.00 Profit=0.05%
2026-07-16 11:44:40 INFO     strategy        PnL: 11:44:40 MTM=298.00 Profit=0.05%
2026-07-16 11:44:41 INFO     strategy        PnL: 11:44:41 MTM=323.00 Profit=0.05%
2026-07-16 11:44:42 INFO     strategy        PnL: 11:44:42 MTM=317.00 Profit=0.05%
2026-07-16 11:44:43 INFO     strategy        PnL: 11:44:43 MTM=361.00 Profit=0.06%
2026-07-16 11:44:44 INFO     strategy        PnL: 11:44:44 MTM=326.00 Profit=0.05%
2026-07-16 11:44:45 INFO     strategy        PnL: 11:44:45 MTM=339.00 Profit=0.05%
2026-07-16 11:44:46 INFO     strategy        PnL: 11:44:46 MTM=322.00 Profit=0.05%
2026-07-16 11:44:48 INFO     strategy        PnL: 11:44:48 MTM=328.00 Profit=0.05%
2026-07-16 11:44:49 INFO     strategy        PnL: 11:44:49 MTM=314.00 Profit=0.05%
2026-07-16 11:44:50 INFO     strategy        PnL: 11:44:50 MTM=334.00 Profit=0.05%
2026-07-16 11:44:51 INFO     strategy        PnL: 11:44:51 MTM=324.00 Profit=0.05%
2026-07-16 11:44:52 INFO     strategy        PnL: 11:44:52 MTM=329.00 Profit=0.05%
2026-07-16 11:44:53 INFO     strategy        PnL: 11:44:53 MTM=350.00 Profit=0.05%
2026-07-16 11:44:54 INFO     strategy        PnL: 11:44:54 MTM=364.00 Profit=0.06%
2026-07-16 11:44:55 INFO     strategy        PnL: 11:44:55 MTM=334.00 Profit=0.05%
2026-07-16 11:44:56 INFO     strategy        PnL: 11:44:56 MTM=343.00 Profit=0.05%
2026-07-16 11:44:57 INFO     strategy        PnL: 11:44:57 MTM=311.00 Profit=0.05%
2026-07-16 11:44:58 INFO     strategy        PnL: 11:44:58 MTM=303.00 Profit=0.05%
2026-07-16 11:44:59 INFO     strategy        PnL: 11:44:59 MTM=324.00 Profit=0.05%
2026-07-16 11:45:00 INFO     strategy        PnL: 11:45:00 MTM=301.00 Profit=0.05%
2026-07-16 11:45:01 INFO     strategy        PnL: 11:45:01 MTM=317.00 Profit=0.05%
2026-07-16 11:45:02 INFO     strategy        PnL: 11:45:02 MTM=334.00 Profit=0.05%
2026-07-16 11:45:03 INFO     strategy        PnL: 11:45:03 MTM=330.00 Profit=0.05%
2026-07-16 11:45:04 INFO     strategy        PnL: 11:45:04 MTM=330.00 Profit=0.05%
2026-07-16 11:45:05 INFO     strategy        PnL: 11:45:05 MTM=372.00 Profit=0.06%
2026-07-16 11:45:06 INFO     strategy        PnL: 11:45:06 MTM=362.00 Profit=0.06%
2026-07-16 11:45:07 INFO     strategy        PnL: 11:45:07 MTM=350.00 Profit=0.05%
2026-07-16 11:45:08 INFO     strategy        PnL: 11:45:08 MTM=336.00 Profit=0.05%
2026-07-16 11:45:09 INFO     strategy        PnL: 11:45:09 MTM=332.00 Profit=0.05%
2026-07-16 11:45:10 INFO     strategy        PnL: 11:45:10 MTM=340.00 Profit=0.05%
2026-07-16 11:45:11 INFO     strategy        PnL: 11:45:11 MTM=343.00 Profit=0.05%
2026-07-16 11:45:12 INFO     strategy        PnL: 11:45:12 MTM=300.00 Profit=0.05%
2026-07-16 11:45:13 INFO     strategy        PnL: 11:45:13 MTM=295.00 Profit=0.05%
2026-07-16 11:45:14 INFO     strategy        PnL: 11:45:14 MTM=338.00 Profit=0.05%
2026-07-16 11:45:15 INFO     strategy        PnL: 11:45:15 MTM=334.00 Profit=0.05%
2026-07-16 11:45:16 INFO     strategy        PnL: 11:45:16 MTM=346.00 Profit=0.05%
2026-07-16 11:45:17 INFO     strategy        PnL: 11:45:17 MTM=333.00 Profit=0.05%
2026-07-16 11:45:18 INFO     strategy        PnL: 11:45:18 MTM=349.00 Profit=0.05%
2026-07-16 11:45:19 INFO     strategy        PnL: 11:45:19 MTM=346.00 Profit=0.05%
2026-07-16 11:45:20 INFO     strategy        PnL: 11:45:20 MTM=333.00 Profit=0.05%
2026-07-16 11:45:21 INFO     strategy        PnL: 11:45:21 MTM=320.00 Profit=0.05%
2026-07-16 11:45:22 INFO     strategy        PnL: 11:45:22 MTM=302.00 Profit=0.05%
2026-07-16 11:45:23 INFO     strategy        PnL: 11:45:23 MTM=322.00 Profit=0.05%
2026-07-16 11:45:24 INFO     strategy        PnL: 11:45:24 MTM=320.00 Profit=0.05%
2026-07-16 11:45:25 INFO     strategy        PnL: 11:45:25 MTM=353.00 Profit=0.05%
2026-07-16 11:45:26 INFO     strategy        PnL: 11:45:26 MTM=315.00 Profit=0.05%
2026-07-16 11:45:27 INFO     strategy        PnL: 11:45:27 MTM=319.00 Profit=0.05%
2026-07-16 11:45:28 INFO     strategy        PnL: 11:45:28 MTM=320.00 Profit=0.05%
2026-07-16 11:45:29 INFO     strategy        PnL: 11:45:29 MTM=345.00 Profit=0.05%
2026-07-16 11:45:30 INFO     strategy        PnL: 11:45:30 MTM=267.00 Profit=0.04%
2026-07-16 11:45:31 INFO     strategy        PnL: 11:45:31 MTM=349.00 Profit=0.05%
2026-07-16 11:45:32 INFO     strategy        PnL: 11:45:32 MTM=308.00 Profit=0.05%
2026-07-16 11:45:33 INFO     strategy        PnL: 11:45:33 MTM=340.00 Profit=0.05%
2026-07-16 11:45:34 INFO     strategy        PnL: 11:45:34 MTM=335.00 Profit=0.05%
2026-07-16 11:45:35 INFO     strategy        PnL: 11:45:35 MTM=323.00 Profit=0.05%
2026-07-16 11:45:36 INFO     strategy        PnL: 11:45:36 MTM=326.00 Profit=0.05%
2026-07-16 11:45:37 INFO     strategy        PnL: 11:45:37 MTM=325.00 Profit=0.05%
2026-07-16 11:45:38 INFO     strategy        PnL: 11:45:38 MTM=337.00 Profit=0.05%
2026-07-16 11:45:39 INFO     strategy        PnL: 11:45:39 MTM=349.00 Profit=0.05%
2026-07-16 11:45:40 INFO     strategy        PnL: 11:45:40 MTM=338.00 Profit=0.05%
2026-07-16 11:45:41 INFO     strategy        PnL: 11:45:41 MTM=339.00 Profit=0.05%
2026-07-16 11:45:42 INFO     strategy        PnL: 11:45:42 MTM=359.00 Profit=0.06%
2026-07-16 11:45:43 INFO     strategy        PnL: 11:45:43 MTM=352.00 Profit=0.05%
2026-07-16 11:45:44 INFO     strategy        PnL: 11:45:44 MTM=372.00 Profit=0.06%
2026-07-16 11:45:45 INFO     strategy        PnL: 11:45:45 MTM=372.00 Profit=0.06%
2026-07-16 11:45:46 INFO     strategy        PnL: 11:45:46 MTM=330.00 Profit=0.05%
2026-07-16 11:45:47 INFO     strategy        PnL: 11:45:47 MTM=337.00 Profit=0.05%
2026-07-16 11:45:48 INFO     strategy        PnL: 11:45:48 MTM=334.00 Profit=0.05%
2026-07-16 11:45:49 INFO     strategy        PnL: 11:45:49 MTM=295.00 Profit=0.05%
2026-07-16 11:45:50 INFO     strategy        PnL: 11:45:50 MTM=342.00 Profit=0.05%
2026-07-16 11:45:51 INFO     strategy        PnL: 11:45:51 MTM=342.00 Profit=0.05%
2026-07-16 11:45:52 INFO     strategy        PnL: 11:45:52 MTM=351.00 Profit=0.05%
2026-07-16 11:45:53 INFO     strategy        PnL: 11:45:53 MTM=312.00 Profit=0.05%
2026-07-16 11:45:54 INFO     strategy        PnL: 11:45:54 MTM=375.00 Profit=0.06%
2026-07-16 11:45:55 INFO     strategy        PnL: 11:45:55 MTM=329.00 Profit=0.05%
2026-07-16 11:45:56 INFO     strategy        PnL: 11:45:56 MTM=324.00 Profit=0.05%
2026-07-16 11:45:57 INFO     strategy        PnL: 11:45:57 MTM=365.00 Profit=0.06%
2026-07-16 11:45:58 INFO     strategy        PnL: 11:45:58 MTM=346.00 Profit=0.05%
2026-07-16 11:45:59 INFO     strategy        PnL: 11:45:59 MTM=301.00 Profit=0.05%
2026-07-16 11:46:00 INFO     strategy        PnL: 11:46:00 MTM=316.00 Profit=0.05%
2026-07-16 11:46:01 INFO     strategy        PnL: 11:46:01 MTM=325.00 Profit=0.05%
2026-07-16 11:46:02 INFO     strategy        PnL: 11:46:02 MTM=318.00 Profit=0.05%
2026-07-16 11:46:03 INFO     strategy        PnL: 11:46:03 MTM=326.00 Profit=0.05%
2026-07-16 11:46:04 INFO     strategy        PnL: 11:46:04 MTM=318.00 Profit=0.05%
2026-07-16 11:46:05 INFO     strategy        PnL: 11:46:05 MTM=345.00 Profit=0.05%
2026-07-16 11:46:06 INFO     strategy        PnL: 11:46:06 MTM=333.00 Profit=0.05%
2026-07-16 11:46:07 INFO     strategy        PnL: 11:46:07 MTM=356.00 Profit=0.05%
2026-07-16 11:46:08 INFO     strategy        PnL: 11:46:08 MTM=332.00 Profit=0.05%
2026-07-16 11:46:09 INFO     strategy        PnL: 11:46:09 MTM=340.00 Profit=0.05%
2026-07-16 11:46:10 INFO     strategy        PnL: 11:46:10 MTM=333.00 Profit=0.05%
2026-07-16 11:46:11 INFO     strategy        PnL: 11:46:11 MTM=337.00 Profit=0.05%
2026-07-16 11:46:12 INFO     strategy        PnL: 11:46:12 MTM=336.00 Profit=0.05%
2026-07-16 11:46:13 INFO     strategy        PnL: 11:46:13 MTM=355.00 Profit=0.05%
2026-07-16 11:46:14 INFO     strategy        PnL: 11:46:14 MTM=324.00 Profit=0.05%
2026-07-16 11:46:15 INFO     strategy        PnL: 11:46:15 MTM=368.00 Profit=0.06%
2026-07-16 11:46:16 INFO     strategy        PnL: 11:46:16 MTM=347.00 Profit=0.05%
2026-07-16 11:46:17 INFO     strategy        PnL: 11:46:17 MTM=364.00 Profit=0.06%
2026-07-16 11:46:18 INFO     strategy        PnL: 11:46:18 MTM=371.00 Profit=0.06%
2026-07-16 11:46:19 INFO     strategy        PnL: 11:46:19 MTM=370.00 Profit=0.06%
2026-07-16 11:46:20 INFO     strategy        PnL: 11:46:20 MTM=385.00 Profit=0.06%
2026-07-16 11:46:21 INFO     strategy        PnL: 11:46:21 MTM=371.00 Profit=0.06%
2026-07-16 11:46:22 INFO     strategy        PnL: 11:46:22 MTM=380.00 Profit=0.06%
2026-07-16 11:46:24 INFO     strategy        PnL: 11:46:24 MTM=367.00 Profit=0.06%
2026-07-16 11:46:25 INFO     strategy        PnL: 11:46:25 MTM=376.00 Profit=0.06%
2026-07-16 11:46:26 INFO     strategy        PnL: 11:46:26 MTM=387.00 Profit=0.06%
2026-07-16 11:46:27 INFO     strategy        PnL: 11:46:27 MTM=366.00 Profit=0.06%
2026-07-16 11:46:28 INFO     strategy        PnL: 11:46:28 MTM=389.00 Profit=0.06%
2026-07-16 11:46:29 INFO     strategy        PnL: 11:46:29 MTM=384.00 Profit=0.06%
2026-07-16 11:46:30 INFO     strategy        PnL: 11:46:30 MTM=371.00 Profit=0.06%
2026-07-16 11:46:31 INFO     strategy        PnL: 11:46:31 MTM=363.00 Profit=0.06%
2026-07-16 11:46:32 INFO     strategy        PnL: 11:46:32 MTM=403.00 Profit=0.06%
2026-07-16 11:46:33 INFO     strategy        PnL: 11:46:33 MTM=399.00 Profit=0.06%
2026-07-16 11:46:34 INFO     strategy        PnL: 11:46:34 MTM=389.00 Profit=0.06%
2026-07-16 11:46:35 INFO     strategy        PnL: 11:46:35 MTM=392.00 Profit=0.06%
2026-07-16 11:46:36 INFO     strategy        PnL: 11:46:36 MTM=364.00 Profit=0.06%
2026-07-16 11:46:37 INFO     strategy        PnL: 11:46:37 MTM=382.00 Profit=0.06%
2026-07-16 11:46:38 INFO     strategy        PnL: 11:46:38 MTM=381.00 Profit=0.06%
2026-07-16 11:46:39 INFO     strategy        PnL: 11:46:39 MTM=386.00 Profit=0.06%
2026-07-16 11:46:40 INFO     strategy        PnL: 11:46:40 MTM=358.00 Profit=0.06%
2026-07-16 11:46:41 INFO     strategy        PnL: 11:46:41 MTM=362.00 Profit=0.06%
2026-07-16 11:46:42 INFO     strategy        PnL: 11:46:42 MTM=370.00 Profit=0.06%
2026-07-16 11:46:43 INFO     strategy        PnL: 11:46:43 MTM=342.00 Profit=0.05%
2026-07-16 11:46:44 INFO     strategy        PnL: 11:46:44 MTM=373.00 Profit=0.06%
2026-07-16 11:46:45 INFO     strategy        PnL: 11:46:45 MTM=318.00 Profit=0.05%
2026-07-16 11:46:46 INFO     strategy        PnL: 11:46:46 MTM=355.00 Profit=0.05%
2026-07-16 11:46:47 INFO     strategy        PnL: 11:46:47 MTM=351.00 Profit=0.05%
2026-07-16 11:46:48 INFO     strategy        PnL: 11:46:48 MTM=347.00 Profit=0.05%
2026-07-16 11:46:49 INFO     strategy        PnL: 11:46:49 MTM=348.00 Profit=0.05%
2026-07-16 11:46:50 INFO     strategy        PnL: 11:46:50 MTM=353.00 Profit=0.05%
2026-07-16 11:46:51 INFO     strategy        PnL: 11:46:51 MTM=303.00 Profit=0.05%
2026-07-16 11:46:52 INFO     strategy        PnL: 11:46:52 MTM=307.00 Profit=0.05%
2026-07-16 11:46:53 INFO     strategy        PnL: 11:46:53 MTM=309.00 Profit=0.05%
2026-07-16 11:46:54 INFO     strategy        PnL: 11:46:54 MTM=347.00 Profit=0.05%
2026-07-16 11:46:55 INFO     strategy        PnL: 11:46:55 MTM=289.00 Profit=0.04%
2026-07-16 11:46:56 INFO     strategy        PnL: 11:46:56 MTM=333.00 Profit=0.05%
2026-07-16 11:46:57 INFO     strategy        PnL: 11:46:57 MTM=297.00 Profit=0.05%
2026-07-16 11:46:58 INFO     strategy        PnL: 11:46:58 MTM=312.00 Profit=0.05%
2026-07-16 11:46:59 INFO     strategy        PnL: 11:46:59 MTM=335.00 Profit=0.05%
2026-07-16 11:47:00 INFO     strategy        PnL: 11:47:00 MTM=311.00 Profit=0.05%
2026-07-16 11:47:01 INFO     strategy        PnL: 11:47:01 MTM=287.00 Profit=0.04%
2026-07-16 11:47:02 INFO     strategy        PnL: 11:47:02 MTM=284.00 Profit=0.04%
2026-07-16 11:47:03 INFO     strategy        PnL: 11:47:03 MTM=305.00 Profit=0.05%
2026-07-16 11:47:04 INFO     strategy        PnL: 11:47:04 MTM=353.00 Profit=0.05%
2026-07-16 11:47:05 INFO     strategy        PnL: 11:47:05 MTM=274.00 Profit=0.04%
2026-07-16 11:47:06 INFO     strategy        PnL: 11:47:06 MTM=294.00 Profit=0.05%
2026-07-16 11:47:07 INFO     strategy        PnL: 11:47:07 MTM=315.00 Profit=0.05%
2026-07-16 11:47:08 INFO     strategy        PnL: 11:47:08 MTM=309.00 Profit=0.05%
2026-07-16 11:47:09 INFO     strategy        PnL: 11:47:09 MTM=290.00 Profit=0.04%
2026-07-16 11:47:10 INFO     strategy        PnL: 11:47:10 MTM=311.00 Profit=0.05%
2026-07-16 11:47:11 INFO     strategy        PnL: 11:47:11 MTM=299.00 Profit=0.05%
2026-07-16 11:47:12 INFO     strategy        PnL: 11:47:12 MTM=301.00 Profit=0.05%
2026-07-16 11:47:13 INFO     strategy        PnL: 11:47:13 MTM=345.00 Profit=0.05%
2026-07-16 11:47:14 INFO     strategy        PnL: 11:47:14 MTM=323.00 Profit=0.05%
2026-07-16 11:47:15 INFO     strategy        PnL: 11:47:15 MTM=321.00 Profit=0.05%
2026-07-16 11:47:16 INFO     strategy        PnL: 11:47:16 MTM=324.00 Profit=0.05%
2026-07-16 11:47:17 INFO     strategy        PnL: 11:47:17 MTM=329.00 Profit=0.05%
2026-07-16 11:47:18 INFO     strategy        PnL: 11:47:18 MTM=333.00 Profit=0.05%
2026-07-16 11:47:19 INFO     strategy        PnL: 11:47:19 MTM=323.00 Profit=0.05%
2026-07-16 11:47:20 INFO     strategy        PnL: 11:47:20 MTM=337.00 Profit=0.05%
2026-07-16 11:47:21 INFO     strategy        PnL: 11:47:21 MTM=341.00 Profit=0.05%
2026-07-16 11:47:22 INFO     strategy        PnL: 11:47:22 MTM=326.00 Profit=0.05%
2026-07-16 11:47:23 INFO     strategy        PnL: 11:47:23 MTM=324.00 Profit=0.05%
2026-07-16 11:47:24 INFO     strategy        PnL: 11:47:24 MTM=323.00 Profit=0.05%
2026-07-16 11:47:25 INFO     strategy        PnL: 11:47:25 MTM=333.00 Profit=0.05%
2026-07-16 11:47:26 INFO     strategy        PnL: 11:47:26 MTM=332.00 Profit=0.05%
2026-07-16 11:47:27 INFO     strategy        PnL: 11:47:27 MTM=330.00 Profit=0.05%
2026-07-16 11:47:28 INFO     strategy        PnL: 11:47:28 MTM=329.00 Profit=0.05%
2026-07-16 11:47:29 INFO     strategy        PnL: 11:47:29 MTM=331.00 Profit=0.05%
2026-07-16 11:47:30 INFO     strategy        PnL: 11:47:30 MTM=308.00 Profit=0.05%
2026-07-16 11:47:31 INFO     strategy        PnL: 11:47:31 MTM=356.00 Profit=0.05%
2026-07-16 11:47:32 INFO     strategy        PnL: 11:47:32 MTM=342.00 Profit=0.05%
2026-07-16 11:47:33 INFO     strategy        PnL: 11:47:33 MTM=352.00 Profit=0.05%
2026-07-16 11:47:34 INFO     strategy        PnL: 11:47:34 MTM=326.00 Profit=0.05%
2026-07-16 11:47:35 INFO     strategy        PnL: 11:47:35 MTM=347.00 Profit=0.05%
2026-07-16 11:47:36 INFO     strategy        PnL: 11:47:36 MTM=348.00 Profit=0.05%
2026-07-16 11:47:37 INFO     strategy        PnL: 11:47:37 MTM=365.00 Profit=0.06%
2026-07-16 11:47:38 INFO     strategy        PnL: 11:47:38 MTM=326.00 Profit=0.05%
2026-07-16 11:47:39 INFO     strategy        PnL: 11:47:39 MTM=366.00 Profit=0.06%
2026-07-16 11:47:40 INFO     strategy        PnL: 11:47:40 MTM=357.00 Profit=0.06%
2026-07-16 11:47:41 INFO     strategy        PnL: 11:47:41 MTM=372.00 Profit=0.06%
2026-07-16 11:47:42 INFO     strategy        PnL: 11:47:42 MTM=354.00 Profit=0.05%
2026-07-16 11:47:43 INFO     strategy        PnL: 11:47:43 MTM=337.00 Profit=0.05%
2026-07-16 11:47:44 INFO     strategy        PnL: 11:47:44 MTM=341.00 Profit=0.05%
2026-07-16 11:47:45 INFO     strategy        PnL: 11:47:45 MTM=346.00 Profit=0.05%
2026-07-16 11:47:46 INFO     strategy        PnL: 11:47:46 MTM=354.00 Profit=0.05%
2026-07-16 11:47:47 INFO     strategy        PnL: 11:47:47 MTM=351.00 Profit=0.05%
2026-07-16 11:47:48 INFO     strategy        PnL: 11:47:48 MTM=366.00 Profit=0.06%
2026-07-16 11:47:49 INFO     strategy        PnL: 11:47:49 MTM=356.00 Profit=0.05%
2026-07-16 11:47:50 INFO     strategy        PnL: 11:47:50 MTM=330.00 Profit=0.05%
2026-07-16 11:47:51 INFO     strategy        PnL: 11:47:51 MTM=375.00 Profit=0.06%
2026-07-16 11:47:52 INFO     strategy        PnL: 11:47:52 MTM=358.00 Profit=0.06%
2026-07-16 11:47:53 INFO     strategy        PnL: 11:47:53 MTM=359.00 Profit=0.06%
2026-07-16 11:47:54 INFO     strategy        PnL: 11:47:54 MTM=361.00 Profit=0.06%
2026-07-16 11:47:55 INFO     strategy        PnL: 11:47:55 MTM=376.00 Profit=0.06%
2026-07-16 11:47:56 INFO     strategy        PnL: 11:47:56 MTM=356.00 Profit=0.05%
2026-07-16 11:47:57 INFO     strategy        PnL: 11:47:57 MTM=363.00 Profit=0.06%
2026-07-16 11:47:58 INFO     strategy        PnL: 11:47:58 MTM=385.00 Profit=0.06%
2026-07-16 11:47:59 INFO     strategy        PnL: 11:47:59 MTM=348.00 Profit=0.05%
2026-07-16 11:48:00 INFO     strategy        PnL: 11:48:00 MTM=357.00 Profit=0.06%
2026-07-16 11:48:01 INFO     strategy        PnL: 11:48:01 MTM=359.00 Profit=0.06%
2026-07-16 11:48:02 INFO     strategy        PnL: 11:48:02 MTM=363.00 Profit=0.06%
2026-07-16 11:48:03 INFO     strategy        PnL: 11:48:03 MTM=339.00 Profit=0.05%
2026-07-16 11:48:04 INFO     strategy        PnL: 11:48:04 MTM=352.00 Profit=0.05%
2026-07-16 11:48:05 INFO     strategy        PnL: 11:48:05 MTM=340.00 Profit=0.05%
2026-07-16 11:48:06 INFO     strategy        PnL: 11:48:06 MTM=320.00 Profit=0.05%
2026-07-16 11:48:07 INFO     strategy        PnL: 11:48:07 MTM=308.00 Profit=0.05%
2026-07-16 11:48:08 INFO     strategy        PnL: 11:48:08 MTM=355.00 Profit=0.05%
2026-07-16 11:48:09 INFO     strategy        PnL: 11:48:09 MTM=336.00 Profit=0.05%
2026-07-16 11:48:10 INFO     strategy        PnL: 11:48:10 MTM=344.00 Profit=0.05%
2026-07-16 11:48:11 INFO     strategy        PnL: 11:48:11 MTM=342.00 Profit=0.05%
2026-07-16 11:48:12 INFO     strategy        PnL: 11:48:12 MTM=312.00 Profit=0.05%
2026-07-16 11:48:13 INFO     strategy        PnL: 11:48:13 MTM=365.00 Profit=0.06%
2026-07-16 11:48:14 INFO     strategy        PnL: 11:48:14 MTM=332.00 Profit=0.05%
2026-07-16 11:48:15 INFO     strategy        PnL: 11:48:15 MTM=344.00 Profit=0.05%
2026-07-16 11:48:16 INFO     strategy        PnL: 11:48:16 MTM=309.00 Profit=0.05%
2026-07-16 11:48:17 INFO     strategy        PnL: 11:48:17 MTM=308.00 Profit=0.05%
2026-07-16 11:48:19 INFO     strategy        PnL: 11:48:19 MTM=341.00 Profit=0.05%
2026-07-16 11:48:20 INFO     strategy        PnL: 11:48:20 MTM=319.00 Profit=0.05%
2026-07-16 11:48:20 INFO     strategy        PnL: 11:48:20 MTM=335.00 Profit=0.05%
2026-07-16 11:48:22 INFO     strategy        PnL: 11:48:22 MTM=348.00 Profit=0.05%
2026-07-16 11:48:23 INFO     strategy        PnL: 11:48:23 MTM=334.00 Profit=0.05%
2026-07-16 11:48:24 INFO     strategy        PnL: 11:48:24 MTM=347.00 Profit=0.05%
2026-07-16 11:48:25 INFO     strategy        PnL: 11:48:25 MTM=334.00 Profit=0.05%
2026-07-16 11:48:26 INFO     strategy        PnL: 11:48:26 MTM=345.00 Profit=0.05%
2026-07-16 11:48:27 INFO     strategy        PnL: 11:48:27 MTM=393.00 Profit=0.06%
2026-07-16 11:48:28 INFO     strategy        PnL: 11:48:28 MTM=323.00 Profit=0.05%
2026-07-16 11:48:29 INFO     strategy        PnL: 11:48:29 MTM=338.00 Profit=0.05%
2026-07-16 11:48:30 INFO     strategy        PnL: 11:48:30 MTM=334.00 Profit=0.05%
2026-07-16 11:48:31 INFO     strategy        PnL: 11:48:31 MTM=354.00 Profit=0.05%
2026-07-16 11:48:32 INFO     strategy        PnL: 11:48:32 MTM=361.00 Profit=0.06%
2026-07-16 11:48:33 INFO     strategy        PnL: 11:48:33 MTM=353.00 Profit=0.05%
2026-07-16 11:48:34 INFO     strategy        PnL: 11:48:34 MTM=410.00 Profit=0.06%
2026-07-16 11:48:35 INFO     strategy        PnL: 11:48:35 MTM=339.00 Profit=0.05%
2026-07-16 11:48:36 INFO     strategy        PnL: 11:48:36 MTM=368.00 Profit=0.06%
2026-07-16 11:48:37 INFO     strategy        PnL: 11:48:37 MTM=365.00 Profit=0.06%
2026-07-16 11:48:38 INFO     strategy        PnL: 11:48:38 MTM=345.00 Profit=0.05%
2026-07-16 11:48:39 INFO     strategy        PnL: 11:48:39 MTM=369.00 Profit=0.06%
2026-07-16 11:48:40 INFO     strategy        PnL: 11:48:40 MTM=373.00 Profit=0.06%
2026-07-16 11:48:41 INFO     strategy        PnL: 11:48:41 MTM=380.00 Profit=0.06%
2026-07-16 11:48:42 INFO     strategy        PnL: 11:48:42 MTM=387.00 Profit=0.06%
2026-07-16 11:48:43 INFO     strategy        PnL: 11:48:43 MTM=365.00 Profit=0.06%
2026-07-16 11:48:44 INFO     strategy        PnL: 11:48:44 MTM=383.00 Profit=0.06%
2026-07-16 11:48:45 INFO     strategy        PnL: 11:48:45 MTM=384.00 Profit=0.06%
2026-07-16 11:48:46 INFO     strategy        PnL: 11:48:46 MTM=400.00 Profit=0.06%
2026-07-16 11:48:47 INFO     strategy        PnL: 11:48:47 MTM=365.00 Profit=0.06%
2026-07-16 11:48:48 INFO     strategy        PnL: 11:48:48 MTM=384.00 Profit=0.06%
2026-07-16 11:48:49 INFO     strategy        PnL: 11:48:49 MTM=372.00 Profit=0.06%
2026-07-16 11:48:50 INFO     strategy        PnL: 11:48:50 MTM=396.00 Profit=0.06%
2026-07-16 11:48:51 INFO     strategy        PnL: 11:48:51 MTM=389.00 Profit=0.06%
2026-07-16 11:48:52 INFO     strategy        PnL: 11:48:52 MTM=388.00 Profit=0.06%
2026-07-16 11:48:53 INFO     strategy        PnL: 11:48:53 MTM=383.00 Profit=0.06%
2026-07-16 11:48:54 INFO     strategy        PnL: 11:48:54 MTM=400.00 Profit=0.06%
2026-07-16 11:48:55 INFO     strategy        PnL: 11:48:55 MTM=397.00 Profit=0.06%
2026-07-16 11:48:56 INFO     strategy        PnL: 11:48:56 MTM=398.00 Profit=0.06%
2026-07-16 11:48:57 INFO     strategy        PnL: 11:48:57 MTM=395.00 Profit=0.06%
2026-07-16 11:48:58 INFO     strategy        PnL: 11:48:58 MTM=375.00 Profit=0.06%
2026-07-16 11:48:59 INFO     strategy        PnL: 11:48:59 MTM=399.00 Profit=0.06%
2026-07-16 11:49:00 INFO     strategy        PnL: 11:49:00 MTM=361.00 Profit=0.06%
2026-07-16 11:49:01 INFO     strategy        PnL: 11:49:01 MTM=367.00 Profit=0.06%
2026-07-16 11:49:02 INFO     strategy        PnL: 11:49:02 MTM=358.00 Profit=0.06%
2026-07-16 11:49:03 INFO     strategy        PnL: 11:49:03 MTM=366.00 Profit=0.06%
2026-07-16 11:49:04 INFO     strategy        PnL: 11:49:04 MTM=397.00 Profit=0.06%
2026-07-16 11:49:05 INFO     strategy        PnL: 11:49:05 MTM=398.00 Profit=0.06%
2026-07-16 11:49:06 INFO     strategy        PnL: 11:49:06 MTM=419.00 Profit=0.06%
2026-07-16 11:49:07 INFO     strategy        PnL: 11:49:07 MTM=398.00 Profit=0.06%
2026-07-16 11:49:08 INFO     strategy        PnL: 11:49:08 MTM=401.00 Profit=0.06%
2026-07-16 11:49:09 INFO     strategy        PnL: 11:49:09 MTM=417.00 Profit=0.06%
2026-07-16 11:49:10 INFO     strategy        PnL: 11:49:10 MTM=386.00 Profit=0.06%
2026-07-16 11:49:11 INFO     strategy        PnL: 11:49:11 MTM=393.00 Profit=0.06%
2026-07-16 11:49:12 INFO     strategy        PnL: 11:49:12 MTM=404.00 Profit=0.06%
2026-07-16 11:49:13 INFO     strategy        PnL: 11:49:13 MTM=403.00 Profit=0.06%
2026-07-16 11:49:14 INFO     strategy        PnL: 11:49:14 MTM=390.00 Profit=0.06%
2026-07-16 11:49:15 INFO     strategy        PnL: 11:49:15 MTM=396.00 Profit=0.06%
2026-07-16 11:49:16 INFO     strategy        PnL: 11:49:16 MTM=375.00 Profit=0.06%
2026-07-16 11:49:17 INFO     strategy        PnL: 11:49:17 MTM=415.00 Profit=0.06%
2026-07-16 11:49:18 INFO     strategy        PnL: 11:49:18 MTM=382.00 Profit=0.06%
2026-07-16 11:49:19 INFO     strategy        PnL: 11:49:19 MTM=368.00 Profit=0.06%
2026-07-16 11:49:20 INFO     strategy        PnL: 11:49:20 MTM=375.00 Profit=0.06%
2026-07-16 11:49:21 INFO     strategy        PnL: 11:49:21 MTM=377.00 Profit=0.06%
2026-07-16 11:49:22 INFO     strategy        PnL: 11:49:22 MTM=377.00 Profit=0.06%
2026-07-16 11:49:23 INFO     strategy        PnL: 11:49:23 MTM=371.00 Profit=0.06%
2026-07-16 11:49:24 INFO     strategy        PnL: 11:49:24 MTM=326.00 Profit=0.05%
2026-07-16 11:49:25 INFO     strategy        PnL: 11:49:25 MTM=362.00 Profit=0.06%
2026-07-16 11:49:26 INFO     strategy        PnL: 11:49:26 MTM=341.00 Profit=0.05%
2026-07-16 11:49:27 INFO     strategy        PnL: 11:49:27 MTM=359.00 Profit=0.06%
2026-07-16 11:49:28 INFO     strategy        PnL: 11:49:28 MTM=353.00 Profit=0.05%
2026-07-16 11:49:29 INFO     strategy        PnL: 11:49:29 MTM=344.00 Profit=0.05%
2026-07-16 11:49:30 INFO     strategy        PnL: 11:49:30 MTM=326.00 Profit=0.05%
2026-07-16 11:49:31 INFO     strategy        PnL: 11:49:31 MTM=332.00 Profit=0.05%
2026-07-16 11:49:32 INFO     strategy        PnL: 11:49:32 MTM=337.00 Profit=0.05%
2026-07-16 11:49:33 INFO     strategy        PnL: 11:49:33 MTM=321.00 Profit=0.05%
2026-07-16 11:49:34 INFO     strategy        PnL: 11:49:34 MTM=325.00 Profit=0.05%
2026-07-16 11:49:35 INFO     strategy        PnL: 11:49:35 MTM=339.00 Profit=0.05%
2026-07-16 11:49:36 INFO     strategy        PnL: 11:49:36 MTM=340.00 Profit=0.05%
2026-07-16 11:49:37 INFO     strategy        PnL: 11:49:37 MTM=308.00 Profit=0.05%
2026-07-16 11:49:38 INFO     strategy        PnL: 11:49:38 MTM=340.00 Profit=0.05%
2026-07-16 11:49:39 INFO     strategy        PnL: 11:49:39 MTM=352.00 Profit=0.05%
2026-07-16 11:49:40 INFO     strategy        PnL: 11:49:40 MTM=355.00 Profit=0.05%
2026-07-16 11:49:41 INFO     strategy        PnL: 11:49:41 MTM=359.00 Profit=0.06%
2026-07-16 11:49:42 INFO     strategy        PnL: 11:49:42 MTM=373.00 Profit=0.06%
2026-07-16 11:49:43 INFO     strategy        PnL: 11:49:43 MTM=340.00 Profit=0.05%
2026-07-16 11:49:44 INFO     strategy        PnL: 11:49:44 MTM=342.00 Profit=0.05%
2026-07-16 11:49:45 INFO     strategy        PnL: 11:49:45 MTM=354.00 Profit=0.05%
2026-07-16 11:49:46 INFO     strategy        PnL: 11:49:46 MTM=383.00 Profit=0.06%
2026-07-16 11:49:47 INFO     strategy        PnL: 11:49:47 MTM=344.00 Profit=0.05%
2026-07-16 11:49:48 INFO     strategy        PnL: 11:49:48 MTM=333.00 Profit=0.05%
2026-07-16 11:49:49 INFO     strategy        PnL: 11:49:49 MTM=342.00 Profit=0.05%
2026-07-16 11:49:50 INFO     strategy        PnL: 11:49:50 MTM=356.00 Profit=0.05%
2026-07-16 11:49:51 INFO     strategy        PnL: 11:49:51 MTM=348.00 Profit=0.05%
2026-07-16 11:49:52 INFO     strategy        PnL: 11:49:52 MTM=350.00 Profit=0.05%
2026-07-16 11:49:53 INFO     strategy        PnL: 11:49:53 MTM=360.00 Profit=0.06%
2026-07-16 11:49:54 INFO     strategy        PnL: 11:49:54 MTM=368.00 Profit=0.06%
2026-07-16 11:49:55 INFO     strategy        PnL: 11:49:55 MTM=354.00 Profit=0.05%
2026-07-16 11:49:56 INFO     strategy        PnL: 11:49:56 MTM=330.00 Profit=0.05%
2026-07-16 11:49:57 INFO     strategy        PnL: 11:49:57 MTM=331.00 Profit=0.05%
2026-07-16 11:49:58 INFO     strategy        PnL: 11:49:58 MTM=377.00 Profit=0.06%
2026-07-16 11:49:59 INFO     strategy        PnL: 11:49:59 MTM=361.00 Profit=0.06%
2026-07-16 11:50:00 INFO     strategy        PnL: 11:50:00 MTM=359.00 Profit=0.06%
2026-07-16 11:50:01 INFO     strategy        PnL: 11:50:01 MTM=381.00 Profit=0.06%
2026-07-16 11:50:02 INFO     strategy        PnL: 11:50:02 MTM=366.00 Profit=0.06%
2026-07-16 11:50:04 INFO     strategy        PnL: 11:50:04 MTM=368.00 Profit=0.06%
2026-07-16 11:50:05 INFO     strategy        PnL: 11:50:05 MTM=378.00 Profit=0.06%
2026-07-16 11:50:06 INFO     strategy        PnL: 11:50:06 MTM=372.00 Profit=0.06%
2026-07-16 11:50:07 INFO     strategy        PnL: 11:50:07 MTM=341.00 Profit=0.05%
2026-07-16 11:50:08 INFO     strategy        PnL: 11:50:08 MTM=373.00 Profit=0.06%
2026-07-16 11:50:09 INFO     strategy        PnL: 11:50:09 MTM=380.00 Profit=0.06%
2026-07-16 11:50:10 INFO     strategy        PnL: 11:50:10 MTM=384.00 Profit=0.06%
2026-07-16 11:50:11 INFO     strategy        PnL: 11:50:11 MTM=368.00 Profit=0.06%
2026-07-16 11:50:12 INFO     strategy        PnL: 11:50:12 MTM=373.00 Profit=0.06%
2026-07-16 11:50:13 INFO     strategy        PnL: 11:50:13 MTM=371.00 Profit=0.06%
2026-07-16 11:50:14 INFO     strategy        PnL: 11:50:14 MTM=378.00 Profit=0.06%
2026-07-16 11:50:15 INFO     strategy        PnL: 11:50:15 MTM=379.00 Profit=0.06%
2026-07-16 11:50:16 INFO     strategy        PnL: 11:50:16 MTM=371.00 Profit=0.06%
2026-07-16 11:50:17 INFO     strategy        PnL: 11:50:17 MTM=364.00 Profit=0.06%
2026-07-16 11:50:18 INFO     strategy        PnL: 11:50:18 MTM=370.00 Profit=0.06%
2026-07-16 11:50:19 INFO     strategy        PnL: 11:50:19 MTM=361.00 Profit=0.06%
2026-07-16 11:50:20 INFO     strategy        PnL: 11:50:20 MTM=382.00 Profit=0.06%
2026-07-16 11:50:21 INFO     strategy        PnL: 11:50:21 MTM=380.00 Profit=0.06%
2026-07-16 11:50:22 INFO     strategy        PnL: 11:50:22 MTM=364.00 Profit=0.06%
2026-07-16 11:50:23 INFO     strategy        PnL: 11:50:23 MTM=364.00 Profit=0.06%
2026-07-16 11:50:24 INFO     strategy        PnL: 11:50:24 MTM=374.00 Profit=0.06%
2026-07-16 11:50:25 INFO     strategy        PnL: 11:50:25 MTM=393.00 Profit=0.06%
2026-07-16 11:50:26 INFO     strategy        PnL: 11:50:26 MTM=368.00 Profit=0.06%
2026-07-16 11:50:27 INFO     strategy        PnL: 11:50:27 MTM=373.00 Profit=0.06%
2026-07-16 11:50:28 INFO     strategy        PnL: 11:50:28 MTM=365.00 Profit=0.06%
2026-07-16 11:50:29 INFO     strategy        PnL: 11:50:29 MTM=373.00 Profit=0.06%
2026-07-16 11:50:30 INFO     strategy        PnL: 11:50:30 MTM=388.00 Profit=0.06%
2026-07-16 11:50:31 INFO     strategy        PnL: 11:50:31 MTM=361.00 Profit=0.06%
2026-07-16 11:50:32 INFO     strategy        PnL: 11:50:32 MTM=358.00 Profit=0.06%
2026-07-16 11:50:33 INFO     strategy        PnL: 11:50:33 MTM=375.00 Profit=0.06%
2026-07-16 11:50:34 INFO     strategy        PnL: 11:50:34 MTM=349.00 Profit=0.05%
2026-07-16 11:50:35 INFO     strategy        PnL: 11:50:35 MTM=391.00 Profit=0.06%
2026-07-16 11:50:36 INFO     strategy        PnL: 11:50:36 MTM=368.00 Profit=0.06%
2026-07-16 11:50:37 INFO     strategy        PnL: 11:50:37 MTM=373.00 Profit=0.06%
2026-07-16 11:50:38 INFO     strategy        PnL: 11:50:38 MTM=339.00 Profit=0.05%
2026-07-16 11:50:39 INFO     strategy        PnL: 11:50:39 MTM=389.00 Profit=0.06%
2026-07-16 11:50:40 INFO     strategy        PnL: 11:50:40 MTM=401.00 Profit=0.06%
2026-07-16 11:50:41 INFO     strategy        PnL: 11:50:41 MTM=431.00 Profit=0.07%
2026-07-16 11:50:42 INFO     strategy        PnL: 11:50:42 MTM=417.00 Profit=0.06%
2026-07-16 11:50:43 INFO     strategy        PnL: 11:50:43 MTM=409.00 Profit=0.06%
2026-07-16 11:50:44 INFO     strategy        PnL: 11:50:44 MTM=404.00 Profit=0.06%
2026-07-16 11:50:45 INFO     strategy        PnL: 11:50:45 MTM=449.00 Profit=0.07%
2026-07-16 11:50:46 INFO     strategy        PnL: 11:50:46 MTM=436.00 Profit=0.07%
2026-07-16 11:50:47 INFO     strategy        PnL: 11:50:47 MTM=490.00 Profit=0.08%
2026-07-16 11:50:48 INFO     strategy        PnL: 11:50:48 MTM=446.00 Profit=0.07%
2026-07-16 11:50:49 INFO     strategy        PnL: 11:50:49 MTM=449.00 Profit=0.07%
2026-07-16 11:50:50 INFO     strategy        PnL: 11:50:50 MTM=426.00 Profit=0.07%
2026-07-16 11:50:51 INFO     strategy        PnL: 11:50:51 MTM=467.00 Profit=0.07%
2026-07-16 11:50:52 INFO     strategy        PnL: 11:50:52 MTM=448.00 Profit=0.07%
2026-07-16 11:50:53 INFO     strategy        PnL: 11:50:53 MTM=455.00 Profit=0.07%
2026-07-16 11:50:54 INFO     strategy        PnL: 11:50:54 MTM=483.00 Profit=0.07%
2026-07-16 11:50:55 INFO     strategy        PnL: 11:50:55 MTM=432.00 Profit=0.07%
2026-07-16 11:50:56 INFO     strategy        PnL: 11:50:56 MTM=434.00 Profit=0.07%
2026-07-16 11:50:57 INFO     strategy        PnL: 11:50:57 MTM=451.00 Profit=0.07%
2026-07-16 11:50:58 INFO     strategy        PnL: 11:50:58 MTM=450.00 Profit=0.07%
2026-07-16 11:50:59 INFO     strategy        PnL: 11:50:59 MTM=464.00 Profit=0.07%
2026-07-16 11:51:00 INFO     strategy        PnL: 11:51:00 MTM=464.00 Profit=0.07%
2026-07-16 11:51:01 INFO     strategy        PnL: 11:51:01 MTM=459.00 Profit=0.07%
2026-07-16 11:51:02 INFO     strategy        PnL: 11:51:02 MTM=439.00 Profit=0.07%
2026-07-16 11:51:03 INFO     strategy        PnL: 11:51:03 MTM=461.00 Profit=0.07%
2026-07-16 11:51:04 INFO     strategy        PnL: 11:51:04 MTM=477.00 Profit=0.07%
2026-07-16 11:51:05 INFO     strategy        PnL: 11:51:05 MTM=478.00 Profit=0.07%
2026-07-16 11:51:06 INFO     strategy        PnL: 11:51:06 MTM=500.00 Profit=0.08%
2026-07-16 11:51:07 INFO     strategy        PnL: 11:51:07 MTM=492.00 Profit=0.08%
2026-07-16 11:51:08 INFO     strategy        PnL: 11:51:08 MTM=468.00 Profit=0.07%
2026-07-16 11:51:09 INFO     strategy        PnL: 11:51:09 MTM=436.00 Profit=0.07%
2026-07-16 11:51:10 INFO     strategy        PnL: 11:51:10 MTM=521.00 Profit=0.08%
2026-07-16 11:51:11 INFO     strategy        PnL: 11:51:11 MTM=477.00 Profit=0.07%
2026-07-16 11:51:12 INFO     strategy        PnL: 11:51:12 MTM=496.00 Profit=0.08%
2026-07-16 11:51:13 INFO     strategy        PnL: 11:51:13 MTM=498.00 Profit=0.08%
2026-07-16 11:51:14 INFO     strategy        PnL: 11:51:14 MTM=519.00 Profit=0.08%
2026-07-16 11:51:15 INFO     strategy        PnL: 11:51:15 MTM=495.00 Profit=0.08%
2026-07-16 11:51:16 INFO     strategy        PnL: 11:51:16 MTM=512.00 Profit=0.08%
2026-07-16 11:51:17 INFO     strategy        PnL: 11:51:17 MTM=508.00 Profit=0.08%
2026-07-16 11:51:18 INFO     strategy        PnL: 11:51:18 MTM=506.00 Profit=0.08%
2026-07-16 11:51:19 INFO     strategy        PnL: 11:51:19 MTM=518.00 Profit=0.08%
2026-07-16 11:51:20 INFO     strategy        PnL: 11:51:20 MTM=497.00 Profit=0.08%
2026-07-16 11:51:21 INFO     strategy        PnL: 11:51:21 MTM=514.00 Profit=0.08%
2026-07-16 11:51:22 INFO     strategy        PnL: 11:51:22 MTM=550.00 Profit=0.08%
2026-07-16 11:51:23 INFO     strategy        PnL: 11:51:23 MTM=507.00 Profit=0.08%
2026-07-16 11:51:24 INFO     strategy        PnL: 11:51:24 MTM=518.00 Profit=0.08%
2026-07-16 11:51:25 INFO     strategy        PnL: 11:51:25 MTM=497.00 Profit=0.08%
2026-07-16 11:51:26 INFO     strategy        PnL: 11:51:26 MTM=494.00 Profit=0.08%
2026-07-16 11:51:27 INFO     strategy        PnL: 11:51:27 MTM=486.00 Profit=0.07%
2026-07-16 11:51:28 INFO     strategy        PnL: 11:51:28 MTM=539.00 Profit=0.08%
2026-07-16 11:51:29 INFO     strategy        PnL: 11:51:29 MTM=477.00 Profit=0.07%
2026-07-16 11:51:30 INFO     strategy        PnL: 11:51:30 MTM=480.00 Profit=0.07%
2026-07-16 11:51:31 INFO     strategy        PnL: 11:51:31 MTM=476.00 Profit=0.07%
2026-07-16 11:51:32 INFO     strategy        PnL: 11:51:32 MTM=497.00 Profit=0.08%
2026-07-16 11:51:33 INFO     strategy        PnL: 11:51:33 MTM=488.00 Profit=0.08%
2026-07-16 11:51:34 INFO     strategy        PnL: 11:51:34 MTM=519.00 Profit=0.08%
2026-07-16 11:51:35 INFO     strategy        PnL: 11:51:35 MTM=489.00 Profit=0.08%
2026-07-16 11:51:36 INFO     strategy        PnL: 11:51:36 MTM=486.00 Profit=0.07%
2026-07-16 11:51:37 INFO     strategy        PnL: 11:51:37 MTM=488.00 Profit=0.08%
2026-07-16 11:51:38 INFO     strategy        PnL: 11:51:38 MTM=476.00 Profit=0.07%
2026-07-16 11:51:39 INFO     strategy        PnL: 11:51:39 MTM=478.00 Profit=0.07%
2026-07-16 11:51:40 INFO     strategy        PnL: 11:51:40 MTM=488.00 Profit=0.08%
2026-07-16 11:51:41 INFO     strategy        PnL: 11:51:41 MTM=442.00 Profit=0.07%
2026-07-16 11:51:42 INFO     strategy        PnL: 11:51:42 MTM=453.00 Profit=0.07%
2026-07-16 11:51:43 INFO     strategy        PnL: 11:51:43 MTM=450.00 Profit=0.07%
2026-07-16 11:51:44 INFO     strategy        PnL: 11:51:44 MTM=437.00 Profit=0.07%
2026-07-16 11:51:45 INFO     strategy        PnL: 11:51:45 MTM=458.00 Profit=0.07%
2026-07-16 11:51:46 INFO     strategy        PnL: 11:51:46 MTM=453.00 Profit=0.07%
2026-07-16 11:51:47 INFO     strategy        PnL: 11:51:47 MTM=451.00 Profit=0.07%
2026-07-16 11:51:48 INFO     strategy        PnL: 11:51:48 MTM=459.00 Profit=0.07%
2026-07-16 11:51:49 INFO     strategy        PnL: 11:51:49 MTM=458.00 Profit=0.07%
2026-07-16 11:51:50 INFO     strategy        PnL: 11:51:50 MTM=432.00 Profit=0.07%
2026-07-16 11:51:51 INFO     strategy        PnL: 11:51:51 MTM=430.00 Profit=0.07%
2026-07-16 11:51:52 INFO     strategy        PnL: 11:51:52 MTM=426.00 Profit=0.07%
2026-07-16 11:51:53 INFO     strategy        PnL: 11:51:53 MTM=466.00 Profit=0.07%
2026-07-16 11:51:54 INFO     strategy        PnL: 11:51:54 MTM=440.00 Profit=0.07%
2026-07-16 11:51:55 INFO     strategy        PnL: 11:51:55 MTM=414.00 Profit=0.06%
2026-07-16 11:51:56 INFO     strategy        PnL: 11:51:56 MTM=436.00 Profit=0.07%
2026-07-16 11:51:57 INFO     strategy        PnL: 11:51:57 MTM=451.00 Profit=0.07%
2026-07-16 11:51:58 INFO     strategy        PnL: 11:51:58 MTM=428.00 Profit=0.07%
2026-07-16 11:51:59 INFO     strategy        PnL: 11:51:59 MTM=429.00 Profit=0.07%
2026-07-16 11:52:00 INFO     strategy        PnL: 11:52:00 MTM=445.00 Profit=0.07%
2026-07-16 11:52:01 INFO     strategy        PnL: 11:52:01 MTM=413.00 Profit=0.06%
2026-07-16 11:52:02 INFO     strategy        PnL: 11:52:02 MTM=477.00 Profit=0.07%
2026-07-16 11:52:03 INFO     strategy        PnL: 11:52:03 MTM=440.00 Profit=0.07%
2026-07-16 11:52:05 INFO     strategy        PnL: 11:52:05 MTM=424.00 Profit=0.07%
2026-07-16 11:52:06 INFO     strategy        PnL: 11:52:06 MTM=469.00 Profit=0.07%
2026-07-16 11:52:07 INFO     strategy        PnL: 11:52:07 MTM=457.00 Profit=0.07%
2026-07-16 11:52:08 INFO     strategy        PnL: 11:52:08 MTM=462.00 Profit=0.07%
2026-07-16 11:52:09 INFO     strategy        PnL: 11:52:09 MTM=487.00 Profit=0.08%
2026-07-16 11:52:10 INFO     strategy        PnL: 11:52:10 MTM=451.00 Profit=0.07%
2026-07-16 11:52:11 INFO     strategy        PnL: 11:52:11 MTM=467.00 Profit=0.07%
2026-07-16 11:52:12 INFO     strategy        PnL: 11:52:12 MTM=422.00 Profit=0.07%
2026-07-16 11:52:13 INFO     strategy        PnL: 11:52:13 MTM=448.00 Profit=0.07%
2026-07-16 11:52:14 INFO     strategy        PnL: 11:52:14 MTM=438.00 Profit=0.07%
2026-07-16 11:52:15 INFO     strategy        PnL: 11:52:15 MTM=426.00 Profit=0.07%
2026-07-16 11:52:16 INFO     strategy        PnL: 11:52:16 MTM=432.00 Profit=0.07%
2026-07-16 11:52:17 INFO     strategy        PnL: 11:52:17 MTM=458.00 Profit=0.07%
2026-07-16 11:52:18 INFO     strategy        PnL: 11:52:18 MTM=453.00 Profit=0.07%
2026-07-16 11:52:19 INFO     strategy        PnL: 11:52:19 MTM=449.00 Profit=0.07%
2026-07-16 11:52:20 INFO     strategy        PnL: 11:52:20 MTM=437.00 Profit=0.07%
2026-07-16 11:52:21 INFO     strategy        PnL: 11:52:21 MTM=441.00 Profit=0.07%
2026-07-16 11:52:22 INFO     strategy        PnL: 11:52:22 MTM=437.00 Profit=0.07%
2026-07-16 11:52:23 INFO     strategy        PnL: 11:52:23 MTM=462.00 Profit=0.07%
2026-07-16 11:52:24 INFO     strategy        PnL: 11:52:24 MTM=461.00 Profit=0.07%
2026-07-16 11:52:25 INFO     strategy        PnL: 11:52:25 MTM=458.00 Profit=0.07%
2026-07-16 11:52:26 INFO     strategy        PnL: 11:52:26 MTM=457.00 Profit=0.07%
2026-07-16 11:52:27 INFO     strategy        PnL: 11:52:27 MTM=445.00 Profit=0.07%
2026-07-16 11:52:28 INFO     strategy        PnL: 11:52:28 MTM=440.00 Profit=0.07%
2026-07-16 11:52:29 INFO     strategy        PnL: 11:52:29 MTM=456.00 Profit=0.07%
2026-07-16 11:52:30 INFO     strategy        PnL: 11:52:30 MTM=422.00 Profit=0.07%
2026-07-16 11:52:31 INFO     strategy        PnL: 11:52:31 MTM=435.00 Profit=0.07%
2026-07-16 11:52:32 INFO     strategy        PnL: 11:52:32 MTM=447.00 Profit=0.07%
2026-07-16 11:52:33 INFO     strategy        PnL: 11:52:33 MTM=415.00 Profit=0.06%
2026-07-16 11:52:34 INFO     strategy        PnL: 11:52:34 MTM=443.00 Profit=0.07%
2026-07-16 11:52:35 INFO     strategy        PnL: 11:52:35 MTM=440.00 Profit=0.07%
2026-07-16 11:52:36 INFO     strategy        PnL: 11:52:36 MTM=457.00 Profit=0.07%
2026-07-16 11:52:37 INFO     strategy        PnL: 11:52:37 MTM=402.00 Profit=0.06%
2026-07-16 11:52:38 INFO     strategy        PnL: 11:52:38 MTM=397.00 Profit=0.06%
2026-07-16 11:52:39 INFO     strategy        PnL: 11:52:39 MTM=464.00 Profit=0.07%
2026-07-16 11:52:40 INFO     strategy        PnL: 11:52:40 MTM=430.00 Profit=0.07%
2026-07-16 11:52:41 INFO     strategy        PnL: 11:52:41 MTM=446.00 Profit=0.07%
2026-07-16 11:52:42 INFO     strategy        PnL: 11:52:42 MTM=470.00 Profit=0.07%
2026-07-16 11:52:43 INFO     strategy        PnL: 11:52:43 MTM=451.00 Profit=0.07%
2026-07-16 11:52:44 INFO     strategy        PnL: 11:52:44 MTM=449.00 Profit=0.07%
2026-07-16 11:52:45 INFO     strategy        PnL: 11:52:45 MTM=456.00 Profit=0.07%
2026-07-16 11:52:46 INFO     strategy        PnL: 11:52:46 MTM=446.00 Profit=0.07%
2026-07-16 11:52:47 INFO     strategy        PnL: 11:52:47 MTM=435.00 Profit=0.07%
2026-07-16 11:52:48 INFO     strategy        PnL: 11:52:48 MTM=476.00 Profit=0.07%
2026-07-16 11:52:49 INFO     strategy        PnL: 11:52:49 MTM=451.00 Profit=0.07%
2026-07-16 11:52:50 INFO     strategy        PnL: 11:52:50 MTM=450.00 Profit=0.07%
2026-07-16 11:52:51 INFO     strategy        PnL: 11:52:51 MTM=520.00 Profit=0.08%
2026-07-16 11:52:52 INFO     strategy        PnL: 11:52:52 MTM=459.00 Profit=0.07%
2026-07-16 11:52:53 INFO     strategy        PnL: 11:52:53 MTM=449.00 Profit=0.07%
2026-07-16 11:52:54 INFO     strategy        PnL: 11:52:54 MTM=446.00 Profit=0.07%
2026-07-16 11:52:55 INFO     strategy        PnL: 11:52:55 MTM=450.00 Profit=0.07%
2026-07-16 11:52:56 INFO     strategy        PnL: 11:52:56 MTM=450.00 Profit=0.07%
2026-07-16 11:52:57 INFO     strategy        PnL: 11:52:57 MTM=435.00 Profit=0.07%
2026-07-16 11:52:58 INFO     strategy        PnL: 11:52:58 MTM=443.00 Profit=0.07%
2026-07-16 11:52:59 INFO     strategy        PnL: 11:52:59 MTM=432.00 Profit=0.07%
2026-07-16 11:53:00 INFO     strategy        PnL: 11:53:00 MTM=448.00 Profit=0.07%
2026-07-16 11:53:01 INFO     strategy        PnL: 11:53:01 MTM=431.00 Profit=0.07%
2026-07-16 11:53:02 INFO     strategy        PnL: 11:53:02 MTM=421.00 Profit=0.06%
2026-07-16 11:53:03 INFO     strategy        PnL: 11:53:03 MTM=410.00 Profit=0.06%
2026-07-16 11:53:04 INFO     strategy        PnL: 11:53:04 MTM=413.00 Profit=0.06%
2026-07-16 11:53:05 INFO     strategy        PnL: 11:53:05 MTM=413.00 Profit=0.06%
2026-07-16 11:53:06 INFO     strategy        PnL: 11:53:06 MTM=400.00 Profit=0.06%
2026-07-16 11:53:07 INFO     strategy        PnL: 11:53:07 MTM=409.00 Profit=0.06%
2026-07-16 11:53:08 INFO     strategy        PnL: 11:53:08 MTM=424.00 Profit=0.07%
2026-07-16 11:53:09 INFO     strategy        PnL: 11:53:09 MTM=424.00 Profit=0.07%
2026-07-16 11:53:10 INFO     strategy        PnL: 11:53:10 MTM=434.00 Profit=0.07%
2026-07-16 11:53:11 INFO     strategy        PnL: 11:53:11 MTM=434.00 Profit=0.07%
2026-07-16 11:53:12 INFO     strategy        PnL: 11:53:12 MTM=430.00 Profit=0.07%
2026-07-16 11:53:13 INFO     strategy        PnL: 11:53:13 MTM=438.00 Profit=0.07%
2026-07-16 11:53:14 INFO     strategy        PnL: 11:53:14 MTM=437.00 Profit=0.07%
2026-07-16 11:53:15 INFO     strategy        PnL: 11:53:15 MTM=452.00 Profit=0.07%
2026-07-16 11:53:16 INFO     strategy        PnL: 11:53:16 MTM=434.00 Profit=0.07%
2026-07-16 11:53:17 INFO     strategy        PnL: 11:53:17 MTM=428.00 Profit=0.07%
2026-07-16 11:53:18 INFO     strategy        PnL: 11:53:18 MTM=414.00 Profit=0.06%
2026-07-16 11:53:19 INFO     strategy        PnL: 11:53:19 MTM=434.00 Profit=0.07%
2026-07-16 11:53:20 INFO     strategy        PnL: 11:53:20 MTM=444.00 Profit=0.07%
2026-07-16 11:53:21 INFO     strategy        PnL: 11:53:21 MTM=420.00 Profit=0.06%
2026-07-16 11:53:22 INFO     strategy        PnL: 11:53:22 MTM=407.00 Profit=0.06%
2026-07-16 11:53:23 INFO     strategy        PnL: 11:53:23 MTM=449.00 Profit=0.07%
2026-07-16 11:53:24 INFO     strategy        PnL: 11:53:24 MTM=439.00 Profit=0.07%
2026-07-16 11:53:25 INFO     strategy        PnL: 11:53:25 MTM=412.00 Profit=0.06%
2026-07-16 11:53:26 INFO     strategy        PnL: 11:53:26 MTM=397.00 Profit=0.06%
2026-07-16 11:53:27 INFO     strategy        PnL: 11:53:27 MTM=424.00 Profit=0.07%
2026-07-16 11:53:28 INFO     strategy        PnL: 11:53:28 MTM=407.00 Profit=0.06%
2026-07-16 11:53:29 INFO     strategy        PnL: 11:53:29 MTM=394.00 Profit=0.06%
2026-07-16 11:53:30 INFO     strategy        PnL: 11:53:30 MTM=430.00 Profit=0.07%
2026-07-16 11:53:31 INFO     strategy        PnL: 11:53:31 MTM=436.00 Profit=0.07%
2026-07-16 11:53:32 INFO     strategy        PnL: 11:53:32 MTM=441.00 Profit=0.07%
2026-07-16 11:53:33 INFO     strategy        PnL: 11:53:33 MTM=410.00 Profit=0.06%
2026-07-16 11:53:34 INFO     strategy        PnL: 11:53:34 MTM=416.00 Profit=0.06%
2026-07-16 11:53:35 INFO     strategy        PnL: 11:53:35 MTM=442.00 Profit=0.07%
2026-07-16 11:53:36 INFO     strategy        PnL: 11:53:36 MTM=462.00 Profit=0.07%
2026-07-16 11:53:37 INFO     strategy        PnL: 11:53:37 MTM=411.00 Profit=0.06%
2026-07-16 11:53:38 INFO     strategy        PnL: 11:53:38 MTM=401.00 Profit=0.06%
2026-07-16 11:53:39 INFO     strategy        PnL: 11:53:39 MTM=431.00 Profit=0.07%
2026-07-16 11:53:40 INFO     strategy        PnL: 11:53:40 MTM=443.00 Profit=0.07%
2026-07-16 11:53:41 INFO     strategy        PnL: 11:53:41 MTM=428.00 Profit=0.07%
2026-07-16 11:53:42 INFO     strategy        PnL: 11:53:42 MTM=417.00 Profit=0.06%
2026-07-16 11:53:43 INFO     strategy        PnL: 11:53:43 MTM=407.00 Profit=0.06%
2026-07-16 11:53:44 INFO     strategy        PnL: 11:53:44 MTM=426.00 Profit=0.07%
2026-07-16 11:53:45 INFO     strategy        PnL: 11:53:45 MTM=402.00 Profit=0.06%
2026-07-16 11:53:46 INFO     strategy        PnL: 11:53:46 MTM=409.00 Profit=0.06%
2026-07-16 11:53:47 INFO     strategy        PnL: 11:53:47 MTM=422.00 Profit=0.07%
2026-07-16 11:53:48 INFO     strategy        PnL: 11:53:48 MTM=422.00 Profit=0.07%
2026-07-16 11:53:49 INFO     strategy        PnL: 11:53:49 MTM=407.00 Profit=0.06%
2026-07-16 11:53:50 INFO     strategy        PnL: 11:53:50 MTM=434.00 Profit=0.07%
2026-07-16 11:53:51 INFO     strategy        PnL: 11:53:51 MTM=415.00 Profit=0.06%
2026-07-16 11:53:52 INFO     strategy        PnL: 11:53:52 MTM=387.00 Profit=0.06%
2026-07-16 11:53:53 INFO     strategy        PnL: 11:53:53 MTM=387.00 Profit=0.06%
2026-07-16 11:53:55 INFO     strategy        PnL: 11:53:55 MTM=412.00 Profit=0.06%
2026-07-16 11:53:56 INFO     strategy        PnL: 11:53:56 MTM=405.00 Profit=0.06%
2026-07-16 11:53:57 INFO     strategy        PnL: 11:53:57 MTM=394.00 Profit=0.06%
2026-07-16 11:53:58 INFO     strategy        PnL: 11:53:58 MTM=410.00 Profit=0.06%
2026-07-16 11:53:59 INFO     strategy        PnL: 11:53:59 MTM=416.00 Profit=0.06%
2026-07-16 11:54:00 INFO     strategy        PnL: 11:54:00 MTM=391.00 Profit=0.06%
2026-07-16 11:54:01 INFO     strategy        PnL: 11:54:01 MTM=409.00 Profit=0.06%
2026-07-16 11:54:02 INFO     strategy        PnL: 11:54:02 MTM=445.00 Profit=0.07%
2026-07-16 11:54:03 INFO     strategy        PnL: 11:54:03 MTM=442.00 Profit=0.07%
2026-07-16 11:54:04 INFO     strategy        PnL: 11:54:04 MTM=423.00 Profit=0.07%
2026-07-16 11:54:05 INFO     strategy        PnL: 11:54:05 MTM=434.00 Profit=0.07%
2026-07-16 11:54:06 INFO     strategy        PnL: 11:54:06 MTM=425.00 Profit=0.07%
2026-07-16 11:54:07 INFO     strategy        PnL: 11:54:07 MTM=415.00 Profit=0.06%
2026-07-16 11:54:08 INFO     strategy        PnL: 11:54:08 MTM=418.00 Profit=0.06%
2026-07-16 11:54:09 INFO     strategy        PnL: 11:54:09 MTM=423.00 Profit=0.07%
2026-07-16 11:54:10 INFO     strategy        PnL: 11:54:10 MTM=392.00 Profit=0.06%
2026-07-16 11:54:11 INFO     strategy        PnL: 11:54:11 MTM=373.00 Profit=0.06%
2026-07-16 11:54:12 INFO     strategy        PnL: 11:54:12 MTM=359.00 Profit=0.06%
2026-07-16 11:54:13 INFO     strategy        PnL: 11:54:13 MTM=403.00 Profit=0.06%
2026-07-16 11:54:14 INFO     strategy        PnL: 11:54:14 MTM=420.00 Profit=0.06%
2026-07-16 11:54:15 INFO     strategy        PnL: 11:54:15 MTM=394.00 Profit=0.06%
2026-07-16 11:54:16 INFO     strategy        PnL: 11:54:16 MTM=365.00 Profit=0.06%
2026-07-16 11:54:17 INFO     strategy        PnL: 11:54:17 MTM=384.00 Profit=0.06%
2026-07-16 11:54:18 INFO     strategy        PnL: 11:54:18 MTM=392.00 Profit=0.06%
2026-07-16 11:54:19 INFO     strategy        PnL: 11:54:19 MTM=386.00 Profit=0.06%
2026-07-16 11:54:20 INFO     strategy        PnL: 11:54:20 MTM=420.00 Profit=0.06%
2026-07-16 11:54:21 INFO     strategy        PnL: 11:54:21 MTM=371.00 Profit=0.06%
2026-07-16 11:54:22 INFO     strategy        PnL: 11:54:22 MTM=378.00 Profit=0.06%
2026-07-16 11:54:23 INFO     strategy        PnL: 11:54:23 MTM=398.00 Profit=0.06%
2026-07-16 11:54:24 INFO     strategy        PnL: 11:54:24 MTM=414.00 Profit=0.06%
2026-07-16 11:54:25 INFO     strategy        PnL: 11:54:25 MTM=380.00 Profit=0.06%
2026-07-16 11:54:26 INFO     strategy        PnL: 11:54:26 MTM=392.00 Profit=0.06%
2026-07-16 11:54:27 INFO     strategy        PnL: 11:54:27 MTM=390.00 Profit=0.06%
2026-07-16 11:54:28 INFO     strategy        PnL: 11:54:28 MTM=385.00 Profit=0.06%
2026-07-16 11:54:29 INFO     strategy        PnL: 11:54:29 MTM=372.00 Profit=0.06%
2026-07-16 11:54:30 INFO     strategy        PnL: 11:54:30 MTM=372.00 Profit=0.06%
2026-07-16 11:54:31 INFO     strategy        PnL: 11:54:31 MTM=361.00 Profit=0.06%
2026-07-16 11:54:32 INFO     strategy        PnL: 11:54:32 MTM=376.00 Profit=0.06%
2026-07-16 11:54:33 INFO     strategy        PnL: 11:54:33 MTM=324.00 Profit=0.05%
2026-07-16 11:54:34 INFO     strategy        PnL: 11:54:34 MTM=342.00 Profit=0.05%
2026-07-16 11:54:35 INFO     strategy        PnL: 11:54:35 MTM=352.00 Profit=0.05%
2026-07-16 11:54:36 INFO     strategy        PnL: 11:54:36 MTM=350.00 Profit=0.05%
2026-07-16 11:54:37 INFO     strategy        PnL: 11:54:37 MTM=342.00 Profit=0.05%
2026-07-16 11:54:38 INFO     strategy        PnL: 11:54:38 MTM=371.00 Profit=0.06%
2026-07-16 11:54:39 INFO     strategy        PnL: 11:54:39 MTM=380.00 Profit=0.06%
2026-07-16 11:54:40 INFO     strategy        PnL: 11:54:40 MTM=381.00 Profit=0.06%
2026-07-16 11:54:41 INFO     strategy        PnL: 11:54:41 MTM=384.00 Profit=0.06%
2026-07-16 11:54:42 INFO     strategy        PnL: 11:54:42 MTM=358.00 Profit=0.06%
2026-07-16 11:54:43 INFO     strategy        PnL: 11:54:43 MTM=383.00 Profit=0.06%
2026-07-16 11:54:44 INFO     strategy        PnL: 11:54:44 MTM=361.00 Profit=0.06%
2026-07-16 11:54:45 INFO     strategy        PnL: 11:54:45 MTM=380.00 Profit=0.06%
2026-07-16 11:54:46 INFO     strategy        PnL: 11:54:46 MTM=390.00 Profit=0.06%
2026-07-16 11:54:47 INFO     strategy        PnL: 11:54:47 MTM=369.00 Profit=0.06%
2026-07-16 11:54:48 INFO     strategy        PnL: 11:54:48 MTM=369.00 Profit=0.06%
2026-07-16 11:54:49 INFO     strategy        PnL: 11:54:49 MTM=343.00 Profit=0.05%
2026-07-16 11:54:50 INFO     strategy        PnL: 11:54:50 MTM=385.00 Profit=0.06%
2026-07-16 11:54:51 INFO     strategy        PnL: 11:54:51 MTM=404.00 Profit=0.06%
2026-07-16 11:54:52 INFO     strategy        PnL: 11:54:52 MTM=385.00 Profit=0.06%
2026-07-16 11:54:53 INFO     strategy        PnL: 11:54:53 MTM=358.00 Profit=0.06%
2026-07-16 11:54:54 INFO     strategy        PnL: 11:54:54 MTM=411.00 Profit=0.06%
2026-07-16 11:54:55 INFO     strategy        PnL: 11:54:55 MTM=372.00 Profit=0.06%
2026-07-16 11:54:56 INFO     strategy        PnL: 11:54:56 MTM=361.00 Profit=0.06%
2026-07-16 11:54:57 INFO     strategy        PnL: 11:54:57 MTM=401.00 Profit=0.06%
2026-07-16 11:54:58 INFO     strategy        PnL: 11:54:58 MTM=358.00 Profit=0.06%
2026-07-16 11:54:59 INFO     strategy        PnL: 11:54:59 MTM=360.00 Profit=0.06%
2026-07-16 11:55:00 INFO     strategy        PnL: 11:55:00 MTM=358.00 Profit=0.06%
2026-07-16 11:55:01 INFO     strategy        PnL: 11:55:01 MTM=368.00 Profit=0.06%
2026-07-16 11:55:02 INFO     strategy        PnL: 11:55:02 MTM=360.00 Profit=0.06%
2026-07-16 11:55:03 INFO     strategy        PnL: 11:55:03 MTM=364.00 Profit=0.06%
2026-07-16 11:55:04 INFO     strategy        PnL: 11:55:04 MTM=355.00 Profit=0.05%
2026-07-16 11:55:05 INFO     strategy        PnL: 11:55:05 MTM=376.00 Profit=0.06%
2026-07-16 11:55:06 INFO     strategy        PnL: 11:55:06 MTM=382.00 Profit=0.06%
2026-07-16 11:55:07 INFO     strategy        PnL: 11:55:07 MTM=408.00 Profit=0.06%
2026-07-16 11:55:08 INFO     strategy        PnL: 11:55:08 MTM=362.00 Profit=0.06%
2026-07-16 11:55:09 INFO     strategy        PnL: 11:55:09 MTM=374.00 Profit=0.06%
2026-07-16 11:55:10 INFO     strategy        PnL: 11:55:10 MTM=411.00 Profit=0.06%
2026-07-16 11:55:11 INFO     strategy        PnL: 11:55:11 MTM=364.00 Profit=0.06%
2026-07-16 11:55:12 INFO     strategy        PnL: 11:55:12 MTM=362.00 Profit=0.06%
2026-07-16 11:55:13 INFO     strategy        PnL: 11:55:13 MTM=368.00 Profit=0.06%
2026-07-16 11:55:14 INFO     strategy        PnL: 11:55:14 MTM=391.00 Profit=0.06%
2026-07-16 11:55:15 INFO     strategy        PnL: 11:55:15 MTM=376.00 Profit=0.06%
2026-07-16 11:55:16 INFO     strategy        PnL: 11:55:16 MTM=385.00 Profit=0.06%
2026-07-16 11:55:17 INFO     strategy        PnL: 11:55:17 MTM=374.00 Profit=0.06%
2026-07-16 11:55:18 INFO     strategy        PnL: 11:55:18 MTM=349.00 Profit=0.05%
2026-07-16 11:55:19 INFO     strategy        PnL: 11:55:19 MTM=331.00 Profit=0.05%
2026-07-16 11:55:20 INFO     strategy        PnL: 11:55:20 MTM=364.00 Profit=0.06%
2026-07-16 11:55:21 INFO     strategy        PnL: 11:55:21 MTM=378.00 Profit=0.06%
2026-07-16 11:55:22 INFO     strategy        PnL: 11:55:22 MTM=372.00 Profit=0.06%
2026-07-16 11:55:23 INFO     strategy        PnL: 11:55:23 MTM=367.00 Profit=0.06%
2026-07-16 11:55:24 INFO     strategy        PnL: 11:55:24 MTM=364.00 Profit=0.06%
2026-07-16 11:55:25 INFO     strategy        PnL: 11:55:25 MTM=388.00 Profit=0.06%
2026-07-16 11:55:26 INFO     strategy        PnL: 11:55:26 MTM=390.00 Profit=0.06%
2026-07-16 11:55:27 INFO     strategy        PnL: 11:55:27 MTM=415.00 Profit=0.06%
2026-07-16 11:55:28 INFO     strategy        PnL: 11:55:28 MTM=438.00 Profit=0.07%
2026-07-16 11:55:29 INFO     strategy        PnL: 11:55:29 MTM=411.00 Profit=0.06%
2026-07-16 11:55:30 INFO     strategy        PnL: 11:55:30 MTM=401.00 Profit=0.06%
2026-07-16 11:55:31 INFO     strategy        PnL: 11:55:31 MTM=407.00 Profit=0.06%
2026-07-16 11:55:32 INFO     strategy        PnL: 11:55:32 MTM=403.00 Profit=0.06%
2026-07-16 11:55:33 INFO     strategy        PnL: 11:55:33 MTM=413.00 Profit=0.06%
2026-07-16 11:55:34 INFO     strategy        PnL: 11:55:34 MTM=403.00 Profit=0.06%
2026-07-16 11:55:35 INFO     strategy        PnL: 11:55:35 MTM=397.00 Profit=0.06%
2026-07-16 11:55:36 INFO     strategy        PnL: 11:55:36 MTM=398.00 Profit=0.06%
2026-07-16 11:55:37 INFO     strategy        PnL: 11:55:37 MTM=403.00 Profit=0.06%
2026-07-16 11:55:38 INFO     strategy        PnL: 11:55:38 MTM=412.00 Profit=0.06%
2026-07-16 11:55:39 INFO     strategy        PnL: 11:55:39 MTM=401.00 Profit=0.06%
2026-07-16 11:55:40 INFO     strategy        PnL: 11:55:40 MTM=379.00 Profit=0.06%
2026-07-16 11:55:41 INFO     strategy        PnL: 11:55:41 MTM=389.00 Profit=0.06%
2026-07-16 11:55:42 INFO     strategy        PnL: 11:55:42 MTM=391.00 Profit=0.06%
2026-07-16 11:55:43 INFO     strategy        PnL: 11:55:43 MTM=417.00 Profit=0.06%
2026-07-16 11:55:44 INFO     strategy        PnL: 11:55:44 MTM=409.00 Profit=0.06%
2026-07-16 11:55:45 INFO     strategy        PnL: 11:55:45 MTM=428.00 Profit=0.07%
2026-07-16 11:55:46 INFO     strategy        PnL: 11:55:46 MTM=406.00 Profit=0.06%
2026-07-16 11:55:48 INFO     strategy        PnL: 11:55:48 MTM=420.00 Profit=0.06%
2026-07-16 11:55:49 INFO     strategy        PnL: 11:55:49 MTM=379.00 Profit=0.06%
2026-07-16 11:55:50 INFO     strategy        PnL: 11:55:50 MTM=364.00 Profit=0.06%
2026-07-16 11:55:51 INFO     strategy        PnL: 11:55:51 MTM=397.00 Profit=0.06%
2026-07-16 11:55:52 INFO     strategy        PnL: 11:55:52 MTM=406.00 Profit=0.06%
2026-07-16 11:55:53 INFO     strategy        PnL: 11:55:53 MTM=415.00 Profit=0.06%
2026-07-16 11:55:54 INFO     strategy        PnL: 11:55:54 MTM=380.00 Profit=0.06%
2026-07-16 11:55:55 INFO     strategy        PnL: 11:55:55 MTM=407.00 Profit=0.06%
2026-07-16 11:55:56 INFO     strategy        PnL: 11:55:56 MTM=404.00 Profit=0.06%
2026-07-16 11:55:57 INFO     strategy        PnL: 11:55:57 MTM=375.00 Profit=0.06%
2026-07-16 11:55:58 INFO     strategy        PnL: 11:55:58 MTM=398.00 Profit=0.06%
2026-07-16 11:55:59 INFO     strategy        PnL: 11:55:59 MTM=392.00 Profit=0.06%
2026-07-16 11:56:00 INFO     strategy        PnL: 11:56:00 MTM=396.00 Profit=0.06%
2026-07-16 11:56:01 INFO     strategy        PnL: 11:56:01 MTM=413.00 Profit=0.06%
2026-07-16 11:56:02 INFO     strategy        PnL: 11:56:02 MTM=387.00 Profit=0.06%
2026-07-16 11:56:03 INFO     strategy        PnL: 11:56:03 MTM=403.00 Profit=0.06%
2026-07-16 11:56:04 INFO     strategy        PnL: 11:56:04 MTM=394.00 Profit=0.06%
2026-07-16 11:56:05 INFO     strategy        PnL: 11:56:05 MTM=388.00 Profit=0.06%
2026-07-16 11:56:06 INFO     strategy        PnL: 11:56:06 MTM=415.00 Profit=0.06%
2026-07-16 11:56:07 INFO     strategy        PnL: 11:56:07 MTM=382.00 Profit=0.06%
2026-07-16 11:56:08 INFO     strategy        PnL: 11:56:08 MTM=396.00 Profit=0.06%
2026-07-16 11:56:09 INFO     strategy        PnL: 11:56:09 MTM=406.00 Profit=0.06%
2026-07-16 11:56:10 INFO     strategy        PnL: 11:56:10 MTM=390.00 Profit=0.06%
2026-07-16 11:56:11 INFO     strategy        PnL: 11:56:11 MTM=383.00 Profit=0.06%
2026-07-16 11:56:12 INFO     strategy        PnL: 11:56:12 MTM=386.00 Profit=0.06%
2026-07-16 11:56:13 INFO     strategy        PnL: 11:56:13 MTM=385.00 Profit=0.06%
2026-07-16 11:56:14 INFO     strategy        PnL: 11:56:14 MTM=378.00 Profit=0.06%
2026-07-16 11:56:15 INFO     strategy        PnL: 11:56:15 MTM=382.00 Profit=0.06%
2026-07-16 11:56:16 INFO     strategy        PnL: 11:56:16 MTM=392.00 Profit=0.06%
2026-07-16 11:56:17 INFO     strategy        PnL: 11:56:17 MTM=367.00 Profit=0.06%
2026-07-16 11:56:18 INFO     strategy        PnL: 11:56:18 MTM=364.00 Profit=0.06%
2026-07-16 11:56:19 INFO     strategy        PnL: 11:56:19 MTM=396.00 Profit=0.06%
2026-07-16 11:56:20 INFO     strategy        PnL: 11:56:20 MTM=375.00 Profit=0.06%
2026-07-16 11:56:21 INFO     strategy        PnL: 11:56:21 MTM=397.00 Profit=0.06%
2026-07-16 11:56:22 INFO     strategy        PnL: 11:56:22 MTM=380.00 Profit=0.06%
2026-07-16 11:56:23 INFO     strategy        PnL: 11:56:23 MTM=391.00 Profit=0.06%
2026-07-16 11:56:24 INFO     strategy        PnL: 11:56:24 MTM=398.00 Profit=0.06%
2026-07-16 11:56:25 INFO     strategy        PnL: 11:56:25 MTM=400.00 Profit=0.06%
2026-07-16 11:56:26 INFO     strategy        PnL: 11:56:26 MTM=416.00 Profit=0.06%
2026-07-16 11:56:27 INFO     strategy        PnL: 11:56:27 MTM=401.00 Profit=0.06%
2026-07-16 11:56:28 INFO     strategy        PnL: 11:56:28 MTM=402.00 Profit=0.06%
2026-07-16 11:56:29 INFO     strategy        PnL: 11:56:29 MTM=411.00 Profit=0.06%
2026-07-16 11:56:30 INFO     strategy        PnL: 11:56:30 MTM=413.00 Profit=0.06%
2026-07-16 11:56:31 INFO     strategy        PnL: 11:56:31 MTM=411.00 Profit=0.06%
2026-07-16 11:56:32 INFO     strategy        PnL: 11:56:32 MTM=415.00 Profit=0.06%
2026-07-16 11:56:33 INFO     strategy        PnL: 11:56:33 MTM=412.00 Profit=0.06%
2026-07-16 11:56:34 INFO     strategy        PnL: 11:56:34 MTM=411.00 Profit=0.06%
2026-07-16 11:56:35 INFO     strategy        PnL: 11:56:35 MTM=396.00 Profit=0.06%
2026-07-16 11:56:36 INFO     strategy        PnL: 11:56:36 MTM=405.00 Profit=0.06%
2026-07-16 11:56:37 INFO     strategy        PnL: 11:56:37 MTM=407.00 Profit=0.06%
2026-07-16 11:56:38 INFO     strategy        PnL: 11:56:38 MTM=390.00 Profit=0.06%
2026-07-16 11:56:39 INFO     strategy        PnL: 11:56:39 MTM=378.00 Profit=0.06%
2026-07-16 11:56:40 INFO     strategy        PnL: 11:56:40 MTM=398.00 Profit=0.06%
2026-07-16 11:56:41 INFO     strategy        PnL: 11:56:41 MTM=400.00 Profit=0.06%
2026-07-16 11:56:42 INFO     strategy        PnL: 11:56:42 MTM=403.00 Profit=0.06%
2026-07-16 11:56:43 INFO     strategy        PnL: 11:56:43 MTM=391.00 Profit=0.06%
2026-07-16 11:56:44 INFO     strategy        PnL: 11:56:44 MTM=390.00 Profit=0.06%
2026-07-16 11:56:45 INFO     strategy        PnL: 11:56:45 MTM=386.00 Profit=0.06%
2026-07-16 11:56:46 INFO     strategy        PnL: 11:56:46 MTM=407.00 Profit=0.06%
2026-07-16 11:56:47 INFO     strategy        PnL: 11:56:47 MTM=404.00 Profit=0.06%
2026-07-16 11:56:48 INFO     strategy        PnL: 11:56:48 MTM=402.00 Profit=0.06%
2026-07-16 11:56:49 INFO     strategy        PnL: 11:56:49 MTM=411.00 Profit=0.06%
2026-07-16 11:56:50 INFO     strategy        PnL: 11:56:50 MTM=392.00 Profit=0.06%
2026-07-16 11:56:51 INFO     strategy        PnL: 11:56:51 MTM=390.00 Profit=0.06%
2026-07-16 11:56:52 INFO     strategy        PnL: 11:56:52 MTM=399.00 Profit=0.06%
2026-07-16 11:56:53 INFO     strategy        PnL: 11:56:53 MTM=401.00 Profit=0.06%
2026-07-16 11:56:54 INFO     strategy        PnL: 11:56:54 MTM=392.00 Profit=0.06%
2026-07-16 11:56:55 INFO     strategy        PnL: 11:56:55 MTM=393.00 Profit=0.06%
2026-07-16 11:56:56 INFO     strategy        PnL: 11:56:56 MTM=386.00 Profit=0.06%
2026-07-16 11:56:57 INFO     strategy        PnL: 11:56:57 MTM=390.00 Profit=0.06%
2026-07-16 11:56:58 INFO     strategy        PnL: 11:56:58 MTM=383.00 Profit=0.06%
2026-07-16 11:56:59 INFO     strategy        PnL: 11:56:59 MTM=380.00 Profit=0.06%
2026-07-16 11:57:00 INFO     strategy        PnL: 11:57:00 MTM=414.00 Profit=0.06%
2026-07-16 11:57:01 INFO     strategy        PnL: 11:57:01 MTM=396.00 Profit=0.06%
2026-07-16 11:57:02 INFO     strategy        PnL: 11:57:02 MTM=386.00 Profit=0.06%
2026-07-16 11:57:03 INFO     strategy        PnL: 11:57:03 MTM=403.00 Profit=0.06%
2026-07-16 11:57:04 INFO     strategy        PnL: 11:57:04 MTM=405.00 Profit=0.06%
2026-07-16 11:57:05 INFO     strategy        PnL: 11:57:05 MTM=395.00 Profit=0.06%
2026-07-16 11:57:06 INFO     strategy        PnL: 11:57:06 MTM=408.00 Profit=0.06%
2026-07-16 11:57:07 INFO     strategy        PnL: 11:57:07 MTM=424.00 Profit=0.07%
2026-07-16 11:57:08 INFO     strategy        PnL: 11:57:08 MTM=416.00 Profit=0.06%
2026-07-16 11:57:09 INFO     strategy        PnL: 11:57:09 MTM=399.00 Profit=0.06%
2026-07-16 11:57:10 INFO     strategy        PnL: 11:57:10 MTM=405.00 Profit=0.06%
2026-07-16 11:57:11 INFO     strategy        PnL: 11:57:11 MTM=400.00 Profit=0.06%
2026-07-16 11:57:12 INFO     strategy        PnL: 11:57:12 MTM=385.00 Profit=0.06%
2026-07-16 11:57:13 INFO     strategy        PnL: 11:57:13 MTM=390.00 Profit=0.06%
2026-07-16 11:57:14 INFO     strategy        PnL: 11:57:14 MTM=412.00 Profit=0.06%
2026-07-16 11:57:15 INFO     strategy        PnL: 11:57:15 MTM=418.00 Profit=0.06%
2026-07-16 11:57:16 INFO     strategy        PnL: 11:57:16 MTM=426.00 Profit=0.07%
2026-07-16 11:57:17 INFO     strategy        PnL: 11:57:17 MTM=430.00 Profit=0.07%
2026-07-16 11:57:18 INFO     strategy        PnL: 11:57:18 MTM=381.00 Profit=0.06%
2026-07-16 11:57:19 INFO     strategy        PnL: 11:57:19 MTM=381.00 Profit=0.06%
2026-07-16 11:57:20 INFO     strategy        PnL: 11:57:20 MTM=373.00 Profit=0.06%
2026-07-16 11:57:21 INFO     strategy        PnL: 11:57:21 MTM=422.00 Profit=0.07%
2026-07-16 11:57:22 INFO     strategy        PnL: 11:57:22 MTM=412.00 Profit=0.06%
2026-07-16 11:57:23 INFO     strategy        PnL: 11:57:23 MTM=391.00 Profit=0.06%
2026-07-16 11:57:24 INFO     strategy        PnL: 11:57:24 MTM=389.00 Profit=0.06%
2026-07-16 11:57:25 INFO     strategy        PnL: 11:57:25 MTM=408.00 Profit=0.06%
2026-07-16 11:57:26 INFO     strategy        PnL: 11:57:26 MTM=406.00 Profit=0.06%
2026-07-16 11:57:27 INFO     strategy        PnL: 11:57:27 MTM=396.00 Profit=0.06%
2026-07-16 11:57:28 INFO     strategy        PnL: 11:57:28 MTM=375.00 Profit=0.06%
2026-07-16 11:57:29 INFO     strategy        PnL: 11:57:29 MTM=386.00 Profit=0.06%
2026-07-16 11:57:30 INFO     strategy        PnL: 11:57:30 MTM=377.00 Profit=0.06%
2026-07-16 11:57:31 INFO     strategy        PnL: 11:57:31 MTM=391.00 Profit=0.06%
2026-07-16 11:57:32 INFO     strategy        PnL: 11:57:32 MTM=398.00 Profit=0.06%
2026-07-16 11:57:33 INFO     strategy        PnL: 11:57:33 MTM=389.00 Profit=0.06%
2026-07-16 11:57:34 INFO     strategy        PnL: 11:57:34 MTM=397.00 Profit=0.06%
2026-07-16 11:57:35 INFO     strategy        PnL: 11:57:35 MTM=394.00 Profit=0.06%
2026-07-16 11:57:36 INFO     strategy        PnL: 11:57:36 MTM=362.00 Profit=0.06%
2026-07-16 11:57:37 INFO     strategy        PnL: 11:57:37 MTM=382.00 Profit=0.06%
2026-07-16 11:57:38 INFO     strategy        PnL: 11:57:38 MTM=356.00 Profit=0.05%
2026-07-16 11:57:39 INFO     strategy        PnL: 11:57:39 MTM=369.00 Profit=0.06%
2026-07-16 11:57:40 INFO     strategy        PnL: 11:57:40 MTM=377.00 Profit=0.06%
2026-07-16 11:57:41 INFO     strategy        PnL: 11:57:41 MTM=385.00 Profit=0.06%
2026-07-16 11:57:42 INFO     strategy        PnL: 11:57:42 MTM=379.00 Profit=0.06%
2026-07-16 11:57:43 INFO     strategy        PnL: 11:57:43 MTM=419.00 Profit=0.06%
2026-07-16 11:57:44 INFO     strategy        PnL: 11:57:44 MTM=381.00 Profit=0.06%
2026-07-16 11:57:45 INFO     strategy        PnL: 11:57:45 MTM=395.00 Profit=0.06%
2026-07-16 11:57:46 INFO     strategy        PnL: 11:57:46 MTM=371.00 Profit=0.06%
2026-07-16 11:57:47 INFO     strategy        PnL: 11:57:47 MTM=384.00 Profit=0.06%
2026-07-16 11:57:48 INFO     strategy        PnL: 11:57:48 MTM=386.00 Profit=0.06%
2026-07-16 11:57:50 INFO     strategy        PnL: 11:57:50 MTM=394.00 Profit=0.06%
2026-07-16 11:57:51 INFO     strategy        PnL: 11:57:51 MTM=434.00 Profit=0.07%
2026-07-16 11:57:52 INFO     strategy        PnL: 11:57:52 MTM=362.00 Profit=0.06%
2026-07-16 11:57:53 INFO     strategy        PnL: 11:57:53 MTM=384.00 Profit=0.06%
2026-07-16 11:57:54 INFO     strategy        PnL: 11:57:54 MTM=399.00 Profit=0.06%
2026-07-16 11:57:55 INFO     strategy        PnL: 11:57:55 MTM=402.00 Profit=0.06%
2026-07-16 11:57:56 INFO     strategy        PnL: 11:57:56 MTM=395.00 Profit=0.06%
2026-07-16 11:57:57 INFO     strategy        PnL: 11:57:57 MTM=418.00 Profit=0.06%
2026-07-16 11:57:58 INFO     strategy        PnL: 11:57:58 MTM=394.00 Profit=0.06%
2026-07-16 11:57:59 INFO     strategy        PnL: 11:57:59 MTM=388.00 Profit=0.06%
2026-07-16 11:58:00 INFO     strategy        PnL: 11:58:00 MTM=383.00 Profit=0.06%
2026-07-16 11:58:01 INFO     strategy        PnL: 11:58:01 MTM=403.00 Profit=0.06%
2026-07-16 11:58:02 INFO     strategy        PnL: 11:58:02 MTM=382.00 Profit=0.06%
2026-07-16 11:58:03 INFO     strategy        PnL: 11:58:03 MTM=375.00 Profit=0.06%
2026-07-16 11:58:04 INFO     strategy        PnL: 11:58:04 MTM=416.00 Profit=0.06%
2026-07-16 11:58:05 INFO     strategy        PnL: 11:58:05 MTM=405.00 Profit=0.06%
2026-07-16 11:58:06 INFO     strategy        PnL: 11:58:06 MTM=411.00 Profit=0.06%
2026-07-16 11:58:07 INFO     strategy        PnL: 11:58:07 MTM=409.00 Profit=0.06%
2026-07-16 11:58:08 INFO     strategy        PnL: 11:58:08 MTM=421.00 Profit=0.06%
2026-07-16 11:58:09 INFO     strategy        PnL: 11:58:09 MTM=424.00 Profit=0.07%
2026-07-16 11:58:10 INFO     strategy        PnL: 11:58:10 MTM=401.00 Profit=0.06%
2026-07-16 11:58:11 INFO     strategy        PnL: 11:58:11 MTM=412.00 Profit=0.06%
2026-07-16 11:58:12 INFO     strategy        PnL: 11:58:12 MTM=417.00 Profit=0.06%
2026-07-16 11:58:13 INFO     strategy        PnL: 11:58:13 MTM=406.00 Profit=0.06%
2026-07-16 11:58:14 INFO     strategy        PnL: 11:58:14 MTM=409.00 Profit=0.06%
2026-07-16 11:58:15 INFO     strategy        PnL: 11:58:15 MTM=393.00 Profit=0.06%
2026-07-16 11:58:16 INFO     strategy        PnL: 11:58:16 MTM=405.00 Profit=0.06%
2026-07-16 11:58:17 INFO     strategy        PnL: 11:58:17 MTM=396.00 Profit=0.06%
2026-07-16 11:58:18 INFO     strategy        PnL: 11:58:18 MTM=374.00 Profit=0.06%
2026-07-16 11:58:19 INFO     strategy        PnL: 11:58:19 MTM=400.00 Profit=0.06%
2026-07-16 11:58:20 INFO     strategy        PnL: 11:58:20 MTM=416.00 Profit=0.06%
2026-07-16 11:58:21 INFO     strategy        PnL: 11:58:21 MTM=377.00 Profit=0.06%
2026-07-16 11:58:22 INFO     strategy        PnL: 11:58:22 MTM=422.00 Profit=0.07%
2026-07-16 11:58:23 INFO     strategy        PnL: 11:58:23 MTM=411.00 Profit=0.06%
2026-07-16 11:58:24 INFO     strategy        PnL: 11:58:24 MTM=424.00 Profit=0.07%
2026-07-16 11:58:25 INFO     strategy        PnL: 11:58:25 MTM=417.00 Profit=0.06%
2026-07-16 11:58:26 INFO     strategy        PnL: 11:58:26 MTM=420.00 Profit=0.06%
2026-07-16 11:58:27 INFO     strategy        PnL: 11:58:27 MTM=426.00 Profit=0.07%
2026-07-16 11:58:28 INFO     strategy        PnL: 11:58:28 MTM=424.00 Profit=0.07%
2026-07-16 11:58:29 INFO     strategy        PnL: 11:58:29 MTM=429.00 Profit=0.07%
2026-07-16 11:58:30 INFO     strategy        PnL: 11:58:30 MTM=419.00 Profit=0.06%
2026-07-16 11:58:31 INFO     strategy        PnL: 11:58:31 MTM=438.00 Profit=0.07%
2026-07-16 11:58:32 INFO     strategy        PnL: 11:58:32 MTM=393.00 Profit=0.06%
2026-07-16 11:58:33 INFO     strategy        PnL: 11:58:33 MTM=407.00 Profit=0.06%
2026-07-16 11:58:34 INFO     strategy        PnL: 11:58:34 MTM=423.00 Profit=0.07%
2026-07-16 11:58:35 INFO     strategy        PnL: 11:58:35 MTM=402.00 Profit=0.06%
2026-07-16 11:58:36 INFO     strategy        PnL: 11:58:36 MTM=419.00 Profit=0.06%
2026-07-16 11:58:37 INFO     strategy        PnL: 11:58:37 MTM=419.00 Profit=0.06%
2026-07-16 11:58:38 INFO     strategy        PnL: 11:58:38 MTM=389.00 Profit=0.06%
2026-07-16 11:58:39 INFO     strategy        PnL: 11:58:39 MTM=408.00 Profit=0.06%
2026-07-16 11:58:40 INFO     strategy        PnL: 11:58:40 MTM=399.00 Profit=0.06%
2026-07-16 11:58:41 INFO     strategy        PnL: 11:58:41 MTM=421.00 Profit=0.06%
2026-07-16 11:58:42 INFO     strategy        PnL: 11:58:42 MTM=406.00 Profit=0.06%
2026-07-16 11:58:43 INFO     strategy        PnL: 11:58:43 MTM=393.00 Profit=0.06%
2026-07-16 11:58:44 INFO     strategy        PnL: 11:58:44 MTM=399.00 Profit=0.06%
2026-07-16 11:58:45 INFO     strategy        PnL: 11:58:45 MTM=413.00 Profit=0.06%
2026-07-16 11:58:46 INFO     strategy        PnL: 11:58:46 MTM=413.00 Profit=0.06%
2026-07-16 11:58:47 INFO     strategy        PnL: 11:58:47 MTM=410.00 Profit=0.06%
2026-07-16 11:58:48 INFO     strategy        PnL: 11:58:48 MTM=406.00 Profit=0.06%
2026-07-16 11:58:49 INFO     strategy        PnL: 11:58:49 MTM=404.00 Profit=0.06%
2026-07-16 11:58:50 INFO     strategy        PnL: 11:58:50 MTM=411.00 Profit=0.06%
2026-07-16 11:58:51 INFO     strategy        PnL: 11:58:51 MTM=419.00 Profit=0.06%
2026-07-16 11:58:52 INFO     strategy        PnL: 11:58:52 MTM=423.00 Profit=0.07%
2026-07-16 11:58:53 INFO     strategy        PnL: 11:58:53 MTM=431.00 Profit=0.07%
2026-07-16 11:58:54 INFO     strategy        PnL: 11:58:54 MTM=439.00 Profit=0.07%
2026-07-16 11:58:55 INFO     strategy        PnL: 11:58:55 MTM=437.00 Profit=0.07%
2026-07-16 11:58:56 INFO     strategy        PnL: 11:58:56 MTM=424.00 Profit=0.07%
2026-07-16 11:58:57 INFO     strategy        PnL: 11:58:57 MTM=413.00 Profit=0.06%
2026-07-16 11:58:58 INFO     strategy        PnL: 11:58:58 MTM=425.00 Profit=0.07%
2026-07-16 11:58:59 INFO     strategy        PnL: 11:58:59 MTM=397.00 Profit=0.06%
2026-07-16 11:59:00 INFO     strategy        PnL: 11:59:00 MTM=416.00 Profit=0.06%
2026-07-16 11:59:01 INFO     strategy        PnL: 11:59:01 MTM=423.00 Profit=0.07%
2026-07-16 11:59:02 INFO     strategy        PnL: 11:59:02 MTM=430.00 Profit=0.07%
2026-07-16 11:59:03 INFO     strategy        PnL: 11:59:03 MTM=442.00 Profit=0.07%
2026-07-16 11:59:04 INFO     strategy        PnL: 11:59:04 MTM=419.00 Profit=0.06%
2026-07-16 11:59:05 INFO     strategy        PnL: 11:59:05 MTM=419.00 Profit=0.06%
2026-07-16 11:59:06 INFO     strategy        PnL: 11:59:06 MTM=440.00 Profit=0.07%
2026-07-16 11:59:07 INFO     strategy        PnL: 11:59:07 MTM=430.00 Profit=0.07%
2026-07-16 11:59:08 INFO     strategy        PnL: 11:59:08 MTM=430.00 Profit=0.07%
2026-07-16 11:59:09 INFO     strategy        PnL: 11:59:09 MTM=431.00 Profit=0.07%
2026-07-16 11:59:10 INFO     strategy        PnL: 11:59:10 MTM=438.00 Profit=0.07%
2026-07-16 11:59:11 INFO     strategy        PnL: 11:59:11 MTM=408.00 Profit=0.06%
2026-07-16 11:59:12 INFO     strategy        PnL: 11:59:12 MTM=424.00 Profit=0.07%
2026-07-16 11:59:13 INFO     strategy        PnL: 11:59:13 MTM=431.00 Profit=0.07%
2026-07-16 11:59:14 INFO     strategy        PnL: 11:59:14 MTM=440.00 Profit=0.07%
2026-07-16 11:59:15 INFO     strategy        PnL: 11:59:15 MTM=426.00 Profit=0.07%
2026-07-16 11:59:16 INFO     strategy        PnL: 11:59:16 MTM=420.00 Profit=0.06%
2026-07-16 11:59:17 INFO     strategy        PnL: 11:59:17 MTM=413.00 Profit=0.06%
2026-07-16 11:59:18 INFO     strategy        PnL: 11:59:18 MTM=397.00 Profit=0.06%
2026-07-16 11:59:19 INFO     strategy        PnL: 11:59:19 MTM=342.00 Profit=0.05%
2026-07-16 11:59:20 INFO     strategy        PnL: 11:59:20 MTM=385.00 Profit=0.06%
2026-07-16 11:59:21 INFO     strategy        PnL: 11:59:21 MTM=394.00 Profit=0.06%
2026-07-16 11:59:22 INFO     strategy        PnL: 11:59:22 MTM=392.00 Profit=0.06%
2026-07-16 11:59:23 INFO     strategy        PnL: 11:59:23 MTM=361.00 Profit=0.06%
2026-07-16 11:59:24 INFO     strategy        PnL: 11:59:24 MTM=396.00 Profit=0.06%
2026-07-16 11:59:25 INFO     strategy        PnL: 11:59:25 MTM=376.00 Profit=0.06%
2026-07-16 11:59:26 INFO     strategy        PnL: 11:59:26 MTM=423.00 Profit=0.07%
2026-07-16 11:59:27 INFO     strategy        PnL: 11:59:27 MTM=391.00 Profit=0.06%
2026-07-16 11:59:28 INFO     strategy        PnL: 11:59:28 MTM=386.00 Profit=0.06%
2026-07-16 11:59:29 INFO     strategy        PnL: 11:59:29 MTM=399.00 Profit=0.06%
2026-07-16 11:59:30 INFO     strategy        PnL: 11:59:30 MTM=394.00 Profit=0.06%
2026-07-16 11:59:31 INFO     strategy        PnL: 11:59:31 MTM=370.00 Profit=0.06%
2026-07-16 11:59:32 INFO     strategy        PnL: 11:59:32 MTM=388.00 Profit=0.06%
2026-07-16 11:59:33 INFO     strategy        PnL: 11:59:33 MTM=373.00 Profit=0.06%
2026-07-16 11:59:34 INFO     strategy        PnL: 11:59:34 MTM=355.00 Profit=0.05%
2026-07-16 11:59:35 INFO     strategy        PnL: 11:59:35 MTM=360.00 Profit=0.06%
2026-07-16 11:59:36 INFO     strategy        PnL: 11:59:36 MTM=344.00 Profit=0.05%
2026-07-16 11:59:37 INFO     strategy        PnL: 11:59:37 MTM=325.00 Profit=0.05%
2026-07-16 11:59:38 INFO     strategy        PnL: 11:59:38 MTM=328.00 Profit=0.05%
2026-07-16 11:59:39 INFO     strategy        PnL: 11:59:39 MTM=345.00 Profit=0.05%
2026-07-16 11:59:41 INFO     strategy        PnL: 11:59:41 MTM=344.00 Profit=0.05%
2026-07-16 11:59:42 INFO     strategy        PnL: 11:59:42 MTM=350.00 Profit=0.05%
2026-07-16 11:59:43 INFO     strategy        PnL: 11:59:43 MTM=377.00 Profit=0.06%
2026-07-16 11:59:44 INFO     strategy        PnL: 11:59:44 MTM=385.00 Profit=0.06%
2026-07-16 11:59:45 INFO     strategy        PnL: 11:59:45 MTM=382.00 Profit=0.06%
2026-07-16 11:59:46 INFO     strategy        PnL: 11:59:46 MTM=374.00 Profit=0.06%
2026-07-16 11:59:47 INFO     strategy        PnL: 11:59:47 MTM=424.00 Profit=0.07%
2026-07-16 11:59:48 INFO     strategy        PnL: 11:59:48 MTM=346.00 Profit=0.05%
2026-07-16 11:59:49 INFO     strategy        PnL: 11:59:49 MTM=369.00 Profit=0.06%
2026-07-16 11:59:50 INFO     strategy        PnL: 11:59:50 MTM=400.00 Profit=0.06%
2026-07-16 11:59:51 INFO     strategy        PnL: 11:59:51 MTM=408.00 Profit=0.06%
2026-07-16 11:59:52 INFO     strategy        PnL: 11:59:52 MTM=370.00 Profit=0.06%
2026-07-16 11:59:53 INFO     strategy        PnL: 11:59:53 MTM=395.00 Profit=0.06%
2026-07-16 11:59:54 INFO     strategy        PnL: 11:59:54 MTM=432.00 Profit=0.07%
2026-07-16 11:59:55 INFO     strategy        PnL: 11:59:55 MTM=379.00 Profit=0.06%
2026-07-16 11:59:56 INFO     strategy        PnL: 11:59:56 MTM=384.00 Profit=0.06%
2026-07-16 11:59:57 INFO     strategy        PnL: 11:59:57 MTM=389.00 Profit=0.06%
2026-07-16 11:59:58 INFO     strategy        PnL: 11:59:58 MTM=383.00 Profit=0.06%
2026-07-16 11:59:59 INFO     strategy        PnL: 11:59:59 MTM=377.00 Profit=0.06%
2026-07-16 12:00:00 INFO     strategy        PnL: 12:00:00 MTM=400.00 Profit=0.06%
2026-07-16 12:00:01 INFO     strategy        PnL: 12:00:01 MTM=423.00 Profit=0.07%
2026-07-16 12:00:02 INFO     strategy        PnL: 12:00:02 MTM=395.00 Profit=0.06%
2026-07-16 12:00:03 INFO     strategy        PnL: 12:00:03 MTM=394.00 Profit=0.06%
2026-07-16 12:00:04 INFO     strategy        PnL: 12:00:04 MTM=401.00 Profit=0.06%
2026-07-16 12:00:05 INFO     strategy        PnL: 12:00:05 MTM=390.00 Profit=0.06%
2026-07-16 12:00:06 INFO     strategy        PnL: 12:00:06 MTM=402.00 Profit=0.06%
2026-07-16 12:00:07 INFO     strategy        PnL: 12:00:07 MTM=371.00 Profit=0.06%
2026-07-16 12:00:08 INFO     strategy        PnL: 12:00:08 MTM=406.00 Profit=0.06%
2026-07-16 12:00:09 INFO     strategy        PnL: 12:00:09 MTM=338.00 Profit=0.05%
2026-07-16 12:00:10 INFO     strategy        PnL: 12:00:10 MTM=367.00 Profit=0.06%
2026-07-16 12:00:11 INFO     strategy        PnL: 12:00:11 MTM=377.00 Profit=0.06%
2026-07-16 12:00:12 INFO     strategy        PnL: 12:00:12 MTM=401.00 Profit=0.06%
2026-07-16 12:00:13 INFO     strategy        PnL: 12:00:13 MTM=382.00 Profit=0.06%
2026-07-16 12:00:14 INFO     strategy        PnL: 12:00:14 MTM=405.00 Profit=0.06%
2026-07-16 12:00:15 INFO     strategy        PnL: 12:00:15 MTM=427.00 Profit=0.07%
2026-07-16 12:00:16 INFO     strategy        PnL: 12:00:16 MTM=373.00 Profit=0.06%
2026-07-16 12:00:17 INFO     strategy        PnL: 12:00:17 MTM=386.00 Profit=0.06%
2026-07-16 12:00:18 INFO     strategy        PnL: 12:00:18 MTM=399.00 Profit=0.06%
2026-07-16 12:00:19 INFO     strategy        PnL: 12:00:19 MTM=393.00 Profit=0.06%
2026-07-16 12:00:20 INFO     strategy        PnL: 12:00:20 MTM=441.00 Profit=0.07%
2026-07-16 12:00:21 INFO     strategy        PnL: 12:00:21 MTM=396.00 Profit=0.06%
2026-07-16 12:00:22 INFO     strategy        PnL: 12:00:22 MTM=407.00 Profit=0.06%
2026-07-16 12:00:23 INFO     strategy        PnL: 12:00:23 MTM=396.00 Profit=0.06%
2026-07-16 12:00:24 INFO     strategy        PnL: 12:00:24 MTM=408.00 Profit=0.06%
2026-07-16 12:00:25 INFO     strategy        PnL: 12:00:25 MTM=408.00 Profit=0.06%
2026-07-16 12:00:26 INFO     strategy        PnL: 12:00:26 MTM=377.00 Profit=0.06%
2026-07-16 12:00:27 INFO     strategy        PnL: 12:00:27 MTM=372.00 Profit=0.06%
2026-07-16 12:00:28 INFO     strategy        PnL: 12:00:28 MTM=375.00 Profit=0.06%
2026-07-16 12:00:29 INFO     strategy        PnL: 12:00:29 MTM=392.00 Profit=0.06%
2026-07-16 12:00:30 INFO     strategy        PnL: 12:00:30 MTM=387.00 Profit=0.06%
2026-07-16 12:00:31 INFO     strategy        PnL: 12:00:31 MTM=434.00 Profit=0.07%
2026-07-16 12:00:32 INFO     strategy        PnL: 12:00:32 MTM=435.00 Profit=0.07%
2026-07-16 12:00:33 INFO     strategy        PnL: 12:00:33 MTM=393.00 Profit=0.06%
2026-07-16 12:00:34 INFO     strategy        PnL: 12:00:34 MTM=428.00 Profit=0.07%
2026-07-16 12:00:35 INFO     strategy        PnL: 12:00:35 MTM=401.00 Profit=0.06%
2026-07-16 12:00:36 INFO     strategy        PnL: 12:00:36 MTM=390.00 Profit=0.06%
2026-07-16 12:00:37 INFO     strategy        PnL: 12:00:37 MTM=416.00 Profit=0.06%
2026-07-16 12:00:38 INFO     strategy        PnL: 12:00:38 MTM=406.00 Profit=0.06%
2026-07-16 12:00:39 INFO     strategy        PnL: 12:00:39 MTM=397.00 Profit=0.06%
2026-07-16 12:00:40 INFO     strategy        PnL: 12:00:40 MTM=420.00 Profit=0.06%
2026-07-16 12:00:41 INFO     strategy        PnL: 12:00:41 MTM=405.00 Profit=0.06%
2026-07-16 12:00:42 INFO     strategy        PnL: 12:00:42 MTM=390.00 Profit=0.06%
2026-07-16 12:00:43 INFO     strategy        PnL: 12:00:43 MTM=401.00 Profit=0.06%
2026-07-16 12:00:44 INFO     strategy        PnL: 12:00:44 MTM=419.00 Profit=0.06%
2026-07-16 12:00:45 INFO     strategy        PnL: 12:00:45 MTM=425.00 Profit=0.07%
2026-07-16 12:00:46 INFO     strategy        PnL: 12:00:46 MTM=443.00 Profit=0.07%
2026-07-16 12:00:47 INFO     strategy        PnL: 12:00:47 MTM=439.00 Profit=0.07%
2026-07-16 12:00:48 INFO     strategy        PnL: 12:00:48 MTM=392.00 Profit=0.06%
2026-07-16 12:00:49 INFO     strategy        PnL: 12:00:49 MTM=427.00 Profit=0.07%
2026-07-16 12:00:50 INFO     strategy        PnL: 12:00:50 MTM=419.00 Profit=0.06%
2026-07-16 12:00:51 INFO     strategy        PnL: 12:00:51 MTM=409.00 Profit=0.06%
2026-07-16 12:00:52 INFO     strategy        PnL: 12:00:52 MTM=470.00 Profit=0.07%
2026-07-16 12:00:53 INFO     strategy        PnL: 12:00:53 MTM=419.00 Profit=0.06%
2026-07-16 12:00:54 INFO     strategy        PnL: 12:00:54 MTM=408.00 Profit=0.06%
2026-07-16 12:00:55 INFO     strategy        PnL: 12:00:55 MTM=432.00 Profit=0.07%
2026-07-16 12:00:56 INFO     strategy        PnL: 12:00:56 MTM=428.00 Profit=0.07%
2026-07-16 12:00:57 INFO     strategy        PnL: 12:00:57 MTM=425.00 Profit=0.07%
2026-07-16 12:00:58 INFO     strategy        PnL: 12:00:58 MTM=430.00 Profit=0.07%
2026-07-16 12:00:59 INFO     strategy        PnL: 12:00:59 MTM=444.00 Profit=0.07%
2026-07-16 12:01:00 INFO     strategy        PnL: 12:01:00 MTM=401.00 Profit=0.06%
2026-07-16 12:01:01 INFO     strategy        PnL: 12:01:01 MTM=423.00 Profit=0.07%
2026-07-16 12:01:02 INFO     strategy        PnL: 12:01:02 MTM=457.00 Profit=0.07%
2026-07-16 12:01:03 INFO     strategy        PnL: 12:01:03 MTM=456.00 Profit=0.07%
2026-07-16 12:01:04 INFO     strategy        PnL: 12:01:04 MTM=482.00 Profit=0.07%
2026-07-16 12:01:05 INFO     strategy        PnL: 12:01:05 MTM=481.00 Profit=0.07%
2026-07-16 12:01:06 INFO     strategy        PnL: 12:01:06 MTM=475.00 Profit=0.07%
2026-07-16 12:01:07 INFO     strategy        PnL: 12:01:07 MTM=463.00 Profit=0.07%
2026-07-16 12:01:08 INFO     strategy        PnL: 12:01:08 MTM=465.00 Profit=0.07%
2026-07-16 12:01:09 INFO     strategy        PnL: 12:01:09 MTM=456.00 Profit=0.07%
2026-07-16 12:01:10 INFO     strategy        PnL: 12:01:10 MTM=456.00 Profit=0.07%
2026-07-16 12:01:11 INFO     strategy        PnL: 12:01:11 MTM=453.00 Profit=0.07%
2026-07-16 12:01:12 INFO     strategy        PnL: 12:01:12 MTM=443.00 Profit=0.07%
2026-07-16 12:01:13 INFO     strategy        PnL: 12:01:13 MTM=453.00 Profit=0.07%
2026-07-16 12:01:14 INFO     strategy        PnL: 12:01:14 MTM=420.00 Profit=0.06%
2026-07-16 12:01:15 INFO     strategy        PnL: 12:01:15 MTM=457.00 Profit=0.07%
2026-07-16 12:01:16 INFO     strategy        PnL: 12:01:16 MTM=443.00 Profit=0.07%
2026-07-16 12:01:17 INFO     strategy        PnL: 12:01:17 MTM=460.00 Profit=0.07%
2026-07-16 12:01:18 INFO     strategy        PnL: 12:01:18 MTM=447.00 Profit=0.07%
2026-07-16 12:01:19 INFO     strategy        PnL: 12:01:19 MTM=447.00 Profit=0.07%
2026-07-16 12:01:20 INFO     strategy        PnL: 12:01:20 MTM=438.00 Profit=0.07%
2026-07-16 12:01:21 INFO     strategy        PnL: 12:01:21 MTM=441.00 Profit=0.07%
2026-07-16 12:01:22 INFO     strategy        PnL: 12:01:22 MTM=445.00 Profit=0.07%
2026-07-16 12:01:23 INFO     strategy        PnL: 12:01:23 MTM=470.00 Profit=0.07%
2026-07-16 12:01:24 INFO     strategy        PnL: 12:01:24 MTM=457.00 Profit=0.07%
2026-07-16 12:01:25 INFO     strategy        PnL: 12:01:25 MTM=463.00 Profit=0.07%
2026-07-16 12:01:26 INFO     strategy        PnL: 12:01:26 MTM=462.00 Profit=0.07%
2026-07-16 12:01:27 INFO     strategy        PnL: 12:01:27 MTM=464.00 Profit=0.07%
2026-07-16 12:01:28 INFO     strategy        PnL: 12:01:28 MTM=496.00 Profit=0.08%
2026-07-16 12:01:29 INFO     strategy        PnL: 12:01:29 MTM=475.00 Profit=0.07%
2026-07-16 12:01:30 INFO     strategy        PnL: 12:01:30 MTM=494.00 Profit=0.08%
2026-07-16 12:01:31 INFO     strategy        PnL: 12:01:31 MTM=479.00 Profit=0.07%
2026-07-16 12:01:32 INFO     strategy        PnL: 12:01:32 MTM=453.00 Profit=0.07%
2026-07-16 12:01:33 INFO     strategy        PnL: 12:01:33 MTM=488.00 Profit=0.08%
2026-07-16 12:01:35 INFO     strategy        PnL: 12:01:35 MTM=449.00 Profit=0.07%
2026-07-16 12:01:36 INFO     strategy        PnL: 12:01:36 MTM=440.00 Profit=0.07%
2026-07-16 12:01:37 INFO     strategy        PnL: 12:01:37 MTM=475.00 Profit=0.07%
2026-07-16 12:01:38 INFO     strategy        PnL: 12:01:38 MTM=472.00 Profit=0.07%
2026-07-16 12:01:39 INFO     strategy        PnL: 12:01:39 MTM=481.00 Profit=0.07%
2026-07-16 12:01:40 INFO     strategy        PnL: 12:01:40 MTM=457.00 Profit=0.07%
2026-07-16 12:01:41 INFO     strategy        PnL: 12:01:41 MTM=454.00 Profit=0.07%
2026-07-16 12:01:42 INFO     strategy        PnL: 12:01:42 MTM=464.00 Profit=0.07%
2026-07-16 12:01:43 INFO     strategy        PnL: 12:01:43 MTM=449.00 Profit=0.07%
2026-07-16 12:01:44 INFO     strategy        PnL: 12:01:44 MTM=492.00 Profit=0.08%
2026-07-16 12:01:45 INFO     strategy        PnL: 12:01:45 MTM=447.00 Profit=0.07%
2026-07-16 12:01:46 INFO     strategy        PnL: 12:01:46 MTM=445.00 Profit=0.07%
2026-07-16 12:01:47 INFO     strategy        PnL: 12:01:47 MTM=441.00 Profit=0.07%
2026-07-16 12:01:48 INFO     strategy        PnL: 12:01:48 MTM=436.00 Profit=0.07%
2026-07-16 12:01:49 INFO     strategy        PnL: 12:01:49 MTM=456.00 Profit=0.07%
2026-07-16 12:01:50 INFO     strategy        PnL: 12:01:50 MTM=438.00 Profit=0.07%
2026-07-16 12:01:51 INFO     strategy        PnL: 12:01:51 MTM=441.00 Profit=0.07%
2026-07-16 12:01:52 INFO     strategy        PnL: 12:01:52 MTM=472.00 Profit=0.07%
2026-07-16 12:01:53 INFO     strategy        PnL: 12:01:53 MTM=450.00 Profit=0.07%
2026-07-16 12:01:54 INFO     strategy        PnL: 12:01:54 MTM=453.00 Profit=0.07%
2026-07-16 12:01:55 INFO     strategy        PnL: 12:01:55 MTM=449.00 Profit=0.07%
2026-07-16 12:01:56 INFO     strategy        PnL: 12:01:56 MTM=473.00 Profit=0.07%
2026-07-16 12:01:57 INFO     strategy        PnL: 12:01:57 MTM=445.00 Profit=0.07%
2026-07-16 12:01:58 INFO     strategy        PnL: 12:01:58 MTM=444.00 Profit=0.07%
2026-07-16 12:01:59 INFO     strategy        PnL: 12:01:59 MTM=435.00 Profit=0.07%
2026-07-16 12:02:00 INFO     strategy        PnL: 12:02:00 MTM=456.00 Profit=0.07%
2026-07-16 12:02:01 INFO     strategy        PnL: 12:02:01 MTM=463.00 Profit=0.07%
2026-07-16 12:02:02 INFO     strategy        PnL: 12:02:02 MTM=428.00 Profit=0.07%
2026-07-16 12:02:03 INFO     strategy        PnL: 12:02:03 MTM=432.00 Profit=0.07%
2026-07-16 12:02:04 INFO     strategy        PnL: 12:02:04 MTM=436.00 Profit=0.07%
2026-07-16 12:02:05 INFO     strategy        PnL: 12:02:05 MTM=436.00 Profit=0.07%
2026-07-16 12:02:06 INFO     strategy        PnL: 12:02:06 MTM=443.00 Profit=0.07%
2026-07-16 12:02:07 INFO     strategy        PnL: 12:02:07 MTM=441.00 Profit=0.07%
2026-07-16 12:02:08 INFO     strategy        PnL: 12:02:08 MTM=431.00 Profit=0.07%
2026-07-16 12:02:09 INFO     strategy        PnL: 12:02:09 MTM=424.00 Profit=0.07%
2026-07-16 12:02:10 INFO     strategy        PnL: 12:02:10 MTM=418.00 Profit=0.06%
2026-07-16 12:02:11 INFO     strategy        PnL: 12:02:11 MTM=452.00 Profit=0.07%
2026-07-16 12:02:12 INFO     strategy        PnL: 12:02:12 MTM=448.00 Profit=0.07%
2026-07-16 12:02:13 INFO     strategy        PnL: 12:02:13 MTM=445.00 Profit=0.07%
2026-07-16 12:02:14 INFO     strategy        PnL: 12:02:14 MTM=431.00 Profit=0.07%
2026-07-16 12:02:15 INFO     strategy        PnL: 12:02:15 MTM=433.00 Profit=0.07%
2026-07-16 12:02:16 INFO     strategy        PnL: 12:02:16 MTM=449.00 Profit=0.07%
2026-07-16 12:02:17 INFO     strategy        PnL: 12:02:17 MTM=447.00 Profit=0.07%
2026-07-16 12:02:18 INFO     strategy        PnL: 12:02:18 MTM=436.00 Profit=0.07%
2026-07-16 12:02:19 INFO     strategy        PnL: 12:02:19 MTM=455.00 Profit=0.07%
2026-07-16 12:02:20 INFO     strategy        PnL: 12:02:20 MTM=463.00 Profit=0.07%
2026-07-16 12:02:21 INFO     strategy        PnL: 12:02:21 MTM=454.00 Profit=0.07%
2026-07-16 12:02:22 INFO     strategy        PnL: 12:02:22 MTM=463.00 Profit=0.07%
2026-07-16 12:02:23 INFO     strategy        PnL: 12:02:23 MTM=440.00 Profit=0.07%
2026-07-16 12:02:24 INFO     strategy        PnL: 12:02:24 MTM=464.00 Profit=0.07%
2026-07-16 12:02:25 INFO     strategy        PnL: 12:02:25 MTM=437.00 Profit=0.07%
2026-07-16 12:02:26 INFO     strategy        PnL: 12:02:26 MTM=450.00 Profit=0.07%
2026-07-16 12:02:27 INFO     strategy        PnL: 12:02:27 MTM=412.00 Profit=0.06%
2026-07-16 12:02:28 INFO     strategy        PnL: 12:02:28 MTM=449.00 Profit=0.07%
2026-07-16 12:02:29 INFO     strategy        PnL: 12:02:29 MTM=455.00 Profit=0.07%
2026-07-16 12:02:30 INFO     strategy        PnL: 12:02:30 MTM=472.00 Profit=0.07%
2026-07-16 12:02:31 INFO     strategy        PnL: 12:02:31 MTM=439.00 Profit=0.07%
2026-07-16 12:02:32 INFO     strategy        PnL: 12:02:32 MTM=457.00 Profit=0.07%
2026-07-16 12:02:33 INFO     strategy        PnL: 12:02:33 MTM=452.00 Profit=0.07%
2026-07-16 12:02:34 INFO     strategy        PnL: 12:02:34 MTM=462.00 Profit=0.07%
2026-07-16 12:02:35 INFO     strategy        PnL: 12:02:35 MTM=478.00 Profit=0.07%
2026-07-16 12:02:36 INFO     strategy        PnL: 12:02:36 MTM=451.00 Profit=0.07%
2026-07-16 12:02:37 INFO     strategy        PnL: 12:02:37 MTM=443.00 Profit=0.07%
2026-07-16 12:02:38 INFO     strategy        PnL: 12:02:38 MTM=472.00 Profit=0.07%
2026-07-16 12:02:39 INFO     strategy        PnL: 12:02:39 MTM=470.00 Profit=0.07%
2026-07-16 12:02:40 INFO     strategy        PnL: 12:02:40 MTM=471.00 Profit=0.07%
2026-07-16 12:02:41 INFO     strategy        PnL: 12:02:41 MTM=457.00 Profit=0.07%
2026-07-16 12:02:42 INFO     strategy        PnL: 12:02:42 MTM=459.00 Profit=0.07%
2026-07-16 12:02:43 INFO     strategy        PnL: 12:02:43 MTM=460.00 Profit=0.07%
2026-07-16 12:02:44 INFO     strategy        PnL: 12:02:44 MTM=472.00 Profit=0.07%
2026-07-16 12:02:45 INFO     strategy        PnL: 12:02:45 MTM=448.00 Profit=0.07%
2026-07-16 12:02:46 INFO     strategy        PnL: 12:02:46 MTM=467.00 Profit=0.07%
2026-07-16 12:02:47 INFO     strategy        PnL: 12:02:47 MTM=475.00 Profit=0.07%
2026-07-16 12:02:48 INFO     strategy        PnL: 12:02:48 MTM=480.00 Profit=0.07%
2026-07-16 12:02:49 INFO     strategy        PnL: 12:02:49 MTM=450.00 Profit=0.07%
2026-07-16 12:02:50 INFO     strategy        PnL: 12:02:50 MTM=457.00 Profit=0.07%
2026-07-16 12:02:51 INFO     strategy        PnL: 12:02:51 MTM=500.00 Profit=0.08%
2026-07-16 12:02:52 INFO     strategy        PnL: 12:02:52 MTM=457.00 Profit=0.07%
2026-07-16 12:02:53 INFO     strategy        PnL: 12:02:53 MTM=469.00 Profit=0.07%
2026-07-16 12:02:54 INFO     strategy        PnL: 12:02:54 MTM=483.00 Profit=0.07%
2026-07-16 12:02:55 INFO     strategy        PnL: 12:02:55 MTM=469.00 Profit=0.07%
2026-07-16 12:02:56 INFO     strategy        PnL: 12:02:56 MTM=454.00 Profit=0.07%
2026-07-16 12:02:57 INFO     strategy        PnL: 12:02:57 MTM=456.00 Profit=0.07%
2026-07-16 12:02:58 INFO     strategy        PnL: 12:02:58 MTM=467.00 Profit=0.07%
2026-07-16 12:02:59 INFO     strategy        PnL: 12:02:59 MTM=476.00 Profit=0.07%
2026-07-16 12:03:00 INFO     strategy        PnL: 12:03:00 MTM=462.00 Profit=0.07%
2026-07-16 12:03:01 INFO     strategy        PnL: 12:03:01 MTM=483.00 Profit=0.07%
2026-07-16 12:03:02 INFO     strategy        PnL: 12:03:02 MTM=478.00 Profit=0.07%
2026-07-16 12:03:03 INFO     strategy        PnL: 12:03:03 MTM=449.00 Profit=0.07%
2026-07-16 12:03:04 INFO     strategy        PnL: 12:03:04 MTM=486.00 Profit=0.07%
2026-07-16 12:03:05 INFO     strategy        PnL: 12:03:05 MTM=455.00 Profit=0.07%
2026-07-16 12:03:06 INFO     strategy        PnL: 12:03:06 MTM=472.00 Profit=0.07%
2026-07-16 12:03:07 INFO     strategy        PnL: 12:03:07 MTM=501.00 Profit=0.08%
2026-07-16 12:03:08 INFO     strategy        PnL: 12:03:08 MTM=481.00 Profit=0.07%
2026-07-16 12:03:09 INFO     strategy        PnL: 12:03:09 MTM=494.00 Profit=0.08%
2026-07-16 12:03:10 INFO     strategy        PnL: 12:03:10 MTM=490.00 Profit=0.08%
2026-07-16 12:03:11 INFO     strategy        PnL: 12:03:11 MTM=503.00 Profit=0.08%
2026-07-16 12:03:12 INFO     strategy        PnL: 12:03:12 MTM=490.00 Profit=0.08%
2026-07-16 12:03:13 INFO     strategy        PnL: 12:03:13 MTM=496.00 Profit=0.08%
2026-07-16 12:03:14 INFO     strategy        PnL: 12:03:14 MTM=500.00 Profit=0.08%
2026-07-16 12:03:15 INFO     strategy        PnL: 12:03:15 MTM=468.00 Profit=0.07%
2026-07-16 12:03:16 INFO     strategy        PnL: 12:03:16 MTM=496.00 Profit=0.08%
2026-07-16 12:03:17 INFO     strategy        PnL: 12:03:17 MTM=500.00 Profit=0.08%
2026-07-16 12:03:18 INFO     strategy        PnL: 12:03:18 MTM=500.00 Profit=0.08%
2026-07-16 12:03:19 INFO     strategy        PnL: 12:03:19 MTM=517.00 Profit=0.08%
2026-07-16 12:03:20 INFO     strategy        PnL: 12:03:20 MTM=516.00 Profit=0.08%
2026-07-16 12:03:21 INFO     strategy        PnL: 12:03:21 MTM=500.00 Profit=0.08%
2026-07-16 12:03:22 INFO     strategy        PnL: 12:03:22 MTM=525.00 Profit=0.08%
2026-07-16 12:03:23 INFO     strategy        PnL: 12:03:23 MTM=490.00 Profit=0.08%
2026-07-16 12:03:24 INFO     strategy        PnL: 12:03:24 MTM=490.00 Profit=0.08%
2026-07-16 12:03:25 INFO     strategy        PnL: 12:03:25 MTM=499.00 Profit=0.08%
2026-07-16 12:03:26 INFO     strategy        PnL: 12:03:26 MTM=497.00 Profit=0.08%
2026-07-16 12:03:27 INFO     strategy        PnL: 12:03:27 MTM=513.00 Profit=0.08%
2026-07-16 12:03:29 INFO     strategy        PnL: 12:03:29 MTM=496.00 Profit=0.08%
2026-07-16 12:03:30 INFO     strategy        PnL: 12:03:30 MTM=522.00 Profit=0.08%
2026-07-16 12:03:31 INFO     strategy        PnL: 12:03:31 MTM=490.00 Profit=0.08%
2026-07-16 12:03:32 INFO     strategy        PnL: 12:03:32 MTM=531.00 Profit=0.08%
2026-07-16 12:03:33 INFO     strategy        PnL: 12:03:33 MTM=535.00 Profit=0.08%
2026-07-16 12:03:34 INFO     strategy        PnL: 12:03:34 MTM=543.00 Profit=0.08%
2026-07-16 12:03:35 INFO     strategy        PnL: 12:03:35 MTM=519.00 Profit=0.08%
2026-07-16 12:03:36 INFO     strategy        PnL: 12:03:36 MTM=499.00 Profit=0.08%
2026-07-16 12:03:37 INFO     strategy        PnL: 12:03:37 MTM=531.00 Profit=0.08%
2026-07-16 12:03:38 INFO     strategy        PnL: 12:03:38 MTM=524.00 Profit=0.08%
2026-07-16 12:03:39 INFO     strategy        PnL: 12:03:39 MTM=541.00 Profit=0.08%
2026-07-16 12:03:40 INFO     strategy        PnL: 12:03:40 MTM=530.00 Profit=0.08%
2026-07-16 12:03:41 INFO     strategy        PnL: 12:03:41 MTM=534.00 Profit=0.08%
2026-07-16 12:03:42 INFO     strategy        PnL: 12:03:42 MTM=495.00 Profit=0.08%
2026-07-16 12:03:43 INFO     strategy        PnL: 12:03:43 MTM=565.00 Profit=0.09%
2026-07-16 12:03:44 INFO     strategy        PnL: 12:03:44 MTM=529.00 Profit=0.08%
2026-07-16 12:03:45 INFO     strategy        PnL: 12:03:45 MTM=517.00 Profit=0.08%
2026-07-16 12:03:46 INFO     strategy        PnL: 12:03:46 MTM=527.00 Profit=0.08%
2026-07-16 12:03:47 INFO     strategy        PnL: 12:03:47 MTM=531.00 Profit=0.08%
2026-07-16 12:03:48 INFO     strategy        PnL: 12:03:48 MTM=528.00 Profit=0.08%
2026-07-16 12:03:49 INFO     strategy        PnL: 12:03:49 MTM=526.00 Profit=0.08%
2026-07-16 12:03:50 INFO     strategy        PnL: 12:03:50 MTM=535.00 Profit=0.08%
2026-07-16 12:03:51 INFO     strategy        PnL: 12:03:51 MTM=534.00 Profit=0.08%
2026-07-16 12:03:52 INFO     strategy        PnL: 12:03:52 MTM=528.00 Profit=0.08%
2026-07-16 12:03:53 INFO     strategy        PnL: 12:03:53 MTM=537.00 Profit=0.08%
2026-07-16 12:03:54 INFO     strategy        PnL: 12:03:54 MTM=549.00 Profit=0.08%
2026-07-16 12:03:55 INFO     strategy        PnL: 12:03:55 MTM=526.00 Profit=0.08%
2026-07-16 12:03:56 INFO     strategy        PnL: 12:03:56 MTM=537.00 Profit=0.08%
2026-07-16 12:03:57 INFO     strategy        PnL: 12:03:57 MTM=511.00 Profit=0.08%
2026-07-16 12:03:58 INFO     strategy        PnL: 12:03:58 MTM=521.00 Profit=0.08%
2026-07-16 12:03:59 INFO     strategy        PnL: 12:03:59 MTM=515.00 Profit=0.08%
2026-07-16 12:04:00 INFO     strategy        PnL: 12:04:00 MTM=561.00 Profit=0.09%
2026-07-16 12:04:01 INFO     strategy        PnL: 12:04:01 MTM=517.00 Profit=0.08%
2026-07-16 12:04:02 INFO     strategy        PnL: 12:04:02 MTM=517.00 Profit=0.08%
2026-07-16 12:04:03 INFO     strategy        PnL: 12:04:03 MTM=540.00 Profit=0.08%
2026-07-16 12:04:04 INFO     strategy        PnL: 12:04:04 MTM=542.00 Profit=0.08%
2026-07-16 12:04:05 INFO     strategy        PnL: 12:04:05 MTM=533.00 Profit=0.08%
2026-07-16 12:04:06 INFO     strategy        PnL: 12:04:06 MTM=559.00 Profit=0.09%
2026-07-16 12:04:07 INFO     strategy        PnL: 12:04:07 MTM=526.00 Profit=0.08%
2026-07-16 12:04:08 INFO     strategy        PnL: 12:04:08 MTM=536.00 Profit=0.08%
2026-07-16 12:04:09 INFO     strategy        PnL: 12:04:09 MTM=549.00 Profit=0.08%
2026-07-16 12:04:10 INFO     strategy        PnL: 12:04:10 MTM=546.00 Profit=0.08%
2026-07-16 12:04:11 INFO     strategy        PnL: 12:04:11 MTM=591.00 Profit=0.09%
2026-07-16 12:04:12 INFO     strategy        PnL: 12:04:12 MTM=560.00 Profit=0.09%
2026-07-16 12:04:13 INFO     strategy        PnL: 12:04:13 MTM=531.00 Profit=0.08%
2026-07-16 12:04:14 INFO     strategy        PnL: 12:04:14 MTM=545.00 Profit=0.08%
2026-07-16 12:04:15 INFO     strategy        PnL: 12:04:15 MTM=559.00 Profit=0.09%
2026-07-16 12:04:16 INFO     strategy        PnL: 12:04:16 MTM=514.00 Profit=0.08%
2026-07-16 12:04:17 INFO     strategy        PnL: 12:04:17 MTM=509.00 Profit=0.08%
2026-07-16 12:04:18 INFO     strategy        PnL: 12:04:18 MTM=510.00 Profit=0.08%
2026-07-16 12:04:19 INFO     strategy        PnL: 12:04:19 MTM=553.00 Profit=0.09%
2026-07-16 12:04:20 INFO     strategy        PnL: 12:04:20 MTM=577.00 Profit=0.09%
2026-07-16 12:04:21 INFO     strategy        PnL: 12:04:21 MTM=536.00 Profit=0.08%
2026-07-16 12:04:22 INFO     strategy        PnL: 12:04:22 MTM=577.00 Profit=0.09%
2026-07-16 12:04:23 INFO     strategy        PnL: 12:04:23 MTM=573.00 Profit=0.09%
2026-07-16 12:04:24 INFO     strategy        PnL: 12:04:24 MTM=566.00 Profit=0.09%
2026-07-16 12:04:25 INFO     strategy        PnL: 12:04:25 MTM=547.00 Profit=0.08%
2026-07-16 12:04:26 INFO     strategy        PnL: 12:04:26 MTM=558.00 Profit=0.09%
2026-07-16 12:04:27 INFO     strategy        PnL: 12:04:27 MTM=526.00 Profit=0.08%
2026-07-16 12:04:28 INFO     strategy        PnL: 12:04:28 MTM=530.00 Profit=0.08%
2026-07-16 12:04:29 INFO     strategy        PnL: 12:04:29 MTM=546.00 Profit=0.08%
2026-07-16 12:04:30 INFO     strategy        PnL: 12:04:30 MTM=551.00 Profit=0.08%
2026-07-16 12:04:31 INFO     strategy        PnL: 12:04:31 MTM=543.00 Profit=0.08%
2026-07-16 12:04:32 INFO     strategy        PnL: 12:04:32 MTM=555.00 Profit=0.09%
2026-07-16 12:04:33 INFO     strategy        PnL: 12:04:33 MTM=566.00 Profit=0.09%
2026-07-16 12:04:34 INFO     strategy        PnL: 12:04:34 MTM=527.00 Profit=0.08%
2026-07-16 12:04:35 INFO     strategy        PnL: 12:04:35 MTM=511.00 Profit=0.08%
2026-07-16 12:04:36 INFO     strategy        PnL: 12:04:36 MTM=530.00 Profit=0.08%
2026-07-16 12:04:37 INFO     strategy        PnL: 12:04:37 MTM=531.00 Profit=0.08%
2026-07-16 12:04:38 INFO     strategy        PnL: 12:04:38 MTM=514.00 Profit=0.08%
2026-07-16 12:04:39 INFO     strategy        PnL: 12:04:39 MTM=482.00 Profit=0.07%
2026-07-16 12:04:40 INFO     strategy        PnL: 12:04:40 MTM=546.00 Profit=0.08%
2026-07-16 12:04:41 INFO     strategy        PnL: 12:04:41 MTM=535.00 Profit=0.08%
2026-07-16 12:04:42 INFO     strategy        PnL: 12:04:42 MTM=536.00 Profit=0.08%
2026-07-16 12:04:43 INFO     strategy        PnL: 12:04:43 MTM=535.00 Profit=0.08%
2026-07-16 12:04:44 INFO     strategy        PnL: 12:04:44 MTM=541.00 Profit=0.08%
2026-07-16 12:04:45 INFO     strategy        PnL: 12:04:45 MTM=553.00 Profit=0.09%
2026-07-16 12:04:46 INFO     strategy        PnL: 12:04:46 MTM=545.00 Profit=0.08%
2026-07-16 12:04:47 INFO     strategy        PnL: 12:04:47 MTM=545.00 Profit=0.08%
2026-07-16 12:04:48 INFO     strategy        PnL: 12:04:48 MTM=536.00 Profit=0.08%
2026-07-16 12:04:49 INFO     strategy        PnL: 12:04:49 MTM=544.00 Profit=0.08%
2026-07-16 12:04:50 INFO     strategy        PnL: 12:04:50 MTM=561.00 Profit=0.09%
2026-07-16 12:04:51 INFO     strategy        PnL: 12:04:51 MTM=536.00 Profit=0.08%
2026-07-16 12:04:52 INFO     strategy        PnL: 12:04:52 MTM=554.00 Profit=0.09%
2026-07-16 12:04:53 INFO     strategy        PnL: 12:04:53 MTM=558.00 Profit=0.09%
2026-07-16 12:04:54 INFO     strategy        PnL: 12:04:54 MTM=537.00 Profit=0.08%
2026-07-16 12:04:55 INFO     strategy        PnL: 12:04:55 MTM=556.00 Profit=0.09%
2026-07-16 12:04:56 INFO     strategy        PnL: 12:04:56 MTM=555.00 Profit=0.09%
2026-07-16 12:04:57 INFO     strategy        PnL: 12:04:57 MTM=553.00 Profit=0.09%
2026-07-16 12:04:58 INFO     strategy        PnL: 12:04:58 MTM=564.00 Profit=0.09%
2026-07-16 12:04:59 INFO     strategy        PnL: 12:04:59 MTM=524.00 Profit=0.08%
2026-07-16 12:05:00 INFO     strategy        PnL: 12:05:00 MTM=586.00 Profit=0.09%
2026-07-16 12:05:01 INFO     strategy        PnL: 12:05:01 MTM=532.00 Profit=0.08%
2026-07-16 12:05:02 INFO     strategy        PnL: 12:05:02 MTM=518.00 Profit=0.08%
2026-07-16 12:05:03 INFO     strategy        PnL: 12:05:03 MTM=557.00 Profit=0.09%
2026-07-16 12:05:04 INFO     strategy        PnL: 12:05:04 MTM=562.00 Profit=0.09%
2026-07-16 12:05:05 INFO     strategy        PnL: 12:05:05 MTM=548.00 Profit=0.08%
2026-07-16 12:05:06 INFO     strategy        PnL: 12:05:06 MTM=579.00 Profit=0.09%
2026-07-16 12:05:07 INFO     strategy        PnL: 12:05:07 MTM=537.00 Profit=0.08%
2026-07-16 12:05:08 INFO     strategy        PnL: 12:05:08 MTM=541.00 Profit=0.08%
2026-07-16 12:05:09 INFO     strategy        PnL: 12:05:09 MTM=528.00 Profit=0.08%
2026-07-16 12:05:10 INFO     strategy        PnL: 12:05:10 MTM=526.00 Profit=0.08%
2026-07-16 12:05:11 INFO     strategy        PnL: 12:05:11 MTM=584.00 Profit=0.09%
2026-07-16 12:05:12 INFO     strategy        PnL: 12:05:12 MTM=561.00 Profit=0.09%
2026-07-16 12:05:13 INFO     strategy        PnL: 12:05:13 MTM=528.00 Profit=0.08%
2026-07-16 12:05:14 INFO     strategy        PnL: 12:05:14 MTM=579.00 Profit=0.09%
2026-07-16 12:05:15 INFO     strategy        PnL: 12:05:15 MTM=537.00 Profit=0.08%
2026-07-16 12:05:16 INFO     strategy        PnL: 12:05:16 MTM=538.00 Profit=0.08%
2026-07-16 12:05:17 INFO     strategy        PnL: 12:05:17 MTM=536.00 Profit=0.08%
2026-07-16 12:05:18 INFO     strategy        PnL: 12:05:18 MTM=532.00 Profit=0.08%
2026-07-16 12:05:19 INFO     strategy        PnL: 12:05:19 MTM=557.00 Profit=0.09%
2026-07-16 12:05:20 INFO     strategy        PnL: 12:05:20 MTM=506.00 Profit=0.08%
2026-07-16 12:05:21 INFO     strategy        PnL: 12:05:21 MTM=543.00 Profit=0.08%
2026-07-16 12:05:22 INFO     strategy        PnL: 12:05:22 MTM=570.00 Profit=0.09%
2026-07-16 12:05:23 INFO     strategy        PnL: 12:05:23 MTM=550.00 Profit=0.08%
2026-07-16 12:05:25 INFO     strategy        PnL: 12:05:25 MTM=556.00 Profit=0.09%
2026-07-16 12:05:26 INFO     strategy        PnL: 12:05:26 MTM=544.00 Profit=0.08%
2026-07-16 12:05:27 INFO     strategy        PnL: 12:05:27 MTM=544.00 Profit=0.08%
2026-07-16 12:05:28 INFO     strategy        PnL: 12:05:28 MTM=556.00 Profit=0.09%
2026-07-16 12:05:29 INFO     strategy        PnL: 12:05:29 MTM=552.00 Profit=0.09%
2026-07-16 12:05:30 INFO     strategy        PnL: 12:05:30 MTM=543.00 Profit=0.08%
2026-07-16 12:05:31 INFO     strategy        PnL: 12:05:31 MTM=564.00 Profit=0.09%
2026-07-16 12:05:32 INFO     strategy        PnL: 12:05:32 MTM=568.00 Profit=0.09%
2026-07-16 12:05:33 INFO     strategy        PnL: 12:05:33 MTM=541.00 Profit=0.08%
2026-07-16 12:05:34 INFO     strategy        PnL: 12:05:34 MTM=549.00 Profit=0.08%
2026-07-16 12:05:35 INFO     strategy        PnL: 12:05:35 MTM=558.00 Profit=0.09%
2026-07-16 12:05:36 INFO     strategy        PnL: 12:05:36 MTM=562.00 Profit=0.09%
2026-07-16 12:05:37 INFO     strategy        PnL: 12:05:37 MTM=540.00 Profit=0.08%
2026-07-16 12:05:38 INFO     strategy        PnL: 12:05:38 MTM=551.00 Profit=0.08%
2026-07-16 12:05:39 INFO     strategy        PnL: 12:05:39 MTM=551.00 Profit=0.08%
2026-07-16 12:05:40 INFO     strategy        PnL: 12:05:40 MTM=570.00 Profit=0.09%
2026-07-16 12:05:41 INFO     strategy        PnL: 12:05:41 MTM=556.00 Profit=0.09%
2026-07-16 12:05:42 INFO     strategy        PnL: 12:05:42 MTM=572.00 Profit=0.09%
2026-07-16 12:05:43 INFO     strategy        PnL: 12:05:43 MTM=533.00 Profit=0.08%
2026-07-16 12:05:44 INFO     strategy        PnL: 12:05:44 MTM=555.00 Profit=0.09%
2026-07-16 12:05:45 INFO     strategy        PnL: 12:05:45 MTM=569.00 Profit=0.09%
2026-07-16 12:05:46 INFO     strategy        PnL: 12:05:46 MTM=605.00 Profit=0.09%
2026-07-16 12:05:47 INFO     strategy        PnL: 12:05:47 MTM=552.00 Profit=0.09%
2026-07-16 12:05:48 INFO     strategy        PnL: 12:05:48 MTM=563.00 Profit=0.09%
2026-07-16 12:05:49 INFO     strategy        PnL: 12:05:49 MTM=572.00 Profit=0.09%
2026-07-16 12:05:50 INFO     strategy        PnL: 12:05:50 MTM=553.00 Profit=0.09%
2026-07-16 12:05:51 INFO     strategy        PnL: 12:05:51 MTM=578.00 Profit=0.09%
2026-07-16 12:05:52 INFO     strategy        PnL: 12:05:52 MTM=568.00 Profit=0.09%
2026-07-16 12:05:53 INFO     strategy        PnL: 12:05:53 MTM=563.00 Profit=0.09%
2026-07-16 12:05:54 INFO     strategy        PnL: 12:05:54 MTM=567.00 Profit=0.09%
2026-07-16 12:05:55 INFO     strategy        PnL: 12:05:55 MTM=556.00 Profit=0.09%
2026-07-16 12:05:56 INFO     strategy        PnL: 12:05:56 MTM=565.00 Profit=0.09%
2026-07-16 12:05:57 INFO     strategy        PnL: 12:05:57 MTM=577.00 Profit=0.09%
2026-07-16 12:05:58 INFO     strategy        PnL: 12:05:58 MTM=566.00 Profit=0.09%
2026-07-16 12:05:59 INFO     strategy        PnL: 12:05:59 MTM=560.00 Profit=0.09%
2026-07-16 12:06:00 INFO     strategy        PnL: 12:06:00 MTM=565.00 Profit=0.09%
2026-07-16 12:06:01 INFO     strategy        PnL: 12:06:01 MTM=563.00 Profit=0.09%
2026-07-16 12:06:02 INFO     strategy        PnL: 12:06:02 MTM=545.00 Profit=0.08%
2026-07-16 12:06:03 INFO     strategy        PnL: 12:06:03 MTM=591.00 Profit=0.09%
2026-07-16 12:06:04 INFO     strategy        PnL: 12:06:04 MTM=564.00 Profit=0.09%
2026-07-16 12:06:05 INFO     strategy        PnL: 12:06:05 MTM=576.00 Profit=0.09%
2026-07-16 12:06:06 INFO     strategy        PnL: 12:06:06 MTM=542.00 Profit=0.08%
2026-07-16 12:06:07 INFO     strategy        PnL: 12:06:07 MTM=552.00 Profit=0.09%
2026-07-16 12:06:08 INFO     strategy        PnL: 12:06:08 MTM=557.00 Profit=0.09%
2026-07-16 12:06:09 INFO     strategy        PnL: 12:06:09 MTM=547.00 Profit=0.08%
2026-07-16 12:06:10 INFO     strategy        PnL: 12:06:10 MTM=597.00 Profit=0.09%
2026-07-16 12:06:11 INFO     strategy        PnL: 12:06:11 MTM=562.00 Profit=0.09%
2026-07-16 12:06:12 INFO     strategy        PnL: 12:06:12 MTM=567.00 Profit=0.09%
2026-07-16 12:06:13 INFO     strategy        PnL: 12:06:13 MTM=541.00 Profit=0.08%
2026-07-16 12:06:14 INFO     strategy        PnL: 12:06:14 MTM=559.00 Profit=0.09%
2026-07-16 12:06:15 INFO     strategy        PnL: 12:06:15 MTM=570.00 Profit=0.09%
2026-07-16 12:06:16 INFO     strategy        PnL: 12:06:16 MTM=570.00 Profit=0.09%
2026-07-16 12:06:17 INFO     strategy        PnL: 12:06:17 MTM=554.00 Profit=0.09%
2026-07-16 12:06:18 INFO     strategy        PnL: 12:06:18 MTM=547.00 Profit=0.08%
2026-07-16 12:06:19 INFO     strategy        PnL: 12:06:19 MTM=544.00 Profit=0.08%
2026-07-16 12:06:20 INFO     strategy        PnL: 12:06:20 MTM=558.00 Profit=0.09%
2026-07-16 12:06:21 INFO     strategy        PnL: 12:06:21 MTM=553.00 Profit=0.09%
2026-07-16 12:06:22 INFO     strategy        PnL: 12:06:22 MTM=560.00 Profit=0.09%
2026-07-16 12:06:23 INFO     strategy        PnL: 12:06:23 MTM=555.00 Profit=0.09%
2026-07-16 12:06:24 INFO     strategy        PnL: 12:06:24 MTM=537.00 Profit=0.08%
2026-07-16 12:06:25 INFO     strategy        PnL: 12:06:25 MTM=556.00 Profit=0.09%
2026-07-16 12:06:26 INFO     strategy        PnL: 12:06:26 MTM=549.00 Profit=0.08%
2026-07-16 12:06:27 INFO     strategy        PnL: 12:06:27 MTM=548.00 Profit=0.08%
2026-07-16 12:06:28 INFO     strategy        PnL: 12:06:28 MTM=598.00 Profit=0.09%
2026-07-16 12:06:29 INFO     strategy        PnL: 12:06:29 MTM=561.00 Profit=0.09%
2026-07-16 12:06:30 INFO     strategy        PnL: 12:06:30 MTM=563.00 Profit=0.09%
2026-07-16 12:06:31 INFO     strategy        PnL: 12:06:31 MTM=530.00 Profit=0.08%
2026-07-16 12:06:32 INFO     strategy        PnL: 12:06:32 MTM=567.00 Profit=0.09%
2026-07-16 12:06:33 INFO     strategy        PnL: 12:06:33 MTM=555.00 Profit=0.09%
2026-07-16 12:06:34 INFO     strategy        PnL: 12:06:34 MTM=576.00 Profit=0.09%
2026-07-16 12:06:35 INFO     strategy        PnL: 12:06:35 MTM=584.00 Profit=0.09%
2026-07-16 12:06:36 INFO     strategy        PnL: 12:06:36 MTM=602.00 Profit=0.09%
2026-07-16 12:06:37 INFO     strategy        PnL: 12:06:37 MTM=557.00 Profit=0.09%
2026-07-16 12:06:38 INFO     strategy        PnL: 12:06:38 MTM=564.00 Profit=0.09%
2026-07-16 12:06:39 INFO     strategy        PnL: 12:06:39 MTM=614.00 Profit=0.09%
2026-07-16 12:06:40 INFO     strategy        PnL: 12:06:40 MTM=587.00 Profit=0.09%
2026-07-16 12:06:41 INFO     strategy        PnL: 12:06:41 MTM=582.00 Profit=0.09%
2026-07-16 12:06:42 INFO     strategy        PnL: 12:06:42 MTM=566.00 Profit=0.09%
2026-07-16 12:06:43 INFO     strategy        PnL: 12:06:43 MTM=554.00 Profit=0.09%
2026-07-16 12:06:44 INFO     strategy        PnL: 12:06:44 MTM=562.00 Profit=0.09%
2026-07-16 12:06:45 INFO     strategy        PnL: 12:06:45 MTM=573.00 Profit=0.09%
2026-07-16 12:06:46 INFO     strategy        PnL: 12:06:46 MTM=578.00 Profit=0.09%
2026-07-16 12:06:47 INFO     strategy        PnL: 12:06:47 MTM=582.00 Profit=0.09%
2026-07-16 12:06:48 INFO     strategy        PnL: 12:06:48 MTM=572.00 Profit=0.09%
2026-07-16 12:06:49 INFO     strategy        PnL: 12:06:49 MTM=564.00 Profit=0.09%
2026-07-16 12:06:50 INFO     strategy        PnL: 12:06:50 MTM=578.00 Profit=0.09%
2026-07-16 12:06:51 INFO     strategy        PnL: 12:06:51 MTM=571.00 Profit=0.09%
2026-07-16 12:06:52 INFO     strategy        PnL: 12:06:52 MTM=588.00 Profit=0.09%
2026-07-16 12:06:53 INFO     strategy        PnL: 12:06:53 MTM=553.00 Profit=0.09%
2026-07-16 12:06:54 INFO     strategy        PnL: 12:06:54 MTM=571.00 Profit=0.09%
2026-07-16 12:06:55 INFO     strategy        PnL: 12:06:55 MTM=557.00 Profit=0.09%
2026-07-16 12:06:56 INFO     strategy        PnL: 12:06:56 MTM=580.00 Profit=0.09%
2026-07-16 12:06:57 INFO     strategy        PnL: 12:06:57 MTM=577.00 Profit=0.09%
2026-07-16 12:06:58 INFO     strategy        PnL: 12:06:58 MTM=570.00 Profit=0.09%
2026-07-16 12:06:59 INFO     strategy        PnL: 12:06:59 MTM=571.00 Profit=0.09%
2026-07-16 12:07:00 INFO     strategy        PnL: 12:07:00 MTM=602.00 Profit=0.09%
2026-07-16 12:07:01 INFO     strategy        PnL: 12:07:01 MTM=555.00 Profit=0.09%
2026-07-16 12:07:02 INFO     strategy        PnL: 12:07:02 MTM=581.00 Profit=0.09%
2026-07-16 12:07:03 INFO     strategy        PnL: 12:07:03 MTM=551.00 Profit=0.08%
2026-07-16 12:07:04 INFO     strategy        PnL: 12:07:04 MTM=571.00 Profit=0.09%
2026-07-16 12:07:05 INFO     strategy        PnL: 12:07:05 MTM=569.00 Profit=0.09%
2026-07-16 12:07:06 INFO     strategy        PnL: 12:07:06 MTM=596.00 Profit=0.09%
2026-07-16 12:07:07 INFO     strategy        PnL: 12:07:07 MTM=574.00 Profit=0.09%
2026-07-16 12:07:09 INFO     strategy        PnL: 12:07:09 MTM=567.00 Profit=0.09%
2026-07-16 12:07:10 INFO     strategy        PnL: 12:07:10 MTM=581.00 Profit=0.09%
2026-07-16 12:07:11 INFO     strategy        PnL: 12:07:11 MTM=593.00 Profit=0.09%
2026-07-16 12:07:12 INFO     strategy        PnL: 12:07:12 MTM=579.00 Profit=0.09%
2026-07-16 12:07:13 INFO     strategy        PnL: 12:07:13 MTM=599.00 Profit=0.09%
2026-07-16 12:07:14 INFO     strategy        PnL: 12:07:14 MTM=588.00 Profit=0.09%
2026-07-16 12:07:15 INFO     strategy        PnL: 12:07:15 MTM=583.00 Profit=0.09%
2026-07-16 12:07:16 INFO     strategy        PnL: 12:07:16 MTM=600.00 Profit=0.09%
2026-07-16 12:07:17 INFO     strategy        PnL: 12:07:17 MTM=588.00 Profit=0.09%
2026-07-16 12:07:18 INFO     strategy        PnL: 12:07:18 MTM=612.00 Profit=0.09%
2026-07-16 12:07:19 INFO     strategy        PnL: 12:07:19 MTM=586.00 Profit=0.09%
2026-07-16 12:07:20 INFO     strategy        PnL: 12:07:20 MTM=578.00 Profit=0.09%
2026-07-16 12:07:21 INFO     strategy        PnL: 12:07:21 MTM=570.00 Profit=0.09%
2026-07-16 12:07:22 INFO     strategy        PnL: 12:07:22 MTM=589.00 Profit=0.09%
2026-07-16 12:07:23 INFO     strategy        PnL: 12:07:23 MTM=591.00 Profit=0.09%
2026-07-16 12:07:24 INFO     strategy        PnL: 12:07:24 MTM=582.00 Profit=0.09%
2026-07-16 12:07:25 INFO     strategy        PnL: 12:07:25 MTM=584.00 Profit=0.09%
2026-07-16 12:07:26 INFO     strategy        PnL: 12:07:26 MTM=604.00 Profit=0.09%
2026-07-16 12:07:27 INFO     strategy        PnL: 12:07:27 MTM=584.00 Profit=0.09%
2026-07-16 12:07:28 INFO     strategy        PnL: 12:07:28 MTM=608.00 Profit=0.09%
2026-07-16 12:07:29 INFO     strategy        PnL: 12:07:29 MTM=589.00 Profit=0.09%
2026-07-16 12:07:30 INFO     strategy        PnL: 12:07:30 MTM=593.00 Profit=0.09%
2026-07-16 12:07:31 INFO     strategy        PnL: 12:07:31 MTM=583.00 Profit=0.09%
2026-07-16 12:07:32 INFO     strategy        PnL: 12:07:32 MTM=546.00 Profit=0.08%
2026-07-16 12:07:33 INFO     strategy        PnL: 12:07:33 MTM=588.00 Profit=0.09%
2026-07-16 12:07:34 INFO     strategy        PnL: 12:07:34 MTM=568.00 Profit=0.09%
2026-07-16 12:07:35 INFO     strategy        PnL: 12:07:35 MTM=561.00 Profit=0.09%
2026-07-16 12:07:36 INFO     strategy        PnL: 12:07:36 MTM=572.00 Profit=0.09%
2026-07-16 12:07:37 INFO     strategy        PnL: 12:07:37 MTM=558.00 Profit=0.09%
2026-07-16 12:07:38 INFO     strategy        PnL: 12:07:38 MTM=562.00 Profit=0.09%
2026-07-16 12:07:39 INFO     strategy        PnL: 12:07:39 MTM=564.00 Profit=0.09%
2026-07-16 12:07:40 INFO     strategy        PnL: 12:07:40 MTM=579.00 Profit=0.09%
2026-07-16 12:07:41 INFO     strategy        PnL: 12:07:41 MTM=564.00 Profit=0.09%
2026-07-16 12:07:42 INFO     strategy        PnL: 12:07:42 MTM=592.00 Profit=0.09%
2026-07-16 12:07:43 INFO     strategy        PnL: 12:07:43 MTM=581.00 Profit=0.09%
2026-07-16 12:07:44 INFO     strategy        PnL: 12:07:44 MTM=580.00 Profit=0.09%
2026-07-16 12:07:45 INFO     strategy        PnL: 12:07:45 MTM=569.00 Profit=0.09%
2026-07-16 12:07:46 INFO     strategy        PnL: 12:07:46 MTM=575.00 Profit=0.09%
2026-07-16 12:07:47 INFO     strategy        PnL: 12:07:47 MTM=590.00 Profit=0.09%
2026-07-16 12:07:48 INFO     strategy        PnL: 12:07:48 MTM=594.00 Profit=0.09%
2026-07-16 12:07:49 INFO     strategy        PnL: 12:07:49 MTM=583.00 Profit=0.09%
2026-07-16 12:07:50 INFO     strategy        PnL: 12:07:50 MTM=588.00 Profit=0.09%
2026-07-16 12:07:51 INFO     strategy        PnL: 12:07:51 MTM=579.00 Profit=0.09%
2026-07-16 12:07:52 INFO     strategy        PnL: 12:07:52 MTM=567.00 Profit=0.09%
2026-07-16 12:07:53 INFO     strategy        PnL: 12:07:53 MTM=569.00 Profit=0.09%
2026-07-16 12:07:54 INFO     strategy        PnL: 12:07:54 MTM=574.00 Profit=0.09%
2026-07-16 12:07:55 INFO     strategy        PnL: 12:07:55 MTM=567.00 Profit=0.09%
2026-07-16 12:07:56 INFO     strategy        PnL: 12:07:56 MTM=555.00 Profit=0.09%
2026-07-16 12:07:57 INFO     strategy        PnL: 12:07:57 MTM=578.00 Profit=0.09%
2026-07-16 12:07:58 INFO     strategy        PnL: 12:07:58 MTM=572.00 Profit=0.09%
2026-07-16 12:07:59 INFO     strategy        PnL: 12:07:59 MTM=570.00 Profit=0.09%
2026-07-16 12:08:00 INFO     strategy        PnL: 12:08:00 MTM=564.00 Profit=0.09%
2026-07-16 12:08:01 INFO     strategy        PnL: 12:08:01 MTM=569.00 Profit=0.09%
2026-07-16 12:08:02 INFO     strategy        PnL: 12:08:02 MTM=569.00 Profit=0.09%
2026-07-16 12:08:03 INFO     strategy        PnL: 12:08:03 MTM=557.00 Profit=0.09%
2026-07-16 12:08:04 INFO     strategy        PnL: 12:08:04 MTM=557.00 Profit=0.09%
2026-07-16 12:08:05 INFO     strategy        PnL: 12:08:05 MTM=558.00 Profit=0.09%
2026-07-16 12:08:06 INFO     strategy        PnL: 12:08:06 MTM=596.00 Profit=0.09%
2026-07-16 12:08:07 INFO     strategy        PnL: 12:08:07 MTM=587.00 Profit=0.09%
2026-07-16 12:08:08 INFO     strategy        PnL: 12:08:08 MTM=578.00 Profit=0.09%
2026-07-16 12:08:09 INFO     strategy        PnL: 12:08:09 MTM=573.00 Profit=0.09%
2026-07-16 12:08:10 INFO     strategy        PnL: 12:08:10 MTM=575.00 Profit=0.09%
2026-07-16 12:08:11 INFO     strategy        PnL: 12:08:11 MTM=580.00 Profit=0.09%
2026-07-16 12:08:12 INFO     strategy        PnL: 12:08:12 MTM=569.00 Profit=0.09%
2026-07-16 12:08:13 INFO     strategy        PnL: 12:08:13 MTM=564.00 Profit=0.09%
2026-07-16 12:08:14 INFO     strategy        PnL: 12:08:14 MTM=531.00 Profit=0.08%
2026-07-16 12:08:15 INFO     strategy        PnL: 12:08:15 MTM=577.00 Profit=0.09%
2026-07-16 12:08:16 INFO     strategy        PnL: 12:08:16 MTM=568.00 Profit=0.09%
2026-07-16 12:08:17 INFO     strategy        PnL: 12:08:17 MTM=566.00 Profit=0.09%
2026-07-16 12:08:18 INFO     strategy        PnL: 12:08:18 MTM=552.00 Profit=0.09%
2026-07-16 12:08:19 INFO     strategy        PnL: 12:08:19 MTM=548.00 Profit=0.08%
2026-07-16 12:08:20 INFO     strategy        PnL: 12:08:20 MTM=559.00 Profit=0.09%
2026-07-16 12:08:21 INFO     strategy        PnL: 12:08:21 MTM=563.00 Profit=0.09%
2026-07-16 12:08:22 INFO     strategy        PnL: 12:08:22 MTM=564.00 Profit=0.09%
2026-07-16 12:08:23 INFO     strategy        PnL: 12:08:23 MTM=567.00 Profit=0.09%
2026-07-16 12:08:24 INFO     strategy        PnL: 12:08:24 MTM=555.00 Profit=0.09%
2026-07-16 12:08:25 INFO     strategy        PnL: 12:08:25 MTM=570.00 Profit=0.09%
2026-07-16 12:08:26 INFO     strategy        PnL: 12:08:26 MTM=562.00 Profit=0.09%
2026-07-16 12:08:27 INFO     strategy        PnL: 12:08:27 MTM=549.00 Profit=0.08%
2026-07-16 12:08:28 INFO     strategy        PnL: 12:08:28 MTM=555.00 Profit=0.09%
2026-07-16 12:08:29 INFO     strategy        PnL: 12:08:29 MTM=550.00 Profit=0.08%
2026-07-16 12:08:30 INFO     strategy        PnL: 12:08:30 MTM=540.00 Profit=0.08%
2026-07-16 12:08:31 INFO     strategy        PnL: 12:08:31 MTM=560.00 Profit=0.09%
2026-07-16 12:08:32 INFO     strategy        PnL: 12:08:32 MTM=535.00 Profit=0.08%
2026-07-16 12:08:33 INFO     strategy        PnL: 12:08:33 MTM=536.00 Profit=0.08%
2026-07-16 12:08:34 INFO     strategy        PnL: 12:08:34 MTM=532.00 Profit=0.08%
2026-07-16 12:08:35 INFO     strategy        PnL: 12:08:35 MTM=538.00 Profit=0.08%
2026-07-16 12:08:36 INFO     strategy        PnL: 12:08:36 MTM=547.00 Profit=0.08%
2026-07-16 12:08:37 INFO     strategy        PnL: 12:08:37 MTM=542.00 Profit=0.08%
2026-07-16 12:08:38 INFO     strategy        PnL: 12:08:38 MTM=546.00 Profit=0.08%
2026-07-16 12:08:39 INFO     strategy        PnL: 12:08:39 MTM=549.00 Profit=0.08%
2026-07-16 12:08:40 INFO     strategy        PnL: 12:08:40 MTM=544.00 Profit=0.08%
2026-07-16 12:08:41 INFO     strategy        PnL: 12:08:41 MTM=544.00 Profit=0.08%
2026-07-16 12:08:42 INFO     strategy        PnL: 12:08:42 MTM=555.00 Profit=0.09%
2026-07-16 12:08:43 INFO     strategy        PnL: 12:08:43 MTM=534.00 Profit=0.08%
2026-07-16 12:08:44 INFO     strategy        PnL: 12:08:44 MTM=547.00 Profit=0.08%
2026-07-16 12:08:45 INFO     strategy        PnL: 12:08:45 MTM=538.00 Profit=0.08%
2026-07-16 12:08:46 INFO     strategy        PnL: 12:08:46 MTM=561.00 Profit=0.09%
2026-07-16 12:08:47 INFO     strategy        PnL: 12:08:47 MTM=552.00 Profit=0.09%
2026-07-16 12:08:48 INFO     strategy        PnL: 12:08:48 MTM=544.00 Profit=0.08%
2026-07-16 12:08:49 INFO     strategy        PnL: 12:08:49 MTM=543.00 Profit=0.08%
2026-07-16 12:08:50 INFO     strategy        PnL: 12:08:50 MTM=543.00 Profit=0.08%
2026-07-16 12:08:51 INFO     strategy        PnL: 12:08:51 MTM=541.00 Profit=0.08%
2026-07-16 12:08:52 INFO     strategy        PnL: 12:08:52 MTM=555.00 Profit=0.09%
2026-07-16 12:08:53 INFO     strategy        PnL: 12:08:53 MTM=552.00 Profit=0.09%
2026-07-16 12:08:54 INFO     strategy        PnL: 12:08:54 MTM=555.00 Profit=0.09%
2026-07-16 12:08:55 INFO     strategy        PnL: 12:08:55 MTM=540.00 Profit=0.08%
2026-07-16 12:08:56 INFO     strategy        PnL: 12:08:56 MTM=563.00 Profit=0.09%
2026-07-16 12:08:57 INFO     strategy        PnL: 12:08:57 MTM=557.00 Profit=0.09%
2026-07-16 12:08:58 INFO     strategy        PnL: 12:08:58 MTM=577.00 Profit=0.09%
2026-07-16 12:08:59 INFO     strategy        PnL: 12:08:59 MTM=562.00 Profit=0.09%
2026-07-16 12:09:00 INFO     strategy        PnL: 12:09:00 MTM=563.00 Profit=0.09%
2026-07-16 12:09:02 INFO     strategy        PnL: 12:09:02 MTM=564.00 Profit=0.09%
2026-07-16 12:09:03 INFO     strategy        PnL: 12:09:03 MTM=576.00 Profit=0.09%
2026-07-16 12:09:04 INFO     strategy        PnL: 12:09:03 MTM=554.00 Profit=0.09%
2026-07-16 12:09:05 INFO     strategy        PnL: 12:09:05 MTM=552.00 Profit=0.09%
2026-07-16 12:09:06 INFO     strategy        PnL: 12:09:06 MTM=560.00 Profit=0.09%
2026-07-16 12:09:07 INFO     strategy        PnL: 12:09:07 MTM=572.00 Profit=0.09%
2026-07-16 12:09:08 INFO     strategy        PnL: 12:09:08 MTM=562.00 Profit=0.09%
2026-07-16 12:09:09 INFO     strategy        PnL: 12:09:09 MTM=569.00 Profit=0.09%
2026-07-16 12:09:10 INFO     strategy        PnL: 12:09:10 MTM=549.00 Profit=0.08%
2026-07-16 12:09:11 INFO     strategy        PnL: 12:09:11 MTM=563.00 Profit=0.09%
2026-07-16 12:09:12 INFO     strategy        PnL: 12:09:12 MTM=556.00 Profit=0.09%
2026-07-16 12:09:13 INFO     strategy        PnL: 12:09:13 MTM=556.00 Profit=0.09%
2026-07-16 12:09:14 INFO     strategy        PnL: 12:09:14 MTM=538.00 Profit=0.08%
2026-07-16 12:09:15 INFO     strategy        PnL: 12:09:15 MTM=539.00 Profit=0.08%
2026-07-16 12:09:16 INFO     strategy        PnL: 12:09:16 MTM=567.00 Profit=0.09%
2026-07-16 12:09:17 INFO     strategy        PnL: 12:09:17 MTM=554.00 Profit=0.09%
2026-07-16 12:09:18 INFO     strategy        PnL: 12:09:18 MTM=571.00 Profit=0.09%
2026-07-16 12:09:19 INFO     strategy        PnL: 12:09:19 MTM=556.00 Profit=0.09%
2026-07-16 12:09:20 INFO     strategy        PnL: 12:09:20 MTM=585.00 Profit=0.09%
2026-07-16 12:09:21 INFO     strategy        PnL: 12:09:21 MTM=571.00 Profit=0.09%
2026-07-16 12:09:22 INFO     strategy        PnL: 12:09:22 MTM=557.00 Profit=0.09%
2026-07-16 12:09:23 INFO     strategy        PnL: 12:09:23 MTM=538.00 Profit=0.08%
2026-07-16 12:09:24 INFO     strategy        PnL: 12:09:24 MTM=549.00 Profit=0.08%
2026-07-16 12:09:25 INFO     strategy        PnL: 12:09:25 MTM=542.00 Profit=0.08%
2026-07-16 12:09:26 INFO     strategy        PnL: 12:09:26 MTM=569.00 Profit=0.09%
2026-07-16 12:09:27 INFO     strategy        PnL: 12:09:27 MTM=567.00 Profit=0.09%
2026-07-16 12:09:28 INFO     strategy        PnL: 12:09:28 MTM=577.00 Profit=0.09%
2026-07-16 12:09:29 INFO     strategy        PnL: 12:09:29 MTM=553.00 Profit=0.09%
2026-07-16 12:09:30 INFO     strategy        PnL: 12:09:30 MTM=582.00 Profit=0.09%
2026-07-16 12:09:31 INFO     strategy        PnL: 12:09:31 MTM=584.00 Profit=0.09%
2026-07-16 12:09:32 INFO     strategy        PnL: 12:09:32 MTM=576.00 Profit=0.09%
2026-07-16 12:09:33 INFO     strategy        PnL: 12:09:33 MTM=587.00 Profit=0.09%
2026-07-16 12:09:34 INFO     strategy        PnL: 12:09:34 MTM=547.00 Profit=0.08%
2026-07-16 12:09:35 INFO     strategy        PnL: 12:09:35 MTM=575.00 Profit=0.09%
2026-07-16 12:09:36 INFO     strategy        PnL: 12:09:36 MTM=588.00 Profit=0.09%
2026-07-16 12:09:37 INFO     strategy        PnL: 12:09:37 MTM=597.00 Profit=0.09%
2026-07-16 12:09:38 INFO     strategy        PnL: 12:09:38 MTM=582.00 Profit=0.09%
2026-07-16 12:09:39 INFO     strategy        PnL: 12:09:39 MTM=592.00 Profit=0.09%
2026-07-16 12:09:40 INFO     strategy        PnL: 12:09:40 MTM=594.00 Profit=0.09%
2026-07-16 12:09:41 INFO     strategy        PnL: 12:09:41 MTM=610.00 Profit=0.09%
2026-07-16 12:09:42 INFO     strategy        PnL: 12:09:42 MTM=582.00 Profit=0.09%
2026-07-16 12:09:43 INFO     strategy        PnL: 12:09:43 MTM=587.00 Profit=0.09%
2026-07-16 12:09:44 INFO     strategy        PnL: 12:09:44 MTM=592.00 Profit=0.09%
2026-07-16 12:09:45 INFO     strategy        PnL: 12:09:45 MTM=586.00 Profit=0.09%
2026-07-16 12:09:46 INFO     strategy        PnL: 12:09:46 MTM=575.00 Profit=0.09%
2026-07-16 12:09:47 INFO     strategy        PnL: 12:09:47 MTM=580.00 Profit=0.09%
2026-07-16 12:09:48 INFO     strategy        PnL: 12:09:48 MTM=592.00 Profit=0.09%
2026-07-16 12:09:49 INFO     strategy        PnL: 12:09:49 MTM=606.00 Profit=0.09%
2026-07-16 12:09:50 INFO     strategy        PnL: 12:09:50 MTM=574.00 Profit=0.09%
2026-07-16 12:09:51 INFO     strategy        PnL: 12:09:51 MTM=580.00 Profit=0.09%
2026-07-16 12:09:52 INFO     strategy        PnL: 12:09:52 MTM=580.00 Profit=0.09%
2026-07-16 12:09:53 INFO     strategy        PnL: 12:09:53 MTM=579.00 Profit=0.09%
2026-07-16 12:09:54 INFO     strategy        PnL: 12:09:54 MTM=597.00 Profit=0.09%
2026-07-16 12:09:55 INFO     strategy        PnL: 12:09:55 MTM=590.00 Profit=0.09%
2026-07-16 12:09:56 INFO     strategy        PnL: 12:09:56 MTM=579.00 Profit=0.09%
2026-07-16 12:09:57 INFO     strategy        PnL: 12:09:57 MTM=576.00 Profit=0.09%
2026-07-16 12:09:58 INFO     strategy        PnL: 12:09:58 MTM=581.00 Profit=0.09%
2026-07-16 12:09:59 INFO     strategy        PnL: 12:09:59 MTM=566.00 Profit=0.09%
2026-07-16 12:10:00 INFO     strategy        PnL: 12:10:00 MTM=554.00 Profit=0.09%
2026-07-16 12:10:01 INFO     strategy        PnL: 12:10:01 MTM=554.00 Profit=0.09%
2026-07-16 12:10:02 INFO     strategy        PnL: 12:10:02 MTM=588.00 Profit=0.09%
2026-07-16 12:10:03 INFO     strategy        PnL: 12:10:03 MTM=563.00 Profit=0.09%
2026-07-16 12:10:04 INFO     strategy        PnL: 12:10:04 MTM=556.00 Profit=0.09%
2026-07-16 12:10:05 INFO     strategy        PnL: 12:10:05 MTM=566.00 Profit=0.09%
2026-07-16 12:10:06 INFO     strategy        PnL: 12:10:06 MTM=552.00 Profit=0.09%
2026-07-16 12:10:07 INFO     strategy        PnL: 12:10:07 MTM=553.00 Profit=0.09%
2026-07-16 12:10:08 INFO     strategy        PnL: 12:10:08 MTM=563.00 Profit=0.09%
2026-07-16 12:10:09 INFO     strategy        PnL: 12:10:09 MTM=572.00 Profit=0.09%
2026-07-16 12:10:10 INFO     strategy        PnL: 12:10:10 MTM=545.00 Profit=0.08%
2026-07-16 12:10:11 INFO     strategy        PnL: 12:10:11 MTM=559.00 Profit=0.09%
2026-07-16 12:10:12 INFO     strategy        PnL: 12:10:12 MTM=570.00 Profit=0.09%
2026-07-16 12:10:13 INFO     strategy        PnL: 12:10:13 MTM=573.00 Profit=0.09%
2026-07-16 12:10:14 INFO     strategy        PnL: 12:10:14 MTM=551.00 Profit=0.08%
2026-07-16 12:10:15 INFO     strategy        PnL: 12:10:15 MTM=544.00 Profit=0.08%
2026-07-16 12:10:16 INFO     strategy        PnL: 12:10:16 MTM=556.00 Profit=0.09%
2026-07-16 12:10:17 INFO     strategy        PnL: 12:10:17 MTM=551.00 Profit=0.08%
2026-07-16 12:10:18 INFO     strategy        PnL: 12:10:18 MTM=551.00 Profit=0.08%
2026-07-16 12:10:19 INFO     strategy        PnL: 12:10:19 MTM=536.00 Profit=0.08%
2026-07-16 12:10:20 INFO     strategy        PnL: 12:10:20 MTM=550.00 Profit=0.08%
2026-07-16 12:10:21 INFO     strategy        PnL: 12:10:21 MTM=544.00 Profit=0.08%
2026-07-16 12:10:22 INFO     strategy        PnL: 12:10:22 MTM=577.00 Profit=0.09%
2026-07-16 12:10:23 INFO     strategy        PnL: 12:10:23 MTM=553.00 Profit=0.09%
2026-07-16 12:10:24 INFO     strategy        PnL: 12:10:24 MTM=545.00 Profit=0.08%
2026-07-16 12:10:25 INFO     strategy        PnL: 12:10:25 MTM=532.00 Profit=0.08%
2026-07-16 12:10:26 INFO     strategy        PnL: 12:10:26 MTM=549.00 Profit=0.08%
2026-07-16 12:10:27 INFO     strategy        PnL: 12:10:27 MTM=542.00 Profit=0.08%
2026-07-16 12:10:28 INFO     strategy        PnL: 12:10:28 MTM=559.00 Profit=0.09%
2026-07-16 12:10:29 INFO     strategy        PnL: 12:10:29 MTM=547.00 Profit=0.08%
2026-07-16 12:10:30 INFO     strategy        PnL: 12:10:30 MTM=549.00 Profit=0.08%
2026-07-16 12:10:31 INFO     strategy        PnL: 12:10:31 MTM=541.00 Profit=0.08%
2026-07-16 12:10:32 INFO     strategy        PnL: 12:10:32 MTM=555.00 Profit=0.09%
2026-07-16 12:10:33 INFO     strategy        PnL: 12:10:33 MTM=542.00 Profit=0.08%
2026-07-16 12:10:34 INFO     strategy        PnL: 12:10:34 MTM=527.00 Profit=0.08%
2026-07-16 12:10:35 INFO     strategy        PnL: 12:10:35 MTM=538.00 Profit=0.08%
2026-07-16 12:10:36 INFO     strategy        PnL: 12:10:36 MTM=524.00 Profit=0.08%
2026-07-16 12:10:37 INFO     strategy        PnL: 12:10:37 MTM=548.00 Profit=0.08%
2026-07-16 12:10:38 INFO     strategy        PnL: 12:10:38 MTM=549.00 Profit=0.08%
2026-07-16 12:10:39 INFO     strategy        PnL: 12:10:39 MTM=527.00 Profit=0.08%
2026-07-16 12:10:40 INFO     strategy        PnL: 12:10:40 MTM=527.00 Profit=0.08%
2026-07-16 12:10:41 INFO     strategy        PnL: 12:10:41 MTM=537.00 Profit=0.08%
2026-07-16 12:10:42 INFO     strategy        PnL: 12:10:42 MTM=529.00 Profit=0.08%
2026-07-16 12:10:43 INFO     strategy        PnL: 12:10:43 MTM=508.00 Profit=0.08%
2026-07-16 12:10:44 INFO     strategy        PnL: 12:10:44 MTM=519.00 Profit=0.08%
2026-07-16 12:10:45 INFO     strategy        PnL: 12:10:45 MTM=526.00 Profit=0.08%
2026-07-16 12:10:46 INFO     strategy        PnL: 12:10:46 MTM=561.00 Profit=0.09%
2026-07-16 12:10:47 INFO     strategy        PnL: 12:10:47 MTM=557.00 Profit=0.09%
2026-07-16 12:10:48 INFO     strategy        PnL: 12:10:48 MTM=523.00 Profit=0.08%
2026-07-16 12:10:49 INFO     strategy        PnL: 12:10:49 MTM=560.00 Profit=0.09%
2026-07-16 12:10:50 INFO     strategy        PnL: 12:10:50 MTM=543.00 Profit=0.08%
2026-07-16 12:10:51 INFO     strategy        PnL: 12:10:51 MTM=542.00 Profit=0.08%
2026-07-16 12:10:52 INFO     strategy        PnL: 12:10:52 MTM=509.00 Profit=0.08%
2026-07-16 12:10:53 INFO     strategy        PnL: 12:10:53 MTM=520.00 Profit=0.08%
2026-07-16 12:10:54 INFO     strategy        PnL: 12:10:54 MTM=519.00 Profit=0.08%
2026-07-16 12:10:55 INFO     strategy        PnL: 12:10:55 MTM=512.00 Profit=0.08%
2026-07-16 12:10:56 INFO     strategy        PnL: 12:10:56 MTM=516.00 Profit=0.08%
2026-07-16 12:10:57 INFO     strategy        PnL: 12:10:57 MTM=536.00 Profit=0.08%
2026-07-16 12:10:58 INFO     strategy        PnL: 12:10:58 MTM=530.00 Profit=0.08%
2026-07-16 12:10:59 INFO     strategy        PnL: 12:10:59 MTM=502.00 Profit=0.08%
2026-07-16 12:11:00 INFO     strategy        PnL: 12:11:00 MTM=559.00 Profit=0.09%
2026-07-16 12:11:01 INFO     strategy        PnL: 12:11:01 MTM=505.00 Profit=0.08%
2026-07-16 12:11:02 INFO     strategy        PnL: 12:11:02 MTM=489.00 Profit=0.08%
2026-07-16 12:11:03 INFO     strategy        PnL: 12:11:03 MTM=517.00 Profit=0.08%
2026-07-16 12:11:04 INFO     strategy        PnL: 12:11:04 MTM=517.00 Profit=0.08%
2026-07-16 12:11:05 INFO     strategy        PnL: 12:11:05 MTM=544.00 Profit=0.08%
2026-07-16 12:11:06 INFO     strategy        PnL: 12:11:06 MTM=475.00 Profit=0.07%
2026-07-16 12:11:07 INFO     strategy        PnL: 12:11:07 MTM=500.00 Profit=0.08%
2026-07-16 12:11:08 INFO     strategy        PnL: 12:11:08 MTM=541.00 Profit=0.08%
2026-07-16 12:11:09 INFO     strategy        PnL: 12:11:09 MTM=532.00 Profit=0.08%
2026-07-16 12:11:11 INFO     strategy        PnL: 12:11:11 MTM=485.00 Profit=0.07%
2026-07-16 12:11:12 INFO     strategy        PnL: 12:11:12 MTM=532.00 Profit=0.08%
2026-07-16 12:11:13 INFO     strategy        PnL: 12:11:13 MTM=491.00 Profit=0.08%
2026-07-16 12:11:14 INFO     strategy        PnL: 12:11:14 MTM=512.00 Profit=0.08%
2026-07-16 12:11:15 INFO     strategy        PnL: 12:11:15 MTM=553.00 Profit=0.09%
2026-07-16 12:11:16 INFO     strategy        PnL: 12:11:16 MTM=547.00 Profit=0.08%
2026-07-16 12:11:17 INFO     strategy        PnL: 12:11:17 MTM=507.00 Profit=0.08%
2026-07-16 12:11:18 INFO     strategy        PnL: 12:11:18 MTM=502.00 Profit=0.08%
2026-07-16 12:11:19 INFO     strategy        PnL: 12:11:19 MTM=528.00 Profit=0.08%
2026-07-16 12:11:20 INFO     strategy        PnL: 12:11:20 MTM=516.00 Profit=0.08%
2026-07-16 12:11:21 INFO     strategy        PnL: 12:11:21 MTM=524.00 Profit=0.08%
2026-07-16 12:11:22 INFO     strategy        PnL: 12:11:22 MTM=542.00 Profit=0.08%
2026-07-16 12:11:23 INFO     strategy        PnL: 12:11:23 MTM=510.00 Profit=0.08%
2026-07-16 12:11:24 INFO     strategy        PnL: 12:11:24 MTM=515.00 Profit=0.08%
2026-07-16 12:11:25 INFO     strategy        PnL: 12:11:25 MTM=522.00 Profit=0.08%
2026-07-16 12:11:26 INFO     strategy        PnL: 12:11:26 MTM=533.00 Profit=0.08%
2026-07-16 12:11:27 INFO     strategy        PnL: 12:11:27 MTM=525.00 Profit=0.08%
2026-07-16 12:11:28 INFO     strategy        PnL: 12:11:28 MTM=523.00 Profit=0.08%
2026-07-16 12:11:29 INFO     strategy        PnL: 12:11:29 MTM=526.00 Profit=0.08%
2026-07-16 12:11:30 INFO     strategy        PnL: 12:11:30 MTM=546.00 Profit=0.08%
2026-07-16 12:11:31 INFO     strategy        PnL: 12:11:31 MTM=522.00 Profit=0.08%
2026-07-16 12:11:32 INFO     strategy        PnL: 12:11:32 MTM=514.00 Profit=0.08%
2026-07-16 12:11:33 INFO     strategy        PnL: 12:11:33 MTM=525.00 Profit=0.08%
2026-07-16 12:11:34 INFO     strategy        PnL: 12:11:34 MTM=533.00 Profit=0.08%
2026-07-16 12:11:35 INFO     strategy        PnL: 12:11:35 MTM=530.00 Profit=0.08%
2026-07-16 12:11:36 INFO     strategy        PnL: 12:11:36 MTM=545.00 Profit=0.08%
2026-07-16 12:11:37 INFO     strategy        PnL: 12:11:37 MTM=535.00 Profit=0.08%
2026-07-16 12:11:38 INFO     strategy        PnL: 12:11:38 MTM=534.00 Profit=0.08%
2026-07-16 12:11:39 INFO     strategy        PnL: 12:11:39 MTM=538.00 Profit=0.08%
2026-07-16 12:11:40 INFO     strategy        PnL: 12:11:40 MTM=528.00 Profit=0.08%
2026-07-16 12:11:41 INFO     strategy        PnL: 12:11:41 MTM=545.00 Profit=0.08%
2026-07-16 12:11:42 INFO     strategy        PnL: 12:11:42 MTM=535.00 Profit=0.08%
2026-07-16 12:11:43 INFO     strategy        PnL: 12:11:43 MTM=534.00 Profit=0.08%
2026-07-16 12:11:44 INFO     strategy        PnL: 12:11:44 MTM=544.00 Profit=0.08%
2026-07-16 12:11:45 INFO     strategy        PnL: 12:11:45 MTM=535.00 Profit=0.08%
2026-07-16 12:11:46 INFO     strategy        PnL: 12:11:46 MTM=544.00 Profit=0.08%
2026-07-16 12:11:47 INFO     strategy        PnL: 12:11:47 MTM=543.00 Profit=0.08%
2026-07-16 12:11:48 INFO     strategy        PnL: 12:11:48 MTM=539.00 Profit=0.08%
2026-07-16 12:11:49 INFO     strategy        PnL: 12:11:49 MTM=558.00 Profit=0.09%
2026-07-16 12:11:50 INFO     strategy        PnL: 12:11:50 MTM=542.00 Profit=0.08%
2026-07-16 12:11:51 INFO     strategy        PnL: 12:11:51 MTM=572.00 Profit=0.09%
2026-07-16 12:11:52 INFO     strategy        PnL: 12:11:52 MTM=539.00 Profit=0.08%
2026-07-16 12:11:53 INFO     strategy        PnL: 12:11:53 MTM=551.00 Profit=0.08%
2026-07-16 12:11:54 INFO     strategy        PnL: 12:11:54 MTM=539.00 Profit=0.08%
2026-07-16 12:11:55 INFO     strategy        PnL: 12:11:55 MTM=567.00 Profit=0.09%
2026-07-16 12:11:56 INFO     strategy        PnL: 12:11:56 MTM=549.00 Profit=0.08%
2026-07-16 12:11:57 INFO     strategy        PnL: 12:11:57 MTM=544.00 Profit=0.08%
2026-07-16 12:11:58 INFO     strategy        PnL: 12:11:58 MTM=548.00 Profit=0.08%
2026-07-16 12:11:59 INFO     strategy        PnL: 12:11:59 MTM=555.00 Profit=0.09%
2026-07-16 12:12:00 INFO     strategy        PnL: 12:12:00 MTM=554.00 Profit=0.09%
2026-07-16 12:12:01 INFO     strategy        PnL: 12:12:01 MTM=542.00 Profit=0.08%
2026-07-16 12:12:02 INFO     strategy        PnL: 12:12:02 MTM=550.00 Profit=0.08%
2026-07-16 12:12:03 INFO     strategy        PnL: 12:12:03 MTM=551.00 Profit=0.08%
2026-07-16 12:12:04 INFO     strategy        PnL: 12:12:04 MTM=550.00 Profit=0.08%
2026-07-16 12:12:05 INFO     strategy        PnL: 12:12:05 MTM=556.00 Profit=0.09%
2026-07-16 12:12:06 INFO     strategy        PnL: 12:12:06 MTM=515.00 Profit=0.08%
2026-07-16 12:12:07 INFO     strategy        PnL: 12:12:07 MTM=533.00 Profit=0.08%
2026-07-16 12:12:08 INFO     strategy        PnL: 12:12:08 MTM=519.00 Profit=0.08%
2026-07-16 12:12:09 INFO     strategy        PnL: 12:12:09 MTM=530.00 Profit=0.08%
2026-07-16 12:12:10 INFO     strategy        PnL: 12:12:10 MTM=536.00 Profit=0.08%
2026-07-16 12:12:11 INFO     strategy        PnL: 12:12:11 MTM=526.00 Profit=0.08%
2026-07-16 12:12:12 INFO     strategy        PnL: 12:12:12 MTM=529.00 Profit=0.08%
2026-07-16 12:12:13 INFO     strategy        PnL: 12:12:13 MTM=510.00 Profit=0.08%
2026-07-16 12:12:14 INFO     strategy        PnL: 12:12:14 MTM=543.00 Profit=0.08%
2026-07-16 12:12:15 INFO     strategy        PnL: 12:12:15 MTM=526.00 Profit=0.08%
2026-07-16 12:12:16 INFO     strategy        PnL: 12:12:16 MTM=540.00 Profit=0.08%
2026-07-16 12:12:17 INFO     strategy        PnL: 12:12:17 MTM=533.00 Profit=0.08%
2026-07-16 12:12:18 INFO     strategy        PnL: 12:12:18 MTM=558.00 Profit=0.09%
2026-07-16 12:12:19 INFO     strategy        PnL: 12:12:19 MTM=533.00 Profit=0.08%
2026-07-16 12:12:20 INFO     strategy        PnL: 12:12:20 MTM=525.00 Profit=0.08%
2026-07-16 12:12:21 INFO     strategy        PnL: 12:12:21 MTM=529.00 Profit=0.08%
2026-07-16 12:12:22 INFO     strategy        PnL: 12:12:22 MTM=528.00 Profit=0.08%
2026-07-16 12:12:23 INFO     strategy        PnL: 12:12:23 MTM=517.00 Profit=0.08%
2026-07-16 12:12:24 INFO     strategy        PnL: 12:12:24 MTM=517.00 Profit=0.08%
2026-07-16 12:12:25 INFO     strategy        PnL: 12:12:25 MTM=530.00 Profit=0.08%
2026-07-16 12:12:26 INFO     strategy        PnL: 12:12:26 MTM=517.00 Profit=0.08%
2026-07-16 12:12:27 INFO     strategy        PnL: 12:12:27 MTM=511.00 Profit=0.08%
2026-07-16 12:12:28 INFO     strategy        PnL: 12:12:28 MTM=532.00 Profit=0.08%
2026-07-16 12:12:29 INFO     strategy        PnL: 12:12:29 MTM=517.00 Profit=0.08%
2026-07-16 12:12:30 INFO     strategy        PnL: 12:12:30 MTM=514.00 Profit=0.08%
2026-07-16 12:12:31 INFO     strategy        PnL: 12:12:31 MTM=516.00 Profit=0.08%
2026-07-16 12:12:32 INFO     strategy        PnL: 12:12:32 MTM=507.00 Profit=0.08%
2026-07-16 12:12:33 INFO     strategy        PnL: 12:12:33 MTM=504.00 Profit=0.08%
2026-07-16 12:12:34 INFO     strategy        PnL: 12:12:34 MTM=496.00 Profit=0.08%
2026-07-16 12:12:35 INFO     strategy        PnL: 12:12:35 MTM=470.00 Profit=0.07%
2026-07-16 12:12:36 INFO     strategy        PnL: 12:12:36 MTM=516.00 Profit=0.08%
2026-07-16 12:12:37 INFO     strategy        PnL: 12:12:37 MTM=510.00 Profit=0.08%
2026-07-16 12:12:38 INFO     strategy        PnL: 12:12:38 MTM=538.00 Profit=0.08%
2026-07-16 12:12:39 INFO     strategy        PnL: 12:12:39 MTM=524.00 Profit=0.08%
2026-07-16 12:12:40 INFO     strategy        PnL: 12:12:40 MTM=505.00 Profit=0.08%
2026-07-16 12:12:41 INFO     strategy        PnL: 12:12:41 MTM=499.00 Profit=0.08%
2026-07-16 12:12:42 INFO     strategy        PnL: 12:12:42 MTM=525.00 Profit=0.08%
2026-07-16 12:12:43 INFO     strategy        PnL: 12:12:43 MTM=490.00 Profit=0.08%
2026-07-16 12:12:44 INFO     strategy        PnL: 12:12:44 MTM=517.00 Profit=0.08%
2026-07-16 12:12:45 INFO     strategy        PnL: 12:12:45 MTM=509.00 Profit=0.08%
2026-07-16 12:12:46 INFO     strategy        PnL: 12:12:46 MTM=516.00 Profit=0.08%
2026-07-16 12:12:47 INFO     strategy        PnL: 12:12:47 MTM=504.00 Profit=0.08%
2026-07-16 12:12:48 INFO     strategy        PnL: 12:12:48 MTM=484.00 Profit=0.07%
2026-07-16 12:12:49 INFO     strategy        PnL: 12:12:49 MTM=515.00 Profit=0.08%
2026-07-16 12:12:50 INFO     strategy        PnL: 12:12:50 MTM=540.00 Profit=0.08%
2026-07-16 12:12:51 INFO     strategy        PnL: 12:12:51 MTM=520.00 Profit=0.08%
2026-07-16 12:12:52 INFO     strategy        PnL: 12:12:52 MTM=518.00 Profit=0.08%
2026-07-16 12:12:53 INFO     strategy        PnL: 12:12:53 MTM=493.00 Profit=0.08%
2026-07-16 12:12:54 INFO     strategy        PnL: 12:12:54 MTM=538.00 Profit=0.08%
2026-07-16 12:12:55 INFO     strategy        PnL: 12:12:55 MTM=523.00 Profit=0.08%
2026-07-16 12:12:56 INFO     strategy        PnL: 12:12:56 MTM=535.00 Profit=0.08%
2026-07-16 12:12:57 INFO     strategy        PnL: 12:12:57 MTM=527.00 Profit=0.08%
2026-07-16 12:12:58 INFO     strategy        PnL: 12:12:58 MTM=554.00 Profit=0.09%
2026-07-16 12:12:59 INFO     strategy        PnL: 12:12:59 MTM=537.00 Profit=0.08%
2026-07-16 12:13:00 INFO     strategy        PnL: 12:13:00 MTM=544.00 Profit=0.08%
2026-07-16 12:13:01 INFO     strategy        PnL: 12:13:01 MTM=556.00 Profit=0.09%
2026-07-16 12:13:02 INFO     strategy        PnL: 12:13:02 MTM=541.00 Profit=0.08%
2026-07-16 12:13:03 INFO     strategy        PnL: 12:13:03 MTM=550.00 Profit=0.08%
2026-07-16 12:13:04 INFO     strategy        PnL: 12:13:04 MTM=547.00 Profit=0.08%
2026-07-16 12:13:05 INFO     strategy        PnL: 12:13:05 MTM=563.00 Profit=0.09%
2026-07-16 12:13:06 INFO     strategy        PnL: 12:13:06 MTM=593.00 Profit=0.09%
2026-07-16 12:13:07 INFO     strategy        PnL: 12:13:07 MTM=557.00 Profit=0.09%
2026-07-16 12:13:08 INFO     strategy        PnL: 12:13:08 MTM=550.00 Profit=0.08%
2026-07-16 12:13:09 INFO     strategy        PnL: 12:13:09 MTM=556.00 Profit=0.09%
2026-07-16 12:13:10 INFO     strategy        PnL: 12:13:10 MTM=547.00 Profit=0.08%
2026-07-16 12:13:11 INFO     strategy        PnL: 12:13:11 MTM=541.00 Profit=0.08%
2026-07-16 12:13:12 INFO     strategy        PnL: 12:13:12 MTM=522.00 Profit=0.08%
2026-07-16 12:13:13 INFO     strategy        PnL: 12:13:13 MTM=515.00 Profit=0.08%
2026-07-16 12:13:15 INFO     strategy        PnL: 12:13:15 MTM=560.00 Profit=0.09%
2026-07-16 12:13:16 INFO     strategy        PnL: 12:13:16 MTM=541.00 Profit=0.08%
2026-07-16 12:13:17 INFO     strategy        PnL: 12:13:17 MTM=576.00 Profit=0.09%
2026-07-16 12:13:18 INFO     strategy        PnL: 12:13:18 MTM=565.00 Profit=0.09%
2026-07-16 12:13:19 INFO     strategy        PnL: 12:13:19 MTM=584.00 Profit=0.09%
2026-07-16 12:13:20 INFO     strategy        PnL: 12:13:20 MTM=581.00 Profit=0.09%
2026-07-16 12:13:21 INFO     strategy        PnL: 12:13:21 MTM=610.00 Profit=0.09%
2026-07-16 12:13:22 INFO     strategy        PnL: 12:13:22 MTM=561.00 Profit=0.09%
2026-07-16 12:13:23 INFO     strategy        PnL: 12:13:23 MTM=568.00 Profit=0.09%
2026-07-16 12:13:24 INFO     strategy        PnL: 12:13:24 MTM=599.00 Profit=0.09%
2026-07-16 12:13:25 INFO     strategy        PnL: 12:13:25 MTM=575.00 Profit=0.09%
2026-07-16 12:13:26 INFO     strategy        PnL: 12:13:26 MTM=564.00 Profit=0.09%
2026-07-16 12:13:27 INFO     strategy        PnL: 12:13:27 MTM=603.00 Profit=0.09%
2026-07-16 12:13:28 INFO     strategy        PnL: 12:13:28 MTM=550.00 Profit=0.08%
2026-07-16 12:13:29 INFO     strategy        PnL: 12:13:29 MTM=574.00 Profit=0.09%
2026-07-16 12:13:30 INFO     strategy        PnL: 12:13:30 MTM=554.00 Profit=0.09%
2026-07-16 12:13:31 INFO     strategy        PnL: 12:13:31 MTM=573.00 Profit=0.09%
2026-07-16 12:13:32 INFO     strategy        PnL: 12:13:32 MTM=550.00 Profit=0.08%
2026-07-16 12:13:33 INFO     strategy        PnL: 12:13:33 MTM=487.00 Profit=0.08%
2026-07-16 12:13:34 INFO     strategy        PnL: 12:13:34 MTM=535.00 Profit=0.08%
2026-07-16 12:13:35 INFO     strategy        PnL: 12:13:35 MTM=525.00 Profit=0.08%
2026-07-16 12:13:36 INFO     strategy        PnL: 12:13:36 MTM=510.00 Profit=0.08%
2026-07-16 12:13:37 INFO     strategy        PnL: 12:13:37 MTM=527.00 Profit=0.08%
2026-07-16 12:13:38 INFO     strategy        PnL: 12:13:38 MTM=526.00 Profit=0.08%
2026-07-16 12:13:39 INFO     strategy        PnL: 12:13:39 MTM=517.00 Profit=0.08%
2026-07-16 12:13:40 INFO     strategy        PnL: 12:13:40 MTM=529.00 Profit=0.08%
2026-07-16 12:13:41 INFO     strategy        PnL: 12:13:41 MTM=534.00 Profit=0.08%
2026-07-16 12:13:42 INFO     strategy        PnL: 12:13:42 MTM=542.00 Profit=0.08%
2026-07-16 12:13:43 INFO     strategy        PnL: 12:13:43 MTM=526.00 Profit=0.08%
2026-07-16 12:13:44 INFO     strategy        PnL: 12:13:44 MTM=547.00 Profit=0.08%
2026-07-16 12:13:45 INFO     strategy        PnL: 12:13:45 MTM=564.00 Profit=0.09%
2026-07-16 12:13:46 INFO     strategy        PnL: 12:13:46 MTM=538.00 Profit=0.08%
2026-07-16 12:13:47 INFO     strategy        PnL: 12:13:47 MTM=530.00 Profit=0.08%
2026-07-16 12:13:48 INFO     strategy        PnL: 12:13:48 MTM=552.00 Profit=0.09%
2026-07-16 12:13:49 INFO     strategy        PnL: 12:13:49 MTM=542.00 Profit=0.08%
2026-07-16 12:13:50 INFO     strategy        PnL: 12:13:50 MTM=548.00 Profit=0.08%
2026-07-16 12:13:51 INFO     strategy        PnL: 12:13:51 MTM=524.00 Profit=0.08%
2026-07-16 12:13:52 INFO     strategy        PnL: 12:13:52 MTM=553.00 Profit=0.09%
2026-07-16 12:13:53 INFO     strategy        PnL: 12:13:53 MTM=555.00 Profit=0.09%
2026-07-16 12:13:54 INFO     strategy        PnL: 12:13:54 MTM=534.00 Profit=0.08%
2026-07-16 12:13:55 INFO     strategy        PnL: 12:13:55 MTM=543.00 Profit=0.08%
2026-07-16 12:13:56 INFO     strategy        PnL: 12:13:56 MTM=541.00 Profit=0.08%
2026-07-16 12:13:57 INFO     strategy        PnL: 12:13:57 MTM=527.00 Profit=0.08%
2026-07-16 12:13:58 INFO     strategy        PnL: 12:13:58 MTM=538.00 Profit=0.08%
2026-07-16 12:13:59 INFO     strategy        PnL: 12:13:59 MTM=538.00 Profit=0.08%
2026-07-16 12:14:00 INFO     strategy        PnL: 12:14:00 MTM=562.00 Profit=0.09%
2026-07-16 12:14:01 INFO     strategy        PnL: 12:14:01 MTM=516.00 Profit=0.08%
2026-07-16 12:14:02 INFO     strategy        PnL: 12:14:02 MTM=547.00 Profit=0.08%
2026-07-16 12:14:03 INFO     strategy        PnL: 12:14:03 MTM=556.00 Profit=0.09%
2026-07-16 12:14:04 INFO     strategy        PnL: 12:14:04 MTM=549.00 Profit=0.08%
2026-07-16 12:14:05 INFO     strategy        PnL: 12:14:05 MTM=554.00 Profit=0.09%
2026-07-16 12:14:06 INFO     strategy        PnL: 12:14:06 MTM=563.00 Profit=0.09%
2026-07-16 12:14:07 INFO     strategy        PnL: 12:14:07 MTM=565.00 Profit=0.09%
2026-07-16 12:14:08 INFO     strategy        PnL: 12:14:08 MTM=572.00 Profit=0.09%
2026-07-16 12:14:09 INFO     strategy        PnL: 12:14:09 MTM=532.00 Profit=0.08%
2026-07-16 12:14:10 INFO     strategy        PnL: 12:14:10 MTM=547.00 Profit=0.08%
2026-07-16 12:14:11 INFO     strategy        PnL: 12:14:11 MTM=547.00 Profit=0.08%
2026-07-16 12:14:12 INFO     strategy        PnL: 12:14:12 MTM=543.00 Profit=0.08%
2026-07-16 12:14:13 INFO     strategy        PnL: 12:14:13 MTM=534.00 Profit=0.08%
2026-07-16 12:14:14 INFO     strategy        PnL: 12:14:14 MTM=540.00 Profit=0.08%
2026-07-16 12:14:15 INFO     strategy        PnL: 12:14:15 MTM=543.00 Profit=0.08%
2026-07-16 12:14:16 INFO     strategy        PnL: 12:14:16 MTM=558.00 Profit=0.09%
2026-07-16 12:14:17 INFO     strategy        PnL: 12:14:17 MTM=572.00 Profit=0.09%
2026-07-16 12:14:18 INFO     strategy        PnL: 12:14:18 MTM=537.00 Profit=0.08%
2026-07-16 12:14:19 INFO     strategy        PnL: 12:14:19 MTM=564.00 Profit=0.09%
2026-07-16 12:14:20 INFO     strategy        PnL: 12:14:20 MTM=550.00 Profit=0.08%
2026-07-16 12:14:21 INFO     strategy        PnL: 12:14:21 MTM=536.00 Profit=0.08%
2026-07-16 12:14:22 INFO     strategy        PnL: 12:14:22 MTM=522.00 Profit=0.08%
2026-07-16 12:14:23 INFO     strategy        PnL: 12:14:23 MTM=534.00 Profit=0.08%
2026-07-16 12:14:24 INFO     strategy        PnL: 12:14:24 MTM=523.00 Profit=0.08%
2026-07-16 12:14:25 INFO     strategy        PnL: 12:14:25 MTM=540.00 Profit=0.08%
2026-07-16 12:14:26 INFO     strategy        PnL: 12:14:26 MTM=538.00 Profit=0.08%
2026-07-16 12:14:27 INFO     strategy        PnL: 12:14:27 MTM=540.00 Profit=0.08%
2026-07-16 12:14:28 INFO     strategy        PnL: 12:14:28 MTM=518.00 Profit=0.08%
2026-07-16 12:14:29 INFO     strategy        PnL: 12:14:29 MTM=513.00 Profit=0.08%
2026-07-16 12:14:30 INFO     strategy        PnL: 12:14:30 MTM=565.00 Profit=0.09%
2026-07-16 12:14:31 INFO     strategy        PnL: 12:14:31 MTM=524.00 Profit=0.08%
2026-07-16 12:14:32 INFO     strategy        PnL: 12:14:32 MTM=514.00 Profit=0.08%
2026-07-16 12:14:33 INFO     strategy        PnL: 12:14:33 MTM=560.00 Profit=0.09%
2026-07-16 12:14:34 INFO     strategy        PnL: 12:14:34 MTM=575.00 Profit=0.09%
2026-07-16 12:14:35 INFO     strategy        PnL: 12:14:35 MTM=526.00 Profit=0.08%
2026-07-16 12:14:36 INFO     strategy        PnL: 12:14:36 MTM=554.00 Profit=0.09%
2026-07-16 12:14:37 INFO     strategy        PnL: 12:14:37 MTM=533.00 Profit=0.08%
2026-07-16 12:14:38 INFO     strategy        PnL: 12:14:38 MTM=551.00 Profit=0.08%
2026-07-16 12:14:39 INFO     strategy        PnL: 12:14:39 MTM=530.00 Profit=0.08%
2026-07-16 12:14:40 INFO     strategy        PnL: 12:14:40 MTM=541.00 Profit=0.08%
2026-07-16 12:14:41 INFO     strategy        PnL: 12:14:41 MTM=523.00 Profit=0.08%
2026-07-16 12:14:42 INFO     strategy        PnL: 12:14:42 MTM=527.00 Profit=0.08%
2026-07-16 12:14:43 INFO     strategy        PnL: 12:14:43 MTM=542.00 Profit=0.08%
2026-07-16 12:14:44 INFO     strategy        PnL: 12:14:44 MTM=528.00 Profit=0.08%
2026-07-16 12:14:45 INFO     strategy        PnL: 12:14:45 MTM=535.00 Profit=0.08%
2026-07-16 12:14:46 INFO     strategy        PnL: 12:14:46 MTM=543.00 Profit=0.08%
2026-07-16 12:14:48 INFO     strategy        PnL: 12:14:48 MTM=537.00 Profit=0.08%
2026-07-16 12:14:49 INFO     strategy        PnL: 12:14:49 MTM=514.00 Profit=0.08%
2026-07-16 12:14:50 INFO     strategy        PnL: 12:14:50 MTM=529.00 Profit=0.08%
2026-07-16 12:14:51 INFO     strategy        PnL: 12:14:51 MTM=542.00 Profit=0.08%
2026-07-16 12:14:52 INFO     strategy        PnL: 12:14:52 MTM=525.00 Profit=0.08%
2026-07-16 12:14:53 INFO     strategy        PnL: 12:14:53 MTM=543.00 Profit=0.08%
2026-07-16 12:14:54 INFO     strategy        PnL: 12:14:54 MTM=544.00 Profit=0.08%
2026-07-16 12:14:55 INFO     strategy        PnL: 12:14:55 MTM=513.00 Profit=0.08%
2026-07-16 12:14:56 INFO     strategy        PnL: 12:14:56 MTM=542.00 Profit=0.08%
2026-07-16 12:14:57 INFO     strategy        PnL: 12:14:57 MTM=538.00 Profit=0.08%
2026-07-16 12:14:58 INFO     strategy        PnL: 12:14:58 MTM=546.00 Profit=0.08%
2026-07-16 12:14:59 INFO     strategy        PnL: 12:14:59 MTM=519.00 Profit=0.08%
2026-07-16 12:15:00 INFO     strategy        PnL: 12:15:00 MTM=529.00 Profit=0.08%
2026-07-16 12:15:01 INFO     strategy        PnL: 12:15:01 MTM=526.00 Profit=0.08%
2026-07-16 12:15:02 INFO     strategy        PnL: 12:15:02 MTM=525.00 Profit=0.08%
2026-07-16 12:15:03 INFO     strategy        PnL: 12:15:03 MTM=516.00 Profit=0.08%
2026-07-16 12:15:04 INFO     strategy        PnL: 12:15:04 MTM=529.00 Profit=0.08%
2026-07-16 12:15:05 INFO     strategy        PnL: 12:15:05 MTM=512.00 Profit=0.08%
2026-07-16 12:15:06 INFO     strategy        PnL: 12:15:06 MTM=514.00 Profit=0.08%
2026-07-16 12:15:07 INFO     strategy        PnL: 12:15:07 MTM=566.00 Profit=0.09%
2026-07-16 12:15:08 INFO     strategy        PnL: 12:15:08 MTM=526.00 Profit=0.08%
2026-07-16 12:15:09 INFO     strategy        PnL: 12:15:09 MTM=510.00 Profit=0.08%
2026-07-16 12:15:10 INFO     strategy        PnL: 12:15:10 MTM=542.00 Profit=0.08%
2026-07-16 12:15:11 INFO     strategy        PnL: 12:15:11 MTM=488.00 Profit=0.08%
2026-07-16 12:15:12 INFO     strategy        PnL: 12:15:12 MTM=534.00 Profit=0.08%
2026-07-16 12:15:13 INFO     strategy        PnL: 12:15:13 MTM=533.00 Profit=0.08%
2026-07-16 12:15:14 INFO     strategy        PnL: 12:15:14 MTM=534.00 Profit=0.08%
2026-07-16 12:15:15 INFO     strategy        PnL: 12:15:15 MTM=523.00 Profit=0.08%
2026-07-16 12:15:16 INFO     strategy        PnL: 12:15:16 MTM=504.00 Profit=0.08%
2026-07-16 12:15:17 INFO     strategy        PnL: 12:15:17 MTM=502.00 Profit=0.08%
2026-07-16 12:15:18 INFO     strategy        PnL: 12:15:18 MTM=499.00 Profit=0.08%
2026-07-16 12:15:19 INFO     strategy        PnL: 12:15:19 MTM=511.00 Profit=0.08%
2026-07-16 12:15:20 INFO     strategy        PnL: 12:15:20 MTM=524.00 Profit=0.08%
2026-07-16 12:15:21 INFO     strategy        PnL: 12:15:21 MTM=493.00 Profit=0.08%
2026-07-16 12:15:22 INFO     strategy        PnL: 12:15:22 MTM=528.00 Profit=0.08%
2026-07-16 12:15:23 INFO     strategy        PnL: 12:15:23 MTM=528.00 Profit=0.08%
2026-07-16 12:15:24 INFO     strategy        PnL: 12:15:24 MTM=527.00 Profit=0.08%
2026-07-16 12:15:25 INFO     strategy        PnL: 12:15:25 MTM=517.00 Profit=0.08%
2026-07-16 12:15:26 INFO     strategy        PnL: 12:15:26 MTM=506.00 Profit=0.08%
2026-07-16 12:15:27 INFO     strategy        PnL: 12:15:27 MTM=519.00 Profit=0.08%
2026-07-16 12:15:28 INFO     strategy        PnL: 12:15:28 MTM=534.00 Profit=0.08%
2026-07-16 12:15:29 INFO     strategy        PnL: 12:15:29 MTM=529.00 Profit=0.08%
2026-07-16 12:15:30 INFO     strategy        PnL: 12:15:30 MTM=540.00 Profit=0.08%
2026-07-16 12:15:31 INFO     strategy        PnL: 12:15:31 MTM=536.00 Profit=0.08%
2026-07-16 12:15:32 INFO     strategy        PnL: 12:15:32 MTM=528.00 Profit=0.08%
2026-07-16 12:15:33 INFO     strategy        PnL: 12:15:33 MTM=531.00 Profit=0.08%
2026-07-16 12:15:34 INFO     strategy        PnL: 12:15:34 MTM=503.00 Profit=0.08%
2026-07-16 12:15:35 INFO     strategy        PnL: 12:15:35 MTM=531.00 Profit=0.08%
2026-07-16 12:15:36 INFO     strategy        PnL: 12:15:36 MTM=551.00 Profit=0.08%
2026-07-16 12:15:37 INFO     strategy        PnL: 12:15:37 MTM=537.00 Profit=0.08%
2026-07-16 12:15:38 INFO     strategy        PnL: 12:15:38 MTM=538.00 Profit=0.08%
2026-07-16 12:15:39 INFO     strategy        PnL: 12:15:39 MTM=548.00 Profit=0.08%
2026-07-16 12:15:40 INFO     strategy        PnL: 12:15:40 MTM=541.00 Profit=0.08%
2026-07-16 12:15:41 INFO     strategy        PnL: 12:15:41 MTM=540.00 Profit=0.08%
2026-07-16 12:15:42 INFO     strategy        PnL: 12:15:42 MTM=559.00 Profit=0.09%
2026-07-16 12:15:43 INFO     strategy        PnL: 12:15:43 MTM=549.00 Profit=0.08%
2026-07-16 12:15:44 INFO     strategy        PnL: 12:15:44 MTM=528.00 Profit=0.08%
2026-07-16 12:15:45 INFO     strategy        PnL: 12:15:45 MTM=530.00 Profit=0.08%
2026-07-16 12:15:46 INFO     strategy        PnL: 12:15:46 MTM=536.00 Profit=0.08%
2026-07-16 12:15:47 INFO     strategy        PnL: 12:15:47 MTM=542.00 Profit=0.08%
2026-07-16 12:15:48 INFO     strategy        PnL: 12:15:48 MTM=514.00 Profit=0.08%
2026-07-16 12:15:49 INFO     strategy        PnL: 12:15:49 MTM=531.00 Profit=0.08%
2026-07-16 12:15:50 INFO     strategy        PnL: 12:15:50 MTM=506.00 Profit=0.08%
2026-07-16 12:15:51 INFO     strategy        PnL: 12:15:51 MTM=491.00 Profit=0.08%
2026-07-16 12:15:52 INFO     strategy        PnL: 12:15:52 MTM=545.00 Profit=0.08%
2026-07-16 12:15:53 INFO     strategy        PnL: 12:15:53 MTM=498.00 Profit=0.08%
2026-07-16 12:15:54 INFO     strategy        PnL: 12:15:54 MTM=493.00 Profit=0.08%
2026-07-16 12:15:55 INFO     strategy        PnL: 12:15:55 MTM=526.00 Profit=0.08%
2026-07-16 12:15:56 INFO     strategy        PnL: 12:15:56 MTM=533.00 Profit=0.08%
2026-07-16 12:15:57 INFO     strategy        PnL: 12:15:57 MTM=497.00 Profit=0.08%
2026-07-16 12:15:58 INFO     strategy        PnL: 12:15:58 MTM=510.00 Profit=0.08%
2026-07-16 12:15:59 INFO     strategy        PnL: 12:15:59 MTM=508.00 Profit=0.08%
2026-07-16 12:16:00 INFO     strategy        PnL: 12:16:00 MTM=528.00 Profit=0.08%
2026-07-16 12:16:01 INFO     strategy        PnL: 12:16:01 MTM=542.00 Profit=0.08%
2026-07-16 12:16:02 INFO     strategy        PnL: 12:16:02 MTM=535.00 Profit=0.08%
2026-07-16 12:16:03 INFO     strategy        PnL: 12:16:03 MTM=535.00 Profit=0.08%
2026-07-16 12:16:04 INFO     strategy        PnL: 12:16:04 MTM=531.00 Profit=0.08%
2026-07-16 12:16:05 INFO     strategy        PnL: 12:16:05 MTM=520.00 Profit=0.08%
2026-07-16 12:16:06 INFO     strategy        PnL: 12:16:06 MTM=526.00 Profit=0.08%
2026-07-16 12:16:07 INFO     strategy        PnL: 12:16:07 MTM=550.00 Profit=0.08%
2026-07-16 12:16:08 INFO     strategy        PnL: 12:16:08 MTM=529.00 Profit=0.08%
2026-07-16 12:16:09 INFO     strategy        PnL: 12:16:09 MTM=504.00 Profit=0.08%
2026-07-16 12:16:10 INFO     strategy        PnL: 12:16:10 MTM=549.00 Profit=0.08%
2026-07-16 12:16:11 INFO     strategy        PnL: 12:16:11 MTM=550.00 Profit=0.08%
2026-07-16 12:16:12 INFO     strategy        PnL: 12:16:12 MTM=550.00 Profit=0.08%
2026-07-16 12:16:13 INFO     strategy        PnL: 12:16:13 MTM=556.00 Profit=0.09%
2026-07-16 12:16:14 INFO     strategy        PnL: 12:16:14 MTM=511.00 Profit=0.08%
2026-07-16 12:16:15 INFO     strategy        PnL: 12:16:15 MTM=550.00 Profit=0.08%
2026-07-16 12:16:16 INFO     strategy        PnL: 12:16:16 MTM=496.00 Profit=0.08%
2026-07-16 12:16:17 INFO     strategy        PnL: 12:16:17 MTM=551.00 Profit=0.08%
2026-07-16 12:16:18 INFO     strategy        PnL: 12:16:18 MTM=521.00 Profit=0.08%
2026-07-16 12:16:19 INFO     strategy        PnL: 12:16:19 MTM=541.00 Profit=0.08%
2026-07-16 12:16:20 INFO     strategy        PnL: 12:16:20 MTM=531.00 Profit=0.08%
2026-07-16 12:16:21 INFO     strategy        PnL: 12:16:21 MTM=516.00 Profit=0.08%
2026-07-16 12:16:22 INFO     strategy        PnL: 12:16:22 MTM=519.00 Profit=0.08%
2026-07-16 12:16:23 INFO     strategy        PnL: 12:16:23 MTM=509.00 Profit=0.08%
2026-07-16 12:16:24 INFO     strategy        PnL: 12:16:24 MTM=510.00 Profit=0.08%
2026-07-16 12:16:25 INFO     strategy        PnL: 12:16:25 MTM=480.00 Profit=0.07%
2026-07-16 12:16:26 INFO     strategy        PnL: 12:16:26 MTM=486.00 Profit=0.07%
2026-07-16 12:16:27 INFO     strategy        PnL: 12:16:27 MTM=514.00 Profit=0.08%
2026-07-16 12:16:28 INFO     strategy        PnL: 12:16:28 MTM=501.00 Profit=0.08%
2026-07-16 12:16:29 INFO     strategy        PnL: 12:16:29 MTM=496.00 Profit=0.08%
2026-07-16 12:16:30 INFO     strategy        PnL: 12:16:30 MTM=524.00 Profit=0.08%
2026-07-16 12:16:31 INFO     strategy        PnL: 12:16:31 MTM=499.00 Profit=0.08%
2026-07-16 12:16:32 INFO     strategy        PnL: 12:16:32 MTM=505.00 Profit=0.08%
2026-07-16 12:16:33 INFO     strategy        PnL: 12:16:33 MTM=505.00 Profit=0.08%
2026-07-16 12:16:34 INFO     strategy        PnL: 12:16:34 MTM=504.00 Profit=0.08%
2026-07-16 12:16:35 INFO     strategy        PnL: 12:16:35 MTM=513.00 Profit=0.08%
2026-07-16 12:16:36 INFO     strategy        PnL: 12:16:36 MTM=516.00 Profit=0.08%
2026-07-16 12:16:37 INFO     strategy        PnL: 12:16:37 MTM=481.00 Profit=0.07%
2026-07-16 12:16:38 INFO     strategy        PnL: 12:16:38 MTM=493.00 Profit=0.08%
2026-07-16 12:16:39 INFO     strategy        PnL: 12:16:39 MTM=479.00 Profit=0.07%
2026-07-16 12:16:40 INFO     strategy        PnL: 12:16:40 MTM=499.00 Profit=0.08%
2026-07-16 12:16:41 INFO     strategy        PnL: 12:16:41 MTM=486.00 Profit=0.07%
2026-07-16 12:16:42 INFO     strategy        PnL: 12:16:42 MTM=509.00 Profit=0.08%
2026-07-16 12:16:43 INFO     strategy        PnL: 12:16:43 MTM=484.00 Profit=0.07%
2026-07-16 12:16:44 INFO     strategy        PnL: 12:16:44 MTM=502.00 Profit=0.08%
2026-07-16 12:16:45 INFO     strategy        PnL: 12:16:45 MTM=496.00 Profit=0.08%
2026-07-16 12:16:46 INFO     strategy        PnL: 12:16:46 MTM=490.00 Profit=0.08%
2026-07-16 12:16:47 INFO     strategy        PnL: 12:16:47 MTM=515.00 Profit=0.08%
2026-07-16 12:16:48 INFO     strategy        PnL: 12:16:48 MTM=522.00 Profit=0.08%
2026-07-16 12:16:50 INFO     strategy        PnL: 12:16:50 MTM=501.00 Profit=0.08%
2026-07-16 12:16:51 INFO     strategy        PnL: 12:16:51 MTM=503.00 Profit=0.08%
2026-07-16 12:16:52 INFO     strategy        PnL: 12:16:52 MTM=536.00 Profit=0.08%
2026-07-16 12:16:53 INFO     strategy        PnL: 12:16:53 MTM=502.00 Profit=0.08%
2026-07-16 12:16:54 INFO     strategy        PnL: 12:16:54 MTM=505.00 Profit=0.08%
2026-07-16 12:16:55 INFO     strategy        PnL: 12:16:55 MTM=503.00 Profit=0.08%
2026-07-16 12:16:56 INFO     strategy        PnL: 12:16:56 MTM=492.00 Profit=0.08%
2026-07-16 12:16:57 INFO     strategy        PnL: 12:16:57 MTM=505.00 Profit=0.08%
2026-07-16 12:16:58 INFO     strategy        PnL: 12:16:58 MTM=513.00 Profit=0.08%
2026-07-16 12:16:59 INFO     strategy        PnL: 12:16:59 MTM=517.00 Profit=0.08%
2026-07-16 12:17:00 INFO     strategy        PnL: 12:17:00 MTM=552.00 Profit=0.09%
2026-07-16 12:17:01 INFO     strategy        PnL: 12:17:01 MTM=521.00 Profit=0.08%
2026-07-16 12:17:02 INFO     strategy        PnL: 12:17:02 MTM=504.00 Profit=0.08%
2026-07-16 12:17:03 INFO     strategy        PnL: 12:17:03 MTM=511.00 Profit=0.08%
2026-07-16 12:17:04 INFO     strategy        PnL: 12:17:04 MTM=510.00 Profit=0.08%
2026-07-16 12:17:05 INFO     strategy        PnL: 12:17:05 MTM=512.00 Profit=0.08%
2026-07-16 12:17:06 INFO     strategy        PnL: 12:17:06 MTM=527.00 Profit=0.08%
2026-07-16 12:17:07 INFO     strategy        PnL: 12:17:07 MTM=514.00 Profit=0.08%
2026-07-16 12:17:08 INFO     strategy        PnL: 12:17:08 MTM=520.00 Profit=0.08%
2026-07-16 12:17:09 INFO     strategy        PnL: 12:17:09 MTM=512.00 Profit=0.08%
2026-07-16 12:17:10 INFO     strategy        PnL: 12:17:10 MTM=513.00 Profit=0.08%
2026-07-16 12:17:11 INFO     strategy        PnL: 12:17:11 MTM=523.00 Profit=0.08%
2026-07-16 12:17:12 INFO     strategy        PnL: 12:17:12 MTM=524.00 Profit=0.08%
2026-07-16 12:17:13 INFO     strategy        PnL: 12:17:13 MTM=527.00 Profit=0.08%
2026-07-16 12:17:14 INFO     strategy        PnL: 12:17:14 MTM=523.00 Profit=0.08%
2026-07-16 12:17:15 INFO     strategy        PnL: 12:17:15 MTM=520.00 Profit=0.08%
2026-07-16 12:17:16 INFO     strategy        PnL: 12:17:16 MTM=507.00 Profit=0.08%
2026-07-16 12:17:17 INFO     strategy        PnL: 12:17:17 MTM=539.00 Profit=0.08%
2026-07-16 12:17:18 INFO     strategy        PnL: 12:17:18 MTM=542.00 Profit=0.08%
2026-07-16 12:17:19 INFO     strategy        PnL: 12:17:19 MTM=545.00 Profit=0.08%
2026-07-16 12:17:20 INFO     strategy        PnL: 12:17:20 MTM=524.00 Profit=0.08%
2026-07-16 12:17:21 INFO     strategy        PnL: 12:17:21 MTM=540.00 Profit=0.08%
2026-07-16 12:17:22 INFO     strategy        PnL: 12:17:22 MTM=543.00 Profit=0.08%
2026-07-16 12:17:23 INFO     strategy        PnL: 12:17:23 MTM=541.00 Profit=0.08%
2026-07-16 12:17:24 INFO     strategy        PnL: 12:17:24 MTM=511.00 Profit=0.08%
2026-07-16 12:17:25 INFO     strategy        PnL: 12:17:25 MTM=532.00 Profit=0.08%
2026-07-16 12:17:26 INFO     strategy        PnL: 12:17:26 MTM=524.00 Profit=0.08%
2026-07-16 12:17:27 INFO     strategy        PnL: 12:17:27 MTM=532.00 Profit=0.08%
2026-07-16 12:17:28 INFO     strategy        PnL: 12:17:28 MTM=525.00 Profit=0.08%
2026-07-16 12:17:29 INFO     strategy        PnL: 12:17:29 MTM=553.00 Profit=0.09%
2026-07-16 12:17:30 INFO     strategy        PnL: 12:17:30 MTM=509.00 Profit=0.08%
2026-07-16 12:17:31 INFO     strategy        PnL: 12:17:31 MTM=525.00 Profit=0.08%
2026-07-16 12:17:32 INFO     strategy        PnL: 12:17:32 MTM=527.00 Profit=0.08%
2026-07-16 12:17:33 INFO     strategy        PnL: 12:17:33 MTM=553.00 Profit=0.09%
2026-07-16 12:17:34 INFO     strategy        PnL: 12:17:34 MTM=529.00 Profit=0.08%
2026-07-16 12:17:35 INFO     strategy        PnL: 12:17:35 MTM=532.00 Profit=0.08%
2026-07-16 12:17:36 INFO     strategy        PnL: 12:17:36 MTM=533.00 Profit=0.08%
2026-07-16 12:17:37 INFO     strategy        PnL: 12:17:37 MTM=518.00 Profit=0.08%
2026-07-16 12:17:38 INFO     strategy        PnL: 12:17:38 MTM=543.00 Profit=0.08%
2026-07-16 12:17:39 INFO     strategy        PnL: 12:17:39 MTM=522.00 Profit=0.08%
2026-07-16 12:17:40 INFO     strategy        PnL: 12:17:40 MTM=539.00 Profit=0.08%
2026-07-16 12:17:41 INFO     strategy        PnL: 12:17:41 MTM=534.00 Profit=0.08%
2026-07-16 12:17:42 INFO     strategy        PnL: 12:17:42 MTM=525.00 Profit=0.08%
2026-07-16 12:17:43 INFO     strategy        PnL: 12:17:43 MTM=524.00 Profit=0.08%
2026-07-16 12:17:44 INFO     strategy        PnL: 12:17:44 MTM=524.00 Profit=0.08%
2026-07-16 12:17:45 INFO     strategy        PnL: 12:17:45 MTM=529.00 Profit=0.08%
2026-07-16 12:17:46 INFO     strategy        PnL: 12:17:46 MTM=533.00 Profit=0.08%
2026-07-16 12:17:47 INFO     strategy        PnL: 12:17:47 MTM=523.00 Profit=0.08%
2026-07-16 12:17:48 INFO     strategy        PnL: 12:17:48 MTM=499.00 Profit=0.08%
2026-07-16 12:17:49 INFO     strategy        PnL: 12:17:49 MTM=525.00 Profit=0.08%
2026-07-16 12:17:50 INFO     strategy        PnL: 12:17:50 MTM=534.00 Profit=0.08%
2026-07-16 12:17:51 INFO     strategy        PnL: 12:17:51 MTM=536.00 Profit=0.08%
2026-07-16 12:17:52 INFO     strategy        PnL: 12:17:52 MTM=540.00 Profit=0.08%
2026-07-16 12:17:53 INFO     strategy        PnL: 12:17:53 MTM=520.00 Profit=0.08%
2026-07-16 12:17:54 INFO     strategy        PnL: 12:17:54 MTM=513.00 Profit=0.08%
2026-07-16 12:17:55 INFO     strategy        PnL: 12:17:55 MTM=535.00 Profit=0.08%
2026-07-16 12:17:56 INFO     strategy        PnL: 12:17:56 MTM=549.00 Profit=0.08%
2026-07-16 12:17:57 INFO     strategy        PnL: 12:17:57 MTM=534.00 Profit=0.08%
2026-07-16 12:17:58 INFO     strategy        PnL: 12:17:58 MTM=545.00 Profit=0.08%
2026-07-16 12:17:59 INFO     strategy        PnL: 12:17:59 MTM=545.00 Profit=0.08%
2026-07-16 12:18:00 INFO     strategy        PnL: 12:18:00 MTM=538.00 Profit=0.08%
2026-07-16 12:18:01 INFO     strategy        PnL: 12:18:01 MTM=517.00 Profit=0.08%
2026-07-16 12:18:02 INFO     strategy        PnL: 12:18:02 MTM=530.00 Profit=0.08%
2026-07-16 12:18:03 INFO     strategy        PnL: 12:18:03 MTM=538.00 Profit=0.08%
2026-07-16 12:18:04 INFO     strategy        PnL: 12:18:04 MTM=545.00 Profit=0.08%
2026-07-16 12:18:05 INFO     strategy        PnL: 12:18:05 MTM=557.00 Profit=0.09%
2026-07-16 12:18:06 INFO     strategy        PnL: 12:18:06 MTM=529.00 Profit=0.08%
2026-07-16 12:18:07 INFO     strategy        PnL: 12:18:07 MTM=516.00 Profit=0.08%
2026-07-16 12:18:08 INFO     strategy        PnL: 12:18:08 MTM=515.00 Profit=0.08%
2026-07-16 12:18:09 INFO     strategy        PnL: 12:18:09 MTM=515.00 Profit=0.08%
2026-07-16 12:18:10 INFO     strategy        PnL: 12:18:10 MTM=517.00 Profit=0.08%
2026-07-16 12:18:11 INFO     strategy        PnL: 12:18:11 MTM=517.00 Profit=0.08%
2026-07-16 12:18:12 INFO     strategy        PnL: 12:18:12 MTM=514.00 Profit=0.08%
2026-07-16 12:18:13 INFO     strategy        PnL: 12:18:13 MTM=514.00 Profit=0.08%
2026-07-16 12:18:14 INFO     strategy        PnL: 12:18:14 MTM=514.00 Profit=0.08%
2026-07-16 12:18:15 INFO     strategy        PnL: 12:18:15 MTM=514.00 Profit=0.08%
2026-07-16 12:18:16 INFO     strategy        PnL: 12:18:16 MTM=514.00 Profit=0.08%
2026-07-16 12:18:17 INFO     strategy        PnL: 12:18:17 MTM=514.00 Profit=0.08%
2026-07-16 12:18:18 INFO     strategy        PnL: 12:18:18 MTM=514.00 Profit=0.08%
2026-07-16 12:18:19 INFO     strategy        PnL: 12:18:19 MTM=514.00 Profit=0.08%
2026-07-16 12:18:20 INFO     strategy        PnL: 12:18:20 MTM=514.00 Profit=0.08%
2026-07-16 12:18:21 INFO     strategy        PnL: 12:18:21 MTM=514.00 Profit=0.08%
2026-07-16 12:18:22 INFO     strategy        PnL: 12:18:22 MTM=514.00 Profit=0.08%
2026-07-16 12:18:23 INFO     strategy        PnL: 12:18:23 MTM=514.00 Profit=0.08%
2026-07-16 12:18:24 INFO     strategy        PnL: 12:18:24 MTM=514.00 Profit=0.08%
2026-07-16 12:18:25 INFO     strategy        PnL: 12:18:25 MTM=514.00 Profit=0.08%
2026-07-16 12:18:26 INFO     strategy        PnL: 12:18:26 MTM=514.00 Profit=0.08%
2026-07-16 12:18:28 INFO     strategy        PnL: 12:18:28 MTM=514.00 Profit=0.08%
2026-07-16 12:18:29 INFO     strategy        PnL: 12:18:29 MTM=514.00 Profit=0.08%
2026-07-16 12:18:30 INFO     strategy        PnL: 12:18:30 MTM=514.00 Profit=0.08%
2026-07-16 12:18:31 INFO     strategy        PnL: 12:18:31 MTM=514.00 Profit=0.08%
2026-07-16 12:18:32 INFO     strategy        PnL: 12:18:32 MTM=514.00 Profit=0.08%
2026-07-16 12:18:33 INFO     strategy        PnL: 12:18:33 MTM=514.00 Profit=0.08%
2026-07-16 12:18:34 INFO     strategy        PnL: 12:18:34 MTM=514.00 Profit=0.08%
2026-07-16 12:18:35 INFO     strategy        PnL: 12:18:35 MTM=514.00 Profit=0.08%
2026-07-16 12:18:36 INFO     strategy        PnL: 12:18:36 MTM=514.00 Profit=0.08%
2026-07-16 12:18:37 INFO     strategy        PnL: 12:18:37 MTM=514.00 Profit=0.08%
2026-07-16 12:18:38 INFO     strategy        PnL: 12:18:38 MTM=514.00 Profit=0.08%
2026-07-16 12:18:39 INFO     strategy        PnL: 12:18:39 MTM=514.00 Profit=0.08%
2026-07-16 12:18:40 INFO     strategy        PnL: 12:18:40 MTM=514.00 Profit=0.08%
2026-07-16 12:18:41 INFO     strategy        PnL: 12:18:41 MTM=514.00 Profit=0.08%
2026-07-16 12:18:42 INFO     strategy        PnL: 12:18:42 MTM=514.00 Profit=0.08%
2026-07-16 12:18:43 WARNING  strategy        No market ticks for 31s (threshold 30s) — MTM/stop-loss may be stale
2026-07-16 12:18:43 INFO     strategy        PnL: 12:18:43 MTM=514.00 Profit=0.08%
2026-07-16 12:18:44 WARNING  strategy        No market ticks for 32s (threshold 30s) — MTM/stop-loss may be stale
2026-07-16 12:18:44 INFO     strategy        PnL: 12:18:44 MTM=514.00 Profit=0.08%
2026-07-16 12:18:45 WARNING  strategy        No market ticks for 33s (threshold 30s) — MTM/stop-loss may be stale
2026-07-16 12:18:45 INFO     strategy        PnL: 12:18:45 MTM=514.00 Profit=0.08%
2026-07-16 12:18:46 WARNING  strategy        No market ticks for 34s (threshold 30s) — MTM/stop-loss may be stale
2026-07-16 12:18:46 INFO     strategy        PnL: 12:18:46 MTM=514.00 Profit=0.08%
2026-07-16 12:18:47 WARNING  strategy        No market ticks for 35s (threshold 30s) — MTM/stop-loss may be stale
2026-07-16 12:18:47 INFO     strategy        PnL: 12:18:47 MTM=514.00 Profit=0.08%
2026-07-16 12:18:48 WARNING  strategy        No market ticks for 36s (threshold 30s) — MTM/stop-loss may be stale
2026-07-16 12:18:48 INFO     strategy        PnL: 12:18:48 MTM=514.00 Profit=0.08%
2026-07-16 12:18:49 WARNING  strategy        No market ticks for 37s (threshold 30s) — MTM/stop-loss may be stale
2026-07-16 12:18:49 INFO     strategy        PnL: 12:18:49 MTM=514.00 Profit=0.08%
2026-07-16 12:18:50 WARNING  strategy        No market ticks for 38s (threshold 30s) — MTM/stop-loss may be stale
2026-07-16 12:18:50 INFO     strategy        PnL: 12:18:50 MTM=514.00 Profit=0.08%
2026-07-16 12:18:51 WARNING  strategy        No market ticks for 39s (threshold 30s) — MTM/stop-loss may be stale
2026-07-16 12:18:51 INFO     strategy        PnL: 12:18:51 MTM=514.00 Profit=0.08%
2026-07-16 12:18:52 WARNING  strategy        No market ticks for 40s (threshold 30s) — MTM/stop-loss may be stale
2026-07-16 12:18:52 INFO     strategy        PnL: 12:18:52 MTM=514.00 Profit=0.08%
2026-07-16 12:18:53 WARNING  strategy        No market ticks for 41s (threshold 30s) — MTM/stop-loss may be stale
2026-07-16 12:18:53 INFO     strategy        PnL: 12:18:53 MTM=514.00 Profit=0.08%
2026-07-16 12:18:54 WARNING  strategy        No market ticks for 42s (threshold 30s) — MTM/stop-loss may be stale
2026-07-16 12:18:54 INFO     strategy        PnL: 12:18:54 MTM=514.00 Profit=0.08%
2026-07-16 12:18:55 WARNING  strategy        No market ticks for 43s (threshold 30s) — MTM/stop-loss may be stale
2026-07-16 12:18:55 INFO     strategy        PnL: 12:18:55 MTM=514.00 Profit=0.08%
2026-07-16 12:18:56 WARNING  strategy        No market ticks for 44s (threshold 30s) — MTM/stop-loss may be stale
2026-07-16 12:18:56 INFO     strategy        PnL: 12:18:56 MTM=514.00 Profit=0.08%
2026-07-16 12:18:57 WARNING  strategy        No market ticks for 45s (threshold 30s) — MTM/stop-loss may be stale
2026-07-16 12:18:57 INFO     strategy        PnL: 12:18:57 MTM=514.00 Profit=0.08%
2026-07-16 12:18:58 WARNING  strategy        No market ticks for 46s (threshold 30s) — MTM/stop-loss may be stale
2026-07-16 12:18:58 INFO     strategy        PnL: 12:18:58 MTM=514.00 Profit=0.08%
2026-07-16 12:18:59 WARNING  strategy        No market ticks for 47s (threshold 30s) — MTM/stop-loss may be stale
2026-07-16 12:18:59 INFO     strategy        PnL: 12:18:59 MTM=514.00 Profit=0.08%
2026-07-16 12:19:00 WARNING  strategy        No market ticks for 48s (threshold 30s) — MTM/stop-loss may be stale
2026-07-16 12:19:00 INFO     strategy        PnL: 12:19:00 MTM=514.00 Profit=0.08%
2026-07-16 12:19:01 WARNING  strategy        No market ticks for 49s (threshold 30s) — MTM/stop-loss may be stale
2026-07-16 12:19:01 INFO     strategy        PnL: 12:19:01 MTM=514.00 Profit=0.08%
2026-07-16 12:19:02 WARNING  strategy        No market ticks for 50s (threshold 30s) — MTM/stop-loss may be stale
2026-07-16 12:19:02 INFO     strategy        PnL: 12:19:02 MTM=514.00 Profit=0.08%
2026-07-16 12:19:03 WARNING  strategy        No market ticks for 51s (threshold 30s) — MTM/stop-loss may be stale
2026-07-16 12:19:03 INFO     strategy        PnL: 12:19:03 MTM=514.00 Profit=0.08%
2026-07-16 12:19:04 WARNING  strategy        No market ticks for 52s (threshold 30s) — MTM/stop-loss may be stale
2026-07-16 12:19:04 INFO     strategy        PnL: 12:19:04 MTM=514.00 Profit=0.08%
2026-07-16 12:19:05 WARNING  strategy        No market ticks for 53s (threshold 30s) — MTM/stop-loss may be stale
2026-07-16 12:19:05 INFO     strategy        PnL: 12:19:05 MTM=514.00 Profit=0.08%
2026-07-16 12:19:06 WARNING  strategy        No market ticks for 54s (threshold 30s) — MTM/stop-loss may be stale
2026-07-16 12:19:06 INFO     strategy        PnL: 12:19:06 MTM=514.00 Profit=0.08%
2026-07-16 12:19:07 WARNING  strategy        No market ticks for 55s (threshold 30s) — MTM/stop-loss may be stale
2026-07-16 12:19:07 INFO     strategy        PnL: 12:19:07 MTM=514.00 Profit=0.08%
2026-07-16 12:19:08 WARNING  strategy        No market ticks for 56s (threshold 30s) — MTM/stop-loss may be stale
2026-07-16 12:19:08 INFO     strategy        PnL: 12:19:08 MTM=514.00 Profit=0.08%
2026-07-16 12:19:09 WARNING  strategy        No market ticks for 57s (threshold 30s) — MTM/stop-loss may be stale
2026-07-16 12:19:09 INFO     strategy        PnL: 12:19:09 MTM=514.00 Profit=0.08%
2026-07-16 12:19:10 WARNING  strategy        No market ticks for 58s (threshold 30s) — MTM/stop-loss may be stale
2026-07-16 12:19:10 INFO     strategy        PnL: 12:19:10 MTM=514.00 Profit=0.08%
2026-07-16 12:19:11 WARNING  strategy        No market ticks for 59s (threshold 30s) — MTM/stop-loss may be stale
2026-07-16 12:19:11 INFO     strategy        PnL: 12:19:11 MTM=514.00 Profit=0.08%
2026-07-16 12:19:12 WARNING  strategy        No market ticks for 60s (threshold 30s) — MTM/stop-loss may be stale
2026-07-16 12:19:12 INFO     strategy        PnL: 12:19:12 MTM=514.00 Profit=0.08%
2026-07-16 12:19:13 WARNING  strategy        No market ticks for 61s (threshold 30s) — MTM/stop-loss may be stale
2026-07-16 12:19:13 INFO     strategy        PnL: 12:19:13 MTM=514.00 Profit=0.08%
2026-07-16 12:19:14 WARNING  strategy        No market ticks for 62s (threshold 30s) — MTM/stop-loss may be stale
2026-07-16 12:19:14 INFO     strategy        PnL: 12:19:14 MTM=514.00 Profit=0.08%
2026-07-16 12:19:15 WARNING  strategy        No market ticks for 63s (threshold 30s) — MTM/stop-loss may be stale
2026-07-16 12:19:15 INFO     strategy        PnL: 12:19:15 MTM=514.00 Profit=0.08%
2026-07-16 12:19:16 WARNING  strategy        No market ticks for 64s (threshold 30s) — MTM/stop-loss may be stale
2026-07-16 12:19:16 INFO     strategy        PnL: 12:19:16 MTM=514.00 Profit=0.08%
2026-07-16 12:19:17 WARNING  strategy        No market ticks for 65s (threshold 30s) — MTM/stop-loss may be stale
2026-07-16 12:19:17 INFO     strategy        PnL: 12:19:17 MTM=514.00 Profit=0.08%
2026-07-16 12:19:18 WARNING  strategy        No market ticks for 66s (threshold 30s) — MTM/stop-loss may be stale
2026-07-16 12:19:18 INFO     strategy        PnL: 12:19:18 MTM=514.00 Profit=0.08%
2026-07-16 12:19:19 WARNING  strategy        No market ticks for 67s (threshold 30s) — MTM/stop-loss may be stale
2026-07-16 12:19:19 INFO     strategy        PnL: 12:19:19 MTM=514.00 Profit=0.08%
2026-07-16 12:19:20 WARNING  strategy        No market ticks for 68s (threshold 30s) — MTM/stop-loss may be stale
2026-07-16 12:19:20 INFO     strategy        PnL: 12:19:20 MTM=514.00 Profit=0.08%
2026-07-16 12:19:21 WARNING  strategy        No market ticks for 69s (threshold 30s) — MTM/stop-loss may be stale
2026-07-16 12:19:21 INFO     strategy        PnL: 12:19:21 MTM=514.00 Profit=0.08%
2026-07-16 12:19:22 WARNING  strategy        No market ticks for 70s (threshold 30s) — MTM/stop-loss may be stale
2026-07-16 12:19:22 INFO     strategy        PnL: 12:19:22 MTM=514.00 Profit=0.08%
2026-07-16 12:19:23 WARNING  strategy        No market ticks for 71s (threshold 30s) — MTM/stop-loss may be stale
2026-07-16 12:19:23 INFO     strategy        PnL: 12:19:23 MTM=514.00 Profit=0.08%
2026-07-16 12:19:24 WARNING  strategy        No market ticks for 72s (threshold 30s) — MTM/stop-loss may be stale
2026-07-16 12:19:24 INFO     strategy        PnL: 12:19:24 MTM=514.00 Profit=0.08%
2026-07-16 12:19:25 WARNING  strategy        No market ticks for 73s (threshold 30s) — MTM/stop-loss may be stale
2026-07-16 12:19:25 INFO     strategy        PnL: 12:19:25 MTM=514.00 Profit=0.08%
2026-07-16 12:19:26 WARNING  strategy        No market ticks for 74s (threshold 30s) — MTM/stop-loss may be stale
2026-07-16 12:19:26 INFO     strategy        PnL: 12:19:26 MTM=514.00 Profit=0.08%
2026-07-16 12:19:27 WARNING  strategy        No market ticks for 75s (threshold 30s) — MTM/stop-loss may be stale
2026-07-16 12:19:27 INFO     strategy        PnL: 12:19:27 MTM=514.00 Profit=0.08%
2026-07-16 12:19:28 WARNING  strategy        No market ticks for 76s (threshold 30s) — MTM/stop-loss may be stale
2026-07-16 12:19:28 INFO     strategy        PnL: 12:19:28 MTM=514.00 Profit=0.08%
2026-07-16 12:19:29 WARNING  strategy        No market ticks for 77s (threshold 30s) — MTM/stop-loss may be stale
2026-07-16 12:19:29 INFO     strategy        PnL: 12:19:29 MTM=514.00 Profit=0.08%
2026-07-16 12:19:30 WARNING  strategy        No market ticks for 78s (threshold 30s) — MTM/stop-loss may be stale
2026-07-16 12:19:30 INFO     strategy        PnL: 12:19:30 MTM=514.00 Profit=0.08%
2026-07-16 12:19:31 WARNING  strategy        No market ticks for 79s (threshold 30s) — MTM/stop-loss may be stale
2026-07-16 12:19:31 INFO     strategy        PnL: 12:19:31 MTM=514.00 Profit=0.08%
2026-07-16 12:19:32 WARNING  strategy        No market ticks for 80s (threshold 30s) — MTM/stop-loss may be stale
2026-07-16 12:19:32 INFO     strategy        PnL: 12:19:32 MTM=514.00 Profit=0.08%
2026-07-16 12:19:33 WARNING  strategy        No market ticks for 81s (threshold 30s) — MTM/stop-loss may be stale
2026-07-16 12:19:33 INFO     strategy        PnL: 12:19:33 MTM=514.00 Profit=0.08%
2026-07-16 12:19:34 WARNING  strategy        No market ticks for 83s (threshold 30s) — MTM/stop-loss may be stale
2026-07-16 12:19:34 INFO     strategy        PnL: 12:19:34 MTM=514.00 Profit=0.08%
2026-07-16 12:19:35 WARNING  strategy        No market ticks for 84s (threshold 30s) — MTM/stop-loss may be stale
2026-07-16 12:19:35 INFO     strategy        PnL: 12:19:35 MTM=514.00 Profit=0.08%
2026-07-16 12:19:36 WARNING  strategy        No market ticks for 85s (threshold 30s) — MTM/stop-loss may be stale
2026-07-16 12:19:36 INFO     strategy        PnL: 12:19:36 MTM=514.00 Profit=0.08%
2026-07-16 12:19:37 WARNING  strategy        No market ticks for 86s (threshold 30s) — MTM/stop-loss may be stale
2026-07-16 12:19:37 INFO     strategy        PnL: 12:19:37 MTM=514.00 Profit=0.08%
2026-07-16 12:19:38 WARNING  strategy        No market ticks for 87s (threshold 30s) — MTM/stop-loss may be stale
2026-07-16 12:19:38 INFO     strategy        PnL: 12:19:38 MTM=514.00 Profit=0.08%
2026-07-16 12:19:39 WARNING  strategy        No market ticks for 88s (threshold 30s) — MTM/stop-loss may be stale
2026-07-16 12:19:39 INFO     strategy        PnL: 12:19:39 MTM=514.00 Profit=0.08%
2026-07-16 12:19:40 WARNING  strategy        No market ticks for 89s (threshold 30s) — MTM/stop-loss may be stale
2026-07-16 12:19:40 INFO     strategy        PnL: 12:19:40 MTM=514.00 Profit=0.08%
2026-07-16 12:19:41 WARNING  strategy        No market ticks for 90s (threshold 30s) — MTM/stop-loss may be stale
2026-07-16 12:19:41 INFO     strategy        PnL: 12:19:41 MTM=514.00 Profit=0.08%
2026-07-16 12:19:42 WARNING  strategy        No market ticks for 91s (threshold 30s) — MTM/stop-loss may be stale
2026-07-16 12:19:42 INFO     strategy        PnL: 12:19:42 MTM=514.00 Profit=0.08%
2026-07-16 12:19:43 WARNING  strategy        No market ticks for 92s (threshold 30s) — MTM/stop-loss may be stale
2026-07-16 12:19:43 INFO     strategy        PnL: 12:19:43 MTM=514.00 Profit=0.08%
2026-07-16 12:19:44 WARNING  strategy        No market ticks for 93s (threshold 30s) — MTM/stop-loss may be stale
2026-07-16 12:19:44 INFO     strategy        PnL: 12:19:44 MTM=514.00 Profit=0.08%
2026-07-16 12:19:45 WARNING  strategy        No market ticks for 94s (threshold 30s) — MTM/stop-loss may be stale
2026-07-16 12:19:45 INFO     strategy        PnL: 12:19:45 MTM=514.00 Profit=0.08%
2026-07-16 12:19:46 WARNING  strategy        No market ticks for 95s (threshold 30s) — MTM/stop-loss may be stale
2026-07-16 12:19:46 INFO     strategy        PnL: 12:19:46 MTM=514.00 Profit=0.08%
2026-07-16 12:19:47 WARNING  strategy        No market ticks for 96s (threshold 30s) — MTM/stop-loss may be stale
2026-07-16 12:19:47 INFO     strategy        PnL: 12:19:47 MTM=514.00 Profit=0.08%
2026-07-16 12:19:48 WARNING  strategy        No market ticks for 97s (threshold 30s) — MTM/stop-loss may be stale
2026-07-16 12:19:48 INFO     strategy        PnL: 12:19:48 MTM=514.00 Profit=0.08%
2026-07-16 12:19:49 WARNING  strategy        No market ticks for 98s (threshold 30s) — MTM/stop-loss may be stale
2026-07-16 12:19:49 INFO     strategy        PnL: 12:19:49 MTM=514.00 Profit=0.08%
2026-07-16 12:19:50 WARNING  strategy        No market ticks for 99s (threshold 30s) — MTM/stop-loss may be stale
2026-07-16 12:19:50 INFO     strategy        PnL: 12:19:50 MTM=514.00 Profit=0.08%
2026-07-16 12:19:51 WARNING  strategy        No market ticks for 100s (threshold 30s) — MTM/stop-loss may be stale
2026-07-16 12:19:51 INFO     strategy        PnL: 12:19:51 MTM=514.00 Profit=0.08%
2026-07-16 12:19:52 WARNING  strategy        No market ticks for 101s (threshold 30s) — MTM/stop-loss may be stale
2026-07-16 12:19:52 INFO     strategy        PnL: 12:19:52 MTM=514.00 Profit=0.08%
2026-07-16 12:19:53 WARNING  strategy        No market ticks for 102s (threshold 30s) — MTM/stop-loss may be stale
2026-07-16 12:19:53 INFO     strategy        PnL: 12:19:53 MTM=514.00 Profit=0.08%
2026-07-16 12:19:54 WARNING  strategy        No market ticks for 103s (threshold 30s) — MTM/stop-loss may be stale
2026-07-16 12:19:54 INFO     strategy        PnL: 12:19:54 MTM=514.00 Profit=0.08%
2026-07-16 12:19:55 WARNING  strategy        No market ticks for 104s (threshold 30s) — MTM/stop-loss may be stale
2026-07-16 12:19:55 INFO     strategy        PnL: 12:19:55 MTM=514.00 Profit=0.08%
2026-07-16 12:19:56 WARNING  strategy        No market ticks for 105s (threshold 30s) — MTM/stop-loss may be stale
2026-07-16 12:19:56 INFO     strategy        PnL: 12:19:56 MTM=514.00 Profit=0.08%
2026-07-16 12:19:57 WARNING  strategy        No market ticks for 106s (threshold 30s) — MTM/stop-loss may be stale
2026-07-16 12:19:58 INFO     strategy        PnL: 12:19:57 MTM=514.00 Profit=0.08%
2026-07-16 12:19:59 WARNING  strategy        No market ticks for 107s (threshold 30s) — MTM/stop-loss may be stale
2026-07-16 12:19:59 INFO     strategy        PnL: 12:19:59 MTM=514.00 Profit=0.08%
2026-07-16 12:20:00 WARNING  strategy        No market ticks for 108s (threshold 30s) — MTM/stop-loss may be stale
2026-07-16 12:20:00 INFO     strategy        PnL: 12:20:00 MTM=514.00 Profit=0.08%
2026-07-16 12:20:01 WARNING  strategy        No market ticks for 109s (threshold 30s) — MTM/stop-loss may be stale
2026-07-16 12:20:01 INFO     strategy        PnL: 12:20:01 MTM=514.00 Profit=0.08%
2026-07-16 12:20:02 WARNING  strategy        No market ticks for 110s (threshold 30s) — MTM/stop-loss may be stale
2026-07-16 12:20:02 INFO     strategy        PnL: 12:20:02 MTM=514.00 Profit=0.08%
2026-07-16 12:20:03 WARNING  strategy        No market ticks for 111s (threshold 30s) — MTM/stop-loss may be stale
2026-07-16 12:20:03 INFO     strategy        PnL: 12:20:03 MTM=514.00 Profit=0.08%
2026-07-16 12:20:04 WARNING  strategy        No market ticks for 112s (threshold 30s) — MTM/stop-loss may be stale
2026-07-16 12:20:04 INFO     strategy        PnL: 12:20:04 MTM=514.00 Profit=0.08%
2026-07-16 12:20:05 WARNING  strategy        No market ticks for 113s (threshold 30s) — MTM/stop-loss may be stale
2026-07-16 12:20:05 INFO     strategy        PnL: 12:20:05 MTM=514.00 Profit=0.08%
2026-07-16 12:20:06 WARNING  strategy        No market ticks for 114s (threshold 30s) — MTM/stop-loss may be stale
2026-07-16 12:20:06 INFO     strategy        PnL: 12:20:06 MTM=514.00 Profit=0.08%
2026-07-16 12:20:07 WARNING  strategy        No market ticks for 115s (threshold 30s) — MTM/stop-loss may be stale
2026-07-16 12:20:07 INFO     strategy        PnL: 12:20:07 MTM=514.00 Profit=0.08%
2026-07-16 12:20:08 WARNING  strategy        No market ticks for 116s (threshold 30s) — MTM/stop-loss may be stale
2026-07-16 12:20:08 INFO     strategy        PnL: 12:20:08 MTM=514.00 Profit=0.08%
2026-07-16 12:20:09 WARNING  strategy        No market ticks for 117s (threshold 30s) — MTM/stop-loss may be stale
2026-07-16 12:20:09 INFO     strategy        PnL: 12:20:09 MTM=514.00 Profit=0.08%
2026-07-16 12:20:10 WARNING  strategy        No market ticks for 118s (threshold 30s) — MTM/stop-loss may be stale
2026-07-16 12:20:10 INFO     strategy        PnL: 12:20:10 MTM=514.00 Profit=0.08%
2026-07-16 12:20:11 WARNING  strategy        No market ticks for 119s (threshold 30s) — MTM/stop-loss may be stale
2026-07-16 12:20:11 INFO     strategy        PnL: 12:20:11 MTM=514.00 Profit=0.08%
2026-07-16 12:20:12 WARNING  strategy        No market ticks for 120s (threshold 30s) — MTM/stop-loss may be stale
2026-07-16 12:20:12 INFO     strategy        PnL: 12:20:12 MTM=514.00 Profit=0.08%
2026-07-16 12:20:13 WARNING  strategy        No market ticks for 121s (threshold 30s) — MTM/stop-loss may be stale
2026-07-16 12:20:13 INFO     strategy        PnL: 12:20:13 MTM=514.00 Profit=0.08%
2026-07-16 12:20:14 WARNING  strategy        No market ticks for 122s (threshold 30s) — MTM/stop-loss may be stale
2026-07-16 12:20:14 INFO     strategy        PnL: 12:20:14 MTM=514.00 Profit=0.08%
2026-07-16 12:20:15 WARNING  strategy        No market ticks for 123s (threshold 30s) — MTM/stop-loss may be stale
2026-07-16 12:20:15 INFO     strategy        PnL: 12:20:15 MTM=514.00 Profit=0.08%
2026-07-16 12:20:16 WARNING  strategy        No market ticks for 124s (threshold 30s) — MTM/stop-loss may be stale
2026-07-16 12:20:16 INFO     strategy        PnL: 12:20:16 MTM=514.00 Profit=0.08%
2026-07-16 12:20:17 WARNING  strategy        No market ticks for 125s (threshold 30s) — MTM/stop-loss may be stale
2026-07-16 12:20:17 INFO     strategy        PnL: 12:20:17 MTM=514.00 Profit=0.08%
2026-07-16 12:20:18 WARNING  strategy        No market ticks for 126s (threshold 30s) — MTM/stop-loss may be stale
2026-07-16 12:20:18 INFO     strategy        PnL: 12:20:18 MTM=514.00 Profit=0.08%
2026-07-16 12:20:19 WARNING  strategy        No market ticks for 127s (threshold 30s) — MTM/stop-loss may be stale
2026-07-16 12:20:19 INFO     strategy        PnL: 12:20:19 MTM=514.00 Profit=0.08%
2026-07-16 12:20:20 WARNING  strategy        No market ticks for 128s (threshold 30s) — MTM/stop-loss may be stale
2026-07-16 12:20:20 INFO     strategy        PnL: 12:20:20 MTM=514.00 Profit=0.08%
2026-07-16 12:20:21 WARNING  strategy        No market ticks for 129s (threshold 30s) — MTM/stop-loss may be stale
2026-07-16 12:20:21 INFO     strategy        PnL: 12:20:21 MTM=514.00 Profit=0.08%
2026-07-16 12:20:22 WARNING  strategy        No market ticks for 130s (threshold 30s) — MTM/stop-loss may be stale
2026-07-16 12:20:22 INFO     strategy        PnL: 12:20:22 MTM=514.00 Profit=0.08%
2026-07-16 12:20:23 WARNING  strategy        No market ticks for 131s (threshold 30s) — MTM/stop-loss may be stale
2026-07-16 12:20:23 INFO     strategy        PnL: 12:20:23 MTM=514.00 Profit=0.08%
2026-07-16 12:20:24 WARNING  strategy        No market ticks for 132s (threshold 30s) — MTM/stop-loss may be stale
2026-07-16 12:20:24 INFO     strategy        PnL: 12:20:24 MTM=514.00 Profit=0.08%
2026-07-16 12:20:25 WARNING  strategy        No market ticks for 133s (threshold 30s) — MTM/stop-loss may be stale
2026-07-16 12:20:25 INFO     strategy        PnL: 12:20:25 MTM=514.00 Profit=0.08%
2026-07-16 12:20:26 WARNING  strategy        No market ticks for 134s (threshold 30s) — MTM/stop-loss may be stale
2026-07-16 12:20:26 INFO     strategy        PnL: 12:20:26 MTM=514.00 Profit=0.08%
2026-07-16 12:20:27 WARNING  strategy        No market ticks for 135s (threshold 30s) — MTM/stop-loss may be stale
2026-07-16 12:20:27 INFO     strategy        PnL: 12:20:27 MTM=514.00 Profit=0.08%
2026-07-16 12:20:28 WARNING  strategy        No market ticks for 136s (threshold 30s) — MTM/stop-loss may be stale
2026-07-16 12:20:28 INFO     strategy        PnL: 12:20:28 MTM=514.00 Profit=0.08%
2026-07-16 12:20:29 WARNING  strategy        No market ticks for 137s (threshold 30s) — MTM/stop-loss may be stale
2026-07-16 12:20:29 INFO     strategy        PnL: 12:20:29 MTM=514.00 Profit=0.08%
2026-07-16 12:20:30 WARNING  strategy        No market ticks for 138s (threshold 30s) — MTM/stop-loss may be stale
2026-07-16 12:20:30 INFO     strategy        PnL: 12:20:30 MTM=514.00 Profit=0.08%
2026-07-16 12:20:31 WARNING  strategy        No market ticks for 139s (threshold 30s) — MTM/stop-loss may be stale
2026-07-16 12:20:31 INFO     strategy        PnL: 12:20:31 MTM=514.00 Profit=0.08%
2026-07-16 12:20:32 WARNING  strategy        No market ticks for 140s (threshold 30s) — MTM/stop-loss may be stale
2026-07-16 12:20:32 INFO     strategy        PnL: 12:20:32 MTM=514.00 Profit=0.08%
2026-07-16 12:20:33 WARNING  strategy        No market ticks for 141s (threshold 30s) — MTM/stop-loss may be stale
2026-07-16 12:20:33 INFO     strategy        PnL: 12:20:33 MTM=514.00 Profit=0.08%
2026-07-16 12:20:34 WARNING  strategy        No market ticks for 142s (threshold 30s) — MTM/stop-loss may be stale
2026-07-16 12:20:34 INFO     strategy        PnL: 12:20:34 MTM=514.00 Profit=0.08%
2026-07-16 12:20:35 WARNING  strategy        No market ticks for 143s (threshold 30s) — MTM/stop-loss may be stale
2026-07-16 12:20:35 INFO     strategy        PnL: 12:20:35 MTM=514.00 Profit=0.08%
2026-07-16 12:20:36 WARNING  strategy        No market ticks for 144s (threshold 30s) — MTM/stop-loss may be stale
2026-07-16 12:20:36 INFO     strategy        PnL: 12:20:36 MTM=514.00 Profit=0.08%
2026-07-16 12:20:37 WARNING  strategy        No market ticks for 145s (threshold 30s) — MTM/stop-loss may be stale
2026-07-16 12:20:37 INFO     strategy        PnL: 12:20:37 MTM=514.00 Profit=0.08%
2026-07-16 12:20:38 WARNING  strategy        No market ticks for 146s (threshold 30s) — MTM/stop-loss may be stale
2026-07-16 12:20:38 INFO     strategy        PnL: 12:20:38 MTM=514.00 Profit=0.08%
2026-07-16 12:20:39 WARNING  strategy        No market ticks for 147s (threshold 30s) — MTM/stop-loss may be stale
2026-07-16 12:20:39 INFO     strategy        PnL: 12:20:39 MTM=514.00 Profit=0.08%
2026-07-16 12:20:40 WARNING  strategy        No market ticks for 148s (threshold 30s) — MTM/stop-loss may be stale
2026-07-16 12:20:40 INFO     strategy        PnL: 12:20:40 MTM=514.00 Profit=0.08%
2026-07-16 12:20:41 WARNING  strategy        No market ticks for 149s (threshold 30s) — MTM/stop-loss may be stale
2026-07-16 12:20:41 INFO     strategy        PnL: 12:20:41 MTM=514.00 Profit=0.08%
2026-07-16 12:20:42 WARNING  strategy        No market ticks for 150s (threshold 30s) — MTM/stop-loss may be stale
2026-07-16 12:20:42 INFO     strategy        PnL: 12:20:42 MTM=514.00 Profit=0.08%
2026-07-16 12:20:43 WARNING  strategy        No market ticks for 151s (threshold 30s) — MTM/stop-loss may be stale
2026-07-16 12:20:43 INFO     strategy        PnL: 12:20:43 MTM=514.00 Profit=0.08%
2026-07-16 12:20:44 WARNING  strategy        No market ticks for 152s (threshold 30s) — MTM/stop-loss may be stale
2026-07-16 12:20:44 INFO     strategy        PnL: 12:20:44 MTM=514.00 Profit=0.08%
2026-07-16 12:20:45 WARNING  strategy        No market ticks for 153s (threshold 30s) — MTM/stop-loss may be stale
2026-07-16 12:20:45 INFO     strategy        PnL: 12:20:45 MTM=514.00 Profit=0.08%
2026-07-16 12:20:46 WARNING  strategy        No market ticks for 154s (threshold 30s) — MTM/stop-loss may be stale
2026-07-16 12:20:46 INFO     strategy        PnL: 12:20:46 MTM=514.00 Profit=0.08%
2026-07-16 12:20:47 WARNING  strategy        No market ticks for 155s (threshold 30s) — MTM/stop-loss may be stale
2026-07-16 12:20:47 INFO     strategy        PnL: 12:20:47 MTM=514.00 Profit=0.08%
2026-07-16 12:20:48 WARNING  strategy        No market ticks for 156s (threshold 30s) — MTM/stop-loss may be stale
2026-07-16 12:20:48 INFO     strategy        PnL: 12:20:48 MTM=514.00 Profit=0.08%
2026-07-16 12:20:49 WARNING  strategy        No market ticks for 157s (threshold 30s) — MTM/stop-loss may be stale
2026-07-16 12:20:49 INFO     strategy        PnL: 12:20:49 MTM=514.00 Profit=0.08%
2026-07-16 12:20:50 WARNING  strategy        No market ticks for 158s (threshold 30s) — MTM/stop-loss may be stale
2026-07-16 12:20:50 INFO     strategy        PnL: 12:20:50 MTM=514.00 Profit=0.08%
2026-07-16 12:20:51 WARNING  strategy        No market ticks for 159s (threshold 30s) — MTM/stop-loss may be stale
2026-07-16 12:20:51 INFO     strategy        PnL: 12:20:51 MTM=514.00 Profit=0.08%
2026-07-16 12:20:52 WARNING  strategy        No market ticks for 160s (threshold 30s) — MTM/stop-loss may be stale
2026-07-16 12:20:52 INFO     strategy        PnL: 12:20:52 MTM=514.00 Profit=0.08%
2026-07-16 12:20:53 WARNING  strategy        No market ticks for 161s (threshold 30s) — MTM/stop-loss may be stale
2026-07-16 12:20:53 INFO     strategy        PnL: 12:20:53 MTM=514.00 Profit=0.08%
2026-07-16 12:20:54 WARNING  strategy        No market ticks for 162s (threshold 30s) — MTM/stop-loss may be stale
2026-07-16 12:20:54 INFO     strategy        PnL: 12:20:54 MTM=514.00 Profit=0.08%
2026-07-16 12:20:55 WARNING  strategy        No market ticks for 163s (threshold 30s) — MTM/stop-loss may be stale
2026-07-16 12:20:55 INFO     strategy        PnL: 12:20:55 MTM=514.00 Profit=0.08%
2026-07-16 12:20:56 WARNING  strategy        No market ticks for 164s (threshold 30s) — MTM/stop-loss may be stale
2026-07-16 12:20:56 INFO     strategy        PnL: 12:20:56 MTM=514.00 Profit=0.08%
2026-07-16 12:20:57 WARNING  strategy        No market ticks for 166s (threshold 30s) — MTM/stop-loss may be stale
2026-07-16 12:20:57 INFO     strategy        PnL: 12:20:57 MTM=514.00 Profit=0.08%
2026-07-16 12:20:58 WARNING  strategy        No market ticks for 167s (threshold 30s) — MTM/stop-loss may be stale
2026-07-16 12:20:58 INFO     strategy        PnL: 12:20:58 MTM=514.00 Profit=0.08%
2026-07-16 12:20:59 WARNING  strategy        No market ticks for 168s (threshold 30s) — MTM/stop-loss may be stale
2026-07-16 12:20:59 INFO     strategy        PnL: 12:20:59 MTM=514.00 Profit=0.08%
2026-07-16 12:21:00 WARNING  strategy        No market ticks for 169s (threshold 30s) — MTM/stop-loss may be stale
2026-07-16 12:21:00 INFO     strategy        PnL: 12:21:00 MTM=514.00 Profit=0.08%
2026-07-16 12:21:01 WARNING  strategy        No market ticks for 170s (threshold 30s) — MTM/stop-loss may be stale
2026-07-16 12:21:01 INFO     strategy        PnL: 12:21:01 MTM=514.00 Profit=0.08%
2026-07-16 12:21:02 WARNING  strategy        No market ticks for 171s (threshold 30s) — MTM/stop-loss may be stale
2026-07-16 12:21:02 INFO     strategy        PnL: 12:21:02 MTM=514.00 Profit=0.08%
2026-07-16 12:21:03 WARNING  strategy        No market ticks for 172s (threshold 30s) — MTM/stop-loss may be stale
2026-07-16 12:21:03 INFO     strategy        PnL: 12:21:03 MTM=514.00 Profit=0.08%
2026-07-16 12:21:04 WARNING  strategy        No market ticks for 173s (threshold 30s) — MTM/stop-loss may be stale
2026-07-16 12:21:04 INFO     strategy        PnL: 12:21:04 MTM=514.00 Profit=0.08%
2026-07-16 12:21:05 WARNING  strategy        No market ticks for 174s (threshold 30s) — MTM/stop-loss may be stale
2026-07-16 12:21:05 INFO     strategy        PnL: 12:21:05 MTM=514.00 Profit=0.08%
2026-07-16 12:21:06 WARNING  strategy        No market ticks for 175s (threshold 30s) — MTM/stop-loss may be stale
2026-07-16 12:21:06 INFO     strategy        PnL: 12:21:06 MTM=514.00 Profit=0.08%
2026-07-16 12:21:07 WARNING  strategy        No market ticks for 176s (threshold 30s) — MTM/stop-loss may be stale
2026-07-16 12:21:07 INFO     strategy        PnL: 12:21:07 MTM=514.00 Profit=0.08%
2026-07-16 12:21:08 WARNING  strategy        No market ticks for 177s (threshold 30s) — MTM/stop-loss may be stale
2026-07-16 12:21:08 INFO     strategy        PnL: 12:21:08 MTM=514.00 Profit=0.08%
2026-07-16 12:21:09 WARNING  strategy        No market ticks for 178s (threshold 30s) — MTM/stop-loss may be stale
2026-07-16 12:21:09 INFO     strategy        PnL: 12:21:09 MTM=514.00 Profit=0.08%
2026-07-16 12:21:10 WARNING  strategy        No market ticks for 179s (threshold 30s) — MTM/stop-loss may be stale
2026-07-16 12:21:10 INFO     strategy        PnL: 12:21:10 MTM=514.00 Profit=0.08%
2026-07-16 12:21:11 WARNING  strategy        No market ticks for 180s (threshold 30s) — MTM/stop-loss may be stale
2026-07-16 12:21:11 INFO     strategy        PnL: 12:21:11 MTM=514.00 Profit=0.08%
2026-07-16 12:21:12 WARNING  strategy        No market ticks for 181s (threshold 30s) — MTM/stop-loss may be stale
2026-07-16 12:21:12 INFO     strategy        PnL: 12:21:12 MTM=514.00 Profit=0.08%
2026-07-16 12:21:13 WARNING  strategy        No market ticks for 182s (threshold 30s) — MTM/stop-loss may be stale
2026-07-16 12:21:13 INFO     strategy        PnL: 12:21:13 MTM=514.00 Profit=0.08%
2026-07-16 12:21:14 WARNING  strategy        No market ticks for 183s (threshold 30s) — MTM/stop-loss may be stale
2026-07-16 12:21:14 INFO     strategy        PnL: 12:21:14 MTM=514.00 Profit=0.08%
2026-07-16 12:21:15 WARNING  strategy        No market ticks for 184s (threshold 30s) — MTM/stop-loss may be stale
2026-07-16 12:21:15 INFO     strategy        PnL: 12:21:15 MTM=514.00 Profit=0.08%
2026-07-16 12:21:16 WARNING  strategy        No market ticks for 185s (threshold 30s) — MTM/stop-loss may be stale
2026-07-16 12:21:16 INFO     strategy        PnL: 12:21:16 MTM=514.00 Profit=0.08%
2026-07-16 12:21:18 WARNING  strategy        No market ticks for 186s (threshold 30s) — MTM/stop-loss may be stale
2026-07-16 12:21:18 INFO     strategy        PnL: 12:21:18 MTM=514.00 Profit=0.08%
2026-07-16 12:21:19 WARNING  strategy        No market ticks for 187s (threshold 30s) — MTM/stop-loss may be stale
2026-07-16 12:21:19 INFO     strategy        PnL: 12:21:19 MTM=514.00 Profit=0.08%
2026-07-16 12:21:20 WARNING  strategy        No market ticks for 188s (threshold 30s) — MTM/stop-loss may be stale
2026-07-16 12:21:20 INFO     strategy        PnL: 12:21:20 MTM=514.00 Profit=0.08%
2026-07-16 12:21:21 WARNING  strategy        No market ticks for 189s (threshold 30s) — MTM/stop-loss may be stale
2026-07-16 12:21:21 INFO     strategy        PnL: 12:21:21 MTM=514.00 Profit=0.08%
2026-07-16 12:21:22 WARNING  strategy        No market ticks for 190s (threshold 30s) — MTM/stop-loss may be stale
2026-07-16 12:21:22 INFO     strategy        PnL: 12:21:22 MTM=514.00 Profit=0.08%
2026-07-16 12:21:23 WARNING  strategy        No market ticks for 191s (threshold 30s) — MTM/stop-loss may be stale
2026-07-16 12:21:23 INFO     strategy        PnL: 12:21:23 MTM=514.00 Profit=0.08%
2026-07-16 12:21:24 WARNING  strategy        No market ticks for 192s (threshold 30s) — MTM/stop-loss may be stale
2026-07-16 12:21:24 INFO     strategy        PnL: 12:21:24 MTM=514.00 Profit=0.08%
2026-07-16 12:21:25 WARNING  strategy        No market ticks for 193s (threshold 30s) — MTM/stop-loss may be stale
2026-07-16 12:21:25 INFO     strategy        PnL: 12:21:25 MTM=514.00 Profit=0.08%
2026-07-16 12:21:26 WARNING  strategy        No market ticks for 194s (threshold 30s) — MTM/stop-loss may be stale
2026-07-16 12:21:26 INFO     strategy        PnL: 12:21:26 MTM=514.00 Profit=0.08%
2026-07-16 12:21:27 WARNING  strategy        No market ticks for 195s (threshold 30s) — MTM/stop-loss may be stale
2026-07-16 12:21:27 INFO     strategy        PnL: 12:21:27 MTM=514.00 Profit=0.08%
2026-07-16 12:21:28 WARNING  strategy        No market ticks for 196s (threshold 30s) — MTM/stop-loss may be stale
2026-07-16 12:21:28 INFO     strategy        PnL: 12:21:28 MTM=514.00 Profit=0.08%
2026-07-16 12:21:29 WARNING  strategy        No market ticks for 197s (threshold 30s) — MTM/stop-loss may be stale
2026-07-16 12:21:29 INFO     strategy        PnL: 12:21:29 MTM=514.00 Profit=0.08%
2026-07-16 12:21:30 WARNING  strategy        No market ticks for 198s (threshold 30s) — MTM/stop-loss may be stale
2026-07-16 12:21:30 INFO     strategy        PnL: 12:21:30 MTM=514.00 Profit=0.08%
2026-07-16 12:21:31 WARNING  strategy        No market ticks for 199s (threshold 30s) — MTM/stop-loss may be stale
2026-07-16 12:21:31 INFO     strategy        PnL: 12:21:31 MTM=514.00 Profit=0.08%
2026-07-16 12:21:32 WARNING  strategy        No market ticks for 200s (threshold 30s) — MTM/stop-loss may be stale
2026-07-16 12:21:32 INFO     strategy        PnL: 12:21:32 MTM=514.00 Profit=0.08%
2026-07-16 12:21:33 WARNING  strategy        No market ticks for 201s (threshold 30s) — MTM/stop-loss may be stale
2026-07-16 12:21:33 INFO     strategy        PnL: 12:21:33 MTM=514.00 Profit=0.08%
2026-07-16 12:21:34 WARNING  strategy        No market ticks for 202s (threshold 30s) — MTM/stop-loss may be stale
2026-07-16 12:21:34 INFO     strategy        PnL: 12:21:34 MTM=514.00 Profit=0.08%
2026-07-16 12:21:35 WARNING  strategy        No market ticks for 203s (threshold 30s) — MTM/stop-loss may be stale
2026-07-16 12:21:35 INFO     strategy        PnL: 12:21:35 MTM=514.00 Profit=0.08%
2026-07-16 12:21:36 WARNING  strategy        No market ticks for 204s (threshold 30s) — MTM/stop-loss may be stale
2026-07-16 12:21:36 INFO     strategy        PnL: 12:21:36 MTM=514.00 Profit=0.08%
2026-07-16 12:21:37 WARNING  strategy        No market ticks for 205s (threshold 30s) — MTM/stop-loss may be stale
2026-07-16 12:21:37 INFO     strategy        PnL: 12:21:37 MTM=514.00 Profit=0.08%
2026-07-16 12:21:38 WARNING  strategy        No market ticks for 206s (threshold 30s) — MTM/stop-loss may be stale
2026-07-16 12:21:38 INFO     strategy        PnL: 12:21:38 MTM=514.00 Profit=0.08%
2026-07-16 12:21:39 WARNING  strategy        No market ticks for 207s (threshold 30s) — MTM/stop-loss may be stale
2026-07-16 12:21:39 INFO     strategy        PnL: 12:21:39 MTM=514.00 Profit=0.08%
2026-07-16 12:21:40 WARNING  strategy        No market ticks for 208s (threshold 30s) — MTM/stop-loss may be stale
2026-07-16 12:21:40 INFO     strategy        PnL: 12:21:40 MTM=514.00 Profit=0.08%
2026-07-16 12:21:41 WARNING  strategy        No market ticks for 209s (threshold 30s) — MTM/stop-loss may be stale
2026-07-16 12:21:41 INFO     strategy        PnL: 12:21:41 MTM=514.00 Profit=0.08%
2026-07-16 12:21:42 WARNING  strategy        No market ticks for 210s (threshold 30s) — MTM/stop-loss may be stale
2026-07-16 12:21:42 INFO     strategy        PnL: 12:21:42 MTM=514.00 Profit=0.08%
2026-07-16 12:21:43 WARNING  strategy        No market ticks for 211s (threshold 30s) — MTM/stop-loss may be stale
2026-07-16 12:21:43 INFO     strategy        PnL: 12:21:43 MTM=514.00 Profit=0.08%
2026-07-16 12:21:44 WARNING  strategy        No market ticks for 212s (threshold 30s) — MTM/stop-loss may be stale
2026-07-16 12:21:44 INFO     strategy        PnL: 12:21:44 MTM=514.00 Profit=0.08%
2026-07-16 12:21:45 WARNING  strategy        No market ticks for 213s (threshold 30s) — MTM/stop-loss may be stale
2026-07-16 12:21:45 INFO     strategy        PnL: 12:21:45 MTM=514.00 Profit=0.08%
2026-07-16 12:21:46 WARNING  strategy        No market ticks for 214s (threshold 30s) — MTM/stop-loss may be stale
2026-07-16 12:21:46 INFO     strategy        PnL: 12:21:46 MTM=514.00 Profit=0.08%
2026-07-16 12:21:47 WARNING  strategy        No market ticks for 215s (threshold 30s) — MTM/stop-loss may be stale
2026-07-16 12:21:47 INFO     strategy        PnL: 12:21:47 MTM=514.00 Profit=0.08%
2026-07-16 12:21:48 WARNING  strategy        No market ticks for 216s (threshold 30s) — MTM/stop-loss may be stale
2026-07-16 12:21:48 INFO     strategy        PnL: 12:21:48 MTM=514.00 Profit=0.08%
2026-07-16 12:21:49 WARNING  strategy        No market ticks for 217s (threshold 30s) — MTM/stop-loss may be stale
2026-07-16 12:21:49 INFO     strategy        PnL: 12:21:49 MTM=514.00 Profit=0.08%
2026-07-16 12:21:50 WARNING  strategy        No market ticks for 218s (threshold 30s) — MTM/stop-loss may be stale
2026-07-16 12:21:50 INFO     strategy        PnL: 12:21:50 MTM=514.00 Profit=0.08%
2026-07-16 12:21:51 WARNING  strategy        No market ticks for 219s (threshold 30s) — MTM/stop-loss may be stale
2026-07-16 12:21:51 INFO     strategy        PnL: 12:21:51 MTM=514.00 Profit=0.08%
2026-07-16 12:21:52 WARNING  strategy        No market ticks for 220s (threshold 30s) — MTM/stop-loss may be stale
2026-07-16 12:21:52 INFO     strategy        PnL: 12:21:52 MTM=514.00 Profit=0.08%
2026-07-16 12:21:53 WARNING  strategy        No market ticks for 221s (threshold 30s) — MTM/stop-loss may be stale
2026-07-16 12:21:53 INFO     strategy        PnL: 12:21:53 MTM=514.00 Profit=0.08%
2026-07-16 12:21:54 WARNING  strategy        No market ticks for 222s (threshold 30s) — MTM/stop-loss may be stale
2026-07-16 12:21:54 INFO     strategy        PnL: 12:21:54 MTM=514.00 Profit=0.08%
2026-07-16 12:21:55 WARNING  strategy        No market ticks for 223s (threshold 30s) — MTM/stop-loss may be stale
2026-07-16 12:21:55 INFO     strategy        PnL: 12:21:55 MTM=514.00 Profit=0.08%
2026-07-16 12:21:56 WARNING  strategy        No market ticks for 224s (threshold 30s) — MTM/stop-loss may be stale
2026-07-16 12:21:56 INFO     strategy        PnL: 12:21:56 MTM=514.00 Profit=0.08%
2026-07-16 12:21:57 WARNING  strategy        No market ticks for 225s (threshold 30s) — MTM/stop-loss may be stale
2026-07-16 12:21:57 INFO     strategy        PnL: 12:21:57 MTM=514.00 Profit=0.08%
2026-07-16 12:21:58 WARNING  strategy        No market ticks for 226s (threshold 30s) — MTM/stop-loss may be stale
2026-07-16 12:21:58 INFO     strategy        PnL: 12:21:58 MTM=514.00 Profit=0.08%
2026-07-16 12:21:59 WARNING  strategy        No market ticks for 227s (threshold 30s) — MTM/stop-loss may be stale
2026-07-16 12:21:59 INFO     strategy        PnL: 12:21:59 MTM=514.00 Profit=0.08%
2026-07-16 12:22:00 WARNING  strategy        No market ticks for 228s (threshold 30s) — MTM/stop-loss may be stale
2026-07-16 12:22:00 INFO     strategy        PnL: 12:22:00 MTM=514.00 Profit=0.08%
2026-07-16 12:22:01 WARNING  strategy        No market ticks for 229s (threshold 30s) — MTM/stop-loss may be stale
2026-07-16 12:22:01 INFO     strategy        PnL: 12:22:01 MTM=514.00 Profit=0.08%
2026-07-16 12:22:02 WARNING  strategy        No market ticks for 230s (threshold 30s) — MTM/stop-loss may be stale
2026-07-16 12:22:02 INFO     strategy        PnL: 12:22:02 MTM=514.00 Profit=0.08%
2026-07-16 12:22:03 WARNING  strategy        No market ticks for 231s (threshold 30s) — MTM/stop-loss may be stale
2026-07-16 12:22:03 INFO     strategy        PnL: 12:22:03 MTM=514.00 Profit=0.08%
2026-07-16 12:22:04 WARNING  strategy        No market ticks for 232s (threshold 30s) — MTM/stop-loss may be stale
2026-07-16 12:22:04 INFO     strategy        PnL: 12:22:04 MTM=514.00 Profit=0.08%
2026-07-16 12:22:05 WARNING  strategy        No market ticks for 233s (threshold 30s) — MTM/stop-loss may be stale
2026-07-16 12:22:05 INFO     strategy        PnL: 12:22:05 MTM=514.00 Profit=0.08%
2026-07-16 12:22:06 WARNING  strategy        No market ticks for 234s (threshold 30s) — MTM/stop-loss may be stale
2026-07-16 12:22:06 INFO     strategy        PnL: 12:22:06 MTM=514.00 Profit=0.08%
2026-07-16 12:22:07 WARNING  strategy        No market ticks for 235s (threshold 30s) — MTM/stop-loss may be stale
2026-07-16 12:22:07 INFO     strategy        PnL: 12:22:07 MTM=514.00 Profit=0.08%
2026-07-16 12:22:08 WARNING  strategy        No market ticks for 236s (threshold 30s) — MTM/stop-loss may be stale
2026-07-16 12:22:08 INFO     strategy        PnL: 12:22:08 MTM=514.00 Profit=0.08%
2026-07-16 12:22:09 WARNING  strategy        No market ticks for 237s (threshold 30s) — MTM/stop-loss may be stale
2026-07-16 12:22:09 INFO     strategy        PnL: 12:22:09 MTM=514.00 Profit=0.08%
2026-07-16 12:22:10 WARNING  strategy        No market ticks for 238s (threshold 30s) — MTM/stop-loss may be stale
2026-07-16 12:22:10 INFO     strategy        PnL: 12:22:10 MTM=514.00 Profit=0.08%
2026-07-16 12:22:11 WARNING  strategy        No market ticks for 240s (threshold 30s) — MTM/stop-loss may be stale
2026-07-16 12:22:11 INFO     strategy        PnL: 12:22:11 MTM=514.00 Profit=0.08%
2026-07-16 12:22:12 WARNING  strategy        No market ticks for 241s (threshold 30s) — MTM/stop-loss may be stale
2026-07-16 12:22:12 INFO     strategy        PnL: 12:22:12 MTM=514.00 Profit=0.08%
2026-07-16 12:22:13 WARNING  strategy        No market ticks for 242s (threshold 30s) — MTM/stop-loss may be stale
2026-07-16 12:22:13 INFO     strategy        PnL: 12:22:13 MTM=514.00 Profit=0.08%
2026-07-16 12:22:14 WARNING  strategy        No market ticks for 243s (threshold 30s) — MTM/stop-loss may be stale
2026-07-16 12:22:14 INFO     strategy        PnL: 12:22:14 MTM=514.00 Profit=0.08%
2026-07-16 12:22:15 WARNING  strategy        No market ticks for 244s (threshold 30s) — MTM/stop-loss may be stale
2026-07-16 12:22:15 INFO     strategy        PnL: 12:22:15 MTM=514.00 Profit=0.08%
2026-07-16 12:22:16 WARNING  strategy        No market ticks for 245s (threshold 30s) — MTM/stop-loss may be stale
2026-07-16 12:22:16 INFO     strategy        PnL: 12:22:16 MTM=514.00 Profit=0.08%
2026-07-16 12:22:17 WARNING  strategy        No market ticks for 246s (threshold 30s) — MTM/stop-loss may be stale
2026-07-16 12:22:17 INFO     strategy        PnL: 12:22:17 MTM=514.00 Profit=0.08%
2026-07-16 12:22:18 WARNING  strategy        No market ticks for 247s (threshold 30s) — MTM/stop-loss may be stale
2026-07-16 12:22:18 INFO     strategy        PnL: 12:22:18 MTM=514.00 Profit=0.08%
2026-07-16 12:22:19 WARNING  strategy        No market ticks for 248s (threshold 30s) — MTM/stop-loss may be stale
2026-07-16 12:22:19 INFO     strategy        PnL: 12:22:19 MTM=514.00 Profit=0.08%
2026-07-16 12:22:20 WARNING  strategy        No market ticks for 249s (threshold 30s) — MTM/stop-loss may be stale
2026-07-16 12:22:20 INFO     strategy        PnL: 12:22:20 MTM=514.00 Profit=0.08%
2026-07-16 12:22:21 WARNING  strategy        No market ticks for 250s (threshold 30s) — MTM/stop-loss may be stale
2026-07-16 12:22:21 INFO     strategy        PnL: 12:22:21 MTM=514.00 Profit=0.08%
2026-07-16 12:22:22 WARNING  strategy        No market ticks for 251s (threshold 30s) — MTM/stop-loss may be stale
2026-07-16 12:22:22 INFO     strategy        PnL: 12:22:22 MTM=514.00 Profit=0.08%
2026-07-16 12:22:23 WARNING  strategy        No market ticks for 252s (threshold 30s) — MTM/stop-loss may be stale
2026-07-16 12:22:23 INFO     strategy        PnL: 12:22:23 MTM=514.00 Profit=0.08%
2026-07-16 12:22:24 WARNING  strategy        No market ticks for 253s (threshold 30s) — MTM/stop-loss may be stale
2026-07-16 12:22:24 INFO     strategy        PnL: 12:22:24 MTM=514.00 Profit=0.08%
2026-07-16 12:22:25 WARNING  strategy        No market ticks for 254s (threshold 30s) — MTM/stop-loss may be stale
2026-07-16 12:22:25 INFO     strategy        PnL: 12:22:25 MTM=514.00 Profit=0.08%
2026-07-16 12:22:26 WARNING  strategy        No market ticks for 255s (threshold 30s) — MTM/stop-loss may be stale
2026-07-16 12:22:26 INFO     strategy        PnL: 12:22:26 MTM=514.00 Profit=0.08%
2026-07-16 12:22:27 WARNING  strategy        No market ticks for 256s (threshold 30s) — MTM/stop-loss may be stale
2026-07-16 12:22:27 INFO     strategy        PnL: 12:22:27 MTM=514.00 Profit=0.08%
2026-07-16 12:22:28 WARNING  strategy        No market ticks for 257s (threshold 30s) — MTM/stop-loss may be stale
2026-07-16 12:22:28 INFO     strategy        PnL: 12:22:28 MTM=514.00 Profit=0.08%
2026-07-16 12:22:29 WARNING  strategy        No market ticks for 258s (threshold 30s) — MTM/stop-loss may be stale
2026-07-16 12:22:29 INFO     strategy        PnL: 12:22:29 MTM=514.00 Profit=0.08%
2026-07-16 12:22:30 WARNING  strategy        No market ticks for 259s (threshold 30s) — MTM/stop-loss may be stale
2026-07-16 12:22:30 INFO     strategy        PnL: 12:22:30 MTM=514.00 Profit=0.08%
2026-07-16 12:22:31 WARNING  strategy        No market ticks for 260s (threshold 30s) — MTM/stop-loss may be stale
2026-07-16 12:22:31 INFO     strategy        PnL: 12:22:31 MTM=514.00 Profit=0.08%
2026-07-16 12:22:32 WARNING  strategy        No market ticks for 261s (threshold 30s) — MTM/stop-loss may be stale
2026-07-16 12:22:33 INFO     strategy        PnL: 12:22:32 MTM=514.00 Profit=0.08%
2026-07-16 12:22:34 WARNING  strategy        No market ticks for 262s (threshold 30s) — MTM/stop-loss may be stale
2026-07-16 12:22:34 INFO     strategy        PnL: 12:22:34 MTM=514.00 Profit=0.08%
2026-07-16 12:22:35 WARNING  strategy        No market ticks for 263s (threshold 30s) — MTM/stop-loss may be stale
2026-07-16 12:22:35 INFO     strategy        PnL: 12:22:35 MTM=514.00 Profit=0.08%
2026-07-16 12:22:36 WARNING  strategy        No market ticks for 264s (threshold 30s) — MTM/stop-loss may be stale
2026-07-16 12:22:36 INFO     strategy        PnL: 12:22:36 MTM=514.00 Profit=0.08%
2026-07-16 12:22:37 WARNING  strategy        No market ticks for 265s (threshold 30s) — MTM/stop-loss may be stale
2026-07-16 12:22:37 INFO     strategy        PnL: 12:22:37 MTM=514.00 Profit=0.08%
2026-07-16 12:22:38 WARNING  strategy        No market ticks for 266s (threshold 30s) — MTM/stop-loss may be stale
2026-07-16 12:22:38 INFO     strategy        PnL: 12:22:38 MTM=514.00 Profit=0.08%
2026-07-16 12:22:39 WARNING  strategy        No market ticks for 267s (threshold 30s) — MTM/stop-loss may be stale
2026-07-16 12:22:39 INFO     strategy        PnL: 12:22:39 MTM=514.00 Profit=0.08%
2026-07-16 12:22:40 WARNING  strategy        No market ticks for 268s (threshold 30s) — MTM/stop-loss may be stale
2026-07-16 12:22:40 INFO     strategy        PnL: 12:22:40 MTM=514.00 Profit=0.08%
2026-07-16 12:22:41 WARNING  strategy        No market ticks for 269s (threshold 30s) — MTM/stop-loss may be stale
2026-07-16 12:22:41 INFO     strategy        PnL: 12:22:41 MTM=514.00 Profit=0.08%
2026-07-16 12:22:42 WARNING  strategy        No market ticks for 270s (threshold 30s) — MTM/stop-loss may be stale
2026-07-16 12:22:42 INFO     strategy        PnL: 12:22:42 MTM=514.00 Profit=0.08%
2026-07-16 12:22:43 WARNING  strategy        No market ticks for 271s (threshold 30s) — MTM/stop-loss may be stale
2026-07-16 12:22:43 INFO     strategy        PnL: 12:22:43 MTM=514.00 Profit=0.08%
2026-07-16 12:22:44 WARNING  strategy        No market ticks for 272s (threshold 30s) — MTM/stop-loss may be stale
2026-07-16 12:22:44 INFO     strategy        PnL: 12:22:44 MTM=514.00 Profit=0.08%
2026-07-16 12:22:45 WARNING  strategy        No market ticks for 273s (threshold 30s) — MTM/stop-loss may be stale
2026-07-16 12:22:45 INFO     strategy        PnL: 12:22:45 MTM=514.00 Profit=0.08%
2026-07-16 12:22:46 WARNING  strategy        No market ticks for 274s (threshold 30s) — MTM/stop-loss may be stale
2026-07-16 12:22:46 INFO     strategy        PnL: 12:22:46 MTM=514.00 Profit=0.08%
2026-07-16 12:22:47 WARNING  strategy        No market ticks for 275s (threshold 30s) — MTM/stop-loss may be stale
2026-07-16 12:22:47 INFO     strategy        PnL: 12:22:47 MTM=514.00 Profit=0.08%
2026-07-16 12:22:48 WARNING  strategy        No market ticks for 276s (threshold 30s) — MTM/stop-loss may be stale
2026-07-16 12:22:48 INFO     strategy        PnL: 12:22:48 MTM=514.00 Profit=0.08%
2026-07-16 12:22:49 WARNING  strategy        No market ticks for 277s (threshold 30s) — MTM/stop-loss may be stale
2026-07-16 12:22:49 INFO     strategy        PnL: 12:22:49 MTM=514.00 Profit=0.08%
2026-07-16 12:22:50 WARNING  strategy        No market ticks for 278s (threshold 30s) — MTM/stop-loss may be stale
2026-07-16 12:22:50 INFO     strategy        PnL: 12:22:50 MTM=514.00 Profit=0.08%
2026-07-16 12:22:51 WARNING  strategy        No market ticks for 279s (threshold 30s) — MTM/stop-loss may be stale
2026-07-16 12:22:51 INFO     strategy        PnL: 12:22:51 MTM=514.00 Profit=0.08%
2026-07-16 12:22:52 WARNING  strategy        No market ticks for 280s (threshold 30s) — MTM/stop-loss may be stale
2026-07-16 12:22:52 INFO     strategy        PnL: 12:22:52 MTM=514.00 Profit=0.08%
2026-07-16 12:22:53 WARNING  strategy        No market ticks for 281s (threshold 30s) — MTM/stop-loss may be stale
2026-07-16 12:22:53 INFO     strategy        PnL: 12:22:53 MTM=514.00 Profit=0.08%
2026-07-16 12:22:54 WARNING  strategy        No market ticks for 282s (threshold 30s) — MTM/stop-loss may be stale
2026-07-16 12:22:54 INFO     strategy        PnL: 12:22:54 MTM=514.00 Profit=0.08%
2026-07-16 12:22:55 WARNING  strategy        No market ticks for 283s (threshold 30s) — MTM/stop-loss may be stale
2026-07-16 12:22:55 INFO     strategy        PnL: 12:22:55 MTM=514.00 Profit=0.08%
2026-07-16 12:22:56 WARNING  strategy        No market ticks for 284s (threshold 30s) — MTM/stop-loss may be stale
2026-07-16 12:22:56 INFO     strategy        PnL: 12:22:56 MTM=514.00 Profit=0.08%
2026-07-16 12:22:57 WARNING  strategy        No market ticks for 285s (threshold 30s) — MTM/stop-loss may be stale
2026-07-16 12:22:57 INFO     strategy        PnL: 12:22:57 MTM=514.00 Profit=0.08%
2026-07-16 12:22:58 WARNING  strategy        No market ticks for 286s (threshold 30s) — MTM/stop-loss may be stale
2026-07-16 12:22:58 INFO     strategy        PnL: 12:22:58 MTM=514.00 Profit=0.08%
2026-07-16 12:22:59 WARNING  strategy        No market ticks for 287s (threshold 30s) — MTM/stop-loss may be stale
2026-07-16 12:22:59 INFO     strategy        PnL: 12:22:59 MTM=514.00 Profit=0.08%
2026-07-16 12:23:00 WARNING  strategy        No market ticks for 288s (threshold 30s) — MTM/stop-loss may be stale
2026-07-16 12:23:00 INFO     strategy        PnL: 12:23:00 MTM=514.00 Profit=0.08%
2026-07-16 12:23:01 WARNING  strategy        No market ticks for 289s (threshold 30s) — MTM/stop-loss may be stale
2026-07-16 12:23:01 INFO     strategy        PnL: 12:23:01 MTM=514.00 Profit=0.08%
2026-07-16 12:23:02 WARNING  strategy        No market ticks for 290s (threshold 30s) — MTM/stop-loss may be stale
2026-07-16 12:23:02 INFO     strategy        PnL: 12:23:02 MTM=514.00 Profit=0.08%
2026-07-16 12:23:03 WARNING  strategy        No market ticks for 291s (threshold 30s) — MTM/stop-loss may be stale
2026-07-16 12:23:03 INFO     strategy        PnL: 12:23:03 MTM=514.00 Profit=0.08%
2026-07-16 12:23:04 WARNING  strategy        No market ticks for 292s (threshold 30s) — MTM/stop-loss may be stale
2026-07-16 12:23:04 INFO     strategy        PnL: 12:23:04 MTM=514.00 Profit=0.08%
2026-07-16 12:23:05 WARNING  strategy        No market ticks for 293s (threshold 30s) — MTM/stop-loss may be stale
2026-07-16 12:23:05 INFO     strategy        PnL: 12:23:05 MTM=514.00 Profit=0.08%
2026-07-16 12:23:06 WARNING  strategy        No market ticks for 294s (threshold 30s) — MTM/stop-loss may be stale
2026-07-16 12:23:06 INFO     strategy        PnL: 12:23:06 MTM=514.00 Profit=0.08%
2026-07-16 12:23:07 WARNING  strategy        No market ticks for 295s (threshold 30s) — MTM/stop-loss may be stale
2026-07-16 12:23:07 INFO     strategy        PnL: 12:23:07 MTM=514.00 Profit=0.08%
2026-07-16 12:23:08 WARNING  strategy        No market ticks for 296s (threshold 30s) — MTM/stop-loss may be stale
2026-07-16 12:23:08 INFO     strategy        PnL: 12:23:08 MTM=514.00 Profit=0.08%
2026-07-16 12:23:09 WARNING  strategy        No market ticks for 297s (threshold 30s) — MTM/stop-loss may be stale
2026-07-16 12:23:09 INFO     strategy        PnL: 12:23:09 MTM=514.00 Profit=0.08%
2026-07-16 12:23:10 WARNING  strategy        No market ticks for 298s (threshold 30s) — MTM/stop-loss may be stale
2026-07-16 12:23:10 INFO     strategy        PnL: 12:23:10 MTM=514.00 Profit=0.08%
2026-07-16 12:23:11 WARNING  strategy        No market ticks for 299s (threshold 30s) — MTM/stop-loss may be stale
2026-07-16 12:23:11 INFO     strategy        PnL: 12:23:11 MTM=514.00 Profit=0.08%
2026-07-16 12:23:12 WARNING  strategy        No market ticks for 300s (threshold 30s) — MTM/stop-loss may be stale
2026-07-16 12:23:12 INFO     strategy        PnL: 12:23:12 MTM=514.00 Profit=0.08%
2026-07-16 12:23:13 WARNING  strategy        No market ticks for 301s (threshold 30s) — MTM/stop-loss may be stale
2026-07-16 12:23:13 INFO     strategy        PnL: 12:23:13 MTM=514.00 Profit=0.08%
2026-07-16 12:23:14 WARNING  strategy        No market ticks for 302s (threshold 30s) — MTM/stop-loss may be stale
2026-07-16 12:23:14 INFO     strategy        PnL: 12:23:14 MTM=514.00 Profit=0.08%
2026-07-16 12:23:15 WARNING  strategy        No market ticks for 303s (threshold 30s) — MTM/stop-loss may be stale
2026-07-16 12:23:15 INFO     strategy        PnL: 12:23:15 MTM=514.00 Profit=0.08%
2026-07-16 12:23:16 WARNING  strategy        No market ticks for 304s (threshold 30s) — MTM/stop-loss may be stale
2026-07-16 12:23:16 INFO     strategy        PnL: 12:23:16 MTM=514.00 Profit=0.08%
2026-07-16 12:23:17 WARNING  strategy        No market ticks for 305s (threshold 30s) — MTM/stop-loss may be stale
2026-07-16 12:23:17 INFO     strategy        PnL: 12:23:17 MTM=514.00 Profit=0.08%
2026-07-16 12:23:18 WARNING  strategy        No market ticks for 306s (threshold 30s) — MTM/stop-loss may be stale
2026-07-16 12:23:18 INFO     strategy        PnL: 12:23:18 MTM=514.00 Profit=0.08%
2026-07-16 12:23:19 WARNING  strategy        No market ticks for 307s (threshold 30s) — MTM/stop-loss may be stale
2026-07-16 12:23:19 INFO     strategy        PnL: 12:23:19 MTM=514.00 Profit=0.08%
2026-07-16 12:23:20 WARNING  strategy        No market ticks for 308s (threshold 30s) — MTM/stop-loss may be stale
2026-07-16 12:23:20 INFO     strategy        PnL: 12:23:20 MTM=514.00 Profit=0.08%
2026-07-16 12:23:21 WARNING  strategy        No market ticks for 309s (threshold 30s) — MTM/stop-loss may be stale
2026-07-16 12:23:21 INFO     strategy        PnL: 12:23:21 MTM=514.00 Profit=0.08%
2026-07-16 12:23:22 WARNING  strategy        No market ticks for 310s (threshold 30s) — MTM/stop-loss may be stale
2026-07-16 12:23:22 INFO     strategy        PnL: 12:23:22 MTM=514.00 Profit=0.08%
2026-07-16 12:23:23 WARNING  strategy        No market ticks for 311s (threshold 30s) — MTM/stop-loss may be stale
2026-07-16 12:23:23 INFO     strategy        PnL: 12:23:23 MTM=514.00 Profit=0.08%
2026-07-16 12:23:24 WARNING  strategy        No market ticks for 312s (threshold 30s) — MTM/stop-loss may be stale
2026-07-16 12:23:24 INFO     strategy        PnL: 12:23:24 MTM=514.00 Profit=0.08%
2026-07-16 12:23:25 WARNING  strategy        No market ticks for 313s (threshold 30s) — MTM/stop-loss may be stale
2026-07-16 12:23:25 INFO     strategy        PnL: 12:23:25 MTM=514.00 Profit=0.08%
2026-07-16 12:23:26 WARNING  strategy        No market ticks for 314s (threshold 30s) — MTM/stop-loss may be stale
2026-07-16 12:23:26 INFO     strategy        PnL: 12:23:26 MTM=514.00 Profit=0.08%
2026-07-16 12:23:27 WARNING  strategy        No market ticks for 315s (threshold 30s) — MTM/stop-loss may be stale
2026-07-16 12:23:27 INFO     strategy        PnL: 12:23:27 MTM=514.00 Profit=0.08%
2026-07-16 12:23:28 WARNING  strategy        No market ticks for 317s (threshold 30s) — MTM/stop-loss may be stale
2026-07-16 12:23:28 INFO     strategy        PnL: 12:23:28 MTM=514.00 Profit=0.08%
2026-07-16 12:23:29 WARNING  strategy        No market ticks for 318s (threshold 30s) — MTM/stop-loss may be stale
2026-07-16 12:23:29 INFO     strategy        PnL: 12:23:29 MTM=514.00 Profit=0.08%
2026-07-16 12:23:30 WARNING  strategy        No market ticks for 319s (threshold 30s) — MTM/stop-loss may be stale
2026-07-16 12:23:30 INFO     strategy        PnL: 12:23:30 MTM=514.00 Profit=0.08%
2026-07-16 12:23:31 WARNING  strategy        No market ticks for 320s (threshold 30s) — MTM/stop-loss may be stale
2026-07-16 12:23:31 INFO     strategy        PnL: 12:23:31 MTM=514.00 Profit=0.08%
2026-07-16 12:23:32 WARNING  strategy        No market ticks for 321s (threshold 30s) — MTM/stop-loss may be stale
2026-07-16 12:23:32 INFO     strategy        PnL: 12:23:32 MTM=514.00 Profit=0.08%
2026-07-16 12:23:33 WARNING  strategy        No market ticks for 322s (threshold 30s) — MTM/stop-loss may be stale
2026-07-16 12:23:33 INFO     strategy        PnL: 12:23:33 MTM=514.00 Profit=0.08%
2026-07-16 12:23:34 WARNING  strategy        No market ticks for 323s (threshold 30s) — MTM/stop-loss may be stale
2026-07-16 12:23:34 INFO     strategy        PnL: 12:23:34 MTM=514.00 Profit=0.08%
2026-07-16 12:23:35 WARNING  strategy        No market ticks for 324s (threshold 30s) — MTM/stop-loss may be stale
2026-07-16 12:23:35 INFO     strategy        PnL: 12:23:35 MTM=514.00 Profit=0.08%
2026-07-16 12:23:36 WARNING  strategy        No market ticks for 325s (threshold 30s) — MTM/stop-loss may be stale
2026-07-16 12:23:36 INFO     strategy        PnL: 12:23:36 MTM=514.00 Profit=0.08%
2026-07-16 12:23:37 WARNING  strategy        No market ticks for 326s (threshold 30s) — MTM/stop-loss may be stale
2026-07-16 12:23:37 INFO     strategy        PnL: 12:23:37 MTM=514.00 Profit=0.08%
2026-07-16 12:23:38 WARNING  strategy        No market ticks for 327s (threshold 30s) — MTM/stop-loss may be stale
2026-07-16 12:23:38 INFO     strategy        PnL: 12:23:38 MTM=514.00 Profit=0.08%
2026-07-16 12:23:39 WARNING  strategy        No market ticks for 328s (threshold 30s) — MTM/stop-loss may be stale
2026-07-16 12:23:39 INFO     strategy        PnL: 12:23:39 MTM=514.00 Profit=0.08%
2026-07-16 12:23:40 WARNING  strategy        No market ticks for 329s (threshold 30s) — MTM/stop-loss may be stale
2026-07-16 12:23:40 INFO     strategy        PnL: 12:23:40 MTM=514.00 Profit=0.08%
2026-07-16 12:23:41 WARNING  strategy        No market ticks for 330s (threshold 30s) — MTM/stop-loss may be stale
2026-07-16 12:23:41 INFO     strategy        PnL: 12:23:41 MTM=514.00 Profit=0.08%
2026-07-16 12:23:42 WARNING  strategy        No market ticks for 331s (threshold 30s) — MTM/stop-loss may be stale
2026-07-16 12:23:42 INFO     strategy        PnL: 12:23:42 MTM=514.00 Profit=0.08%
2026-07-16 12:23:43 WARNING  strategy        No market ticks for 332s (threshold 30s) — MTM/stop-loss may be stale
2026-07-16 12:23:43 INFO     strategy        PnL: 12:23:43 MTM=514.00 Profit=0.08%
2026-07-16 12:23:44 WARNING  strategy        No market ticks for 333s (threshold 30s) — MTM/stop-loss may be stale
2026-07-16 12:23:44 INFO     strategy        PnL: 12:23:44 MTM=514.00 Profit=0.08%
2026-07-16 12:23:45 WARNING  strategy        No market ticks for 334s (threshold 30s) — MTM/stop-loss may be stale
2026-07-16 12:23:45 INFO     strategy        PnL: 12:23:45 MTM=514.00 Profit=0.08%
2026-07-16 12:23:46 WARNING  strategy        No market ticks for 335s (threshold 30s) — MTM/stop-loss may be stale
2026-07-16 12:23:46 INFO     strategy        PnL: 12:23:46 MTM=514.00 Profit=0.08%
2026-07-16 12:23:48 WARNING  strategy        No market ticks for 336s (threshold 30s) — MTM/stop-loss may be stale
2026-07-16 12:23:48 INFO     strategy        PnL: 12:23:48 MTM=514.00 Profit=0.08%
2026-07-16 12:23:49 WARNING  strategy        No market ticks for 337s (threshold 30s) — MTM/stop-loss may be stale
2026-07-16 12:23:49 INFO     strategy        PnL: 12:23:49 MTM=514.00 Profit=0.08%
2026-07-16 12:23:50 WARNING  strategy        No market ticks for 338s (threshold 30s) — MTM/stop-loss may be stale
2026-07-16 12:23:50 INFO     strategy        PnL: 12:23:50 MTM=514.00 Profit=0.08%
2026-07-16 12:23:51 WARNING  strategy        No market ticks for 339s (threshold 30s) — MTM/stop-loss may be stale
2026-07-16 12:23:51 INFO     strategy        PnL: 12:23:51 MTM=514.00 Profit=0.08%
2026-07-16 12:23:52 WARNING  strategy        No market ticks for 340s (threshold 30s) — MTM/stop-loss may be stale
2026-07-16 12:23:52 INFO     strategy        PnL: 12:23:52 MTM=514.00 Profit=0.08%
2026-07-16 12:23:53 WARNING  strategy        No market ticks for 341s (threshold 30s) — MTM/stop-loss may be stale
2026-07-16 12:23:53 INFO     strategy        PnL: 12:23:53 MTM=514.00 Profit=0.08%
2026-07-16 12:23:54 WARNING  strategy        No market ticks for 342s (threshold 30s) — MTM/stop-loss may be stale
2026-07-16 12:23:54 INFO     strategy        PnL: 12:23:54 MTM=514.00 Profit=0.08%
2026-07-16 12:23:55 WARNING  strategy        No market ticks for 343s (threshold 30s) — MTM/stop-loss may be stale
2026-07-16 12:23:55 INFO     strategy        PnL: 12:23:55 MTM=514.00 Profit=0.08%
2026-07-16 12:23:56 WARNING  strategy        No market ticks for 344s (threshold 30s) — MTM/stop-loss may be stale
2026-07-16 12:23:56 INFO     strategy        PnL: 12:23:56 MTM=514.00 Profit=0.08%
2026-07-16 12:23:57 WARNING  strategy        No market ticks for 345s (threshold 30s) — MTM/stop-loss may be stale
2026-07-16 12:23:57 INFO     strategy        PnL: 12:23:57 MTM=514.00 Profit=0.08%
2026-07-16 12:23:58 WARNING  strategy        No market ticks for 346s (threshold 30s) — MTM/stop-loss may be stale
2026-07-16 12:23:58 INFO     strategy        PnL: 12:23:58 MTM=514.00 Profit=0.08%
2026-07-16 12:23:59 WARNING  strategy        No market ticks for 347s (threshold 30s) — MTM/stop-loss may be stale
2026-07-16 12:23:59 INFO     strategy        PnL: 12:23:59 MTM=514.00 Profit=0.08%
2026-07-16 12:24:00 WARNING  strategy        No market ticks for 348s (threshold 30s) — MTM/stop-loss may be stale
2026-07-16 12:24:00 INFO     strategy        PnL: 12:24:00 MTM=514.00 Profit=0.08%
2026-07-16 12:24:01 WARNING  strategy        No market ticks for 349s (threshold 30s) — MTM/stop-loss may be stale
2026-07-16 12:24:01 INFO     strategy        PnL: 12:24:01 MTM=514.00 Profit=0.08%
2026-07-16 12:24:02 WARNING  strategy        No market ticks for 350s (threshold 30s) — MTM/stop-loss may be stale
2026-07-16 12:24:02 INFO     strategy        PnL: 12:24:02 MTM=514.00 Profit=0.08%
2026-07-16 12:24:03 WARNING  strategy        No market ticks for 351s (threshold 30s) — MTM/stop-loss may be stale
2026-07-16 12:24:03 INFO     strategy        PnL: 12:24:03 MTM=514.00 Profit=0.08%
2026-07-16 12:24:04 WARNING  strategy        No market ticks for 352s (threshold 30s) — MTM/stop-loss may be stale
2026-07-16 12:24:04 INFO     strategy        PnL: 12:24:04 MTM=514.00 Profit=0.08%
2026-07-16 12:24:05 WARNING  strategy        No market ticks for 353s (threshold 30s) — MTM/stop-loss may be stale
2026-07-16 12:24:05 INFO     strategy        PnL: 12:24:05 MTM=514.00 Profit=0.08%
2026-07-16 12:24:06 WARNING  strategy        No market ticks for 354s (threshold 30s) — MTM/stop-loss may be stale
2026-07-16 12:24:06 INFO     strategy        PnL: 12:24:06 MTM=514.00 Profit=0.08%
2026-07-16 12:24:07 WARNING  strategy        No market ticks for 355s (threshold 30s) — MTM/stop-loss may be stale
2026-07-16 12:24:07 INFO     strategy        PnL: 12:24:07 MTM=514.00 Profit=0.08%
2026-07-16 12:24:08 WARNING  strategy        No market ticks for 356s (threshold 30s) — MTM/stop-loss may be stale
2026-07-16 12:24:08 INFO     strategy        PnL: 12:24:08 MTM=514.00 Profit=0.08%
2026-07-16 12:24:09 WARNING  strategy        No market ticks for 357s (threshold 30s) — MTM/stop-loss may be stale
2026-07-16 12:24:09 INFO     strategy        PnL: 12:24:09 MTM=514.00 Profit=0.08%
2026-07-16 12:24:10 WARNING  strategy        No market ticks for 358s (threshold 30s) — MTM/stop-loss may be stale
2026-07-16 12:24:10 INFO     strategy        PnL: 12:24:10 MTM=514.00 Profit=0.08%
2026-07-16 12:24:11 WARNING  strategy        No market ticks for 359s (threshold 30s) — MTM/stop-loss may be stale
2026-07-16 12:24:11 INFO     strategy        PnL: 12:24:11 MTM=514.00 Profit=0.08%
2026-07-16 12:24:12 WARNING  strategy        No market ticks for 360s (threshold 30s) — MTM/stop-loss may be stale
2026-07-16 12:24:12 INFO     strategy        PnL: 12:24:12 MTM=514.00 Profit=0.08%
2026-07-16 12:24:13 WARNING  strategy        No market ticks for 361s (threshold 30s) — MTM/stop-loss may be stale
2026-07-16 12:24:13 INFO     strategy        PnL: 12:24:13 MTM=514.00 Profit=0.08%
2026-07-16 12:24:14 WARNING  strategy        No market ticks for 362s (threshold 30s) — MTM/stop-loss may be stale
2026-07-16 12:24:14 INFO     strategy        PnL: 12:24:14 MTM=514.00 Profit=0.08%
2026-07-16 12:24:15 WARNING  strategy        No market ticks for 363s (threshold 30s) — MTM/stop-loss may be stale
2026-07-16 12:24:15 INFO     strategy        PnL: 12:24:15 MTM=514.00 Profit=0.08%
2026-07-16 12:24:16 WARNING  strategy        No market ticks for 364s (threshold 30s) — MTM/stop-loss may be stale
2026-07-16 12:24:16 INFO     strategy        PnL: 12:24:16 MTM=514.00 Profit=0.08%
2026-07-16 12:24:17 WARNING  strategy        No market ticks for 365s (threshold 30s) — MTM/stop-loss may be stale
2026-07-16 12:24:17 INFO     strategy        PnL: 12:24:17 MTM=514.00 Profit=0.08%
2026-07-16 12:24:18 WARNING  strategy        No market ticks for 366s (threshold 30s) — MTM/stop-loss may be stale
2026-07-16 12:24:18 INFO     strategy        PnL: 12:24:18 MTM=514.00 Profit=0.08%
2026-07-16 12:24:19 WARNING  strategy        No market ticks for 367s (threshold 30s) — MTM/stop-loss may be stale
2026-07-16 12:24:19 INFO     strategy        PnL: 12:24:19 MTM=514.00 Profit=0.08%
2026-07-16 12:24:20 WARNING  strategy        No market ticks for 368s (threshold 30s) — MTM/stop-loss may be stale
2026-07-16 12:24:20 INFO     strategy        PnL: 12:24:20 MTM=514.00 Profit=0.08%
2026-07-16 12:24:21 WARNING  strategy        No market ticks for 369s (threshold 30s) — MTM/stop-loss may be stale
2026-07-16 12:24:21 INFO     strategy        PnL: 12:24:21 MTM=514.00 Profit=0.08%
2026-07-16 12:24:22 WARNING  strategy        No market ticks for 370s (threshold 30s) — MTM/stop-loss may be stale
2026-07-16 12:24:22 INFO     strategy        PnL: 12:24:22 MTM=514.00 Profit=0.08%
2026-07-16 12:24:23 WARNING  strategy        No market ticks for 371s (threshold 30s) — MTM/stop-loss may be stale
2026-07-16 12:24:23 INFO     strategy        PnL: 12:24:23 MTM=514.00 Profit=0.08%
2026-07-16 12:24:24 WARNING  strategy        No market ticks for 372s (threshold 30s) — MTM/stop-loss may be stale
2026-07-16 12:24:24 INFO     strategy        PnL: 12:24:24 MTM=514.00 Profit=0.08%
2026-07-16 12:24:25 WARNING  strategy        No market ticks for 373s (threshold 30s) — MTM/stop-loss may be stale
2026-07-16 12:24:25 INFO     strategy        PnL: 12:24:25 MTM=514.00 Profit=0.08%
2026-07-16 12:24:26 WARNING  strategy        No market ticks for 374s (threshold 30s) — MTM/stop-loss may be stale
2026-07-16 12:24:26 INFO     strategy        PnL: 12:24:26 MTM=514.00 Profit=0.08%
2026-07-16 12:24:27 WARNING  strategy        No market ticks for 375s (threshold 30s) — MTM/stop-loss may be stale
2026-07-16 12:24:27 INFO     strategy        PnL: 12:24:27 MTM=514.00 Profit=0.08%
2026-07-16 12:24:28 WARNING  strategy        No market ticks for 376s (threshold 30s) — MTM/stop-loss may be stale
2026-07-16 12:24:28 INFO     strategy        PnL: 12:24:28 MTM=514.00 Profit=0.08%
2026-07-16 12:24:29 WARNING  strategy        No market ticks for 377s (threshold 30s) — MTM/stop-loss may be stale
2026-07-16 12:24:29 INFO     strategy        PnL: 12:24:29 MTM=514.00 Profit=0.08%
2026-07-16 12:24:30 WARNING  strategy        No market ticks for 378s (threshold 30s) — MTM/stop-loss may be stale
2026-07-16 12:24:30 INFO     strategy        PnL: 12:24:30 MTM=514.00 Profit=0.08%
2026-07-16 12:24:31 WARNING  strategy        No market ticks for 379s (threshold 30s) — MTM/stop-loss may be stale
2026-07-16 12:24:31 INFO     strategy        PnL: 12:24:31 MTM=514.00 Profit=0.08%
2026-07-16 12:24:32 WARNING  strategy        No market ticks for 380s (threshold 30s) — MTM/stop-loss may be stale
2026-07-16 12:24:32 INFO     strategy        PnL: 12:24:32 MTM=514.00 Profit=0.08%
2026-07-16 12:24:33 WARNING  strategy        No market ticks for 381s (threshold 30s) — MTM/stop-loss may be stale
2026-07-16 12:24:33 INFO     strategy        PnL: 12:24:33 MTM=514.00 Profit=0.08%
2026-07-16 12:24:34 WARNING  strategy        No market ticks for 382s (threshold 30s) — MTM/stop-loss may be stale
2026-07-16 12:24:34 INFO     strategy        PnL: 12:24:34 MTM=514.00 Profit=0.08%
2026-07-16 12:24:35 WARNING  strategy        No market ticks for 383s (threshold 30s) — MTM/stop-loss may be stale
2026-07-16 12:24:35 INFO     strategy        PnL: 12:24:35 MTM=514.00 Profit=0.08%
2026-07-16 12:24:36 WARNING  strategy        No market ticks for 384s (threshold 30s) — MTM/stop-loss may be stale
2026-07-16 12:24:36 INFO     strategy        PnL: 12:24:36 MTM=514.00 Profit=0.08%
2026-07-16 12:24:37 WARNING  strategy        No market ticks for 385s (threshold 30s) — MTM/stop-loss may be stale
2026-07-16 12:24:37 INFO     strategy        PnL: 12:24:37 MTM=514.00 Profit=0.08%
2026-07-16 12:24:38 WARNING  strategy        No market ticks for 386s (threshold 30s) — MTM/stop-loss may be stale
2026-07-16 12:24:38 INFO     strategy        PnL: 12:24:38 MTM=514.00 Profit=0.08%
2026-07-16 12:24:39 WARNING  strategy        No market ticks for 387s (threshold 30s) — MTM/stop-loss may be stale
2026-07-16 12:24:39 INFO     strategy        PnL: 12:24:39 MTM=514.00 Profit=0.08%
2026-07-16 12:24:40 WARNING  strategy        No market ticks for 388s (threshold 30s) — MTM/stop-loss may be stale
2026-07-16 12:24:40 INFO     strategy        PnL: 12:24:40 MTM=514.00 Profit=0.08%
2026-07-16 12:24:41 WARNING  strategy        No market ticks for 389s (threshold 30s) — MTM/stop-loss may be stale
2026-07-16 12:24:41 INFO     strategy        PnL: 12:24:41 MTM=514.00 Profit=0.08%
2026-07-16 12:24:42 WARNING  strategy        No market ticks for 390s (threshold 30s) — MTM/stop-loss may be stale
2026-07-16 12:24:42 INFO     strategy        PnL: 12:24:42 MTM=514.00 Profit=0.08%
2026-07-16 12:24:43 WARNING  strategy        No market ticks for 392s (threshold 30s) — MTM/stop-loss may be stale
2026-07-16 12:24:43 INFO     strategy        PnL: 12:24:43 MTM=514.00 Profit=0.08%
2026-07-16 12:24:44 WARNING  strategy        No market ticks for 393s (threshold 30s) — MTM/stop-loss may be stale
2026-07-16 12:24:44 INFO     strategy        PnL: 12:24:44 MTM=514.00 Profit=0.08%
2026-07-16 12:24:45 WARNING  strategy        No market ticks for 394s (threshold 30s) — MTM/stop-loss may be stale
2026-07-16 12:24:45 INFO     strategy        PnL: 12:24:45 MTM=514.00 Profit=0.08%
2026-07-16 12:24:46 WARNING  strategy        No market ticks for 395s (threshold 30s) — MTM/stop-loss may be stale
2026-07-16 12:24:46 INFO     strategy        PnL: 12:24:46 MTM=514.00 Profit=0.08%
2026-07-16 12:24:47 WARNING  strategy        No market ticks for 396s (threshold 30s) — MTM/stop-loss may be stale
2026-07-16 12:24:47 INFO     strategy        PnL: 12:24:47 MTM=514.00 Profit=0.08%
2026-07-16 12:24:48 WARNING  strategy        No market ticks for 397s (threshold 30s) — MTM/stop-loss may be stale
2026-07-16 12:24:48 INFO     strategy        PnL: 12:24:48 MTM=514.00 Profit=0.08%
2026-07-16 12:24:49 WARNING  strategy        No market ticks for 398s (threshold 30s) — MTM/stop-loss may be stale
2026-07-16 12:24:49 INFO     strategy        PnL: 12:24:49 MTM=514.00 Profit=0.08%
2026-07-16 12:24:50 WARNING  strategy        No market ticks for 399s (threshold 30s) — MTM/stop-loss may be stale
2026-07-16 12:24:50 INFO     strategy        PnL: 12:24:50 MTM=514.00 Profit=0.08%
2026-07-16 12:24:51 WARNING  strategy        No market ticks for 400s (threshold 30s) — MTM/stop-loss may be stale
2026-07-16 12:24:51 INFO     strategy        PnL: 12:24:51 MTM=514.00 Profit=0.08%
2026-07-16 12:24:52 WARNING  strategy        No market ticks for 401s (threshold 30s) — MTM/stop-loss may be stale
2026-07-16 12:24:52 INFO     strategy        PnL: 12:24:52 MTM=514.00 Profit=0.08%
2026-07-16 12:24:53 WARNING  strategy        No market ticks for 402s (threshold 30s) — MTM/stop-loss may be stale
2026-07-16 12:24:53 INFO     strategy        PnL: 12:24:53 MTM=514.00 Profit=0.08%
2026-07-16 12:24:54 WARNING  strategy        No market ticks for 403s (threshold 30s) — MTM/stop-loss may be stale
2026-07-16 12:24:54 INFO     strategy        PnL: 12:24:54 MTM=514.00 Profit=0.08%
2026-07-16 12:24:55 WARNING  strategy        No market ticks for 404s (threshold 30s) — MTM/stop-loss may be stale
2026-07-16 12:24:55 INFO     strategy        PnL: 12:24:55 MTM=514.00 Profit=0.08%
2026-07-16 12:24:56 WARNING  strategy        No market ticks for 405s (threshold 30s) — MTM/stop-loss may be stale
2026-07-16 12:24:56 INFO     strategy        PnL: 12:24:56 MTM=514.00 Profit=0.08%
2026-07-16 12:24:57 WARNING  strategy        No market ticks for 406s (threshold 30s) — MTM/stop-loss may be stale
2026-07-16 12:24:57 INFO     strategy        PnL: 12:24:57 MTM=514.00 Profit=0.08%
2026-07-16 12:24:58 WARNING  strategy        No market ticks for 407s (threshold 30s) — MTM/stop-loss may be stale
2026-07-16 12:24:58 INFO     strategy        PnL: 12:24:58 MTM=514.00 Profit=0.08%
2026-07-16 12:24:59 WARNING  strategy        No market ticks for 408s (threshold 30s) — MTM/stop-loss may be stale
2026-07-16 12:24:59 INFO     strategy        PnL: 12:24:59 MTM=514.00 Profit=0.08%
2026-07-16 12:25:00 WARNING  strategy        No market ticks for 409s (threshold 30s) — MTM/stop-loss may be stale
2026-07-16 12:25:00 INFO     strategy        PnL: 12:25:00 MTM=514.00 Profit=0.08%
2026-07-16 12:25:01 WARNING  strategy        No market ticks for 410s (threshold 30s) — MTM/stop-loss may be stale
2026-07-16 12:25:01 INFO     strategy        PnL: 12:25:01 MTM=514.00 Profit=0.08%
2026-07-16 12:25:02 WARNING  strategy        No market ticks for 411s (threshold 30s) — MTM/stop-loss may be stale
2026-07-16 12:25:02 INFO     strategy        PnL: 12:25:02 MTM=514.00 Profit=0.08%
2026-07-16 12:25:04 WARNING  strategy        No market ticks for 412s (threshold 30s) — MTM/stop-loss may be stale
2026-07-16 12:25:04 INFO     strategy        PnL: 12:25:04 MTM=514.00 Profit=0.08%
2026-07-16 12:25:05 WARNING  strategy        No market ticks for 413s (threshold 30s) — MTM/stop-loss may be stale
2026-07-16 12:25:05 INFO     strategy        PnL: 12:25:05 MTM=514.00 Profit=0.08%
2026-07-16 12:25:06 WARNING  strategy        No market ticks for 414s (threshold 30s) — MTM/stop-loss may be stale
2026-07-16 12:25:06 INFO     strategy        PnL: 12:25:06 MTM=514.00 Profit=0.08%
2026-07-16 12:25:07 WARNING  strategy        No market ticks for 415s (threshold 30s) — MTM/stop-loss may be stale
2026-07-16 12:25:07 INFO     strategy        PnL: 12:25:07 MTM=514.00 Profit=0.08%
2026-07-16 12:25:08 WARNING  strategy        No market ticks for 416s (threshold 30s) — MTM/stop-loss may be stale
2026-07-16 12:25:08 INFO     strategy        PnL: 12:25:08 MTM=514.00 Profit=0.08%
2026-07-16 12:25:09 WARNING  strategy        No market ticks for 417s (threshold 30s) — MTM/stop-loss may be stale
2026-07-16 12:25:09 INFO     strategy        PnL: 12:25:09 MTM=514.00 Profit=0.08%
2026-07-16 12:25:10 WARNING  strategy        No market ticks for 418s (threshold 30s) — MTM/stop-loss may be stale
2026-07-16 12:25:10 INFO     strategy        PnL: 12:25:10 MTM=514.00 Profit=0.08%
2026-07-16 12:25:11 WARNING  strategy        No market ticks for 419s (threshold 30s) — MTM/stop-loss may be stale
2026-07-16 12:25:11 INFO     strategy        PnL: 12:25:11 MTM=514.00 Profit=0.08%
2026-07-16 12:25:12 WARNING  strategy        No market ticks for 420s (threshold 30s) — MTM/stop-loss may be stale
2026-07-16 12:25:12 INFO     strategy        PnL: 12:25:12 MTM=514.00 Profit=0.08%
2026-07-16 12:25:13 WARNING  strategy        No market ticks for 421s (threshold 30s) — MTM/stop-loss may be stale
2026-07-16 12:25:13 INFO     strategy        PnL: 12:25:13 MTM=514.00 Profit=0.08%
2026-07-16 12:25:14 WARNING  strategy        No market ticks for 422s (threshold 30s) — MTM/stop-loss may be stale
2026-07-16 12:25:14 INFO     strategy        PnL: 12:25:14 MTM=514.00 Profit=0.08%
2026-07-16 12:25:15 WARNING  strategy        No market ticks for 423s (threshold 30s) — MTM/stop-loss may be stale
2026-07-16 12:25:15 INFO     strategy        PnL: 12:25:15 MTM=514.00 Profit=0.08%
2026-07-16 12:25:16 WARNING  strategy        No market ticks for 424s (threshold 30s) — MTM/stop-loss may be stale
2026-07-16 12:25:16 INFO     strategy        PnL: 12:25:16 MTM=514.00 Profit=0.08%
2026-07-16 12:25:17 WARNING  strategy        No market ticks for 425s (threshold 30s) — MTM/stop-loss may be stale
2026-07-16 12:25:17 INFO     strategy        PnL: 12:25:17 MTM=514.00 Profit=0.08%
2026-07-16 12:25:18 WARNING  strategy        No market ticks for 426s (threshold 30s) — MTM/stop-loss may be stale
2026-07-16 12:25:18 INFO     strategy        PnL: 12:25:18 MTM=514.00 Profit=0.08%
2026-07-16 12:25:19 WARNING  strategy        No market ticks for 427s (threshold 30s) — MTM/stop-loss may be stale
2026-07-16 12:25:19 INFO     strategy        PnL: 12:25:19 MTM=514.00 Profit=0.08%
2026-07-16 12:25:20 WARNING  strategy        No market ticks for 428s (threshold 30s) — MTM/stop-loss may be stale
2026-07-16 12:25:20 INFO     strategy        PnL: 12:25:20 MTM=514.00 Profit=0.08%
2026-07-16 12:25:21 WARNING  strategy        No market ticks for 429s (threshold 30s) — MTM/stop-loss may be stale
2026-07-16 12:25:21 INFO     strategy        PnL: 12:25:21 MTM=514.00 Profit=0.08%
2026-07-16 12:25:22 WARNING  strategy        No market ticks for 430s (threshold 30s) — MTM/stop-loss may be stale
2026-07-16 12:25:22 INFO     strategy        PnL: 12:25:22 MTM=514.00 Profit=0.08%
2026-07-16 12:25:23 WARNING  strategy        No market ticks for 431s (threshold 30s) — MTM/stop-loss may be stale
2026-07-16 12:25:23 INFO     strategy        PnL: 12:25:23 MTM=514.00 Profit=0.08%
2026-07-16 12:25:24 WARNING  strategy        No market ticks for 432s (threshold 30s) — MTM/stop-loss may be stale
2026-07-16 12:25:24 INFO     strategy        PnL: 12:25:24 MTM=514.00 Profit=0.08%
2026-07-16 12:25:25 WARNING  strategy        No market ticks for 433s (threshold 30s) — MTM/stop-loss may be stale
2026-07-16 12:25:25 INFO     strategy        PnL: 12:25:25 MTM=514.00 Profit=0.08%
2026-07-16 12:25:26 WARNING  strategy        No market ticks for 434s (threshold 30s) — MTM/stop-loss may be stale
2026-07-16 12:25:26 INFO     strategy        PnL: 12:25:26 MTM=514.00 Profit=0.08%
2026-07-16 12:25:27 WARNING  strategy        No market ticks for 435s (threshold 30s) — MTM/stop-loss may be stale
2026-07-16 12:25:27 INFO     strategy        PnL: 12:25:27 MTM=514.00 Profit=0.08%
2026-07-16 12:25:28 WARNING  strategy        No market ticks for 436s (threshold 30s) — MTM/stop-loss may be stale
2026-07-16 12:25:28 INFO     strategy        PnL: 12:25:28 MTM=514.00 Profit=0.08%
2026-07-16 12:25:29 WARNING  strategy        No market ticks for 437s (threshold 30s) — MTM/stop-loss may be stale
2026-07-16 12:25:29 INFO     strategy        PnL: 12:25:29 MTM=514.00 Profit=0.08%
2026-07-16 12:25:30 WARNING  strategy        No market ticks for 438s (threshold 30s) — MTM/stop-loss may be stale
2026-07-16 12:25:30 INFO     strategy        PnL: 12:25:30 MTM=514.00 Profit=0.08%
2026-07-16 12:25:31 WARNING  strategy        No market ticks for 439s (threshold 30s) — MTM/stop-loss may be stale
2026-07-16 12:25:31 INFO     strategy        PnL: 12:25:31 MTM=514.00 Profit=0.08%
2026-07-16 12:25:32 WARNING  strategy        No market ticks for 440s (threshold 30s) — MTM/stop-loss may be stale
2026-07-16 12:25:32 INFO     strategy        PnL: 12:25:32 MTM=514.00 Profit=0.08%
2026-07-16 12:25:33 WARNING  strategy        No market ticks for 441s (threshold 30s) — MTM/stop-loss may be stale
2026-07-16 12:25:33 INFO     strategy        PnL: 12:25:33 MTM=514.00 Profit=0.08%
2026-07-16 12:25:34 WARNING  strategy        No market ticks for 442s (threshold 30s) — MTM/stop-loss may be stale
2026-07-16 12:25:34 INFO     strategy        PnL: 12:25:34 MTM=514.00 Profit=0.08%
2026-07-16 12:25:35 WARNING  strategy        No market ticks for 443s (threshold 30s) — MTM/stop-loss may be stale
2026-07-16 12:25:35 INFO     strategy        PnL: 12:25:35 MTM=514.00 Profit=0.08%
2026-07-16 12:25:36 WARNING  strategy        No market ticks for 444s (threshold 30s) — MTM/stop-loss may be stale
2026-07-16 12:25:36 INFO     strategy        PnL: 12:25:36 MTM=514.00 Profit=0.08%
2026-07-16 12:25:37 WARNING  strategy        No market ticks for 445s (threshold 30s) — MTM/stop-loss may be stale
2026-07-16 12:25:37 INFO     strategy        PnL: 12:25:37 MTM=514.00 Profit=0.08%
2026-07-16 12:25:38 WARNING  strategy        No market ticks for 446s (threshold 30s) — MTM/stop-loss may be stale
2026-07-16 12:25:38 INFO     strategy        PnL: 12:25:38 MTM=514.00 Profit=0.08%
2026-07-16 12:25:39 WARNING  strategy        No market ticks for 447s (threshold 30s) — MTM/stop-loss may be stale
2026-07-16 12:25:39 INFO     strategy        PnL: 12:25:39 MTM=514.00 Profit=0.08%
2026-07-16 12:25:40 WARNING  strategy        No market ticks for 448s (threshold 30s) — MTM/stop-loss may be stale
2026-07-16 12:25:40 INFO     strategy        PnL: 12:25:40 MTM=514.00 Profit=0.08%
2026-07-16 12:25:41 WARNING  strategy        No market ticks for 449s (threshold 30s) — MTM/stop-loss may be stale
2026-07-16 12:25:41 INFO     strategy        PnL: 12:25:41 MTM=514.00 Profit=0.08%
2026-07-16 12:25:42 WARNING  strategy        No market ticks for 450s (threshold 30s) — MTM/stop-loss may be stale
2026-07-16 12:25:42 INFO     strategy        PnL: 12:25:42 MTM=514.00 Profit=0.08%
2026-07-16 12:25:43 WARNING  strategy        No market ticks for 451s (threshold 30s) — MTM/stop-loss may be stale
2026-07-16 12:25:43 INFO     strategy        PnL: 12:25:43 MTM=514.00 Profit=0.08%
2026-07-16 12:25:44 WARNING  strategy        No market ticks for 452s (threshold 30s) — MTM/stop-loss may be stale
2026-07-16 12:25:44 INFO     strategy        PnL: 12:25:44 MTM=514.00 Profit=0.08%
2026-07-16 12:25:45 WARNING  strategy        No market ticks for 453s (threshold 30s) — MTM/stop-loss may be stale
2026-07-16 12:25:45 INFO     strategy        PnL: 12:25:45 MTM=514.00 Profit=0.08%
2026-07-16 12:25:46 WARNING  strategy        No market ticks for 454s (threshold 30s) — MTM/stop-loss may be stale
2026-07-16 12:25:46 INFO     strategy        PnL: 12:25:46 MTM=514.00 Profit=0.08%
2026-07-16 12:25:47 WARNING  strategy        No market ticks for 455s (threshold 30s) — MTM/stop-loss may be stale
2026-07-16 12:25:47 INFO     strategy        PnL: 12:25:47 MTM=514.00 Profit=0.08%
2026-07-16 12:25:48 WARNING  strategy        No market ticks for 456s (threshold 30s) — MTM/stop-loss may be stale
2026-07-16 12:25:48 INFO     strategy        PnL: 12:25:48 MTM=514.00 Profit=0.08%
2026-07-16 12:25:49 WARNING  strategy        No market ticks for 457s (threshold 30s) — MTM/stop-loss may be stale
2026-07-16 12:25:49 INFO     strategy        PnL: 12:25:49 MTM=514.00 Profit=0.08%
2026-07-16 12:25:50 WARNING  strategy        No market ticks for 458s (threshold 30s) — MTM/stop-loss may be stale
2026-07-16 12:25:50 INFO     strategy        PnL: 12:25:50 MTM=514.00 Profit=0.08%
2026-07-16 12:25:51 WARNING  strategy        No market ticks for 459s (threshold 30s) — MTM/stop-loss may be stale
2026-07-16 12:25:51 INFO     strategy        PnL: 12:25:51 MTM=514.00 Profit=0.08%
2026-07-16 12:25:52 WARNING  strategy        No market ticks for 460s (threshold 30s) — MTM/stop-loss may be stale
2026-07-16 12:25:52 INFO     strategy        PnL: 12:25:52 MTM=514.00 Profit=0.08%
2026-07-16 12:25:53 WARNING  strategy        No market ticks for 461s (threshold 30s) — MTM/stop-loss may be stale
2026-07-16 12:25:53 INFO     strategy        PnL: 12:25:53 MTM=514.00 Profit=0.08%
2026-07-16 12:25:54 WARNING  strategy        No market ticks for 462s (threshold 30s) — MTM/stop-loss may be stale
2026-07-16 12:25:54 INFO     strategy        PnL: 12:25:54 MTM=514.00 Profit=0.08%
2026-07-16 12:25:59 INFO     strategy        Recovered state: run_id=5 state=MONITORING mtm=514.00
2026-07-16 12:25:59 INFO     strategy        Monitoring started
2026-07-16 12:25:59 WARNING  strategy        No market ticks for 468s (threshold 30s) — MTM/stop-loss may be stale
2026-07-16 12:25:59 INFO     strategy        PnL: 12:25:59 MTM=514.00 Profit=0.08%
2026-07-16 12:26:00 INFO     strategy        PnL: 12:26:00 MTM=1430.00 Profit=0.22%
2026-07-16 12:26:01 INFO     strategy        PnL: 12:26:01 MTM=467.00 Profit=0.07%
2026-07-16 12:26:02 INFO     strategy        PnL: 12:26:02 MTM=467.00 Profit=0.07%
2026-07-16 12:26:03 INFO     strategy        PnL: 12:26:03 MTM=428.00 Profit=0.07%
2026-07-16 12:26:05 INFO     strategy        PnL: 12:26:05 MTM=462.00 Profit=0.07%
2026-07-16 12:26:06 INFO     strategy        PnL: 12:26:06 MTM=462.00 Profit=0.07%
2026-07-16 12:26:07 INFO     strategy        PnL: 12:26:07 MTM=465.00 Profit=0.07%
2026-07-16 12:26:08 INFO     strategy        PnL: 12:26:08 MTM=453.00 Profit=0.07%
2026-07-16 12:26:09 INFO     strategy        PnL: 12:26:09 MTM=454.00 Profit=0.07%
2026-07-16 12:26:10 INFO     strategy        PnL: 12:26:10 MTM=455.00 Profit=0.07%
2026-07-16 12:26:11 INFO     strategy        PnL: 12:26:11 MTM=435.00 Profit=0.07%
2026-07-16 12:26:12 INFO     strategy        PnL: 12:26:12 MTM=435.00 Profit=0.07%
2026-07-16 12:26:13 INFO     strategy        PnL: 12:26:13 MTM=398.00 Profit=0.06%
2026-07-16 12:26:14 INFO     strategy        PnL: 12:26:14 MTM=420.00 Profit=0.06%
2026-07-16 12:26:15 INFO     strategy        PnL: 12:26:15 MTM=411.00 Profit=0.06%
2026-07-16 12:26:16 INFO     strategy        PnL: 12:26:16 MTM=481.00 Profit=0.07%
2026-07-16 12:26:17 INFO     strategy        PnL: 12:26:17 MTM=391.00 Profit=0.06%
2026-07-16 12:26:18 INFO     strategy        PnL: 12:26:18 MTM=420.00 Profit=0.06%
2026-07-16 12:26:19 INFO     strategy        PnL: 12:26:19 MTM=451.00 Profit=0.07%
2026-07-16 12:26:20 INFO     strategy        PnL: 12:26:20 MTM=468.00 Profit=0.07%
2026-07-16 12:26:21 INFO     strategy        PnL: 12:26:21 MTM=425.00 Profit=0.07%
2026-07-16 12:26:22 INFO     strategy        PnL: 12:26:22 MTM=421.00 Profit=0.06%
2026-07-16 12:26:23 INFO     strategy        PnL: 12:26:23 MTM=442.00 Profit=0.07%
2026-07-16 12:26:24 INFO     strategy        PnL: 12:26:24 MTM=450.00 Profit=0.07%
2026-07-16 12:26:25 INFO     strategy        PnL: 12:26:25 MTM=421.00 Profit=0.06%
2026-07-16 12:26:26 INFO     strategy        PnL: 12:26:26 MTM=426.00 Profit=0.07%
2026-07-16 12:26:27 INFO     strategy        PnL: 12:26:27 MTM=443.00 Profit=0.07%
2026-07-16 12:26:28 INFO     strategy        PnL: 12:26:28 MTM=429.00 Profit=0.07%
2026-07-16 12:26:29 INFO     strategy        PnL: 12:26:29 MTM=445.00 Profit=0.07%
2026-07-16 12:26:30 INFO     strategy        PnL: 12:26:30 MTM=445.00 Profit=0.07%
2026-07-16 12:26:31 INFO     strategy        PnL: 12:26:31 MTM=436.00 Profit=0.07%
2026-07-16 12:26:32 INFO     strategy        PnL: 12:26:32 MTM=447.00 Profit=0.07%
2026-07-16 12:26:33 INFO     strategy        PnL: 12:26:33 MTM=447.00 Profit=0.07%
2026-07-16 12:26:34 INFO     strategy        PnL: 12:26:34 MTM=438.00 Profit=0.07%
2026-07-16 12:26:35 INFO     strategy        PnL: 12:26:35 MTM=436.00 Profit=0.07%
2026-07-16 12:26:36 INFO     strategy        PnL: 12:26:36 MTM=423.00 Profit=0.07%
2026-07-16 12:26:37 INFO     strategy        PnL: 12:26:37 MTM=423.00 Profit=0.07%
2026-07-16 12:26:38 INFO     strategy        PnL: 12:26:38 MTM=423.00 Profit=0.07%
2026-07-16 12:26:39 INFO     strategy        PnL: 12:26:39 MTM=446.00 Profit=0.07%
2026-07-16 12:26:40 INFO     strategy        PnL: 12:26:40 MTM=410.00 Profit=0.06%
2026-07-16 12:26:41 INFO     strategy        PnL: 12:26:41 MTM=467.00 Profit=0.07%
2026-07-16 12:26:42 INFO     strategy        PnL: 12:26:42 MTM=453.00 Profit=0.07%
2026-07-16 12:26:43 INFO     strategy        PnL: 12:26:43 MTM=444.00 Profit=0.07%
2026-07-16 12:26:44 INFO     strategy        PnL: 12:26:44 MTM=458.00 Profit=0.07%
2026-07-16 12:26:45 INFO     strategy        PnL: 12:26:45 MTM=442.00 Profit=0.07%
2026-07-16 12:26:46 INFO     strategy        PnL: 12:26:46 MTM=469.00 Profit=0.07%
2026-07-16 12:26:47 INFO     strategy        PnL: 12:26:47 MTM=448.00 Profit=0.07%
2026-07-16 12:26:48 INFO     strategy        PnL: 12:26:48 MTM=448.00 Profit=0.07%
2026-07-16 12:26:49 INFO     strategy        PnL: 12:26:49 MTM=423.00 Profit=0.07%
2026-07-16 12:26:50 INFO     strategy        PnL: 12:26:50 MTM=455.00 Profit=0.07%
2026-07-16 12:26:51 INFO     strategy        PnL: 12:26:51 MTM=451.00 Profit=0.07%
2026-07-16 12:26:52 INFO     strategy        PnL: 12:26:52 MTM=411.00 Profit=0.06%
2026-07-16 12:26:53 INFO     strategy        PnL: 12:26:53 MTM=425.00 Profit=0.07%
2026-07-16 12:26:54 INFO     strategy        PnL: 12:26:54 MTM=445.00 Profit=0.07%
2026-07-16 12:26:55 INFO     strategy        PnL: 12:26:55 MTM=451.00 Profit=0.07%
2026-07-16 12:26:56 INFO     strategy        PnL: 12:26:56 MTM=445.00 Profit=0.07%
2026-07-16 12:26:57 INFO     strategy        PnL: 12:26:57 MTM=449.00 Profit=0.07%
2026-07-16 12:26:58 INFO     strategy        PnL: 12:26:58 MTM=421.00 Profit=0.06%
2026-07-16 12:26:59 INFO     strategy        PnL: 12:26:59 MTM=409.00 Profit=0.06%
2026-07-16 12:27:00 INFO     strategy        PnL: 12:27:00 MTM=452.00 Profit=0.07%
2026-07-16 12:27:01 INFO     strategy        PnL: 12:27:01 MTM=445.00 Profit=0.07%
2026-07-16 12:27:02 INFO     strategy        PnL: 12:27:02 MTM=451.00 Profit=0.07%
2026-07-16 12:27:03 INFO     strategy        PnL: 12:27:03 MTM=453.00 Profit=0.07%
2026-07-16 12:27:04 INFO     strategy        PnL: 12:27:04 MTM=443.00 Profit=0.07%
2026-07-16 12:27:05 INFO     strategy        PnL: 12:27:05 MTM=463.00 Profit=0.07%
2026-07-16 12:27:06 INFO     strategy        PnL: 12:27:06 MTM=470.00 Profit=0.07%
2026-07-16 12:27:07 INFO     strategy        PnL: 12:27:07 MTM=454.00 Profit=0.07%
2026-07-16 12:27:08 INFO     strategy        PnL: 12:27:08 MTM=469.00 Profit=0.07%
2026-07-16 12:27:09 INFO     strategy        PnL: 12:27:09 MTM=458.00 Profit=0.07%
2026-07-16 12:27:10 INFO     strategy        PnL: 12:27:10 MTM=482.00 Profit=0.07%
2026-07-16 12:27:11 INFO     strategy        PnL: 12:27:11 MTM=449.00 Profit=0.07%
2026-07-16 12:27:12 INFO     strategy        PnL: 12:27:12 MTM=455.00 Profit=0.07%
2026-07-16 12:27:13 INFO     strategy        PnL: 12:27:13 MTM=500.00 Profit=0.08%
2026-07-16 12:27:14 INFO     strategy        PnL: 12:27:14 MTM=473.00 Profit=0.07%
2026-07-16 12:27:15 INFO     strategy        PnL: 12:27:15 MTM=467.00 Profit=0.07%
2026-07-16 12:27:16 INFO     strategy        PnL: 12:27:16 MTM=465.00 Profit=0.07%
2026-07-16 12:27:17 INFO     strategy        PnL: 12:27:17 MTM=479.00 Profit=0.07%
2026-07-16 12:27:18 INFO     strategy        PnL: 12:27:18 MTM=471.00 Profit=0.07%
2026-07-16 12:27:19 INFO     strategy        PnL: 12:27:19 MTM=467.00 Profit=0.07%
2026-07-16 12:27:20 INFO     strategy        PnL: 12:27:20 MTM=481.00 Profit=0.07%
2026-07-16 12:27:21 INFO     strategy        PnL: 12:27:21 MTM=491.00 Profit=0.08%
2026-07-16 12:27:22 INFO     strategy        PnL: 12:27:22 MTM=480.00 Profit=0.07%
2026-07-16 12:27:23 INFO     strategy        PnL: 12:27:23 MTM=485.00 Profit=0.07%
2026-07-16 12:27:24 INFO     strategy        PnL: 12:27:24 MTM=513.00 Profit=0.08%
2026-07-16 12:27:25 INFO     strategy        PnL: 12:27:25 MTM=491.00 Profit=0.08%
2026-07-16 12:27:26 INFO     strategy        PnL: 12:27:26 MTM=512.00 Profit=0.08%
2026-07-16 12:27:27 INFO     strategy        PnL: 12:27:27 MTM=474.00 Profit=0.07%
2026-07-16 12:27:28 INFO     strategy        PnL: 12:27:28 MTM=536.00 Profit=0.08%
2026-07-16 12:27:29 INFO     strategy        PnL: 12:27:29 MTM=503.00 Profit=0.08%
2026-07-16 12:27:30 INFO     strategy        PnL: 12:27:30 MTM=514.00 Profit=0.08%
2026-07-16 12:27:31 INFO     strategy        PnL: 12:27:31 MTM=491.00 Profit=0.08%
2026-07-16 12:27:32 INFO     strategy        PnL: 12:27:32 MTM=467.00 Profit=0.07%
2026-07-16 12:27:33 INFO     strategy        PnL: 12:27:33 MTM=507.00 Profit=0.08%
2026-07-16 12:27:34 INFO     strategy        PnL: 12:27:34 MTM=477.00 Profit=0.07%
2026-07-16 12:27:35 INFO     strategy        PnL: 12:27:35 MTM=513.00 Profit=0.08%
2026-07-16 12:27:36 INFO     strategy        PnL: 12:27:36 MTM=497.00 Profit=0.08%
2026-07-16 12:27:37 INFO     strategy        PnL: 12:27:37 MTM=525.00 Profit=0.08%
2026-07-16 12:27:38 INFO     strategy        PnL: 12:27:38 MTM=485.00 Profit=0.07%
2026-07-16 12:27:39 INFO     strategy        PnL: 12:27:39 MTM=510.00 Profit=0.08%
2026-07-16 12:27:40 INFO     strategy        PnL: 12:27:40 MTM=495.00 Profit=0.08%
2026-07-16 12:27:41 INFO     strategy        PnL: 12:27:41 MTM=495.00 Profit=0.08%
2026-07-16 12:27:42 INFO     strategy        PnL: 12:27:42 MTM=519.00 Profit=0.08%
2026-07-16 12:27:43 INFO     strategy        PnL: 12:27:43 MTM=524.00 Profit=0.08%
2026-07-16 12:27:44 INFO     strategy        PnL: 12:27:44 MTM=528.00 Profit=0.08%
2026-07-16 12:27:45 INFO     strategy        PnL: 12:27:45 MTM=506.00 Profit=0.08%
2026-07-16 12:27:46 INFO     strategy        PnL: 12:27:46 MTM=514.00 Profit=0.08%
2026-07-16 12:27:47 INFO     strategy        PnL: 12:27:47 MTM=493.00 Profit=0.08%
2026-07-16 12:27:48 INFO     strategy        PnL: 12:27:48 MTM=506.00 Profit=0.08%
2026-07-16 12:27:49 INFO     strategy        PnL: 12:27:49 MTM=499.00 Profit=0.08%
2026-07-16 12:27:50 INFO     strategy        PnL: 12:27:50 MTM=502.00 Profit=0.08%
2026-07-16 12:27:51 INFO     strategy        PnL: 12:27:51 MTM=521.00 Profit=0.08%
2026-07-16 12:27:52 INFO     strategy        PnL: 12:27:52 MTM=501.00 Profit=0.08%
2026-07-16 12:27:53 INFO     strategy        PnL: 12:27:53 MTM=527.00 Profit=0.08%
2026-07-16 12:27:54 INFO     strategy        PnL: 12:27:54 MTM=513.00 Profit=0.08%
2026-07-16 12:27:56 INFO     strategy        PnL: 12:27:56 MTM=517.00 Profit=0.08%
2026-07-16 12:27:57 INFO     strategy        PnL: 12:27:57 MTM=510.00 Profit=0.08%
2026-07-16 12:27:58 INFO     strategy        PnL: 12:27:58 MTM=501.00 Profit=0.08%
2026-07-16 12:27:59 INFO     strategy        PnL: 12:27:59 MTM=468.00 Profit=0.07%
2026-07-16 12:28:00 INFO     strategy        PnL: 12:28:00 MTM=465.00 Profit=0.07%
2026-07-16 12:28:01 INFO     strategy        PnL: 12:28:01 MTM=457.00 Profit=0.07%
2026-07-16 12:28:02 INFO     strategy        PnL: 12:28:02 MTM=464.00 Profit=0.07%
2026-07-16 12:28:03 INFO     strategy        PnL: 12:28:03 MTM=461.00 Profit=0.07%
2026-07-16 12:28:04 INFO     strategy        PnL: 12:28:04 MTM=469.00 Profit=0.07%
2026-07-16 12:28:05 INFO     strategy        PnL: 12:28:05 MTM=446.00 Profit=0.07%
2026-07-16 12:28:06 INFO     strategy        PnL: 12:28:06 MTM=469.00 Profit=0.07%
2026-07-16 12:28:07 INFO     strategy        PnL: 12:28:07 MTM=451.00 Profit=0.07%
2026-07-16 12:28:08 INFO     strategy        PnL: 12:28:08 MTM=476.00 Profit=0.07%
2026-07-16 12:28:09 INFO     strategy        PnL: 12:28:09 MTM=462.00 Profit=0.07%
2026-07-16 12:28:10 INFO     strategy        PnL: 12:28:10 MTM=452.00 Profit=0.07%
2026-07-16 12:28:11 INFO     strategy        PnL: 12:28:11 MTM=441.00 Profit=0.07%
2026-07-16 12:28:12 INFO     strategy        PnL: 12:28:12 MTM=433.00 Profit=0.07%
2026-07-16 12:28:13 INFO     strategy        PnL: 12:28:13 MTM=396.00 Profit=0.06%
2026-07-16 12:28:14 INFO     strategy        PnL: 12:28:14 MTM=376.00 Profit=0.06%
2026-07-16 12:28:15 INFO     strategy        PnL: 12:28:15 MTM=399.00 Profit=0.06%
2026-07-16 12:28:16 INFO     strategy        PnL: 12:28:16 MTM=378.00 Profit=0.06%
2026-07-16 12:28:17 INFO     strategy        PnL: 12:28:17 MTM=415.00 Profit=0.06%
2026-07-16 12:28:18 INFO     strategy        PnL: 12:28:18 MTM=400.00 Profit=0.06%
2026-07-16 12:28:19 INFO     strategy        PnL: 12:28:19 MTM=388.00 Profit=0.06%
2026-07-16 12:28:20 INFO     strategy        PnL: 12:28:20 MTM=448.00 Profit=0.07%
2026-07-16 12:28:21 INFO     strategy        PnL: 12:28:21 MTM=414.00 Profit=0.06%
2026-07-16 12:28:22 INFO     strategy        PnL: 12:28:22 MTM=407.00 Profit=0.06%
2026-07-16 12:28:23 INFO     strategy        PnL: 12:28:23 MTM=465.00 Profit=0.07%
2026-07-16 12:28:24 INFO     strategy        PnL: 12:28:24 MTM=411.00 Profit=0.06%
2026-07-16 12:28:25 INFO     strategy        PnL: 12:28:25 MTM=382.00 Profit=0.06%
2026-07-16 12:28:26 INFO     strategy        PnL: 12:28:26 MTM=498.00 Profit=0.08%
2026-07-16 12:28:27 INFO     strategy        PnL: 12:28:27 MTM=460.00 Profit=0.07%
2026-07-16 12:28:28 INFO     strategy        PnL: 12:28:28 MTM=429.00 Profit=0.07%
2026-07-16 12:28:29 INFO     strategy        PnL: 12:28:29 MTM=426.00 Profit=0.07%
2026-07-16 12:28:30 INFO     strategy        PnL: 12:28:30 MTM=401.00 Profit=0.06%
2026-07-16 12:28:31 INFO     strategy        PnL: 12:28:31 MTM=368.00 Profit=0.06%
2026-07-16 12:28:32 INFO     strategy        PnL: 12:28:32 MTM=415.00 Profit=0.06%
2026-07-16 12:28:33 INFO     strategy        PnL: 12:28:33 MTM=440.00 Profit=0.07%
2026-07-16 12:28:34 INFO     strategy        PnL: 12:28:34 MTM=424.00 Profit=0.07%
2026-07-16 12:28:35 INFO     strategy        PnL: 12:28:35 MTM=474.00 Profit=0.07%
2026-07-16 12:28:36 INFO     strategy        PnL: 12:28:36 MTM=447.00 Profit=0.07%
2026-07-16 12:28:37 INFO     strategy        PnL: 12:28:37 MTM=429.00 Profit=0.07%
2026-07-16 12:28:38 INFO     strategy        PnL: 12:28:38 MTM=455.00 Profit=0.07%
2026-07-16 12:28:39 INFO     strategy        PnL: 12:28:39 MTM=461.00 Profit=0.07%
2026-07-16 12:28:40 INFO     strategy        PnL: 12:28:40 MTM=512.00 Profit=0.08%
2026-07-16 12:28:41 INFO     strategy        PnL: 12:28:41 MTM=491.00 Profit=0.08%
2026-07-16 12:28:42 INFO     strategy        PnL: 12:28:42 MTM=409.00 Profit=0.06%
2026-07-16 12:28:43 INFO     strategy        PnL: 12:28:43 MTM=411.00 Profit=0.06%
2026-07-16 12:28:44 INFO     strategy        PnL: 12:28:44 MTM=418.00 Profit=0.06%
2026-07-16 12:28:45 INFO     strategy        PnL: 12:28:45 MTM=411.00 Profit=0.06%
2026-07-16 12:28:46 INFO     strategy        PnL: 12:28:46 MTM=374.00 Profit=0.06%
2026-07-16 12:28:47 INFO     strategy        PnL: 12:28:47 MTM=387.00 Profit=0.06%
2026-07-16 12:28:48 INFO     strategy        PnL: 12:28:48 MTM=392.00 Profit=0.06%
2026-07-16 12:28:49 INFO     strategy        PnL: 12:28:49 MTM=388.00 Profit=0.06%
2026-07-16 12:28:50 INFO     strategy        PnL: 12:28:50 MTM=399.00 Profit=0.06%
2026-07-16 12:28:51 INFO     strategy        PnL: 12:28:51 MTM=392.00 Profit=0.06%
2026-07-16 12:28:52 INFO     strategy        PnL: 12:28:52 MTM=402.00 Profit=0.06%
2026-07-16 12:28:53 INFO     strategy        PnL: 12:28:53 MTM=413.00 Profit=0.06%
2026-07-16 12:28:54 INFO     strategy        PnL: 12:28:54 MTM=434.00 Profit=0.07%
2026-07-16 12:28:55 INFO     strategy        PnL: 12:28:55 MTM=396.00 Profit=0.06%
2026-07-16 12:28:56 INFO     strategy        PnL: 12:28:56 MTM=427.00 Profit=0.07%
2026-07-16 12:28:57 INFO     strategy        PnL: 12:28:57 MTM=435.00 Profit=0.07%
2026-07-16 12:28:58 INFO     strategy        PnL: 12:28:58 MTM=455.00 Profit=0.07%
2026-07-16 12:28:59 INFO     strategy        PnL: 12:28:59 MTM=445.00 Profit=0.07%
2026-07-16 12:29:00 INFO     strategy        PnL: 12:29:00 MTM=427.00 Profit=0.07%
2026-07-16 12:29:01 INFO     strategy        PnL: 12:29:01 MTM=418.00 Profit=0.06%
2026-07-16 12:29:02 INFO     strategy        PnL: 12:29:02 MTM=368.00 Profit=0.06%
2026-07-16 12:29:03 INFO     strategy        PnL: 12:29:03 MTM=453.00 Profit=0.07%
2026-07-16 12:29:04 INFO     strategy        PnL: 12:29:04 MTM=438.00 Profit=0.07%
2026-07-16 12:29:05 INFO     strategy        PnL: 12:29:05 MTM=435.00 Profit=0.07%
2026-07-16 12:29:06 INFO     strategy        PnL: 12:29:06 MTM=442.00 Profit=0.07%
2026-07-16 12:29:07 INFO     strategy        PnL: 12:29:07 MTM=436.00 Profit=0.07%
2026-07-16 12:29:08 INFO     strategy        PnL: 12:29:08 MTM=395.00 Profit=0.06%
2026-07-16 12:29:09 INFO     strategy        PnL: 12:29:09 MTM=418.00 Profit=0.06%
2026-07-16 12:29:10 INFO     strategy        PnL: 12:29:10 MTM=425.00 Profit=0.07%
2026-07-16 12:29:11 INFO     strategy        PnL: 12:29:11 MTM=388.00 Profit=0.06%
2026-07-16 12:29:12 INFO     strategy        PnL: 12:29:12 MTM=452.00 Profit=0.07%
2026-07-16 12:29:13 INFO     strategy        PnL: 12:29:13 MTM=462.00 Profit=0.07%
2026-07-16 12:29:14 INFO     strategy        PnL: 12:29:14 MTM=462.00 Profit=0.07%
2026-07-16 12:29:15 INFO     strategy        PnL: 12:29:15 MTM=417.00 Profit=0.06%
2026-07-16 12:29:16 INFO     strategy        PnL: 12:29:16 MTM=394.00 Profit=0.06%
2026-07-16 12:29:17 INFO     strategy        PnL: 12:29:17 MTM=422.00 Profit=0.07%
2026-07-16 12:29:18 INFO     strategy        PnL: 12:29:18 MTM=412.00 Profit=0.06%
2026-07-16 12:29:19 INFO     strategy        PnL: 12:29:19 MTM=405.00 Profit=0.06%
2026-07-16 12:29:20 INFO     strategy        PnL: 12:29:20 MTM=408.00 Profit=0.06%
2026-07-16 12:29:21 INFO     strategy        PnL: 12:29:21 MTM=419.00 Profit=0.06%
2026-07-16 12:29:22 INFO     strategy        PnL: 12:29:22 MTM=418.00 Profit=0.06%
2026-07-16 12:29:23 INFO     strategy        PnL: 12:29:23 MTM=402.00 Profit=0.06%
2026-07-16 12:29:24 INFO     strategy        PnL: 12:29:24 MTM=405.00 Profit=0.06%
2026-07-16 12:29:26 INFO     strategy        PnL: 12:29:26 MTM=412.00 Profit=0.06%
2026-07-16 12:29:27 INFO     strategy        PnL: 12:29:27 MTM=403.00 Profit=0.06%
2026-07-16 12:29:28 INFO     strategy        PnL: 12:29:28 MTM=415.00 Profit=0.06%
2026-07-16 12:29:29 INFO     strategy        PnL: 12:29:29 MTM=407.00 Profit=0.06%
2026-07-16 12:29:30 INFO     strategy        PnL: 12:29:30 MTM=387.00 Profit=0.06%
2026-07-16 12:29:31 INFO     strategy        PnL: 12:29:31 MTM=373.00 Profit=0.06%
2026-07-16 12:29:32 INFO     strategy        PnL: 12:29:32 MTM=371.00 Profit=0.06%
2026-07-16 12:29:33 INFO     strategy        PnL: 12:29:33 MTM=348.00 Profit=0.05%
2026-07-16 12:29:34 INFO     strategy        PnL: 12:29:34 MTM=344.00 Profit=0.05%
2026-07-16 12:29:35 INFO     strategy        PnL: 12:29:35 MTM=363.00 Profit=0.06%
2026-07-16 12:29:36 INFO     strategy        PnL: 12:29:36 MTM=354.00 Profit=0.05%
2026-07-16 12:29:37 INFO     strategy        PnL: 12:29:37 MTM=359.00 Profit=0.06%
2026-07-16 12:29:38 INFO     strategy        PnL: 12:29:38 MTM=390.00 Profit=0.06%
2026-07-16 12:29:39 INFO     strategy        PnL: 12:29:39 MTM=392.00 Profit=0.06%
2026-07-16 12:29:40 INFO     strategy        PnL: 12:29:40 MTM=373.00 Profit=0.06%
2026-07-16 12:29:41 INFO     strategy        PnL: 12:29:41 MTM=363.00 Profit=0.06%
2026-07-16 12:29:42 INFO     strategy        PnL: 12:29:42 MTM=292.00 Profit=0.05%
2026-07-16 12:29:43 INFO     strategy        PnL: 12:29:43 MTM=287.00 Profit=0.04%
2026-07-16 12:29:44 INFO     strategy        PnL: 12:29:44 MTM=312.00 Profit=0.05%
2026-07-16 12:29:45 INFO     strategy        PnL: 12:29:45 MTM=378.00 Profit=0.06%
2026-07-16 12:29:46 INFO     strategy        PnL: 12:29:46 MTM=271.00 Profit=0.04%
2026-07-16 12:29:47 INFO     strategy        PnL: 12:29:47 MTM=255.00 Profit=0.04%
2026-07-16 12:29:48 INFO     strategy        PnL: 12:29:48 MTM=310.00 Profit=0.05%
2026-07-16 12:29:49 INFO     strategy        PnL: 12:29:49 MTM=317.00 Profit=0.05%
2026-07-16 12:29:50 INFO     strategy        PnL: 12:29:50 MTM=334.00 Profit=0.05%
2026-07-16 12:29:51 INFO     strategy        PnL: 12:29:51 MTM=254.00 Profit=0.04%
2026-07-16 12:29:52 INFO     strategy        PnL: 12:29:52 MTM=350.00 Profit=0.05%
2026-07-16 12:29:53 INFO     strategy        PnL: 12:29:53 MTM=358.00 Profit=0.06%
2026-07-16 12:29:54 INFO     strategy        PnL: 12:29:54 MTM=363.00 Profit=0.06%
2026-07-16 12:29:55 INFO     strategy        PnL: 12:29:55 MTM=405.00 Profit=0.06%
2026-07-16 12:29:56 INFO     strategy        PnL: 12:29:56 MTM=336.00 Profit=0.05%
2026-07-16 12:29:57 INFO     strategy        PnL: 12:29:57 MTM=374.00 Profit=0.06%
2026-07-16 12:29:58 INFO     strategy        PnL: 12:29:58 MTM=381.00 Profit=0.06%
2026-07-16 12:29:59 INFO     strategy        PnL: 12:29:59 MTM=377.00 Profit=0.06%
2026-07-16 12:30:00 INFO     strategy        PnL: 12:30:00 MTM=333.00 Profit=0.05%
2026-07-16 12:30:01 INFO     strategy        PnL: 12:30:01 MTM=404.00 Profit=0.06%
2026-07-16 12:30:02 INFO     strategy        PnL: 12:30:02 MTM=432.00 Profit=0.07%
2026-07-16 12:30:03 INFO     strategy        PnL: 12:30:03 MTM=392.00 Profit=0.06%
2026-07-16 12:30:04 INFO     strategy        PnL: 12:30:04 MTM=409.00 Profit=0.06%
2026-07-16 12:30:05 INFO     strategy        PnL: 12:30:05 MTM=414.00 Profit=0.06%
2026-07-16 12:30:06 INFO     strategy        PnL: 12:30:06 MTM=401.00 Profit=0.06%
2026-07-16 12:30:07 INFO     strategy        PnL: 12:30:07 MTM=406.00 Profit=0.06%
2026-07-16 12:30:08 INFO     strategy        PnL: 12:30:08 MTM=386.00 Profit=0.06%
2026-07-16 12:30:09 INFO     strategy        PnL: 12:30:09 MTM=421.00 Profit=0.06%
2026-07-16 12:30:10 INFO     strategy        PnL: 12:30:10 MTM=395.00 Profit=0.06%
2026-07-16 12:30:11 INFO     strategy        PnL: 12:30:11 MTM=432.00 Profit=0.07%
2026-07-16 12:30:12 INFO     strategy        PnL: 12:30:12 MTM=428.00 Profit=0.07%
2026-07-16 12:30:13 INFO     strategy        PnL: 12:30:13 MTM=409.00 Profit=0.06%
2026-07-16 12:30:14 INFO     strategy        PnL: 12:30:14 MTM=442.00 Profit=0.07%
2026-07-16 12:30:15 INFO     strategy        PnL: 12:30:15 MTM=426.00 Profit=0.07%
2026-07-16 12:30:16 INFO     strategy        PnL: 12:30:16 MTM=424.00 Profit=0.07%
2026-07-16 12:30:17 INFO     strategy        PnL: 12:30:17 MTM=406.00 Profit=0.06%
2026-07-16 12:30:18 INFO     strategy        PnL: 12:30:18 MTM=428.00 Profit=0.07%
2026-07-16 12:30:19 INFO     strategy        PnL: 12:30:19 MTM=399.00 Profit=0.06%
2026-07-16 12:30:20 INFO     strategy        PnL: 12:30:20 MTM=436.00 Profit=0.07%
2026-07-16 12:30:21 INFO     strategy        PnL: 12:30:21 MTM=406.00 Profit=0.06%
2026-07-16 12:30:22 INFO     strategy        PnL: 12:30:22 MTM=415.00 Profit=0.06%
2026-07-16 12:30:23 INFO     strategy        PnL: 12:30:23 MTM=444.00 Profit=0.07%
2026-07-16 12:30:24 INFO     strategy        PnL: 12:30:24 MTM=395.00 Profit=0.06%
2026-07-16 12:30:25 INFO     strategy        PnL: 12:30:25 MTM=395.00 Profit=0.06%
2026-07-16 12:30:26 INFO     strategy        PnL: 12:30:26 MTM=513.00 Profit=0.08%
2026-07-16 12:30:27 INFO     strategy        PnL: 12:30:27 MTM=455.00 Profit=0.07%
2026-07-16 12:30:28 INFO     strategy        PnL: 12:30:28 MTM=461.00 Profit=0.07%
2026-07-16 12:30:29 INFO     strategy        PnL: 12:30:29 MTM=411.00 Profit=0.06%
2026-07-16 12:30:30 INFO     strategy        PnL: 12:30:30 MTM=495.00 Profit=0.08%
2026-07-16 12:30:31 INFO     strategy        PnL: 12:30:31 MTM=493.00 Profit=0.08%
2026-07-16 12:30:32 INFO     strategy        PnL: 12:30:32 MTM=446.00 Profit=0.07%
2026-07-16 12:30:33 INFO     strategy        PnL: 12:30:33 MTM=465.00 Profit=0.07%
2026-07-16 12:30:34 INFO     strategy        PnL: 12:30:34 MTM=451.00 Profit=0.07%
2026-07-16 12:30:35 INFO     strategy        PnL: 12:30:35 MTM=463.00 Profit=0.07%
2026-07-16 12:30:36 INFO     strategy        PnL: 12:30:36 MTM=469.00 Profit=0.07%
2026-07-16 12:30:37 INFO     strategy        PnL: 12:30:37 MTM=430.00 Profit=0.07%
2026-07-16 12:30:38 INFO     strategy        PnL: 12:30:38 MTM=500.00 Profit=0.08%
2026-07-16 12:30:39 INFO     strategy        PnL: 12:30:39 MTM=502.00 Profit=0.08%
2026-07-16 12:30:40 INFO     strategy        PnL: 12:30:40 MTM=452.00 Profit=0.07%
2026-07-16 12:30:41 INFO     strategy        PnL: 12:30:41 MTM=487.00 Profit=0.08%
2026-07-16 12:30:42 INFO     strategy        PnL: 12:30:42 MTM=450.00 Profit=0.07%
2026-07-16 12:30:43 INFO     strategy        PnL: 12:30:43 MTM=492.00 Profit=0.08%
2026-07-16 12:30:44 INFO     strategy        PnL: 12:30:44 MTM=469.00 Profit=0.07%
2026-07-16 12:30:45 INFO     strategy        PnL: 12:30:45 MTM=452.00 Profit=0.07%
2026-07-16 12:30:46 INFO     strategy        PnL: 12:30:46 MTM=421.00 Profit=0.06%
2026-07-16 12:30:47 INFO     strategy        PnL: 12:30:47 MTM=451.00 Profit=0.07%
2026-07-16 12:30:48 INFO     strategy        PnL: 12:30:48 MTM=467.00 Profit=0.07%
2026-07-16 12:30:49 INFO     strategy        PnL: 12:30:49 MTM=472.00 Profit=0.07%
2026-07-16 12:30:50 INFO     strategy        PnL: 12:30:50 MTM=442.00 Profit=0.07%
2026-07-16 12:30:51 INFO     strategy        PnL: 12:30:51 MTM=436.00 Profit=0.07%
2026-07-16 12:30:52 INFO     strategy        PnL: 12:30:52 MTM=405.00 Profit=0.06%
2026-07-16 12:30:53 INFO     strategy        PnL: 12:30:53 MTM=419.00 Profit=0.06%
2026-07-16 12:30:54 INFO     strategy        PnL: 12:30:54 MTM=423.00 Profit=0.07%
2026-07-16 12:30:55 INFO     strategy        PnL: 12:30:55 MTM=416.00 Profit=0.06%
2026-07-16 12:30:56 INFO     strategy        PnL: 12:30:56 MTM=430.00 Profit=0.07%
2026-07-16 12:30:57 INFO     strategy        PnL: 12:30:57 MTM=419.00 Profit=0.06%
2026-07-16 12:30:58 INFO     strategy        PnL: 12:30:58 MTM=412.00 Profit=0.06%
2026-07-16 12:30:59 INFO     strategy        PnL: 12:30:59 MTM=430.00 Profit=0.07%
2026-07-16 12:31:00 INFO     strategy        PnL: 12:31:00 MTM=419.00 Profit=0.06%
2026-07-16 12:31:01 INFO     strategy        PnL: 12:31:01 MTM=411.00 Profit=0.06%
2026-07-16 12:31:02 INFO     strategy        PnL: 12:31:02 MTM=439.00 Profit=0.07%
2026-07-16 12:31:03 INFO     strategy        PnL: 12:31:03 MTM=471.00 Profit=0.07%
2026-07-16 12:31:04 INFO     strategy        PnL: 12:31:04 MTM=445.00 Profit=0.07%
2026-07-16 12:31:05 INFO     strategy        PnL: 12:31:05 MTM=464.00 Profit=0.07%
2026-07-16 12:31:06 INFO     strategy        PnL: 12:31:06 MTM=445.00 Profit=0.07%
2026-07-16 12:31:07 INFO     strategy        PnL: 12:31:07 MTM=428.00 Profit=0.07%
2026-07-16 12:31:08 INFO     strategy        PnL: 12:31:08 MTM=428.00 Profit=0.07%
2026-07-16 12:31:09 INFO     strategy        PnL: 12:31:09 MTM=442.00 Profit=0.07%
2026-07-16 12:31:10 INFO     strategy        PnL: 12:31:10 MTM=432.00 Profit=0.07%
2026-07-16 12:31:11 INFO     strategy        PnL: 12:31:11 MTM=402.00 Profit=0.06%
2026-07-16 12:31:12 INFO     strategy        PnL: 12:31:12 MTM=455.00 Profit=0.07%
2026-07-16 12:31:13 INFO     strategy        PnL: 12:31:13 MTM=411.00 Profit=0.06%
2026-07-16 12:31:14 INFO     strategy        PnL: 12:31:14 MTM=443.00 Profit=0.07%
2026-07-16 12:31:15 INFO     strategy        PnL: 12:31:15 MTM=426.00 Profit=0.07%
2026-07-16 12:31:16 INFO     strategy        PnL: 12:31:16 MTM=418.00 Profit=0.06%
2026-07-16 12:31:17 INFO     strategy        PnL: 12:31:17 MTM=400.00 Profit=0.06%
2026-07-16 12:31:18 INFO     strategy        PnL: 12:31:18 MTM=470.00 Profit=0.07%
2026-07-16 12:31:19 INFO     strategy        PnL: 12:31:19 MTM=444.00 Profit=0.07%
2026-07-16 12:31:20 INFO     strategy        PnL: 12:31:20 MTM=453.00 Profit=0.07%
2026-07-16 12:31:21 INFO     strategy        PnL: 12:31:21 MTM=363.00 Profit=0.06%
2026-07-16 12:31:22 INFO     strategy        PnL: 12:31:22 MTM=439.00 Profit=0.07%
2026-07-16 12:31:24 INFO     strategy        PnL: 12:31:24 MTM=432.00 Profit=0.07%
2026-07-16 12:31:25 INFO     strategy        PnL: 12:31:25 MTM=418.00 Profit=0.06%
2026-07-16 12:31:26 INFO     strategy        PnL: 12:31:26 MTM=431.00 Profit=0.07%
2026-07-16 12:31:27 INFO     strategy        PnL: 12:31:27 MTM=417.00 Profit=0.06%
2026-07-16 12:31:28 INFO     strategy        PnL: 12:31:28 MTM=426.00 Profit=0.07%
2026-07-16 12:31:29 INFO     strategy        PnL: 12:31:29 MTM=444.00 Profit=0.07%
2026-07-16 12:31:30 INFO     strategy        PnL: 12:31:30 MTM=445.00 Profit=0.07%
2026-07-16 12:31:31 INFO     strategy        PnL: 12:31:31 MTM=416.00 Profit=0.06%
2026-07-16 12:31:32 INFO     strategy        PnL: 12:31:32 MTM=445.00 Profit=0.07%
2026-07-16 12:31:33 INFO     strategy        PnL: 12:31:33 MTM=429.00 Profit=0.07%
2026-07-16 12:31:34 INFO     strategy        PnL: 12:31:34 MTM=439.00 Profit=0.07%
2026-07-16 12:31:35 INFO     strategy        PnL: 12:31:35 MTM=462.00 Profit=0.07%
2026-07-16 12:31:36 INFO     strategy        PnL: 12:31:36 MTM=448.00 Profit=0.07%
2026-07-16 12:31:37 INFO     strategy        PnL: 12:31:37 MTM=452.00 Profit=0.07%
2026-07-16 12:31:38 INFO     strategy        PnL: 12:31:38 MTM=488.00 Profit=0.08%
2026-07-16 12:31:39 INFO     strategy        PnL: 12:31:39 MTM=484.00 Profit=0.07%
2026-07-16 12:31:40 INFO     strategy        PnL: 12:31:40 MTM=463.00 Profit=0.07%
2026-07-16 12:31:41 INFO     strategy        PnL: 12:31:41 MTM=446.00 Profit=0.07%
2026-07-16 12:31:42 INFO     strategy        PnL: 12:31:42 MTM=464.00 Profit=0.07%
2026-07-16 12:31:43 INFO     strategy        PnL: 12:31:43 MTM=467.00 Profit=0.07%
2026-07-16 12:31:44 INFO     strategy        PnL: 12:31:44 MTM=451.00 Profit=0.07%
2026-07-16 12:31:45 INFO     strategy        PnL: 12:31:45 MTM=440.00 Profit=0.07%
2026-07-16 12:31:46 INFO     strategy        PnL: 12:31:46 MTM=430.00 Profit=0.07%
2026-07-16 12:31:47 INFO     strategy        PnL: 12:31:47 MTM=478.00 Profit=0.07%
2026-07-16 12:31:48 INFO     strategy        PnL: 12:31:48 MTM=460.00 Profit=0.07%
2026-07-16 12:31:49 INFO     strategy        PnL: 12:31:49 MTM=467.00 Profit=0.07%
2026-07-16 12:31:50 INFO     strategy        PnL: 12:31:50 MTM=444.00 Profit=0.07%
2026-07-16 12:31:51 INFO     strategy        PnL: 12:31:51 MTM=430.00 Profit=0.07%
2026-07-16 12:31:52 INFO     strategy        PnL: 12:31:52 MTM=446.00 Profit=0.07%
2026-07-16 12:31:53 INFO     strategy        PnL: 12:31:53 MTM=454.00 Profit=0.07%
2026-07-16 12:31:54 INFO     strategy        PnL: 12:31:54 MTM=434.00 Profit=0.07%
2026-07-16 12:31:55 INFO     strategy        PnL: 12:31:55 MTM=442.00 Profit=0.07%
2026-07-16 12:31:56 INFO     strategy        PnL: 12:31:56 MTM=434.00 Profit=0.07%
2026-07-16 12:31:57 INFO     strategy        PnL: 12:31:57 MTM=447.00 Profit=0.07%
2026-07-16 12:31:58 INFO     strategy        PnL: 12:31:58 MTM=437.00 Profit=0.07%
2026-07-16 12:31:59 INFO     strategy        PnL: 12:31:59 MTM=444.00 Profit=0.07%
2026-07-16 12:32:00 INFO     strategy        PnL: 12:32:00 MTM=466.00 Profit=0.07%
2026-07-16 12:32:01 INFO     strategy        PnL: 12:32:01 MTM=452.00 Profit=0.07%
2026-07-16 12:32:02 INFO     strategy        PnL: 12:32:02 MTM=436.00 Profit=0.07%
2026-07-16 12:32:03 INFO     strategy        PnL: 12:32:03 MTM=431.00 Profit=0.07%
2026-07-16 12:32:04 INFO     strategy        PnL: 12:32:04 MTM=408.00 Profit=0.06%
2026-07-16 12:32:05 INFO     strategy        PnL: 12:32:05 MTM=452.00 Profit=0.07%
2026-07-16 12:32:06 INFO     strategy        PnL: 12:32:06 MTM=422.00 Profit=0.07%
2026-07-16 12:32:07 INFO     strategy        PnL: 12:32:07 MTM=466.00 Profit=0.07%
2026-07-16 12:32:08 INFO     strategy        PnL: 12:32:08 MTM=462.00 Profit=0.07%
2026-07-16 12:32:09 INFO     strategy        PnL: 12:32:09 MTM=469.00 Profit=0.07%
2026-07-16 12:32:10 INFO     strategy        PnL: 12:32:10 MTM=429.00 Profit=0.07%
2026-07-16 12:32:11 INFO     strategy        PnL: 12:32:11 MTM=455.00 Profit=0.07%
2026-07-16 12:32:12 INFO     strategy        PnL: 12:32:12 MTM=426.00 Profit=0.07%
2026-07-16 12:32:13 INFO     strategy        PnL: 12:32:13 MTM=438.00 Profit=0.07%
2026-07-16 12:32:14 INFO     strategy        PnL: 12:32:14 MTM=437.00 Profit=0.07%
2026-07-16 12:32:15 INFO     strategy        PnL: 12:32:15 MTM=468.00 Profit=0.07%
2026-07-16 12:32:16 INFO     strategy        PnL: 12:32:16 MTM=449.00 Profit=0.07%
2026-07-16 12:32:17 INFO     strategy        PnL: 12:32:17 MTM=449.00 Profit=0.07%
2026-07-16 12:32:18 INFO     strategy        PnL: 12:32:18 MTM=450.00 Profit=0.07%
2026-07-16 12:32:19 INFO     strategy        PnL: 12:32:19 MTM=483.00 Profit=0.07%
2026-07-16 12:32:20 INFO     strategy        PnL: 12:32:20 MTM=467.00 Profit=0.07%
2026-07-16 12:32:21 INFO     strategy        PnL: 12:32:21 MTM=477.00 Profit=0.07%
2026-07-16 12:32:22 INFO     strategy        PnL: 12:32:22 MTM=480.00 Profit=0.07%
2026-07-16 12:32:23 INFO     strategy        PnL: 12:32:23 MTM=473.00 Profit=0.07%
2026-07-16 12:32:24 INFO     strategy        PnL: 12:32:24 MTM=477.00 Profit=0.07%
2026-07-16 12:32:25 INFO     strategy        PnL: 12:32:25 MTM=516.00 Profit=0.08%
2026-07-16 12:32:26 INFO     strategy        PnL: 12:32:26 MTM=483.00 Profit=0.07%
2026-07-16 12:32:27 INFO     strategy        PnL: 12:32:27 MTM=479.00 Profit=0.07%
2026-07-16 12:32:28 INFO     strategy        PnL: 12:32:28 MTM=439.00 Profit=0.07%
2026-07-16 12:32:29 INFO     strategy        PnL: 12:32:29 MTM=499.00 Profit=0.08%
2026-07-16 12:32:30 INFO     strategy        PnL: 12:32:30 MTM=490.00 Profit=0.08%
2026-07-16 12:32:31 INFO     strategy        PnL: 12:32:31 MTM=473.00 Profit=0.07%
2026-07-16 12:32:32 INFO     strategy        PnL: 12:32:32 MTM=462.00 Profit=0.07%
2026-07-16 12:32:33 INFO     strategy        PnL: 12:32:33 MTM=495.00 Profit=0.08%
2026-07-16 12:32:34 INFO     strategy        PnL: 12:32:34 MTM=468.00 Profit=0.07%
2026-07-16 12:32:35 INFO     strategy        PnL: 12:32:35 MTM=497.00 Profit=0.08%
2026-07-16 12:32:36 INFO     strategy        PnL: 12:32:36 MTM=494.00 Profit=0.08%
2026-07-16 12:32:37 INFO     strategy        PnL: 12:32:37 MTM=510.00 Profit=0.08%
2026-07-16 12:32:38 INFO     strategy        PnL: 12:32:38 MTM=474.00 Profit=0.07%
2026-07-16 12:32:39 INFO     strategy        PnL: 12:32:39 MTM=479.00 Profit=0.07%
2026-07-16 12:32:40 INFO     strategy        PnL: 12:32:40 MTM=497.00 Profit=0.08%
2026-07-16 12:32:41 INFO     strategy        PnL: 12:32:41 MTM=475.00 Profit=0.07%
2026-07-16 12:32:42 INFO     strategy        PnL: 12:32:42 MTM=561.00 Profit=0.09%
2026-07-16 12:32:43 INFO     strategy        PnL: 12:32:43 MTM=499.00 Profit=0.08%
2026-07-16 12:32:44 INFO     strategy        PnL: 12:32:44 MTM=494.00 Profit=0.08%
2026-07-16 12:32:45 INFO     strategy        PnL: 12:32:45 MTM=513.00 Profit=0.08%
2026-07-16 12:32:46 INFO     strategy        PnL: 12:32:46 MTM=480.00 Profit=0.07%
2026-07-16 12:32:47 INFO     strategy        PnL: 12:32:47 MTM=488.00 Profit=0.08%
2026-07-16 12:32:48 INFO     strategy        PnL: 12:32:48 MTM=497.00 Profit=0.08%
2026-07-16 12:32:49 INFO     strategy        PnL: 12:32:49 MTM=508.00 Profit=0.08%
2026-07-16 12:32:50 INFO     strategy        PnL: 12:32:50 MTM=490.00 Profit=0.08%
2026-07-16 12:32:51 INFO     strategy        PnL: 12:32:51 MTM=503.00 Profit=0.08%
2026-07-16 12:32:52 INFO     strategy        PnL: 12:32:52 MTM=555.00 Profit=0.09%
2026-07-16 12:32:53 INFO     strategy        PnL: 12:32:53 MTM=483.00 Profit=0.07%
2026-07-16 12:32:54 INFO     strategy        PnL: 12:32:54 MTM=554.00 Profit=0.09%
2026-07-16 12:32:55 INFO     strategy        PnL: 12:32:55 MTM=516.00 Profit=0.08%
2026-07-16 12:32:56 INFO     strategy        PnL: 12:32:56 MTM=473.00 Profit=0.07%
2026-07-16 12:32:57 INFO     strategy        PnL: 12:32:57 MTM=494.00 Profit=0.08%
2026-07-16 12:32:58 INFO     strategy        PnL: 12:32:58 MTM=507.00 Profit=0.08%
2026-07-16 12:33:00 INFO     strategy        PnL: 12:33:00 MTM=511.00 Profit=0.08%
2026-07-16 12:33:01 INFO     strategy        PnL: 12:33:01 MTM=522.00 Profit=0.08%
2026-07-16 12:33:02 INFO     strategy        PnL: 12:33:02 MTM=509.00 Profit=0.08%
2026-07-16 12:33:03 INFO     strategy        PnL: 12:33:03 MTM=528.00 Profit=0.08%
2026-07-16 12:33:04 INFO     strategy        PnL: 12:33:04 MTM=510.00 Profit=0.08%
2026-07-16 12:33:05 INFO     strategy        PnL: 12:33:05 MTM=501.00 Profit=0.08%
2026-07-16 12:33:06 INFO     strategy        PnL: 12:33:06 MTM=503.00 Profit=0.08%
2026-07-16 12:33:07 INFO     strategy        PnL: 12:33:07 MTM=520.00 Profit=0.08%
2026-07-16 12:33:08 INFO     strategy        PnL: 12:33:08 MTM=511.00 Profit=0.08%
2026-07-16 12:33:09 INFO     strategy        PnL: 12:33:09 MTM=502.00 Profit=0.08%
2026-07-16 12:33:10 INFO     strategy        PnL: 12:33:10 MTM=523.00 Profit=0.08%
2026-07-16 12:33:11 INFO     strategy        PnL: 12:33:11 MTM=509.00 Profit=0.08%
2026-07-16 12:33:12 INFO     strategy        PnL: 12:33:12 MTM=521.00 Profit=0.08%
2026-07-16 12:33:13 INFO     strategy        PnL: 12:33:13 MTM=495.00 Profit=0.08%
2026-07-16 12:33:14 INFO     strategy        PnL: 12:33:14 MTM=497.00 Profit=0.08%
2026-07-16 12:33:15 INFO     strategy        PnL: 12:33:15 MTM=499.00 Profit=0.08%
2026-07-16 12:33:16 INFO     strategy        PnL: 12:33:16 MTM=506.00 Profit=0.08%
2026-07-16 12:33:17 INFO     strategy        PnL: 12:33:17 MTM=511.00 Profit=0.08%
2026-07-16 12:33:18 INFO     strategy        PnL: 12:33:18 MTM=517.00 Profit=0.08%
2026-07-16 12:33:19 INFO     strategy        PnL: 12:33:19 MTM=502.00 Profit=0.08%
2026-07-16 12:33:20 INFO     strategy        PnL: 12:33:20 MTM=536.00 Profit=0.08%
2026-07-16 12:33:21 INFO     strategy        PnL: 12:33:21 MTM=513.00 Profit=0.08%
2026-07-16 12:33:22 INFO     strategy        PnL: 12:33:22 MTM=521.00 Profit=0.08%
2026-07-16 12:33:23 INFO     strategy        PnL: 12:33:23 MTM=541.00 Profit=0.08%
2026-07-16 12:33:24 INFO     strategy        PnL: 12:33:24 MTM=531.00 Profit=0.08%
2026-07-16 12:33:25 INFO     strategy        PnL: 12:33:25 MTM=519.00 Profit=0.08%
2026-07-16 12:33:26 INFO     strategy        PnL: 12:33:26 MTM=520.00 Profit=0.08%
2026-07-16 12:33:27 INFO     strategy        PnL: 12:33:27 MTM=549.00 Profit=0.08%
2026-07-16 12:33:28 INFO     strategy        PnL: 12:33:28 MTM=510.00 Profit=0.08%
2026-07-16 12:33:29 INFO     strategy        PnL: 12:33:29 MTM=507.00 Profit=0.08%
2026-07-16 12:33:30 INFO     strategy        PnL: 12:33:30 MTM=509.00 Profit=0.08%
2026-07-16 12:33:31 INFO     strategy        PnL: 12:33:31 MTM=508.00 Profit=0.08%
2026-07-16 12:33:32 INFO     strategy        PnL: 12:33:32 MTM=506.00 Profit=0.08%
2026-07-16 12:33:33 INFO     strategy        PnL: 12:33:33 MTM=508.00 Profit=0.08%
2026-07-16 12:33:34 INFO     strategy        PnL: 12:33:34 MTM=527.00 Profit=0.08%
2026-07-16 12:33:35 INFO     strategy        PnL: 12:33:35 MTM=495.00 Profit=0.08%
2026-07-16 12:33:36 INFO     strategy        PnL: 12:33:36 MTM=504.00 Profit=0.08%
2026-07-16 12:33:37 INFO     strategy        PnL: 12:33:37 MTM=533.00 Profit=0.08%
2026-07-16 12:33:38 INFO     strategy        PnL: 12:33:38 MTM=509.00 Profit=0.08%
2026-07-16 12:33:39 INFO     strategy        PnL: 12:33:39 MTM=507.00 Profit=0.08%
2026-07-16 12:33:40 INFO     strategy        PnL: 12:33:40 MTM=517.00 Profit=0.08%
2026-07-16 12:33:41 INFO     strategy        PnL: 12:33:41 MTM=516.00 Profit=0.08%
2026-07-16 12:33:42 INFO     strategy        PnL: 12:33:42 MTM=526.00 Profit=0.08%
2026-07-16 12:33:43 INFO     strategy        PnL: 12:33:43 MTM=545.00 Profit=0.08%
2026-07-16 12:33:44 INFO     strategy        PnL: 12:33:44 MTM=533.00 Profit=0.08%
2026-07-16 12:33:45 INFO     strategy        PnL: 12:33:45 MTM=539.00 Profit=0.08%
2026-07-16 12:33:46 INFO     strategy        PnL: 12:33:46 MTM=521.00 Profit=0.08%
2026-07-16 12:33:47 INFO     strategy        PnL: 12:33:47 MTM=541.00 Profit=0.08%
2026-07-16 12:33:48 INFO     strategy        PnL: 12:33:48 MTM=531.00 Profit=0.08%
2026-07-16 12:33:49 INFO     strategy        PnL: 12:33:49 MTM=557.00 Profit=0.09%
2026-07-16 12:33:50 INFO     strategy        PnL: 12:33:50 MTM=534.00 Profit=0.08%
2026-07-16 12:33:51 INFO     strategy        PnL: 12:33:51 MTM=541.00 Profit=0.08%
2026-07-16 12:33:52 INFO     strategy        PnL: 12:33:52 MTM=527.00 Profit=0.08%
2026-07-16 12:33:53 INFO     strategy        PnL: 12:33:53 MTM=551.00 Profit=0.08%
2026-07-16 12:33:54 INFO     strategy        PnL: 12:33:54 MTM=535.00 Profit=0.08%
2026-07-16 12:33:55 INFO     strategy        PnL: 12:33:55 MTM=555.00 Profit=0.09%
2026-07-16 12:33:56 INFO     strategy        PnL: 12:33:56 MTM=585.00 Profit=0.09%
2026-07-16 12:33:57 INFO     strategy        PnL: 12:33:57 MTM=551.00 Profit=0.08%
2026-07-16 12:33:58 INFO     strategy        PnL: 12:33:58 MTM=538.00 Profit=0.08%
2026-07-16 12:33:59 INFO     strategy        PnL: 12:33:59 MTM=527.00 Profit=0.08%
2026-07-16 12:34:00 INFO     strategy        PnL: 12:34:00 MTM=552.00 Profit=0.09%
2026-07-16 12:34:01 INFO     strategy        PnL: 12:34:01 MTM=535.00 Profit=0.08%
2026-07-16 12:34:02 INFO     strategy        PnL: 12:34:02 MTM=549.00 Profit=0.08%
2026-07-16 12:34:03 INFO     strategy        PnL: 12:34:03 MTM=528.00 Profit=0.08%
2026-07-16 12:34:04 INFO     strategy        PnL: 12:34:04 MTM=555.00 Profit=0.09%
2026-07-16 12:34:05 INFO     strategy        PnL: 12:34:05 MTM=533.00 Profit=0.08%
2026-07-16 12:34:06 INFO     strategy        PnL: 12:34:06 MTM=527.00 Profit=0.08%
2026-07-16 12:34:07 INFO     strategy        PnL: 12:34:07 MTM=528.00 Profit=0.08%
2026-07-16 12:34:08 INFO     strategy        PnL: 12:34:08 MTM=572.00 Profit=0.09%
2026-07-16 12:34:09 INFO     strategy        PnL: 12:34:09 MTM=559.00 Profit=0.09%
2026-07-16 12:34:10 INFO     strategy        PnL: 12:34:10 MTM=529.00 Profit=0.08%
2026-07-16 12:34:11 INFO     strategy        PnL: 12:34:11 MTM=519.00 Profit=0.08%
2026-07-16 12:34:12 INFO     strategy        PnL: 12:34:12 MTM=537.00 Profit=0.08%
2026-07-16 12:34:13 INFO     strategy        PnL: 12:34:13 MTM=540.00 Profit=0.08%
2026-07-16 12:34:14 INFO     strategy        PnL: 12:34:14 MTM=549.00 Profit=0.08%
2026-07-16 12:34:15 INFO     strategy        PnL: 12:34:15 MTM=554.00 Profit=0.09%
2026-07-16 12:34:16 INFO     strategy        PnL: 12:34:16 MTM=562.00 Profit=0.09%
2026-07-16 12:34:17 INFO     strategy        PnL: 12:34:17 MTM=490.00 Profit=0.08%
2026-07-16 12:34:18 INFO     strategy        PnL: 12:34:18 MTM=508.00 Profit=0.08%
2026-07-16 12:34:19 INFO     strategy        PnL: 12:34:19 MTM=532.00 Profit=0.08%
2026-07-16 12:34:20 INFO     strategy        PnL: 12:34:20 MTM=534.00 Profit=0.08%
2026-07-16 12:34:21 INFO     strategy        PnL: 12:34:21 MTM=566.00 Profit=0.09%
2026-07-16 12:34:22 INFO     strategy        PnL: 12:34:22 MTM=533.00 Profit=0.08%
2026-07-16 12:34:23 INFO     strategy        PnL: 12:34:23 MTM=563.00 Profit=0.09%
2026-07-16 12:34:24 INFO     strategy        PnL: 12:34:24 MTM=530.00 Profit=0.08%
2026-07-16 12:34:25 INFO     strategy        PnL: 12:34:25 MTM=535.00 Profit=0.08%
2026-07-16 12:34:26 INFO     strategy        PnL: 12:34:26 MTM=503.00 Profit=0.08%
2026-07-16 12:34:27 INFO     strategy        PnL: 12:34:27 MTM=533.00 Profit=0.08%
2026-07-16 12:34:28 INFO     strategy        PnL: 12:34:28 MTM=526.00 Profit=0.08%
2026-07-16 12:34:29 INFO     strategy        PnL: 12:34:29 MTM=534.00 Profit=0.08%
2026-07-16 12:34:30 INFO     strategy        PnL: 12:34:30 MTM=516.00 Profit=0.08%
2026-07-16 12:34:31 INFO     strategy        PnL: 12:34:31 MTM=530.00 Profit=0.08%
2026-07-16 12:34:32 INFO     strategy        PnL: 12:34:32 MTM=519.00 Profit=0.08%
2026-07-16 12:34:33 INFO     strategy        PnL: 12:34:33 MTM=541.00 Profit=0.08%
2026-07-16 12:34:34 INFO     strategy        PnL: 12:34:34 MTM=531.00 Profit=0.08%
2026-07-16 12:34:35 INFO     strategy        PnL: 12:34:35 MTM=529.00 Profit=0.08%
2026-07-16 12:34:36 INFO     strategy        PnL: 12:34:36 MTM=536.00 Profit=0.08%
2026-07-16 12:34:37 INFO     strategy        PnL: 12:34:37 MTM=509.00 Profit=0.08%
2026-07-16 12:34:38 INFO     strategy        PnL: 12:34:38 MTM=552.00 Profit=0.09%
2026-07-16 12:34:39 INFO     strategy        PnL: 12:34:39 MTM=530.00 Profit=0.08%
2026-07-16 12:34:40 INFO     strategy        PnL: 12:34:40 MTM=519.00 Profit=0.08%
2026-07-16 12:34:41 INFO     strategy        PnL: 12:34:41 MTM=527.00 Profit=0.08%
2026-07-16 12:34:42 INFO     strategy        PnL: 12:34:42 MTM=514.00 Profit=0.08%
2026-07-16 12:34:43 INFO     strategy        PnL: 12:34:43 MTM=497.00 Profit=0.08%
2026-07-16 12:34:44 INFO     strategy        PnL: 12:34:44 MTM=526.00 Profit=0.08%
2026-07-16 12:34:45 INFO     strategy        PnL: 12:34:45 MTM=511.00 Profit=0.08%
2026-07-16 12:34:46 INFO     strategy        PnL: 12:34:46 MTM=508.00 Profit=0.08%
2026-07-16 12:34:47 INFO     strategy        PnL: 12:34:47 MTM=501.00 Profit=0.08%
2026-07-16 12:34:48 INFO     strategy        PnL: 12:34:48 MTM=515.00 Profit=0.08%
2026-07-16 12:34:49 INFO     strategy        PnL: 12:34:49 MTM=497.00 Profit=0.08%
2026-07-16 12:34:50 INFO     strategy        PnL: 12:34:50 MTM=493.00 Profit=0.08%
2026-07-16 12:34:51 INFO     strategy        PnL: 12:34:51 MTM=538.00 Profit=0.08%
2026-07-16 12:34:52 INFO     strategy        PnL: 12:34:52 MTM=502.00 Profit=0.08%
2026-07-16 12:34:53 INFO     strategy        PnL: 12:34:53 MTM=511.00 Profit=0.08%
2026-07-16 12:34:54 INFO     strategy        PnL: 12:34:54 MTM=496.00 Profit=0.08%
2026-07-16 12:34:55 INFO     strategy        PnL: 12:34:55 MTM=507.00 Profit=0.08%
2026-07-16 12:34:56 INFO     strategy        PnL: 12:34:56 MTM=493.00 Profit=0.08%
2026-07-16 12:34:57 INFO     strategy        PnL: 12:34:57 MTM=513.00 Profit=0.08%
2026-07-16 12:34:58 INFO     strategy        PnL: 12:34:58 MTM=532.00 Profit=0.08%
2026-07-16 12:34:59 INFO     strategy        PnL: 12:34:59 MTM=506.00 Profit=0.08%
2026-07-16 12:35:00 INFO     strategy        PnL: 12:35:00 MTM=526.00 Profit=0.08%
2026-07-16 12:35:01 INFO     strategy        PnL: 12:35:01 MTM=510.00 Profit=0.08%
2026-07-16 12:35:02 INFO     strategy        PnL: 12:35:02 MTM=548.00 Profit=0.08%
2026-07-16 12:35:03 INFO     strategy        PnL: 12:35:03 MTM=533.00 Profit=0.08%
2026-07-16 12:35:04 INFO     strategy        PnL: 12:35:04 MTM=532.00 Profit=0.08%
2026-07-16 12:35:05 INFO     strategy        PnL: 12:35:05 MTM=523.00 Profit=0.08%
2026-07-16 12:35:06 INFO     strategy        PnL: 12:35:06 MTM=518.00 Profit=0.08%
2026-07-16 12:35:07 INFO     strategy        PnL: 12:35:07 MTM=534.00 Profit=0.08%
2026-07-16 12:35:08 INFO     strategy        PnL: 12:35:08 MTM=483.00 Profit=0.07%
2026-07-16 12:35:09 INFO     strategy        PnL: 12:35:09 MTM=506.00 Profit=0.08%
2026-07-16 12:35:10 INFO     strategy        PnL: 12:35:10 MTM=476.00 Profit=0.07%
2026-07-16 12:35:11 INFO     strategy        PnL: 12:35:11 MTM=497.00 Profit=0.08%
2026-07-16 12:35:12 INFO     strategy        PnL: 12:35:12 MTM=505.00 Profit=0.08%
2026-07-16 12:35:14 INFO     strategy        PnL: 12:35:14 MTM=490.00 Profit=0.08%
2026-07-16 12:35:15 INFO     strategy        PnL: 12:35:15 MTM=507.00 Profit=0.08%
2026-07-16 12:35:16 INFO     strategy        PnL: 12:35:16 MTM=487.00 Profit=0.08%
2026-07-16 12:35:17 INFO     strategy        PnL: 12:35:17 MTM=458.00 Profit=0.07%
2026-07-16 12:35:18 INFO     strategy        PnL: 12:35:18 MTM=507.00 Profit=0.08%
2026-07-16 12:35:19 INFO     strategy        PnL: 12:35:19 MTM=506.00 Profit=0.08%
2026-07-16 12:35:20 INFO     strategy        PnL: 12:35:20 MTM=491.00 Profit=0.08%
2026-07-16 12:35:21 INFO     strategy        PnL: 12:35:21 MTM=495.00 Profit=0.08%
2026-07-16 12:35:22 INFO     strategy        PnL: 12:35:22 MTM=525.00 Profit=0.08%
2026-07-16 12:35:23 INFO     strategy        PnL: 12:35:23 MTM=530.00 Profit=0.08%
2026-07-16 12:35:24 INFO     strategy        PnL: 12:35:24 MTM=519.00 Profit=0.08%
2026-07-16 12:35:25 INFO     strategy        PnL: 12:35:25 MTM=505.00 Profit=0.08%
2026-07-16 12:35:26 INFO     strategy        PnL: 12:35:26 MTM=497.00 Profit=0.08%
2026-07-16 12:35:27 INFO     strategy        PnL: 12:35:27 MTM=519.00 Profit=0.08%
2026-07-16 12:35:28 INFO     strategy        PnL: 12:35:28 MTM=501.00 Profit=0.08%
2026-07-16 12:35:29 INFO     strategy        PnL: 12:35:29 MTM=505.00 Profit=0.08%
2026-07-16 12:35:30 INFO     strategy        PnL: 12:35:30 MTM=513.00 Profit=0.08%
2026-07-16 12:35:31 INFO     strategy        PnL: 12:35:31 MTM=506.00 Profit=0.08%
2026-07-16 12:35:32 INFO     strategy        PnL: 12:35:32 MTM=510.00 Profit=0.08%
2026-07-16 12:35:33 INFO     strategy        PnL: 12:35:33 MTM=482.00 Profit=0.07%
2026-07-16 12:35:34 INFO     strategy        PnL: 12:35:34 MTM=445.00 Profit=0.07%
2026-07-16 12:35:35 INFO     strategy        PnL: 12:35:35 MTM=491.00 Profit=0.08%
2026-07-16 12:35:36 INFO     strategy        PnL: 12:35:36 MTM=533.00 Profit=0.08%
2026-07-16 12:35:37 INFO     strategy        PnL: 12:35:37 MTM=504.00 Profit=0.08%
2026-07-16 12:35:38 INFO     strategy        PnL: 12:35:38 MTM=527.00 Profit=0.08%
2026-07-16 12:35:39 INFO     strategy        PnL: 12:35:39 MTM=501.00 Profit=0.08%
2026-07-16 12:35:40 INFO     strategy        PnL: 12:35:40 MTM=532.00 Profit=0.08%
2026-07-16 12:35:41 INFO     strategy        PnL: 12:35:41 MTM=515.00 Profit=0.08%
2026-07-16 12:35:42 INFO     strategy        PnL: 12:35:42 MTM=523.00 Profit=0.08%
2026-07-16 12:35:43 INFO     strategy        PnL: 12:35:43 MTM=521.00 Profit=0.08%
2026-07-16 12:35:44 INFO     strategy        PnL: 12:35:44 MTM=513.00 Profit=0.08%
2026-07-16 12:35:45 INFO     strategy        PnL: 12:35:45 MTM=518.00 Profit=0.08%
2026-07-16 12:35:46 INFO     strategy        PnL: 12:35:46 MTM=514.00 Profit=0.08%
2026-07-16 12:35:47 INFO     strategy        PnL: 12:35:47 MTM=512.00 Profit=0.08%
2026-07-16 12:35:48 INFO     strategy        PnL: 12:35:48 MTM=500.00 Profit=0.08%
2026-07-16 12:35:49 INFO     strategy        PnL: 12:35:49 MTM=514.00 Profit=0.08%
2026-07-16 12:35:50 INFO     strategy        PnL: 12:35:50 MTM=509.00 Profit=0.08%
2026-07-16 12:35:51 INFO     strategy        PnL: 12:35:51 MTM=533.00 Profit=0.08%
2026-07-16 12:35:52 INFO     strategy        PnL: 12:35:52 MTM=530.00 Profit=0.08%
2026-07-16 12:35:53 INFO     strategy        PnL: 12:35:53 MTM=493.00 Profit=0.08%
2026-07-16 12:35:54 INFO     strategy        PnL: 12:35:54 MTM=501.00 Profit=0.08%
2026-07-16 12:35:55 INFO     strategy        PnL: 12:35:55 MTM=512.00 Profit=0.08%
2026-07-16 12:35:56 INFO     strategy        PnL: 12:35:56 MTM=513.00 Profit=0.08%
2026-07-16 12:35:57 INFO     strategy        PnL: 12:35:57 MTM=518.00 Profit=0.08%
2026-07-16 12:35:58 INFO     strategy        PnL: 12:35:58 MTM=517.00 Profit=0.08%
2026-07-16 12:35:59 INFO     strategy        PnL: 12:35:59 MTM=525.00 Profit=0.08%
2026-07-16 12:36:00 INFO     strategy        PnL: 12:36:00 MTM=510.00 Profit=0.08%
2026-07-16 12:36:01 INFO     strategy        PnL: 12:36:01 MTM=516.00 Profit=0.08%
2026-07-16 12:36:02 INFO     strategy        PnL: 12:36:02 MTM=506.00 Profit=0.08%
2026-07-16 12:36:03 INFO     strategy        PnL: 12:36:03 MTM=521.00 Profit=0.08%
2026-07-16 12:36:04 INFO     strategy        PnL: 12:36:04 MTM=517.00 Profit=0.08%
2026-07-16 12:36:05 INFO     strategy        PnL: 12:36:05 MTM=507.00 Profit=0.08%
2026-07-16 12:36:06 INFO     strategy        PnL: 12:36:06 MTM=523.00 Profit=0.08%
2026-07-16 12:36:07 INFO     strategy        PnL: 12:36:07 MTM=485.00 Profit=0.07%
2026-07-16 12:36:08 INFO     strategy        PnL: 12:36:08 MTM=487.00 Profit=0.08%
2026-07-16 12:36:09 INFO     strategy        PnL: 12:36:09 MTM=508.00 Profit=0.08%
2026-07-16 12:36:10 INFO     strategy        PnL: 12:36:10 MTM=503.00 Profit=0.08%
2026-07-16 12:36:11 INFO     strategy        PnL: 12:36:11 MTM=499.00 Profit=0.08%
2026-07-16 12:36:12 INFO     strategy        PnL: 12:36:12 MTM=518.00 Profit=0.08%
2026-07-16 12:36:13 INFO     strategy        PnL: 12:36:13 MTM=493.00 Profit=0.08%
2026-07-16 12:36:14 INFO     strategy        PnL: 12:36:14 MTM=520.00 Profit=0.08%
2026-07-16 12:36:15 INFO     strategy        PnL: 12:36:15 MTM=541.00 Profit=0.08%
2026-07-16 12:36:16 INFO     strategy        PnL: 12:36:16 MTM=470.00 Profit=0.07%
2026-07-16 12:36:17 INFO     strategy        PnL: 12:36:17 MTM=575.00 Profit=0.09%
2026-07-16 12:36:18 INFO     strategy        PnL: 12:36:18 MTM=501.00 Profit=0.08%
2026-07-16 12:36:19 INFO     strategy        PnL: 12:36:19 MTM=544.00 Profit=0.08%
2026-07-16 12:36:20 INFO     strategy        PnL: 12:36:20 MTM=521.00 Profit=0.08%
2026-07-16 12:36:21 INFO     strategy        PnL: 12:36:21 MTM=520.00 Profit=0.08%
2026-07-16 12:36:22 INFO     strategy        PnL: 12:36:22 MTM=521.00 Profit=0.08%
2026-07-16 12:36:23 INFO     strategy        PnL: 12:36:23 MTM=526.00 Profit=0.08%
2026-07-16 12:36:24 INFO     strategy        PnL: 12:36:24 MTM=540.00 Profit=0.08%
2026-07-16 12:36:25 INFO     strategy        PnL: 12:36:25 MTM=516.00 Profit=0.08%
2026-07-16 12:36:26 INFO     strategy        PnL: 12:36:26 MTM=524.00 Profit=0.08%
2026-07-16 12:36:27 INFO     strategy        PnL: 12:36:27 MTM=517.00 Profit=0.08%
2026-07-16 12:36:28 INFO     strategy        PnL: 12:36:28 MTM=517.00 Profit=0.08%
2026-07-16 12:36:29 INFO     strategy        PnL: 12:36:29 MTM=510.00 Profit=0.08%
2026-07-16 12:36:30 INFO     strategy        PnL: 12:36:30 MTM=524.00 Profit=0.08%
2026-07-16 12:36:31 INFO     strategy        PnL: 12:36:31 MTM=532.00 Profit=0.08%
2026-07-16 12:36:32 INFO     strategy        PnL: 12:36:32 MTM=514.00 Profit=0.08%
2026-07-16 12:36:33 INFO     strategy        PnL: 12:36:33 MTM=521.00 Profit=0.08%
2026-07-16 12:36:34 INFO     strategy        PnL: 12:36:34 MTM=503.00 Profit=0.08%
2026-07-16 12:36:35 INFO     strategy        PnL: 12:36:35 MTM=519.00 Profit=0.08%
2026-07-16 12:36:36 INFO     strategy        PnL: 12:36:36 MTM=510.00 Profit=0.08%
2026-07-16 12:36:37 INFO     strategy        PnL: 12:36:37 MTM=525.00 Profit=0.08%
2026-07-16 12:36:38 INFO     strategy        PnL: 12:36:38 MTM=514.00 Profit=0.08%
2026-07-16 12:36:39 INFO     strategy        PnL: 12:36:39 MTM=522.00 Profit=0.08%
2026-07-16 12:36:40 INFO     strategy        PnL: 12:36:40 MTM=545.00 Profit=0.08%
2026-07-16 12:36:41 INFO     strategy        PnL: 12:36:41 MTM=530.00 Profit=0.08%
2026-07-16 12:36:42 INFO     strategy        PnL: 12:36:42 MTM=528.00 Profit=0.08%
2026-07-16 12:36:43 INFO     strategy        PnL: 12:36:43 MTM=512.00 Profit=0.08%
2026-07-16 12:36:44 INFO     strategy        PnL: 12:36:44 MTM=519.00 Profit=0.08%
2026-07-16 12:36:45 INFO     strategy        PnL: 12:36:45 MTM=504.00 Profit=0.08%
2026-07-16 12:36:46 INFO     strategy        PnL: 12:36:46 MTM=484.00 Profit=0.07%
2026-07-16 12:36:47 INFO     strategy        PnL: 12:36:47 MTM=528.00 Profit=0.08%
2026-07-16 12:36:48 INFO     strategy        PnL: 12:36:48 MTM=494.00 Profit=0.08%
2026-07-16 12:36:49 INFO     strategy        PnL: 12:36:49 MTM=497.00 Profit=0.08%
2026-07-16 12:36:50 INFO     strategy        PnL: 12:36:50 MTM=501.00 Profit=0.08%
2026-07-16 12:36:51 INFO     strategy        PnL: 12:36:51 MTM=529.00 Profit=0.08%
2026-07-16 12:36:52 INFO     strategy        PnL: 12:36:52 MTM=502.00 Profit=0.08%
2026-07-16 12:36:53 INFO     strategy        PnL: 12:36:53 MTM=510.00 Profit=0.08%
2026-07-16 12:36:54 INFO     strategy        PnL: 12:36:54 MTM=507.00 Profit=0.08%
2026-07-16 12:36:55 INFO     strategy        PnL: 12:36:55 MTM=519.00 Profit=0.08%
2026-07-16 12:36:56 INFO     strategy        PnL: 12:36:56 MTM=531.00 Profit=0.08%
2026-07-16 12:36:57 INFO     strategy        PnL: 12:36:57 MTM=515.00 Profit=0.08%
2026-07-16 12:36:58 INFO     strategy        PnL: 12:36:58 MTM=522.00 Profit=0.08%
2026-07-16 12:36:59 INFO     strategy        PnL: 12:36:59 MTM=505.00 Profit=0.08%
2026-07-16 12:37:00 INFO     strategy        PnL: 12:37:00 MTM=509.00 Profit=0.08%
2026-07-16 12:37:01 INFO     strategy        PnL: 12:37:01 MTM=528.00 Profit=0.08%
2026-07-16 12:37:02 INFO     strategy        PnL: 12:37:02 MTM=511.00 Profit=0.08%
2026-07-16 12:37:04 INFO     strategy        PnL: 12:37:04 MTM=519.00 Profit=0.08%
2026-07-16 12:37:05 INFO     strategy        PnL: 12:37:05 MTM=539.00 Profit=0.08%
2026-07-16 12:37:06 INFO     strategy        PnL: 12:37:06 MTM=507.00 Profit=0.08%
2026-07-16 12:37:07 INFO     strategy        PnL: 12:37:07 MTM=518.00 Profit=0.08%
2026-07-16 12:37:08 INFO     strategy        PnL: 12:37:08 MTM=494.00 Profit=0.08%
2026-07-16 12:37:09 INFO     strategy        PnL: 12:37:09 MTM=500.00 Profit=0.08%
2026-07-16 12:37:10 INFO     strategy        PnL: 12:37:10 MTM=493.00 Profit=0.08%
2026-07-16 12:37:11 INFO     strategy        PnL: 12:37:11 MTM=521.00 Profit=0.08%
2026-07-16 12:37:12 INFO     strategy        PnL: 12:37:12 MTM=491.00 Profit=0.08%
2026-07-16 12:37:13 INFO     strategy        PnL: 12:37:13 MTM=512.00 Profit=0.08%
2026-07-16 12:37:14 INFO     strategy        PnL: 12:37:14 MTM=518.00 Profit=0.08%
2026-07-16 12:37:15 INFO     strategy        PnL: 12:37:15 MTM=498.00 Profit=0.08%
2026-07-16 12:37:16 INFO     strategy        PnL: 12:37:16 MTM=514.00 Profit=0.08%
2026-07-16 12:37:17 INFO     strategy        PnL: 12:37:17 MTM=505.00 Profit=0.08%
2026-07-16 12:37:18 INFO     strategy        PnL: 12:37:18 MTM=510.00 Profit=0.08%
2026-07-16 12:37:19 INFO     strategy        PnL: 12:37:19 MTM=507.00 Profit=0.08%
2026-07-16 12:37:20 INFO     strategy        PnL: 12:37:20 MTM=515.00 Profit=0.08%
2026-07-16 12:37:21 INFO     strategy        PnL: 12:37:21 MTM=505.00 Profit=0.08%
2026-07-16 12:37:22 INFO     strategy        PnL: 12:37:22 MTM=518.00 Profit=0.08%
2026-07-16 12:37:23 INFO     strategy        PnL: 12:37:23 MTM=527.00 Profit=0.08%
2026-07-16 12:37:24 INFO     strategy        PnL: 12:37:24 MTM=511.00 Profit=0.08%
2026-07-16 12:37:25 INFO     strategy        PnL: 12:37:25 MTM=511.00 Profit=0.08%
2026-07-16 12:37:26 INFO     strategy        PnL: 12:37:26 MTM=507.00 Profit=0.08%
2026-07-16 12:37:27 INFO     strategy        PnL: 12:37:27 MTM=509.00 Profit=0.08%
2026-07-16 12:37:28 INFO     strategy        PnL: 12:37:28 MTM=489.00 Profit=0.08%
2026-07-16 12:37:29 INFO     strategy        PnL: 12:37:29 MTM=504.00 Profit=0.08%
2026-07-16 12:37:30 INFO     strategy        PnL: 12:37:30 MTM=513.00 Profit=0.08%
2026-07-16 12:37:31 INFO     strategy        PnL: 12:37:31 MTM=532.00 Profit=0.08%
2026-07-16 12:37:32 INFO     strategy        PnL: 12:37:32 MTM=509.00 Profit=0.08%
2026-07-16 12:37:33 INFO     strategy        PnL: 12:37:33 MTM=510.00 Profit=0.08%
2026-07-16 12:37:34 INFO     strategy        PnL: 12:37:34 MTM=506.00 Profit=0.08%
2026-07-16 12:37:35 INFO     strategy        PnL: 12:37:35 MTM=537.00 Profit=0.08%
2026-07-16 12:37:36 INFO     strategy        PnL: 12:37:36 MTM=535.00 Profit=0.08%
2026-07-16 12:37:37 INFO     strategy        PnL: 12:37:37 MTM=526.00 Profit=0.08%
2026-07-16 12:37:38 INFO     strategy        PnL: 12:37:38 MTM=521.00 Profit=0.08%
2026-07-16 12:37:39 INFO     strategy        PnL: 12:37:39 MTM=509.00 Profit=0.08%
2026-07-16 12:37:40 INFO     strategy        PnL: 12:37:40 MTM=496.00 Profit=0.08%
2026-07-16 12:37:41 INFO     strategy        PnL: 12:37:41 MTM=504.00 Profit=0.08%
2026-07-16 12:37:42 INFO     strategy        PnL: 12:37:42 MTM=523.00 Profit=0.08%
2026-07-16 12:37:43 INFO     strategy        PnL: 12:37:43 MTM=523.00 Profit=0.08%
2026-07-16 12:37:44 INFO     strategy        PnL: 12:37:44 MTM=507.00 Profit=0.08%
2026-07-16 12:37:45 INFO     strategy        PnL: 12:37:45 MTM=512.00 Profit=0.08%
2026-07-16 12:37:46 INFO     strategy        PnL: 12:37:46 MTM=514.00 Profit=0.08%
2026-07-16 12:37:47 INFO     strategy        PnL: 12:37:47 MTM=505.00 Profit=0.08%
2026-07-16 12:37:48 INFO     strategy        PnL: 12:37:48 MTM=514.00 Profit=0.08%
2026-07-16 12:37:49 INFO     strategy        PnL: 12:37:49 MTM=526.00 Profit=0.08%
2026-07-16 12:37:50 INFO     strategy        PnL: 12:37:50 MTM=516.00 Profit=0.08%
2026-07-16 12:37:51 INFO     strategy        PnL: 12:37:51 MTM=539.00 Profit=0.08%
2026-07-16 12:37:52 INFO     strategy        PnL: 12:37:52 MTM=511.00 Profit=0.08%
2026-07-16 12:37:53 INFO     strategy        PnL: 12:37:53 MTM=521.00 Profit=0.08%
2026-07-16 12:37:54 INFO     strategy        PnL: 12:37:54 MTM=536.00 Profit=0.08%
2026-07-16 12:37:55 INFO     strategy        PnL: 12:37:55 MTM=517.00 Profit=0.08%
2026-07-16 12:37:56 INFO     strategy        PnL: 12:37:56 MTM=531.00 Profit=0.08%
2026-07-16 12:37:57 INFO     strategy        PnL: 12:37:57 MTM=520.00 Profit=0.08%
2026-07-16 12:37:58 INFO     strategy        PnL: 12:37:58 MTM=543.00 Profit=0.08%
2026-07-16 12:37:59 INFO     strategy        PnL: 12:37:59 MTM=528.00 Profit=0.08%
2026-07-16 12:38:00 INFO     strategy        PnL: 12:38:00 MTM=532.00 Profit=0.08%
2026-07-16 12:38:01 INFO     strategy        PnL: 12:38:01 MTM=505.00 Profit=0.08%
2026-07-16 12:38:02 INFO     strategy        PnL: 12:38:02 MTM=532.00 Profit=0.08%
2026-07-16 12:38:03 INFO     strategy        PnL: 12:38:03 MTM=548.00 Profit=0.08%
2026-07-16 12:38:04 INFO     strategy        PnL: 12:38:04 MTM=545.00 Profit=0.08%
2026-07-16 12:38:05 INFO     strategy        PnL: 12:38:05 MTM=520.00 Profit=0.08%
2026-07-16 12:38:06 INFO     strategy        PnL: 12:38:06 MTM=523.00 Profit=0.08%
2026-07-16 12:38:07 INFO     strategy        PnL: 12:38:07 MTM=520.00 Profit=0.08%
2026-07-16 12:38:08 INFO     strategy        PnL: 12:38:08 MTM=528.00 Profit=0.08%
2026-07-16 12:38:09 INFO     strategy        PnL: 12:38:09 MTM=521.00 Profit=0.08%
2026-07-16 12:38:10 INFO     strategy        PnL: 12:38:10 MTM=525.00 Profit=0.08%
2026-07-16 12:38:11 INFO     strategy        PnL: 12:38:11 MTM=511.00 Profit=0.08%
2026-07-16 12:38:12 INFO     strategy        PnL: 12:38:12 MTM=515.00 Profit=0.08%
2026-07-16 12:38:13 INFO     strategy        PnL: 12:38:13 MTM=517.00 Profit=0.08%
2026-07-16 12:38:14 INFO     strategy        PnL: 12:38:14 MTM=516.00 Profit=0.08%
2026-07-16 12:38:15 INFO     strategy        PnL: 12:38:15 MTM=509.00 Profit=0.08%
2026-07-16 12:38:16 INFO     strategy        PnL: 12:38:16 MTM=510.00 Profit=0.08%
2026-07-16 12:38:17 INFO     strategy        PnL: 12:38:17 MTM=526.00 Profit=0.08%
2026-07-16 12:38:18 INFO     strategy        PnL: 12:38:18 MTM=525.00 Profit=0.08%
2026-07-16 12:38:19 INFO     strategy        PnL: 12:38:19 MTM=535.00 Profit=0.08%
2026-07-16 12:38:20 INFO     strategy        PnL: 12:38:20 MTM=540.00 Profit=0.08%
2026-07-16 12:38:21 INFO     strategy        PnL: 12:38:21 MTM=512.00 Profit=0.08%
2026-07-16 12:38:22 INFO     strategy        PnL: 12:38:22 MTM=521.00 Profit=0.08%
2026-07-16 12:38:23 INFO     strategy        PnL: 12:38:23 MTM=525.00 Profit=0.08%
2026-07-16 12:38:24 INFO     strategy        PnL: 12:38:24 MTM=497.00 Profit=0.08%
2026-07-16 12:38:25 INFO     strategy        PnL: 12:38:25 MTM=510.00 Profit=0.08%
2026-07-16 12:38:26 INFO     strategy        PnL: 12:38:26 MTM=497.00 Profit=0.08%
2026-07-16 12:38:27 INFO     strategy        PnL: 12:38:27 MTM=494.00 Profit=0.08%
2026-07-16 12:38:28 INFO     strategy        PnL: 12:38:28 MTM=517.00 Profit=0.08%
2026-07-16 12:38:29 INFO     strategy        PnL: 12:38:29 MTM=512.00 Profit=0.08%
2026-07-16 12:38:30 INFO     strategy        PnL: 12:38:30 MTM=498.00 Profit=0.08%
2026-07-16 12:38:31 INFO     strategy        PnL: 12:38:31 MTM=511.00 Profit=0.08%
2026-07-16 12:38:32 INFO     strategy        PnL: 12:38:32 MTM=506.00 Profit=0.08%
2026-07-16 12:38:33 INFO     strategy        PnL: 12:38:33 MTM=473.00 Profit=0.07%
2026-07-16 12:38:34 INFO     strategy        PnL: 12:38:34 MTM=486.00 Profit=0.07%
2026-07-16 12:38:35 INFO     strategy        PnL: 12:38:35 MTM=542.00 Profit=0.08%
2026-07-16 12:38:36 INFO     strategy        PnL: 12:38:36 MTM=514.00 Profit=0.08%
2026-07-16 12:38:37 INFO     strategy        PnL: 12:38:37 MTM=488.00 Profit=0.08%
2026-07-16 12:38:38 INFO     strategy        PnL: 12:38:38 MTM=490.00 Profit=0.08%
2026-07-16 12:38:39 INFO     strategy        PnL: 12:38:39 MTM=520.00 Profit=0.08%
2026-07-16 12:38:40 INFO     strategy        PnL: 12:38:40 MTM=498.00 Profit=0.08%
2026-07-16 12:38:41 INFO     strategy        PnL: 12:38:41 MTM=506.00 Profit=0.08%
2026-07-16 12:38:42 INFO     strategy        PnL: 12:38:42 MTM=465.00 Profit=0.07%
2026-07-16 12:38:43 INFO     strategy        PnL: 12:38:43 MTM=493.00 Profit=0.08%
2026-07-16 12:38:44 INFO     strategy        PnL: 12:38:44 MTM=525.00 Profit=0.08%
2026-07-16 12:38:45 INFO     strategy        PnL: 12:38:45 MTM=528.00 Profit=0.08%
2026-07-16 12:38:46 INFO     strategy        PnL: 12:38:46 MTM=493.00 Profit=0.08%
2026-07-16 12:38:47 INFO     strategy        PnL: 12:38:47 MTM=497.00 Profit=0.08%
2026-07-16 12:38:48 INFO     strategy        PnL: 12:38:48 MTM=511.00 Profit=0.08%
2026-07-16 12:38:49 INFO     strategy        PnL: 12:38:49 MTM=499.00 Profit=0.08%
2026-07-16 12:38:50 INFO     strategy        PnL: 12:38:50 MTM=493.00 Profit=0.08%
2026-07-16 12:38:51 INFO     strategy        PnL: 12:38:51 MTM=504.00 Profit=0.08%
2026-07-16 12:38:52 INFO     strategy        PnL: 12:38:52 MTM=493.00 Profit=0.08%
2026-07-16 12:38:53 INFO     strategy        PnL: 12:38:53 MTM=495.00 Profit=0.08%
2026-07-16 12:38:54 INFO     strategy        PnL: 12:38:54 MTM=495.00 Profit=0.08%
2026-07-16 12:38:55 INFO     strategy        PnL: 12:38:55 MTM=484.00 Profit=0.07%
2026-07-16 12:38:56 INFO     strategy        PnL: 12:38:56 MTM=486.00 Profit=0.07%
2026-07-16 12:38:57 INFO     strategy        PnL: 12:38:57 MTM=498.00 Profit=0.08%
2026-07-16 12:38:58 INFO     strategy        PnL: 12:38:58 MTM=487.00 Profit=0.08%
2026-07-16 12:38:59 INFO     strategy        PnL: 12:38:59 MTM=477.00 Profit=0.07%
2026-07-16 12:39:00 INFO     strategy        PnL: 12:39:00 MTM=502.00 Profit=0.08%
2026-07-16 12:39:01 INFO     strategy        PnL: 12:39:01 MTM=492.00 Profit=0.08%
2026-07-16 12:39:02 INFO     strategy        PnL: 12:39:02 MTM=485.00 Profit=0.07%
2026-07-16 12:39:03 INFO     strategy        PnL: 12:39:03 MTM=492.00 Profit=0.08%
2026-07-16 12:39:04 INFO     strategy        PnL: 12:39:04 MTM=495.00 Profit=0.08%
2026-07-16 12:39:06 INFO     strategy        PnL: 12:39:06 MTM=502.00 Profit=0.08%
2026-07-16 12:39:07 INFO     strategy        PnL: 12:39:07 MTM=514.00 Profit=0.08%
2026-07-16 12:39:08 INFO     strategy        PnL: 12:39:08 MTM=489.00 Profit=0.08%
2026-07-16 12:39:09 INFO     strategy        PnL: 12:39:09 MTM=522.00 Profit=0.08%
2026-07-16 12:39:10 INFO     strategy        PnL: 12:39:10 MTM=500.00 Profit=0.08%
2026-07-16 12:39:11 INFO     strategy        PnL: 12:39:11 MTM=496.00 Profit=0.08%
2026-07-16 12:39:12 INFO     strategy        PnL: 12:39:12 MTM=510.00 Profit=0.08%
2026-07-16 12:39:13 INFO     strategy        PnL: 12:39:13 MTM=482.00 Profit=0.07%
2026-07-16 12:39:14 INFO     strategy        PnL: 12:39:14 MTM=472.00 Profit=0.07%
2026-07-16 12:39:15 INFO     strategy        PnL: 12:39:15 MTM=489.00 Profit=0.08%
2026-07-16 12:39:16 INFO     strategy        PnL: 12:39:16 MTM=478.00 Profit=0.07%
2026-07-16 12:39:17 INFO     strategy        PnL: 12:39:17 MTM=509.00 Profit=0.08%
2026-07-16 12:39:18 INFO     strategy        PnL: 12:39:18 MTM=501.00 Profit=0.08%
2026-07-16 12:39:19 INFO     strategy        PnL: 12:39:19 MTM=504.00 Profit=0.08%
2026-07-16 12:39:20 INFO     strategy        PnL: 12:39:20 MTM=507.00 Profit=0.08%
2026-07-16 12:39:21 INFO     strategy        PnL: 12:39:21 MTM=505.00 Profit=0.08%
2026-07-16 12:39:22 INFO     strategy        PnL: 12:39:22 MTM=497.00 Profit=0.08%
2026-07-16 12:39:23 INFO     strategy        PnL: 12:39:23 MTM=486.00 Profit=0.07%
2026-07-16 12:39:24 INFO     strategy        PnL: 12:39:24 MTM=481.00 Profit=0.07%
2026-07-16 12:39:25 INFO     strategy        PnL: 12:39:25 MTM=483.00 Profit=0.07%
2026-07-16 12:39:26 INFO     strategy        PnL: 12:39:26 MTM=503.00 Profit=0.08%
2026-07-16 12:39:27 INFO     strategy        PnL: 12:39:27 MTM=497.00 Profit=0.08%
2026-07-16 12:39:28 INFO     strategy        PnL: 12:39:28 MTM=498.00 Profit=0.08%
2026-07-16 12:39:29 INFO     strategy        PnL: 12:39:29 MTM=495.00 Profit=0.08%
2026-07-16 12:39:30 INFO     strategy        PnL: 12:39:30 MTM=497.00 Profit=0.08%
2026-07-16 12:39:31 INFO     strategy        PnL: 12:39:31 MTM=528.00 Profit=0.08%
2026-07-16 12:39:32 INFO     strategy        PnL: 12:39:32 MTM=477.00 Profit=0.07%
2026-07-16 12:39:33 INFO     strategy        PnL: 12:39:33 MTM=486.00 Profit=0.07%
2026-07-16 12:39:34 INFO     strategy        PnL: 12:39:34 MTM=476.00 Profit=0.07%
2026-07-16 12:39:35 INFO     strategy        PnL: 12:39:35 MTM=486.00 Profit=0.07%
2026-07-16 12:39:36 INFO     strategy        PnL: 12:39:36 MTM=499.00 Profit=0.08%
2026-07-16 12:39:37 INFO     strategy        PnL: 12:39:37 MTM=499.00 Profit=0.08%
2026-07-16 12:39:38 INFO     strategy        PnL: 12:39:38 MTM=474.00 Profit=0.07%
2026-07-16 12:39:39 INFO     strategy        PnL: 12:39:39 MTM=502.00 Profit=0.08%
2026-07-16 12:39:40 INFO     strategy        PnL: 12:39:40 MTM=497.00 Profit=0.08%
2026-07-16 12:39:41 INFO     strategy        PnL: 12:39:41 MTM=512.00 Profit=0.08%
2026-07-16 12:39:42 INFO     strategy        PnL: 12:39:42 MTM=489.00 Profit=0.08%
2026-07-16 12:39:43 INFO     strategy        PnL: 12:39:43 MTM=502.00 Profit=0.08%
2026-07-16 12:39:44 INFO     strategy        PnL: 12:39:44 MTM=500.00 Profit=0.08%
2026-07-16 12:39:45 INFO     strategy        PnL: 12:39:45 MTM=484.00 Profit=0.07%
2026-07-16 12:39:46 INFO     strategy        PnL: 12:39:46 MTM=488.00 Profit=0.08%
2026-07-16 12:39:47 INFO     strategy        PnL: 12:39:47 MTM=479.00 Profit=0.07%
2026-07-16 12:39:48 INFO     strategy        PnL: 12:39:48 MTM=494.00 Profit=0.08%
2026-07-16 12:39:49 INFO     strategy        PnL: 12:39:49 MTM=496.00 Profit=0.08%
2026-07-16 12:39:50 INFO     strategy        PnL: 12:39:50 MTM=493.00 Profit=0.08%
2026-07-16 12:39:51 INFO     strategy        PnL: 12:39:51 MTM=498.00 Profit=0.08%
2026-07-16 12:39:52 INFO     strategy        PnL: 12:39:52 MTM=505.00 Profit=0.08%
2026-07-16 12:39:53 INFO     strategy        PnL: 12:39:53 MTM=475.00 Profit=0.07%
2026-07-16 12:39:54 INFO     strategy        PnL: 12:39:54 MTM=495.00 Profit=0.08%
2026-07-16 12:39:55 INFO     strategy        PnL: 12:39:55 MTM=494.00 Profit=0.08%
2026-07-16 12:39:56 INFO     strategy        PnL: 12:39:56 MTM=503.00 Profit=0.08%
2026-07-16 12:39:57 INFO     strategy        PnL: 12:39:57 MTM=490.00 Profit=0.08%
2026-07-16 12:39:58 INFO     strategy        PnL: 12:39:58 MTM=491.00 Profit=0.08%
2026-07-16 12:39:59 INFO     strategy        PnL: 12:39:59 MTM=490.00 Profit=0.08%
2026-07-16 12:40:00 INFO     strategy        PnL: 12:40:00 MTM=497.00 Profit=0.08%
2026-07-16 12:40:01 INFO     strategy        PnL: 12:40:01 MTM=499.00 Profit=0.08%
2026-07-16 12:40:02 INFO     strategy        PnL: 12:40:02 MTM=501.00 Profit=0.08%
2026-07-16 12:40:03 INFO     strategy        PnL: 12:40:03 MTM=527.00 Profit=0.08%
2026-07-16 12:40:04 INFO     strategy        PnL: 12:40:04 MTM=486.00 Profit=0.07%
2026-07-16 12:40:05 INFO     strategy        PnL: 12:40:05 MTM=505.00 Profit=0.08%
2026-07-16 12:40:06 INFO     strategy        PnL: 12:40:06 MTM=504.00 Profit=0.08%
2026-07-16 12:40:07 INFO     strategy        PnL: 12:40:07 MTM=518.00 Profit=0.08%
2026-07-16 12:40:08 INFO     strategy        PnL: 12:40:08 MTM=504.00 Profit=0.08%
2026-07-16 12:40:09 INFO     strategy        PnL: 12:40:09 MTM=493.00 Profit=0.08%
2026-07-16 12:40:10 INFO     strategy        PnL: 12:40:10 MTM=492.00 Profit=0.08%
2026-07-16 12:40:11 INFO     strategy        PnL: 12:40:11 MTM=511.00 Profit=0.08%
2026-07-16 12:40:12 INFO     strategy        PnL: 12:40:12 MTM=511.00 Profit=0.08%
2026-07-16 12:40:13 INFO     strategy        PnL: 12:40:13 MTM=527.00 Profit=0.08%
2026-07-16 12:40:14 INFO     strategy        PnL: 12:40:14 MTM=515.00 Profit=0.08%
2026-07-16 12:40:15 INFO     strategy        PnL: 12:40:15 MTM=502.00 Profit=0.08%
2026-07-16 12:40:16 INFO     strategy        PnL: 12:40:16 MTM=527.00 Profit=0.08%
2026-07-16 12:40:17 INFO     strategy        PnL: 12:40:17 MTM=501.00 Profit=0.08%
2026-07-16 12:40:18 INFO     strategy        PnL: 12:40:18 MTM=535.00 Profit=0.08%
2026-07-16 12:40:19 INFO     strategy        PnL: 12:40:19 MTM=506.00 Profit=0.08%
2026-07-16 12:40:20 INFO     strategy        PnL: 12:40:20 MTM=527.00 Profit=0.08%
2026-07-16 12:40:21 INFO     strategy        PnL: 12:40:21 MTM=526.00 Profit=0.08%
2026-07-16 12:40:22 INFO     strategy        PnL: 12:40:22 MTM=513.00 Profit=0.08%
2026-07-16 12:40:23 INFO     strategy        PnL: 12:40:23 MTM=516.00 Profit=0.08%
2026-07-16 12:40:24 INFO     strategy        PnL: 12:40:24 MTM=521.00 Profit=0.08%
2026-07-16 12:40:25 INFO     strategy        PnL: 12:40:25 MTM=512.00 Profit=0.08%
2026-07-16 12:40:26 INFO     strategy        PnL: 12:40:26 MTM=504.00 Profit=0.08%
2026-07-16 12:40:27 INFO     strategy        PnL: 12:40:27 MTM=510.00 Profit=0.08%
2026-07-16 12:40:28 INFO     strategy        PnL: 12:40:28 MTM=504.00 Profit=0.08%
2026-07-16 12:40:29 INFO     strategy        PnL: 12:40:29 MTM=528.00 Profit=0.08%
2026-07-16 12:40:30 INFO     strategy        PnL: 12:40:30 MTM=532.00 Profit=0.08%
2026-07-16 12:40:31 INFO     strategy        PnL: 12:40:31 MTM=503.00 Profit=0.08%
2026-07-16 12:40:32 INFO     strategy        PnL: 12:40:32 MTM=527.00 Profit=0.08%
2026-07-16 12:40:33 INFO     strategy        PnL: 12:40:33 MTM=525.00 Profit=0.08%
2026-07-16 12:40:34 INFO     strategy        PnL: 12:40:34 MTM=523.00 Profit=0.08%
2026-07-16 12:40:35 INFO     strategy        PnL: 12:40:35 MTM=527.00 Profit=0.08%
2026-07-16 12:40:36 INFO     strategy        PnL: 12:40:36 MTM=517.00 Profit=0.08%
2026-07-16 12:40:37 INFO     strategy        PnL: 12:40:37 MTM=523.00 Profit=0.08%
2026-07-16 12:40:38 INFO     strategy        PnL: 12:40:38 MTM=527.00 Profit=0.08%
2026-07-16 12:40:39 INFO     strategy        PnL: 12:40:39 MTM=501.00 Profit=0.08%
2026-07-16 12:40:40 INFO     strategy        PnL: 12:40:40 MTM=522.00 Profit=0.08%
2026-07-16 12:40:41 INFO     strategy        PnL: 12:40:41 MTM=518.00 Profit=0.08%
2026-07-16 12:40:42 INFO     strategy        PnL: 12:40:42 MTM=512.00 Profit=0.08%
2026-07-16 12:40:43 INFO     strategy        PnL: 12:40:43 MTM=516.00 Profit=0.08%
2026-07-16 12:40:44 INFO     strategy        PnL: 12:40:44 MTM=499.00 Profit=0.08%
2026-07-16 12:40:45 INFO     strategy        PnL: 12:40:45 MTM=525.00 Profit=0.08%
2026-07-16 12:40:46 INFO     strategy        PnL: 12:40:46 MTM=497.00 Profit=0.08%
2026-07-16 12:40:47 INFO     strategy        PnL: 12:40:47 MTM=492.00 Profit=0.08%
2026-07-16 12:40:48 INFO     strategy        PnL: 12:40:48 MTM=510.00 Profit=0.08%
2026-07-16 12:40:49 INFO     strategy        PnL: 12:40:49 MTM=499.00 Profit=0.08%
2026-07-16 12:40:50 INFO     strategy        PnL: 12:40:50 MTM=497.00 Profit=0.08%
2026-07-16 12:40:51 INFO     strategy        PnL: 12:40:51 MTM=503.00 Profit=0.08%
2026-07-16 12:40:52 INFO     strategy        PnL: 12:40:52 MTM=512.00 Profit=0.08%
2026-07-16 12:40:53 INFO     strategy        PnL: 12:40:53 MTM=499.00 Profit=0.08%
2026-07-16 12:40:54 INFO     strategy        PnL: 12:40:54 MTM=488.00 Profit=0.08%
2026-07-16 12:40:55 INFO     strategy        PnL: 12:40:55 MTM=514.00 Profit=0.08%
2026-07-16 12:40:56 INFO     strategy        PnL: 12:40:56 MTM=495.00 Profit=0.08%
2026-07-16 12:40:58 INFO     strategy        PnL: 12:40:58 MTM=522.00 Profit=0.08%
2026-07-16 12:40:59 INFO     strategy        PnL: 12:40:59 MTM=503.00 Profit=0.08%
2026-07-16 12:41:00 INFO     strategy        PnL: 12:41:00 MTM=508.00 Profit=0.08%
2026-07-16 12:41:01 INFO     strategy        PnL: 12:41:01 MTM=509.00 Profit=0.08%
2026-07-16 12:41:02 INFO     strategy        PnL: 12:41:02 MTM=489.00 Profit=0.08%
2026-07-16 12:41:03 INFO     strategy        PnL: 12:41:03 MTM=513.00 Profit=0.08%
2026-07-16 12:41:04 INFO     strategy        PnL: 12:41:04 MTM=500.00 Profit=0.08%
2026-07-16 12:41:05 INFO     strategy        PnL: 12:41:05 MTM=564.00 Profit=0.09%
2026-07-16 12:41:06 INFO     strategy        PnL: 12:41:06 MTM=506.00 Profit=0.08%
2026-07-16 12:41:07 INFO     strategy        PnL: 12:41:07 MTM=504.00 Profit=0.08%
2026-07-16 12:41:08 INFO     strategy        PnL: 12:41:08 MTM=493.00 Profit=0.08%
2026-07-16 12:41:09 INFO     strategy        PnL: 12:41:09 MTM=519.00 Profit=0.08%
2026-07-16 12:41:10 INFO     strategy        PnL: 12:41:10 MTM=499.00 Profit=0.08%
2026-07-16 12:41:11 INFO     strategy        PnL: 12:41:11 MTM=514.00 Profit=0.08%
2026-07-16 12:41:12 INFO     strategy        PnL: 12:41:12 MTM=510.00 Profit=0.08%
2026-07-16 12:41:13 INFO     strategy        PnL: 12:41:13 MTM=495.00 Profit=0.08%
2026-07-16 12:41:14 INFO     strategy        PnL: 12:41:14 MTM=502.00 Profit=0.08%
2026-07-16 12:41:15 INFO     strategy        PnL: 12:41:15 MTM=490.00 Profit=0.08%
2026-07-16 12:41:16 INFO     strategy        PnL: 12:41:16 MTM=504.00 Profit=0.08%
2026-07-16 12:41:17 INFO     strategy        PnL: 12:41:17 MTM=516.00 Profit=0.08%
2026-07-16 12:41:18 INFO     strategy        PnL: 12:41:18 MTM=529.00 Profit=0.08%
2026-07-16 12:41:19 INFO     strategy        PnL: 12:41:19 MTM=517.00 Profit=0.08%
2026-07-16 12:41:20 INFO     strategy        PnL: 12:41:20 MTM=524.00 Profit=0.08%
2026-07-16 12:41:21 INFO     strategy        PnL: 12:41:21 MTM=537.00 Profit=0.08%
2026-07-16 12:41:22 INFO     strategy        PnL: 12:41:22 MTM=521.00 Profit=0.08%
2026-07-16 12:41:23 INFO     strategy        PnL: 12:41:23 MTM=517.00 Profit=0.08%
2026-07-16 12:41:24 INFO     strategy        PnL: 12:41:24 MTM=524.00 Profit=0.08%
2026-07-16 12:41:25 INFO     strategy        PnL: 12:41:25 MTM=524.00 Profit=0.08%
2026-07-16 12:41:26 INFO     strategy        PnL: 12:41:26 MTM=519.00 Profit=0.08%
2026-07-16 12:41:27 INFO     strategy        PnL: 12:41:27 MTM=526.00 Profit=0.08%
2026-07-16 12:41:28 INFO     strategy        PnL: 12:41:28 MTM=522.00 Profit=0.08%
2026-07-16 12:41:29 INFO     strategy        PnL: 12:41:29 MTM=520.00 Profit=0.08%
2026-07-16 12:41:30 INFO     strategy        PnL: 12:41:30 MTM=507.00 Profit=0.08%
2026-07-16 12:41:31 INFO     strategy        PnL: 12:41:31 MTM=534.00 Profit=0.08%
2026-07-16 12:41:32 INFO     strategy        PnL: 12:41:32 MTM=525.00 Profit=0.08%
2026-07-16 12:41:33 INFO     strategy        PnL: 12:41:33 MTM=519.00 Profit=0.08%
2026-07-16 12:41:34 INFO     strategy        PnL: 12:41:34 MTM=523.00 Profit=0.08%
2026-07-16 12:41:35 INFO     strategy        PnL: 12:41:35 MTM=518.00 Profit=0.08%
2026-07-16 12:41:36 INFO     strategy        PnL: 12:41:36 MTM=517.00 Profit=0.08%
2026-07-16 12:41:37 INFO     strategy        PnL: 12:41:37 MTM=518.00 Profit=0.08%
2026-07-16 12:41:38 INFO     strategy        PnL: 12:41:38 MTM=517.00 Profit=0.08%
2026-07-16 12:41:39 INFO     strategy        PnL: 12:41:39 MTM=518.00 Profit=0.08%
2026-07-16 12:41:40 INFO     strategy        PnL: 12:41:40 MTM=526.00 Profit=0.08%
2026-07-16 12:41:41 INFO     strategy        PnL: 12:41:41 MTM=516.00 Profit=0.08%
2026-07-16 12:41:42 INFO     strategy        PnL: 12:41:42 MTM=516.00 Profit=0.08%
2026-07-16 12:41:43 INFO     strategy        PnL: 12:41:43 MTM=527.00 Profit=0.08%
2026-07-16 12:41:44 INFO     strategy        PnL: 12:41:44 MTM=526.00 Profit=0.08%
2026-07-16 12:41:45 INFO     strategy        PnL: 12:41:45 MTM=514.00 Profit=0.08%
2026-07-16 12:41:46 INFO     strategy        PnL: 12:41:46 MTM=527.00 Profit=0.08%
2026-07-16 12:41:47 INFO     strategy        PnL: 12:41:47 MTM=524.00 Profit=0.08%
2026-07-16 12:41:48 INFO     strategy        PnL: 12:41:48 MTM=503.00 Profit=0.08%
2026-07-16 12:41:49 INFO     strategy        PnL: 12:41:49 MTM=528.00 Profit=0.08%
2026-07-16 12:41:50 INFO     strategy        PnL: 12:41:50 MTM=521.00 Profit=0.08%
2026-07-16 12:41:51 INFO     strategy        PnL: 12:41:51 MTM=521.00 Profit=0.08%
2026-07-16 12:41:52 INFO     strategy        PnL: 12:41:52 MTM=545.00 Profit=0.08%
2026-07-16 12:41:53 INFO     strategy        PnL: 12:41:53 MTM=510.00 Profit=0.08%
2026-07-16 12:41:54 INFO     strategy        PnL: 12:41:54 MTM=522.00 Profit=0.08%
2026-07-16 12:41:55 INFO     strategy        PnL: 12:41:55 MTM=537.00 Profit=0.08%
2026-07-16 12:41:56 INFO     strategy        PnL: 12:41:56 MTM=543.00 Profit=0.08%
2026-07-16 12:41:57 INFO     strategy        PnL: 12:41:57 MTM=520.00 Profit=0.08%
2026-07-16 12:41:58 INFO     strategy        PnL: 12:41:58 MTM=522.00 Profit=0.08%
2026-07-16 12:41:59 INFO     strategy        PnL: 12:41:59 MTM=530.00 Profit=0.08%
2026-07-16 12:42:00 INFO     strategy        PnL: 12:42:00 MTM=545.00 Profit=0.08%
2026-07-16 12:42:01 INFO     strategy        PnL: 12:42:01 MTM=552.00 Profit=0.09%
2026-07-16 12:42:02 INFO     strategy        PnL: 12:42:02 MTM=537.00 Profit=0.08%
2026-07-16 12:42:03 INFO     strategy        PnL: 12:42:03 MTM=516.00 Profit=0.08%
2026-07-16 12:42:04 INFO     strategy        PnL: 12:42:04 MTM=532.00 Profit=0.08%
2026-07-16 12:42:05 INFO     strategy        PnL: 12:42:05 MTM=519.00 Profit=0.08%
2026-07-16 12:42:06 INFO     strategy        PnL: 12:42:06 MTM=514.00 Profit=0.08%
2026-07-16 12:42:07 INFO     strategy        PnL: 12:42:07 MTM=530.00 Profit=0.08%
2026-07-16 12:42:08 INFO     strategy        PnL: 12:42:08 MTM=523.00 Profit=0.08%
2026-07-16 12:42:09 INFO     strategy        PnL: 12:42:09 MTM=548.00 Profit=0.08%
2026-07-16 12:42:10 INFO     strategy        PnL: 12:42:10 MTM=542.00 Profit=0.08%
2026-07-16 12:42:11 INFO     strategy        PnL: 12:42:11 MTM=542.00 Profit=0.08%
2026-07-16 12:42:12 INFO     strategy        PnL: 12:42:12 MTM=539.00 Profit=0.08%
2026-07-16 12:42:13 INFO     strategy        PnL: 12:42:13 MTM=526.00 Profit=0.08%
2026-07-16 12:42:14 INFO     strategy        PnL: 12:42:14 MTM=520.00 Profit=0.08%
2026-07-16 12:42:15 INFO     strategy        PnL: 12:42:15 MTM=537.00 Profit=0.08%
2026-07-16 12:42:16 INFO     strategy        PnL: 12:42:16 MTM=539.00 Profit=0.08%
2026-07-16 12:42:17 INFO     strategy        PnL: 12:42:17 MTM=540.00 Profit=0.08%
2026-07-16 12:42:18 INFO     strategy        PnL: 12:42:18 MTM=520.00 Profit=0.08%
2026-07-16 12:42:19 INFO     strategy        PnL: 12:42:19 MTM=520.00 Profit=0.08%
2026-07-16 12:42:20 INFO     strategy        PnL: 12:42:20 MTM=555.00 Profit=0.09%
2026-07-16 12:42:21 INFO     strategy        PnL: 12:42:21 MTM=525.00 Profit=0.08%
2026-07-16 12:42:22 INFO     strategy        PnL: 12:42:22 MTM=542.00 Profit=0.08%
2026-07-16 12:42:23 INFO     strategy        PnL: 12:42:23 MTM=530.00 Profit=0.08%
2026-07-16 12:42:24 INFO     strategy        PnL: 12:42:24 MTM=556.00 Profit=0.09%
2026-07-16 12:42:25 INFO     strategy        PnL: 12:42:25 MTM=541.00 Profit=0.08%
2026-07-16 12:42:26 INFO     strategy        PnL: 12:42:26 MTM=538.00 Profit=0.08%
2026-07-16 12:42:27 INFO     strategy        PnL: 12:42:27 MTM=533.00 Profit=0.08%
2026-07-16 12:42:28 INFO     strategy        PnL: 12:42:28 MTM=541.00 Profit=0.08%
2026-07-16 12:42:29 INFO     strategy        PnL: 12:42:29 MTM=538.00 Profit=0.08%
2026-07-16 12:42:30 INFO     strategy        PnL: 12:42:30 MTM=543.00 Profit=0.08%
2026-07-16 12:42:31 INFO     strategy        PnL: 12:42:31 MTM=547.00 Profit=0.08%
2026-07-16 12:42:32 INFO     strategy        PnL: 12:42:32 MTM=552.00 Profit=0.09%
2026-07-16 12:42:33 INFO     strategy        PnL: 12:42:33 MTM=556.00 Profit=0.09%
2026-07-16 12:42:34 INFO     strategy        PnL: 12:42:34 MTM=548.00 Profit=0.08%
2026-07-16 12:42:35 INFO     strategy        PnL: 12:42:35 MTM=563.00 Profit=0.09%
2026-07-16 12:42:36 INFO     strategy        PnL: 12:42:36 MTM=547.00 Profit=0.08%
2026-07-16 12:42:37 INFO     strategy        PnL: 12:42:37 MTM=548.00 Profit=0.08%
2026-07-16 12:42:38 INFO     strategy        PnL: 12:42:38 MTM=536.00 Profit=0.08%
2026-07-16 12:42:39 INFO     strategy        PnL: 12:42:39 MTM=536.00 Profit=0.08%
2026-07-16 12:42:40 INFO     strategy        PnL: 12:42:40 MTM=536.00 Profit=0.08%
2026-07-16 12:42:42 INFO     strategy        PnL: 12:42:41 MTM=567.00 Profit=0.09%
2026-07-16 12:42:43 INFO     strategy        PnL: 12:42:43 MTM=564.00 Profit=0.09%
2026-07-16 12:42:44 INFO     strategy        PnL: 12:42:44 MTM=580.00 Profit=0.09%
2026-07-16 12:42:44 INFO     strategy        PnL: 12:42:44 MTM=543.00 Profit=0.08%
2026-07-16 12:42:46 INFO     strategy        PnL: 12:42:46 MTM=606.00 Profit=0.09%
2026-07-16 12:42:47 INFO     strategy        PnL: 12:42:47 MTM=575.00 Profit=0.09%
2026-07-16 12:42:48 INFO     strategy        PnL: 12:42:48 MTM=568.00 Profit=0.09%
2026-07-16 12:42:49 INFO     strategy        PnL: 12:42:49 MTM=585.00 Profit=0.09%
2026-07-16 12:42:50 INFO     strategy        PnL: 12:42:50 MTM=510.00 Profit=0.08%
2026-07-16 12:42:51 INFO     strategy        PnL: 12:42:51 MTM=585.00 Profit=0.09%
2026-07-16 12:42:52 INFO     strategy        PnL: 12:42:52 MTM=544.00 Profit=0.08%
2026-07-16 12:42:53 INFO     strategy        PnL: 12:42:53 MTM=545.00 Profit=0.08%
2026-07-16 12:42:54 INFO     strategy        PnL: 12:42:54 MTM=543.00 Profit=0.08%
2026-07-16 12:42:55 INFO     strategy        PnL: 12:42:55 MTM=608.00 Profit=0.09%
2026-07-16 12:42:56 INFO     strategy        PnL: 12:42:56 MTM=570.00 Profit=0.09%
2026-07-16 12:42:57 INFO     strategy        PnL: 12:42:57 MTM=574.00 Profit=0.09%
2026-07-16 12:42:58 INFO     strategy        PnL: 12:42:58 MTM=571.00 Profit=0.09%
2026-07-16 12:42:59 INFO     strategy        PnL: 12:42:59 MTM=593.00 Profit=0.09%
2026-07-16 12:43:00 INFO     strategy        PnL: 12:43:00 MTM=596.00 Profit=0.09%
2026-07-16 12:43:01 INFO     strategy        PnL: 12:43:01 MTM=574.00 Profit=0.09%
2026-07-16 12:43:02 INFO     strategy        PnL: 12:43:02 MTM=559.00 Profit=0.09%
2026-07-16 12:43:03 INFO     strategy        PnL: 12:43:03 MTM=570.00 Profit=0.09%
2026-07-16 12:43:04 INFO     strategy        PnL: 12:43:04 MTM=573.00 Profit=0.09%
2026-07-16 12:43:05 INFO     strategy        PnL: 12:43:05 MTM=589.00 Profit=0.09%
2026-07-16 12:43:06 INFO     strategy        PnL: 12:43:06 MTM=561.00 Profit=0.09%
2026-07-16 12:43:07 INFO     strategy        PnL: 12:43:07 MTM=570.00 Profit=0.09%
2026-07-16 12:43:08 INFO     strategy        PnL: 12:43:08 MTM=566.00 Profit=0.09%
2026-07-16 12:43:09 INFO     strategy        PnL: 12:43:09 MTM=587.00 Profit=0.09%
2026-07-16 12:43:10 INFO     strategy        PnL: 12:43:10 MTM=569.00 Profit=0.09%
2026-07-16 12:43:11 INFO     strategy        PnL: 12:43:11 MTM=585.00 Profit=0.09%
2026-07-16 12:43:12 INFO     strategy        PnL: 12:43:12 MTM=587.00 Profit=0.09%
2026-07-16 12:43:13 INFO     strategy        PnL: 12:43:13 MTM=567.00 Profit=0.09%
2026-07-16 12:43:14 INFO     strategy        PnL: 12:43:14 MTM=581.00 Profit=0.09%
2026-07-16 12:43:15 INFO     strategy        PnL: 12:43:15 MTM=548.00 Profit=0.08%
2026-07-16 12:43:16 INFO     strategy        PnL: 12:43:16 MTM=595.00 Profit=0.09%
2026-07-16 12:43:17 INFO     strategy        PnL: 12:43:17 MTM=588.00 Profit=0.09%
2026-07-16 12:43:18 INFO     strategy        PnL: 12:43:18 MTM=583.00 Profit=0.09%
2026-07-16 12:43:19 INFO     strategy        PnL: 12:43:19 MTM=584.00 Profit=0.09%
2026-07-16 12:43:20 INFO     strategy        PnL: 12:43:20 MTM=586.00 Profit=0.09%
2026-07-16 12:43:21 INFO     strategy        PnL: 12:43:21 MTM=578.00 Profit=0.09%
2026-07-16 12:43:22 INFO     strategy        PnL: 12:43:22 MTM=593.00 Profit=0.09%
2026-07-16 12:43:23 INFO     strategy        PnL: 12:43:23 MTM=568.00 Profit=0.09%
2026-07-16 12:43:24 INFO     strategy        PnL: 12:43:24 MTM=569.00 Profit=0.09%
2026-07-16 12:43:25 INFO     strategy        PnL: 12:43:25 MTM=588.00 Profit=0.09%
2026-07-16 12:43:26 INFO     strategy        PnL: 12:43:26 MTM=580.00 Profit=0.09%
2026-07-16 12:43:27 INFO     strategy        PnL: 12:43:27 MTM=589.00 Profit=0.09%
2026-07-16 12:43:28 INFO     strategy        PnL: 12:43:28 MTM=538.00 Profit=0.08%
2026-07-16 12:43:29 INFO     strategy        PnL: 12:43:29 MTM=607.00 Profit=0.09%
2026-07-16 12:43:30 INFO     strategy        PnL: 12:43:30 MTM=590.00 Profit=0.09%
2026-07-16 12:43:31 INFO     strategy        PnL: 12:43:31 MTM=671.00 Profit=0.10%
2026-07-16 12:43:32 INFO     strategy        PnL: 12:43:32 MTM=574.00 Profit=0.09%
2026-07-16 12:43:33 INFO     strategy        PnL: 12:43:33 MTM=629.00 Profit=0.10%
2026-07-16 12:43:34 INFO     strategy        PnL: 12:43:34 MTM=683.00 Profit=0.11%
2026-07-16 12:43:35 INFO     strategy        PnL: 12:43:35 MTM=574.00 Profit=0.09%
2026-07-16 12:43:36 INFO     strategy        PnL: 12:43:36 MTM=525.00 Profit=0.08%
2026-07-16 12:43:37 INFO     strategy        PnL: 12:43:37 MTM=592.00 Profit=0.09%
2026-07-16 12:43:38 INFO     strategy        PnL: 12:43:38 MTM=539.00 Profit=0.08%
2026-07-16 12:43:39 INFO     strategy        PnL: 12:43:39 MTM=562.00 Profit=0.09%
2026-07-16 12:43:40 INFO     strategy        PnL: 12:43:40 MTM=448.00 Profit=0.07%
2026-07-16 12:43:41 INFO     strategy        PnL: 12:43:41 MTM=543.00 Profit=0.08%
2026-07-16 12:43:42 INFO     strategy        PnL: 12:43:42 MTM=492.00 Profit=0.08%
2026-07-16 12:43:43 INFO     strategy        PnL: 12:43:43 MTM=506.00 Profit=0.08%
2026-07-16 12:43:44 INFO     strategy        PnL: 12:43:44 MTM=536.00 Profit=0.08%
2026-07-16 12:43:45 INFO     strategy        PnL: 12:43:45 MTM=600.00 Profit=0.09%
2026-07-16 12:43:46 INFO     strategy        PnL: 12:43:46 MTM=614.00 Profit=0.09%
2026-07-16 12:43:47 INFO     strategy        PnL: 12:43:47 MTM=566.00 Profit=0.09%
2026-07-16 12:43:48 INFO     strategy        PnL: 12:43:48 MTM=486.00 Profit=0.07%
2026-07-16 12:43:49 INFO     strategy        PnL: 12:43:49 MTM=539.00 Profit=0.08%
2026-07-16 12:43:50 INFO     strategy        PnL: 12:43:50 MTM=542.00 Profit=0.08%
2026-07-16 12:43:51 INFO     strategy        PnL: 12:43:51 MTM=568.00 Profit=0.09%
2026-07-16 12:43:52 INFO     strategy        PnL: 12:43:52 MTM=555.00 Profit=0.09%
2026-07-16 12:43:53 INFO     strategy        PnL: 12:43:53 MTM=527.00 Profit=0.08%
2026-07-16 12:43:54 INFO     strategy        PnL: 12:43:54 MTM=528.00 Profit=0.08%
2026-07-16 12:43:55 INFO     strategy        PnL: 12:43:55 MTM=522.00 Profit=0.08%
2026-07-16 12:43:56 INFO     strategy        PnL: 12:43:56 MTM=496.00 Profit=0.08%
2026-07-16 12:43:57 INFO     strategy        PnL: 12:43:57 MTM=533.00 Profit=0.08%
2026-07-16 12:43:58 INFO     strategy        PnL: 12:43:58 MTM=521.00 Profit=0.08%
2026-07-16 12:43:59 INFO     strategy        PnL: 12:43:59 MTM=556.00 Profit=0.09%
2026-07-16 12:44:00 INFO     strategy        PnL: 12:44:00 MTM=562.00 Profit=0.09%
2026-07-16 12:44:01 INFO     strategy        PnL: 12:44:01 MTM=573.00 Profit=0.09%
2026-07-16 12:44:02 INFO     strategy        PnL: 12:44:02 MTM=581.00 Profit=0.09%
2026-07-16 12:44:03 INFO     strategy        PnL: 12:44:03 MTM=575.00 Profit=0.09%
2026-07-16 12:44:04 INFO     strategy        PnL: 12:44:04 MTM=590.00 Profit=0.09%
2026-07-16 12:44:05 INFO     strategy        PnL: 12:44:05 MTM=562.00 Profit=0.09%
2026-07-16 12:44:06 INFO     strategy        PnL: 12:44:06 MTM=529.00 Profit=0.08%
2026-07-16 12:44:07 INFO     strategy        PnL: 12:44:07 MTM=524.00 Profit=0.08%
2026-07-16 12:44:08 INFO     strategy        PnL: 12:44:08 MTM=553.00 Profit=0.09%
2026-07-16 12:44:09 INFO     strategy        PnL: 12:44:09 MTM=559.00 Profit=0.09%
2026-07-16 12:44:10 INFO     strategy        PnL: 12:44:10 MTM=552.00 Profit=0.09%
2026-07-16 12:44:11 INFO     strategy        PnL: 12:44:11 MTM=592.00 Profit=0.09%
2026-07-16 12:44:12 INFO     strategy        PnL: 12:44:12 MTM=553.00 Profit=0.09%
2026-07-16 12:44:13 INFO     strategy        PnL: 12:44:13 MTM=547.00 Profit=0.08%
2026-07-16 12:44:14 INFO     strategy        PnL: 12:44:14 MTM=564.00 Profit=0.09%
2026-07-16 12:44:15 INFO     strategy        PnL: 12:44:15 MTM=582.00 Profit=0.09%
2026-07-16 12:44:16 INFO     strategy        PnL: 12:44:16 MTM=582.00 Profit=0.09%
2026-07-16 12:44:17 INFO     strategy        PnL: 12:44:17 MTM=607.00 Profit=0.09%
2026-07-16 12:44:19 INFO     strategy        PnL: 12:44:19 MTM=582.00 Profit=0.09%
2026-07-16 12:44:20 INFO     strategy        PnL: 12:44:20 MTM=541.00 Profit=0.08%
2026-07-16 12:44:21 INFO     strategy        PnL: 12:44:21 MTM=583.00 Profit=0.09%
2026-07-16 12:44:22 INFO     strategy        PnL: 12:44:22 MTM=602.00 Profit=0.09%
2026-07-16 12:44:23 INFO     strategy        PnL: 12:44:23 MTM=609.00 Profit=0.09%
2026-07-16 12:44:24 INFO     strategy        PnL: 12:44:24 MTM=605.00 Profit=0.09%
2026-07-16 12:44:25 INFO     strategy        PnL: 12:44:25 MTM=607.00 Profit=0.09%
2026-07-16 12:44:26 INFO     strategy        PnL: 12:44:26 MTM=590.00 Profit=0.09%
2026-07-16 12:44:27 INFO     strategy        PnL: 12:44:27 MTM=609.00 Profit=0.09%
2026-07-16 12:44:28 INFO     strategy        PnL: 12:44:28 MTM=596.00 Profit=0.09%
2026-07-16 12:44:29 INFO     strategy        PnL: 12:44:29 MTM=607.00 Profit=0.09%
2026-07-16 12:44:30 INFO     strategy        PnL: 12:44:30 MTM=616.00 Profit=0.09%
2026-07-16 12:44:31 INFO     strategy        PnL: 12:44:31 MTM=601.00 Profit=0.09%
2026-07-16 12:44:32 INFO     strategy        PnL: 12:44:32 MTM=616.00 Profit=0.09%
2026-07-16 12:44:33 INFO     strategy        PnL: 12:44:33 MTM=597.00 Profit=0.09%
2026-07-16 12:44:34 INFO     strategy        PnL: 12:44:34 MTM=566.00 Profit=0.09%
2026-07-16 12:44:35 INFO     strategy        PnL: 12:44:35 MTM=605.00 Profit=0.09%
2026-07-16 12:44:36 INFO     strategy        PnL: 12:44:36 MTM=622.00 Profit=0.10%
2026-07-16 12:44:37 INFO     strategy        PnL: 12:44:37 MTM=599.00 Profit=0.09%
2026-07-16 12:44:38 INFO     strategy        PnL: 12:44:38 MTM=619.00 Profit=0.10%
2026-07-16 12:44:39 INFO     strategy        PnL: 12:44:39 MTM=605.00 Profit=0.09%
2026-07-16 12:44:40 INFO     strategy        PnL: 12:44:40 MTM=585.00 Profit=0.09%
2026-07-16 12:44:41 INFO     strategy        PnL: 12:44:41 MTM=601.00 Profit=0.09%
2026-07-16 12:44:42 INFO     strategy        PnL: 12:44:42 MTM=642.00 Profit=0.10%
2026-07-16 12:44:43 INFO     strategy        PnL: 12:44:43 MTM=617.00 Profit=0.10%
2026-07-16 12:44:44 INFO     strategy        PnL: 12:44:44 MTM=586.00 Profit=0.09%
2026-07-16 12:44:45 INFO     strategy        PnL: 12:44:45 MTM=583.00 Profit=0.09%
2026-07-16 12:44:46 INFO     strategy        PnL: 12:44:46 MTM=572.00 Profit=0.09%
2026-07-16 12:44:47 INFO     strategy        PnL: 12:44:47 MTM=594.00 Profit=0.09%
2026-07-16 12:44:48 INFO     strategy        PnL: 12:44:48 MTM=587.00 Profit=0.09%
2026-07-16 12:44:49 INFO     strategy        PnL: 12:44:49 MTM=580.00 Profit=0.09%
2026-07-16 12:44:50 INFO     strategy        PnL: 12:44:50 MTM=599.00 Profit=0.09%
2026-07-16 12:44:51 INFO     strategy        PnL: 12:44:51 MTM=606.00 Profit=0.09%
2026-07-16 12:44:52 INFO     strategy        PnL: 12:44:52 MTM=607.00 Profit=0.09%
2026-07-16 12:44:53 INFO     strategy        PnL: 12:44:53 MTM=607.00 Profit=0.09%
2026-07-16 12:44:54 INFO     strategy        PnL: 12:44:54 MTM=599.00 Profit=0.09%
2026-07-16 12:44:55 INFO     strategy        PnL: 12:44:55 MTM=605.00 Profit=0.09%
2026-07-16 12:44:56 INFO     strategy        PnL: 12:44:56 MTM=608.00 Profit=0.09%
2026-07-16 12:44:57 INFO     strategy        PnL: 12:44:57 MTM=613.00 Profit=0.09%
2026-07-16 12:44:58 INFO     strategy        PnL: 12:44:58 MTM=598.00 Profit=0.09%
2026-07-16 12:44:59 INFO     strategy        PnL: 12:44:59 MTM=617.00 Profit=0.10%
2026-07-16 12:45:00 INFO     strategy        PnL: 12:45:00 MTM=595.00 Profit=0.09%
2026-07-16 12:45:01 INFO     strategy        PnL: 12:45:01 MTM=623.00 Profit=0.10%
2026-07-16 12:45:02 INFO     strategy        PnL: 12:45:02 MTM=623.00 Profit=0.10%
2026-07-16 12:45:03 INFO     strategy        PnL: 12:45:03 MTM=600.00 Profit=0.09%
2026-07-16 12:45:04 INFO     strategy        PnL: 12:45:04 MTM=579.00 Profit=0.09%
2026-07-16 12:45:05 INFO     strategy        PnL: 12:45:05 MTM=611.00 Profit=0.09%
2026-07-16 12:45:06 INFO     strategy        PnL: 12:45:06 MTM=605.00 Profit=0.09%
2026-07-16 12:45:07 INFO     strategy        PnL: 12:45:07 MTM=593.00 Profit=0.09%
2026-07-16 12:45:08 INFO     strategy        PnL: 12:45:08 MTM=602.00 Profit=0.09%
2026-07-16 12:45:09 INFO     strategy        PnL: 12:45:09 MTM=599.00 Profit=0.09%
2026-07-16 12:45:10 INFO     strategy        PnL: 12:45:10 MTM=598.00 Profit=0.09%
2026-07-16 12:45:11 INFO     strategy        PnL: 12:45:11 MTM=579.00 Profit=0.09%
2026-07-16 12:45:12 INFO     strategy        PnL: 12:45:12 MTM=591.00 Profit=0.09%
2026-07-16 12:45:13 INFO     strategy        PnL: 12:45:13 MTM=598.00 Profit=0.09%
2026-07-16 12:45:14 INFO     strategy        PnL: 12:45:14 MTM=588.00 Profit=0.09%
2026-07-16 12:45:15 INFO     strategy        PnL: 12:45:15 MTM=556.00 Profit=0.09%
2026-07-16 12:45:16 INFO     strategy        PnL: 12:45:16 MTM=582.00 Profit=0.09%
2026-07-16 12:45:17 INFO     strategy        PnL: 12:45:17 MTM=570.00 Profit=0.09%
2026-07-16 12:45:18 INFO     strategy        PnL: 12:45:18 MTM=573.00 Profit=0.09%
2026-07-16 12:45:19 INFO     strategy        PnL: 12:45:19 MTM=555.00 Profit=0.09%
2026-07-16 12:45:20 INFO     strategy        PnL: 12:45:20 MTM=572.00 Profit=0.09%
2026-07-16 12:45:21 INFO     strategy        PnL: 12:45:21 MTM=576.00 Profit=0.09%
2026-07-16 12:45:22 INFO     strategy        PnL: 12:45:22 MTM=576.00 Profit=0.09%
2026-07-16 12:45:23 INFO     strategy        PnL: 12:45:23 MTM=589.00 Profit=0.09%
2026-07-16 12:45:24 INFO     strategy        PnL: 12:45:24 MTM=593.00 Profit=0.09%
2026-07-16 12:45:25 INFO     strategy        PnL: 12:45:25 MTM=590.00 Profit=0.09%
2026-07-16 12:45:26 INFO     strategy        PnL: 12:45:26 MTM=630.00 Profit=0.10%
2026-07-16 12:45:27 INFO     strategy        PnL: 12:45:27 MTM=604.00 Profit=0.09%
2026-07-16 12:45:28 INFO     strategy        PnL: 12:45:28 MTM=609.00 Profit=0.09%
2026-07-16 12:45:29 INFO     strategy        PnL: 12:45:29 MTM=610.00 Profit=0.09%
2026-07-16 12:45:30 INFO     strategy        PnL: 12:45:30 MTM=587.00 Profit=0.09%
2026-07-16 12:45:31 INFO     strategy        PnL: 12:45:31 MTM=594.00 Profit=0.09%
2026-07-16 12:45:32 INFO     strategy        PnL: 12:45:32 MTM=613.00 Profit=0.09%
2026-07-16 12:45:33 INFO     strategy        PnL: 12:45:33 MTM=602.00 Profit=0.09%
2026-07-16 12:45:34 INFO     strategy        PnL: 12:45:34 MTM=589.00 Profit=0.09%
2026-07-16 12:45:35 INFO     strategy        PnL: 12:45:35 MTM=597.00 Profit=0.09%
2026-07-16 12:45:36 INFO     strategy        PnL: 12:45:36 MTM=630.00 Profit=0.10%
2026-07-16 12:45:37 INFO     strategy        PnL: 12:45:37 MTM=581.00 Profit=0.09%
2026-07-16 12:45:38 INFO     strategy        PnL: 12:45:38 MTM=613.00 Profit=0.09%
2026-07-16 12:45:39 INFO     strategy        PnL: 12:45:39 MTM=585.00 Profit=0.09%
2026-07-16 12:45:40 INFO     strategy        PnL: 12:45:40 MTM=591.00 Profit=0.09%
2026-07-16 12:45:41 INFO     strategy        PnL: 12:45:41 MTM=614.00 Profit=0.09%
2026-07-16 12:45:42 INFO     strategy        PnL: 12:45:42 MTM=587.00 Profit=0.09%
2026-07-16 12:45:43 INFO     strategy        PnL: 12:45:43 MTM=616.00 Profit=0.09%
2026-07-16 12:45:44 INFO     strategy        PnL: 12:45:44 MTM=608.00 Profit=0.09%
2026-07-16 12:45:45 INFO     strategy        PnL: 12:45:45 MTM=603.00 Profit=0.09%
2026-07-16 12:45:46 INFO     strategy        PnL: 12:45:46 MTM=639.00 Profit=0.10%
2026-07-16 12:45:47 INFO     strategy        PnL: 12:45:47 MTM=613.00 Profit=0.09%
2026-07-16 12:45:48 INFO     strategy        PnL: 12:45:48 MTM=598.00 Profit=0.09%
2026-07-16 12:45:50 INFO     strategy        PnL: 12:45:49 MTM=589.00 Profit=0.09%
2026-07-16 12:45:51 INFO     strategy        PnL: 12:45:51 MTM=593.00 Profit=0.09%
2026-07-16 12:45:52 INFO     strategy        PnL: 12:45:52 MTM=609.00 Profit=0.09%
2026-07-16 12:45:53 INFO     strategy        PnL: 12:45:53 MTM=599.00 Profit=0.09%
2026-07-16 12:45:54 INFO     strategy        PnL: 12:45:54 MTM=614.00 Profit=0.09%
2026-07-16 12:45:55 INFO     strategy        PnL: 12:45:55 MTM=600.00 Profit=0.09%
2026-07-16 12:45:56 INFO     strategy        PnL: 12:45:56 MTM=612.00 Profit=0.09%
2026-07-16 12:45:57 INFO     strategy        PnL: 12:45:57 MTM=589.00 Profit=0.09%
2026-07-16 12:45:58 INFO     strategy        PnL: 12:45:58 MTM=594.00 Profit=0.09%
2026-07-16 12:45:59 INFO     strategy        PnL: 12:45:59 MTM=620.00 Profit=0.10%
2026-07-16 12:46:00 INFO     strategy        PnL: 12:46:00 MTM=589.00 Profit=0.09%
2026-07-16 12:46:01 INFO     strategy        PnL: 12:46:01 MTM=612.00 Profit=0.09%
2026-07-16 12:46:02 INFO     strategy        PnL: 12:46:02 MTM=596.00 Profit=0.09%
2026-07-16 12:46:03 INFO     strategy        PnL: 12:46:03 MTM=601.00 Profit=0.09%
2026-07-16 12:46:04 INFO     strategy        PnL: 12:46:04 MTM=603.00 Profit=0.09%
2026-07-16 12:46:05 INFO     strategy        PnL: 12:46:05 MTM=602.00 Profit=0.09%
2026-07-16 12:46:06 INFO     strategy        PnL: 12:46:06 MTM=624.00 Profit=0.10%
2026-07-16 12:46:07 INFO     strategy        PnL: 12:46:07 MTM=626.00 Profit=0.10%
2026-07-16 12:46:08 INFO     strategy        PnL: 12:46:08 MTM=605.00 Profit=0.09%
2026-07-16 12:46:09 INFO     strategy        PnL: 12:46:09 MTM=597.00 Profit=0.09%
2026-07-16 12:46:10 INFO     strategy        PnL: 12:46:10 MTM=609.00 Profit=0.09%
2026-07-16 12:46:11 INFO     strategy        PnL: 12:46:11 MTM=603.00 Profit=0.09%
2026-07-16 12:46:12 INFO     strategy        PnL: 12:46:12 MTM=619.00 Profit=0.10%
2026-07-16 12:46:13 INFO     strategy        PnL: 12:46:13 MTM=628.00 Profit=0.10%
2026-07-16 12:46:14 INFO     strategy        PnL: 12:46:14 MTM=611.00 Profit=0.09%
2026-07-16 12:46:15 INFO     strategy        PnL: 12:46:15 MTM=610.00 Profit=0.09%
2026-07-16 12:46:16 INFO     strategy        PnL: 12:46:16 MTM=618.00 Profit=0.10%
2026-07-16 12:46:17 INFO     strategy        PnL: 12:46:17 MTM=605.00 Profit=0.09%
2026-07-16 12:46:18 INFO     strategy        PnL: 12:46:18 MTM=611.00 Profit=0.09%
2026-07-16 12:46:19 INFO     strategy        PnL: 12:46:19 MTM=599.00 Profit=0.09%
2026-07-16 12:46:20 INFO     strategy        PnL: 12:46:20 MTM=611.00 Profit=0.09%
2026-07-16 12:46:21 INFO     strategy        PnL: 12:46:21 MTM=617.00 Profit=0.10%
2026-07-16 12:46:22 INFO     strategy        PnL: 12:46:22 MTM=615.00 Profit=0.09%
2026-07-16 12:46:23 INFO     strategy        PnL: 12:46:23 MTM=622.00 Profit=0.10%
2026-07-16 12:46:24 INFO     strategy        PnL: 12:46:24 MTM=614.00 Profit=0.09%
2026-07-16 12:46:25 INFO     strategy        PnL: 12:46:25 MTM=594.00 Profit=0.09%
2026-07-16 12:46:26 INFO     strategy        PnL: 12:46:26 MTM=613.00 Profit=0.09%
2026-07-16 12:46:27 INFO     strategy        PnL: 12:46:27 MTM=620.00 Profit=0.10%
2026-07-16 12:46:28 INFO     strategy        PnL: 12:46:28 MTM=609.00 Profit=0.09%
2026-07-16 12:46:29 INFO     strategy        PnL: 12:46:29 MTM=611.00 Profit=0.09%
2026-07-16 12:46:30 INFO     strategy        PnL: 12:46:30 MTM=588.00 Profit=0.09%
2026-07-16 12:46:31 INFO     strategy        PnL: 12:46:31 MTM=612.00 Profit=0.09%
2026-07-16 12:46:32 INFO     strategy        PnL: 12:46:32 MTM=607.00 Profit=0.09%
2026-07-16 12:46:33 INFO     strategy        PnL: 12:46:33 MTM=612.00 Profit=0.09%
2026-07-16 12:46:34 INFO     strategy        PnL: 12:46:34 MTM=640.00 Profit=0.10%
2026-07-16 12:46:35 INFO     strategy        PnL: 12:46:35 MTM=606.00 Profit=0.09%
2026-07-16 12:46:36 INFO     strategy        PnL: 12:46:36 MTM=624.00 Profit=0.10%
2026-07-16 12:46:37 INFO     strategy        PnL: 12:46:37 MTM=613.00 Profit=0.09%
2026-07-16 12:46:38 INFO     strategy        PnL: 12:46:38 MTM=616.00 Profit=0.09%
2026-07-16 12:46:39 INFO     strategy        PnL: 12:46:39 MTM=620.00 Profit=0.10%
2026-07-16 12:46:40 INFO     strategy        PnL: 12:46:40 MTM=619.00 Profit=0.10%
2026-07-16 12:46:41 INFO     strategy        PnL: 12:46:41 MTM=621.00 Profit=0.10%
2026-07-16 12:46:42 INFO     strategy        PnL: 12:46:42 MTM=615.00 Profit=0.09%
2026-07-16 12:46:43 INFO     strategy        PnL: 12:46:43 MTM=614.00 Profit=0.09%
2026-07-16 12:46:44 INFO     strategy        PnL: 12:46:44 MTM=607.00 Profit=0.09%
2026-07-16 12:46:45 INFO     strategy        PnL: 12:46:45 MTM=620.00 Profit=0.10%
2026-07-16 12:46:46 INFO     strategy        PnL: 12:46:46 MTM=610.00 Profit=0.09%
2026-07-16 12:46:47 INFO     strategy        PnL: 12:46:47 MTM=607.00 Profit=0.09%
2026-07-16 12:46:48 INFO     strategy        PnL: 12:46:48 MTM=632.00 Profit=0.10%
2026-07-16 12:46:49 INFO     strategy        PnL: 12:46:49 MTM=615.00 Profit=0.09%
2026-07-16 12:46:50 INFO     strategy        PnL: 12:46:50 MTM=614.00 Profit=0.09%
2026-07-16 12:46:51 INFO     strategy        PnL: 12:46:51 MTM=639.00 Profit=0.10%
2026-07-16 12:46:52 INFO     strategy        PnL: 12:46:52 MTM=597.00 Profit=0.09%
2026-07-16 12:46:53 INFO     strategy        PnL: 12:46:53 MTM=610.00 Profit=0.09%
2026-07-16 12:46:54 INFO     strategy        PnL: 12:46:54 MTM=606.00 Profit=0.09%
2026-07-16 12:46:55 INFO     strategy        PnL: 12:46:55 MTM=617.00 Profit=0.10%
2026-07-16 12:46:56 INFO     strategy        PnL: 12:46:56 MTM=629.00 Profit=0.10%
2026-07-16 12:46:57 INFO     strategy        PnL: 12:46:57 MTM=618.00 Profit=0.10%
2026-07-16 12:46:58 INFO     strategy        PnL: 12:46:58 MTM=648.00 Profit=0.10%
2026-07-16 12:46:59 INFO     strategy        PnL: 12:46:59 MTM=626.00 Profit=0.10%
2026-07-16 12:47:00 INFO     strategy        PnL: 12:47:00 MTM=545.00 Profit=0.08%
2026-07-16 12:47:01 INFO     strategy        PnL: 12:47:01 MTM=613.00 Profit=0.09%
2026-07-16 12:47:02 INFO     strategy        PnL: 12:47:02 MTM=631.00 Profit=0.10%
2026-07-16 12:47:03 INFO     strategy        PnL: 12:47:03 MTM=583.00 Profit=0.09%
2026-07-16 12:47:04 INFO     strategy        PnL: 12:47:04 MTM=558.00 Profit=0.09%
2026-07-16 12:47:05 INFO     strategy        PnL: 12:47:05 MTM=603.00 Profit=0.09%
2026-07-16 12:47:06 INFO     strategy        PnL: 12:47:06 MTM=612.00 Profit=0.09%
2026-07-16 12:47:07 INFO     strategy        PnL: 12:47:07 MTM=589.00 Profit=0.09%
2026-07-16 12:47:08 INFO     strategy        PnL: 12:47:08 MTM=593.00 Profit=0.09%
2026-07-16 12:47:09 INFO     strategy        PnL: 12:47:09 MTM=608.00 Profit=0.09%
2026-07-16 12:47:10 INFO     strategy        PnL: 12:47:10 MTM=614.00 Profit=0.09%
2026-07-16 12:47:11 INFO     strategy        PnL: 12:47:11 MTM=591.00 Profit=0.09%
2026-07-16 12:47:12 INFO     strategy        PnL: 12:47:12 MTM=593.00 Profit=0.09%
2026-07-16 12:47:13 INFO     strategy        PnL: 12:47:13 MTM=583.00 Profit=0.09%
2026-07-16 12:47:14 INFO     strategy        PnL: 12:47:14 MTM=599.00 Profit=0.09%
2026-07-16 12:47:15 INFO     strategy        PnL: 12:47:15 MTM=558.00 Profit=0.09%
2026-07-16 12:47:16 INFO     strategy        PnL: 12:47:16 MTM=584.00 Profit=0.09%
2026-07-16 12:47:17 INFO     strategy        PnL: 12:47:17 MTM=599.00 Profit=0.09%
2026-07-16 12:47:18 INFO     strategy        PnL: 12:47:18 MTM=579.00 Profit=0.09%
2026-07-16 12:47:19 INFO     strategy        PnL: 12:47:19 MTM=586.00 Profit=0.09%
2026-07-16 12:47:20 INFO     strategy        PnL: 12:47:20 MTM=585.00 Profit=0.09%
2026-07-16 12:47:21 INFO     strategy        PnL: 12:47:21 MTM=597.00 Profit=0.09%
2026-07-16 12:47:23 INFO     strategy        PnL: 12:47:23 MTM=615.00 Profit=0.09%
2026-07-16 12:47:24 INFO     strategy        PnL: 12:47:24 MTM=602.00 Profit=0.09%
2026-07-16 12:47:25 INFO     strategy        PnL: 12:47:25 MTM=576.00 Profit=0.09%
2026-07-16 12:47:26 INFO     strategy        PnL: 12:47:26 MTM=598.00 Profit=0.09%
2026-07-16 12:47:27 INFO     strategy        PnL: 12:47:27 MTM=609.00 Profit=0.09%
2026-07-16 12:47:28 INFO     strategy        PnL: 12:47:28 MTM=619.00 Profit=0.10%
2026-07-16 12:47:29 INFO     strategy        PnL: 12:47:29 MTM=597.00 Profit=0.09%
2026-07-16 12:47:30 INFO     strategy        PnL: 12:47:30 MTM=594.00 Profit=0.09%
2026-07-16 12:47:31 INFO     strategy        PnL: 12:47:31 MTM=612.00 Profit=0.09%
2026-07-16 12:47:32 INFO     strategy        PnL: 12:47:32 MTM=596.00 Profit=0.09%
2026-07-16 12:47:33 INFO     strategy        PnL: 12:47:33 MTM=604.00 Profit=0.09%
2026-07-16 12:47:34 INFO     strategy        PnL: 12:47:34 MTM=585.00 Profit=0.09%
2026-07-16 12:47:35 INFO     strategy        PnL: 12:47:35 MTM=620.00 Profit=0.10%
2026-07-16 12:47:36 INFO     strategy        PnL: 12:47:36 MTM=607.00 Profit=0.09%
2026-07-16 12:47:37 INFO     strategy        PnL: 12:47:37 MTM=587.00 Profit=0.09%
2026-07-16 12:47:38 INFO     strategy        PnL: 12:47:38 MTM=586.00 Profit=0.09%
2026-07-16 12:47:39 INFO     strategy        PnL: 12:47:39 MTM=614.00 Profit=0.09%
2026-07-16 12:47:40 INFO     strategy        PnL: 12:47:40 MTM=589.00 Profit=0.09%
2026-07-16 12:47:41 INFO     strategy        PnL: 12:47:41 MTM=616.00 Profit=0.09%
2026-07-16 12:47:42 INFO     strategy        PnL: 12:47:42 MTM=606.00 Profit=0.09%
2026-07-16 12:47:43 INFO     strategy        PnL: 12:47:43 MTM=612.00 Profit=0.09%
2026-07-16 12:47:44 INFO     strategy        PnL: 12:47:44 MTM=609.00 Profit=0.09%
2026-07-16 12:47:45 INFO     strategy        PnL: 12:47:45 MTM=593.00 Profit=0.09%
2026-07-16 12:47:46 INFO     strategy        PnL: 12:47:46 MTM=596.00 Profit=0.09%
2026-07-16 12:47:47 INFO     strategy        PnL: 12:47:47 MTM=599.00 Profit=0.09%
2026-07-16 12:47:48 INFO     strategy        PnL: 12:47:48 MTM=601.00 Profit=0.09%
2026-07-16 12:47:49 INFO     strategy        PnL: 12:47:49 MTM=597.00 Profit=0.09%
2026-07-16 12:47:50 INFO     strategy        PnL: 12:47:50 MTM=594.00 Profit=0.09%
2026-07-16 12:47:51 INFO     strategy        PnL: 12:47:51 MTM=602.00 Profit=0.09%
2026-07-16 12:47:52 INFO     strategy        PnL: 12:47:52 MTM=600.00 Profit=0.09%
2026-07-16 12:47:53 INFO     strategy        PnL: 12:47:53 MTM=623.00 Profit=0.10%
2026-07-16 12:47:54 INFO     strategy        PnL: 12:47:54 MTM=624.00 Profit=0.10%
2026-07-16 12:47:55 INFO     strategy        PnL: 12:47:55 MTM=607.00 Profit=0.09%
2026-07-16 12:47:56 INFO     strategy        PnL: 12:47:56 MTM=594.00 Profit=0.09%
2026-07-16 12:47:57 INFO     strategy        PnL: 12:47:57 MTM=605.00 Profit=0.09%
2026-07-16 12:47:58 INFO     strategy        PnL: 12:47:58 MTM=597.00 Profit=0.09%
2026-07-16 12:47:59 INFO     strategy        PnL: 12:47:59 MTM=595.00 Profit=0.09%
2026-07-16 12:48:00 INFO     strategy        PnL: 12:48:00 MTM=613.00 Profit=0.09%
2026-07-16 12:48:01 INFO     strategy        PnL: 12:48:01 MTM=559.00 Profit=0.09%
2026-07-16 12:48:02 INFO     strategy        PnL: 12:48:02 MTM=605.00 Profit=0.09%
2026-07-16 12:48:03 INFO     strategy        PnL: 12:48:03 MTM=595.00 Profit=0.09%
2026-07-16 12:48:04 INFO     strategy        PnL: 12:48:04 MTM=622.00 Profit=0.10%
2026-07-16 12:48:05 INFO     strategy        PnL: 12:48:05 MTM=615.00 Profit=0.09%
2026-07-16 12:48:06 INFO     strategy        PnL: 12:48:06 MTM=608.00 Profit=0.09%
2026-07-16 12:48:07 INFO     strategy        PnL: 12:48:07 MTM=614.00 Profit=0.09%
2026-07-16 12:48:08 INFO     strategy        PnL: 12:48:08 MTM=618.00 Profit=0.10%
2026-07-16 12:48:09 INFO     strategy        PnL: 12:48:09 MTM=615.00 Profit=0.09%
2026-07-16 12:48:10 INFO     strategy        PnL: 12:48:10 MTM=605.00 Profit=0.09%
2026-07-16 12:48:11 INFO     strategy        PnL: 12:48:11 MTM=608.00 Profit=0.09%
2026-07-16 12:48:12 INFO     strategy        PnL: 12:48:12 MTM=606.00 Profit=0.09%
2026-07-16 12:48:13 INFO     strategy        PnL: 12:48:13 MTM=608.00 Profit=0.09%
2026-07-16 12:48:14 INFO     strategy        PnL: 12:48:14 MTM=601.00 Profit=0.09%
2026-07-16 12:48:15 INFO     strategy        PnL: 12:48:15 MTM=598.00 Profit=0.09%
2026-07-16 12:48:16 INFO     strategy        PnL: 12:48:16 MTM=599.00 Profit=0.09%
2026-07-16 12:48:17 INFO     strategy        PnL: 12:48:17 MTM=608.00 Profit=0.09%
2026-07-16 12:48:18 INFO     strategy        PnL: 12:48:18 MTM=604.00 Profit=0.09%
2026-07-16 12:48:19 INFO     strategy        PnL: 12:48:19 MTM=601.00 Profit=0.09%
2026-07-16 12:48:20 INFO     strategy        PnL: 12:48:20 MTM=609.00 Profit=0.09%
2026-07-16 12:48:21 INFO     strategy        PnL: 12:48:21 MTM=583.00 Profit=0.09%
2026-07-16 12:48:22 INFO     strategy        PnL: 12:48:22 MTM=583.00 Profit=0.09%
2026-07-16 12:48:23 INFO     strategy        PnL: 12:48:23 MTM=587.00 Profit=0.09%
2026-07-16 12:48:24 INFO     strategy        PnL: 12:48:24 MTM=588.00 Profit=0.09%
2026-07-16 12:48:25 INFO     strategy        PnL: 12:48:25 MTM=597.00 Profit=0.09%
2026-07-16 12:48:26 INFO     strategy        PnL: 12:48:26 MTM=574.00 Profit=0.09%
2026-07-16 12:48:27 INFO     strategy        PnL: 12:48:27 MTM=578.00 Profit=0.09%
2026-07-16 12:48:28 INFO     strategy        PnL: 12:48:28 MTM=600.00 Profit=0.09%
2026-07-16 12:48:29 INFO     strategy        PnL: 12:48:29 MTM=565.00 Profit=0.09%
2026-07-16 12:48:30 INFO     strategy        PnL: 12:48:30 MTM=598.00 Profit=0.09%
2026-07-16 12:48:31 INFO     strategy        PnL: 12:48:31 MTM=592.00 Profit=0.09%
2026-07-16 12:48:32 INFO     strategy        PnL: 12:48:32 MTM=592.00 Profit=0.09%
2026-07-16 12:48:33 INFO     strategy        PnL: 12:48:33 MTM=595.00 Profit=0.09%
2026-07-16 12:48:34 INFO     strategy        PnL: 12:48:34 MTM=584.00 Profit=0.09%
2026-07-16 12:48:35 INFO     strategy        PnL: 12:48:35 MTM=594.00 Profit=0.09%
2026-07-16 12:48:36 INFO     strategy        PnL: 12:48:36 MTM=580.00 Profit=0.09%
2026-07-16 12:48:37 INFO     strategy        PnL: 12:48:37 MTM=592.00 Profit=0.09%
2026-07-16 12:48:38 INFO     strategy        PnL: 12:48:38 MTM=585.00 Profit=0.09%
2026-07-16 12:48:39 INFO     strategy        PnL: 12:48:39 MTM=612.00 Profit=0.09%
2026-07-16 12:48:40 INFO     strategy        PnL: 12:48:40 MTM=600.00 Profit=0.09%
2026-07-16 12:48:41 INFO     strategy        PnL: 12:48:41 MTM=601.00 Profit=0.09%
2026-07-16 12:48:42 INFO     strategy        PnL: 12:48:42 MTM=587.00 Profit=0.09%
2026-07-16 12:48:43 INFO     strategy        PnL: 12:48:43 MTM=608.00 Profit=0.09%
2026-07-16 12:48:44 INFO     strategy        PnL: 12:48:44 MTM=589.00 Profit=0.09%
2026-07-16 12:48:45 INFO     strategy        PnL: 12:48:45 MTM=587.00 Profit=0.09%
2026-07-16 12:48:47 INFO     strategy        PnL: 12:48:47 MTM=595.00 Profit=0.09%
2026-07-16 12:48:48 INFO     strategy        PnL: 12:48:48 MTM=576.00 Profit=0.09%
2026-07-16 12:48:49 INFO     strategy        PnL: 12:48:49 MTM=573.00 Profit=0.09%
2026-07-16 12:48:50 INFO     strategy        PnL: 12:48:50 MTM=571.00 Profit=0.09%
2026-07-16 12:48:51 INFO     strategy        PnL: 12:48:51 MTM=611.00 Profit=0.09%
2026-07-16 12:48:52 INFO     strategy        PnL: 12:48:52 MTM=566.00 Profit=0.09%
2026-07-16 12:48:53 INFO     strategy        PnL: 12:48:53 MTM=605.00 Profit=0.09%
2026-07-16 12:48:54 INFO     strategy        PnL: 12:48:54 MTM=565.00 Profit=0.09%
2026-07-16 12:48:55 INFO     strategy        PnL: 12:48:55 MTM=603.00 Profit=0.09%
2026-07-16 12:48:56 INFO     strategy        PnL: 12:48:56 MTM=619.00 Profit=0.10%
2026-07-16 12:48:57 INFO     strategy        PnL: 12:48:57 MTM=594.00 Profit=0.09%
2026-07-16 12:48:58 INFO     strategy        PnL: 12:48:58 MTM=590.00 Profit=0.09%
2026-07-16 12:48:59 INFO     strategy        PnL: 12:48:59 MTM=601.00 Profit=0.09%
2026-07-16 12:49:00 INFO     strategy        PnL: 12:49:00 MTM=583.00 Profit=0.09%
2026-07-16 12:49:01 INFO     strategy        PnL: 12:49:01 MTM=578.00 Profit=0.09%
2026-07-16 12:49:02 INFO     strategy        PnL: 12:49:02 MTM=593.00 Profit=0.09%
2026-07-16 12:49:03 INFO     strategy        PnL: 12:49:03 MTM=560.00 Profit=0.09%
2026-07-16 12:49:04 INFO     strategy        PnL: 12:49:04 MTM=603.00 Profit=0.09%
2026-07-16 12:49:05 INFO     strategy        PnL: 12:49:05 MTM=591.00 Profit=0.09%
2026-07-16 12:49:06 INFO     strategy        PnL: 12:49:06 MTM=586.00 Profit=0.09%
2026-07-16 12:49:07 INFO     strategy        PnL: 12:49:07 MTM=551.00 Profit=0.08%
2026-07-16 12:49:08 INFO     strategy        PnL: 12:49:08 MTM=573.00 Profit=0.09%
2026-07-16 12:49:09 INFO     strategy        PnL: 12:49:09 MTM=566.00 Profit=0.09%
2026-07-16 12:49:10 INFO     strategy        PnL: 12:49:10 MTM=578.00 Profit=0.09%
2026-07-16 12:49:11 INFO     strategy        PnL: 12:49:11 MTM=582.00 Profit=0.09%
2026-07-16 12:49:12 INFO     strategy        PnL: 12:49:12 MTM=572.00 Profit=0.09%
2026-07-16 12:49:13 INFO     strategy        PnL: 12:49:13 MTM=572.00 Profit=0.09%
2026-07-16 12:49:14 INFO     strategy        PnL: 12:49:14 MTM=572.00 Profit=0.09%
2026-07-16 12:49:15 INFO     strategy        PnL: 12:49:15 MTM=578.00 Profit=0.09%
2026-07-16 12:49:16 INFO     strategy        PnL: 12:49:16 MTM=571.00 Profit=0.09%
2026-07-16 12:49:17 INFO     strategy        PnL: 12:49:17 MTM=561.00 Profit=0.09%
2026-07-16 12:49:18 INFO     strategy        PnL: 12:49:18 MTM=567.00 Profit=0.09%
2026-07-16 12:49:19 INFO     strategy        PnL: 12:49:19 MTM=579.00 Profit=0.09%
2026-07-16 12:49:20 INFO     strategy        PnL: 12:49:20 MTM=545.00 Profit=0.08%
2026-07-16 12:49:21 INFO     strategy        PnL: 12:49:21 MTM=559.00 Profit=0.09%
2026-07-16 12:49:22 INFO     strategy        PnL: 12:49:22 MTM=561.00 Profit=0.09%
2026-07-16 12:49:23 INFO     strategy        PnL: 12:49:23 MTM=574.00 Profit=0.09%
2026-07-16 12:49:24 INFO     strategy        PnL: 12:49:24 MTM=553.00 Profit=0.09%
2026-07-16 12:49:25 INFO     strategy        PnL: 12:49:25 MTM=588.00 Profit=0.09%
2026-07-16 12:49:26 INFO     strategy        PnL: 12:49:26 MTM=572.00 Profit=0.09%
2026-07-16 12:49:27 INFO     strategy        PnL: 12:49:27 MTM=557.00 Profit=0.09%
2026-07-16 12:49:28 INFO     strategy        PnL: 12:49:28 MTM=553.00 Profit=0.09%
2026-07-16 12:49:29 INFO     strategy        PnL: 12:49:29 MTM=556.00 Profit=0.09%
2026-07-16 12:49:30 INFO     strategy        PnL: 12:49:30 MTM=560.00 Profit=0.09%
2026-07-16 12:49:31 INFO     strategy        PnL: 12:49:31 MTM=575.00 Profit=0.09%
2026-07-16 12:49:32 INFO     strategy        PnL: 12:49:32 MTM=556.00 Profit=0.09%
2026-07-16 12:49:33 INFO     strategy        PnL: 12:49:33 MTM=541.00 Profit=0.08%
2026-07-16 12:49:34 INFO     strategy        PnL: 12:49:34 MTM=536.00 Profit=0.08%
2026-07-16 12:49:35 INFO     strategy        PnL: 12:49:35 MTM=554.00 Profit=0.09%
2026-07-16 12:49:36 INFO     strategy        PnL: 12:49:36 MTM=568.00 Profit=0.09%
2026-07-16 12:49:37 INFO     strategy        PnL: 12:49:37 MTM=556.00 Profit=0.09%
2026-07-16 12:49:38 INFO     strategy        PnL: 12:49:38 MTM=565.00 Profit=0.09%
2026-07-16 12:49:39 INFO     strategy        PnL: 12:49:39 MTM=568.00 Profit=0.09%
2026-07-16 12:49:40 INFO     strategy        PnL: 12:49:40 MTM=560.00 Profit=0.09%
2026-07-16 12:49:41 INFO     strategy        PnL: 12:49:41 MTM=571.00 Profit=0.09%
2026-07-16 12:49:42 INFO     strategy        PnL: 12:49:42 MTM=548.00 Profit=0.08%
2026-07-16 12:49:43 INFO     strategy        PnL: 12:49:43 MTM=577.00 Profit=0.09%
2026-07-16 12:49:44 INFO     strategy        PnL: 12:49:44 MTM=571.00 Profit=0.09%
2026-07-16 12:49:45 INFO     strategy        PnL: 12:49:45 MTM=580.00 Profit=0.09%
2026-07-16 12:49:46 INFO     strategy        PnL: 12:49:46 MTM=573.00 Profit=0.09%
2026-07-16 12:49:47 INFO     strategy        PnL: 12:49:47 MTM=569.00 Profit=0.09%
2026-07-16 12:49:48 INFO     strategy        PnL: 12:49:48 MTM=585.00 Profit=0.09%
2026-07-16 12:49:49 INFO     strategy        PnL: 12:49:49 MTM=571.00 Profit=0.09%
2026-07-16 12:49:50 INFO     strategy        PnL: 12:49:50 MTM=583.00 Profit=0.09%
2026-07-16 12:49:51 INFO     strategy        PnL: 12:49:51 MTM=559.00 Profit=0.09%
2026-07-16 12:49:52 INFO     strategy        PnL: 12:49:52 MTM=579.00 Profit=0.09%
2026-07-16 12:49:53 INFO     strategy        PnL: 12:49:53 MTM=557.00 Profit=0.09%
2026-07-16 12:49:54 INFO     strategy        PnL: 12:49:54 MTM=566.00 Profit=0.09%
2026-07-16 12:49:55 INFO     strategy        PnL: 12:49:55 MTM=567.00 Profit=0.09%
2026-07-16 12:49:56 INFO     strategy        PnL: 12:49:56 MTM=570.00 Profit=0.09%
2026-07-16 12:49:57 INFO     strategy        PnL: 12:49:57 MTM=570.00 Profit=0.09%
2026-07-16 12:49:58 INFO     strategy        PnL: 12:49:58 MTM=565.00 Profit=0.09%
2026-07-16 12:49:59 INFO     strategy        PnL: 12:49:59 MTM=564.00 Profit=0.09%
2026-07-16 12:50:00 INFO     strategy        PnL: 12:50:00 MTM=507.00 Profit=0.08%
2026-07-16 12:50:01 INFO     strategy        PnL: 12:50:01 MTM=551.00 Profit=0.08%
2026-07-16 12:50:02 INFO     strategy        PnL: 12:50:02 MTM=548.00 Profit=0.08%
2026-07-16 12:50:03 INFO     strategy        PnL: 12:50:03 MTM=556.00 Profit=0.09%
2026-07-16 12:50:04 INFO     strategy        PnL: 12:50:04 MTM=549.00 Profit=0.08%
2026-07-16 12:50:05 INFO     strategy        PnL: 12:50:05 MTM=542.00 Profit=0.08%
2026-07-16 12:50:06 INFO     strategy        PnL: 12:50:06 MTM=543.00 Profit=0.08%
2026-07-16 12:50:07 INFO     strategy        PnL: 12:50:07 MTM=579.00 Profit=0.09%
2026-07-16 12:50:08 INFO     strategy        PnL: 12:50:08 MTM=553.00 Profit=0.09%
2026-07-16 12:50:09 INFO     strategy        PnL: 12:50:09 MTM=555.00 Profit=0.09%
2026-07-16 12:50:10 INFO     strategy        PnL: 12:50:10 MTM=560.00 Profit=0.09%
2026-07-16 12:50:11 INFO     strategy        PnL: 12:50:11 MTM=555.00 Profit=0.09%
2026-07-16 12:50:12 INFO     strategy        PnL: 12:50:12 MTM=543.00 Profit=0.08%
2026-07-16 12:50:13 INFO     strategy        PnL: 12:50:13 MTM=564.00 Profit=0.09%
2026-07-16 12:50:14 INFO     strategy        PnL: 12:50:14 MTM=553.00 Profit=0.09%
2026-07-16 12:50:15 INFO     strategy        PnL: 12:50:15 MTM=566.00 Profit=0.09%
2026-07-16 12:50:16 INFO     strategy        PnL: 12:50:16 MTM=534.00 Profit=0.08%
2026-07-16 12:50:18 INFO     strategy        PnL: 12:50:18 MTM=553.00 Profit=0.09%
2026-07-16 12:50:19 INFO     strategy        PnL: 12:50:19 MTM=556.00 Profit=0.09%
2026-07-16 12:50:20 INFO     strategy        PnL: 12:50:20 MTM=567.00 Profit=0.09%
2026-07-16 12:50:21 INFO     strategy        PnL: 12:50:21 MTM=598.00 Profit=0.09%
2026-07-16 12:50:22 INFO     strategy        PnL: 12:50:22 MTM=563.00 Profit=0.09%
2026-07-16 12:50:23 INFO     strategy        PnL: 12:50:23 MTM=569.00 Profit=0.09%
2026-07-16 12:50:24 INFO     strategy        PnL: 12:50:24 MTM=556.00 Profit=0.09%
2026-07-16 12:50:25 INFO     strategy        PnL: 12:50:25 MTM=554.00 Profit=0.09%
2026-07-16 12:50:26 INFO     strategy        PnL: 12:50:26 MTM=583.00 Profit=0.09%
2026-07-16 12:50:27 INFO     strategy        PnL: 12:50:27 MTM=579.00 Profit=0.09%
2026-07-16 12:50:28 INFO     strategy        PnL: 12:50:28 MTM=567.00 Profit=0.09%
2026-07-16 12:50:29 INFO     strategy        PnL: 12:50:29 MTM=563.00 Profit=0.09%
2026-07-16 12:50:30 INFO     strategy        PnL: 12:50:30 MTM=580.00 Profit=0.09%
2026-07-16 12:50:31 INFO     strategy        PnL: 12:50:31 MTM=581.00 Profit=0.09%
2026-07-16 12:50:32 INFO     strategy        PnL: 12:50:32 MTM=582.00 Profit=0.09%
2026-07-16 12:50:33 INFO     strategy        PnL: 12:50:33 MTM=540.00 Profit=0.08%
2026-07-16 12:50:34 INFO     strategy        PnL: 12:50:34 MTM=599.00 Profit=0.09%
2026-07-16 12:50:35 INFO     strategy        PnL: 12:50:35 MTM=590.00 Profit=0.09%
2026-07-16 12:50:36 INFO     strategy        PnL: 12:50:36 MTM=598.00 Profit=0.09%
2026-07-16 12:50:37 INFO     strategy        PnL: 12:50:37 MTM=596.00 Profit=0.09%
2026-07-16 12:50:38 INFO     strategy        PnL: 12:50:38 MTM=606.00 Profit=0.09%
2026-07-16 12:50:39 INFO     strategy        PnL: 12:50:39 MTM=620.00 Profit=0.10%
2026-07-16 12:50:40 INFO     strategy        PnL: 12:50:40 MTM=604.00 Profit=0.09%
2026-07-16 12:50:41 INFO     strategy        PnL: 12:50:41 MTM=591.00 Profit=0.09%
2026-07-16 12:50:42 INFO     strategy        PnL: 12:50:42 MTM=588.00 Profit=0.09%
2026-07-16 12:50:43 INFO     strategy        PnL: 12:50:43 MTM=573.00 Profit=0.09%
2026-07-16 12:50:44 INFO     strategy        PnL: 12:50:44 MTM=590.00 Profit=0.09%
2026-07-16 12:50:45 INFO     strategy        PnL: 12:50:45 MTM=597.00 Profit=0.09%
2026-07-16 12:50:46 INFO     strategy        PnL: 12:50:46 MTM=600.00 Profit=0.09%
2026-07-16 12:50:47 INFO     strategy        PnL: 12:50:47 MTM=606.00 Profit=0.09%
2026-07-16 12:50:48 INFO     strategy        PnL: 12:50:48 MTM=613.00 Profit=0.09%
2026-07-16 12:50:49 INFO     strategy        PnL: 12:50:49 MTM=593.00 Profit=0.09%
2026-07-16 12:50:50 INFO     strategy        PnL: 12:50:50 MTM=600.00 Profit=0.09%
2026-07-16 12:50:51 INFO     strategy        PnL: 12:50:51 MTM=602.00 Profit=0.09%
2026-07-16 12:50:52 INFO     strategy        PnL: 12:50:52 MTM=586.00 Profit=0.09%
2026-07-16 12:50:53 INFO     strategy        PnL: 12:50:53 MTM=599.00 Profit=0.09%
2026-07-16 12:50:54 INFO     strategy        PnL: 12:50:54 MTM=595.00 Profit=0.09%
2026-07-16 12:50:55 INFO     strategy        PnL: 12:50:55 MTM=574.00 Profit=0.09%
2026-07-16 12:50:56 INFO     strategy        PnL: 12:50:56 MTM=608.00 Profit=0.09%
2026-07-16 12:50:57 INFO     strategy        PnL: 12:50:57 MTM=594.00 Profit=0.09%
2026-07-16 12:50:58 INFO     strategy        PnL: 12:50:58 MTM=601.00 Profit=0.09%
2026-07-16 12:50:59 INFO     strategy        PnL: 12:50:59 MTM=596.00 Profit=0.09%
2026-07-16 12:51:00 INFO     strategy        PnL: 12:51:00 MTM=589.00 Profit=0.09%
2026-07-16 12:51:01 INFO     strategy        PnL: 12:51:01 MTM=596.00 Profit=0.09%
2026-07-16 12:51:02 INFO     strategy        PnL: 12:51:02 MTM=594.00 Profit=0.09%
2026-07-16 12:51:03 INFO     strategy        PnL: 12:51:03 MTM=602.00 Profit=0.09%
2026-07-16 12:51:04 INFO     strategy        PnL: 12:51:04 MTM=589.00 Profit=0.09%
2026-07-16 12:51:05 INFO     strategy        PnL: 12:51:05 MTM=591.00 Profit=0.09%
2026-07-16 12:51:06 INFO     strategy        PnL: 12:51:06 MTM=610.00 Profit=0.09%
2026-07-16 12:51:07 INFO     strategy        PnL: 12:51:07 MTM=594.00 Profit=0.09%
2026-07-16 12:51:08 INFO     strategy        PnL: 12:51:08 MTM=592.00 Profit=0.09%
2026-07-16 12:51:09 INFO     strategy        PnL: 12:51:09 MTM=592.00 Profit=0.09%
2026-07-16 12:51:10 INFO     strategy        PnL: 12:51:10 MTM=598.00 Profit=0.09%
2026-07-16 12:51:11 INFO     strategy        PnL: 12:51:11 MTM=606.00 Profit=0.09%
2026-07-16 12:51:12 INFO     strategy        PnL: 12:51:12 MTM=599.00 Profit=0.09%
2026-07-16 12:51:13 INFO     strategy        PnL: 12:51:13 MTM=601.00 Profit=0.09%
2026-07-16 12:51:14 INFO     strategy        PnL: 12:51:14 MTM=604.00 Profit=0.09%
2026-07-16 12:51:15 INFO     strategy        PnL: 12:51:15 MTM=602.00 Profit=0.09%
2026-07-16 12:51:16 INFO     strategy        PnL: 12:51:16 MTM=594.00 Profit=0.09%
2026-07-16 12:51:17 INFO     strategy        PnL: 12:51:17 MTM=592.00 Profit=0.09%
2026-07-16 12:51:18 INFO     strategy        PnL: 12:51:18 MTM=599.00 Profit=0.09%
2026-07-16 12:51:19 INFO     strategy        PnL: 12:51:19 MTM=601.00 Profit=0.09%
2026-07-16 12:51:20 INFO     strategy        PnL: 12:51:20 MTM=579.00 Profit=0.09%
2026-07-16 12:51:21 INFO     strategy        PnL: 12:51:21 MTM=612.00 Profit=0.09%
2026-07-16 12:51:22 INFO     strategy        PnL: 12:51:22 MTM=613.00 Profit=0.09%
2026-07-16 12:51:23 INFO     strategy        PnL: 12:51:23 MTM=601.00 Profit=0.09%
2026-07-16 12:51:24 INFO     strategy        PnL: 12:51:24 MTM=600.00 Profit=0.09%
2026-07-16 12:51:25 INFO     strategy        PnL: 12:51:25 MTM=600.00 Profit=0.09%
2026-07-16 12:51:26 INFO     strategy        PnL: 12:51:26 MTM=595.00 Profit=0.09%
2026-07-16 12:51:27 INFO     strategy        PnL: 12:51:27 MTM=601.00 Profit=0.09%
2026-07-16 12:51:28 INFO     strategy        PnL: 12:51:28 MTM=611.00 Profit=0.09%
2026-07-16 12:51:29 INFO     strategy        PnL: 12:51:29 MTM=593.00 Profit=0.09%
2026-07-16 12:51:30 INFO     strategy        PnL: 12:51:30 MTM=575.00 Profit=0.09%
2026-07-16 12:51:31 INFO     strategy        PnL: 12:51:31 MTM=599.00 Profit=0.09%
2026-07-16 12:51:32 INFO     strategy        PnL: 12:51:32 MTM=576.00 Profit=0.09%
2026-07-16 12:51:33 INFO     strategy        PnL: 12:51:33 MTM=591.00 Profit=0.09%
2026-07-16 12:51:34 INFO     strategy        PnL: 12:51:34 MTM=612.00 Profit=0.09%
2026-07-16 12:51:35 INFO     strategy        PnL: 12:51:35 MTM=600.00 Profit=0.09%
2026-07-16 12:51:36 INFO     strategy        PnL: 12:51:36 MTM=589.00 Profit=0.09%
2026-07-16 12:51:37 INFO     strategy        PnL: 12:51:37 MTM=584.00 Profit=0.09%
2026-07-16 12:51:38 INFO     strategy        PnL: 12:51:38 MTM=590.00 Profit=0.09%
2026-07-16 12:51:39 INFO     strategy        PnL: 12:51:39 MTM=602.00 Profit=0.09%
2026-07-16 12:51:40 INFO     strategy        PnL: 12:51:40 MTM=601.00 Profit=0.09%
2026-07-16 12:51:41 INFO     strategy        PnL: 12:51:41 MTM=590.00 Profit=0.09%
2026-07-16 12:51:42 INFO     strategy        PnL: 12:51:42 MTM=599.00 Profit=0.09%
2026-07-16 12:51:43 INFO     strategy        PnL: 12:51:43 MTM=602.00 Profit=0.09%
2026-07-16 12:51:44 INFO     strategy        PnL: 12:51:44 MTM=616.00 Profit=0.09%
2026-07-16 12:51:45 INFO     strategy        PnL: 12:51:45 MTM=602.00 Profit=0.09%
2026-07-16 12:51:46 INFO     strategy        PnL: 12:51:46 MTM=603.00 Profit=0.09%
2026-07-16 12:51:47 INFO     strategy        PnL: 12:51:47 MTM=583.00 Profit=0.09%
2026-07-16 12:51:48 INFO     strategy        PnL: 12:51:48 MTM=594.00 Profit=0.09%
2026-07-16 12:51:49 INFO     strategy        PnL: 12:51:49 MTM=609.00 Profit=0.09%
2026-07-16 12:51:50 INFO     strategy        PnL: 12:51:50 MTM=588.00 Profit=0.09%
2026-07-16 12:51:51 INFO     strategy        PnL: 12:51:51 MTM=599.00 Profit=0.09%
2026-07-16 12:51:52 INFO     strategy        PnL: 12:51:52 MTM=612.00 Profit=0.09%
2026-07-16 12:51:53 INFO     strategy        PnL: 12:51:53 MTM=603.00 Profit=0.09%
2026-07-16 12:51:54 INFO     strategy        PnL: 12:51:54 MTM=604.00 Profit=0.09%
2026-07-16 12:51:55 INFO     strategy        PnL: 12:51:55 MTM=601.00 Profit=0.09%
2026-07-16 12:51:57 INFO     strategy        PnL: 12:51:57 MTM=588.00 Profit=0.09%
2026-07-16 12:51:58 INFO     strategy        PnL: 12:51:58 MTM=593.00 Profit=0.09%
2026-07-16 12:51:59 INFO     strategy        PnL: 12:51:59 MTM=598.00 Profit=0.09%
2026-07-16 12:52:00 INFO     strategy        PnL: 12:52:00 MTM=605.00 Profit=0.09%
2026-07-16 12:52:01 INFO     strategy        PnL: 12:52:01 MTM=604.00 Profit=0.09%
2026-07-16 12:52:02 INFO     strategy        PnL: 12:52:02 MTM=594.00 Profit=0.09%
2026-07-16 12:52:03 INFO     strategy        PnL: 12:52:03 MTM=608.00 Profit=0.09%
2026-07-16 12:52:04 INFO     strategy        PnL: 12:52:04 MTM=600.00 Profit=0.09%
2026-07-16 12:52:05 INFO     strategy        PnL: 12:52:05 MTM=619.00 Profit=0.10%
2026-07-16 12:52:06 INFO     strategy        PnL: 12:52:06 MTM=600.00 Profit=0.09%
2026-07-16 12:52:07 INFO     strategy        PnL: 12:52:07 MTM=604.00 Profit=0.09%
2026-07-16 12:52:08 INFO     strategy        PnL: 12:52:08 MTM=623.00 Profit=0.10%
2026-07-16 12:52:09 INFO     strategy        PnL: 12:52:09 MTM=612.00 Profit=0.09%
2026-07-16 12:52:10 INFO     strategy        PnL: 12:52:10 MTM=604.00 Profit=0.09%
2026-07-16 12:52:11 INFO     strategy        PnL: 12:52:11 MTM=602.00 Profit=0.09%
2026-07-16 12:52:12 INFO     strategy        PnL: 12:52:12 MTM=598.00 Profit=0.09%
2026-07-16 12:52:13 INFO     strategy        PnL: 12:52:13 MTM=601.00 Profit=0.09%
2026-07-16 12:52:14 INFO     strategy        PnL: 12:52:14 MTM=619.00 Profit=0.10%
2026-07-16 12:52:15 INFO     strategy        PnL: 12:52:15 MTM=599.00 Profit=0.09%
2026-07-16 12:52:16 INFO     strategy        PnL: 12:52:16 MTM=599.00 Profit=0.09%
2026-07-16 12:52:17 INFO     strategy        PnL: 12:52:17 MTM=617.00 Profit=0.10%
2026-07-16 12:52:18 INFO     strategy        PnL: 12:52:18 MTM=614.00 Profit=0.09%
2026-07-16 12:52:19 INFO     strategy        PnL: 12:52:19 MTM=614.00 Profit=0.09%
2026-07-16 12:52:20 INFO     strategy        PnL: 12:52:20 MTM=614.00 Profit=0.09%
2026-07-16 12:52:21 INFO     strategy        PnL: 12:52:21 MTM=644.00 Profit=0.10%
2026-07-16 12:52:22 INFO     strategy        PnL: 12:52:22 MTM=652.00 Profit=0.10%
2026-07-16 12:52:23 INFO     strategy        PnL: 12:52:23 MTM=647.00 Profit=0.10%
2026-07-16 12:52:24 INFO     strategy        PnL: 12:52:24 MTM=636.00 Profit=0.10%
2026-07-16 12:52:25 INFO     strategy        PnL: 12:52:25 MTM=646.00 Profit=0.10%
2026-07-16 12:52:26 INFO     strategy        PnL: 12:52:26 MTM=641.00 Profit=0.10%
2026-07-16 12:52:27 INFO     strategy        PnL: 12:52:27 MTM=623.00 Profit=0.10%
2026-07-16 12:52:28 INFO     strategy        PnL: 12:52:28 MTM=648.00 Profit=0.10%
2026-07-16 12:52:29 INFO     strategy        PnL: 12:52:29 MTM=639.00 Profit=0.10%
2026-07-16 12:52:30 INFO     strategy        PnL: 12:52:30 MTM=643.00 Profit=0.10%
2026-07-16 12:52:31 INFO     strategy        PnL: 12:52:31 MTM=639.00 Profit=0.10%
2026-07-16 12:52:32 INFO     strategy        PnL: 12:52:32 MTM=622.00 Profit=0.10%
2026-07-16 12:52:33 INFO     strategy        PnL: 12:52:33 MTM=630.00 Profit=0.10%
2026-07-16 12:52:34 INFO     strategy        PnL: 12:52:34 MTM=637.00 Profit=0.10%
2026-07-16 12:52:35 INFO     strategy        PnL: 12:52:35 MTM=632.00 Profit=0.10%
2026-07-16 12:52:36 INFO     strategy        PnL: 12:52:36 MTM=653.00 Profit=0.10%
2026-07-16 12:52:37 INFO     strategy        PnL: 12:52:37 MTM=652.00 Profit=0.10%
2026-07-16 12:52:38 INFO     strategy        PnL: 12:52:38 MTM=644.00 Profit=0.10%
2026-07-16 12:52:39 INFO     strategy        PnL: 12:52:39 MTM=640.00 Profit=0.10%
2026-07-16 12:52:40 INFO     strategy        PnL: 12:52:40 MTM=663.00 Profit=0.10%
2026-07-16 12:52:41 INFO     strategy        PnL: 12:52:41 MTM=668.00 Profit=0.10%
2026-07-16 12:52:42 INFO     strategy        PnL: 12:52:42 MTM=657.00 Profit=0.10%
2026-07-16 12:52:43 INFO     strategy        PnL: 12:52:43 MTM=648.00 Profit=0.10%
2026-07-16 12:52:44 INFO     strategy        PnL: 12:52:44 MTM=672.00 Profit=0.10%
2026-07-16 12:52:45 INFO     strategy        PnL: 12:52:45 MTM=655.00 Profit=0.10%
2026-07-16 12:52:46 INFO     strategy        PnL: 12:52:46 MTM=652.00 Profit=0.10%
2026-07-16 12:52:47 INFO     strategy        PnL: 12:52:47 MTM=609.00 Profit=0.09%
2026-07-16 12:52:48 INFO     strategy        PnL: 12:52:48 MTM=650.00 Profit=0.10%
2026-07-16 12:52:49 INFO     strategy        PnL: 12:52:49 MTM=655.00 Profit=0.10%
2026-07-16 12:52:50 INFO     strategy        PnL: 12:52:50 MTM=655.00 Profit=0.10%
2026-07-16 12:52:51 INFO     strategy        PnL: 12:52:51 MTM=652.00 Profit=0.10%
2026-07-16 12:52:52 INFO     strategy        PnL: 12:52:52 MTM=646.00 Profit=0.10%
2026-07-16 12:52:53 INFO     strategy        PnL: 12:52:53 MTM=665.00 Profit=0.10%
2026-07-16 12:52:54 INFO     strategy        PnL: 12:52:54 MTM=660.00 Profit=0.10%
2026-07-16 12:52:55 INFO     strategy        PnL: 12:52:55 MTM=662.00 Profit=0.10%
2026-07-16 12:52:56 INFO     strategy        PnL: 12:52:56 MTM=665.00 Profit=0.10%
2026-07-16 12:52:57 INFO     strategy        PnL: 12:52:57 MTM=700.00 Profit=0.11%
2026-07-16 12:52:58 INFO     strategy        PnL: 12:52:58 MTM=653.00 Profit=0.10%
2026-07-16 12:52:59 INFO     strategy        PnL: 12:52:59 MTM=675.00 Profit=0.10%
2026-07-16 12:53:00 INFO     strategy        PnL: 12:53:00 MTM=676.00 Profit=0.10%
2026-07-16 12:53:01 INFO     strategy        PnL: 12:53:01 MTM=644.00 Profit=0.10%
2026-07-16 12:53:02 INFO     strategy        PnL: 12:53:02 MTM=687.00 Profit=0.11%
2026-07-16 12:53:03 INFO     strategy        PnL: 12:53:03 MTM=644.00 Profit=0.10%
2026-07-16 12:53:04 INFO     strategy        PnL: 12:53:04 MTM=658.00 Profit=0.10%
2026-07-16 12:53:05 INFO     strategy        PnL: 12:53:05 MTM=661.00 Profit=0.10%
2026-07-16 12:53:06 INFO     strategy        PnL: 12:53:06 MTM=653.00 Profit=0.10%
2026-07-16 12:53:07 INFO     strategy        PnL: 12:53:07 MTM=656.00 Profit=0.10%
2026-07-16 12:53:08 INFO     strategy        PnL: 12:53:08 MTM=674.00 Profit=0.10%
2026-07-16 12:53:09 INFO     strategy        PnL: 12:53:09 MTM=655.00 Profit=0.10%
2026-07-16 12:53:10 INFO     strategy        PnL: 12:53:10 MTM=633.00 Profit=0.10%
2026-07-16 12:53:11 INFO     strategy        PnL: 12:53:11 MTM=651.00 Profit=0.10%
2026-07-16 12:53:12 INFO     strategy        PnL: 12:53:12 MTM=635.00 Profit=0.10%
2026-07-16 12:53:13 INFO     strategy        PnL: 12:53:13 MTM=666.00 Profit=0.10%
2026-07-16 12:53:14 INFO     strategy        PnL: 12:53:14 MTM=660.00 Profit=0.10%
2026-07-16 12:53:15 INFO     strategy        PnL: 12:53:15 MTM=647.00 Profit=0.10%
2026-07-16 12:53:16 INFO     strategy        PnL: 12:53:16 MTM=681.00 Profit=0.10%
2026-07-16 12:53:17 INFO     strategy        PnL: 12:53:17 MTM=682.00 Profit=0.11%
2026-07-16 12:53:18 INFO     strategy        PnL: 12:53:18 MTM=683.00 Profit=0.11%
2026-07-16 12:53:19 INFO     strategy        PnL: 12:53:19 MTM=664.00 Profit=0.10%
2026-07-16 12:53:20 INFO     strategy        PnL: 12:53:20 MTM=680.00 Profit=0.10%
2026-07-16 12:53:21 INFO     strategy        PnL: 12:53:21 MTM=690.00 Profit=0.11%
2026-07-16 12:53:22 INFO     strategy        PnL: 12:53:22 MTM=689.00 Profit=0.11%
2026-07-16 12:53:23 INFO     strategy        PnL: 12:53:23 MTM=681.00 Profit=0.10%
2026-07-16 12:53:24 INFO     strategy        PnL: 12:53:24 MTM=657.00 Profit=0.10%
2026-07-16 12:53:25 INFO     strategy        PnL: 12:53:25 MTM=655.00 Profit=0.10%
2026-07-16 12:53:26 INFO     strategy        PnL: 12:53:26 MTM=661.00 Profit=0.10%
2026-07-16 12:53:27 INFO     strategy        PnL: 12:53:27 MTM=640.00 Profit=0.10%
2026-07-16 12:53:28 INFO     strategy        PnL: 12:53:28 MTM=659.00 Profit=0.10%
2026-07-16 12:53:29 INFO     strategy        PnL: 12:53:29 MTM=660.00 Profit=0.10%
2026-07-16 12:53:30 INFO     strategy        PnL: 12:53:30 MTM=583.00 Profit=0.09%
2026-07-16 12:53:31 INFO     strategy        PnL: 12:53:31 MTM=645.00 Profit=0.10%
2026-07-16 12:53:32 INFO     strategy        PnL: 12:53:32 MTM=675.00 Profit=0.10%
2026-07-16 12:53:34 INFO     strategy        PnL: 12:53:34 MTM=613.00 Profit=0.09%
2026-07-16 12:53:35 INFO     strategy        PnL: 12:53:35 MTM=650.00 Profit=0.10%
2026-07-16 12:53:36 INFO     strategy        PnL: 12:53:36 MTM=669.00 Profit=0.10%
2026-07-16 12:53:37 INFO     strategy        PnL: 12:53:37 MTM=653.00 Profit=0.10%
2026-07-16 12:53:38 INFO     strategy        PnL: 12:53:38 MTM=655.00 Profit=0.10%
2026-07-16 13:36:07 WARNING  strategy        No market ticks for 2548s (threshold 30s) — MTM/stop-loss may be stale
2026-07-16 13:36:07 INFO     strategy        PnL: 13:36:07 MTM=649.00 Profit=0.10%
2026-07-16 13:36:08 WARNING  strategy        No market ticks for 2550s (threshold 30s) — MTM/stop-loss may be stale
2026-07-16 13:36:08 INFO     strategy        PnL: 13:36:08 MTM=649.00 Profit=0.10%
2026-07-16 13:36:09 WARNING  strategy        No market ticks for 2551s (threshold 30s) — MTM/stop-loss may be stale
2026-07-16 13:36:09 INFO     strategy        PnL: 13:36:09 MTM=649.00 Profit=0.10%
2026-07-16 13:36:10 WARNING  strategy        No market ticks for 2552s (threshold 30s) — MTM/stop-loss may be stale
2026-07-16 13:36:10 INFO     strategy        PnL: 13:36:10 MTM=649.00 Profit=0.10%
2026-07-16 13:36:11 WARNING  strategy        No market ticks for 2553s (threshold 30s) — MTM/stop-loss may be stale
2026-07-16 13:36:11 INFO     strategy        PnL: 13:36:11 MTM=649.00 Profit=0.10%
2026-07-16 14:54:05 WARNING  strategy        No market ticks for 7227s (threshold 30s) — MTM/stop-loss may be stale
2026-07-16 14:54:05 INFO     strategy        PnL: 14:54:05 MTM=649.00 Profit=0.10%
2026-07-16 14:54:06 WARNING  strategy        No market ticks for 7228s (threshold 30s) — MTM/stop-loss may be stale
2026-07-16 14:54:06 INFO     strategy        PnL: 14:54:06 MTM=649.00 Profit=0.10%
2026-07-16 14:54:07 WARNING  strategy        No market ticks for 7229s (threshold 30s) — MTM/stop-loss may be stale
2026-07-16 14:54:07 INFO     strategy        PnL: 14:54:07 MTM=649.00 Profit=0.10%
2026-07-16 14:54:08 WARNING  strategy        No market ticks for 7230s (threshold 30s) — MTM/stop-loss may be stale
2026-07-16 14:54:08 INFO     strategy        PnL: 14:54:08 MTM=649.00 Profit=0.10%
2026-07-16 14:54:09 WARNING  strategy        No market ticks for 7231s (threshold 30s) — MTM/stop-loss may be stale
2026-07-16 14:54:09 INFO     strategy        PnL: 14:54:09 MTM=649.00 Profit=0.10%
2026-07-16 14:54:10 WARNING  strategy        No market ticks for 7232s (threshold 30s) — MTM/stop-loss may be stale
2026-07-16 14:54:10 INFO     strategy        PnL: 14:54:10 MTM=649.00 Profit=0.10%
2026-07-16 14:54:11 WARNING  strategy        No market ticks for 7233s (threshold 30s) — MTM/stop-loss may be stale
2026-07-16 14:54:11 INFO     strategy        PnL: 14:54:11 MTM=649.00 Profit=0.10%
2026-07-16 14:54:12 WARNING  strategy        No market ticks for 7234s (threshold 30s) — MTM/stop-loss may be stale
2026-07-16 14:54:12 INFO     strategy        PnL: 14:54:12 MTM=649.00 Profit=0.10%
2026-07-16 14:54:13 WARNING  strategy        No market ticks for 7235s (threshold 30s) — MTM/stop-loss may be stale
2026-07-16 14:54:13 INFO     strategy        PnL: 14:54:13 MTM=649.00 Profit=0.10%
2026-07-16 14:54:14 WARNING  strategy        No market ticks for 7236s (threshold 30s) — MTM/stop-loss may be stale
2026-07-16 14:54:14 INFO     strategy        PnL: 14:54:14 MTM=649.00 Profit=0.10%
2026-07-16 14:54:15 WARNING  strategy        No market ticks for 7237s (threshold 30s) — MTM/stop-loss may be stale
2026-07-16 14:54:15 INFO     strategy        PnL: 14:54:15 MTM=649.00 Profit=0.10%
2026-07-16 14:54:16 WARNING  strategy        No market ticks for 7238s (threshold 30s) — MTM/stop-loss may be stale
2026-07-16 14:54:16 INFO     strategy        PnL: 14:54:16 MTM=649.00 Profit=0.10%
2026-07-16 14:54:17 WARNING  strategy        No market ticks for 7239s (threshold 30s) — MTM/stop-loss may be stale
2026-07-16 14:54:17 INFO     strategy        PnL: 14:54:17 MTM=649.00 Profit=0.10%
2026-07-16 14:54:18 WARNING  strategy        No market ticks for 7240s (threshold 30s) — MTM/stop-loss may be stale
2026-07-16 14:54:18 INFO     strategy        PnL: 14:54:18 MTM=649.00 Profit=0.10%
2026-07-16 14:54:19 WARNING  strategy        No market ticks for 7241s (threshold 30s) — MTM/stop-loss may be stale
2026-07-16 14:54:19 INFO     strategy        PnL: 14:54:19 MTM=649.00 Profit=0.10%
2026-07-16 14:54:20 WARNING  strategy        No market ticks for 7242s (threshold 30s) — MTM/stop-loss may be stale
2026-07-16 14:54:20 INFO     strategy        PnL: 14:54:20 MTM=649.00 Profit=0.10%
2026-07-16 14:54:21 WARNING  strategy        No market ticks for 7243s (threshold 30s) — MTM/stop-loss may be stale
2026-07-16 14:54:21 INFO     strategy        PnL: 14:54:21 MTM=649.00 Profit=0.10%
2026-07-16 14:54:22 WARNING  strategy        No market ticks for 7244s (threshold 30s) — MTM/stop-loss may be stale
2026-07-16 14:54:22 INFO     strategy        PnL: 14:54:22 MTM=649.00 Profit=0.10%
2026-07-16 14:54:23 WARNING  strategy        No market ticks for 7245s (threshold 30s) — MTM/stop-loss may be stale
2026-07-16 14:54:23 INFO     strategy        PnL: 14:54:23 MTM=649.00 Profit=0.10%
2026-07-16 14:54:24 WARNING  strategy        No market ticks for 7246s (threshold 30s) — MTM/stop-loss may be stale
2026-07-16 14:54:24 INFO     strategy        PnL: 14:54:24 MTM=649.00 Profit=0.10%
2026-07-16 14:54:25 WARNING  strategy        No market ticks for 7247s (threshold 30s) — MTM/stop-loss may be stale
2026-07-16 14:54:25 INFO     strategy        PnL: 14:54:25 MTM=649.00 Profit=0.10%
2026-07-16 14:54:26 WARNING  strategy        No market ticks for 7248s (threshold 30s) — MTM/stop-loss may be stale
2026-07-16 14:54:26 INFO     strategy        PnL: 14:54:26 MTM=649.00 Profit=0.10%
2026-07-16 14:54:27 WARNING  strategy        No market ticks for 7249s (threshold 30s) — MTM/stop-loss may be stale
2026-07-16 14:54:27 INFO     strategy        PnL: 14:54:27 MTM=649.00 Profit=0.10%
2026-07-16 14:54:28 WARNING  strategy        No market ticks for 7250s (threshold 30s) — MTM/stop-loss may be stale
2026-07-16 14:54:28 INFO     strategy        PnL: 14:54:28 MTM=649.00 Profit=0.10%
2026-07-16 14:54:29 WARNING  strategy        No market ticks for 7251s (threshold 30s) — MTM/stop-loss may be stale
2026-07-16 14:54:29 INFO     strategy        PnL: 14:54:29 MTM=649.00 Profit=0.10%
2026-07-16 14:54:30 WARNING  strategy        No market ticks for 7252s (threshold 30s) — MTM/stop-loss may be stale
2026-07-16 14:54:30 INFO     strategy        PnL: 14:54:30 MTM=649.00 Profit=0.10%
2026-07-16 14:54:31 INFO     strategy        PnL: 14:54:31 MTM=664.00 Profit=0.10%
2026-07-16 14:54:32 INFO     strategy        PnL: 14:54:32 MTM=1543.00 Profit=0.24%
2026-07-16 14:54:33 INFO     strategy        PnL: 14:54:33 MTM=1545.00 Profit=0.24%
2026-07-16 14:54:34 INFO     strategy        PnL: 14:54:34 MTM=1561.00 Profit=0.24%
2026-07-16 14:54:35 INFO     strategy        PnL: 14:54:35 MTM=1565.00 Profit=0.24%
2026-07-16 14:54:36 INFO     strategy        PnL: 14:54:36 MTM=1540.00 Profit=0.24%
2026-07-16 14:54:37 INFO     strategy        PnL: 14:54:37 MTM=1542.00 Profit=0.24%
2026-07-16 14:54:38 INFO     strategy        PnL: 14:54:38 MTM=1554.00 Profit=0.24%
2026-07-16 14:54:39 INFO     strategy        PnL: 14:54:39 MTM=1534.00 Profit=0.24%
2026-07-16 14:54:40 INFO     strategy        PnL: 14:54:40 MTM=1553.00 Profit=0.24%
2026-07-16 14:54:41 INFO     strategy        PnL: 14:54:41 MTM=1559.00 Profit=0.24%
2026-07-16 14:54:42 INFO     strategy        PnL: 14:54:42 MTM=1578.00 Profit=0.24%
2026-07-16 14:54:43 INFO     strategy        PnL: 14:54:43 MTM=1592.00 Profit=0.25%
2026-07-16 14:54:44 INFO     strategy        PnL: 14:54:44 MTM=1608.00 Profit=0.25%
2026-07-16 14:54:45 INFO     strategy        PnL: 14:54:45 MTM=1588.00 Profit=0.24%
2026-07-16 14:54:46 INFO     strategy        PnL: 14:54:46 MTM=1582.00 Profit=0.24%
2026-07-16 14:54:47 INFO     strategy        PnL: 14:54:47 MTM=1577.00 Profit=0.24%
2026-07-16 14:54:48 INFO     strategy        PnL: 14:54:48 MTM=1580.00 Profit=0.24%
2026-07-16 14:54:49 INFO     strategy        PnL: 14:54:49 MTM=1566.00 Profit=0.24%
2026-07-16 14:54:50 INFO     strategy        PnL: 14:54:50 MTM=1598.00 Profit=0.25%
2026-07-16 14:54:51 INFO     strategy        PnL: 14:54:51 MTM=1596.00 Profit=0.25%
2026-07-16 14:54:52 INFO     strategy        PnL: 14:54:52 MTM=1552.00 Profit=0.24%
2026-07-16 14:54:53 INFO     strategy        PnL: 14:54:53 MTM=1512.00 Profit=0.23%
2026-07-16 14:54:54 INFO     strategy        PnL: 14:54:54 MTM=1533.00 Profit=0.24%
2026-07-16 14:54:55 INFO     strategy        PnL: 14:54:55 MTM=1512.00 Profit=0.23%
2026-07-16 14:54:57 INFO     strategy        PnL: 14:54:56 MTM=1531.00 Profit=0.24%
2026-07-16 14:54:58 INFO     strategy        PnL: 14:54:58 MTM=1493.00 Profit=0.23%
2026-07-16 14:54:59 INFO     strategy        PnL: 14:54:59 MTM=1545.00 Profit=0.24%
2026-07-16 14:55:00 INFO     strategy        PnL: 14:55:00 MTM=1532.00 Profit=0.24%
2026-07-16 14:55:01 INFO     strategy        PnL: 14:55:01 MTM=1520.00 Profit=0.23%
2026-07-16 14:55:02 INFO     strategy        PnL: 14:55:02 MTM=1524.00 Profit=0.23%
2026-07-16 14:55:03 INFO     strategy        PnL: 14:55:03 MTM=1455.00 Profit=0.22%
2026-07-16 14:55:04 INFO     strategy        PnL: 14:55:04 MTM=1490.00 Profit=0.23%
2026-07-16 14:55:05 INFO     strategy        PnL: 14:55:05 MTM=1476.00 Profit=0.23%
2026-07-16 14:55:06 INFO     strategy        PnL: 14:55:06 MTM=1477.00 Profit=0.23%
2026-07-16 14:55:07 INFO     strategy        PnL: 14:55:07 MTM=1457.00 Profit=0.22%
2026-07-16 14:55:08 INFO     strategy        PnL: 14:55:08 MTM=1414.00 Profit=0.22%
2026-07-16 14:55:09 INFO     strategy        PnL: 14:55:09 MTM=1438.00 Profit=0.22%
2026-07-16 14:55:10 INFO     strategy        PnL: 14:55:10 MTM=1480.00 Profit=0.23%
2026-07-16 14:55:11 INFO     strategy        PnL: 14:55:11 MTM=1518.00 Profit=0.23%
2026-07-16 14:55:12 INFO     strategy        PnL: 14:55:12 MTM=1537.00 Profit=0.24%
2026-07-16 14:55:13 INFO     strategy        PnL: 14:55:13 MTM=1529.00 Profit=0.24%
2026-07-16 14:55:14 INFO     strategy        PnL: 14:55:14 MTM=1467.00 Profit=0.23%
2026-07-16 14:55:15 INFO     strategy        PnL: 14:55:15 MTM=1455.00 Profit=0.22%
2026-07-16 14:55:16 INFO     strategy        PnL: 14:55:16 MTM=1472.00 Profit=0.23%
2026-07-16 14:55:17 INFO     strategy        PnL: 14:55:17 MTM=1523.00 Profit=0.23%
2026-07-16 14:55:18 INFO     strategy        PnL: 14:55:18 MTM=1384.00 Profit=0.21%
2026-07-16 14:55:19 INFO     strategy        PnL: 14:55:19 MTM=1361.00 Profit=0.21%
2026-07-16 14:55:20 INFO     strategy        PnL: 14:55:20 MTM=1416.00 Profit=0.22%
2026-07-16 14:55:21 INFO     strategy        PnL: 14:55:21 MTM=1412.00 Profit=0.22%
2026-07-16 14:55:22 INFO     strategy        PnL: 14:55:22 MTM=1407.00 Profit=0.22%
2026-07-16 14:55:23 INFO     strategy        PnL: 14:55:23 MTM=1409.00 Profit=0.22%
2026-07-16 14:55:24 INFO     strategy        PnL: 14:55:24 MTM=1377.00 Profit=0.21%
2026-07-16 14:55:25 INFO     strategy        PnL: 14:55:25 MTM=1381.00 Profit=0.21%
2026-07-16 14:55:26 INFO     strategy        PnL: 14:55:26 MTM=1393.00 Profit=0.21%
2026-07-16 14:55:27 INFO     strategy        PnL: 14:55:27 MTM=1357.00 Profit=0.21%
2026-07-16 14:55:28 INFO     strategy        PnL: 14:55:28 MTM=1429.00 Profit=0.22%
2026-07-16 14:55:29 INFO     strategy        PnL: 14:55:29 MTM=1415.00 Profit=0.22%
2026-07-16 14:55:30 INFO     strategy        PnL: 14:55:30 MTM=1426.00 Profit=0.22%
2026-07-16 14:55:31 INFO     strategy        PnL: 14:55:31 MTM=1397.00 Profit=0.22%
2026-07-16 14:55:32 INFO     strategy        PnL: 14:55:32 MTM=1407.00 Profit=0.22%
2026-07-16 14:55:33 INFO     strategy        PnL: 14:55:33 MTM=1360.00 Profit=0.21%
2026-07-16 14:55:34 INFO     strategy        PnL: 14:55:34 MTM=1400.00 Profit=0.22%
2026-07-16 14:55:35 INFO     strategy        PnL: 14:55:35 MTM=1377.00 Profit=0.21%
2026-07-16 14:55:36 INFO     strategy        PnL: 14:55:36 MTM=1400.00 Profit=0.22%
2026-07-16 14:55:37 INFO     strategy        PnL: 14:55:37 MTM=1385.00 Profit=0.21%
2026-07-16 14:55:38 INFO     strategy        PnL: 14:55:38 MTM=1362.00 Profit=0.21%
2026-07-16 14:55:39 INFO     strategy        PnL: 14:55:39 MTM=1379.00 Profit=0.21%
2026-07-16 14:55:40 INFO     strategy        PnL: 14:55:40 MTM=1389.00 Profit=0.21%
2026-07-16 14:55:41 INFO     strategy        PnL: 14:55:41 MTM=1394.00 Profit=0.21%
2026-07-16 14:55:42 INFO     strategy        PnL: 14:55:42 MTM=1395.00 Profit=0.22%
2026-07-16 14:55:43 INFO     strategy        PnL: 14:55:43 MTM=1365.00 Profit=0.21%
2026-07-16 14:55:44 INFO     strategy        PnL: 14:55:44 MTM=1318.00 Profit=0.20%
2026-07-16 14:55:45 INFO     strategy        PnL: 14:55:45 MTM=1374.00 Profit=0.21%
2026-07-16 14:55:46 INFO     strategy        PnL: 14:55:46 MTM=1396.00 Profit=0.22%
2026-07-16 14:55:47 INFO     strategy        PnL: 14:55:47 MTM=1390.00 Profit=0.21%
2026-07-16 14:55:48 INFO     strategy        PnL: 14:55:48 MTM=1355.00 Profit=0.21%
2026-07-16 14:55:49 INFO     strategy        PnL: 14:55:49 MTM=1373.00 Profit=0.21%
2026-07-16 14:55:50 INFO     strategy        PnL: 14:55:50 MTM=1407.00 Profit=0.22%
2026-07-16 14:55:51 INFO     strategy        PnL: 14:55:51 MTM=1401.00 Profit=0.22%
2026-07-16 14:55:52 INFO     strategy        PnL: 14:55:52 MTM=1466.00 Profit=0.23%
2026-07-16 14:55:53 INFO     strategy        PnL: 14:55:53 MTM=1432.00 Profit=0.22%
2026-07-16 14:55:54 INFO     strategy        PnL: 14:55:54 MTM=1428.00 Profit=0.22%
2026-07-16 14:55:55 INFO     strategy        PnL: 14:55:55 MTM=1386.00 Profit=0.21%
2026-07-16 14:55:56 INFO     strategy        PnL: 14:55:56 MTM=1383.00 Profit=0.21%
2026-07-16 14:55:57 INFO     strategy        PnL: 14:55:57 MTM=1384.00 Profit=0.21%
2026-07-16 14:55:58 INFO     strategy        PnL: 14:55:58 MTM=1384.00 Profit=0.21%
2026-07-16 14:55:59 INFO     strategy        PnL: 14:55:59 MTM=1414.00 Profit=0.22%
2026-07-16 14:56:00 INFO     strategy        PnL: 14:56:00 MTM=1445.00 Profit=0.22%
2026-07-16 14:56:01 INFO     strategy        PnL: 14:56:01 MTM=1412.00 Profit=0.22%
2026-07-16 14:56:02 INFO     strategy        PnL: 14:56:02 MTM=1462.00 Profit=0.23%
2026-07-16 14:56:03 INFO     strategy        PnL: 14:56:03 MTM=1428.00 Profit=0.22%
2026-07-16 14:56:04 INFO     strategy        PnL: 14:56:04 MTM=1407.00 Profit=0.22%
2026-07-16 14:56:05 INFO     strategy        PnL: 14:56:05 MTM=1393.00 Profit=0.21%
2026-07-16 14:56:06 INFO     strategy        PnL: 14:56:06 MTM=1396.00 Profit=0.22%
2026-07-16 14:56:07 INFO     strategy        PnL: 14:56:07 MTM=1435.00 Profit=0.22%
2026-07-16 14:56:08 INFO     strategy        PnL: 14:56:08 MTM=1433.00 Profit=0.22%
2026-07-16 14:56:09 INFO     strategy        PnL: 14:56:09 MTM=1457.00 Profit=0.22%
2026-07-16 14:56:10 INFO     strategy        PnL: 14:56:10 MTM=1400.00 Profit=0.22%
2026-07-16 14:56:11 INFO     strategy        PnL: 14:56:11 MTM=1425.00 Profit=0.22%
2026-07-16 14:56:12 INFO     strategy        PnL: 14:56:12 MTM=1412.00 Profit=0.22%
2026-07-16 14:56:13 INFO     strategy        PnL: 14:56:13 MTM=1413.00 Profit=0.22%
2026-07-16 14:56:14 INFO     strategy        PnL: 14:56:14 MTM=1415.00 Profit=0.22%
2026-07-16 14:56:15 INFO     strategy        PnL: 14:56:15 MTM=1403.00 Profit=0.22%
2026-07-16 14:56:16 INFO     strategy        PnL: 14:56:16 MTM=1438.00 Profit=0.22%
2026-07-16 14:56:17 INFO     strategy        PnL: 14:56:17 MTM=1422.00 Profit=0.22%
2026-07-16 14:56:18 INFO     strategy        PnL: 14:56:18 MTM=1422.00 Profit=0.22%
2026-07-16 14:56:19 INFO     strategy        PnL: 14:56:19 MTM=1430.00 Profit=0.22%
2026-07-16 14:56:20 INFO     strategy        PnL: 14:56:20 MTM=1434.00 Profit=0.22%
2026-07-16 14:56:21 INFO     strategy        PnL: 14:56:21 MTM=1434.00 Profit=0.22%
2026-07-16 14:56:22 INFO     strategy        PnL: 14:56:22 MTM=1383.00 Profit=0.21%
2026-07-16 14:56:23 INFO     strategy        PnL: 14:56:23 MTM=1380.00 Profit=0.21%
2026-07-16 14:56:24 INFO     strategy        PnL: 14:56:24 MTM=1400.00 Profit=0.22%
2026-07-16 14:56:25 INFO     strategy        PnL: 14:56:25 MTM=1374.00 Profit=0.21%
2026-07-16 14:56:26 INFO     strategy        PnL: 14:56:26 MTM=1379.00 Profit=0.21%
2026-07-16 14:56:27 INFO     strategy        PnL: 14:56:27 MTM=1366.00 Profit=0.21%
2026-07-16 14:56:28 INFO     strategy        PnL: 14:56:28 MTM=1379.00 Profit=0.21%
2026-07-16 14:56:29 INFO     strategy        PnL: 14:56:29 MTM=1385.00 Profit=0.21%
2026-07-16 14:56:30 INFO     strategy        PnL: 14:56:30 MTM=1357.00 Profit=0.21%
2026-07-16 14:56:31 INFO     strategy        PnL: 14:56:31 MTM=1420.00 Profit=0.22%
2026-07-16 14:56:32 INFO     strategy        PnL: 14:56:32 MTM=1402.00 Profit=0.22%
2026-07-16 14:56:33 INFO     strategy        PnL: 14:56:33 MTM=1366.00 Profit=0.21%
2026-07-16 14:56:34 INFO     strategy        PnL: 14:56:34 MTM=1380.00 Profit=0.21%
2026-07-16 14:56:36 INFO     strategy        PnL: 14:56:35 MTM=1368.00 Profit=0.21%
2026-07-16 14:56:37 INFO     strategy        PnL: 14:56:37 MTM=1338.00 Profit=0.21%
2026-07-16 14:56:38 INFO     strategy        PnL: 14:56:38 MTM=1342.00 Profit=0.21%
2026-07-16 14:56:39 INFO     strategy        PnL: 14:56:39 MTM=1357.00 Profit=0.21%
2026-07-16 14:56:40 INFO     strategy        PnL: 14:56:40 MTM=1350.00 Profit=0.21%
2026-07-16 14:56:41 INFO     strategy        PnL: 14:56:41 MTM=1370.00 Profit=0.21%
2026-07-16 14:56:42 INFO     strategy        PnL: 14:56:42 MTM=1355.00 Profit=0.21%
2026-07-16 14:56:43 INFO     strategy        PnL: 14:56:43 MTM=1366.00 Profit=0.21%
2026-07-16 14:56:44 INFO     strategy        PnL: 14:56:44 MTM=1352.00 Profit=0.21%
2026-07-16 14:56:45 INFO     strategy        PnL: 14:56:45 MTM=1317.00 Profit=0.20%
2026-07-16 14:56:46 INFO     strategy        PnL: 14:56:46 MTM=1285.00 Profit=0.20%
2026-07-16 14:56:47 INFO     strategy        PnL: 14:56:47 MTM=1305.00 Profit=0.20%
2026-07-16 14:56:48 INFO     strategy        PnL: 14:56:48 MTM=1155.00 Profit=0.18%
2026-07-16 14:56:49 INFO     strategy        PnL: 14:56:49 MTM=1173.00 Profit=0.18%
2026-07-16 14:56:50 INFO     strategy        PnL: 14:56:50 MTM=1128.00 Profit=0.17%
2026-07-16 14:56:51 INFO     strategy        PnL: 14:56:51 MTM=1205.00 Profit=0.19%
2026-07-16 14:56:52 INFO     strategy        PnL: 14:56:52 MTM=1172.00 Profit=0.18%
2026-07-16 14:56:53 INFO     strategy        PnL: 14:56:53 MTM=1211.00 Profit=0.19%
2026-07-16 14:56:54 INFO     strategy        PnL: 14:56:54 MTM=1179.00 Profit=0.18%
2026-07-16 14:56:55 INFO     strategy        PnL: 14:56:55 MTM=1185.00 Profit=0.18%
2026-07-16 14:56:56 INFO     strategy        PnL: 14:56:56 MTM=1139.00 Profit=0.18%
2026-07-16 14:56:57 INFO     strategy        PnL: 14:56:57 MTM=1145.00 Profit=0.18%
2026-07-16 14:56:58 INFO     strategy        PnL: 14:56:58 MTM=1123.00 Profit=0.17%
2026-07-16 14:56:59 INFO     strategy        PnL: 14:56:59 MTM=1180.00 Profit=0.18%
2026-07-16 14:57:00 INFO     strategy        PnL: 14:57:00 MTM=1148.00 Profit=0.18%
2026-07-16 14:57:01 INFO     strategy        PnL: 14:57:01 MTM=1203.00 Profit=0.19%
2026-07-16 14:57:02 INFO     strategy        PnL: 14:57:02 MTM=1201.00 Profit=0.19%
2026-07-16 14:57:03 INFO     strategy        PnL: 14:57:03 MTM=1191.00 Profit=0.18%
2026-07-16 14:57:04 INFO     strategy        PnL: 14:57:04 MTM=1114.00 Profit=0.17%
2026-07-16 14:57:05 INFO     strategy        PnL: 14:57:05 MTM=1163.00 Profit=0.18%
2026-07-16 14:57:06 INFO     strategy        PnL: 14:57:06 MTM=1158.00 Profit=0.18%
2026-07-16 14:57:07 INFO     strategy        PnL: 14:57:07 MTM=1116.00 Profit=0.17%
2026-07-16 14:57:08 INFO     strategy        PnL: 14:57:08 MTM=1099.00 Profit=0.17%
2026-07-16 14:57:09 INFO     strategy        PnL: 14:57:09 MTM=1116.00 Profit=0.17%
2026-07-16 14:57:10 INFO     strategy        PnL: 14:57:10 MTM=1137.00 Profit=0.18%
2026-07-16 14:57:11 INFO     strategy        PnL: 14:57:11 MTM=1136.00 Profit=0.18%
2026-07-16 14:57:12 INFO     strategy        PnL: 14:57:12 MTM=1151.00 Profit=0.18%
2026-07-16 14:57:13 INFO     strategy        PnL: 14:57:13 MTM=1111.00 Profit=0.17%
2026-07-16 14:57:14 INFO     strategy        PnL: 14:57:14 MTM=1106.00 Profit=0.17%
2026-07-16 14:57:15 INFO     strategy        PnL: 14:57:15 MTM=1102.00 Profit=0.17%
2026-07-16 14:57:16 INFO     strategy        PnL: 14:57:16 MTM=1088.00 Profit=0.17%
2026-07-16 14:57:17 INFO     strategy        PnL: 14:57:17 MTM=1084.00 Profit=0.17%
2026-07-16 14:57:18 INFO     strategy        PnL: 14:57:18 MTM=1099.00 Profit=0.17%
2026-07-16 14:57:19 INFO     strategy        PnL: 14:57:19 MTM=1084.00 Profit=0.17%
2026-07-16 14:57:20 INFO     strategy        PnL: 14:57:20 MTM=1125.00 Profit=0.17%
2026-07-16 14:57:21 INFO     strategy        PnL: 14:57:21 MTM=1135.00 Profit=0.17%
2026-07-16 14:57:22 INFO     strategy        PnL: 14:57:22 MTM=1100.00 Profit=0.17%
2026-07-16 14:57:23 INFO     strategy        PnL: 14:57:23 MTM=1104.00 Profit=0.17%
2026-07-16 14:57:24 INFO     strategy        PnL: 14:57:24 MTM=1092.00 Profit=0.17%
2026-07-16 14:57:25 INFO     strategy        PnL: 14:57:25 MTM=1145.00 Profit=0.18%
2026-07-16 14:57:26 INFO     strategy        PnL: 14:57:26 MTM=1147.00 Profit=0.18%
2026-07-16 14:57:27 INFO     strategy        PnL: 14:57:27 MTM=1168.00 Profit=0.18%
2026-07-16 14:57:28 INFO     strategy        PnL: 14:57:28 MTM=1155.00 Profit=0.18%
2026-07-16 14:57:29 INFO     strategy        PnL: 14:57:29 MTM=1135.00 Profit=0.17%
2026-07-16 14:57:30 INFO     strategy        PnL: 14:57:30 MTM=1102.00 Profit=0.17%
2026-07-16 14:57:31 INFO     strategy        PnL: 14:57:31 MTM=1131.00 Profit=0.17%
2026-07-16 14:57:32 INFO     strategy        PnL: 14:57:32 MTM=1134.00 Profit=0.17%
2026-07-16 14:57:33 INFO     strategy        PnL: 14:57:33 MTM=1128.00 Profit=0.17%
2026-07-16 14:57:34 INFO     strategy        PnL: 14:57:34 MTM=1146.00 Profit=0.18%
2026-07-16 14:57:35 INFO     strategy        PnL: 14:57:35 MTM=1172.00 Profit=0.18%
2026-07-16 14:57:36 INFO     strategy        PnL: 14:57:36 MTM=1165.00 Profit=0.18%
2026-07-16 14:57:37 INFO     strategy        PnL: 14:57:37 MTM=1184.00 Profit=0.18%
2026-07-16 14:57:38 INFO     strategy        PnL: 14:57:38 MTM=1206.00 Profit=0.19%
2026-07-16 14:57:39 INFO     strategy        PnL: 14:57:39 MTM=1225.00 Profit=0.19%
2026-07-16 14:57:40 INFO     strategy        PnL: 14:57:40 MTM=1222.00 Profit=0.19%
2026-07-16 14:57:41 INFO     strategy        PnL: 14:57:41 MTM=1228.00 Profit=0.19%
2026-07-16 14:57:42 INFO     strategy        PnL: 14:57:42 MTM=1244.00 Profit=0.19%
2026-07-16 14:57:43 INFO     strategy        PnL: 14:57:43 MTM=1230.00 Profit=0.19%
2026-07-16 14:57:44 INFO     strategy        PnL: 14:57:44 MTM=1265.00 Profit=0.20%
2026-07-16 14:57:45 INFO     strategy        PnL: 14:57:45 MTM=1228.00 Profit=0.19%
2026-07-16 14:57:46 INFO     strategy        PnL: 14:57:46 MTM=1202.00 Profit=0.19%
2026-07-16 14:57:47 INFO     strategy        PnL: 14:57:47 MTM=1210.00 Profit=0.19%
2026-07-16 14:57:48 INFO     strategy        PnL: 14:57:48 MTM=1262.00 Profit=0.19%
2026-07-16 14:57:49 INFO     strategy        PnL: 14:57:49 MTM=1285.00 Profit=0.20%
2026-07-16 14:57:50 INFO     strategy        PnL: 14:57:50 MTM=1242.00 Profit=0.19%
2026-07-16 14:57:51 INFO     strategy        PnL: 14:57:51 MTM=1304.00 Profit=0.20%
2026-07-16 14:57:52 INFO     strategy        PnL: 14:57:52 MTM=1359.00 Profit=0.21%
2026-07-16 14:57:53 INFO     strategy        PnL: 14:57:53 MTM=1275.00 Profit=0.20%
2026-07-16 14:57:54 INFO     strategy        PnL: 14:57:54 MTM=1241.00 Profit=0.19%
2026-07-16 14:57:55 INFO     strategy        PnL: 14:57:55 MTM=1241.00 Profit=0.19%
2026-07-16 14:57:56 INFO     strategy        PnL: 14:57:56 MTM=1249.00 Profit=0.19%
2026-07-16 14:57:57 INFO     strategy        PnL: 14:57:57 MTM=1261.00 Profit=0.19%
2026-07-16 14:57:58 INFO     strategy        PnL: 14:57:58 MTM=1250.00 Profit=0.19%
2026-07-16 14:57:59 INFO     strategy        PnL: 14:57:59 MTM=1251.00 Profit=0.19%
2026-07-16 14:58:01 INFO     strategy        PnL: 14:58:01 MTM=1215.00 Profit=0.19%
2026-07-16 14:58:02 INFO     strategy        PnL: 14:58:02 MTM=1253.00 Profit=0.19%
2026-07-16 14:58:03 INFO     strategy        PnL: 14:58:03 MTM=1236.00 Profit=0.19%
2026-07-16 14:58:04 INFO     strategy        PnL: 14:58:04 MTM=1188.00 Profit=0.18%
2026-07-16 14:58:05 INFO     strategy        PnL: 14:58:05 MTM=1148.00 Profit=0.18%
2026-07-16 14:58:06 INFO     strategy        PnL: 14:58:06 MTM=1143.00 Profit=0.18%
2026-07-16 14:58:07 INFO     strategy        PnL: 14:58:07 MTM=1183.00 Profit=0.18%
2026-07-16 14:58:08 INFO     strategy        PnL: 14:58:08 MTM=1177.00 Profit=0.18%
2026-07-16 14:58:09 INFO     strategy        PnL: 14:58:09 MTM=1130.00 Profit=0.17%
2026-07-16 14:58:10 INFO     strategy        PnL: 14:58:10 MTM=1134.00 Profit=0.17%
2026-07-16 14:58:11 INFO     strategy        PnL: 14:58:11 MTM=1149.00 Profit=0.18%
2026-07-16 14:58:12 INFO     strategy        PnL: 14:58:12 MTM=1207.00 Profit=0.19%
2026-07-16 14:58:13 INFO     strategy        PnL: 14:58:13 MTM=1207.00 Profit=0.19%
2026-07-16 14:58:14 INFO     strategy        PnL: 14:58:14 MTM=1251.00 Profit=0.19%
2026-07-16 14:58:15 INFO     strategy        PnL: 14:58:15 MTM=1226.00 Profit=0.19%
2026-07-16 14:58:16 INFO     strategy        PnL: 14:58:16 MTM=1225.00 Profit=0.19%
2026-07-16 14:58:17 INFO     strategy        PnL: 14:58:17 MTM=1198.00 Profit=0.18%
2026-07-16 14:58:18 INFO     strategy        PnL: 14:58:18 MTM=1219.00 Profit=0.19%
2026-07-16 14:58:19 INFO     strategy        PnL: 14:58:19 MTM=1189.00 Profit=0.18%
2026-07-16 14:58:20 INFO     strategy        PnL: 14:58:20 MTM=1200.00 Profit=0.18%
2026-07-16 14:58:21 INFO     strategy        PnL: 14:58:21 MTM=1212.00 Profit=0.19%
2026-07-16 14:58:22 INFO     strategy        PnL: 14:58:22 MTM=1252.00 Profit=0.19%
2026-07-16 14:58:23 INFO     strategy        PnL: 14:58:23 MTM=1238.00 Profit=0.19%
2026-07-16 14:58:24 INFO     strategy        PnL: 14:58:24 MTM=1180.00 Profit=0.18%
2026-07-16 14:58:25 INFO     strategy        PnL: 14:58:25 MTM=1160.00 Profit=0.18%
2026-07-16 14:58:26 INFO     strategy        PnL: 14:58:26 MTM=1172.00 Profit=0.18%
2026-07-16 14:58:27 INFO     strategy        PnL: 14:58:27 MTM=1139.00 Profit=0.18%
2026-07-16 14:58:28 INFO     strategy        PnL: 14:58:28 MTM=1182.00 Profit=0.18%
2026-07-16 14:58:29 INFO     strategy        PnL: 14:58:29 MTM=1165.00 Profit=0.18%
2026-07-16 14:58:30 INFO     strategy        PnL: 14:58:30 MTM=1124.00 Profit=0.17%
2026-07-16 14:58:31 INFO     strategy        PnL: 14:58:31 MTM=1129.00 Profit=0.17%
2026-07-16 14:58:32 INFO     strategy        PnL: 14:58:32 MTM=1094.00 Profit=0.17%
2026-07-16 14:58:33 INFO     strategy        PnL: 14:58:33 MTM=1106.00 Profit=0.17%
2026-07-16 14:58:34 INFO     strategy        PnL: 14:58:34 MTM=1140.00 Profit=0.18%
2026-07-16 14:58:35 INFO     strategy        PnL: 14:58:35 MTM=1123.00 Profit=0.17%
2026-07-16 14:58:36 INFO     strategy        PnL: 14:58:36 MTM=1133.00 Profit=0.17%
2026-07-16 14:58:37 INFO     strategy        PnL: 14:58:37 MTM=1169.00 Profit=0.18%
2026-07-16 14:58:38 INFO     strategy        PnL: 14:58:38 MTM=1172.00 Profit=0.18%
2026-07-16 14:58:39 INFO     strategy        PnL: 14:58:39 MTM=1105.00 Profit=0.17%
2026-07-16 14:58:40 INFO     strategy        PnL: 14:58:40 MTM=1101.00 Profit=0.17%
2026-07-16 14:58:41 INFO     strategy        PnL: 14:58:41 MTM=1010.00 Profit=0.16%
2026-07-16 14:58:42 INFO     strategy        PnL: 14:58:42 MTM=1079.00 Profit=0.17%
2026-07-16 14:58:43 INFO     strategy        PnL: 14:58:43 MTM=1115.00 Profit=0.17%
2026-07-16 14:58:44 INFO     strategy        PnL: 14:58:44 MTM=1097.00 Profit=0.17%
2026-07-16 14:58:45 INFO     strategy        PnL: 14:58:45 MTM=1069.00 Profit=0.16%
2026-07-16 14:58:46 INFO     strategy        PnL: 14:58:46 MTM=1098.00 Profit=0.17%
2026-07-16 14:58:47 INFO     strategy        PnL: 14:58:47 MTM=1060.00 Profit=0.16%
2026-07-16 14:58:48 INFO     strategy        PnL: 14:58:48 MTM=1108.00 Profit=0.17%
2026-07-16 14:58:49 INFO     strategy        PnL: 14:58:49 MTM=1087.00 Profit=0.17%
2026-07-16 14:58:50 INFO     strategy        PnL: 14:58:50 MTM=1072.00 Profit=0.17%
2026-07-16 14:58:51 INFO     strategy        PnL: 14:58:51 MTM=1048.00 Profit=0.16%
2026-07-16 14:58:52 INFO     strategy        PnL: 14:58:52 MTM=1072.00 Profit=0.17%
2026-07-16 14:58:53 INFO     strategy        PnL: 14:58:53 MTM=1104.00 Profit=0.17%
2026-07-16 14:58:54 INFO     strategy        PnL: 14:58:54 MTM=1050.00 Profit=0.16%
2026-07-16 14:58:55 INFO     strategy        PnL: 14:58:55 MTM=1069.00 Profit=0.16%
2026-07-16 14:58:56 INFO     strategy        PnL: 14:58:56 MTM=1082.00 Profit=0.17%
2026-07-16 14:58:57 INFO     strategy        PnL: 14:58:57 MTM=1061.00 Profit=0.16%
2026-07-16 14:58:58 INFO     strategy        PnL: 14:58:58 MTM=1044.00 Profit=0.16%
2026-07-16 14:58:59 INFO     strategy        PnL: 14:58:59 MTM=1066.00 Profit=0.16%
2026-07-16 14:59:00 INFO     strategy        PnL: 14:59:00 MTM=943.00 Profit=0.15%
2026-07-16 14:59:01 INFO     strategy        PnL: 14:59:01 MTM=849.00 Profit=0.13%
2026-07-16 14:59:02 INFO     strategy        PnL: 14:59:02 MTM=742.00 Profit=0.11%
2026-07-16 14:59:03 INFO     strategy        PnL: 14:59:03 MTM=936.00 Profit=0.14%
2026-07-16 14:59:04 INFO     strategy        PnL: 14:59:04 MTM=1093.00 Profit=0.17%
2026-07-16 14:59:05 INFO     strategy        PnL: 14:59:05 MTM=833.00 Profit=0.13%
2026-07-16 14:59:06 INFO     strategy        PnL: 14:59:06 MTM=802.00 Profit=0.12%
2026-07-16 14:59:07 INFO     strategy        PnL: 14:59:07 MTM=725.00 Profit=0.11%
2026-07-16 14:59:08 INFO     strategy        PnL: 14:59:08 MTM=848.00 Profit=0.13%
2026-07-16 14:59:09 INFO     strategy        PnL: 14:59:09 MTM=848.00 Profit=0.13%
2026-07-16 14:59:10 INFO     strategy        PnL: 14:59:10 MTM=810.00 Profit=0.12%
2026-07-16 14:59:11 INFO     strategy        PnL: 14:59:11 MTM=871.00 Profit=0.13%
2026-07-16 14:59:12 INFO     strategy        PnL: 14:59:12 MTM=947.00 Profit=0.15%
2026-07-16 14:59:13 INFO     strategy        PnL: 14:59:13 MTM=825.00 Profit=0.13%
2026-07-16 14:59:14 INFO     strategy        PnL: 14:59:14 MTM=783.00 Profit=0.12%
2026-07-16 14:59:15 INFO     strategy        PnL: 14:59:15 MTM=822.00 Profit=0.13%
2026-07-16 14:59:16 INFO     strategy        PnL: 14:59:16 MTM=862.00 Profit=0.13%
2026-07-16 14:59:17 INFO     strategy        PnL: 14:59:17 MTM=900.00 Profit=0.14%
2026-07-16 14:59:18 INFO     strategy        PnL: 14:59:18 MTM=895.00 Profit=0.14%
2026-07-16 14:59:19 INFO     strategy        PnL: 14:59:19 MTM=839.00 Profit=0.13%
2026-07-16 14:59:20 INFO     strategy        PnL: 14:59:20 MTM=856.00 Profit=0.13%
2026-07-16 14:59:21 INFO     strategy        PnL: 14:59:21 MTM=890.00 Profit=0.14%
2026-07-16 14:59:22 INFO     strategy        PnL: 14:59:22 MTM=942.00 Profit=0.15%
2026-07-16 14:59:23 INFO     strategy        PnL: 14:59:23 MTM=951.00 Profit=0.15%
2026-07-16 14:59:24 INFO     strategy        PnL: 14:59:24 MTM=921.00 Profit=0.14%
2026-07-16 14:59:25 INFO     strategy        PnL: 14:59:25 MTM=972.00 Profit=0.15%
2026-07-16 14:59:26 INFO     strategy        PnL: 14:59:26 MTM=873.00 Profit=0.13%
2026-07-16 14:59:27 INFO     strategy        PnL: 14:59:27 MTM=890.00 Profit=0.14%
2026-07-16 14:59:28 INFO     strategy        PnL: 14:59:28 MTM=899.00 Profit=0.14%
2026-07-16 14:59:29 INFO     strategy        PnL: 14:59:29 MTM=936.00 Profit=0.14%
2026-07-16 14:59:30 INFO     strategy        PnL: 14:59:30 MTM=887.00 Profit=0.14%
2026-07-16 14:59:31 INFO     strategy        PnL: 14:59:31 MTM=922.00 Profit=0.14%
2026-07-16 14:59:32 INFO     strategy        PnL: 14:59:32 MTM=881.00 Profit=0.14%
2026-07-16 14:59:33 INFO     strategy        PnL: 14:59:33 MTM=914.00 Profit=0.14%
2026-07-16 14:59:34 INFO     strategy        PnL: 14:59:34 MTM=1065.00 Profit=0.16%
2026-07-16 14:59:35 INFO     strategy        PnL: 14:59:35 MTM=1042.00 Profit=0.16%
2026-07-16 14:59:36 INFO     strategy        PnL: 14:59:36 MTM=1050.00 Profit=0.16%
2026-07-16 14:59:37 INFO     strategy        PnL: 14:59:37 MTM=952.00 Profit=0.15%
2026-07-16 14:59:38 INFO     strategy        PnL: 14:59:38 MTM=1012.00 Profit=0.16%
2026-07-16 14:59:39 INFO     strategy        PnL: 14:59:39 MTM=1031.00 Profit=0.16%
2026-07-16 14:59:40 INFO     strategy        PnL: 14:59:40 MTM=969.00 Profit=0.15%
2026-07-16 14:59:41 INFO     strategy        PnL: 14:59:41 MTM=977.00 Profit=0.15%
2026-07-16 14:59:42 INFO     strategy        PnL: 14:59:42 MTM=952.00 Profit=0.15%
2026-07-16 14:59:44 INFO     strategy        PnL: 14:59:44 MTM=999.00 Profit=0.15%
2026-07-16 14:59:45 INFO     strategy        PnL: 14:59:45 MTM=992.00 Profit=0.15%
2026-07-16 14:59:46 INFO     strategy        PnL: 14:59:46 MTM=957.00 Profit=0.15%
2026-07-16 14:59:47 INFO     strategy        PnL: 14:59:47 MTM=936.00 Profit=0.14%
2026-07-16 14:59:48 INFO     strategy        PnL: 14:59:48 MTM=931.00 Profit=0.14%
2026-07-16 14:59:49 INFO     strategy        PnL: 14:59:49 MTM=911.00 Profit=0.14%
2026-07-16 14:59:50 INFO     strategy        PnL: 14:59:50 MTM=888.00 Profit=0.14%
2026-07-16 14:59:51 INFO     strategy        PnL: 14:59:51 MTM=909.00 Profit=0.14%
2026-07-16 14:59:52 INFO     strategy        PnL: 14:59:52 MTM=878.00 Profit=0.14%
2026-07-16 14:59:53 INFO     strategy        PnL: 14:59:53 MTM=927.00 Profit=0.14%
2026-07-16 14:59:54 INFO     strategy        PnL: 14:59:54 MTM=812.00 Profit=0.13%
2026-07-16 14:59:55 INFO     strategy        PnL: 14:59:55 MTM=907.00 Profit=0.14%
2026-07-16 14:59:56 INFO     strategy        PnL: 14:59:56 MTM=890.00 Profit=0.14%
2026-07-16 14:59:57 INFO     strategy        PnL: 14:59:57 MTM=932.00 Profit=0.14%
2026-07-16 14:59:58 INFO     strategy        PnL: 14:59:58 MTM=883.00 Profit=0.14%
2026-07-16 14:59:59 INFO     strategy        PnL: 14:59:59 MTM=906.00 Profit=0.14%
2026-07-16 15:00:00 INFO     strategy        PnL: 15:00:00 MTM=880.00 Profit=0.14%
2026-07-16 15:00:01 INFO     strategy        PnL: 15:00:01 MTM=875.00 Profit=0.13%
2026-07-16 15:00:02 INFO     strategy        PnL: 15:00:02 MTM=988.00 Profit=0.15%
2026-07-16 15:00:03 INFO     strategy        PnL: 15:00:03 MTM=969.00 Profit=0.15%
2026-07-16 15:00:04 INFO     strategy        PnL: 15:00:04 MTM=938.00 Profit=0.14%
2026-07-16 15:00:05 INFO     strategy        PnL: 15:00:05 MTM=882.00 Profit=0.14%
2026-07-16 15:00:06 INFO     strategy        PnL: 15:00:06 MTM=877.00 Profit=0.14%
2026-07-16 15:00:07 INFO     strategy        PnL: 15:00:07 MTM=1001.00 Profit=0.15%
2026-07-16 15:00:08 INFO     strategy        PnL: 15:00:08 MTM=926.00 Profit=0.14%
2026-07-16 15:00:09 INFO     strategy        PnL: 15:00:09 MTM=1000.00 Profit=0.15%
2026-07-16 15:00:10 INFO     strategy        PnL: 15:00:10 MTM=849.00 Profit=0.13%
2026-07-16 15:00:11 INFO     strategy        PnL: 15:00:11 MTM=832.00 Profit=0.13%
2026-07-16 15:00:12 INFO     strategy        PnL: 15:00:12 MTM=876.00 Profit=0.14%
2026-07-16 15:00:13 INFO     strategy        PnL: 15:00:13 MTM=929.00 Profit=0.14%
2026-07-16 15:00:14 INFO     strategy        PnL: 15:00:14 MTM=559.00 Profit=0.09%
2026-07-16 15:00:15 INFO     strategy        PnL: 15:00:15 MTM=709.00 Profit=0.11%
2026-07-16 15:00:16 INFO     strategy        PnL: 15:00:16 MTM=588.00 Profit=0.09%
2026-07-16 15:00:17 INFO     strategy        PnL: 15:00:17 MTM=679.00 Profit=0.10%
2026-07-16 15:00:18 INFO     strategy        PnL: 15:00:18 MTM=663.00 Profit=0.10%
2026-07-16 15:00:19 INFO     strategy        PnL: 15:00:19 MTM=634.00 Profit=0.10%
2026-07-16 15:00:20 INFO     strategy        PnL: 15:00:20 MTM=821.00 Profit=0.13%
2026-07-16 15:00:21 INFO     strategy        PnL: 15:00:21 MTM=676.00 Profit=0.10%
2026-07-16 15:00:22 INFO     strategy        PnL: 15:00:22 MTM=575.00 Profit=0.09%
2026-07-16 15:00:23 INFO     strategy        PnL: 15:00:23 MTM=504.00 Profit=0.08%
2026-07-16 15:00:24 INFO     strategy        PnL: 15:00:24 MTM=553.00 Profit=0.09%
2026-07-16 15:00:25 INFO     strategy        PnL: 15:00:25 MTM=553.00 Profit=0.09%
2026-07-16 15:00:26 INFO     strategy        PnL: 15:00:26 MTM=612.00 Profit=0.09%
2026-07-16 15:00:27 INFO     strategy        PnL: 15:00:27 MTM=478.00 Profit=0.07%
2026-07-16 15:00:28 INFO     strategy        PnL: 15:00:28 MTM=540.00 Profit=0.08%
2026-07-16 15:00:29 INFO     strategy        PnL: 15:00:29 MTM=424.00 Profit=0.07%
2026-07-16 15:00:30 INFO     strategy        PnL: 15:00:30 MTM=479.00 Profit=0.07%
2026-07-16 15:00:31 INFO     strategy        PnL: 15:00:31 MTM=471.00 Profit=0.07%
2026-07-16 15:00:32 INFO     strategy        PnL: 15:00:32 MTM=475.00 Profit=0.07%
2026-07-16 15:00:33 INFO     strategy        PnL: 15:00:33 MTM=462.00 Profit=0.07%
2026-07-16 15:00:34 INFO     strategy        PnL: 15:00:34 MTM=511.00 Profit=0.08%
2026-07-16 15:00:35 INFO     strategy        PnL: 15:00:35 MTM=473.00 Profit=0.07%
2026-07-16 15:00:36 INFO     strategy        PnL: 15:00:36 MTM=490.00 Profit=0.08%
2026-07-16 15:00:37 INFO     strategy        PnL: 15:00:37 MTM=495.00 Profit=0.08%
2026-07-16 15:00:38 INFO     strategy        PnL: 15:00:38 MTM=506.00 Profit=0.08%
2026-07-16 15:00:39 INFO     strategy        PnL: 15:00:39 MTM=469.00 Profit=0.07%
2026-07-16 15:00:40 INFO     strategy        PnL: 15:00:40 MTM=475.00 Profit=0.07%
2026-07-16 15:00:41 INFO     strategy        PnL: 15:00:41 MTM=523.00 Profit=0.08%
2026-07-16 15:00:42 INFO     strategy        PnL: 15:00:42 MTM=542.00 Profit=0.08%
2026-07-16 15:00:43 INFO     strategy        PnL: 15:00:43 MTM=494.00 Profit=0.08%
2026-07-16 15:00:44 INFO     strategy        PnL: 15:00:44 MTM=498.00 Profit=0.08%
2026-07-16 15:00:45 INFO     strategy        PnL: 15:00:45 MTM=471.00 Profit=0.07%
2026-07-16 15:00:46 INFO     strategy        PnL: 15:00:46 MTM=438.00 Profit=0.07%
2026-07-16 15:00:47 INFO     strategy        PnL: 15:00:47 MTM=489.00 Profit=0.08%
2026-07-16 15:00:48 INFO     strategy        PnL: 15:00:48 MTM=424.00 Profit=0.07%
2026-07-16 15:00:49 INFO     strategy        PnL: 15:00:49 MTM=500.00 Profit=0.08%
2026-07-16 15:00:50 INFO     strategy        PnL: 15:00:50 MTM=513.00 Profit=0.08%
2026-07-16 15:00:51 INFO     strategy        PnL: 15:00:51 MTM=501.00 Profit=0.08%
2026-07-16 15:00:52 INFO     strategy        PnL: 15:00:52 MTM=468.00 Profit=0.07%
2026-07-16 15:00:53 INFO     strategy        PnL: 15:00:53 MTM=440.00 Profit=0.07%
2026-07-16 15:00:54 INFO     strategy        PnL: 15:00:54 MTM=480.00 Profit=0.07%
2026-07-16 15:00:55 INFO     strategy        PnL: 15:00:55 MTM=586.00 Profit=0.09%
2026-07-16 15:00:56 INFO     strategy        PnL: 15:00:56 MTM=407.00 Profit=0.06%
2026-07-16 15:00:57 INFO     strategy        PnL: 15:00:57 MTM=265.00 Profit=0.04%
2026-07-16 15:00:58 INFO     strategy        PnL: 15:00:58 MTM=454.00 Profit=0.07%
2026-07-16 15:00:59 INFO     strategy        PnL: 15:00:59 MTM=357.00 Profit=0.06%
2026-07-16 15:01:00 INFO     strategy        PnL: 15:01:00 MTM=455.00 Profit=0.07%
2026-07-16 15:01:01 INFO     strategy        PnL: 15:01:01 MTM=401.00 Profit=0.06%
2026-07-16 15:01:02 INFO     strategy        PnL: 15:01:02 MTM=431.00 Profit=0.07%
2026-07-16 15:01:03 INFO     strategy        PnL: 15:01:03 MTM=420.00 Profit=0.06%
2026-07-16 15:01:04 INFO     strategy        PnL: 15:01:04 MTM=424.00 Profit=0.07%
2026-07-16 15:01:05 INFO     strategy        PnL: 15:01:05 MTM=416.00 Profit=0.06%
2026-07-16 15:01:06 INFO     strategy        PnL: 15:01:06 MTM=492.00 Profit=0.08%
2026-07-16 15:01:07 INFO     strategy        PnL: 15:01:07 MTM=419.00 Profit=0.06%
2026-07-16 15:01:08 INFO     strategy        PnL: 15:01:08 MTM=460.00 Profit=0.07%
2026-07-16 15:01:09 INFO     strategy        PnL: 15:01:09 MTM=542.00 Profit=0.08%
2026-07-16 15:01:10 INFO     strategy        PnL: 15:01:10 MTM=437.00 Profit=0.07%
2026-07-16 15:01:11 INFO     strategy        PnL: 15:01:11 MTM=451.00 Profit=0.07%
2026-07-16 15:01:12 INFO     strategy        PnL: 15:01:12 MTM=517.00 Profit=0.08%
2026-07-16 15:01:13 INFO     strategy        PnL: 15:01:13 MTM=555.00 Profit=0.09%
2026-07-16 15:01:14 INFO     strategy        PnL: 15:01:14 MTM=494.00 Profit=0.08%
2026-07-16 15:01:15 INFO     strategy        PnL: 15:01:15 MTM=553.00 Profit=0.09%
2026-07-16 15:01:16 INFO     strategy        PnL: 15:01:16 MTM=614.00 Profit=0.09%
2026-07-16 15:01:17 INFO     strategy        PnL: 15:01:17 MTM=626.00 Profit=0.10%
2026-07-16 15:01:18 INFO     strategy        PnL: 15:01:18 MTM=408.00 Profit=0.06%
2026-07-16 15:01:19 INFO     strategy        PnL: 15:01:19 MTM=563.00 Profit=0.09%
2026-07-16 15:01:20 INFO     strategy        PnL: 15:01:20 MTM=642.00 Profit=0.10%
2026-07-16 15:01:21 INFO     strategy        PnL: 15:01:21 MTM=644.00 Profit=0.10%
2026-07-16 15:01:22 INFO     strategy        PnL: 15:01:22 MTM=643.00 Profit=0.10%
2026-07-16 15:01:24 INFO     strategy        PnL: 15:01:24 MTM=581.00 Profit=0.09%
2026-07-16 15:01:25 INFO     strategy        PnL: 15:01:25 MTM=607.00 Profit=0.09%
2026-07-16 15:01:26 INFO     strategy        PnL: 15:01:26 MTM=518.00 Profit=0.08%
2026-07-16 15:01:27 INFO     strategy        PnL: 15:01:27 MTM=560.00 Profit=0.09%
2026-07-16 15:01:28 INFO     strategy        PnL: 15:01:28 MTM=602.00 Profit=0.09%
2026-07-16 15:01:29 INFO     strategy        PnL: 15:01:29 MTM=599.00 Profit=0.09%
2026-07-16 15:01:30 INFO     strategy        PnL: 15:01:30 MTM=604.00 Profit=0.09%
2026-07-16 15:01:31 INFO     strategy        PnL: 15:01:31 MTM=546.00 Profit=0.08%
2026-07-16 15:01:32 INFO     strategy        PnL: 15:01:32 MTM=675.00 Profit=0.10%
2026-07-16 15:01:33 INFO     strategy        PnL: 15:01:33 MTM=617.00 Profit=0.10%
2026-07-16 15:01:34 INFO     strategy        PnL: 15:01:34 MTM=749.00 Profit=0.12%
2026-07-16 15:01:35 INFO     strategy        PnL: 15:01:35 MTM=708.00 Profit=0.11%
2026-07-16 15:01:36 INFO     strategy        PnL: 15:01:36 MTM=790.00 Profit=0.12%
2026-07-16 15:01:37 INFO     strategy        PnL: 15:01:37 MTM=699.00 Profit=0.11%
2026-07-16 15:01:38 INFO     strategy        PnL: 15:01:38 MTM=689.00 Profit=0.11%
2026-07-16 15:01:39 INFO     strategy        PnL: 15:01:39 MTM=704.00 Profit=0.11%
2026-07-16 15:01:40 INFO     strategy        PnL: 15:01:40 MTM=693.00 Profit=0.11%
2026-07-16 15:01:41 INFO     strategy        PnL: 15:01:41 MTM=799.00 Profit=0.12%
2026-07-16 15:01:42 INFO     strategy        PnL: 15:01:42 MTM=788.00 Profit=0.12%
2026-07-16 15:01:43 INFO     strategy        PnL: 15:01:43 MTM=778.00 Profit=0.12%
2026-07-16 15:01:44 INFO     strategy        PnL: 15:01:44 MTM=720.00 Profit=0.11%
2026-07-16 15:01:45 INFO     strategy        PnL: 15:01:45 MTM=724.00 Profit=0.11%
2026-07-16 15:01:46 INFO     strategy        PnL: 15:01:46 MTM=748.00 Profit=0.12%
2026-07-16 15:01:47 INFO     strategy        PnL: 15:01:47 MTM=765.00 Profit=0.12%
2026-07-16 15:01:48 INFO     strategy        PnL: 15:01:48 MTM=746.00 Profit=0.12%
2026-07-16 15:01:49 INFO     strategy        PnL: 15:01:49 MTM=823.00 Profit=0.13%
2026-07-16 15:01:50 INFO     strategy        PnL: 15:01:50 MTM=809.00 Profit=0.12%
2026-07-16 15:01:51 INFO     strategy        PnL: 15:01:51 MTM=766.00 Profit=0.12%
2026-07-16 15:01:52 INFO     strategy        PnL: 15:01:52 MTM=826.00 Profit=0.13%
2026-07-16 15:01:53 INFO     strategy        PnL: 15:01:53 MTM=777.00 Profit=0.12%
2026-07-16 15:01:54 INFO     strategy        PnL: 15:01:54 MTM=780.00 Profit=0.12%
2026-07-16 15:01:55 INFO     strategy        PnL: 15:01:55 MTM=748.00 Profit=0.12%
2026-07-16 15:01:56 INFO     strategy        PnL: 15:01:56 MTM=649.00 Profit=0.10%
2026-07-16 15:01:57 INFO     strategy        PnL: 15:01:57 MTM=553.00 Profit=0.09%
2026-07-16 15:01:58 INFO     strategy        PnL: 15:01:58 MTM=566.00 Profit=0.09%
2026-07-16 15:01:59 INFO     strategy        PnL: 15:01:59 MTM=669.00 Profit=0.10%
2026-07-16 15:02:00 INFO     strategy        PnL: 15:02:00 MTM=676.00 Profit=0.10%
2026-07-16 15:02:01 INFO     strategy        PnL: 15:02:01 MTM=679.00 Profit=0.10%
2026-07-16 15:02:02 INFO     strategy        PnL: 15:02:02 MTM=722.00 Profit=0.11%
2026-07-16 15:02:03 INFO     strategy        PnL: 15:02:03 MTM=912.00 Profit=0.14%
2026-07-16 15:02:04 INFO     strategy        PnL: 15:02:04 MTM=885.00 Profit=0.14%
2026-07-16 15:02:05 INFO     strategy        PnL: 15:02:05 MTM=1003.00 Profit=0.15%
2026-07-16 15:02:06 INFO     strategy        PnL: 15:02:06 MTM=1031.00 Profit=0.16%
2026-07-16 15:02:07 INFO     strategy        PnL: 15:02:07 MTM=1105.00 Profit=0.17%
2026-07-16 15:02:08 INFO     strategy        PnL: 15:02:08 MTM=1214.00 Profit=0.19%
2026-07-16 15:02:09 INFO     strategy        PnL: 15:02:09 MTM=1106.00 Profit=0.17%
2026-07-16 15:02:10 INFO     strategy        PnL: 15:02:10 MTM=1187.00 Profit=0.18%
2026-07-16 15:02:11 INFO     strategy        PnL: 15:02:11 MTM=1196.00 Profit=0.18%
2026-07-16 15:02:12 INFO     strategy        PnL: 15:02:12 MTM=1135.00 Profit=0.17%
2026-07-16 15:02:13 INFO     strategy        PnL: 15:02:13 MTM=1060.00 Profit=0.16%
2026-07-16 15:02:14 INFO     strategy        PnL: 15:02:14 MTM=1099.00 Profit=0.17%
2026-07-16 15:02:15 INFO     strategy        PnL: 15:02:15 MTM=1221.00 Profit=0.19%
2026-07-16 15:02:16 INFO     strategy        PnL: 15:02:16 MTM=1238.00 Profit=0.19%
2026-07-16 15:02:17 INFO     strategy        PnL: 15:02:17 MTM=1295.00 Profit=0.20%
2026-07-16 15:02:18 INFO     strategy        PnL: 15:02:18 MTM=1367.00 Profit=0.21%
2026-07-16 15:02:19 INFO     strategy        PnL: 15:02:19 MTM=1337.00 Profit=0.21%
2026-07-16 15:02:20 INFO     strategy        PnL: 15:02:20 MTM=1360.00 Profit=0.21%
2026-07-16 15:02:21 INFO     strategy        PnL: 15:02:21 MTM=1350.00 Profit=0.21%
2026-07-16 15:02:22 INFO     strategy        PnL: 15:02:22 MTM=1455.00 Profit=0.22%
2026-07-16 15:02:23 INFO     strategy        PnL: 15:02:23 MTM=1634.00 Profit=0.25%
2026-07-16 15:02:24 INFO     strategy        PnL: 15:02:24 MTM=1707.00 Profit=0.26%
2026-07-16 15:02:25 INFO     strategy        PnL: 15:02:25 MTM=1774.00 Profit=0.27%
2026-07-16 15:02:26 INFO     strategy        PnL: 15:02:26 MTM=1708.00 Profit=0.26%
2026-07-16 15:02:27 INFO     strategy        PnL: 15:02:27 MTM=1772.00 Profit=0.27%
2026-07-16 15:02:28 INFO     strategy        PnL: 15:02:28 MTM=1599.00 Profit=0.25%
2026-07-16 15:02:29 INFO     strategy        PnL: 15:02:29 MTM=1588.00 Profit=0.24%
2026-07-16 15:02:30 INFO     strategy        PnL: 15:02:30 MTM=1459.00 Profit=0.22%
2026-07-16 15:02:31 INFO     strategy        PnL: 15:02:31 MTM=1565.00 Profit=0.24%
2026-07-16 15:02:32 INFO     strategy        PnL: 15:02:32 MTM=1608.00 Profit=0.25%
2026-07-16 15:02:33 INFO     strategy        PnL: 15:02:33 MTM=1563.00 Profit=0.24%
2026-07-16 15:02:34 INFO     strategy        PnL: 15:02:34 MTM=1666.00 Profit=0.26%
2026-07-16 15:02:35 INFO     strategy        PnL: 15:02:35 MTM=1807.00 Profit=0.28%
2026-07-16 15:02:36 INFO     strategy        PnL: 15:02:36 MTM=1768.00 Profit=0.27%
2026-07-16 15:02:37 INFO     strategy        PnL: 15:02:37 MTM=1761.00 Profit=0.27%
2026-07-16 15:02:38 INFO     strategy        PnL: 15:02:38 MTM=1610.00 Profit=0.25%
2026-07-16 15:02:39 INFO     strategy        PnL: 15:02:39 MTM=1540.00 Profit=0.24%
2026-07-16 15:02:40 INFO     strategy        PnL: 15:02:40 MTM=1684.00 Profit=0.26%
2026-07-16 15:02:41 INFO     strategy        PnL: 15:02:41 MTM=1628.00 Profit=0.25%
2026-07-16 15:02:42 INFO     strategy        PnL: 15:02:42 MTM=1722.00 Profit=0.27%
2026-07-16 15:02:43 INFO     strategy        PnL: 15:02:43 MTM=1688.00 Profit=0.26%
2026-07-16 15:02:44 INFO     strategy        PnL: 15:02:44 MTM=1773.00 Profit=0.27%
2026-07-16 15:02:45 INFO     strategy        PnL: 15:02:45 MTM=1784.00 Profit=0.28%
2026-07-16 15:02:46 INFO     strategy        PnL: 15:02:46 MTM=1726.00 Profit=0.27%
2026-07-16 15:02:47 INFO     strategy        PnL: 15:02:47 MTM=1602.00 Profit=0.25%
2026-07-16 15:02:48 INFO     strategy        PnL: 15:02:48 MTM=1697.00 Profit=0.26%
2026-07-16 15:02:50 INFO     strategy        PnL: 15:02:50 MTM=1694.00 Profit=0.26%
2026-07-16 15:02:51 INFO     strategy        PnL: 15:02:51 MTM=1791.00 Profit=0.28%
2026-07-16 15:02:52 INFO     strategy        PnL: 15:02:52 MTM=1804.00 Profit=0.28%
2026-07-16 15:02:53 INFO     strategy        PnL: 15:02:53 MTM=1738.00 Profit=0.27%
2026-07-16 15:02:54 INFO     strategy        PnL: 15:02:54 MTM=1700.00 Profit=0.26%
2026-07-16 15:02:55 INFO     strategy        PnL: 15:02:55 MTM=1699.00 Profit=0.26%
2026-07-16 15:02:56 INFO     strategy        PnL: 15:02:56 MTM=1729.00 Profit=0.27%
2026-07-16 15:02:57 INFO     strategy        PnL: 15:02:57 MTM=1736.00 Profit=0.27%
2026-07-16 15:02:58 INFO     strategy        PnL: 15:02:58 MTM=1748.00 Profit=0.27%
2026-07-16 15:02:59 INFO     strategy        PnL: 15:02:59 MTM=1747.00 Profit=0.27%
2026-07-16 15:03:00 INFO     strategy        PnL: 15:03:00 MTM=1884.00 Profit=0.29%
2026-07-16 15:03:01 INFO     strategy        PnL: 15:03:01 MTM=2008.00 Profit=0.31%
2026-07-16 15:03:02 INFO     strategy        PnL: 15:03:02 MTM=1949.00 Profit=0.30%
2026-07-16 15:03:03 INFO     strategy        PnL: 15:03:03 MTM=1847.00 Profit=0.28%
2026-07-16 15:03:04 INFO     strategy        PnL: 15:03:04 MTM=1975.00 Profit=0.30%
2026-07-16 15:03:05 INFO     strategy        PnL: 15:03:05 MTM=1941.00 Profit=0.30%
2026-07-16 15:03:06 INFO     strategy        PnL: 15:03:06 MTM=1952.00 Profit=0.30%
2026-07-16 15:03:07 INFO     strategy        PnL: 15:03:07 MTM=1853.00 Profit=0.29%
2026-07-16 15:03:08 INFO     strategy        PnL: 15:03:08 MTM=1823.00 Profit=0.28%
2026-07-16 15:03:09 INFO     strategy        PnL: 15:03:09 MTM=1708.00 Profit=0.26%
2026-07-16 15:03:10 INFO     strategy        PnL: 15:03:10 MTM=1732.00 Profit=0.27%
2026-07-16 15:03:11 INFO     strategy        PnL: 15:03:11 MTM=1804.00 Profit=0.28%
2026-07-16 15:03:12 INFO     strategy        PnL: 15:03:12 MTM=1795.00 Profit=0.28%
2026-07-16 15:03:13 INFO     strategy        PnL: 15:03:13 MTM=1882.00 Profit=0.29%
2026-07-16 15:03:14 INFO     strategy        PnL: 15:03:14 MTM=1831.00 Profit=0.28%
2026-07-16 15:03:15 INFO     strategy        PnL: 15:03:15 MTM=1710.00 Profit=0.26%
2026-07-16 15:03:16 INFO     strategy        PnL: 15:03:16 MTM=1682.00 Profit=0.26%
2026-07-16 15:03:17 INFO     strategy        PnL: 15:03:17 MTM=1803.00 Profit=0.28%
2026-07-16 15:03:18 INFO     strategy        PnL: 15:03:18 MTM=1797.00 Profit=0.28%
2026-07-16 15:03:19 INFO     strategy        PnL: 15:03:19 MTM=1910.00 Profit=0.29%
2026-07-16 15:03:20 INFO     strategy        PnL: 15:03:20 MTM=2027.00 Profit=0.31%
2026-07-16 15:03:21 INFO     strategy        PnL: 15:03:21 MTM=1985.00 Profit=0.31%
2026-07-16 15:03:22 INFO     strategy        PnL: 15:03:22 MTM=1939.00 Profit=0.30%
2026-07-16 15:03:23 INFO     strategy        PnL: 15:03:23 MTM=2013.00 Profit=0.31%
2026-07-16 15:03:24 INFO     strategy        PnL: 15:03:24 MTM=1996.00 Profit=0.31%
2026-07-16 15:03:25 INFO     strategy        PnL: 15:03:25 MTM=1919.00 Profit=0.30%
2026-07-16 15:03:26 INFO     strategy        PnL: 15:03:26 MTM=2013.00 Profit=0.31%
2026-07-16 15:03:27 INFO     strategy        PnL: 15:03:27 MTM=2012.00 Profit=0.31%
2026-07-16 15:03:28 INFO     strategy        PnL: 15:03:28 MTM=1991.00 Profit=0.31%
2026-07-16 15:03:29 INFO     strategy        PnL: 15:03:29 MTM=1959.00 Profit=0.30%
2026-07-16 15:03:30 INFO     strategy        PnL: 15:03:30 MTM=1936.00 Profit=0.30%
2026-07-16 15:03:31 INFO     strategy        PnL: 15:03:31 MTM=1994.00 Profit=0.31%
2026-07-16 15:03:32 INFO     strategy        PnL: 15:03:32 MTM=1991.00 Profit=0.31%
2026-07-16 15:03:33 INFO     strategy        PnL: 15:03:33 MTM=1934.00 Profit=0.30%
2026-07-16 15:03:34 INFO     strategy        PnL: 15:03:34 MTM=1896.00 Profit=0.29%
2026-07-16 15:03:35 INFO     strategy        PnL: 15:03:35 MTM=1878.00 Profit=0.29%
2026-07-16 15:03:36 INFO     strategy        PnL: 15:03:36 MTM=1888.00 Profit=0.29%
2026-07-16 15:03:37 INFO     strategy        PnL: 15:03:37 MTM=2009.00 Profit=0.31%
2026-07-16 15:03:38 INFO     strategy        PnL: 15:03:38 MTM=2006.00 Profit=0.31%
2026-07-16 15:03:39 INFO     strategy        PnL: 15:03:39 MTM=2071.00 Profit=0.32%
2026-07-16 15:03:40 INFO     strategy        PnL: 15:03:40 MTM=2137.00 Profit=0.33%
2026-07-16 15:03:41 INFO     strategy        PnL: 15:03:41 MTM=2294.00 Profit=0.35%
2026-07-16 15:03:42 INFO     strategy        PnL: 15:03:42 MTM=2344.00 Profit=0.36%
2026-07-16 15:03:43 INFO     strategy        PnL: 15:03:43 MTM=2301.00 Profit=0.35%
2026-07-16 15:03:44 INFO     strategy        PnL: 15:03:44 MTM=2322.00 Profit=0.36%
2026-07-16 15:03:45 INFO     strategy        PnL: 15:03:45 MTM=2399.00 Profit=0.37%
2026-07-16 15:03:46 INFO     strategy        PnL: 15:03:46 MTM=2512.00 Profit=0.39%
2026-07-16 15:03:47 INFO     strategy        PnL: 15:03:47 MTM=2499.00 Profit=0.39%
2026-07-16 15:03:48 INFO     strategy        PnL: 15:03:48 MTM=2570.00 Profit=0.40%
2026-07-16 15:03:49 INFO     strategy        PnL: 15:03:49 MTM=2385.00 Profit=0.37%
2026-07-16 15:03:50 INFO     strategy        PnL: 15:03:50 MTM=2359.00 Profit=0.36%
2026-07-16 15:03:51 INFO     strategy        PnL: 15:03:51 MTM=2293.00 Profit=0.35%
2026-07-16 15:03:52 INFO     strategy        PnL: 15:03:52 MTM=2443.00 Profit=0.38%
2026-07-16 15:03:53 INFO     strategy        PnL: 15:03:53 MTM=2488.00 Profit=0.38%
2026-07-16 15:03:54 INFO     strategy        PnL: 15:03:54 MTM=2430.00 Profit=0.37%
2026-07-16 15:03:55 INFO     strategy        PnL: 15:03:55 MTM=2441.00 Profit=0.38%
2026-07-16 15:03:56 INFO     strategy        PnL: 15:03:56 MTM=2530.00 Profit=0.39%
2026-07-16 15:03:57 INFO     strategy        PnL: 15:03:57 MTM=2581.00 Profit=0.40%
2026-07-16 15:03:58 INFO     strategy        PnL: 15:03:58 MTM=2541.00 Profit=0.39%
2026-07-16 15:03:59 INFO     strategy        PnL: 15:03:59 MTM=2580.00 Profit=0.40%
2026-07-16 15:04:00 INFO     strategy        PnL: 15:04:00 MTM=2466.00 Profit=0.38%
2026-07-16 15:04:01 INFO     strategy        PnL: 15:04:01 MTM=2499.00 Profit=0.39%
2026-07-16 15:04:02 INFO     strategy        PnL: 15:04:02 MTM=2478.00 Profit=0.38%
2026-07-16 15:04:03 INFO     strategy        PnL: 15:04:03 MTM=2584.00 Profit=0.40%
2026-07-16 15:04:04 INFO     strategy        PnL: 15:04:04 MTM=2516.00 Profit=0.39%
2026-07-16 15:04:05 INFO     strategy        PnL: 15:04:05 MTM=2584.00 Profit=0.40%
2026-07-16 15:04:06 INFO     strategy        PnL: 15:04:06 MTM=2554.00 Profit=0.39%
2026-07-16 15:04:07 INFO     strategy        PnL: 15:04:07 MTM=2692.00 Profit=0.41%
2026-07-16 15:04:08 INFO     strategy        PnL: 15:04:08 MTM=2833.00 Profit=0.44%
2026-07-16 15:04:09 INFO     strategy        PnL: 15:04:09 MTM=2776.00 Profit=0.43%
2026-07-16 15:04:10 INFO     strategy        PnL: 15:04:10 MTM=2800.00 Profit=0.43%
2026-07-16 15:04:11 INFO     strategy        PnL: 15:04:11 MTM=2823.00 Profit=0.44%
2026-07-16 15:04:12 INFO     strategy        PnL: 15:04:12 MTM=2739.00 Profit=0.42%
2026-07-16 15:04:13 INFO     strategy        PnL: 15:04:13 MTM=2741.00 Profit=0.42%
2026-07-16 15:04:14 INFO     strategy        PnL: 15:04:14 MTM=2768.00 Profit=0.43%
2026-07-16 15:04:15 INFO     strategy        PnL: 15:04:15 MTM=2869.00 Profit=0.44%
2026-07-16 15:04:16 INFO     strategy        PnL: 15:04:16 MTM=2887.00 Profit=0.45%
2026-07-16 15:04:17 INFO     strategy        PnL: 15:04:17 MTM=2843.00 Profit=0.44%
2026-07-16 15:04:18 INFO     strategy        PnL: 15:04:18 MTM=2894.00 Profit=0.45%
2026-07-16 15:04:19 INFO     strategy        PnL: 15:04:19 MTM=2857.00 Profit=0.44%
2026-07-16 15:04:20 INFO     strategy        PnL: 15:04:20 MTM=2822.00 Profit=0.44%
2026-07-16 15:04:21 INFO     strategy        PnL: 15:04:21 MTM=2853.00 Profit=0.44%
2026-07-16 15:04:22 INFO     strategy        PnL: 15:04:22 MTM=2737.00 Profit=0.42%
2026-07-16 15:04:23 INFO     strategy        PnL: 15:04:23 MTM=2792.00 Profit=0.43%
2026-07-16 15:04:24 INFO     strategy        PnL: 15:04:24 MTM=2770.00 Profit=0.43%
2026-07-16 15:04:26 INFO     strategy        PnL: 15:04:26 MTM=2864.00 Profit=0.44%
2026-07-16 15:04:26 INFO     strategy        PnL: 15:04:26 MTM=2734.00 Profit=0.42%
2026-07-16 15:04:28 INFO     strategy        PnL: 15:04:28 MTM=2700.00 Profit=0.42%
2026-07-16 15:04:29 INFO     strategy        PnL: 15:04:29 MTM=2757.00 Profit=0.43%
2026-07-16 15:04:30 INFO     strategy        PnL: 15:04:30 MTM=2742.00 Profit=0.42%
2026-07-16 15:04:31 INFO     strategy        PnL: 15:04:31 MTM=2979.00 Profit=0.46%
2026-07-16 15:04:32 INFO     strategy        PnL: 15:04:32 MTM=2978.00 Profit=0.46%
2026-07-16 15:04:33 INFO     strategy        PnL: 15:04:33 MTM=2847.00 Profit=0.44%
2026-07-16 15:04:34 INFO     strategy        PnL: 15:04:34 MTM=2772.00 Profit=0.43%
2026-07-16 15:04:35 INFO     strategy        PnL: 15:04:35 MTM=2871.00 Profit=0.44%
2026-07-16 15:04:36 INFO     strategy        PnL: 15:04:36 MTM=2796.00 Profit=0.43%
2026-07-16 15:04:37 INFO     strategy        PnL: 15:04:37 MTM=2816.00 Profit=0.43%
2026-07-16 15:04:38 INFO     strategy        PnL: 15:04:38 MTM=2751.00 Profit=0.42%
2026-07-16 15:04:39 INFO     strategy        PnL: 15:04:39 MTM=2794.00 Profit=0.43%
2026-07-16 15:04:40 INFO     strategy        PnL: 15:04:40 MTM=2738.00 Profit=0.42%
2026-07-16 15:04:41 INFO     strategy        PnL: 15:04:41 MTM=2741.00 Profit=0.42%
2026-07-16 15:04:42 INFO     strategy        PnL: 15:04:42 MTM=2764.00 Profit=0.43%
2026-07-16 15:04:43 INFO     strategy        PnL: 15:04:43 MTM=2785.00 Profit=0.43%
2026-07-16 15:04:44 INFO     strategy        PnL: 15:04:44 MTM=2796.00 Profit=0.43%
2026-07-16 15:04:45 INFO     strategy        PnL: 15:04:45 MTM=2693.00 Profit=0.42%
2026-07-16 15:04:46 INFO     strategy        PnL: 15:04:46 MTM=2772.00 Profit=0.43%
2026-07-16 15:04:47 INFO     strategy        PnL: 15:04:47 MTM=2729.00 Profit=0.42%
2026-07-16 15:04:48 INFO     strategy        PnL: 15:04:48 MTM=2758.00 Profit=0.43%
2026-07-16 15:04:49 INFO     strategy        PnL: 15:04:49 MTM=2793.00 Profit=0.43%
2026-07-16 15:04:50 INFO     strategy        PnL: 15:04:50 MTM=2840.00 Profit=0.44%
2026-07-16 15:04:51 INFO     strategy        PnL: 15:04:51 MTM=2881.00 Profit=0.44%
2026-07-16 15:04:52 INFO     strategy        PnL: 15:04:52 MTM=2829.00 Profit=0.44%
2026-07-16 15:04:53 INFO     strategy        PnL: 15:04:53 MTM=2822.00 Profit=0.44%
2026-07-16 15:04:54 INFO     strategy        PnL: 15:04:54 MTM=2863.00 Profit=0.44%
2026-07-16 15:04:55 INFO     strategy        PnL: 15:04:55 MTM=2864.00 Profit=0.44%
2026-07-16 15:04:56 INFO     strategy        PnL: 15:04:56 MTM=2867.00 Profit=0.44%
2026-07-16 15:04:57 INFO     strategy        PnL: 15:04:57 MTM=2913.00 Profit=0.45%
2026-07-16 15:04:58 INFO     strategy        PnL: 15:04:58 MTM=2986.00 Profit=0.46%
2026-07-16 15:04:59 INFO     strategy        PnL: 15:04:59 MTM=2904.00 Profit=0.45%
2026-07-16 15:05:00 INFO     strategy        PnL: 15:05:00 MTM=2921.00 Profit=0.45%
2026-07-16 15:05:01 INFO     strategy        PnL: 15:05:01 MTM=2699.00 Profit=0.42%
2026-07-16 15:05:02 INFO     strategy        PnL: 15:05:02 MTM=2743.00 Profit=0.42%
2026-07-16 15:05:03 INFO     strategy        PnL: 15:05:03 MTM=2548.00 Profit=0.39%
2026-07-16 15:05:04 INFO     strategy        PnL: 15:05:04 MTM=2600.00 Profit=0.40%
2026-07-16 15:05:05 INFO     strategy        PnL: 15:05:05 MTM=2573.00 Profit=0.40%
2026-07-16 15:05:06 INFO     strategy        PnL: 15:05:06 MTM=2496.00 Profit=0.38%
2026-07-16 15:05:07 INFO     strategy        PnL: 15:05:07 MTM=2526.00 Profit=0.39%
2026-07-16 15:05:08 INFO     strategy        PnL: 15:05:08 MTM=2628.00 Profit=0.41%
2026-07-16 15:05:09 INFO     strategy        PnL: 15:05:09 MTM=2643.00 Profit=0.41%
2026-07-16 15:05:10 INFO     strategy        PnL: 15:05:10 MTM=2607.00 Profit=0.40%
2026-07-16 15:05:11 INFO     strategy        PnL: 15:05:11 MTM=2660.00 Profit=0.41%
2026-07-16 15:05:12 INFO     strategy        PnL: 15:05:12 MTM=2627.00 Profit=0.40%
2026-07-16 15:05:13 INFO     strategy        PnL: 15:05:13 MTM=2544.00 Profit=0.39%
2026-07-16 15:05:14 INFO     strategy        PnL: 15:05:14 MTM=2636.00 Profit=0.41%
2026-07-16 15:05:15 INFO     strategy        PnL: 15:05:15 MTM=2704.00 Profit=0.42%
2026-07-16 15:05:16 INFO     strategy        PnL: 15:05:16 MTM=2773.00 Profit=0.43%
2026-07-16 15:05:17 INFO     strategy        PnL: 15:05:17 MTM=2814.00 Profit=0.43%
2026-07-16 15:05:18 INFO     strategy        PnL: 15:05:18 MTM=2813.00 Profit=0.43%
2026-07-16 15:05:19 INFO     strategy        PnL: 15:05:19 MTM=2804.00 Profit=0.43%
2026-07-16 15:05:20 INFO     strategy        PnL: 15:05:20 MTM=2831.00 Profit=0.44%
2026-07-16 15:05:21 INFO     strategy        PnL: 15:05:21 MTM=2833.00 Profit=0.44%
2026-07-16 15:05:22 INFO     strategy        PnL: 15:05:22 MTM=2778.00 Profit=0.43%
2026-07-16 15:05:23 INFO     strategy        PnL: 15:05:23 MTM=2774.00 Profit=0.43%
2026-07-16 15:05:24 INFO     strategy        PnL: 15:05:24 MTM=2723.00 Profit=0.42%
2026-07-16 15:05:25 INFO     strategy        PnL: 15:05:25 MTM=2796.00 Profit=0.43%
2026-07-16 15:05:26 INFO     strategy        PnL: 15:05:26 MTM=2789.00 Profit=0.43%
2026-07-16 15:05:27 INFO     strategy        PnL: 15:05:27 MTM=2745.00 Profit=0.42%
2026-07-16 15:05:28 INFO     strategy        PnL: 15:05:28 MTM=2744.00 Profit=0.42%
2026-07-16 15:05:29 INFO     strategy        PnL: 15:05:29 MTM=2770.00 Profit=0.43%
2026-07-16 15:05:30 INFO     strategy        PnL: 15:05:30 MTM=2801.00 Profit=0.43%
2026-07-16 15:05:31 INFO     strategy        PnL: 15:05:31 MTM=2812.00 Profit=0.43%
2026-07-16 15:05:32 INFO     strategy        PnL: 15:05:32 MTM=2720.00 Profit=0.42%
2026-07-16 15:05:33 INFO     strategy        PnL: 15:05:33 MTM=2697.00 Profit=0.42%
2026-07-16 15:05:34 INFO     strategy        PnL: 15:05:34 MTM=2690.00 Profit=0.41%
2026-07-16 15:05:35 INFO     strategy        PnL: 15:05:35 MTM=2665.00 Profit=0.41%
2026-07-16 15:05:36 INFO     strategy        PnL: 15:05:36 MTM=2656.00 Profit=0.41%
2026-07-16 15:05:37 INFO     strategy        PnL: 15:05:37 MTM=2645.00 Profit=0.41%
2026-07-16 15:05:38 INFO     strategy        PnL: 15:05:38 MTM=2631.00 Profit=0.41%
2026-07-16 15:05:39 INFO     strategy        PnL: 15:05:39 MTM=2588.00 Profit=0.40%
2026-07-16 15:05:40 INFO     strategy        PnL: 15:05:40 MTM=2620.00 Profit=0.40%
2026-07-16 15:05:41 INFO     strategy        PnL: 15:05:41 MTM=2609.00 Profit=0.40%
2026-07-16 15:05:42 INFO     strategy        PnL: 15:05:42 MTM=2661.00 Profit=0.41%
2026-07-16 15:05:43 INFO     strategy        PnL: 15:05:43 MTM=2684.00 Profit=0.41%
2026-07-16 15:05:44 INFO     strategy        PnL: 15:05:44 MTM=2620.00 Profit=0.40%
2026-07-16 15:05:45 INFO     strategy        PnL: 15:05:45 MTM=2669.00 Profit=0.41%
2026-07-16 15:05:46 INFO     strategy        PnL: 15:05:46 MTM=2641.00 Profit=0.41%
2026-07-16 15:05:47 INFO     strategy        PnL: 15:05:47 MTM=2633.00 Profit=0.41%
2026-07-16 15:05:48 INFO     strategy        PnL: 15:05:48 MTM=2652.00 Profit=0.41%
2026-07-16 15:05:49 INFO     strategy        PnL: 15:05:49 MTM=2568.00 Profit=0.40%
2026-07-16 15:05:50 INFO     strategy        PnL: 15:05:50 MTM=2624.00 Profit=0.40%
2026-07-16 15:05:51 INFO     strategy        PnL: 15:05:51 MTM=2615.00 Profit=0.40%
2026-07-16 15:05:53 INFO     strategy        PnL: 15:05:53 MTM=2574.00 Profit=0.40%
2026-07-16 15:05:54 INFO     strategy        PnL: 15:05:54 MTM=2560.00 Profit=0.39%
2026-07-16 15:05:55 INFO     strategy        PnL: 15:05:55 MTM=2595.00 Profit=0.40%
2026-07-16 15:05:56 INFO     strategy        PnL: 15:05:56 MTM=2543.00 Profit=0.39%
2026-07-16 15:05:57 INFO     strategy        PnL: 15:05:57 MTM=2633.00 Profit=0.41%
2026-07-16 15:05:58 INFO     strategy        PnL: 15:05:58 MTM=2611.00 Profit=0.40%
2026-07-16 15:05:59 INFO     strategy        PnL: 15:05:59 MTM=2643.00 Profit=0.41%
2026-07-16 15:06:00 INFO     strategy        PnL: 15:06:00 MTM=2612.00 Profit=0.40%
2026-07-16 15:06:01 INFO     strategy        PnL: 15:06:01 MTM=2528.00 Profit=0.39%
2026-07-16 15:06:02 INFO     strategy        PnL: 15:06:02 MTM=2372.00 Profit=0.37%
2026-07-16 15:06:03 INFO     strategy        PnL: 15:06:03 MTM=2324.00 Profit=0.36%
2026-07-16 15:06:04 INFO     strategy        PnL: 15:06:04 MTM=2310.00 Profit=0.36%
2026-07-16 15:06:05 INFO     strategy        PnL: 15:06:05 MTM=2372.00 Profit=0.37%
2026-07-16 15:06:06 INFO     strategy        PnL: 15:06:06 MTM=2467.00 Profit=0.38%
2026-07-16 15:06:07 INFO     strategy        PnL: 15:06:07 MTM=2468.00 Profit=0.38%
2026-07-16 15:06:08 INFO     strategy        PnL: 15:06:08 MTM=2390.00 Profit=0.37%
2026-07-16 15:06:09 INFO     strategy        PnL: 15:06:09 MTM=2370.00 Profit=0.37%
2026-07-16 15:06:10 INFO     strategy        PnL: 15:06:10 MTM=2321.00 Profit=0.36%
2026-07-16 15:06:11 INFO     strategy        PnL: 15:06:11 MTM=2315.00 Profit=0.36%
2026-07-16 15:06:12 INFO     strategy        PnL: 15:06:12 MTM=2339.00 Profit=0.36%
2026-07-16 15:06:13 INFO     strategy        PnL: 15:06:13 MTM=2195.00 Profit=0.34%
2026-07-16 15:06:14 INFO     strategy        PnL: 15:06:14 MTM=2201.00 Profit=0.34%
2026-07-16 15:06:15 INFO     strategy        PnL: 15:06:15 MTM=2205.00 Profit=0.34%
2026-07-16 15:06:16 INFO     strategy        PnL: 15:06:16 MTM=2321.00 Profit=0.36%
2026-07-16 15:06:17 INFO     strategy        PnL: 15:06:17 MTM=2270.00 Profit=0.35%
2026-07-16 15:06:18 INFO     strategy        PnL: 15:06:18 MTM=2299.00 Profit=0.35%
2026-07-16 15:06:19 INFO     strategy        PnL: 15:06:19 MTM=2329.00 Profit=0.36%
2026-07-16 15:06:20 INFO     strategy        PnL: 15:06:20 MTM=2291.00 Profit=0.35%
2026-07-16 15:06:21 INFO     strategy        PnL: 15:06:21 MTM=2331.00 Profit=0.36%
2026-07-16 15:06:22 INFO     strategy        PnL: 15:06:22 MTM=2284.00 Profit=0.35%
2026-07-16 15:06:23 INFO     strategy        PnL: 15:06:23 MTM=2269.00 Profit=0.35%
2026-07-16 15:06:24 INFO     strategy        PnL: 15:06:24 MTM=2330.00 Profit=0.36%
2026-07-16 15:06:25 INFO     strategy        PnL: 15:06:25 MTM=2317.00 Profit=0.36%
2026-07-16 15:06:26 INFO     strategy        PnL: 15:06:26 MTM=2281.00 Profit=0.35%
2026-07-16 15:06:27 INFO     strategy        PnL: 15:06:27 MTM=2410.00 Profit=0.37%
2026-07-16 15:06:28 INFO     strategy        PnL: 15:06:28 MTM=2416.00 Profit=0.37%
2026-07-16 15:06:29 INFO     strategy        PnL: 15:06:29 MTM=2275.00 Profit=0.35%
2026-07-16 15:06:30 INFO     strategy        PnL: 15:06:30 MTM=2277.00 Profit=0.35%
2026-07-16 15:06:31 INFO     strategy        PnL: 15:06:31 MTM=2294.00 Profit=0.35%
2026-07-16 15:06:32 INFO     strategy        PnL: 15:06:32 MTM=2294.00 Profit=0.35%
2026-07-16 15:06:33 INFO     strategy        PnL: 15:06:33 MTM=2301.00 Profit=0.35%
2026-07-16 15:06:34 INFO     strategy        PnL: 15:06:34 MTM=2329.00 Profit=0.36%
2026-07-16 15:06:35 INFO     strategy        PnL: 15:06:35 MTM=2370.00 Profit=0.37%
2026-07-16 15:06:36 INFO     strategy        PnL: 15:06:36 MTM=2387.00 Profit=0.37%
2026-07-16 15:06:37 INFO     strategy        PnL: 15:06:37 MTM=2407.00 Profit=0.37%
2026-07-16 15:06:38 INFO     strategy        PnL: 15:06:38 MTM=2330.00 Profit=0.36%
2026-07-16 15:06:39 INFO     strategy        PnL: 15:06:39 MTM=2340.00 Profit=0.36%
2026-07-16 15:06:40 INFO     strategy        PnL: 15:06:40 MTM=2380.00 Profit=0.37%
2026-07-16 15:06:41 INFO     strategy        PnL: 15:06:41 MTM=2467.00 Profit=0.38%
2026-07-16 15:06:42 INFO     strategy        PnL: 15:06:42 MTM=2484.00 Profit=0.38%
2026-07-16 15:06:43 INFO     strategy        PnL: 15:06:43 MTM=2508.00 Profit=0.39%
2026-07-16 15:06:44 INFO     strategy        PnL: 15:06:44 MTM=2511.00 Profit=0.39%
2026-07-16 15:06:45 INFO     strategy        PnL: 15:06:45 MTM=2467.00 Profit=0.38%
2026-07-16 15:06:46 INFO     strategy        PnL: 15:06:46 MTM=2490.00 Profit=0.38%
2026-07-16 15:06:47 INFO     strategy        PnL: 15:06:47 MTM=2493.00 Profit=0.38%
2026-07-16 15:06:48 INFO     strategy        PnL: 15:06:48 MTM=2510.00 Profit=0.39%
2026-07-16 15:06:49 INFO     strategy        PnL: 15:06:49 MTM=2497.00 Profit=0.38%
2026-07-16 15:06:50 INFO     strategy        PnL: 15:06:50 MTM=2565.00 Profit=0.40%
2026-07-16 15:06:51 INFO     strategy        PnL: 15:06:51 MTM=2563.00 Profit=0.40%
2026-07-16 15:06:52 INFO     strategy        PnL: 15:06:52 MTM=2610.00 Profit=0.40%
2026-07-16 15:06:53 INFO     strategy        PnL: 15:06:53 MTM=2639.00 Profit=0.41%
2026-07-16 15:06:54 INFO     strategy        PnL: 15:06:54 MTM=2619.00 Profit=0.40%
2026-07-16 15:06:55 INFO     strategy        PnL: 15:06:55 MTM=2635.00 Profit=0.41%
2026-07-16 15:06:56 INFO     strategy        PnL: 15:06:56 MTM=2731.00 Profit=0.42%
2026-07-16 15:06:57 INFO     strategy        PnL: 15:06:57 MTM=2759.00 Profit=0.43%
2026-07-16 15:06:58 INFO     strategy        PnL: 15:06:58 MTM=2813.00 Profit=0.43%
2026-07-16 15:06:59 INFO     strategy        PnL: 15:06:59 MTM=2823.00 Profit=0.44%
2026-07-16 15:07:00 INFO     strategy        PnL: 15:07:00 MTM=2788.00 Profit=0.43%
2026-07-16 15:07:01 INFO     strategy        PnL: 15:07:01 MTM=2747.00 Profit=0.42%
2026-07-16 15:07:02 INFO     strategy        PnL: 15:07:02 MTM=2773.00 Profit=0.43%
2026-07-16 15:07:03 INFO     strategy        PnL: 15:07:03 MTM=2843.00 Profit=0.44%
2026-07-16 15:07:04 INFO     strategy        PnL: 15:07:04 MTM=2858.00 Profit=0.44%
2026-07-16 15:07:05 INFO     strategy        PnL: 15:07:05 MTM=2946.00 Profit=0.45%
2026-07-16 15:07:06 INFO     strategy        PnL: 15:07:06 MTM=2962.00 Profit=0.46%
2026-07-16 15:07:07 INFO     strategy        PnL: 15:07:07 MTM=3001.00 Profit=0.46%
2026-07-16 15:07:08 INFO     strategy        PnL: 15:07:08 MTM=3204.00 Profit=0.49%
2026-07-16 15:07:09 INFO     strategy        PnL: 15:07:09 MTM=3135.00 Profit=0.48%
2026-07-16 15:07:10 INFO     strategy        PnL: 15:07:10 MTM=3186.00 Profit=0.49%
2026-07-16 15:07:11 INFO     strategy        PnL: 15:07:11 MTM=3134.00 Profit=0.48%
2026-07-16 15:07:12 INFO     strategy        PnL: 15:07:12 MTM=3099.00 Profit=0.48%
2026-07-16 15:07:13 INFO     strategy        PnL: 15:07:13 MTM=3094.00 Profit=0.48%
2026-07-16 15:07:14 INFO     strategy        PnL: 15:07:14 MTM=3127.00 Profit=0.48%
2026-07-16 15:07:15 INFO     strategy        PnL: 15:07:15 MTM=3155.00 Profit=0.49%
2026-07-16 15:07:16 INFO     strategy        PnL: 15:07:16 MTM=3165.00 Profit=0.49%
2026-07-16 15:07:17 INFO     strategy        PnL: 15:07:17 MTM=3061.00 Profit=0.47%
2026-07-16 15:07:18 INFO     strategy        PnL: 15:07:18 MTM=2998.00 Profit=0.46%
2026-07-16 15:07:19 INFO     strategy        PnL: 15:07:19 MTM=3013.00 Profit=0.46%
2026-07-16 15:07:20 INFO     strategy        PnL: 15:07:20 MTM=2963.00 Profit=0.46%
2026-07-16 15:07:21 INFO     strategy        PnL: 15:07:21 MTM=2998.00 Profit=0.46%
2026-07-16 15:07:22 INFO     strategy        PnL: 15:07:22 MTM=2987.00 Profit=0.46%
2026-07-16 15:07:23 INFO     strategy        PnL: 15:07:23 MTM=2906.00 Profit=0.45%
2026-07-16 15:07:24 INFO     strategy        PnL: 15:07:24 MTM=2887.00 Profit=0.45%
2026-07-16 15:07:25 INFO     strategy        PnL: 15:07:25 MTM=2943.00 Profit=0.45%
2026-07-16 15:07:26 INFO     strategy        PnL: 15:07:26 MTM=2966.00 Profit=0.46%
2026-07-16 15:07:27 INFO     strategy        PnL: 15:07:27 MTM=2946.00 Profit=0.45%
2026-07-16 15:07:28 INFO     strategy        PnL: 15:07:28 MTM=2946.00 Profit=0.45%
2026-07-16 15:07:30 INFO     strategy        PnL: 15:07:29 MTM=2949.00 Profit=0.45%
2026-07-16 15:07:31 INFO     strategy        PnL: 15:07:31 MTM=2892.00 Profit=0.45%
2026-07-16 15:07:32 INFO     strategy        PnL: 15:07:32 MTM=2904.00 Profit=0.45%
2026-07-16 15:07:33 INFO     strategy        PnL: 15:07:33 MTM=2981.00 Profit=0.46%
2026-07-16 15:07:34 INFO     strategy        PnL: 15:07:34 MTM=2981.00 Profit=0.46%
2026-07-16 15:07:35 INFO     strategy        PnL: 15:07:35 MTM=2973.00 Profit=0.46%
2026-07-16 15:07:36 INFO     strategy        PnL: 15:07:36 MTM=2971.00 Profit=0.46%
2026-07-16 15:07:37 INFO     strategy        PnL: 15:07:37 MTM=2984.00 Profit=0.46%
2026-07-16 15:07:38 INFO     strategy        PnL: 15:07:38 MTM=2942.00 Profit=0.45%
2026-07-16 15:07:39 INFO     strategy        PnL: 15:07:39 MTM=2961.00 Profit=0.46%
2026-07-16 15:07:40 INFO     strategy        PnL: 15:07:40 MTM=3003.00 Profit=0.46%
2026-07-16 15:07:41 INFO     strategy        PnL: 15:07:41 MTM=3052.00 Profit=0.47%
2026-07-16 15:07:42 INFO     strategy        PnL: 15:07:42 MTM=3140.00 Profit=0.48%
2026-07-16 15:07:43 INFO     strategy        PnL: 15:07:43 MTM=3090.00 Profit=0.48%
2026-07-16 15:07:44 INFO     strategy        PnL: 15:07:44 MTM=3103.00 Profit=0.48%
2026-07-16 15:07:45 INFO     strategy        PnL: 15:07:45 MTM=3068.00 Profit=0.47%
2026-07-16 15:07:46 INFO     strategy        PnL: 15:07:46 MTM=3023.00 Profit=0.47%
2026-07-16 15:07:47 INFO     strategy        PnL: 15:07:47 MTM=2967.00 Profit=0.46%
2026-07-16 15:07:48 INFO     strategy        PnL: 15:07:48 MTM=2991.00 Profit=0.46%
2026-07-16 15:07:49 INFO     strategy        PnL: 15:07:49 MTM=2901.00 Profit=0.45%
2026-07-16 15:07:50 INFO     strategy        PnL: 15:07:50 MTM=2938.00 Profit=0.45%
2026-07-16 15:07:51 INFO     strategy        PnL: 15:07:51 MTM=2983.00 Profit=0.46%
2026-07-16 15:07:52 INFO     strategy        PnL: 15:07:52 MTM=2878.00 Profit=0.44%
2026-07-16 15:07:53 INFO     strategy        PnL: 15:07:53 MTM=2884.00 Profit=0.44%
2026-07-16 15:07:54 INFO     strategy        PnL: 15:07:54 MTM=2822.00 Profit=0.44%
2026-07-16 15:07:55 INFO     strategy        PnL: 15:07:55 MTM=2823.00 Profit=0.44%
2026-07-16 15:07:56 INFO     strategy        PnL: 15:07:56 MTM=2720.00 Profit=0.42%
2026-07-16 15:07:57 INFO     strategy        PnL: 15:07:57 MTM=2727.00 Profit=0.42%
2026-07-16 15:07:58 INFO     strategy        PnL: 15:07:58 MTM=2742.00 Profit=0.42%
2026-07-16 15:07:59 INFO     strategy        PnL: 15:07:59 MTM=2780.00 Profit=0.43%
2026-07-16 15:08:00 INFO     strategy        PnL: 15:08:00 MTM=2776.00 Profit=0.43%
2026-07-16 15:08:01 INFO     strategy        PnL: 15:08:01 MTM=2791.00 Profit=0.43%
2026-07-16 15:08:02 INFO     strategy        PnL: 15:08:02 MTM=2624.00 Profit=0.40%
2026-07-16 15:08:03 INFO     strategy        PnL: 15:08:03 MTM=2594.00 Profit=0.40%
2026-07-16 15:08:04 INFO     strategy        PnL: 15:08:04 MTM=2620.00 Profit=0.40%
2026-07-16 15:08:05 INFO     strategy        PnL: 15:08:05 MTM=2629.00 Profit=0.41%
2026-07-16 15:08:06 INFO     strategy        PnL: 15:08:06 MTM=2602.00 Profit=0.40%
2026-07-16 15:08:07 INFO     strategy        PnL: 15:08:07 MTM=2625.00 Profit=0.40%
2026-07-16 15:08:08 INFO     strategy        PnL: 15:08:08 MTM=2678.00 Profit=0.41%
2026-07-16 15:08:09 INFO     strategy        PnL: 15:08:09 MTM=2538.00 Profit=0.39%
2026-07-16 15:08:10 INFO     strategy        PnL: 15:08:10 MTM=2541.00 Profit=0.39%
2026-07-16 15:08:11 INFO     strategy        PnL: 15:08:11 MTM=2502.00 Profit=0.39%
2026-07-16 15:08:12 INFO     strategy        PnL: 15:08:12 MTM=2525.00 Profit=0.39%
2026-07-16 15:08:13 INFO     strategy        PnL: 15:08:13 MTM=2531.00 Profit=0.39%
2026-07-16 15:08:14 INFO     strategy        PnL: 15:08:14 MTM=2584.00 Profit=0.40%
2026-07-16 15:08:15 INFO     strategy        PnL: 15:08:15 MTM=2591.00 Profit=0.40%
2026-07-16 15:08:16 INFO     strategy        PnL: 15:08:16 MTM=2626.00 Profit=0.40%
2026-07-16 15:08:17 INFO     strategy        PnL: 15:08:17 MTM=2617.00 Profit=0.40%
2026-07-16 15:08:18 INFO     strategy        PnL: 15:08:18 MTM=2647.00 Profit=0.41%
2026-07-16 15:08:19 INFO     strategy        PnL: 15:08:19 MTM=2595.00 Profit=0.40%
2026-07-16 15:08:20 INFO     strategy        PnL: 15:08:20 MTM=2576.00 Profit=0.40%
2026-07-16 15:08:21 INFO     strategy        PnL: 15:08:21 MTM=2592.00 Profit=0.40%
2026-07-16 15:08:22 INFO     strategy        PnL: 15:08:22 MTM=2560.00 Profit=0.39%
2026-07-16 15:08:23 INFO     strategy        PnL: 15:08:23 MTM=2524.00 Profit=0.39%
2026-07-16 15:08:24 INFO     strategy        PnL: 15:08:24 MTM=2523.00 Profit=0.39%
2026-07-16 15:08:25 INFO     strategy        PnL: 15:08:25 MTM=2544.00 Profit=0.39%
2026-07-16 15:08:26 INFO     strategy        PnL: 15:08:26 MTM=2510.00 Profit=0.39%
2026-07-16 15:08:27 INFO     strategy        PnL: 15:08:27 MTM=2540.00 Profit=0.39%
2026-07-16 15:08:28 INFO     strategy        PnL: 15:08:28 MTM=2564.00 Profit=0.40%
2026-07-16 15:08:29 INFO     strategy        PnL: 15:08:29 MTM=2600.00 Profit=0.40%
2026-07-16 15:08:30 INFO     strategy        PnL: 15:08:30 MTM=2569.00 Profit=0.40%
2026-07-16 15:08:31 INFO     strategy        PnL: 15:08:31 MTM=2567.00 Profit=0.40%
2026-07-16 15:08:32 INFO     strategy        PnL: 15:08:32 MTM=2547.00 Profit=0.39%
2026-07-16 15:08:33 INFO     strategy        PnL: 15:08:33 MTM=2445.00 Profit=0.38%
2026-07-16 15:08:34 INFO     strategy        PnL: 15:08:34 MTM=2469.00 Profit=0.38%
2026-07-16 15:08:35 INFO     strategy        PnL: 15:08:35 MTM=2492.00 Profit=0.38%
2026-07-16 15:08:36 INFO     strategy        PnL: 15:08:36 MTM=2406.00 Profit=0.37%
2026-07-16 15:08:37 INFO     strategy        PnL: 15:08:37 MTM=2526.00 Profit=0.39%
2026-07-16 15:08:38 INFO     strategy        PnL: 15:08:38 MTM=2532.00 Profit=0.39%
2026-07-16 15:08:39 INFO     strategy        PnL: 15:08:39 MTM=2523.00 Profit=0.39%
2026-07-16 15:08:40 INFO     strategy        PnL: 15:08:40 MTM=2501.00 Profit=0.39%
2026-07-16 15:08:41 INFO     strategy        PnL: 15:08:41 MTM=2443.00 Profit=0.38%
2026-07-16 15:08:42 INFO     strategy        PnL: 15:08:42 MTM=2472.00 Profit=0.38%
2026-07-16 15:08:43 INFO     strategy        PnL: 15:08:43 MTM=2525.00 Profit=0.39%
2026-07-16 15:08:44 INFO     strategy        PnL: 15:08:44 MTM=2548.00 Profit=0.39%
2026-07-16 15:08:45 INFO     strategy        PnL: 15:08:45 MTM=2546.00 Profit=0.39%
2026-07-16 15:08:46 INFO     strategy        PnL: 15:08:46 MTM=2539.00 Profit=0.39%
2026-07-16 15:08:47 INFO     strategy        PnL: 15:08:47 MTM=2649.00 Profit=0.41%
2026-07-16 15:08:48 INFO     strategy        PnL: 15:08:48 MTM=2637.00 Profit=0.41%
2026-07-16 15:08:49 INFO     strategy        PnL: 15:08:49 MTM=2562.00 Profit=0.39%
2026-07-16 15:08:50 INFO     strategy        PnL: 15:08:50 MTM=2595.00 Profit=0.40%
2026-07-16 15:08:51 INFO     strategy        PnL: 15:08:51 MTM=2618.00 Profit=0.40%
2026-07-16 15:08:52 INFO     strategy        PnL: 15:08:52 MTM=2640.00 Profit=0.41%
2026-07-16 15:08:53 INFO     strategy        PnL: 15:08:53 MTM=2665.00 Profit=0.41%
2026-07-16 15:08:54 INFO     strategy        PnL: 15:08:54 MTM=2717.00 Profit=0.42%
2026-07-16 15:08:55 INFO     strategy        PnL: 15:08:55 MTM=2619.00 Profit=0.40%
2026-07-16 15:08:56 INFO     strategy        PnL: 15:08:56 MTM=2620.00 Profit=0.40%
2026-07-16 15:08:57 INFO     strategy        PnL: 15:08:57 MTM=2601.00 Profit=0.40%
2026-07-16 15:08:58 INFO     strategy        PnL: 15:08:58 MTM=2601.00 Profit=0.40%
2026-07-16 15:08:59 INFO     strategy        PnL: 15:08:59 MTM=2595.00 Profit=0.40%
2026-07-16 15:09:00 INFO     strategy        PnL: 15:09:00 MTM=2582.00 Profit=0.40%
2026-07-16 15:09:01 INFO     strategy        PnL: 15:09:01 MTM=2629.00 Profit=0.41%
2026-07-16 15:09:02 INFO     strategy        PnL: 15:09:02 MTM=2617.00 Profit=0.40%
2026-07-16 15:09:03 INFO     strategy        PnL: 15:09:03 MTM=2606.00 Profit=0.40%
2026-07-16 15:09:04 INFO     strategy        PnL: 15:09:04 MTM=2623.00 Profit=0.40%
2026-07-16 15:09:05 INFO     strategy        PnL: 15:09:05 MTM=2608.00 Profit=0.40%
2026-07-16 15:09:06 INFO     strategy        PnL: 15:09:06 MTM=2613.00 Profit=0.40%
2026-07-16 15:09:07 INFO     strategy        PnL: 15:09:07 MTM=2624.00 Profit=0.40%
2026-07-16 15:09:08 INFO     strategy        PnL: 15:09:08 MTM=2644.00 Profit=0.41%
2026-07-16 15:09:09 INFO     strategy        PnL: 15:09:09 MTM=2635.00 Profit=0.41%
2026-07-16 15:09:10 INFO     strategy        PnL: 15:09:10 MTM=2713.00 Profit=0.42%
2026-07-16 15:09:11 INFO     strategy        PnL: 15:09:11 MTM=2698.00 Profit=0.42%
2026-07-16 15:09:13 INFO     strategy        PnL: 15:09:13 MTM=2656.00 Profit=0.41%
2026-07-16 15:09:14 INFO     strategy        PnL: 15:09:14 MTM=2647.00 Profit=0.41%
2026-07-16 15:09:15 INFO     strategy        PnL: 15:09:15 MTM=2679.00 Profit=0.41%
2026-07-16 15:09:16 INFO     strategy        PnL: 15:09:16 MTM=2709.00 Profit=0.42%
2026-07-16 15:09:17 INFO     strategy        PnL: 15:09:17 MTM=2710.00 Profit=0.42%
2026-07-16 15:09:18 INFO     strategy        PnL: 15:09:18 MTM=2687.00 Profit=0.41%
2026-07-16 15:09:19 INFO     strategy        PnL: 15:09:19 MTM=2710.00 Profit=0.42%
2026-07-16 15:09:20 INFO     strategy        PnL: 15:09:20 MTM=2701.00 Profit=0.42%
2026-07-16 15:09:21 INFO     strategy        PnL: 15:09:21 MTM=2679.00 Profit=0.41%
2026-07-16 15:09:22 INFO     strategy        PnL: 15:09:22 MTM=2688.00 Profit=0.41%
2026-07-16 15:09:23 INFO     strategy        PnL: 15:09:23 MTM=2696.00 Profit=0.42%
2026-07-16 15:09:24 INFO     strategy        PnL: 15:09:24 MTM=2660.00 Profit=0.41%
2026-07-16 15:09:25 INFO     strategy        PnL: 15:09:25 MTM=2665.00 Profit=0.41%
2026-07-16 15:09:26 INFO     strategy        PnL: 15:09:26 MTM=2655.00 Profit=0.41%
2026-07-16 15:09:27 INFO     strategy        PnL: 15:09:27 MTM=2661.00 Profit=0.41%
2026-07-16 15:09:28 INFO     strategy        PnL: 15:09:28 MTM=2600.00 Profit=0.40%
2026-07-16 15:09:29 INFO     strategy        PnL: 15:09:29 MTM=2603.00 Profit=0.40%
2026-07-16 15:09:30 INFO     strategy        PnL: 15:09:30 MTM=2588.00 Profit=0.40%
2026-07-16 15:09:31 INFO     strategy        PnL: 15:09:31 MTM=2627.00 Profit=0.40%
2026-07-16 15:09:32 INFO     strategy        PnL: 15:09:32 MTM=2624.00 Profit=0.40%
2026-07-16 15:09:33 INFO     strategy        PnL: 15:09:33 MTM=2587.00 Profit=0.40%
2026-07-16 15:09:34 INFO     strategy        PnL: 15:09:34 MTM=2598.00 Profit=0.40%
2026-07-16 15:09:35 INFO     strategy        PnL: 15:09:35 MTM=2580.00 Profit=0.40%
2026-07-16 15:09:36 INFO     strategy        PnL: 15:09:36 MTM=2598.00 Profit=0.40%
2026-07-16 15:09:37 INFO     strategy        PnL: 15:09:37 MTM=2601.00 Profit=0.40%
2026-07-16 15:09:38 INFO     strategy        PnL: 15:09:38 MTM=2638.00 Profit=0.41%
2026-07-16 15:09:39 INFO     strategy        PnL: 15:09:39 MTM=2636.00 Profit=0.41%
2026-07-16 15:09:40 INFO     strategy        PnL: 15:09:40 MTM=2625.00 Profit=0.40%
2026-07-16 15:09:41 INFO     strategy        PnL: 15:09:41 MTM=2638.00 Profit=0.41%
2026-07-16 15:09:42 INFO     strategy        PnL: 15:09:42 MTM=2619.00 Profit=0.40%
2026-07-16 15:09:43 INFO     strategy        PnL: 15:09:43 MTM=2622.00 Profit=0.40%
2026-07-16 15:09:44 INFO     strategy        PnL: 15:09:44 MTM=2570.00 Profit=0.40%
2026-07-16 15:09:45 INFO     strategy        PnL: 15:09:45 MTM=2546.00 Profit=0.39%
2026-07-16 15:09:46 INFO     strategy        PnL: 15:09:46 MTM=2577.00 Profit=0.40%
2026-07-16 15:09:47 INFO     strategy        PnL: 15:09:47 MTM=2532.00 Profit=0.39%
2026-07-16 15:09:48 INFO     strategy        PnL: 15:09:48 MTM=2545.00 Profit=0.39%
2026-07-16 15:09:49 INFO     strategy        PnL: 15:09:49 MTM=2572.00 Profit=0.40%
2026-07-16 15:09:50 INFO     strategy        PnL: 15:09:50 MTM=2572.00 Profit=0.40%
2026-07-16 15:09:51 INFO     strategy        PnL: 15:09:51 MTM=2586.00 Profit=0.40%
2026-07-16 15:09:52 INFO     strategy        PnL: 15:09:52 MTM=2515.00 Profit=0.39%
2026-07-16 15:09:53 INFO     strategy        PnL: 15:09:53 MTM=2541.00 Profit=0.39%
2026-07-16 15:09:54 INFO     strategy        PnL: 15:09:54 MTM=2551.00 Profit=0.39%
2026-07-16 15:09:55 INFO     strategy        PnL: 15:09:55 MTM=2606.00 Profit=0.40%
2026-07-16 15:09:56 INFO     strategy        PnL: 15:09:56 MTM=2603.00 Profit=0.40%
2026-07-16 15:09:57 INFO     strategy        PnL: 15:09:57 MTM=2637.00 Profit=0.41%
2026-07-16 15:09:58 INFO     strategy        PnL: 15:09:58 MTM=2591.00 Profit=0.40%
2026-07-16 15:09:59 INFO     strategy        PnL: 15:09:59 MTM=2628.00 Profit=0.41%
2026-07-16 15:10:00 INFO     strategy        PnL: 15:10:00 MTM=2598.00 Profit=0.40%
2026-07-16 15:10:01 INFO     strategy        PnL: 15:10:01 MTM=2514.00 Profit=0.39%
2026-07-16 15:10:02 INFO     strategy        PnL: 15:10:02 MTM=2523.00 Profit=0.39%
2026-07-16 15:10:03 INFO     strategy        PnL: 15:10:03 MTM=2526.00 Profit=0.39%
2026-07-16 15:10:04 INFO     strategy        PnL: 15:10:04 MTM=2578.00 Profit=0.40%
2026-07-16 15:10:05 INFO     strategy        PnL: 15:10:05 MTM=2591.00 Profit=0.40%
2026-07-16 15:10:06 INFO     strategy        PnL: 15:10:06 MTM=2575.00 Profit=0.40%
2026-07-16 15:10:07 INFO     strategy        PnL: 15:10:07 MTM=2588.00 Profit=0.40%
2026-07-16 15:10:08 INFO     strategy        PnL: 15:10:08 MTM=2585.00 Profit=0.40%
2026-07-16 15:10:09 INFO     strategy        PnL: 15:10:09 MTM=2585.00 Profit=0.40%
2026-07-16 15:10:10 INFO     strategy        PnL: 15:10:10 MTM=2590.00 Profit=0.40%
2026-07-16 15:10:11 INFO     strategy        PnL: 15:10:11 MTM=2618.00 Profit=0.40%
2026-07-16 15:10:12 INFO     strategy        PnL: 15:10:12 MTM=2607.00 Profit=0.40%
2026-07-16 15:10:13 INFO     strategy        PnL: 15:10:13 MTM=2609.00 Profit=0.40%
2026-07-16 15:10:14 INFO     strategy        PnL: 15:10:14 MTM=2663.00 Profit=0.41%
2026-07-16 15:10:15 INFO     strategy        PnL: 15:10:15 MTM=2700.00 Profit=0.42%
2026-07-16 15:10:16 INFO     strategy        PnL: 15:10:16 MTM=2723.00 Profit=0.42%
2026-07-16 15:10:17 INFO     strategy        PnL: 15:10:17 MTM=2756.00 Profit=0.42%
2026-07-16 15:10:18 INFO     strategy        PnL: 15:10:18 MTM=2742.00 Profit=0.42%
2026-07-16 15:10:19 INFO     strategy        PnL: 15:10:19 MTM=2835.00 Profit=0.44%
2026-07-16 15:10:20 INFO     strategy        PnL: 15:10:20 MTM=2848.00 Profit=0.44%
2026-07-16 15:10:21 INFO     strategy        PnL: 15:10:21 MTM=2874.00 Profit=0.44%
2026-07-16 15:10:22 INFO     strategy        PnL: 15:10:22 MTM=2893.00 Profit=0.45%
2026-07-16 15:10:23 INFO     strategy        PnL: 15:10:23 MTM=2905.00 Profit=0.45%
2026-07-16 15:10:24 INFO     strategy        PnL: 15:10:24 MTM=2910.00 Profit=0.45%
2026-07-16 15:10:25 INFO     strategy        PnL: 15:10:25 MTM=2808.00 Profit=0.43%
2026-07-16 15:10:26 INFO     strategy        PnL: 15:10:26 MTM=2791.00 Profit=0.43%
2026-07-16 15:10:27 INFO     strategy        PnL: 15:10:27 MTM=2788.00 Profit=0.43%
2026-07-16 15:10:28 INFO     strategy        PnL: 15:10:28 MTM=2790.00 Profit=0.43%
2026-07-16 15:10:29 INFO     strategy        PnL: 15:10:29 MTM=2835.00 Profit=0.44%
2026-07-16 15:10:30 INFO     strategy        PnL: 15:10:30 MTM=2819.00 Profit=0.43%
2026-07-16 15:10:31 INFO     strategy        PnL: 15:10:31 MTM=2793.00 Profit=0.43%
2026-07-16 15:10:32 INFO     strategy        PnL: 15:10:32 MTM=2804.00 Profit=0.43%
2026-07-16 15:10:33 INFO     strategy        PnL: 15:10:33 MTM=2825.00 Profit=0.44%
2026-07-16 15:10:34 INFO     strategy        PnL: 15:10:34 MTM=2849.00 Profit=0.44%
2026-07-16 15:10:35 INFO     strategy        PnL: 15:10:35 MTM=2870.00 Profit=0.44%
2026-07-16 15:10:36 INFO     strategy        PnL: 15:10:36 MTM=2886.00 Profit=0.44%
2026-07-16 15:10:37 INFO     strategy        PnL: 15:10:37 MTM=2889.00 Profit=0.45%
2026-07-16 15:10:38 INFO     strategy        PnL: 15:10:38 MTM=2908.00 Profit=0.45%
2026-07-16 15:10:39 INFO     strategy        PnL: 15:10:39 MTM=2863.00 Profit=0.44%
2026-07-16 15:10:40 INFO     strategy        PnL: 15:10:40 MTM=2866.00 Profit=0.44%
2026-07-16 15:10:41 INFO     strategy        PnL: 15:10:41 MTM=2822.00 Profit=0.44%
2026-07-16 15:10:42 INFO     strategy        PnL: 15:10:42 MTM=2839.00 Profit=0.44%
2026-07-16 15:10:43 INFO     strategy        PnL: 15:10:43 MTM=2849.00 Profit=0.44%
2026-07-16 15:10:44 INFO     strategy        PnL: 15:10:44 MTM=2803.00 Profit=0.43%
2026-07-16 15:10:45 INFO     strategy        PnL: 15:10:45 MTM=2803.00 Profit=0.43%
2026-07-16 15:10:46 INFO     strategy        PnL: 15:10:46 MTM=2817.00 Profit=0.43%
2026-07-16 15:10:48 INFO     strategy        PnL: 15:10:48 MTM=2813.00 Profit=0.43%
2026-07-16 15:10:49 INFO     strategy        PnL: 15:10:49 MTM=2753.00 Profit=0.42%
2026-07-16 15:10:50 INFO     strategy        PnL: 15:10:50 MTM=2749.00 Profit=0.42%
2026-07-16 15:10:51 INFO     strategy        PnL: 15:10:51 MTM=2728.00 Profit=0.42%
2026-07-16 15:10:52 INFO     strategy        PnL: 15:10:52 MTM=2725.00 Profit=0.42%
2026-07-16 15:10:53 INFO     strategy        PnL: 15:10:53 MTM=2715.00 Profit=0.42%
2026-07-16 15:10:54 INFO     strategy        PnL: 15:10:54 MTM=2768.00 Profit=0.43%
2026-07-16 15:10:55 INFO     strategy        PnL: 15:10:55 MTM=2770.00 Profit=0.43%
2026-07-16 15:10:56 INFO     strategy        PnL: 15:10:56 MTM=2832.00 Profit=0.44%
2026-07-16 15:10:57 INFO     strategy        PnL: 15:10:57 MTM=2795.00 Profit=0.43%
2026-07-16 15:10:58 INFO     strategy        PnL: 15:10:58 MTM=2775.00 Profit=0.43%
2026-07-16 15:10:59 INFO     strategy        PnL: 15:10:59 MTM=2752.00 Profit=0.42%
2026-07-16 15:11:00 INFO     strategy        PnL: 15:11:00 MTM=2777.00 Profit=0.43%
2026-07-16 15:11:01 INFO     strategy        PnL: 15:11:01 MTM=2767.00 Profit=0.43%
2026-07-16 15:11:02 INFO     strategy        PnL: 15:11:02 MTM=2765.00 Profit=0.43%
2026-07-16 15:11:03 INFO     strategy        PnL: 15:11:03 MTM=2835.00 Profit=0.44%
2026-07-16 15:11:04 INFO     strategy        PnL: 15:11:04 MTM=2851.00 Profit=0.44%
2026-07-16 15:11:05 INFO     strategy        PnL: 15:11:05 MTM=2827.00 Profit=0.44%
2026-07-16 15:11:06 INFO     strategy        PnL: 15:11:06 MTM=2771.00 Profit=0.43%
2026-07-16 15:11:07 INFO     strategy        PnL: 15:11:07 MTM=2780.00 Profit=0.43%
2026-07-16 15:11:08 INFO     strategy        PnL: 15:11:08 MTM=2773.00 Profit=0.43%
2026-07-16 15:11:09 INFO     strategy        PnL: 15:11:09 MTM=2758.00 Profit=0.43%
2026-07-16 15:11:10 INFO     strategy        PnL: 15:11:10 MTM=2755.00 Profit=0.42%
2026-07-16 15:11:11 INFO     strategy        PnL: 15:11:11 MTM=2736.00 Profit=0.42%
2026-07-16 15:11:12 INFO     strategy        PnL: 15:11:12 MTM=2781.00 Profit=0.43%
2026-07-16 15:11:13 INFO     strategy        PnL: 15:11:13 MTM=2787.00 Profit=0.43%
2026-07-16 15:11:14 INFO     strategy        PnL: 15:11:14 MTM=2810.00 Profit=0.43%
2026-07-16 15:11:15 INFO     strategy        PnL: 15:11:15 MTM=2820.00 Profit=0.43%
2026-07-16 15:11:16 INFO     strategy        PnL: 15:11:16 MTM=2792.00 Profit=0.43%
2026-07-16 15:11:17 INFO     strategy        PnL: 15:11:17 MTM=2792.00 Profit=0.43%
2026-07-16 15:11:18 INFO     strategy        PnL: 15:11:18 MTM=2721.00 Profit=0.42%
2026-07-16 15:11:19 INFO     strategy        PnL: 15:11:19 MTM=2733.00 Profit=0.42%
2026-07-16 15:11:20 INFO     strategy        PnL: 15:11:20 MTM=2718.00 Profit=0.42%
2026-07-16 15:11:21 INFO     strategy        PnL: 15:11:21 MTM=2729.00 Profit=0.42%
2026-07-16 15:11:22 INFO     strategy        PnL: 15:11:22 MTM=2753.00 Profit=0.42%
2026-07-16 15:11:23 INFO     strategy        PnL: 15:11:23 MTM=2768.00 Profit=0.43%
2026-07-16 15:11:24 INFO     strategy        PnL: 15:11:24 MTM=2743.00 Profit=0.42%
2026-07-16 15:11:25 INFO     strategy        PnL: 15:11:25 MTM=2724.00 Profit=0.42%
2026-07-16 15:11:26 INFO     strategy        PnL: 15:11:26 MTM=2762.00 Profit=0.43%
2026-07-16 15:11:27 INFO     strategy        PnL: 15:11:27 MTM=2719.00 Profit=0.42%
2026-07-16 15:11:28 INFO     strategy        PnL: 15:11:28 MTM=2710.00 Profit=0.42%
2026-07-16 15:11:29 INFO     strategy        PnL: 15:11:29 MTM=2725.00 Profit=0.42%
2026-07-16 15:11:30 INFO     strategy        PnL: 15:11:30 MTM=2699.00 Profit=0.42%
2026-07-16 15:11:31 INFO     strategy        PnL: 15:11:31 MTM=2700.00 Profit=0.42%
2026-07-16 15:11:32 INFO     strategy        PnL: 15:11:32 MTM=2698.00 Profit=0.42%
2026-07-16 15:11:33 INFO     strategy        PnL: 15:11:33 MTM=2654.00 Profit=0.41%
2026-07-16 15:11:34 INFO     strategy        PnL: 15:11:34 MTM=2623.00 Profit=0.40%
2026-07-16 15:11:35 INFO     strategy        PnL: 15:11:35 MTM=2620.00 Profit=0.40%
2026-07-16 15:11:36 INFO     strategy        PnL: 15:11:36 MTM=2682.00 Profit=0.41%
2026-07-16 15:11:37 INFO     strategy        PnL: 15:11:37 MTM=2722.00 Profit=0.42%
2026-07-16 15:11:38 INFO     strategy        PnL: 15:11:38 MTM=2752.00 Profit=0.42%
2026-07-16 15:11:39 INFO     strategy        PnL: 15:11:39 MTM=2753.00 Profit=0.42%
2026-07-16 15:11:40 INFO     strategy        PnL: 15:11:40 MTM=2724.00 Profit=0.42%
2026-07-16 15:11:41 INFO     strategy        PnL: 15:11:41 MTM=2750.00 Profit=0.42%
2026-07-16 15:11:42 INFO     strategy        PnL: 15:11:42 MTM=2762.00 Profit=0.43%
2026-07-16 15:11:43 INFO     strategy        PnL: 15:11:43 MTM=2716.00 Profit=0.42%
2026-07-16 15:11:44 INFO     strategy        PnL: 15:11:44 MTM=2683.00 Profit=0.41%
2026-07-16 15:11:45 INFO     strategy        PnL: 15:11:45 MTM=2743.00 Profit=0.42%
2026-07-16 15:11:46 INFO     strategy        PnL: 15:11:46 MTM=2780.00 Profit=0.43%
2026-07-16 15:11:47 INFO     strategy        PnL: 15:11:47 MTM=2775.00 Profit=0.43%
2026-07-16 15:11:48 INFO     strategy        PnL: 15:11:48 MTM=2785.00 Profit=0.43%
2026-07-16 15:11:49 INFO     strategy        PnL: 15:11:49 MTM=2741.00 Profit=0.42%
2026-07-16 15:11:50 INFO     strategy        PnL: 15:11:50 MTM=2778.00 Profit=0.43%
2026-07-16 15:11:51 INFO     strategy        PnL: 15:11:51 MTM=2803.00 Profit=0.43%
2026-07-16 15:11:52 INFO     strategy        PnL: 15:11:52 MTM=2833.00 Profit=0.44%
2026-07-16 15:11:53 INFO     strategy        PnL: 15:11:53 MTM=2833.00 Profit=0.44%
2026-07-16 15:11:54 INFO     strategy        PnL: 15:11:54 MTM=2776.00 Profit=0.43%
2026-07-16 15:11:55 INFO     strategy        PnL: 15:11:55 MTM=2760.00 Profit=0.43%
2026-07-16 15:11:56 INFO     strategy        PnL: 15:11:56 MTM=2775.00 Profit=0.43%
2026-07-16 15:11:57 INFO     strategy        PnL: 15:11:57 MTM=2771.00 Profit=0.43%
2026-07-16 15:11:58 INFO     strategy        PnL: 15:11:58 MTM=2756.00 Profit=0.42%
2026-07-16 15:11:59 INFO     strategy        PnL: 15:11:59 MTM=2760.00 Profit=0.43%
2026-07-16 15:12:00 INFO     strategy        PnL: 15:12:00 MTM=2737.00 Profit=0.42%
2026-07-16 15:12:01 INFO     strategy        PnL: 15:12:01 MTM=2675.00 Profit=0.41%
2026-07-16 15:12:02 INFO     strategy        PnL: 15:12:02 MTM=2659.00 Profit=0.41%
2026-07-16 15:12:03 INFO     strategy        PnL: 15:12:03 MTM=2692.00 Profit=0.41%
2026-07-16 15:12:04 INFO     strategy        PnL: 15:12:04 MTM=2702.00 Profit=0.42%
2026-07-16 15:12:05 INFO     strategy        PnL: 15:12:05 MTM=2741.00 Profit=0.42%
2026-07-16 15:12:06 INFO     strategy        PnL: 15:12:06 MTM=2752.00 Profit=0.42%
2026-07-16 15:12:07 INFO     strategy        PnL: 15:12:07 MTM=2722.00 Profit=0.42%
2026-07-16 15:12:08 INFO     strategy        PnL: 15:12:08 MTM=2730.00 Profit=0.42%
2026-07-16 15:12:09 INFO     strategy        PnL: 15:12:09 MTM=2718.00 Profit=0.42%
2026-07-16 15:12:10 INFO     strategy        PnL: 15:12:10 MTM=2771.00 Profit=0.43%
2026-07-16 15:12:11 INFO     strategy        PnL: 15:12:11 MTM=2780.00 Profit=0.43%
2026-07-16 15:12:12 INFO     strategy        PnL: 15:12:12 MTM=2769.00 Profit=0.43%
2026-07-16 15:12:13 INFO     strategy        PnL: 15:12:13 MTM=2762.00 Profit=0.43%
2026-07-16 15:12:14 INFO     strategy        PnL: 15:12:14 MTM=2769.00 Profit=0.43%
2026-07-16 15:12:15 INFO     strategy        PnL: 15:12:15 MTM=2739.00 Profit=0.42%
2026-07-16 15:12:16 INFO     strategy        PnL: 15:12:16 MTM=2742.00 Profit=0.42%
2026-07-16 15:12:17 INFO     strategy        PnL: 15:12:17 MTM=2729.00 Profit=0.42%
2026-07-16 15:12:18 INFO     strategy        PnL: 15:12:18 MTM=2763.00 Profit=0.43%
2026-07-16 15:12:19 INFO     strategy        PnL: 15:12:19 MTM=2685.00 Profit=0.41%
2026-07-16 15:12:20 INFO     strategy        PnL: 15:12:20 MTM=2685.00 Profit=0.41%
2026-07-16 15:12:21 INFO     strategy        PnL: 15:12:21 MTM=2709.00 Profit=0.42%
2026-07-16 15:12:22 INFO     strategy        PnL: 15:12:22 MTM=2697.00 Profit=0.42%
2026-07-16 15:12:23 INFO     strategy        PnL: 15:12:23 MTM=2685.00 Profit=0.41%
2026-07-16 15:12:24 INFO     strategy        PnL: 15:12:24 MTM=2704.00 Profit=0.42%
2026-07-16 15:12:25 INFO     strategy        PnL: 15:12:25 MTM=2704.00 Profit=0.42%
2026-07-16 15:12:26 INFO     strategy        PnL: 15:12:26 MTM=2695.00 Profit=0.42%
2026-07-16 15:12:28 INFO     strategy        PnL: 15:12:28 MTM=2689.00 Profit=0.41%
2026-07-16 15:12:29 INFO     strategy        PnL: 15:12:29 MTM=2695.00 Profit=0.42%
2026-07-16 15:12:30 INFO     strategy        PnL: 15:12:30 MTM=2692.00 Profit=0.41%
2026-07-16 15:12:31 INFO     strategy        PnL: 15:12:31 MTM=2737.00 Profit=0.42%
2026-07-16 15:12:32 INFO     strategy        PnL: 15:12:32 MTM=2724.00 Profit=0.42%
2026-07-16 15:12:33 INFO     strategy        PnL: 15:12:33 MTM=2739.00 Profit=0.42%
2026-07-16 15:12:34 INFO     strategy        PnL: 15:12:34 MTM=2728.00 Profit=0.42%
2026-07-16 15:12:35 INFO     strategy        PnL: 15:12:35 MTM=2691.00 Profit=0.41%
2026-07-16 15:12:36 INFO     strategy        PnL: 15:12:36 MTM=2617.00 Profit=0.40%
2026-07-16 15:12:37 INFO     strategy        PnL: 15:12:37 MTM=2618.00 Profit=0.40%
2026-07-16 15:12:38 INFO     strategy        PnL: 15:12:38 MTM=2615.00 Profit=0.40%
2026-07-16 15:12:39 INFO     strategy        PnL: 15:12:39 MTM=2646.00 Profit=0.41%
2026-07-16 15:12:40 INFO     strategy        PnL: 15:12:40 MTM=2641.00 Profit=0.41%
2026-07-16 15:12:41 INFO     strategy        PnL: 15:12:41 MTM=2641.00 Profit=0.41%
2026-07-16 15:12:42 INFO     strategy        PnL: 15:12:42 MTM=2636.00 Profit=0.41%
2026-07-16 15:12:43 INFO     strategy        PnL: 15:12:43 MTM=2608.00 Profit=0.40%
2026-07-16 15:12:44 INFO     strategy        PnL: 15:12:44 MTM=2623.00 Profit=0.40%
2026-07-16 15:12:45 INFO     strategy        PnL: 15:12:45 MTM=2622.00 Profit=0.40%
2026-07-16 15:12:46 INFO     strategy        PnL: 15:12:46 MTM=2647.00 Profit=0.41%
2026-07-16 15:12:47 INFO     strategy        PnL: 15:12:47 MTM=2638.00 Profit=0.41%
2026-07-16 15:12:48 INFO     strategy        PnL: 15:12:48 MTM=2646.00 Profit=0.41%
2026-07-16 15:12:49 INFO     strategy        PnL: 15:12:49 MTM=2645.00 Profit=0.41%
2026-07-16 15:12:50 INFO     strategy        PnL: 15:12:50 MTM=2645.00 Profit=0.41%
2026-07-16 15:12:51 INFO     strategy        PnL: 15:12:51 MTM=2595.00 Profit=0.40%
2026-07-16 15:12:52 INFO     strategy        PnL: 15:12:52 MTM=2564.00 Profit=0.40%
2026-07-16 15:12:53 INFO     strategy        PnL: 15:12:53 MTM=2586.00 Profit=0.40%
2026-07-16 15:12:54 INFO     strategy        PnL: 15:12:54 MTM=2631.00 Profit=0.41%
2026-07-16 15:12:55 INFO     strategy        PnL: 15:12:55 MTM=2629.00 Profit=0.41%
2026-07-16 15:12:56 INFO     strategy        PnL: 15:12:56 MTM=2620.00 Profit=0.40%
2026-07-16 15:12:57 INFO     strategy        PnL: 15:12:57 MTM=2610.00 Profit=0.40%
2026-07-16 15:12:58 INFO     strategy        PnL: 15:12:58 MTM=2589.00 Profit=0.40%
2026-07-16 15:12:59 INFO     strategy        PnL: 15:12:59 MTM=2563.00 Profit=0.40%
2026-07-16 15:13:00 INFO     strategy        PnL: 15:13:00 MTM=2501.00 Profit=0.39%
2026-07-16 15:13:01 INFO     strategy        PnL: 15:13:01 MTM=2515.00 Profit=0.39%
2026-07-16 15:13:02 INFO     strategy        PnL: 15:13:02 MTM=2490.00 Profit=0.38%
2026-07-16 15:13:03 INFO     strategy        PnL: 15:13:03 MTM=2475.00 Profit=0.38%
2026-07-16 15:13:04 INFO     strategy        PnL: 15:13:04 MTM=2475.00 Profit=0.38%
2026-07-16 15:13:05 INFO     strategy        PnL: 15:13:05 MTM=2427.00 Profit=0.37%
2026-07-16 15:13:06 INFO     strategy        PnL: 15:13:06 MTM=2461.00 Profit=0.38%
2026-07-16 15:13:07 INFO     strategy        PnL: 15:13:07 MTM=2426.00 Profit=0.37%
2026-07-16 15:13:08 INFO     strategy        PnL: 15:13:08 MTM=2447.00 Profit=0.38%
2026-07-16 15:13:09 INFO     strategy        PnL: 15:13:09 MTM=2489.00 Profit=0.38%
2026-07-16 15:13:10 INFO     strategy        PnL: 15:13:10 MTM=2489.00 Profit=0.38%
2026-07-16 15:13:11 INFO     strategy        PnL: 15:13:11 MTM=2483.00 Profit=0.38%
2026-07-16 15:13:12 INFO     strategy        PnL: 15:13:12 MTM=2485.00 Profit=0.38%
2026-07-16 15:13:13 INFO     strategy        PnL: 15:13:13 MTM=2488.00 Profit=0.38%
2026-07-16 15:13:14 INFO     strategy        PnL: 15:13:14 MTM=2476.00 Profit=0.38%
2026-07-16 15:13:15 INFO     strategy        PnL: 15:13:15 MTM=2476.00 Profit=0.38%
2026-07-16 15:13:16 INFO     strategy        PnL: 15:13:16 MTM=2342.00 Profit=0.36%
2026-07-16 15:13:17 INFO     strategy        PnL: 15:13:17 MTM=2342.00 Profit=0.36%
2026-07-16 15:13:18 INFO     strategy        PnL: 15:13:18 MTM=2367.00 Profit=0.36%
2026-07-16 15:13:19 INFO     strategy        PnL: 15:13:19 MTM=2425.00 Profit=0.37%
2026-07-16 15:13:20 INFO     strategy        PnL: 15:13:20 MTM=2428.00 Profit=0.37%
2026-07-16 15:13:21 INFO     strategy        PnL: 15:13:21 MTM=2434.00 Profit=0.38%
2026-07-16 15:13:22 INFO     strategy        PnL: 15:13:22 MTM=2435.00 Profit=0.38%
2026-07-16 15:13:23 INFO     strategy        PnL: 15:13:23 MTM=2435.00 Profit=0.38%
2026-07-16 15:13:24 INFO     strategy        PnL: 15:13:24 MTM=2394.00 Profit=0.37%
2026-07-16 15:13:25 INFO     strategy        PnL: 15:13:25 MTM=2380.00 Profit=0.37%
2026-07-16 15:13:26 INFO     strategy        PnL: 15:13:26 MTM=2342.00 Profit=0.36%
2026-07-16 15:13:27 INFO     strategy        PnL: 15:13:27 MTM=2340.00 Profit=0.36%
2026-07-16 15:13:28 INFO     strategy        PnL: 15:13:28 MTM=2334.00 Profit=0.36%
2026-07-16 15:13:29 INFO     strategy        PnL: 15:13:29 MTM=2366.00 Profit=0.36%
2026-07-16 15:13:30 INFO     strategy        PnL: 15:13:30 MTM=2350.00 Profit=0.36%
2026-07-16 15:13:31 INFO     strategy        PnL: 15:13:31 MTM=2386.00 Profit=0.37%
2026-07-16 15:13:32 INFO     strategy        PnL: 15:13:32 MTM=2409.00 Profit=0.37%
2026-07-16 15:13:33 INFO     strategy        PnL: 15:13:33 MTM=2402.00 Profit=0.37%
2026-07-16 15:13:34 INFO     strategy        PnL: 15:13:34 MTM=2413.00 Profit=0.37%
2026-07-16 15:13:35 INFO     strategy        PnL: 15:13:35 MTM=2420.00 Profit=0.37%
2026-07-16 15:13:36 INFO     strategy        PnL: 15:13:36 MTM=2417.00 Profit=0.37%
2026-07-16 15:13:37 INFO     strategy        PnL: 15:13:37 MTM=2394.00 Profit=0.37%
2026-07-16 15:13:38 INFO     strategy        PnL: 15:13:38 MTM=2362.00 Profit=0.36%
2026-07-16 15:13:39 INFO     strategy        PnL: 15:13:39 MTM=2367.00 Profit=0.36%
2026-07-16 15:13:40 INFO     strategy        PnL: 15:13:40 MTM=2361.00 Profit=0.36%
2026-07-16 15:13:41 INFO     strategy        PnL: 15:13:41 MTM=2363.00 Profit=0.36%
2026-07-16 15:13:42 INFO     strategy        PnL: 15:13:42 MTM=2344.00 Profit=0.36%
2026-07-16 15:13:43 INFO     strategy        PnL: 15:13:43 MTM=2310.00 Profit=0.36%
2026-07-16 15:13:44 INFO     strategy        PnL: 15:13:44 MTM=2339.00 Profit=0.36%
2026-07-16 15:13:45 INFO     strategy        PnL: 15:13:45 MTM=2377.00 Profit=0.37%
2026-07-16 15:13:46 INFO     strategy        PnL: 15:13:46 MTM=2348.00 Profit=0.36%
2026-07-16 15:13:47 INFO     strategy        PnL: 15:13:47 MTM=2416.00 Profit=0.37%
2026-07-16 15:13:48 INFO     strategy        PnL: 15:13:48 MTM=2402.00 Profit=0.37%
2026-07-16 15:13:49 INFO     strategy        PnL: 15:13:49 MTM=2374.00 Profit=0.37%
2026-07-16 15:13:50 INFO     strategy        PnL: 15:13:50 MTM=2389.00 Profit=0.37%
2026-07-16 15:13:51 INFO     strategy        PnL: 15:13:51 MTM=2399.00 Profit=0.37%
2026-07-16 15:13:52 INFO     strategy        PnL: 15:13:52 MTM=2412.00 Profit=0.37%
2026-07-16 15:13:53 INFO     strategy        PnL: 15:13:53 MTM=2412.00 Profit=0.37%
2026-07-16 15:13:54 INFO     strategy        PnL: 15:13:54 MTM=2467.00 Profit=0.38%
2026-07-16 15:13:55 INFO     strategy        PnL: 15:13:55 MTM=2511.00 Profit=0.39%
2026-07-16 15:13:56 INFO     strategy        PnL: 15:13:56 MTM=2444.00 Profit=0.38%
2026-07-16 15:13:57 INFO     strategy        PnL: 15:13:57 MTM=2433.00 Profit=0.38%
2026-07-16 15:13:58 INFO     strategy        PnL: 15:13:58 MTM=2430.00 Profit=0.37%
2026-07-16 15:13:59 INFO     strategy        PnL: 15:13:59 MTM=2467.00 Profit=0.38%
2026-07-16 15:14:00 INFO     strategy        PnL: 15:14:00 MTM=2467.00 Profit=0.38%
2026-07-16 15:14:01 INFO     strategy        PnL: 15:14:01 MTM=2463.00 Profit=0.38%
2026-07-16 15:14:02 INFO     strategy        PnL: 15:14:02 MTM=2457.00 Profit=0.38%
2026-07-16 15:14:03 INFO     strategy        PnL: 15:14:03 MTM=2486.00 Profit=0.38%
2026-07-16 15:14:04 INFO     strategy        PnL: 15:14:04 MTM=2471.00 Profit=0.38%
2026-07-16 15:14:05 INFO     strategy        PnL: 15:14:05 MTM=2498.00 Profit=0.39%
2026-07-16 15:14:06 INFO     strategy        PnL: 15:14:06 MTM=2549.00 Profit=0.39%
2026-07-16 15:14:07 INFO     strategy        PnL: 15:14:07 MTM=2550.00 Profit=0.39%
2026-07-16 15:14:08 INFO     strategy        PnL: 15:14:08 MTM=2553.00 Profit=0.39%
2026-07-16 15:14:09 INFO     strategy        PnL: 15:14:09 MTM=2542.00 Profit=0.39%
2026-07-16 15:14:10 INFO     strategy        PnL: 15:14:10 MTM=2548.00 Profit=0.39%
2026-07-16 15:14:11 INFO     strategy        PnL: 15:14:11 MTM=2546.00 Profit=0.39%
2026-07-16 15:14:13 INFO     strategy        PnL: 15:14:13 MTM=2566.00 Profit=0.40%
2026-07-16 15:14:14 INFO     strategy        PnL: 15:14:14 MTM=2612.00 Profit=0.40%
2026-07-16 15:14:15 INFO     strategy        PnL: 15:14:15 MTM=2600.00 Profit=0.40%
2026-07-16 15:14:16 INFO     strategy        PnL: 15:14:16 MTM=2586.00 Profit=0.40%
2026-07-16 15:14:17 INFO     strategy        PnL: 15:14:17 MTM=2591.00 Profit=0.40%
2026-07-16 15:14:18 INFO     strategy        PnL: 15:14:18 MTM=2565.00 Profit=0.40%
2026-07-16 15:14:19 INFO     strategy        PnL: 15:14:19 MTM=2531.00 Profit=0.39%
2026-07-16 15:14:20 INFO     strategy        PnL: 15:14:20 MTM=2574.00 Profit=0.40%
2026-07-16 15:14:21 INFO     strategy        PnL: 15:14:21 MTM=2557.00 Profit=0.39%
2026-07-16 15:14:22 INFO     strategy        PnL: 15:14:22 MTM=2619.00 Profit=0.40%
2026-07-16 15:14:23 INFO     strategy        PnL: 15:14:23 MTM=2602.00 Profit=0.40%
2026-07-16 15:14:24 INFO     strategy        PnL: 15:14:24 MTM=2605.00 Profit=0.40%
2026-07-16 15:14:25 INFO     strategy        PnL: 15:14:25 MTM=2597.00 Profit=0.40%
2026-07-16 15:14:26 INFO     strategy        PnL: 15:14:26 MTM=2581.00 Profit=0.40%
2026-07-16 15:14:27 INFO     strategy        PnL: 15:14:27 MTM=2611.00 Profit=0.40%
2026-07-16 15:14:28 INFO     strategy        PnL: 15:14:28 MTM=2607.00 Profit=0.40%
2026-07-16 15:14:29 INFO     strategy        PnL: 15:14:29 MTM=2570.00 Profit=0.40%
2026-07-16 15:14:30 INFO     strategy        PnL: 15:14:30 MTM=2550.00 Profit=0.39%
2026-07-16 15:14:31 INFO     strategy        PnL: 15:14:31 MTM=2568.00 Profit=0.40%
2026-07-16 15:14:32 INFO     strategy        PnL: 15:14:32 MTM=2565.00 Profit=0.40%
2026-07-16 15:14:33 INFO     strategy        PnL: 15:14:33 MTM=2566.00 Profit=0.40%
2026-07-16 15:14:34 INFO     strategy        PnL: 15:14:34 MTM=2554.00 Profit=0.39%
2026-07-16 15:14:35 INFO     strategy        PnL: 15:14:35 MTM=2559.00 Profit=0.39%
2026-07-16 15:14:36 INFO     strategy        PnL: 15:14:36 MTM=2608.00 Profit=0.40%
2026-07-16 15:14:37 INFO     strategy        PnL: 15:14:37 MTM=2623.00 Profit=0.40%
2026-07-16 15:14:38 INFO     strategy        PnL: 15:14:38 MTM=2639.00 Profit=0.41%
2026-07-16 15:14:39 INFO     strategy        PnL: 15:14:39 MTM=2651.00 Profit=0.41%
2026-07-16 15:14:40 INFO     strategy        PnL: 15:14:40 MTM=2577.00 Profit=0.40%
2026-07-16 15:14:41 INFO     strategy        PnL: 15:14:41 MTM=2600.00 Profit=0.40%
2026-07-16 15:14:42 INFO     strategy        PnL: 15:14:42 MTM=2614.00 Profit=0.40%
2026-07-16 15:14:43 INFO     strategy        PnL: 15:14:43 MTM=2608.00 Profit=0.40%
2026-07-16 15:14:44 INFO     strategy        PnL: 15:14:44 MTM=2594.00 Profit=0.40%
2026-07-16 15:14:45 INFO     strategy        PnL: 15:14:45 MTM=2612.00 Profit=0.40%
2026-07-16 15:14:46 INFO     strategy        PnL: 15:14:46 MTM=2608.00 Profit=0.40%
2026-07-16 15:14:47 INFO     strategy        PnL: 15:14:47 MTM=2600.00 Profit=0.40%
2026-07-16 15:14:48 INFO     strategy        PnL: 15:14:48 MTM=2590.00 Profit=0.40%
2026-07-16 15:14:49 INFO     strategy        PnL: 15:14:49 MTM=2564.00 Profit=0.40%
2026-07-16 15:14:50 INFO     strategy        PnL: 15:14:50 MTM=2544.00 Profit=0.39%
2026-07-16 15:14:51 INFO     strategy        PnL: 15:14:51 MTM=2586.00 Profit=0.40%
2026-07-16 15:14:52 INFO     strategy        PnL: 15:14:52 MTM=2563.00 Profit=0.40%
2026-07-16 15:14:53 INFO     strategy        PnL: 15:14:53 MTM=2591.00 Profit=0.40%
2026-07-16 15:14:54 INFO     strategy        PnL: 15:14:54 MTM=2562.00 Profit=0.39%
2026-07-16 15:14:55 INFO     strategy        PnL: 15:14:55 MTM=2560.00 Profit=0.39%
2026-07-16 15:14:56 INFO     strategy        PnL: 15:14:56 MTM=2573.00 Profit=0.40%
2026-07-16 15:14:57 INFO     strategy        PnL: 15:14:57 MTM=2561.00 Profit=0.39%
2026-07-16 15:14:58 INFO     strategy        PnL: 15:14:58 MTM=2539.00 Profit=0.39%
2026-07-16 15:14:59 INFO     strategy        PnL: 15:14:59 MTM=2482.00 Profit=0.38%
2026-07-16 15:15:00 INFO     strategy        PnL: 15:15:00 MTM=2479.00 Profit=0.38%
2026-07-16 15:15:01 INFO     strategy        PnL: 15:15:01 MTM=2558.00 Profit=0.39%
2026-07-16 15:15:02 INFO     strategy        PnL: 15:15:02 MTM=2539.00 Profit=0.39%
2026-07-16 15:15:03 INFO     strategy        PnL: 15:15:03 MTM=2542.00 Profit=0.39%
2026-07-16 15:15:04 INFO     strategy        PnL: 15:15:04 MTM=2539.00 Profit=0.39%
2026-07-16 15:15:05 INFO     strategy        PnL: 15:15:05 MTM=2530.00 Profit=0.39%
2026-07-16 15:15:06 INFO     strategy        PnL: 15:15:06 MTM=2506.00 Profit=0.39%
2026-07-16 15:15:07 INFO     strategy        PnL: 15:15:07 MTM=2511.00 Profit=0.39%
2026-07-16 15:15:08 INFO     strategy        PnL: 15:15:08 MTM=2522.00 Profit=0.39%
2026-07-16 15:15:09 INFO     strategy        PnL: 15:15:09 MTM=2497.00 Profit=0.38%
2026-07-16 15:15:10 INFO     strategy        PnL: 15:15:10 MTM=2485.00 Profit=0.38%
2026-07-16 15:15:11 INFO     strategy        PnL: 15:15:11 MTM=2416.00 Profit=0.37%
2026-07-16 15:15:12 INFO     strategy        PnL: 15:15:12 MTM=2442.00 Profit=0.38%
2026-07-16 15:15:13 INFO     strategy        PnL: 15:15:13 MTM=2406.00 Profit=0.37%
2026-07-16 15:15:14 INFO     strategy        PnL: 15:15:14 MTM=2426.00 Profit=0.37%
2026-07-16 15:15:15 INFO     strategy        PnL: 15:15:15 MTM=2422.00 Profit=0.37%
2026-07-16 15:15:16 INFO     strategy        PnL: 15:15:16 MTM=2468.00 Profit=0.38%
2026-07-16 15:15:17 INFO     strategy        PnL: 15:15:17 MTM=2480.00 Profit=0.38%
2026-07-16 15:15:18 INFO     strategy        PnL: 15:15:18 MTM=2506.00 Profit=0.39%
2026-07-16 15:15:19 INFO     strategy        PnL: 15:15:19 MTM=2484.00 Profit=0.38%
2026-07-16 15:15:20 INFO     strategy        PnL: 15:15:20 MTM=2497.00 Profit=0.38%
2026-07-16 15:15:21 INFO     strategy        PnL: 15:15:21 MTM=2512.00 Profit=0.39%
2026-07-16 15:15:22 INFO     strategy        PnL: 15:15:22 MTM=2513.00 Profit=0.39%
2026-07-16 15:15:23 INFO     strategy        PnL: 15:15:23 MTM=2523.00 Profit=0.39%
2026-07-16 15:15:24 INFO     strategy        PnL: 15:15:24 MTM=2524.00 Profit=0.39%
2026-07-16 15:15:25 INFO     strategy        PnL: 15:15:25 MTM=2525.00 Profit=0.39%
2026-07-16 15:15:26 INFO     strategy        PnL: 15:15:26 MTM=2521.00 Profit=0.39%
2026-07-16 15:15:27 INFO     strategy        PnL: 15:15:27 MTM=2530.00 Profit=0.39%
2026-07-16 15:15:28 INFO     strategy        PnL: 15:15:28 MTM=2532.00 Profit=0.39%
2026-07-16 15:15:29 INFO     strategy        PnL: 15:15:29 MTM=2529.00 Profit=0.39%
2026-07-16 15:15:30 INFO     strategy        PnL: 15:15:30 MTM=2505.00 Profit=0.39%
2026-07-16 15:15:31 INFO     strategy        PnL: 15:15:31 MTM=2524.00 Profit=0.39%
2026-07-16 15:15:32 INFO     strategy        PnL: 15:15:32 MTM=2562.00 Profit=0.39%
2026-07-16 15:15:33 INFO     strategy        PnL: 15:15:33 MTM=2559.00 Profit=0.39%
2026-07-16 15:15:34 INFO     strategy        PnL: 15:15:34 MTM=2552.00 Profit=0.39%
2026-07-16 15:15:35 INFO     strategy        PnL: 15:15:35 MTM=2544.00 Profit=0.39%
2026-07-16 15:15:36 INFO     strategy        PnL: 15:15:36 MTM=2538.00 Profit=0.39%
2026-07-16 15:15:37 INFO     strategy        PnL: 15:15:37 MTM=2585.00 Profit=0.40%
2026-07-16 15:15:38 INFO     strategy        PnL: 15:15:38 MTM=2579.00 Profit=0.40%
2026-07-16 15:15:39 INFO     strategy        PnL: 15:15:39 MTM=2582.00 Profit=0.40%
2026-07-16 15:15:40 INFO     strategy        PnL: 15:15:40 MTM=2553.00 Profit=0.39%
2026-07-16 15:15:41 INFO     strategy        PnL: 15:15:41 MTM=2551.00 Profit=0.39%
2026-07-16 15:15:42 INFO     strategy        PnL: 15:15:42 MTM=2547.00 Profit=0.39%
2026-07-16 15:15:43 INFO     strategy        PnL: 15:15:43 MTM=2546.00 Profit=0.39%
2026-07-16 15:15:44 INFO     strategy        PnL: 15:15:44 MTM=2560.00 Profit=0.39%
2026-07-16 15:15:45 INFO     strategy        PnL: 15:15:45 MTM=2571.00 Profit=0.40%
2026-07-16 15:15:46 INFO     strategy        PnL: 15:15:46 MTM=2571.00 Profit=0.40%
2026-07-16 15:15:47 INFO     strategy        PnL: 15:15:47 MTM=2556.00 Profit=0.39%
2026-07-16 15:15:49 INFO     strategy        PnL: 15:15:49 MTM=2581.00 Profit=0.40%
2026-07-16 15:15:50 INFO     strategy        PnL: 15:15:50 MTM=2590.00 Profit=0.40%
2026-07-16 15:15:51 INFO     strategy        PnL: 15:15:51 MTM=2586.00 Profit=0.40%
2026-07-16 15:15:52 INFO     strategy        PnL: 15:15:52 MTM=2592.00 Profit=0.40%
2026-07-16 15:15:53 INFO     strategy        PnL: 15:15:53 MTM=2591.00 Profit=0.40%
2026-07-16 15:15:54 INFO     strategy        PnL: 15:15:54 MTM=2600.00 Profit=0.40%
2026-07-16 15:15:55 INFO     strategy        PnL: 15:15:55 MTM=2588.00 Profit=0.40%
2026-07-16 15:15:56 INFO     strategy        PnL: 15:15:56 MTM=2580.00 Profit=0.40%
2026-07-16 15:15:57 INFO     strategy        PnL: 15:15:57 MTM=2590.00 Profit=0.40%
2026-07-16 15:15:58 INFO     strategy        PnL: 15:15:58 MTM=2579.00 Profit=0.40%
2026-07-16 15:15:59 INFO     strategy        PnL: 15:15:59 MTM=2611.00 Profit=0.40%
2026-07-16 15:16:00 INFO     strategy        PnL: 15:16:00 MTM=2631.00 Profit=0.41%
2026-07-16 15:16:01 INFO     strategy        PnL: 15:16:01 MTM=2641.00 Profit=0.41%
2026-07-16 15:16:02 INFO     strategy        PnL: 15:16:02 MTM=2586.00 Profit=0.40%
2026-07-16 15:16:03 INFO     strategy        PnL: 15:16:03 MTM=2591.00 Profit=0.40%
2026-07-16 15:16:04 INFO     strategy        PnL: 15:16:04 MTM=2597.00 Profit=0.40%
2026-07-16 15:16:05 INFO     strategy        PnL: 15:16:05 MTM=2601.00 Profit=0.40%
2026-07-16 15:16:06 INFO     strategy        PnL: 15:16:06 MTM=2609.00 Profit=0.40%
2026-07-16 15:16:07 INFO     strategy        PnL: 15:16:07 MTM=2614.00 Profit=0.40%
2026-07-16 15:16:08 INFO     strategy        PnL: 15:16:08 MTM=2613.00 Profit=0.40%
2026-07-16 15:16:09 INFO     strategy        PnL: 15:16:09 MTM=2619.00 Profit=0.40%
2026-07-16 15:16:10 INFO     strategy        PnL: 15:16:10 MTM=2605.00 Profit=0.40%
2026-07-16 15:16:11 INFO     strategy        PnL: 15:16:11 MTM=2608.00 Profit=0.40%
2026-07-16 15:16:12 INFO     strategy        PnL: 15:16:12 MTM=2555.00 Profit=0.39%
2026-07-16 15:16:13 INFO     strategy        PnL: 15:16:13 MTM=2561.00 Profit=0.39%
2026-07-16 15:16:14 INFO     strategy        PnL: 15:16:14 MTM=2561.00 Profit=0.39%
2026-07-16 15:16:15 INFO     strategy        PnL: 15:16:15 MTM=2560.00 Profit=0.39%
2026-07-16 15:16:16 INFO     strategy        PnL: 15:16:16 MTM=2572.00 Profit=0.40%
2026-07-16 15:16:17 INFO     strategy        PnL: 15:16:17 MTM=2608.00 Profit=0.40%
2026-07-16 15:16:18 INFO     strategy        PnL: 15:16:18 MTM=2594.00 Profit=0.40%
2026-07-16 15:16:19 INFO     strategy        PnL: 15:16:19 MTM=2577.00 Profit=0.40%
2026-07-16 15:16:20 INFO     strategy        PnL: 15:16:20 MTM=2593.00 Profit=0.40%
2026-07-16 15:16:21 INFO     strategy        PnL: 15:16:21 MTM=2593.00 Profit=0.40%
2026-07-16 15:16:22 INFO     strategy        PnL: 15:16:22 MTM=2600.00 Profit=0.40%
2026-07-16 15:16:23 INFO     strategy        PnL: 15:16:23 MTM=2596.00 Profit=0.40%
2026-07-16 15:16:24 INFO     strategy        PnL: 15:16:24 MTM=2600.00 Profit=0.40%
2026-07-16 15:16:25 INFO     strategy        PnL: 15:16:25 MTM=2596.00 Profit=0.40%
2026-07-16 15:16:26 INFO     strategy        PnL: 15:16:26 MTM=2580.00 Profit=0.40%
2026-07-16 15:16:27 INFO     strategy        PnL: 15:16:27 MTM=2584.00 Profit=0.40%
2026-07-16 15:16:28 INFO     strategy        PnL: 15:16:28 MTM=2583.00 Profit=0.40%
2026-07-16 15:16:29 INFO     strategy        PnL: 15:16:29 MTM=2560.00 Profit=0.39%
2026-07-16 15:16:30 INFO     strategy        PnL: 15:16:30 MTM=2546.00 Profit=0.39%
2026-07-16 15:16:31 INFO     strategy        PnL: 15:16:31 MTM=2568.00 Profit=0.40%
2026-07-16 15:16:32 INFO     strategy        PnL: 15:16:32 MTM=2565.00 Profit=0.40%
2026-07-16 15:16:33 INFO     strategy        PnL: 15:16:33 MTM=2521.00 Profit=0.39%
2026-07-16 15:16:34 INFO     strategy        PnL: 15:16:34 MTM=2516.00 Profit=0.39%
2026-07-16 15:16:35 INFO     strategy        PnL: 15:16:35 MTM=2530.00 Profit=0.39%
2026-07-16 15:16:36 INFO     strategy        PnL: 15:16:36 MTM=2522.00 Profit=0.39%
2026-07-16 15:16:37 INFO     strategy        PnL: 15:16:37 MTM=2506.00 Profit=0.39%
2026-07-16 15:16:38 INFO     strategy        PnL: 15:16:38 MTM=2501.00 Profit=0.39%
2026-07-16 15:16:39 INFO     strategy        PnL: 15:16:39 MTM=2489.00 Profit=0.38%
2026-07-16 15:16:40 INFO     strategy        PnL: 15:16:40 MTM=2498.00 Profit=0.39%
2026-07-16 15:16:41 INFO     strategy        PnL: 15:16:41 MTM=2529.00 Profit=0.39%
2026-07-16 15:16:42 INFO     strategy        PnL: 15:16:42 MTM=2557.00 Profit=0.39%
2026-07-16 15:16:43 INFO     strategy        PnL: 15:16:43 MTM=2551.00 Profit=0.39%
2026-07-16 15:16:44 INFO     strategy        PnL: 15:16:44 MTM=2565.00 Profit=0.40%
2026-07-16 15:16:45 INFO     strategy        PnL: 15:16:45 MTM=2578.00 Profit=0.40%
2026-07-16 15:16:46 INFO     strategy        PnL: 15:16:46 MTM=2589.00 Profit=0.40%
2026-07-16 15:16:47 INFO     strategy        PnL: 15:16:47 MTM=2586.00 Profit=0.40%
2026-07-16 15:16:48 INFO     strategy        PnL: 15:16:48 MTM=2587.00 Profit=0.40%
2026-07-16 15:16:49 INFO     strategy        PnL: 15:16:49 MTM=2580.00 Profit=0.40%
2026-07-16 15:16:50 INFO     strategy        PnL: 15:16:50 MTM=2564.00 Profit=0.40%
2026-07-16 15:16:51 INFO     strategy        PnL: 15:16:51 MTM=2556.00 Profit=0.39%
2026-07-16 15:16:52 INFO     strategy        PnL: 15:16:52 MTM=2556.00 Profit=0.39%
2026-07-16 15:16:53 INFO     strategy        PnL: 15:16:53 MTM=2544.00 Profit=0.39%
2026-07-16 15:16:54 INFO     strategy        PnL: 15:16:54 MTM=2554.00 Profit=0.39%
2026-07-16 15:16:55 INFO     strategy        PnL: 15:16:55 MTM=2548.00 Profit=0.39%
2026-07-16 15:16:56 INFO     strategy        PnL: 15:16:56 MTM=2547.00 Profit=0.39%
2026-07-16 15:16:57 INFO     strategy        PnL: 15:16:57 MTM=2539.00 Profit=0.39%
2026-07-16 15:16:58 INFO     strategy        PnL: 15:16:58 MTM=2543.00 Profit=0.39%
2026-07-16 15:16:59 INFO     strategy        PnL: 15:16:59 MTM=2541.00 Profit=0.39%
2026-07-16 15:17:00 INFO     strategy        PnL: 15:17:00 MTM=2535.00 Profit=0.39%
2026-07-16 15:17:01 INFO     strategy        PnL: 15:17:01 MTM=2529.00 Profit=0.39%
2026-07-16 15:17:02 INFO     strategy        PnL: 15:17:02 MTM=2505.00 Profit=0.39%
2026-07-16 15:17:03 INFO     strategy        PnL: 15:17:03 MTM=2561.00 Profit=0.39%
2026-07-16 15:17:04 INFO     strategy        PnL: 15:17:04 MTM=2538.00 Profit=0.39%
2026-07-16 15:17:05 INFO     strategy        PnL: 15:17:05 MTM=2535.00 Profit=0.39%
2026-07-16 15:17:06 INFO     strategy        PnL: 15:17:06 MTM=2542.00 Profit=0.39%
2026-07-16 15:17:07 INFO     strategy        PnL: 15:17:07 MTM=2522.00 Profit=0.39%
2026-07-16 15:17:08 INFO     strategy        PnL: 15:17:08 MTM=2543.00 Profit=0.39%
2026-07-16 15:17:09 INFO     strategy        PnL: 15:17:09 MTM=2536.00 Profit=0.39%
2026-07-16 15:17:10 INFO     strategy        PnL: 15:17:10 MTM=2565.00 Profit=0.40%
2026-07-16 15:17:11 INFO     strategy        PnL: 15:17:11 MTM=2560.00 Profit=0.39%
2026-07-16 15:17:12 INFO     strategy        PnL: 15:17:12 MTM=2579.00 Profit=0.40%
2026-07-16 15:17:13 INFO     strategy        PnL: 15:17:13 MTM=2568.00 Profit=0.40%
2026-07-16 15:17:14 INFO     strategy        PnL: 15:17:14 MTM=2568.00 Profit=0.40%
2026-07-16 15:17:15 INFO     strategy        PnL: 15:17:15 MTM=2567.00 Profit=0.40%
2026-07-16 15:17:16 INFO     strategy        PnL: 15:17:16 MTM=2572.00 Profit=0.40%
2026-07-16 15:17:17 INFO     strategy        PnL: 15:17:17 MTM=2583.00 Profit=0.40%
2026-07-16 15:17:19 INFO     strategy        PnL: 15:17:19 MTM=2585.00 Profit=0.40%
2026-07-16 15:17:20 INFO     strategy        PnL: 15:17:19 MTM=2590.00 Profit=0.40%
2026-07-16 15:17:21 INFO     strategy        PnL: 15:17:21 MTM=2585.00 Profit=0.40%
2026-07-16 15:17:22 INFO     strategy        PnL: 15:17:22 MTM=2612.00 Profit=0.40%
2026-07-16 15:17:23 INFO     strategy        PnL: 15:17:23 MTM=2592.00 Profit=0.40%
2026-07-16 15:17:24 INFO     strategy        PnL: 15:17:24 MTM=2601.00 Profit=0.40%
2026-07-16 15:17:25 INFO     strategy        PnL: 15:17:25 MTM=2578.00 Profit=0.40%
2026-07-16 15:17:26 INFO     strategy        PnL: 15:17:26 MTM=2571.00 Profit=0.40%
2026-07-16 15:17:27 INFO     strategy        PnL: 15:17:27 MTM=2566.00 Profit=0.40%
2026-07-16 15:17:28 INFO     strategy        PnL: 15:17:28 MTM=2576.00 Profit=0.40%
2026-07-16 15:17:29 INFO     strategy        PnL: 15:17:29 MTM=2587.00 Profit=0.40%
2026-07-16 15:17:30 INFO     strategy        PnL: 15:17:30 MTM=2586.00 Profit=0.40%
2026-07-16 15:17:31 INFO     strategy        PnL: 15:17:31 MTM=2594.00 Profit=0.40%
2026-07-16 15:17:32 INFO     strategy        PnL: 15:17:32 MTM=2577.00 Profit=0.40%
2026-07-16 15:17:33 INFO     strategy        PnL: 15:17:33 MTM=2563.00 Profit=0.40%
2026-07-16 15:17:34 INFO     strategy        PnL: 15:17:34 MTM=2571.00 Profit=0.40%
2026-07-16 15:17:35 INFO     strategy        PnL: 15:17:35 MTM=2588.00 Profit=0.40%
2026-07-16 15:17:36 INFO     strategy        PnL: 15:17:36 MTM=2588.00 Profit=0.40%
2026-07-16 15:17:37 INFO     strategy        PnL: 15:17:37 MTM=2578.00 Profit=0.40%
2026-07-16 15:17:38 INFO     strategy        PnL: 15:17:38 MTM=2597.00 Profit=0.40%
2026-07-16 15:17:39 INFO     strategy        PnL: 15:17:39 MTM=2582.00 Profit=0.40%
2026-07-16 15:17:40 INFO     strategy        PnL: 15:17:40 MTM=2598.00 Profit=0.40%
2026-07-16 15:17:41 INFO     strategy        PnL: 15:17:41 MTM=2586.00 Profit=0.40%
2026-07-16 15:17:42 INFO     strategy        PnL: 15:17:42 MTM=2587.00 Profit=0.40%
2026-07-16 15:17:43 INFO     strategy        PnL: 15:17:43 MTM=2585.00 Profit=0.40%
2026-07-16 15:17:44 INFO     strategy        PnL: 15:17:44 MTM=2588.00 Profit=0.40%
2026-07-16 15:17:45 INFO     strategy        PnL: 15:17:45 MTM=2601.00 Profit=0.40%
2026-07-16 15:17:46 INFO     strategy        PnL: 15:17:46 MTM=2633.00 Profit=0.41%
2026-07-16 15:17:47 INFO     strategy        PnL: 15:17:47 MTM=2638.00 Profit=0.41%
2026-07-16 15:17:48 INFO     strategy        PnL: 15:17:48 MTM=2639.00 Profit=0.41%
2026-07-16 15:17:49 INFO     strategy        PnL: 15:17:49 MTM=2638.00 Profit=0.41%
2026-07-16 15:17:50 INFO     strategy        PnL: 15:17:50 MTM=2636.00 Profit=0.41%
2026-07-16 15:17:51 INFO     strategy        PnL: 15:17:51 MTM=2675.00 Profit=0.41%
2026-07-16 15:17:52 INFO     strategy        PnL: 15:17:52 MTM=2650.00 Profit=0.41%
2026-07-16 15:17:53 INFO     strategy        PnL: 15:17:53 MTM=2636.00 Profit=0.41%
2026-07-16 15:17:54 INFO     strategy        PnL: 15:17:54 MTM=2629.00 Profit=0.41%
2026-07-16 15:17:55 INFO     strategy        PnL: 15:17:55 MTM=2625.00 Profit=0.40%
2026-07-16 15:17:56 INFO     strategy        PnL: 15:17:56 MTM=2632.00 Profit=0.41%
2026-07-16 15:17:57 INFO     strategy        PnL: 15:17:57 MTM=2609.00 Profit=0.40%
2026-07-16 15:17:58 INFO     strategy        PnL: 15:17:58 MTM=2597.00 Profit=0.40%
2026-07-16 15:17:59 INFO     strategy        PnL: 15:17:59 MTM=2598.00 Profit=0.40%
2026-07-16 15:18:00 INFO     strategy        PnL: 15:18:00 MTM=2615.00 Profit=0.40%
2026-07-16 15:18:01 INFO     strategy        PnL: 15:18:01 MTM=2593.00 Profit=0.40%
2026-07-16 15:18:02 INFO     strategy        PnL: 15:18:02 MTM=2600.00 Profit=0.40%
2026-07-16 15:18:03 INFO     strategy        PnL: 15:18:03 MTM=2609.00 Profit=0.40%
2026-07-16 15:18:04 INFO     strategy        PnL: 15:18:04 MTM=2606.00 Profit=0.40%
2026-07-16 15:18:05 INFO     strategy        PnL: 15:18:05 MTM=2602.00 Profit=0.40%
2026-07-16 15:18:06 INFO     strategy        PnL: 15:18:06 MTM=2613.00 Profit=0.40%
2026-07-16 15:18:07 INFO     strategy        PnL: 15:18:07 MTM=2646.00 Profit=0.41%
2026-07-16 15:18:08 INFO     strategy        PnL: 15:18:08 MTM=2667.00 Profit=0.41%
2026-07-16 15:18:09 INFO     strategy        PnL: 15:18:09 MTM=2681.00 Profit=0.41%
2026-07-16 15:18:10 INFO     strategy        PnL: 15:18:10 MTM=2654.00 Profit=0.41%
2026-07-16 15:18:11 INFO     strategy        PnL: 15:18:11 MTM=2683.00 Profit=0.41%
2026-07-16 15:18:12 INFO     strategy        PnL: 15:18:12 MTM=2674.00 Profit=0.41%
2026-07-16 15:18:13 INFO     strategy        PnL: 15:18:13 MTM=2665.00 Profit=0.41%
2026-07-16 15:18:14 INFO     strategy        PnL: 15:18:14 MTM=2656.00 Profit=0.41%
2026-07-16 15:18:15 INFO     strategy        PnL: 15:18:15 MTM=2645.00 Profit=0.41%
2026-07-16 15:18:16 INFO     strategy        PnL: 15:18:16 MTM=2633.00 Profit=0.41%
2026-07-16 15:18:17 INFO     strategy        PnL: 15:18:17 MTM=2633.00 Profit=0.41%
2026-07-16 15:18:18 INFO     strategy        PnL: 15:18:18 MTM=2603.00 Profit=0.40%
2026-07-16 15:18:19 INFO     strategy        PnL: 15:18:19 MTM=2603.00 Profit=0.40%
2026-07-16 15:18:20 INFO     strategy        PnL: 15:18:20 MTM=2608.00 Profit=0.40%
2026-07-16 15:18:21 INFO     strategy        PnL: 15:18:21 MTM=2598.00 Profit=0.40%
2026-07-16 15:18:22 INFO     strategy        PnL: 15:18:22 MTM=2613.00 Profit=0.40%
2026-07-16 15:18:23 INFO     strategy        PnL: 15:18:23 MTM=2615.00 Profit=0.40%
2026-07-16 15:18:24 INFO     strategy        PnL: 15:18:24 MTM=2611.00 Profit=0.40%
2026-07-16 15:18:25 INFO     strategy        PnL: 15:18:25 MTM=2602.00 Profit=0.40%
2026-07-16 15:18:26 INFO     strategy        PnL: 15:18:26 MTM=2594.00 Profit=0.40%
2026-07-16 15:18:27 INFO     strategy        PnL: 15:18:27 MTM=2598.00 Profit=0.40%
2026-07-16 15:18:28 INFO     strategy        PnL: 15:18:28 MTM=2610.00 Profit=0.40%
2026-07-16 15:18:29 INFO     strategy        PnL: 15:18:29 MTM=2597.00 Profit=0.40%
2026-07-16 15:18:30 INFO     strategy        PnL: 15:18:30 MTM=2593.00 Profit=0.40%
2026-07-16 15:18:31 INFO     strategy        PnL: 15:18:31 MTM=2607.00 Profit=0.40%
2026-07-16 15:18:32 INFO     strategy        PnL: 15:18:32 MTM=2623.00 Profit=0.40%
2026-07-16 15:18:33 INFO     strategy        PnL: 15:18:33 MTM=2621.00 Profit=0.40%
2026-07-16 15:18:34 INFO     strategy        PnL: 15:18:34 MTM=2617.00 Profit=0.40%
2026-07-16 15:18:35 INFO     strategy        PnL: 15:18:35 MTM=2618.00 Profit=0.40%
2026-07-16 15:18:36 INFO     strategy        PnL: 15:18:36 MTM=2618.00 Profit=0.40%
2026-07-16 15:18:37 INFO     strategy        PnL: 15:18:37 MTM=2610.00 Profit=0.40%
2026-07-16 15:18:38 INFO     strategy        PnL: 15:18:38 MTM=2617.00 Profit=0.40%
2026-07-16 15:18:39 INFO     strategy        PnL: 15:18:39 MTM=2615.00 Profit=0.40%
2026-07-16 15:18:40 INFO     strategy        PnL: 15:18:40 MTM=2582.00 Profit=0.40%
2026-07-16 15:18:41 INFO     strategy        PnL: 15:18:41 MTM=2586.00 Profit=0.40%
2026-07-16 15:18:42 INFO     strategy        PnL: 15:18:42 MTM=2555.00 Profit=0.39%
2026-07-16 15:18:43 INFO     strategy        PnL: 15:18:43 MTM=2563.00 Profit=0.40%
2026-07-16 15:18:44 INFO     strategy        PnL: 15:18:44 MTM=2566.00 Profit=0.40%
2026-07-16 15:18:45 INFO     strategy        PnL: 15:18:45 MTM=2559.00 Profit=0.39%
2026-07-16 15:18:46 INFO     strategy        PnL: 15:18:46 MTM=2541.00 Profit=0.39%
2026-07-16 15:18:47 INFO     strategy        PnL: 15:18:47 MTM=2547.00 Profit=0.39%
2026-07-16 15:18:48 INFO     strategy        PnL: 15:18:48 MTM=2586.00 Profit=0.40%
2026-07-16 15:18:49 INFO     strategy        PnL: 15:18:49 MTM=2597.00 Profit=0.40%
2026-07-16 15:18:51 INFO     strategy        PnL: 15:18:51 MTM=2571.00 Profit=0.40%
2026-07-16 15:18:52 INFO     strategy        PnL: 15:18:52 MTM=2581.00 Profit=0.40%
2026-07-16 15:18:53 INFO     strategy        PnL: 15:18:53 MTM=2586.00 Profit=0.40%
2026-07-16 15:18:54 INFO     strategy        PnL: 15:18:54 MTM=2593.00 Profit=0.40%
2026-07-16 15:18:55 INFO     strategy        PnL: 15:18:55 MTM=2586.00 Profit=0.40%
2026-07-16 15:18:56 INFO     strategy        PnL: 15:18:56 MTM=2593.00 Profit=0.40%
2026-07-16 15:18:57 INFO     strategy        PnL: 15:18:57 MTM=2577.00 Profit=0.40%
2026-07-16 15:18:58 INFO     strategy        PnL: 15:18:58 MTM=2574.00 Profit=0.40%
2026-07-16 15:18:59 INFO     strategy        PnL: 15:18:59 MTM=2563.00 Profit=0.40%
2026-07-16 15:19:00 INFO     strategy        PnL: 15:19:00 MTM=2542.00 Profit=0.39%
2026-07-16 15:19:01 INFO     strategy        PnL: 15:19:01 MTM=2562.00 Profit=0.39%
2026-07-16 15:19:02 INFO     strategy        PnL: 15:19:02 MTM=2549.00 Profit=0.39%
2026-07-16 15:19:03 INFO     strategy        PnL: 15:19:03 MTM=2548.00 Profit=0.39%
2026-07-16 15:19:04 INFO     strategy        PnL: 15:19:04 MTM=2530.00 Profit=0.39%
2026-07-16 15:19:05 INFO     strategy        PnL: 15:19:05 MTM=2546.00 Profit=0.39%
2026-07-16 15:19:06 INFO     strategy        PnL: 15:19:06 MTM=2526.00 Profit=0.39%
2026-07-16 15:19:07 INFO     strategy        PnL: 15:19:07 MTM=2526.00 Profit=0.39%
2026-07-16 15:19:08 INFO     strategy        PnL: 15:19:08 MTM=2541.00 Profit=0.39%
2026-07-16 15:19:09 INFO     strategy        PnL: 15:19:09 MTM=2543.00 Profit=0.39%
2026-07-16 15:19:10 INFO     strategy        PnL: 15:19:10 MTM=2543.00 Profit=0.39%
2026-07-16 15:19:11 INFO     strategy        PnL: 15:19:11 MTM=2549.00 Profit=0.39%
2026-07-16 15:19:12 INFO     strategy        PnL: 15:19:12 MTM=2549.00 Profit=0.39%
2026-07-16 15:19:13 INFO     strategy        PnL: 15:19:13 MTM=2569.00 Profit=0.40%
2026-07-16 15:19:14 INFO     strategy        PnL: 15:19:14 MTM=2560.00 Profit=0.39%
2026-07-16 15:19:15 INFO     strategy        PnL: 15:19:15 MTM=2561.00 Profit=0.39%
2026-07-16 15:19:16 INFO     strategy        PnL: 15:19:16 MTM=2553.00 Profit=0.39%
2026-07-16 15:19:17 INFO     strategy        PnL: 15:19:17 MTM=2520.00 Profit=0.39%
2026-07-16 15:19:18 INFO     strategy        PnL: 15:19:18 MTM=2521.00 Profit=0.39%
2026-07-16 15:19:19 INFO     strategy        PnL: 15:19:19 MTM=2523.00 Profit=0.39%
2026-07-16 15:19:20 INFO     strategy        PnL: 15:19:20 MTM=2548.00 Profit=0.39%
2026-07-16 15:19:21 INFO     strategy        PnL: 15:19:21 MTM=2548.00 Profit=0.39%
2026-07-16 15:19:22 INFO     strategy        PnL: 15:19:22 MTM=2541.00 Profit=0.39%
2026-07-16 15:19:23 INFO     strategy        PnL: 15:19:23 MTM=2538.00 Profit=0.39%
2026-07-16 15:19:24 INFO     strategy        PnL: 15:19:24 MTM=2527.00 Profit=0.39%
2026-07-16 15:19:25 INFO     strategy        PnL: 15:19:25 MTM=2508.00 Profit=0.39%
2026-07-16 15:19:26 INFO     strategy        PnL: 15:19:26 MTM=2532.00 Profit=0.39%
2026-07-16 15:19:27 INFO     strategy        PnL: 15:19:27 MTM=2521.00 Profit=0.39%
2026-07-16 15:19:28 INFO     strategy        PnL: 15:19:28 MTM=2530.00 Profit=0.39%
2026-07-16 15:19:29 INFO     strategy        PnL: 15:19:29 MTM=2542.00 Profit=0.39%
2026-07-16 15:19:30 INFO     strategy        PnL: 15:19:30 MTM=2539.00 Profit=0.39%
2026-07-16 15:19:31 INFO     strategy        PnL: 15:19:31 MTM=2576.00 Profit=0.40%
2026-07-16 15:19:32 INFO     strategy        PnL: 15:19:32 MTM=2582.00 Profit=0.40%
2026-07-16 15:19:33 INFO     strategy        PnL: 15:19:33 MTM=2579.00 Profit=0.40%
2026-07-16 15:19:34 INFO     strategy        PnL: 15:19:34 MTM=2577.00 Profit=0.40%
2026-07-16 15:19:35 INFO     strategy        PnL: 15:19:35 MTM=2572.00 Profit=0.40%
2026-07-16 15:19:36 INFO     strategy        PnL: 15:19:36 MTM=2579.00 Profit=0.40%
2026-07-16 15:19:37 INFO     strategy        PnL: 15:19:37 MTM=2568.00 Profit=0.40%
2026-07-16 15:19:38 INFO     strategy        PnL: 15:19:38 MTM=2568.00 Profit=0.40%
2026-07-16 15:19:39 INFO     strategy        PnL: 15:19:39 MTM=2577.00 Profit=0.40%
2026-07-16 15:19:40 INFO     strategy        PnL: 15:19:40 MTM=2576.00 Profit=0.40%
2026-07-16 15:19:41 INFO     strategy        PnL: 15:19:41 MTM=2564.00 Profit=0.40%
2026-07-16 15:19:42 INFO     strategy        PnL: 15:19:42 MTM=2572.00 Profit=0.40%
2026-07-16 15:19:43 INFO     strategy        PnL: 15:19:43 MTM=2574.00 Profit=0.40%
2026-07-16 15:19:44 INFO     strategy        PnL: 15:19:44 MTM=2563.00 Profit=0.40%
2026-07-16 15:19:45 INFO     strategy        PnL: 15:19:45 MTM=2563.00 Profit=0.40%
2026-07-16 15:19:46 INFO     strategy        PnL: 15:19:46 MTM=2554.00 Profit=0.39%
2026-07-16 15:19:47 INFO     strategy        PnL: 15:19:47 MTM=2557.00 Profit=0.39%
2026-07-16 15:19:48 INFO     strategy        PnL: 15:19:48 MTM=2556.00 Profit=0.39%
2026-07-16 15:19:49 INFO     strategy        PnL: 15:19:49 MTM=2558.00 Profit=0.39%
2026-07-16 15:19:50 INFO     strategy        PnL: 15:19:50 MTM=2553.00 Profit=0.39%
2026-07-16 15:19:51 INFO     strategy        PnL: 15:19:51 MTM=2557.00 Profit=0.39%
2026-07-16 15:19:52 INFO     strategy        PnL: 15:19:52 MTM=2558.00 Profit=0.39%
2026-07-16 15:19:53 INFO     strategy        PnL: 15:19:53 MTM=2544.00 Profit=0.39%
2026-07-16 15:19:54 INFO     strategy        PnL: 15:19:54 MTM=2543.00 Profit=0.39%
2026-07-16 15:19:55 INFO     strategy        PnL: 15:19:55 MTM=2538.00 Profit=0.39%
2026-07-16 15:19:56 INFO     strategy        PnL: 15:19:56 MTM=2521.00 Profit=0.39%
2026-07-16 15:19:57 INFO     strategy        PnL: 15:19:57 MTM=2520.00 Profit=0.39%
2026-07-16 15:19:58 INFO     strategy        PnL: 15:19:58 MTM=2531.00 Profit=0.39%
2026-07-16 15:19:59 INFO     strategy        PnL: 15:19:59 MTM=2515.00 Profit=0.39%
2026-07-16 15:20:00 INFO     strategy        PnL: 15:20:00 MTM=2510.00 Profit=0.39%
2026-07-16 15:20:01 INFO     strategy        PnL: 15:20:01 MTM=2495.00 Profit=0.38%
2026-07-16 15:20:02 INFO     strategy        PnL: 15:20:02 MTM=2498.00 Profit=0.39%
2026-07-16 15:20:03 INFO     strategy        PnL: 15:20:03 MTM=2497.00 Profit=0.38%
2026-07-16 15:20:04 INFO     strategy        PnL: 15:20:04 MTM=2481.00 Profit=0.38%
2026-07-16 15:20:05 INFO     strategy        PnL: 15:20:05 MTM=2490.00 Profit=0.38%
2026-07-16 15:20:06 INFO     strategy        PnL: 15:20:06 MTM=2491.00 Profit=0.38%
2026-07-16 15:20:07 INFO     strategy        PnL: 15:20:07 MTM=2484.00 Profit=0.38%
2026-07-16 15:20:08 INFO     strategy        PnL: 15:20:08 MTM=2468.00 Profit=0.38%
2026-07-16 15:20:09 INFO     strategy        PnL: 15:20:09 MTM=2450.00 Profit=0.38%
2026-07-16 15:20:10 INFO     strategy        PnL: 15:20:10 MTM=2452.00 Profit=0.38%
2026-07-16 15:20:11 INFO     strategy        PnL: 15:20:11 MTM=2481.00 Profit=0.38%
2026-07-16 15:20:12 INFO     strategy        PnL: 15:20:12 MTM=2460.00 Profit=0.38%
2026-07-16 15:20:13 INFO     strategy        PnL: 15:20:13 MTM=2470.00 Profit=0.38%
2026-07-16 15:20:14 INFO     strategy        PnL: 15:20:14 MTM=2496.00 Profit=0.38%
2026-07-16 15:20:15 INFO     strategy        PnL: 15:20:15 MTM=2517.00 Profit=0.39%
2026-07-16 15:20:16 INFO     strategy        PnL: 15:20:16 MTM=2540.00 Profit=0.39%
2026-07-16 15:20:17 INFO     strategy        PnL: 15:20:17 MTM=2503.00 Profit=0.39%
2026-07-16 15:20:18 INFO     strategy        PnL: 15:20:18 MTM=2502.00 Profit=0.39%
2026-07-16 15:20:19 INFO     strategy        PnL: 15:20:19 MTM=2514.00 Profit=0.39%
2026-07-16 15:20:20 INFO     strategy        PnL: 15:20:20 MTM=2520.00 Profit=0.39%
2026-07-16 15:20:21 INFO     strategy        PnL: 15:20:21 MTM=2505.00 Profit=0.39%
2026-07-16 15:20:22 INFO     strategy        PnL: 15:20:22 MTM=2514.00 Profit=0.39%
2026-07-16 15:20:23 INFO     strategy        PnL: 15:20:23 MTM=2528.00 Profit=0.39%
2026-07-16 15:20:24 INFO     strategy        PnL: 15:20:24 MTM=2534.00 Profit=0.39%
2026-07-16 15:20:26 INFO     strategy        PnL: 15:20:25 MTM=2525.00 Profit=0.39%
2026-07-16 15:20:27 INFO     strategy        PnL: 15:20:27 MTM=2530.00 Profit=0.39%
2026-07-16 15:20:28 INFO     strategy        PnL: 15:20:28 MTM=2526.00 Profit=0.39%
2026-07-16 15:20:29 INFO     strategy        PnL: 15:20:29 MTM=2507.00 Profit=0.39%
2026-07-16 15:20:30 INFO     strategy        PnL: 15:20:30 MTM=2519.00 Profit=0.39%
2026-07-16 15:20:31 INFO     strategy        PnL: 15:20:31 MTM=2503.00 Profit=0.39%
2026-07-16 15:20:32 INFO     strategy        PnL: 15:20:32 MTM=2503.00 Profit=0.39%
2026-07-16 15:20:33 INFO     strategy        PnL: 15:20:33 MTM=2517.00 Profit=0.39%
2026-07-16 15:20:34 INFO     strategy        PnL: 15:20:34 MTM=2526.00 Profit=0.39%
2026-07-16 15:20:35 INFO     strategy        PnL: 15:20:35 MTM=2532.00 Profit=0.39%
2026-07-16 15:20:36 INFO     strategy        PnL: 15:20:36 MTM=2532.00 Profit=0.39%
2026-07-16 15:20:37 INFO     strategy        PnL: 15:20:37 MTM=2525.00 Profit=0.39%
2026-07-16 15:20:38 INFO     strategy        PnL: 15:20:38 MTM=2529.00 Profit=0.39%
2026-07-16 15:20:39 INFO     strategy        PnL: 15:20:39 MTM=2543.00 Profit=0.39%
2026-07-16 15:20:40 INFO     strategy        PnL: 15:20:40 MTM=2538.00 Profit=0.39%
2026-07-16 15:20:41 INFO     strategy        PnL: 15:20:41 MTM=2541.00 Profit=0.39%
2026-07-16 15:20:42 INFO     strategy        PnL: 15:20:42 MTM=2538.00 Profit=0.39%
2026-07-16 15:20:43 INFO     strategy        PnL: 15:20:43 MTM=2541.00 Profit=0.39%
2026-07-16 15:20:44 INFO     strategy        PnL: 15:20:44 MTM=2563.00 Profit=0.40%
2026-07-16 15:20:45 INFO     strategy        PnL: 15:20:45 MTM=2573.00 Profit=0.40%
2026-07-16 15:20:46 INFO     strategy        PnL: 15:20:46 MTM=2578.00 Profit=0.40%
2026-07-16 15:20:47 INFO     strategy        PnL: 15:20:47 MTM=2567.00 Profit=0.40%
2026-07-16 15:20:48 INFO     strategy        PnL: 15:20:48 MTM=2554.00 Profit=0.39%
2026-07-16 15:20:49 INFO     strategy        PnL: 15:20:49 MTM=2557.00 Profit=0.39%
2026-07-16 15:20:50 INFO     strategy        PnL: 15:20:50 MTM=2538.00 Profit=0.39%
2026-07-16 15:20:51 INFO     strategy        PnL: 15:20:51 MTM=2550.00 Profit=0.39%
2026-07-16 15:20:52 INFO     strategy        PnL: 15:20:52 MTM=2542.00 Profit=0.39%
2026-07-16 15:20:53 INFO     strategy        PnL: 15:20:53 MTM=2544.00 Profit=0.39%
2026-07-16 15:20:54 INFO     strategy        PnL: 15:20:54 MTM=2533.00 Profit=0.39%
2026-07-16 15:20:55 INFO     strategy        PnL: 15:20:55 MTM=2548.00 Profit=0.39%
2026-07-16 15:20:56 INFO     strategy        PnL: 15:20:56 MTM=2548.00 Profit=0.39%
2026-07-16 15:20:57 INFO     strategy        PnL: 15:20:57 MTM=2564.00 Profit=0.40%
2026-07-16 15:20:58 INFO     strategy        PnL: 15:20:58 MTM=2571.00 Profit=0.40%
2026-07-16 15:20:59 INFO     strategy        PnL: 15:20:59 MTM=2575.00 Profit=0.40%
2026-07-16 15:21:00 INFO     strategy        PnL: 15:21:00 MTM=2597.00 Profit=0.40%
2026-07-16 15:21:01 INFO     strategy        PnL: 15:21:01 MTM=2595.00 Profit=0.40%
2026-07-16 15:21:02 INFO     strategy        PnL: 15:21:02 MTM=2573.00 Profit=0.40%
2026-07-16 15:21:03 INFO     strategy        PnL: 15:21:03 MTM=2592.00 Profit=0.40%
2026-07-16 15:21:04 INFO     strategy        PnL: 15:21:04 MTM=2585.00 Profit=0.40%
2026-07-16 15:21:05 INFO     strategy        PnL: 15:21:05 MTM=2601.00 Profit=0.40%
2026-07-16 15:21:06 INFO     strategy        PnL: 15:21:06 MTM=2576.00 Profit=0.40%
2026-07-16 15:21:07 INFO     strategy        PnL: 15:21:07 MTM=2579.00 Profit=0.40%
2026-07-16 15:21:08 INFO     strategy        PnL: 15:21:08 MTM=2565.00 Profit=0.40%
2026-07-16 15:21:09 INFO     strategy        PnL: 15:21:09 MTM=2569.00 Profit=0.40%
2026-07-16 15:21:10 INFO     strategy        PnL: 15:21:10 MTM=2577.00 Profit=0.40%
2026-07-16 15:21:11 INFO     strategy        PnL: 15:21:11 MTM=2604.00 Profit=0.40%
2026-07-16 15:21:12 INFO     strategy        PnL: 15:21:12 MTM=2576.00 Profit=0.40%
2026-07-16 15:21:13 INFO     strategy        PnL: 15:21:13 MTM=2567.00 Profit=0.40%
2026-07-16 15:21:14 INFO     strategy        PnL: 15:21:14 MTM=2567.00 Profit=0.40%
2026-07-16 15:21:15 INFO     strategy        PnL: 15:21:15 MTM=2561.00 Profit=0.39%
2026-07-16 15:21:16 INFO     strategy        PnL: 15:21:16 MTM=2555.00 Profit=0.39%
2026-07-16 15:21:17 INFO     strategy        PnL: 15:21:17 MTM=2557.00 Profit=0.39%
2026-07-16 15:21:18 INFO     strategy        PnL: 15:21:18 MTM=2591.00 Profit=0.40%
2026-07-16 15:21:19 INFO     strategy        PnL: 15:21:19 MTM=2577.00 Profit=0.40%
2026-07-16 15:21:20 INFO     strategy        PnL: 15:21:20 MTM=2592.00 Profit=0.40%
2026-07-16 15:21:21 INFO     strategy        PnL: 15:21:21 MTM=2622.00 Profit=0.40%
2026-07-16 15:21:22 INFO     strategy        PnL: 15:21:22 MTM=2622.00 Profit=0.40%
2026-07-16 15:21:23 INFO     strategy        PnL: 15:21:23 MTM=2630.00 Profit=0.41%
2026-07-16 15:21:24 INFO     strategy        PnL: 15:21:24 MTM=2633.00 Profit=0.41%
2026-07-16 15:21:25 INFO     strategy        PnL: 15:21:25 MTM=2620.00 Profit=0.40%
2026-07-16 15:21:26 INFO     strategy        PnL: 15:21:26 MTM=2644.00 Profit=0.41%
2026-07-16 15:21:27 INFO     strategy        PnL: 15:21:27 MTM=2639.00 Profit=0.41%
2026-07-16 15:21:28 INFO     strategy        PnL: 15:21:28 MTM=2652.00 Profit=0.41%
2026-07-16 15:21:29 INFO     strategy        PnL: 15:21:29 MTM=2632.00 Profit=0.41%
2026-07-16 15:21:30 INFO     strategy        PnL: 15:21:30 MTM=2633.00 Profit=0.41%
2026-07-16 15:21:31 INFO     strategy        PnL: 15:21:31 MTM=2629.00 Profit=0.41%
2026-07-16 15:21:32 INFO     strategy        PnL: 15:21:32 MTM=2604.00 Profit=0.40%
2026-07-16 15:21:33 INFO     strategy        PnL: 15:21:33 MTM=2620.00 Profit=0.40%
2026-07-16 15:21:34 INFO     strategy        PnL: 15:21:34 MTM=2657.00 Profit=0.41%
2026-07-16 15:21:35 INFO     strategy        PnL: 15:21:35 MTM=2644.00 Profit=0.41%
2026-07-16 15:21:36 INFO     strategy        PnL: 15:21:36 MTM=2654.00 Profit=0.41%
2026-07-16 15:21:37 INFO     strategy        PnL: 15:21:37 MTM=2732.00 Profit=0.42%
2026-07-16 15:21:38 INFO     strategy        PnL: 15:21:38 MTM=2729.00 Profit=0.42%
2026-07-16 15:21:39 INFO     strategy        PnL: 15:21:39 MTM=2707.00 Profit=0.42%
2026-07-16 15:21:40 INFO     strategy        PnL: 15:21:40 MTM=2698.00 Profit=0.42%
2026-07-16 15:21:41 INFO     strategy        PnL: 15:21:41 MTM=2702.00 Profit=0.42%
2026-07-16 15:21:42 INFO     strategy        PnL: 15:21:42 MTM=2701.00 Profit=0.42%
2026-07-16 15:21:43 INFO     strategy        PnL: 15:21:43 MTM=2707.00 Profit=0.42%
2026-07-16 15:21:44 INFO     strategy        PnL: 15:21:44 MTM=2702.00 Profit=0.42%
2026-07-16 15:21:45 INFO     strategy        PnL: 15:21:45 MTM=2704.00 Profit=0.42%
2026-07-16 15:21:46 INFO     strategy        PnL: 15:21:46 MTM=2726.00 Profit=0.42%
2026-07-16 15:21:47 INFO     strategy        PnL: 15:21:47 MTM=2738.00 Profit=0.42%
2026-07-16 15:21:48 INFO     strategy        PnL: 15:21:48 MTM=2766.00 Profit=0.43%
2026-07-16 15:21:49 INFO     strategy        PnL: 15:21:49 MTM=2763.00 Profit=0.43%
2026-07-16 15:21:50 INFO     strategy        PnL: 15:21:50 MTM=2776.00 Profit=0.43%
2026-07-16 15:21:51 INFO     strategy        PnL: 15:21:51 MTM=2766.00 Profit=0.43%
2026-07-16 15:21:52 INFO     strategy        PnL: 15:21:52 MTM=2776.00 Profit=0.43%
2026-07-16 15:21:53 INFO     strategy        PnL: 15:21:53 MTM=2755.00 Profit=0.42%
2026-07-16 15:21:54 INFO     strategy        PnL: 15:21:54 MTM=2750.00 Profit=0.42%
2026-07-16 15:21:55 INFO     strategy        PnL: 15:21:55 MTM=2765.00 Profit=0.43%
2026-07-16 15:21:56 INFO     strategy        PnL: 15:21:56 MTM=2752.00 Profit=0.42%
2026-07-16 15:21:57 INFO     strategy        PnL: 15:21:57 MTM=2728.00 Profit=0.42%
2026-07-16 15:21:58 INFO     strategy        PnL: 15:21:58 MTM=2728.00 Profit=0.42%
2026-07-16 15:21:59 INFO     strategy        PnL: 15:21:59 MTM=2721.00 Profit=0.42%
2026-07-16 15:22:00 INFO     strategy        PnL: 15:22:00 MTM=2721.00 Profit=0.42%
2026-07-16 15:22:01 INFO     strategy        PnL: 15:22:01 MTM=2732.00 Profit=0.42%
2026-07-16 15:22:02 INFO     strategy        PnL: 15:22:02 MTM=2745.00 Profit=0.42%
2026-07-16 15:22:03 INFO     strategy        PnL: 15:22:03 MTM=2708.00 Profit=0.42%
2026-07-16 15:22:04 INFO     strategy        PnL: 15:22:04 MTM=2717.00 Profit=0.42%
2026-07-16 15:22:05 INFO     strategy        PnL: 15:22:05 MTM=2730.00 Profit=0.42%
2026-07-16 15:22:06 INFO     strategy        PnL: 15:22:06 MTM=2734.00 Profit=0.42%
2026-07-16 15:22:07 INFO     strategy        PnL: 15:22:07 MTM=2747.00 Profit=0.42%
2026-07-16 15:22:09 INFO     strategy        PnL: 15:22:08 MTM=2731.00 Profit=0.42%
2026-07-16 15:22:10 INFO     strategy        PnL: 15:22:10 MTM=2735.00 Profit=0.42%
2026-07-16 15:22:11 INFO     strategy        PnL: 15:22:11 MTM=2738.00 Profit=0.42%
2026-07-16 15:22:12 INFO     strategy        PnL: 15:22:12 MTM=2743.00 Profit=0.42%
2026-07-16 15:22:13 INFO     strategy        PnL: 15:22:13 MTM=2747.00 Profit=0.42%
2026-07-16 15:22:14 INFO     strategy        PnL: 15:22:14 MTM=2762.00 Profit=0.43%
2026-07-16 15:22:15 INFO     strategy        PnL: 15:22:15 MTM=2740.00 Profit=0.42%
2026-07-16 15:22:16 INFO     strategy        PnL: 15:22:16 MTM=2743.00 Profit=0.42%
2026-07-16 15:22:17 INFO     strategy        PnL: 15:22:17 MTM=2725.00 Profit=0.42%
2026-07-16 15:22:18 INFO     strategy        PnL: 15:22:18 MTM=2721.00 Profit=0.42%
2026-07-16 15:22:19 INFO     strategy        PnL: 15:22:19 MTM=2730.00 Profit=0.42%
2026-07-16 15:22:20 INFO     strategy        PnL: 15:22:20 MTM=2732.00 Profit=0.42%
2026-07-16 15:22:21 INFO     strategy        PnL: 15:22:21 MTM=2719.00 Profit=0.42%
2026-07-16 15:22:22 INFO     strategy        PnL: 15:22:22 MTM=2722.00 Profit=0.42%
2026-07-16 15:22:23 INFO     strategy        PnL: 15:22:23 MTM=2722.00 Profit=0.42%
2026-07-16 15:22:24 INFO     strategy        PnL: 15:22:24 MTM=2724.00 Profit=0.42%
2026-07-16 15:22:25 INFO     strategy        PnL: 15:22:25 MTM=2715.00 Profit=0.42%
2026-07-16 15:22:26 INFO     strategy        PnL: 15:22:26 MTM=2704.00 Profit=0.42%
2026-07-16 15:22:27 INFO     strategy        PnL: 15:22:27 MTM=2724.00 Profit=0.42%
2026-07-16 15:22:28 INFO     strategy        PnL: 15:22:28 MTM=2758.00 Profit=0.43%
2026-07-16 15:22:29 INFO     strategy        PnL: 15:22:29 MTM=2756.00 Profit=0.42%
2026-07-16 15:22:30 INFO     strategy        PnL: 15:22:30 MTM=2734.00 Profit=0.42%
2026-07-16 15:22:31 INFO     strategy        PnL: 15:22:31 MTM=2717.00 Profit=0.42%
2026-07-16 15:22:32 INFO     strategy        PnL: 15:22:32 MTM=2724.00 Profit=0.42%
2026-07-16 15:22:33 INFO     strategy        PnL: 15:22:33 MTM=2732.00 Profit=0.42%
2026-07-16 15:22:34 INFO     strategy        PnL: 15:22:34 MTM=2710.00 Profit=0.42%
2026-07-16 15:22:35 INFO     strategy        PnL: 15:22:35 MTM=2725.00 Profit=0.42%
2026-07-16 15:22:36 INFO     strategy        PnL: 15:22:36 MTM=2715.00 Profit=0.42%
2026-07-16 15:22:37 INFO     strategy        PnL: 15:22:37 MTM=2747.00 Profit=0.42%
2026-07-16 15:22:38 INFO     strategy        PnL: 15:22:38 MTM=2737.00 Profit=0.42%
2026-07-16 15:22:39 INFO     strategy        PnL: 15:22:39 MTM=2741.00 Profit=0.42%
2026-07-16 15:22:40 INFO     strategy        PnL: 15:22:40 MTM=2748.00 Profit=0.42%
2026-07-16 15:22:41 INFO     strategy        PnL: 15:22:41 MTM=2748.00 Profit=0.42%
2026-07-16 15:22:42 INFO     strategy        PnL: 15:22:42 MTM=2753.00 Profit=0.42%
2026-07-16 15:22:43 INFO     strategy        PnL: 15:22:43 MTM=2739.00 Profit=0.42%
2026-07-16 15:22:44 INFO     strategy        PnL: 15:22:44 MTM=2739.00 Profit=0.42%
2026-07-16 15:22:45 INFO     strategy        PnL: 15:22:45 MTM=2767.00 Profit=0.43%
2026-07-16 15:22:46 INFO     strategy        PnL: 15:22:46 MTM=2769.00 Profit=0.43%
2026-07-16 15:22:47 INFO     strategy        PnL: 15:22:47 MTM=2773.00 Profit=0.43%
2026-07-16 15:22:48 INFO     strategy        PnL: 15:22:48 MTM=2767.00 Profit=0.43%
2026-07-16 15:22:49 INFO     strategy        PnL: 15:22:49 MTM=2777.00 Profit=0.43%
2026-07-16 15:22:50 INFO     strategy        PnL: 15:22:50 MTM=2784.00 Profit=0.43%
2026-07-16 15:22:51 INFO     strategy        PnL: 15:22:51 MTM=2764.00 Profit=0.43%
2026-07-16 15:22:52 INFO     strategy        PnL: 15:22:52 MTM=2780.00 Profit=0.43%
2026-07-16 15:22:53 INFO     strategy        PnL: 15:22:53 MTM=2781.00 Profit=0.43%
2026-07-16 15:22:54 INFO     strategy        PnL: 15:22:54 MTM=2794.00 Profit=0.43%
2026-07-16 15:22:55 INFO     strategy        PnL: 15:22:55 MTM=2814.00 Profit=0.43%
2026-07-16 15:22:56 INFO     strategy        PnL: 15:22:56 MTM=2829.00 Profit=0.44%
2026-07-16 15:22:57 INFO     strategy        PnL: 15:22:57 MTM=2840.00 Profit=0.44%
2026-07-16 15:22:58 INFO     strategy        PnL: 15:22:58 MTM=2851.00 Profit=0.44%
2026-07-16 15:22:59 INFO     strategy        PnL: 15:22:59 MTM=2865.00 Profit=0.44%
2026-07-16 15:23:00 INFO     strategy        PnL: 15:23:00 MTM=2867.00 Profit=0.44%
2026-07-16 15:23:01 INFO     strategy        PnL: 15:23:01 MTM=2861.00 Profit=0.44%
2026-07-16 15:23:02 INFO     strategy        PnL: 15:23:02 MTM=2860.00 Profit=0.44%
2026-07-16 15:23:03 INFO     strategy        PnL: 15:23:03 MTM=2877.00 Profit=0.44%
2026-07-16 15:23:04 INFO     strategy        PnL: 15:23:04 MTM=2857.00 Profit=0.44%
2026-07-16 15:23:05 INFO     strategy        PnL: 15:23:05 MTM=2863.00 Profit=0.44%
2026-07-16 15:23:06 INFO     strategy        PnL: 15:23:06 MTM=2863.00 Profit=0.44%
2026-07-16 15:23:07 INFO     strategy        PnL: 15:23:07 MTM=2863.00 Profit=0.44%
2026-07-16 15:23:08 INFO     strategy        PnL: 15:23:08 MTM=2856.00 Profit=0.44%
2026-07-16 15:23:09 INFO     strategy        PnL: 15:23:09 MTM=2817.00 Profit=0.43%
2026-07-16 15:23:10 INFO     strategy        PnL: 15:23:10 MTM=2811.00 Profit=0.43%
2026-07-16 15:23:11 INFO     strategy        PnL: 15:23:11 MTM=2805.00 Profit=0.43%
2026-07-16 15:23:12 INFO     strategy        PnL: 15:23:12 MTM=2793.00 Profit=0.43%
2026-07-16 15:23:13 INFO     strategy        PnL: 15:23:13 MTM=2811.00 Profit=0.43%
2026-07-16 15:23:14 INFO     strategy        PnL: 15:23:14 MTM=2815.00 Profit=0.43%
2026-07-16 15:23:15 INFO     strategy        PnL: 15:23:15 MTM=2839.00 Profit=0.44%
2026-07-16 15:23:16 INFO     strategy        PnL: 15:23:16 MTM=2849.00 Profit=0.44%
2026-07-16 15:23:17 INFO     strategy        PnL: 15:23:17 MTM=2842.00 Profit=0.44%
2026-07-16 15:23:18 INFO     strategy        PnL: 15:23:18 MTM=2837.00 Profit=0.44%
2026-07-16 15:23:19 INFO     strategy        PnL: 15:23:19 MTM=2856.00 Profit=0.44%
2026-07-16 15:23:20 INFO     strategy        PnL: 15:23:20 MTM=2866.00 Profit=0.44%
2026-07-16 15:23:21 INFO     strategy        PnL: 15:23:21 MTM=2917.00 Profit=0.45%
2026-07-16 15:23:22 INFO     strategy        PnL: 15:23:22 MTM=2912.00 Profit=0.45%
2026-07-16 15:23:23 INFO     strategy        PnL: 15:23:23 MTM=2935.00 Profit=0.45%
2026-07-16 15:23:24 INFO     strategy        PnL: 15:23:24 MTM=2935.00 Profit=0.45%
2026-07-16 15:23:25 INFO     strategy        PnL: 15:23:25 MTM=2951.00 Profit=0.45%
2026-07-16 15:23:26 INFO     strategy        PnL: 15:23:26 MTM=2945.00 Profit=0.45%
2026-07-16 15:23:27 INFO     strategy        PnL: 15:23:27 MTM=2949.00 Profit=0.45%
2026-07-16 15:23:28 INFO     strategy        PnL: 15:23:28 MTM=2951.00 Profit=0.45%
2026-07-16 15:23:29 INFO     strategy        PnL: 15:23:29 MTM=2956.00 Profit=0.46%
2026-07-16 15:23:30 INFO     strategy        PnL: 15:23:30 MTM=2960.00 Profit=0.46%
2026-07-16 15:23:31 INFO     strategy        PnL: 15:23:31 MTM=2971.00 Profit=0.46%
2026-07-16 15:23:32 INFO     strategy        PnL: 15:23:32 MTM=2988.00 Profit=0.46%
2026-07-16 15:23:33 INFO     strategy        PnL: 15:23:33 MTM=2962.00 Profit=0.46%
2026-07-16 15:23:34 INFO     strategy        PnL: 15:23:34 MTM=2977.00 Profit=0.46%
2026-07-16 15:23:35 INFO     strategy        PnL: 15:23:35 MTM=2943.00 Profit=0.45%
2026-07-16 15:23:36 INFO     strategy        PnL: 15:23:36 MTM=2910.00 Profit=0.45%
2026-07-16 15:23:37 INFO     strategy        PnL: 15:23:37 MTM=2918.00 Profit=0.45%
2026-07-16 15:23:38 INFO     strategy        PnL: 15:23:38 MTM=2942.00 Profit=0.45%
2026-07-16 15:23:39 INFO     strategy        PnL: 15:23:39 MTM=2936.00 Profit=0.45%
2026-07-16 15:23:40 INFO     strategy        PnL: 15:23:40 MTM=2953.00 Profit=0.46%
2026-07-16 15:23:41 INFO     strategy        PnL: 15:23:41 MTM=2942.00 Profit=0.45%
2026-07-16 15:23:42 INFO     strategy        PnL: 15:23:42 MTM=2950.00 Profit=0.45%
2026-07-16 15:23:43 INFO     strategy        PnL: 15:23:43 MTM=2947.00 Profit=0.45%
2026-07-16 15:23:44 INFO     strategy        PnL: 15:23:44 MTM=2944.00 Profit=0.45%
2026-07-16 15:23:45 INFO     strategy        PnL: 15:23:45 MTM=2944.00 Profit=0.45%
2026-07-16 15:23:46 INFO     strategy        PnL: 15:23:46 MTM=2969.00 Profit=0.46%
2026-07-16 15:23:47 INFO     strategy        PnL: 15:23:47 MTM=2975.00 Profit=0.46%
2026-07-16 15:23:48 INFO     strategy        PnL: 15:23:48 MTM=2974.00 Profit=0.46%
2026-07-16 15:23:50 INFO     strategy        PnL: 15:23:49 MTM=2989.00 Profit=0.46%
2026-07-16 15:23:51 INFO     strategy        PnL: 15:23:51 MTM=2998.00 Profit=0.46%
2026-07-16 15:23:52 INFO     strategy        PnL: 15:23:52 MTM=2992.00 Profit=0.46%
2026-07-16 15:23:53 INFO     strategy        PnL: 15:23:53 MTM=2982.00 Profit=0.46%
2026-07-16 15:23:54 INFO     strategy        PnL: 15:23:54 MTM=2988.00 Profit=0.46%
2026-07-16 15:23:55 INFO     strategy        PnL: 15:23:55 MTM=2991.00 Profit=0.46%
2026-07-16 15:23:56 INFO     strategy        PnL: 15:23:56 MTM=3029.00 Profit=0.47%
2026-07-16 15:23:57 INFO     strategy        PnL: 15:23:57 MTM=3013.00 Profit=0.46%
2026-07-16 15:23:58 INFO     strategy        PnL: 15:23:58 MTM=3009.00 Profit=0.46%
2026-07-16 15:23:59 INFO     strategy        PnL: 15:23:59 MTM=3017.00 Profit=0.47%
2026-07-16 15:24:00 INFO     strategy        PnL: 15:24:00 MTM=3048.00 Profit=0.47%
2026-07-16 15:24:01 INFO     strategy        PnL: 15:24:01 MTM=3035.00 Profit=0.47%
2026-07-16 15:24:02 INFO     strategy        PnL: 15:24:02 MTM=3009.00 Profit=0.46%
2026-07-16 15:24:03 INFO     strategy        PnL: 15:24:03 MTM=3021.00 Profit=0.47%
2026-07-16 15:24:04 INFO     strategy        PnL: 15:24:04 MTM=3035.00 Profit=0.47%
2026-07-16 15:24:05 INFO     strategy        PnL: 15:24:05 MTM=3065.00 Profit=0.47%
2026-07-16 15:24:06 INFO     strategy        PnL: 15:24:06 MTM=3074.00 Profit=0.47%
2026-07-16 15:24:07 INFO     strategy        PnL: 15:24:07 MTM=3111.00 Profit=0.48%
2026-07-16 15:24:08 INFO     strategy        PnL: 15:24:08 MTM=3099.00 Profit=0.48%
2026-07-16 15:24:09 INFO     strategy        PnL: 15:24:09 MTM=3117.00 Profit=0.48%
2026-07-16 15:24:10 INFO     strategy        PnL: 15:24:10 MTM=3163.00 Profit=0.49%
2026-07-16 15:24:11 INFO     strategy        PnL: 15:24:11 MTM=3171.00 Profit=0.49%
2026-07-16 15:24:12 INFO     strategy        PnL: 15:24:12 MTM=3168.00 Profit=0.49%
2026-07-16 15:24:13 INFO     strategy        PnL: 15:24:13 MTM=3195.00 Profit=0.49%
2026-07-16 15:24:14 INFO     strategy        PnL: 15:24:14 MTM=3229.00 Profit=0.50%
2026-07-16 15:24:15 INFO     strategy        PnL: 15:24:15 MTM=3201.00 Profit=0.49%
2026-07-16 15:24:16 INFO     strategy        PnL: 15:24:16 MTM=3153.00 Profit=0.49%
2026-07-16 15:24:17 INFO     strategy        PnL: 15:24:17 MTM=3121.00 Profit=0.48%
2026-07-16 15:24:18 INFO     strategy        PnL: 15:24:18 MTM=3135.00 Profit=0.48%
2026-07-16 15:24:19 INFO     strategy        PnL: 15:24:19 MTM=3156.00 Profit=0.49%
2026-07-16 15:24:20 INFO     strategy        PnL: 15:24:20 MTM=3168.00 Profit=0.49%
2026-07-16 15:24:21 INFO     strategy        PnL: 15:24:21 MTM=3124.00 Profit=0.48%
2026-07-16 15:24:22 INFO     strategy        PnL: 15:24:22 MTM=3093.00 Profit=0.48%
2026-07-16 15:24:23 INFO     strategy        PnL: 15:24:23 MTM=3087.00 Profit=0.48%
2026-07-16 15:24:24 INFO     strategy        PnL: 15:24:24 MTM=3110.00 Profit=0.48%
2026-07-16 15:24:25 INFO     strategy        PnL: 15:24:25 MTM=3106.00 Profit=0.48%
2026-07-16 15:24:26 INFO     strategy        PnL: 15:24:26 MTM=3098.00 Profit=0.48%
2026-07-16 15:24:27 INFO     strategy        PnL: 15:24:27 MTM=3093.00 Profit=0.48%
2026-07-16 15:24:28 INFO     strategy        PnL: 15:24:28 MTM=3106.00 Profit=0.48%
2026-07-16 15:24:29 INFO     strategy        PnL: 15:24:29 MTM=3094.00 Profit=0.48%
2026-07-16 15:24:30 INFO     strategy        PnL: 15:24:30 MTM=3085.00 Profit=0.48%
2026-07-16 15:24:31 INFO     strategy        PnL: 15:24:31 MTM=3085.00 Profit=0.48%
2026-07-16 15:24:32 INFO     strategy        PnL: 15:24:32 MTM=3100.00 Profit=0.48%
2026-07-16 15:24:33 INFO     strategy        PnL: 15:24:33 MTM=3098.00 Profit=0.48%
2026-07-16 15:24:34 INFO     strategy        PnL: 15:24:34 MTM=3107.00 Profit=0.48%
2026-07-16 15:24:35 INFO     strategy        PnL: 15:24:35 MTM=3102.00 Profit=0.48%
2026-07-16 15:24:36 INFO     strategy        PnL: 15:24:36 MTM=3137.00 Profit=0.48%
2026-07-16 15:24:37 INFO     strategy        PnL: 15:24:37 MTM=3138.00 Profit=0.48%
2026-07-16 15:24:38 INFO     strategy        PnL: 15:24:38 MTM=3170.00 Profit=0.49%
2026-07-16 15:24:39 INFO     strategy        PnL: 15:24:39 MTM=3154.00 Profit=0.49%
2026-07-16 15:24:40 INFO     strategy        PnL: 15:24:40 MTM=3203.00 Profit=0.49%
2026-07-16 15:24:41 INFO     strategy        PnL: 15:24:41 MTM=3175.00 Profit=0.49%
2026-07-16 15:24:42 INFO     strategy        PnL: 15:24:42 MTM=3168.00 Profit=0.49%
2026-07-16 15:24:43 INFO     strategy        PnL: 15:24:43 MTM=3164.00 Profit=0.49%
2026-07-16 15:24:44 INFO     strategy        PnL: 15:24:44 MTM=3162.00 Profit=0.49%
2026-07-16 15:24:45 INFO     strategy        PnL: 15:24:45 MTM=3183.00 Profit=0.49%
2026-07-16 15:24:46 INFO     strategy        PnL: 15:24:46 MTM=3199.00 Profit=0.49%
2026-07-16 15:24:47 INFO     strategy        PnL: 15:24:47 MTM=3201.00 Profit=0.49%
2026-07-16 15:24:48 INFO     strategy        PnL: 15:24:48 MTM=3195.00 Profit=0.49%
2026-07-16 15:24:49 INFO     strategy        PnL: 15:24:49 MTM=3226.00 Profit=0.50%
2026-07-16 15:24:50 INFO     strategy        PnL: 15:24:50 MTM=3240.00 Profit=0.50%
2026-07-16 15:24:51 INFO     strategy        PnL: 15:24:51 MTM=3225.00 Profit=0.50%
2026-07-16 15:24:52 INFO     strategy        PnL: 15:24:52 MTM=3206.00 Profit=0.49%
2026-07-16 15:24:53 INFO     strategy        PnL: 15:24:53 MTM=3209.00 Profit=0.49%
2026-07-16 15:24:54 INFO     strategy        PnL: 15:24:54 MTM=3230.00 Profit=0.50%
2026-07-16 15:24:55 INFO     strategy        PnL: 15:24:55 MTM=3225.00 Profit=0.50%
2026-07-16 15:24:56 INFO     strategy        PnL: 15:24:56 MTM=3228.00 Profit=0.50%
2026-07-16 15:24:57 INFO     strategy        PnL: 15:24:57 MTM=3213.00 Profit=0.50%
2026-07-16 15:24:58 INFO     strategy        PnL: 15:24:58 MTM=3209.00 Profit=0.49%
2026-07-16 15:24:59 INFO     strategy        PnL: 15:24:59 MTM=3224.00 Profit=0.50%
2026-07-16 15:25:00 INFO     strategy        PnL: 15:25:00 MTM=3230.00 Profit=0.50%
2026-07-16 15:25:01 INFO     strategy        PnL: 15:25:01 MTM=3245.00 Profit=0.50%
2026-07-16 15:25:02 INFO     strategy        PnL: 15:25:02 MTM=3253.00 Profit=0.50%
2026-07-16 15:25:03 INFO     strategy        PnL: 15:25:03 MTM=3243.00 Profit=0.50%
2026-07-16 15:25:04 INFO     strategy        PnL: 15:25:04 MTM=3225.00 Profit=0.50%
2026-07-16 15:25:05 INFO     strategy        PnL: 15:25:05 MTM=3250.00 Profit=0.50%
2026-07-16 15:25:06 INFO     strategy        PnL: 15:25:06 MTM=3240.00 Profit=0.50%
2026-07-16 15:25:07 INFO     strategy        PnL: 15:25:07 MTM=3239.00 Profit=0.50%
2026-07-16 15:25:08 INFO     strategy        PnL: 15:25:08 MTM=3237.00 Profit=0.50%
2026-07-16 15:25:09 INFO     strategy        PnL: 15:25:09 MTM=3223.00 Profit=0.50%
2026-07-16 15:25:10 INFO     strategy        PnL: 15:25:10 MTM=3238.00 Profit=0.50%
2026-07-16 15:25:11 INFO     strategy        PnL: 15:25:11 MTM=3240.00 Profit=0.50%
2026-07-16 15:25:12 INFO     strategy        PnL: 15:25:12 MTM=3235.00 Profit=0.50%
2026-07-16 15:25:13 INFO     strategy        PnL: 15:25:13 MTM=3262.00 Profit=0.50%
2026-07-16 15:25:14 INFO     strategy        PnL: 15:25:14 MTM=3258.00 Profit=0.50%
2026-07-16 15:25:15 INFO     strategy        PnL: 15:25:15 MTM=3252.00 Profit=0.50%
2026-07-16 15:25:17 INFO     strategy        PnL: 15:25:17 MTM=3249.00 Profit=0.50%
2026-07-16 15:25:18 INFO     strategy        PnL: 15:25:18 MTM=3235.00 Profit=0.50%
2026-07-16 15:25:19 INFO     strategy        PnL: 15:25:19 MTM=3231.00 Profit=0.50%
2026-07-16 15:25:20 INFO     strategy        PnL: 15:25:20 MTM=3218.00 Profit=0.50%
2026-07-16 15:25:21 INFO     strategy        PnL: 15:25:21 MTM=3222.00 Profit=0.50%
2026-07-16 15:25:22 INFO     strategy        PnL: 15:25:22 MTM=3228.00 Profit=0.50%
2026-07-16 15:25:23 INFO     strategy        PnL: 15:25:23 MTM=3235.00 Profit=0.50%
2026-07-16 15:25:24 INFO     strategy        PnL: 15:25:24 MTM=3244.00 Profit=0.50%
2026-07-16 15:25:25 INFO     strategy        PnL: 15:25:25 MTM=3246.00 Profit=0.50%
2026-07-16 15:25:26 INFO     strategy        PnL: 15:25:26 MTM=3264.00 Profit=0.50%
2026-07-16 15:25:27 INFO     strategy        PnL: 15:25:27 MTM=3236.00 Profit=0.50%
2026-07-16 15:25:28 INFO     strategy        PnL: 15:25:28 MTM=3245.00 Profit=0.50%
2026-07-16 15:25:29 INFO     strategy        PnL: 15:25:29 MTM=3252.00 Profit=0.50%
2026-07-16 15:25:30 INFO     strategy        PnL: 15:25:30 MTM=3265.00 Profit=0.50%
2026-07-16 15:25:31 INFO     strategy        PnL: 15:25:31 MTM=3287.00 Profit=0.51%
2026-07-16 15:25:32 INFO     strategy        PnL: 15:25:32 MTM=3286.00 Profit=0.51%
2026-07-16 15:25:33 INFO     strategy        PnL: 15:25:33 MTM=3286.00 Profit=0.51%
2026-07-16 15:25:34 INFO     strategy        PnL: 15:25:34 MTM=3306.00 Profit=0.51%
2026-07-16 15:25:35 INFO     strategy        PnL: 15:25:35 MTM=3269.00 Profit=0.50%
2026-07-16 15:25:36 INFO     strategy        PnL: 15:25:36 MTM=3301.00 Profit=0.51%
2026-07-16 15:25:37 INFO     strategy        PnL: 15:25:37 MTM=3298.00 Profit=0.51%
2026-07-16 15:25:38 INFO     strategy        PnL: 15:25:38 MTM=3284.00 Profit=0.51%
2026-07-16 15:25:39 INFO     strategy        PnL: 15:25:39 MTM=3300.00 Profit=0.51%
2026-07-16 15:25:40 INFO     strategy        PnL: 15:25:40 MTM=3303.00 Profit=0.51%
2026-07-16 15:25:41 INFO     strategy        PnL: 15:25:41 MTM=3303.00 Profit=0.51%
2026-07-16 15:25:42 INFO     strategy        PnL: 15:25:42 MTM=3301.00 Profit=0.51%
2026-07-16 15:25:43 INFO     strategy        PnL: 15:25:43 MTM=3329.00 Profit=0.51%
2026-07-16 15:25:44 INFO     strategy        PnL: 15:25:44 MTM=3358.00 Profit=0.52%
2026-07-16 15:25:45 INFO     strategy        PnL: 15:25:45 MTM=3336.00 Profit=0.51%
2026-07-16 15:25:46 INFO     strategy        PnL: 15:25:46 MTM=3369.00 Profit=0.52%
2026-07-16 15:25:47 INFO     strategy        PnL: 15:25:47 MTM=3376.00 Profit=0.52%
2026-07-16 15:25:48 INFO     strategy        PnL: 15:25:48 MTM=3413.00 Profit=0.53%
2026-07-16 15:25:49 INFO     strategy        PnL: 15:25:49 MTM=3379.00 Profit=0.52%
2026-07-16 15:25:50 INFO     strategy        PnL: 15:25:50 MTM=3385.00 Profit=0.52%
2026-07-16 15:25:51 INFO     strategy        PnL: 15:25:51 MTM=3394.00 Profit=0.52%
2026-07-16 15:25:52 INFO     strategy        PnL: 15:25:52 MTM=3437.00 Profit=0.53%
2026-07-16 15:25:53 INFO     strategy        PnL: 15:25:53 MTM=3467.00 Profit=0.53%
2026-07-16 15:25:54 INFO     strategy        PnL: 15:25:54 MTM=3485.00 Profit=0.54%
2026-07-16 15:25:55 INFO     strategy        PnL: 15:25:55 MTM=3511.00 Profit=0.54%
2026-07-16 15:25:56 INFO     strategy        PnL: 15:25:56 MTM=3511.00 Profit=0.54%
2026-07-16 15:25:57 INFO     strategy        PnL: 15:25:57 MTM=3547.00 Profit=0.55%
2026-07-16 15:25:58 INFO     strategy        PnL: 15:25:58 MTM=3543.00 Profit=0.55%
2026-07-16 15:25:59 INFO     strategy        PnL: 15:25:59 MTM=3574.00 Profit=0.55%
2026-07-16 15:26:00 INFO     strategy        PnL: 15:26:00 MTM=3588.00 Profit=0.55%
2026-07-16 15:26:01 INFO     strategy        PnL: 15:26:01 MTM=3613.00 Profit=0.56%
2026-07-16 15:26:02 INFO     strategy        PnL: 15:26:02 MTM=3608.00 Profit=0.56%
2026-07-16 15:26:03 INFO     strategy        PnL: 15:26:03 MTM=3595.00 Profit=0.55%
2026-07-16 15:26:04 INFO     strategy        PnL: 15:26:04 MTM=3546.00 Profit=0.55%
2026-07-16 15:26:05 INFO     strategy        PnL: 15:26:05 MTM=3430.00 Profit=0.53%
2026-07-16 15:26:06 INFO     strategy        PnL: 15:26:06 MTM=3442.00 Profit=0.53%
2026-07-16 15:26:07 INFO     strategy        PnL: 15:26:07 MTM=3472.00 Profit=0.54%
2026-07-16 15:26:08 INFO     strategy        PnL: 15:26:08 MTM=3508.00 Profit=0.54%
2026-07-16 15:26:09 INFO     strategy        PnL: 15:26:09 MTM=3476.00 Profit=0.54%
2026-07-16 15:26:10 INFO     strategy        PnL: 15:26:10 MTM=3445.00 Profit=0.53%
2026-07-16 15:26:11 INFO     strategy        PnL: 15:26:11 MTM=3453.00 Profit=0.53%
2026-07-16 15:26:12 INFO     strategy        PnL: 15:26:12 MTM=3483.00 Profit=0.54%
2026-07-16 15:26:13 INFO     strategy        PnL: 15:26:13 MTM=3469.00 Profit=0.53%
2026-07-16 15:26:14 INFO     strategy        PnL: 15:26:14 MTM=3525.00 Profit=0.54%
2026-07-16 15:26:15 INFO     strategy        PnL: 15:26:15 MTM=3503.00 Profit=0.54%
2026-07-16 15:26:16 INFO     strategy        PnL: 15:26:16 MTM=3486.00 Profit=0.54%
2026-07-16 15:26:17 INFO     strategy        PnL: 15:26:17 MTM=3488.00 Profit=0.54%
2026-07-16 15:26:18 INFO     strategy        PnL: 15:26:18 MTM=3491.00 Profit=0.54%
2026-07-16 15:26:19 INFO     strategy        PnL: 15:26:19 MTM=3520.00 Profit=0.54%
2026-07-16 15:26:20 INFO     strategy        PnL: 15:26:20 MTM=3502.00 Profit=0.54%
2026-07-16 15:26:21 INFO     strategy        PnL: 15:26:21 MTM=3499.00 Profit=0.54%
2026-07-16 15:26:22 INFO     strategy        PnL: 15:26:22 MTM=3529.00 Profit=0.54%
2026-07-16 15:26:23 INFO     strategy        PnL: 15:26:23 MTM=3526.00 Profit=0.54%
2026-07-16 15:26:24 INFO     strategy        PnL: 15:26:24 MTM=3519.00 Profit=0.54%
2026-07-16 15:26:25 INFO     strategy        PnL: 15:26:25 MTM=3522.00 Profit=0.54%
2026-07-16 15:26:26 INFO     strategy        PnL: 15:26:26 MTM=3492.00 Profit=0.54%
2026-07-16 15:26:27 INFO     strategy        PnL: 15:26:27 MTM=3488.00 Profit=0.54%
2026-07-16 15:26:28 INFO     strategy        PnL: 15:26:28 MTM=3491.00 Profit=0.54%
2026-07-16 15:26:29 INFO     strategy        PnL: 15:26:29 MTM=3481.00 Profit=0.54%
2026-07-16 15:26:30 INFO     strategy        PnL: 15:26:30 MTM=3489.00 Profit=0.54%
2026-07-16 15:26:31 INFO     strategy        PnL: 15:26:31 MTM=3508.00 Profit=0.54%
2026-07-16 15:26:32 INFO     strategy        PnL: 15:26:32 MTM=3500.00 Profit=0.54%
2026-07-16 15:26:33 INFO     strategy        PnL: 15:26:33 MTM=3473.00 Profit=0.54%
2026-07-16 15:26:34 INFO     strategy        PnL: 15:26:34 MTM=3476.00 Profit=0.54%
2026-07-16 15:26:35 INFO     strategy        PnL: 15:26:35 MTM=3450.00 Profit=0.53%
2026-07-16 15:26:36 INFO     strategy        PnL: 15:26:36 MTM=3452.00 Profit=0.53%
2026-07-16 15:26:37 INFO     strategy        PnL: 15:26:37 MTM=3453.00 Profit=0.53%
2026-07-16 15:26:38 INFO     strategy        PnL: 15:26:38 MTM=3449.00 Profit=0.53%
2026-07-16 15:26:39 INFO     strategy        PnL: 15:26:39 MTM=3444.00 Profit=0.53%
2026-07-16 15:26:40 INFO     strategy        PnL: 15:26:40 MTM=3469.00 Profit=0.53%
2026-07-16 15:26:41 INFO     strategy        PnL: 15:26:41 MTM=3469.00 Profit=0.53%
2026-07-16 15:26:42 INFO     strategy        PnL: 15:26:42 MTM=3431.00 Profit=0.53%
2026-07-16 15:26:43 INFO     strategy        PnL: 15:26:43 MTM=3417.00 Profit=0.53%
2026-07-16 15:26:44 INFO     strategy        PnL: 15:26:44 MTM=3411.00 Profit=0.53%
2026-07-16 15:26:45 INFO     strategy        PnL: 15:26:45 MTM=3411.00 Profit=0.53%
2026-07-16 15:26:46 INFO     strategy        PnL: 15:26:46 MTM=3402.00 Profit=0.52%
2026-07-16 15:26:48 INFO     strategy        PnL: 15:26:48 MTM=3401.00 Profit=0.52%
2026-07-16 15:26:49 INFO     strategy        PnL: 15:26:48 MTM=3398.00 Profit=0.52%
2026-07-16 15:26:50 INFO     strategy        PnL: 15:26:50 MTM=3411.00 Profit=0.53%
2026-07-16 15:26:51 INFO     strategy        PnL: 15:26:51 MTM=3441.00 Profit=0.53%
2026-07-16 15:26:52 INFO     strategy        PnL: 15:26:52 MTM=3453.00 Profit=0.53%
2026-07-16 15:26:53 INFO     strategy        PnL: 15:26:53 MTM=3446.00 Profit=0.53%
2026-07-16 15:26:54 INFO     strategy        PnL: 15:26:54 MTM=3431.00 Profit=0.53%
2026-07-16 15:26:55 INFO     strategy        PnL: 15:26:55 MTM=3449.00 Profit=0.53%
2026-07-16 15:26:56 INFO     strategy        PnL: 15:26:56 MTM=3450.00 Profit=0.53%
2026-07-16 15:26:57 INFO     strategy        PnL: 15:26:57 MTM=3450.00 Profit=0.53%
2026-07-16 15:26:58 INFO     strategy        PnL: 15:26:58 MTM=3425.00 Profit=0.53%
2026-07-16 15:26:59 INFO     strategy        PnL: 15:26:59 MTM=3430.00 Profit=0.53%
2026-07-16 15:27:00 INFO     strategy        Scheduled exit at 15:27:00
2026-07-16 15:27:00 INFO     strategy        Exit completed: reason=SCHEDULED_EXIT final_mtm=3420.00
2026-07-16 15:27:00 INFO     strategy        Session finalized: PnL=3420.00 reason=SCHEDULED_EXIT
